network_name,target_label,target_size,b,b_percentage,p,realization,ECS,M1,M2,elapsed_time_sec
Wiki,1,169,0,0,,0,0.458880160791868,0.005099439061703213,0.27906976744186046,
Wiki,1,169,0,0,,0,0.4411199776879301,0.004032258064516129,0.22584973166368516,
Wiki,1,169,0,0,,0,0.41526683613929544,0.005731922398589065,0.2947227191413238,
Wiki,1,169,0,0,,0,0.4140784715332834,0.005489864864864865,0.2983005366726297,
Wiki,1,169,0,0,,0,0.4139782099316444,0.00763807285546416,0.30635062611806796,
Wiki,1,169,4,0.01,0.5,1,0.42840577458991713,0.005405405405405406,0.2584973166368515,1.3803553581237793
Wiki,1,169,4,0.01,0.5,2,0.43477421693982254,0.009009009009009009,0.3671735241502683,1.2975313663482666
Wiki,1,169,4,0.01,0.5,3,0.3925029701216022,0.00827357970215113,0.41010733452593917,1.3016119003295898
Wiki,1,169,4,0.01,0.5,4,0.4234953863908043,0.0042847725774555045,0.3407871198568873,1.4056313037872314
Wiki,1,169,4,0.01,0.5,5,0.39234968669342524,0.005405405405405406,0.287567084078712,1.261744737625122
Wiki,1,169,19,0.05,0.5,1,0.4141407174443693,0.007170435741864313,0.3443649373881932,1.2645277976989746
Wiki,1,169,19,0.05,0.5,2,0.4583491840261871,0.0055534987041836355,0.3430232558139535,1.2743425369262695
Wiki,1,169,19,0.05,0.5,3,0.4423074158437164,0.0054466230936819175,0.2620751341681574,1.3881864547729492
Wiki,1,169,19,0.05,0.5,4,0.46011126583485756,0.009009009009009009,0.33094812164579607,1.264218807220459
Wiki,1,169,19,0.05,0.5,5,0.41884720710901974,0.004580852038479157,0.27549194991055453,1.264129638671875
Wiki,1,169,38,0.1,0.5,1,0.4240287807537778,0.0085995085995086,0.3618067978533095,1.3813085556030273
Wiki,1,169,38,0.1,0.5,2,0.44739818621246186,0.007371007371007371,0.4016100178890877,1.2684481143951416
Wiki,1,169,38,0.1,0.5,3,0.4547556002205248,0.007276507276507277,0.39311270125223613,1.2635760307312012
Wiki,1,169,38,0.1,0.5,4,0.42226190323414764,0.0055534987041836355,0.36985688729874777,1.2710320949554443
Wiki,1,169,38,0.1,0.5,5,0.43521748837906943,0.003861003861003861,0.26833631484794274,1.386974811553955
Wiki,1,169,57,0.15,0.5,1,0.43593308326692864,0.00563063063063063,0.33989266547406083,1.2643744945526123
Wiki,1,169,57,0.15,0.5,2,0.38150547284166525,0.011056511056511056,0.5067084078711985,1.2636528015136719
Wiki,1,169,57,0.15,0.5,3,0.38470211424168727,0.007532956685499058,0.4807692307692308,1.3854305744171143
Wiki,1,169,57,0.15,0.5,4,0.39543369078142165,0.006462984723854289,0.23837209302325582,1.2675087451934814
Wiki,1,169,57,0.15,0.5,5,0.45568565443346354,0.007455731593662628,0.3747763864042934,1.3003547191619873
Wiki,1,169,76,0.2,0.5,1,0.41751420394404737,0.007329363261566651,0.4673524150268336,1.2677230834960938
Wiki,1,169,76,0.2,0.5,2,0.4402124745482908,0.010939510939510939,0.43917710196779963,1.3921940326690674
Wiki,1,169,76,0.2,0.5,3,0.41747407197148195,0.016516516516516516,0.5948121645796064,1.2667481899261475
Wiki,1,169,76,0.2,0.5,4,0.42542965274345007,0.01241782322863404,0.45304114490161,1.2692160606384277
Wiki,1,169,76,0.2,0.5,5,0.4415720871130707,0.011583011583011582,0.3492844364937388,1.3882782459259033
Wiki,1,169,95,0.25,0.5,1,0.43946986574623215,0.01126126126126126,0.5451699463327371,1.2701053619384766
Wiki,1,169,95,0.25,0.5,2,0.417093614058032,0.012612612612612612,0.5008944543828264,1.2716071605682373
Wiki,1,169,95,0.25,0.5,3,0.4549489456310352,0.0063813813813813815,0.40026833631484793,1.2680485248565674
Wiki,1,169,95,0.25,0.5,4,0.4456606209573649,0.010698198198198198,0.48255813953488375,1.3951895236968994
Wiki,1,169,95,0.25,0.5,5,0.43213663449433415,0.013513513513513514,0.5250447227191414,1.2712302207946777
Wiki,1,169,114,0.3,0.5,1,0.4215857029344355,0.00858000858000858,0.528175313059034,1.2691540718078613
Wiki,1,169,114,0.3,0.5,2,0.43105063963756884,0.013513513513513514,0.5402504472271914,1.3844192028045654
Wiki,1,169,114,0.3,0.5,3,0.39533181063078826,0.00922874093605801,0.36359570661896246,1.2765123844146729
Wiki,1,169,114,0.3,0.5,4,0.407750852115323,0.01,0.5326475849731663,1.269878625869751
Wiki,1,169,114,0.3,0.5,5,0.45430996152656145,0.007722007722007722,0.4669051878354204,1.2699735164642334
Wiki,1,169,133,0.35,0.5,1,0.4729160664411809,0.010939510939510939,0.4655635062611807,1.3967373371124268
Wiki,1,169,133,0.35,0.5,2,0.4286748559935105,0.012972972972972972,0.6668157423971377,1.2673559188842773
Wiki,1,169,133,0.35,0.5,3,0.4177153995536956,0.014264264264264264,0.4740608228980322,1.2669439315795898
Wiki,1,169,133,0.35,0.5,4,0.4173803447288314,0.0047789725209080045,0.4490161001788909,1.3850417137145996
Wiki,1,169,133,0.35,0.5,5,0.43760794012212123,0.011627906976744186,0.4646690518783542,1.2663919925689697
Wiki,1,169,152,0.4,0.5,1,0.44705931262500537,0.011824324324324325,0.5147584973166368,1.273176908493042
Wiki,1,169,152,0.4,0.5,2,0.4521545770136835,0.01386001386001386,0.5344364937388193,1.2657673358917236
Wiki,1,169,152,0.4,0.5,3,0.40475807897389837,0.02364864864864865,0.5362254025044723,1.4155855178833008
Wiki,1,169,152,0.4,0.5,4,0.4344233097262319,0.00850850850850851,0.436046511627907,1.263972282409668
Wiki,1,169,152,0.4,0.5,5,0.4339621611415997,0.008445945945945946,0.5849731663685152,1.2689459323883057
Wiki,1,169,171,0.45,0.5,1,0.3952935586874638,0.00945945945945946,0.6086762075134168,1.3856477737426758
Wiki,1,169,171,0.45,0.5,2,0.46455332507811675,0.012837837837837839,0.526386404293381,1.2737815380096436
Wiki,1,169,171,0.45,0.5,3,0.43959629461246597,0.010198878123406425,0.5237030411449016,1.2673757076263428
Wiki,1,169,171,0.45,0.5,4,0.4106746466444158,0.019656019656019656,0.6377459749552773,1.268573522567749
Wiki,1,169,171,0.45,0.5,5,0.40646375439921656,0.010442260442260442,0.44633273703041143,1.3919148445129395
Wiki,1,169,190,0.5,0.5,1,0.4119228513092056,0.010431484115694643,0.5836314847942755,1.2679779529571533
Wiki,1,169,190,0.5,0.5,2,0.45803878390879704,0.01876876876876877,0.6779964221824687,1.2661786079406738
Wiki,1,169,190,0.5,0.5,3,0.4560444898236837,0.013513513513513514,0.65608228980322,1.3909902572631836
Wiki,1,169,190,0.5,0.5,4,0.36105062926365505,0.01386001386001386,0.5250447227191414,1.2694728374481201
Wiki,1,169,190,0.5,0.5,5,0.4319840193647638,0.009867009867009866,0.6082289803220036,1.2685410976409912
Wiki,1,169,208,0.55,0.5,1,0.392599089540448,0.014800514800514801,0.6127012522361359,1.2701506614685059
Wiki,1,169,208,0.55,0.5,2,0.39463701078431757,0.02702702702702703,0.5617173524150268,1.3911056518554688
Wiki,1,169,208,0.55,0.5,3,0.440175975157623,0.00990990990990991,0.5594812164579607,1.2664690017700195
Wiki,1,169,208,0.55,0.5,4,0.41650498766458766,0.017531044558071585,0.695438282647585,1.267448902130127
Wiki,1,169,208,0.55,0.5,5,0.427998884888633,0.011128775834658187,0.5465116279069767,1.3827602863311768
Wiki,1,169,227,0.6,0.5,1,0.41056455344390186,0.018837018837018837,0.6332737030411449,1.2720980644226074
Wiki,1,169,227,0.6,0.5,2,0.3868058256722182,0.012012012012012012,0.5505366726296959,1.2705936431884766
Wiki,1,169,227,0.6,0.5,3,0.4110789464063958,0.016693163751987282,0.5997316636851521,1.268395185470581
Wiki,1,169,227,0.6,0.5,4,0.4099926424834878,0.015015015015015015,0.6739713774597496,1.3934299945831299
Wiki,1,169,227,0.6,0.5,5,0.39439319167358067,0.02195945945945946,0.6234347048300537,1.2677726745605469
Wiki,1,169,246,0.65,0.5,1,0.4239054773937451,0.018790849673202614,0.6502683363148479,1.2986030578613281
Wiki,1,169,246,0.65,0.5,2,0.4239158353482796,0.008471157724889069,0.5800536672629696,1.384779453277588
Wiki,1,169,246,0.65,0.5,3,0.4462575490431204,0.01589825119236884,0.5845259391771019,1.270787000656128
Wiki,1,169,246,0.65,0.5,4,0.41310834617943865,0.026155187445510025,0.7665474060822898,1.2678394317626953
Wiki,1,169,246,0.65,0.5,5,0.41150984600656815,0.01645123384253819,0.7052772808586762,1.2706596851348877
Wiki,1,169,265,0.7,0.5,1,0.39943590858204775,0.021621621621621623,0.7728085867620751,1.3937416076660156
Wiki,1,169,265,0.7,0.5,2,0.41726592350151054,0.015765765765765764,0.5518783542039356,1.2664432525634766
Wiki,1,169,265,0.7,0.5,3,0.42202373245799973,0.007882882882882882,0.5746869409660107,1.2695465087890625
Wiki,1,169,265,0.7,0.5,4,0.45687523648444417,0.017325017325017324,0.6829159212880143,1.3880641460418701
Wiki,1,169,265,0.7,0.5,5,0.3726014451820408,0.027958993476234855,0.8524150268336315,1.2702608108520508
Wiki,1,169,284,0.75,0.5,1,0.4292368725549659,0.02084942084942085,0.6918604651162791,1.272233247756958
Wiki,1,169,284,0.75,0.5,2,0.40781712477755366,0.012222222222222223,0.554561717352415,1.3940579891204834
Wiki,1,169,284,0.75,0.5,3,0.4287667214766078,0.015615615615615615,0.7441860465116279,1.2731566429138184
Wiki,1,169,284,0.75,0.5,4,0.4318198906396629,0.016516516516516516,0.5500894454382826,1.2699434757232666
Wiki,1,169,284,0.75,0.5,5,0.4708754408155615,0.016937669376693765,0.6864937388193202,1.2652146816253662
Wiki,1,169,303,0.8,0.5,1,0.4725361719842035,0.014906832298136646,0.7204830053667263,1.387552261352539
Wiki,1,169,303,0.8,0.5,2,0.439979671754474,0.017267267267267267,0.648479427549195,1.2724018096923828
Wiki,1,169,303,0.8,0.5,3,0.44116551905921797,0.014800514800514801,0.6113595706618963,1.2694807052612305
Wiki,1,169,303,0.8,0.5,4,0.3977206221336488,0.02027027027027027,0.7110912343470484,1.3916149139404297
Wiki,1,169,303,0.8,0.5,5,0.4194157685029563,0.02084942084942085,0.7128801431127012,1.275268793106079
Wiki,1,169,322,0.85,0.5,1,0.3952629079654963,0.018018018018018018,0.6636851520572451,1.268202304840088
Wiki,1,169,322,0.85,0.5,2,0.3997399414932882,0.014775413711583925,0.6587656529516994,1.2672908306121826
Wiki,1,169,322,0.85,0.5,3,0.441016220202725,0.01571338780641106,0.6592128801431127,1.3929626941680908
Wiki,1,169,322,0.85,0.5,4,0.40970639755212,0.013513513513513514,0.5863148479427549,1.282128095626831
Wiki,1,169,322,0.85,0.5,5,0.41334982061351283,0.018018018018018018,0.7647584973166368,1.2674651145935059
Wiki,1,169,341,0.9,0.5,1,0.4157402400916922,0.016584766584766583,0.7392665474060823,1.3954784870147705
Wiki,1,169,341,0.9,0.5,2,0.4058313291426656,0.020077220077220077,0.6520572450805009,1.2750976085662842
Wiki,1,169,341,0.9,0.5,3,0.3992151279958212,0.025096525096525095,0.7075134168157424,1.2686233520507812
Wiki,1,169,341,0.9,0.5,4,0.45770042499434554,0.01483836777954425,0.740608228980322,1.267892837524414
Wiki,1,169,341,0.9,0.5,5,0.3922449373989769,0.01987281399046105,0.6717352415026834,1.371321678161621
Wiki,1,169,360,0.95,0.5,1,0.38445419642928996,0.026061776061776062,0.6940966010733453,1.2484354972839355
Wiki,1,169,360,0.95,0.5,2,0.4107174285059091,0.023809523809523808,0.6650268336314848,1.2444288730621338
Wiki,1,169,360,0.95,0.5,3,0.40014140277924537,0.01759899434318039,0.7540250447227191,1.3687939643859863
Wiki,1,169,360,0.95,0.5,4,0.38861076219511675,0.020475020475020474,0.6569767441860465,1.2517263889312744
Wiki,1,169,360,0.95,0.5,5,0.4564627932480491,0.02195945945945946,0.7021466905187835,1.2415754795074463
Wiki,1,169,379,1,0.5,1,0.394765871373619,0.021043771043771045,0.684257602862254,1.244671106338501
Wiki,1,169,379,1,0.5,2,0.43841487651118005,0.03861003861003861,0.8443649373881932,1.3682971000671387
Wiki,1,169,379,1,0.5,3,0.4230879583977945,0.021021021021021023,0.7634168157423972,1.246739149093628
Wiki,1,169,379,1,0.5,4,0.4322990235512151,0.01527614571092832,0.7602862254025045,1.245835542678833
Wiki,1,169,379,1,0.5,5,0.43218794799425375,0.01911667765326302,0.7289803220035778,1.3725628852844238
Wiki,2,78,0,0,,0,0.46872652272766063,0.0007309941520467836,0.061452513966480445,
Wiki,2,78,0,0,,0,0.3763755513995663,0.001081081081081081,0.0782122905027933,
Wiki,2,78,0,0,,0,0.39608076542428955,0.00035561877667140827,0.019767941555651054,
Wiki,2,78,0,0,,0,0.4466965865318664,0.0003654970760233918,0.024924795874516546,
Wiki,2,78,0,0,,0,0.4179568536655758,0.0018768768768768769,0.11173184357541899,
Wiki,2,78,5,0.01,0.5,1,0.4468743262989775,0.0007304601899196494,0.05027932960893855,1.246861457824707
Wiki,2,78,5,0.01,0.5,2,0.4480333305445917,0.001480932987782303,0.12333476579286635,1.2430157661437988
Wiki,2,78,5,0.01,0.5,3,0.4267234847396557,0.0007716049382716049,0.04641168886978943,1.3524296283721924
Wiki,2,78,5,0.01,0.5,4,0.43051073547959123,0.0,0.00730554361839278,1.287752628326416
Wiki,2,78,5,0.01,0.5,5,0.4638107627973616,0.00036036036036036037,0.021486892995272882,1.2491858005523682
Wiki,2,78,26,0.05,0.5,1,0.41491384185009333,0.0011106997408367272,0.09325311559948432,1.2405104637145996
Wiki,2,78,26,0.05,0.5,2,0.42229409945451707,0.001081081081081081,0.05801461108723679,1.3663597106933594
Wiki,2,78,26,0.05,0.5,3,0.40398412583036136,0.002162162162162162,0.10485603781693167,1.2429075241088867
Wiki,2,78,26,0.05,0.5,4,0.4226085397458559,0.0007722007722007722,0.06489041684572411,1.2433791160583496
Wiki,2,78,26,0.05,0.5,5,0.42224050854856027,0.0007404664938911515,0.06274172754619682,1.366304636001587
Wiki,2,78,52,0.1,0.5,1,0.3925103306800165,0.0026367831245880024,0.10442629995702621,1.245283842086792
Wiki,2,78,52,0.1,0.5,2,0.3988513300122962,0.0016632016632016633,0.10442629995702621,1.2468268871307373
Wiki,2,78,52,0.1,0.5,3,0.40192368203583084,0.0024024024024024023,0.10829394069617533,1.2446956634521484
Wiki,2,78,52,0.1,0.5,4,0.4446212601361939,0.001001001001001001,0.05672539750752041,1.3753135204315186
Wiki,2,78,52,0.1,0.5,5,0.4467920156002182,0.0019305019305019305,0.12978083369144822,1.2442245483398438
Wiki,2,78,77,0.15,0.5,1,0.4108742935939364,0.0011750881316098707,0.0975504941985389,1.243272066116333
Wiki,2,78,77,0.15,0.5,2,0.42439228794981937,0.001081081081081081,0.08336914482165879,1.3652265071868896
Wiki,2,78,77,0.15,0.5,3,0.4469369514871946,0.001610305958132045,0.10012892135797163,1.2457265853881836
Wiki,2,78,77,0.15,0.5,4,0.39218927831302547,0.0022522522522522522,0.11173184357541899,1.2474758625030518
Wiki,2,78,77,0.15,0.5,5,0.45191499669563273,0.0011583011583011582,0.08079071766222604,1.245774269104004
Wiki,2,78,103,0.2,0.5,1,0.431056604736805,0.002016942315449778,0.14825956166738288,1.39353346824646
Wiki,2,78,103,0.2,0.5,2,0.4518514919327549,0.0036036036036036037,0.1796304254404813,1.262984275817871
Wiki,2,78,103,0.2,0.5,3,0.44144935399718876,0.002574002574002574,0.14911903738719381,1.2614514827728271
Wiki,2,78,103,0.2,0.5,4,0.44017797309031736,0.001987281399046105,0.13450795015040826,1.3918955326080322
Wiki,2,78,103,0.2,0.5,5,0.4282315998770099,0.0035035035035035035,0.172754619681994,1.2656736373901367
Wiki,2,78,129,0.25,0.5,1,0.4242066331507077,0.003771213073538655,0.17447357112161582,1.2634308338165283
Wiki,2,78,129,0.25,0.5,2,0.45019361413725256,0.0028594771241830064,0.19853889127632143,1.2739012241363525
Wiki,2,78,129,0.25,0.5,3,0.39843482545398556,0.002955082742316785,0.16759776536312848,1.383521318435669
Wiki,2,78,129,0.25,0.5,4,0.4347256381807217,0.0016135538523598225,0.0923936398796734,1.270444631576538
Wiki,2,78,129,0.25,0.5,5,0.4387020240183318,0.0019584802193497847,0.11903738719381178,1.265928030014038
Wiki,2,78,155,0.3,0.5,1,0.4313338435817086,0.0028665028665028664,0.20326600773528147,1.2646636962890625
Wiki,2,78,155,0.3,0.5,2,0.40348497318931653,0.004267425320056899,0.17533304684142673,1.3915221691131592
Wiki,2,78,155,0.3,0.5,3,0.4292302852504865,0.0043859649122807015,0.18006016330038677,1.2644715309143066
Wiki,2,78,155,0.3,0.5,4,0.38647136356648343,0.002079002079002079,0.10270734851740439,1.2659003734588623
Wiki,2,78,155,0.3,0.5,5,0.4349727777690916,0.002179598953792502,0.13149978513107005,1.3821134567260742
Wiki,2,78,181,0.35,0.5,1,0.4666565611185917,0.003125,0.17920068758057586,1.267979621887207
Wiki,2,78,181,0.35,0.5,2,0.3995094349277959,0.005405405405405406,0.17232488182208852,1.2660272121429443
Wiki,2,78,181,0.35,0.5,3,0.4612115569377128,0.0026155187445510027,0.1684572410829394,1.2621877193450928
Wiki,2,78,181,0.35,0.5,4,0.3938111034617722,0.0052310374891020054,0.16201117318435754,1.3920717239379883
Wiki,2,78,181,0.35,0.5,5,0.4159661656376921,0.003800675675675676,0.2617103566824237,1.2624800205230713
Wiki,2,78,206,0.4,0.5,1,0.4083600941778243,0.006900517538815411,0.3068328319724968,1.265110731124878
Wiki,2,78,206,0.4,0.5,2,0.4313688977319513,0.003051438535309503,0.20068758057584873,1.3818299770355225
Wiki,2,78,206,0.4,0.5,3,0.40005675222118686,0.0025497195308516064,0.12505371723248818,1.270348072052002
Wiki,2,78,206,0.4,0.5,4,0.4372185181733747,0.002002002002002002,0.11087236785560808,1.2644078731536865
Wiki,2,78,206,0.4,0.5,5,0.4278415206610279,0.0036036036036036037,0.20369574559518694,1.2648277282714844
Wiki,2,78,232,0.45,0.5,1,0.392518621605094,0.009290540540540541,0.3111302105715514,1.3898274898529053
Wiki,2,78,232,0.45,0.5,2,0.43049798163612796,0.005791505791505791,0.22604211431027074,1.265831708908081
Wiki,2,78,232,0.45,0.5,3,0.4452318754795016,0.004222972972972973,0.2660077352814783,1.2618513107299805
Wiki,2,78,232,0.45,0.5,4,0.40723488481403775,0.0034502587694077054,0.14954877524709928,1.3851258754730225
Wiki,2,78,232,0.45,0.5,5,0.4084503020077278,0.008108108108108109,0.2943704340352385,1.2861747741699219
Wiki,2,78,258,0.5,0.5,1,0.39212009286973726,0.0036646816307833257,0.2324881822088526,1.2651803493499756
Wiki,2,78,258,0.5,0.5,2,0.41037827074158667,0.0042395336512983575,0.2019767941555651,1.264711618423462
Wiki,2,78,258,0.5,0.5,3,0.4179760227327673,0.003793266951161688,0.23506660936828536,1.3892385959625244
Wiki,2,78,258,0.5,0.5,4,0.41065002166814163,0.0085995085995086,0.3674258702191663,1.2634880542755127
Wiki,2,78,258,0.5,0.5,5,0.40973001971581635,0.004004004004004004,0.20627417275461968,1.2655060291290283
Wiki,2,78,284,0.55,0.5,1,0.41589879481028674,0.005299417064122946,0.23377739578856896,1.38533353805542
Wiki,2,78,284,0.55,0.5,2,0.4115803994141469,0.008718395815170008,0.28362698753760207,1.268876552581787
Wiki,2,78,284,0.55,0.5,3,0.43723657464052923,0.005875440658049354,0.31800601633003867,1.264084815979004
Wiki,2,78,284,0.55,0.5,4,0.43023626272116994,0.004914004914004914,0.22819080360979802,1.3883209228515625
Wiki,2,78,284,0.55,0.5,5,0.4158703655950334,0.003652300949598247,0.14868929952728835,1.271758794784546
Wiki,2,78,310,0.6,0.5,1,0.44384713807462833,0.005681818181818182,0.2737430167597765,1.2665231227874756
Wiki,2,78,310,0.6,0.5,2,0.43846280505316715,0.005357142857142857,0.23506660936828536,1.2637650966644287
Wiki,2,78,310,0.6,0.5,3,0.44668882587123326,0.005497022446174988,0.26385904598195103,1.3903169631958008
Wiki,2,78,310,0.6,0.5,4,0.42435971812208134,0.005099439061703213,0.23721529866781263,1.2657561302185059
Wiki,2,78,310,0.6,0.5,5,0.3945865515624526,0.010810810810810811,0.3373442200257843,1.2641127109527588
Wiki,2,78,335,0.65,0.5,1,0.43870992812433357,0.005896805896805897,0.3330468414267297,1.391841173171997
Wiki,2,78,335,0.65,0.5,2,0.4063529122679243,0.006974716652136007,0.2243231628706489,1.266932487487793
Wiki,2,78,335,0.65,0.5,3,0.4434200128115284,0.006119326874043855,0.3785990545767082,1.2629497051239014
Wiki,2,78,335,0.65,0.5,4,0.4122795447387773,0.006486486486486486,0.3270305113880533,1.265721082687378
Wiki,2,78,335,0.65,0.5,5,0.42399120165322374,0.003727865796831314,0.21572840567253976,1.3824512958526611
Wiki,2,78,361,0.7,0.5,1,0.39631710718789026,0.009009009009009009,0.3141383755908896,1.2725260257720947
Wiki,2,78,361,0.7,0.5,2,0.39483982350150126,0.005528255528255528,0.2819080360979802,1.2645559310913086
Wiki,2,78,361,0.7,0.5,3,0.39662914713385816,0.012612612612612612,0.3343360550064461,1.4010722637176514
Wiki,2,78,361,0.7,0.5,4,0.39832920741928196,0.009828009828009828,0.3326171035668242,1.2807526588439941
Wiki,2,78,361,0.7,0.5,5,0.43751782766567465,0.007475560667050029,0.345509239363988,1.2645230293273926
Wiki,2,78,387,0.75,0.5,1,0.4219253135745518,0.007407407407407408,0.3472281908036098,1.264664888381958
Wiki,2,78,387,0.75,0.5,2,0.3899894729257136,0.007154213036565978,0.24237215298667814,1.3837902545928955
Wiki,2,78,387,0.75,0.5,3,0.4481019893844468,0.005750431282346176,0.24538031800601634,1.2657744884490967
Wiki,2,78,387,0.75,0.5,4,0.3987806175630893,0.007027027027027027,0.29608938547486036,1.2636094093322754
Wiki,2,78,387,0.75,0.5,5,0.3737721170421324,0.011583011583011582,0.3498066179630425,1.392418622970581
Wiki,2,78,413,0.8,0.5,1,0.4418885348466446,0.006459948320413436,0.3137086377309841,1.2780404090881348
Wiki,2,78,413,0.8,0.5,2,0.4207669068279939,0.007112375533428165,0.26987537602062744,1.2647619247436523
Wiki,2,78,413,0.8,0.5,3,0.40641542988359763,0.004954954954954955,0.3472281908036098,1.2660303115844727
Wiki,2,78,413,0.8,0.5,4,0.3987077606239037,0.012115563839701771,0.4258702191663086,1.3814451694488525
Wiki,2,78,413,0.8,0.5,5,0.3890631323368097,0.012762762762762763,0.45896003437902877,1.2689564228057861
Wiki,2,78,439,0.85,0.5,1,0.4237616938601182,0.012548262548262547,0.3442200257842716,1.2633056640625
Wiki,2,78,439,0.85,0.5,2,0.3859752481141795,0.010135135135135136,0.35969058874086807,1.3845477104187012
Wiki,2,78,439,0.85,0.5,3,0.44043289675850417,0.008569545154911009,0.4447786850021487,1.2717833518981934
Wiki,2,78,439,0.85,0.5,4,0.3845777910131437,0.013949433304272014,0.44220025784271594,1.2669882774353027
Wiki,2,78,439,0.85,0.5,5,0.44396524510736796,0.0063254744105807935,0.2539750752041255,1.2650928497314453
Wiki,2,78,464,0.9,0.5,1,0.36558888113805127,0.011648745519713262,0.3828964331757628,1.398836612701416
Wiki,2,78,464,0.9,0.5,2,0.39006422152326303,0.007722007722007722,0.2823377739578857,1.2663147449493408
Wiki,2,78,464,0.9,0.5,3,0.4298161634425069,0.011379800853485065,0.426299957026214,1.2646474838256836
Wiki,2,78,464,0.9,0.5,4,0.4322510235837496,0.009652509652509652,0.37387193811774816,1.384169578552246
Wiki,2,78,464,0.9,0.5,5,0.4531436493398075,0.007304601899196494,0.24795874516544908,1.2715644836425781
Wiki,2,78,490,0.95,0.5,1,0.4210812796446794,0.008316008316008316,0.4671250537172325,1.2895722389221191
Wiki,2,78,490,0.95,0.5,2,0.39502545065002825,0.00960960960960961,0.45552213149978515,1.2658007144927979
Wiki,2,78,490,0.95,0.5,3,0.4227551199702108,0.010582010582010581,0.41985388912763216,1.4152255058288574
Wiki,2,78,490,0.95,0.5,4,0.425303752513401,0.007910349373764008,0.2896433175762785,1.2853217124938965
Wiki,2,78,490,0.95,0.5,5,0.4258154203084569,0.010135135135135136,0.4061022776106575,1.263362169265747
Wiki,2,78,516,1,0.5,1,0.3972073314578982,0.010038610038610039,0.35969058874086807,1.3854427337646484
Wiki,2,78,516,1,0.5,2,0.40894732427820857,0.015843429636533086,0.50709067468844,1.269869327545166
Wiki,2,78,516,1,0.5,3,0.37632266228141886,0.009702009702009701,0.33949290932531156,1.2661323547363281
Wiki,2,78,516,1,0.5,4,0.4278189470320099,0.016865079365079364,0.4164159862483885,1.264197826385498
Wiki,2,78,516,1,0.5,5,0.42289171572359296,0.004964147821290678,0.25956166738289643,1.3950133323669434
Wiki,3,106,0,0,,0,0.3993138562080679,0.0037837837837837837,0.1692040017398869,
Wiki,3,106,0,0,,0,0.427752819037059,0.0035561877667140826,0.1291866028708134,
Wiki,3,106,0,0,,0,0.4002856807301249,0.0031185031185031187,0.11787733797303175,
Wiki,3,106,0,0,,0,0.45610061366781085,0.002457002457002457,0.16267942583732056,
Wiki,3,106,0,0,,0,0.4004126969355621,0.0012474012474012475,0.07177033492822966,
Wiki,3,106,4,0.01,0.5,1,0.4182177267036736,0.002574002574002574,0.12483688560243585,1.2662765979766846
Wiki,3,106,4,0.01,0.5,2,0.48589740872828613,0.005555555555555556,0.18355806872553285,1.2627766132354736
Wiki,3,106,4,0.01,0.5,3,0.39556751331639967,0.0043997485857950975,0.1948673336233145,1.3817098140716553
Wiki,3,106,4,0.01,0.5,4,0.4156000827419754,0.006359300476947536,0.22357546759460636,1.265260934829712
Wiki,3,106,4,0.01,0.5,5,0.4650410939968743,0.0024255024255024253,0.16398434101783385,1.2630438804626465
Wiki,3,106,19,0.05,0.5,1,0.42060910362082604,0.00995732574679943,0.36929099608525445,1.264030933380127
Wiki,3,106,19,0.05,0.5,2,0.4388725808166937,0.0033783783783783786,0.18181818181818182,1.388397455215454
Wiki,3,106,19,0.05,0.5,3,0.3897229758517614,0.0022675736961451248,0.11135276207046542,1.2627229690551758
Wiki,3,106,19,0.05,0.5,4,0.4372975204722617,0.004864864864864865,0.23053501522401043,1.265146017074585
Wiki,3,106,19,0.05,0.5,5,0.41107510584870544,0.00407955124936257,0.15876468029578078,1.3836123943328857
Wiki,3,106,37,0.1,0.5,1,0.39485985123332057,0.007985257985257985,0.3475424097433667,1.2784144878387451
Wiki,3,106,37,0.1,0.5,2,0.4063078382965254,0.0063254744105807935,0.2805567638103523,1.2641053199768066
Wiki,3,106,37,0.1,0.5,3,0.4384930612091061,0.006401137980085348,0.2474989125706829,1.3881216049194336
Wiki,3,106,37,0.1,0.5,4,0.47512080155281644,0.006574141709276844,0.275772074815137,1.2636377811431885
Wiki,3,106,37,0.1,0.5,5,0.4765920778760877,0.006006006006006006,0.18355806872553285,1.2638418674468994
Wiki,3,106,56,0.15,0.5,1,0.4404326599316471,0.004054054054054054,0.14615050021748585,1.2622971534729004
Wiki,3,106,56,0.15,0.5,2,0.4269907165813761,0.010510510510510511,0.35667681600695955,1.3889515399932861
Wiki,3,106,56,0.15,0.5,3,0.4199202504248458,0.003931203931203931,0.18138321009134406,1.26369047164917
Wiki,3,106,56,0.15,0.5,4,0.4369170044193136,0.003793266951161688,0.1800782949108308,1.2628955841064453
Wiki,3,106,56,0.15,0.5,5,0.4061814467222183,0.005843681519357195,0.17442366246193997,1.3883485794067383
Wiki,3,106,74,0.2,0.5,1,0.42651047300134126,0.0032407407407407406,0.1948673336233145,1.2664430141448975
Wiki,3,106,74,0.2,0.5,2,0.42849948311437636,0.008845208845208846,0.471509351892127,1.2650370597839355
Wiki,3,106,74,0.2,0.5,3,0.43463392863044603,0.003153153153153153,0.1557198782079165,1.2623357772827148
Wiki,3,106,74,0.2,0.5,4,0.42958319128172806,0.010617760617760617,0.32927359721618094,1.3840670585632324
Wiki,3,106,74,0.2,0.5,5,0.44947289779480143,0.009266409266409266,0.3144845585036973,1.2674546241760254
Wiki,3,106,93,0.25,0.5,1,0.39954279504305945,0.006606606606606606,0.2809917355371901,1.262352466583252
Wiki,3,106,93,0.25,0.5,2,0.4369077631402959,0.005299417064122946,0.2749021313614615,1.3828027248382568
Wiki,3,106,93,0.25,0.5,3,0.3867154997730135,0.009246088193456615,0.33710308829926056,1.2670469284057617
Wiki,3,106,93,0.25,0.5,4,0.39597600138917527,0.0055055055055055055,0.28708133971291866,1.2655608654022217
Wiki,3,106,93,0.25,0.5,5,0.42557390139529216,0.004954954954954955,0.3005654632448891,1.2606451511383057
Wiki,3,106,112,0.3,0.5,1,0.4281017896210377,0.009009009009009009,0.3070900391474554,1.3953168392181396
Wiki,3,106,112,0.3,0.5,2,0.3880865583436979,0.005067567567567568,0.23183993040452372,1.265503168106079
Wiki,3,106,112,0.3,0.5,3,0.3944454949529313,0.007475560667050029,0.3353632013919095,1.2643096446990967
Wiki,3,106,112,0.3,0.5,4,0.3587591237355336,0.009572072072072071,0.42714223575467597,1.417367935180664
Wiki,3,106,112,0.3,0.5,5,0.44394578465573276,0.00966183574879227,0.3988690735102218,1.2704188823699951
Wiki,3,106,130,0.35,0.5,1,0.412519850312916,0.009928295642581356,0.4575902566333188,1.264425277709961
Wiki,3,106,130,0.35,0.5,2,0.4192402060692335,0.016493055555555556,0.5324053936494128,1.263819694519043
Wiki,3,106,130,0.35,0.5,3,0.36972286418820444,0.00922874093605801,0.40974336668116573,1.3878147602081299
Wiki,3,106,130,0.35,0.5,4,0.4089844142787121,0.012285012285012284,0.43584167029143106,1.2646684646606445
Wiki,3,106,130,0.35,0.5,5,0.43417632095513764,0.005955107650022904,0.3610265332753371,1.2635760307312012
Wiki,3,106,149,0.4,0.5,1,0.4130655200980719,0.007432432432432433,0.2992605480643758,1.3918640613555908
Wiki,3,106,149,0.4,0.5,2,0.43944851782075633,0.00945945945945946,0.33188342757720746,1.2687139511108398
Wiki,3,106,149,0.4,0.5,3,0.4312179486748966,0.006629270780214177,0.2966507177033493,1.2634472846984863
Wiki,3,106,149,0.4,0.5,4,0.4260498959612588,0.010395010395010396,0.373640713353632,1.2647180557250977
Wiki,3,106,149,0.4,0.5,5,0.46185907635106244,0.007371007371007371,0.28838625489343195,1.3823692798614502
Wiki,3,106,167,0.45,0.5,1,0.4361544757079453,0.00988793671720501,0.43410178338408,1.2659962177276611
Wiki,3,106,167,0.45,0.5,2,0.42490137085719343,0.007834757834757835,0.2840365376250544,1.2645130157470703
Wiki,3,106,167,0.45,0.5,3,0.40062585567232195,0.010038610038610039,0.33579817311874727,1.2674057483673096
Wiki,3,106,167,0.45,0.5,4,0.39378909804277523,0.012612612612612612,0.3253588516746411,1.3850882053375244
Wiki,3,106,167,0.45,0.5,5,0.41363331838699524,0.009266409266409266,0.3083949543279687,1.2647342681884766
Wiki,3,106,186,0.5,0.5,1,0.45750495977817884,0.006756756756756757,0.3610265332753371,1.2641568183898926
Wiki,3,106,186,0.5,0.5,2,0.43485935330280995,0.011583011583011582,0.44149630274032187,1.3822834491729736
Wiki,3,106,186,0.5,0.5,3,0.44884651435689094,0.009213759213759214,0.4506307090039147,1.2668452262878418
Wiki,3,106,186,0.5,0.5,4,0.4047948509123765,0.00945945945945946,0.3379730317529361,1.2633402347564697
Wiki,3,106,186,0.5,0.5,5,0.41546271214331093,0.010510510510510511,0.33884297520661155,1.2657349109649658
Wiki,3,106,205,0.55,0.5,1,0.40555338408312563,0.007985257985257985,0.33710308829926056,1.39310884475708
Wiki,3,106,205,0.55,0.5,2,0.40506583093867715,0.010510510510510511,0.3797303175293606,1.2732694149017334
Wiki,3,106,205,0.55,0.5,3,0.3973994251012032,0.009259259259259259,0.4275772074815137,1.2650768756866455
Wiki,3,106,205,0.55,0.5,4,0.3962948689502329,0.015561015561015561,0.5284906481078729,1.3828620910644531
Wiki,3,106,205,0.55,0.5,5,0.4211107121116025,0.009009009009009009,0.43410178338408,1.265859603881836
Wiki,3,106,223,0.6,0.5,1,0.4432665859538593,0.005709935287400076,0.3601565898216616,1.2635271549224854
Wiki,3,106,223,0.6,0.5,2,0.4376032985685792,0.018229166666666668,0.6137451065680731,1.2623717784881592
Wiki,3,106,223,0.6,0.5,3,0.4008092120248379,0.01054713249835201,0.4558503697259678,1.387667179107666
Wiki,3,106,223,0.6,0.5,4,0.399243499381123,0.012355212355212355,0.43497172683775553,1.263376235961914
Wiki,3,106,223,0.6,0.5,5,0.44430071924992237,0.010135135135135136,0.4140930839495433,1.2634994983673096
Wiki,3,106,242,0.65,0.5,1,0.42470900396898287,0.01168736303871439,0.40843845150065244,1.3839631080627441
Wiki,3,106,242,0.65,0.5,2,0.44464428288949776,0.011466011466011465,0.40930839495432797,1.2676267623901367
Wiki,3,106,242,0.65,0.5,3,0.43644056415681803,0.014864864864864866,0.5463244889082209,1.2640917301177979
Wiki,3,106,242,0.65,0.5,4,0.43405385764681576,0.013513513513513514,0.4441061331013484,1.2639708518981934
Wiki,3,106,242,0.65,0.5,5,0.4306219171955148,0.011056511056511056,0.47107438016528924,1.3881006240844727
Wiki,3,106,260,0.7,0.5,1,0.410840092850841,0.00882515168229454,0.4310569812962157,1.2646112442016602
Wiki,3,106,260,0.7,0.5,2,0.41650118842832706,0.012524719841793012,0.5215311004784688,1.262861728668213
Wiki,3,106,260,0.7,0.5,3,0.39270424188511915,0.015103338632750398,0.5119617224880383,1.3821139335632324
Wiki,3,106,260,0.7,0.5,4,0.42976581566215644,0.00916988416988417,0.46933449325793825,1.269768476486206
Wiki,3,106,260,0.7,0.5,5,0.4135581555265086,0.014864864864864866,0.6289691170073946,1.266918659210205
Wiki,3,106,279,0.75,0.5,1,0.38837102122178996,0.00995732574679943,0.394954327968682,1.3853557109832764
Wiki,3,106,279,0.75,0.5,2,0.41430705811658275,0.017241379310344827,0.4871683340582862,1.2747855186462402
Wiki,3,106,279,0.75,0.5,3,0.4062486740086633,0.016693163751987282,0.5350152240104393,1.3030643463134766
Wiki,3,106,279,0.75,0.5,4,0.4466116853911395,0.014671814671814672,0.5411048281861679,1.2641305923461914
Wiki,3,106,279,0.75,0.5,5,0.41932715683072724,0.010135135135135136,0.4384515006524576,1.4049739837646484
Wiki,3,106,298,0.8,0.5,1,0.462077567939099,0.01589825119236884,0.560678555893867,1.2669246196746826
Wiki,3,106,298,0.8,0.5,2,0.38794693076259695,0.012355212355212355,0.37016093953893,1.2657501697540283
Wiki,3,106,298,0.8,0.5,3,0.4068620414926452,0.012285012285012284,0.37799043062200954,1.3919086456298828
Wiki,3,106,298,0.8,0.5,4,0.4076378149841767,0.013513513513513514,0.5593736407133536,1.2661066055297852
Wiki,3,106,298,0.8,0.5,5,0.414780108370422,0.008365508365508366,0.34188777729447584,1.2653217315673828
Wiki,3,106,316,0.85,0.5,1,0.40156105797033714,0.014742014742014743,0.46541974771639844,1.265718698501587
Wiki,3,106,316,0.85,0.5,2,0.42615533595895433,0.015444015444015444,0.5476294040887343,1.3890423774719238
Wiki,3,106,316,0.85,0.5,3,0.3909136737555349,0.014264264264264264,0.46541974771639844,1.266261100769043
Wiki,3,106,316,0.85,0.5,4,0.4220646919929568,0.018308631211857017,0.551544149630274,1.26621413230896
Wiki,3,106,316,0.85,0.5,5,0.409705466094522,0.016800584368151936,0.647672901261418,1.3926515579223633
Wiki,3,106,335,0.9,0.5,1,0.4140098738621525,0.01241782322863404,0.43584167029143106,1.2669401168823242
Wiki,3,106,335,0.9,0.5,2,0.4284196207121044,0.017488076311605722,0.5832970856894302,1.2652931213378906
Wiki,3,106,335,0.9,0.5,3,0.3888368737278707,0.023023023023023025,0.6089604175728578,1.2630341053009033
Wiki,3,106,335,0.9,0.5,4,0.41014258695274897,0.01227390180878553,0.5254458460200087,1.3852448463439941
Wiki,3,106,335,0.9,0.5,5,0.43112709301337954,0.016666666666666666,0.5184862983906046,1.2687933444976807
Wiki,3,106,353,0.95,0.5,1,0.415531452530703,0.018308631211857017,0.6294040887342323,1.2677931785583496
Wiki,3,106,353,0.95,0.5,2,0.4045171379759638,0.014308426073131956,0.5197912135711179,1.3887732028961182
Wiki,3,106,353,0.95,0.5,3,0.42940013033187924,0.014553014553014554,0.5732927359721618,1.2674615383148193
Wiki,3,106,353,0.95,0.5,4,0.41949850653936827,0.014308426073131956,0.45846020008699434,1.2646386623382568
Wiki,3,106,353,0.95,0.5,5,0.3965817917879725,0.014935988620199146,0.5271857329273597,1.2644414901733398
Wiki,3,106,372,1,0.5,1,0.4378864211294894,0.016493055555555556,0.5010874293170944,1.3898799419403076
Wiki,3,106,372,1,0.5,2,0.4020588364740076,0.013513513513513514,0.4506307090039147,1.2660412788391113
Wiki,3,106,372,1,0.5,3,0.4098317478727128,0.015103338632750398,0.4810787298825576,1.2738795280456543
Wiki,3,106,372,1,0.5,4,0.4096386224557994,0.016564952048823016,0.5206611570247934,1.397899866104126
Wiki,3,106,372,1,0.5,5,0.41819325291537923,0.015444015444015444,0.5080469769464985,1.2668242454528809
Wiki,4,20,0,0,,0,0.4231909285217572,0.003179650238473768,0.08385744234800839,
Wiki,4,20,0,0,,0,0.44895027511341684,0.001422475106685633,0.055765199161425576,
Wiki,4,20,0,0,,0,0.4293571676831472,0.001422475106685633,0.04570230607966457,
Wiki,4,20,0,0,,0,0.40296597316218785,0.003003003003003003,0.05828092243186583,
Wiki,4,20,0,0,,0,0.45239110331095,0.005067567567567568,0.0960167714884696,
Wiki,4,20,1,0.01,0.5,1,0.3896375720681072,0.003003003003003003,0.08721174004192872,1.3732514381408691
Wiki,4,20,1,0.01,0.5,2,0.43050524352670133,0.003003003003003003,0.09182389937106918,1.2636148929595947
Wiki,4,20,1,0.01,0.5,3,0.3811349863801753,0.001422475106685633,0.06582809224318659,1.2636692523956299
Wiki,4,20,1,0.01,0.5,4,0.452908909547415,0.001422475106685633,0.05828092243186583,1.2632105350494385
Wiki,4,20,1,0.01,0.5,5,0.42526893446288855,0.001422475106685633,0.04570230607966457,1.372788667678833
Wiki,4,20,5,0.05,0.5,1,0.40406398016551925,0.003179650238473768,0.06331236897274634,1.2682600021362305
Wiki,4,20,5,0.05,0.5,2,0.41395274632614115,0.003003003003003003,0.07966457023060797,1.2650718688964844
Wiki,4,20,5,0.05,0.5,3,0.4498893351353776,0.003003003003003003,0.06079664570230608,1.3857264518737793
Wiki,4,20,5,0.05,0.5,4,0.45116237088463484,0.003003003003003003,0.0830188679245283,1.2657756805419922
Wiki,4,20,5,0.05,0.5,5,0.4109964600172205,0.003003003003003003,0.08888888888888889,1.2620487213134766
Wiki,4,20,10,0.1,0.5,1,0.41675060355292837,0.003003003003003003,0.07169811320754717,1.264634370803833
Wiki,4,20,10,0.1,0.5,2,0.4266107950128503,0.0047694753577106515,0.11781970649895178,1.3819735050201416
Wiki,4,20,10,0.1,0.5,3,0.4119393084307668,0.0047694753577106515,0.0830188679245283,1.270338773727417
Wiki,4,20,10,0.1,0.5,4,0.3991930735994066,0.003003003003003003,0.053668763102725364,1.2638864517211914
Wiki,4,20,10,0.1,0.5,5,0.4399756973319874,0.001422475106685633,0.0440251572327044,1.387404441833496
Wiki,4,20,15,0.15,0.5,1,0.42440299351365346,0.003003003003003003,0.07966457023060797,1.2661516666412354
Wiki,4,20,15,0.15,0.5,2,0.463408600807572,0.006756756756756757,0.10817610062893082,1.2642698287963867
Wiki,4,20,15,0.15,0.5,3,0.4077518175443087,0.0047694753577106515,0.10985324947589098,1.2872769832611084
Wiki,4,20,15,0.15,0.5,4,0.42012199274920403,0.0047694753577106515,0.08511530398322852,1.3848323822021484
Wiki,4,20,15,0.15,0.5,5,0.4058668993318671,0.005405405405405406,0.09727463312368972,1.2649354934692383
Wiki,4,20,19,0.2,0.5,1,0.4509630227363824,0.0030864197530864196,0.08763102725366877,1.2660894393920898
Wiki,4,20,19,0.2,0.5,2,0.4432672607281323,0.001422475106685633,0.05744234800838575,1.3853132724761963
Wiki,4,20,19,0.2,0.5,3,0.42224761470603733,0.0033783783783783786,0.04570230607966457,1.2638065814971924
Wiki,4,20,19,0.2,0.5,4,0.4384274980805556,0.006756756756756757,0.09979035639412998,1.26530122756958
Wiki,4,20,19,0.2,0.5,5,0.4070468595189987,0.0015015015015015015,0.04318658280922432,1.2630813121795654
Wiki,4,20,24,0.25,0.5,1,0.3889084033579116,0.0014619883040935672,0.029350104821802937,1.388737440109253
Wiki,4,20,24,0.25,0.5,2,0.4524215491038724,0.005067567567567568,0.09937106918238994,1.264028787612915
Wiki,4,20,24,0.25,0.5,3,0.4359325462229261,0.003003003003003003,0.08050314465408805,1.264976978302002
Wiki,4,20,24,0.25,0.5,4,0.4193744653286541,0.007207207207207207,0.1111111111111111,1.382521390914917
Wiki,4,20,24,0.25,0.5,5,0.4191646983671791,0.0047694753577106515,0.09517819706498952,1.2655436992645264
Wiki,4,20,29,0.3,0.5,1,0.3991090139195416,0.003003003003003003,0.08008385744234801,1.2641232013702393
Wiki,4,20,29,0.3,0.5,2,0.4151280866352457,0.007207207207207207,0.12033542976939203,1.2637555599212646
Wiki,4,20,29,0.3,0.5,3,0.4235071020302731,0.006756756756756757,0.11949685534591195,1.388709545135498
Wiki,4,20,29,0.3,0.5,4,0.42357374374906703,0.0047694753577106515,0.13249475890985324,1.2673425674438477
Wiki,4,20,29,0.3,0.5,5,0.4162523247769106,0.005067567567567568,0.10817610062893082,1.263073205947876
Wiki,4,20,34,0.35,0.5,1,0.4094486594985067,0.003003003003003003,0.0779874213836478,1.3858423233032227
Wiki,4,20,34,0.35,0.5,2,0.41111106557968774,0.009009009009009009,0.1790356394129979,1.2661256790161133
Wiki,4,20,34,0.35,0.5,3,0.46282769756149794,0.007207207207207207,0.10062893081761007,1.2631399631500244
Wiki,4,20,34,0.35,0.5,4,0.47292236329789766,0.006756756756756757,0.12536687631027255,1.3832201957702637
Wiki,4,20,34,0.35,0.5,5,0.4048437095937822,0.005067567567567568,0.11781970649895178,1.2687768936157227
Wiki,4,20,39,0.4,0.5,1,0.4400259277780679,0.0047694753577106515,0.11027253668763103,1.2716567516326904
Wiki,4,20,39,0.4,0.5,2,0.42704099156355874,0.004901960784313725,0.07840670859538784,1.2611925601959229
Wiki,4,20,39,0.4,0.5,3,0.4199188872301062,0.007207207207207207,0.15849056603773584,1.3869140148162842
Wiki,4,20,39,0.4,0.5,4,0.422931464569831,0.003179650238473768,0.08176100628930817,1.266063928604126
Wiki,4,20,39,0.4,0.5,5,0.43983947789850375,0.003003003003003003,0.0570230607966457,1.2636983394622803
Wiki,4,20,44,0.45,0.5,1,0.4291835154181081,0.009009009009009009,0.1249475890985325,1.3808801174163818
Wiki,4,20,44,0.45,0.5,2,0.45980704073173584,0.006944444444444444,0.1429769392033543,1.271195888519287
Wiki,4,20,44,0.45,0.5,3,0.40210439765056927,0.003003003003003003,0.07756813417190776,1.281050443649292
Wiki,4,20,44,0.45,0.5,4,0.45854738353676733,0.0047694753577106515,0.08511530398322852,1.2975635528564453
Wiki,4,20,44,0.45,0.5,5,0.4325352082250775,0.0030864197530864196,0.06457023060796646,1.3943235874176025
Wiki,4,20,48,0.5,0.5,1,0.4479492053960224,0.006944444444444444,0.13081761006289308,1.2640666961669922
Wiki,4,20,48,0.5,0.5,2,0.40409365726124563,0.0047694753577106515,0.11278825995807128,1.2643718719482422
Wiki,4,20,48,0.5,0.5,3,0.4242486901380159,0.006756756756756757,0.1459119496855346,1.3851165771484375
Wiki,4,20,48,0.5,0.5,4,0.39642138568384333,0.003179650238473768,0.07547169811320754,1.266679286956787
Wiki,4,20,48,0.5,0.5,5,0.4269536987762017,0.006756756756756757,0.1270440251572327,1.266134262084961
Wiki,4,20,53,0.55,0.5,1,0.4394986094548448,0.006756756756756757,0.11530398322851153,1.383368968963623
Wiki,4,20,53,0.55,0.5,2,0.40915173283998263,0.0047694753577106515,0.09685534591194969,1.2636046409606934
Wiki,4,20,53,0.55,0.5,3,0.4175234305639391,0.0047694753577106515,0.09685534591194969,1.265873908996582
Wiki,4,20,53,0.55,0.5,4,0.44194829905244376,0.006756756756756757,0.13668763102725368,1.262209177017212
Wiki,4,20,53,0.55,0.5,5,0.44297967850154063,0.005405405405405406,0.10440251572327044,1.3818187713623047
Wiki,4,20,58,0.6,0.5,1,0.43464312400879607,0.001422475106685633,0.061635220125786164,1.2649178504943848
Wiki,4,20,58,0.6,0.5,2,0.4260316905248033,0.001422475106685633,0.05492662473794549,1.2643053531646729
Wiki,4,20,58,0.6,0.5,3,0.4462114396193886,0.005067567567567568,0.08343815513626834,1.383561611175537
Wiki,4,20,58,0.6,0.5,4,0.43210641821464785,0.003003003003003003,0.06373165618448637,1.300889253616333
Wiki,4,20,58,0.6,0.5,5,0.4242822382330349,0.003179650238473768,0.05911949685534591,1.2648580074310303
Wiki,4,20,63,0.65,0.5,1,0.40587023251354787,0.00992063492063492,0.16226415094339622,1.2649445533752441
Wiki,4,20,63,0.65,0.5,2,0.43834324398947827,0.0047694753577106515,0.1018867924528302,1.392979621887207
Wiki,4,20,63,0.65,0.5,3,0.45141734610739376,0.0047694753577106515,0.08846960167714885,1.264374017715454
Wiki,4,20,63,0.65,0.5,4,0.4526776964663625,0.0047694753577106515,0.11027253668763103,1.265831708908081
Wiki,4,20,63,0.65,0.5,5,0.4123212917840297,0.0047694753577106515,0.09433962264150944,1.3842298984527588
Wiki,4,20,68,0.7,0.5,1,0.41241009880171337,0.006756756756756757,0.1589098532494759,1.2703711986541748
Wiki,4,20,68,0.7,0.5,2,0.43981869043736566,0.005067567567567568,0.09643605870020965,1.2637743949890137
Wiki,4,20,68,0.7,0.5,3,0.43111936398271083,0.0047694753577106515,0.05408805031446541,1.3838751316070557
Wiki,4,20,68,0.7,0.5,4,0.44267061512878353,0.007207207207207207,0.14381551362683437,1.2680199146270752
Wiki,4,20,68,0.7,0.5,5,0.4783898787944644,0.006756756756756757,0.1320754716981132,1.264070987701416
Wiki,4,20,73,0.75,0.5,1,0.42638691691490466,0.006944444444444444,0.13417190775681342,1.266251802444458
Wiki,4,20,73,0.75,0.5,2,0.3659979639602151,0.007207207207207207,0.12536687631027255,1.388066053390503
Wiki,4,20,73,0.75,0.5,3,0.44189971607478934,0.009652509652509652,0.16939203354297694,1.2644476890563965
Wiki,4,20,73,0.75,0.5,4,0.4352895025491255,0.0047694753577106515,0.08930817610062892,1.2650761604309082
Wiki,4,20,73,0.75,0.5,5,0.4725557123453717,0.006944444444444444,0.14255765199161424,1.3842592239379883
Wiki,4,20,78,0.8,0.5,1,0.3964253047079619,0.006944444444444444,0.1190775681341719,1.2696475982666016
Wiki,4,20,78,0.8,0.5,2,0.41590300499312033,0.0047694753577106515,0.11278825995807128,1.2640516757965088
Wiki,4,20,78,0.8,0.5,3,0.40587725725779916,0.009652509652509652,0.16477987421383647,1.2625291347503662
Wiki,4,20,78,0.8,0.5,4,0.4006201132404214,0.005067567567567568,0.10020964360587002,1.3873062133789062
Wiki,4,20,78,0.8,0.5,5,0.4228310839659947,0.007207207207207207,0.12327044025157233,1.2657546997070312
Wiki,4,20,82,0.85,0.5,1,0.4469776039290752,0.0047694753577106515,0.1459119496855346,1.265432357788086
Wiki,4,20,82,0.85,0.5,2,0.3904575516654552,0.005067567567567568,0.09643605870020965,1.3916776180267334
Wiki,4,20,82,0.85,0.5,3,0.4142911174724643,0.009259259259259259,0.2029350104821803,1.271707534790039
Wiki,4,20,82,0.85,0.5,4,0.4054110345553806,0.009009009009009009,0.1610062893081761,1.2652819156646729
Wiki,4,20,82,0.85,0.5,5,0.40855766906310415,0.006756756756756757,0.12955974842767295,1.3860995769500732
Wiki,4,20,87,0.9,0.5,1,0.4439368641854864,0.009009009009009009,0.15345911949685534,1.2687959671020508
Wiki,4,20,87,0.9,0.5,2,0.44263209085959576,0.009009009009009009,0.1719077568134172,1.2649142742156982
Wiki,4,20,87,0.9,0.5,3,0.4455494197147597,0.006756756756756757,0.11949685534591195,1.2619352340698242
Wiki,4,20,87,0.9,0.5,4,0.42000690650665956,0.006756756756756757,0.1631027253668763,1.3893804550170898
Wiki,4,20,87,0.9,0.5,5,0.4324834013470551,0.0047694753577106515,0.09685534591194969,1.265080213546753
Wiki,4,20,92,0.95,0.5,1,0.41631600448500117,0.005067567567567568,0.1249475890985325,1.2647087574005127
Wiki,4,20,92,0.95,0.5,2,0.4212007929216422,0.005405405405405406,0.10020964360587002,1.3857321739196777
Wiki,4,20,92,0.95,0.5,3,0.46016153683521366,0.0047694753577106515,0.10146750524109015,1.2690517902374268
Wiki,4,20,92,0.95,0.5,4,0.4146913820877327,0.003003003003003003,0.08930817610062892,1.2656266689300537
Wiki,4,20,92,0.95,0.5,5,0.4329441656381496,0.0047694753577106515,0.061635220125786164,1.262808084487915
Wiki,4,20,97,1,0.5,1,0.4391316021894993,0.007207207207207207,0.10440251572327044,1.3904926776885986
Wiki,4,20,97,1,0.5,2,0.43429825415269796,0.010395010395010396,0.1589098532494759,1.2683918476104736
Wiki,4,20,97,1,0.5,3,0.4354690820185774,0.0047694753577106515,0.10356394129979035,1.264570951461792
Wiki,4,20,97,1,0.5,4,0.4121313420772243,0.0047694753577106515,0.1169811320754717,1.3843295574188232
Wiki,4,20,97,1,0.5,5,0.4329259579973386,0.0047694753577106515,0.06037735849056604,1.2670297622680664
Wiki,5,130,0,0,,0,0.4420699539017377,0.001984126984126984,0.16703296703296702,
Wiki,5,130,0,0,,0,0.4415769046735195,0.0027472527472527475,0.23384615384615384,
Wiki,5,130,0,0,,0,0.41715167948401755,0.00510204081632653,0.20615384615384616,
Wiki,5,130,0,0,,0,0.40336355248218,0.006435006435006435,0.28175824175824177,
Wiki,5,130,0,0,,0,0.48057492543346525,0.0025925925925925925,0.21934065934065933,
Wiki,5,130,4,0.01,0.5,1,0.4300043587859615,0.003630496167809601,0.22593406593406593,1.2669703960418701
Wiki,5,130,4,0.01,0.5,2,0.46636938324338845,0.0037837837837837837,0.1397802197802198,1.4026851654052734
Wiki,5,130,4,0.01,0.5,3,0.42142939325652673,0.005148005148005148,0.35032967032967033,1.2650463581085205
Wiki,5,130,4,0.01,0.5,4,0.4136712039941767,0.004365079365079365,0.29846153846153844,1.2689542770385742
Wiki,5,130,4,0.01,0.5,5,0.4671932285464895,0.003727865796831314,0.1912087912087912,1.3916919231414795
Wiki,5,130,18,0.05,0.5,1,0.40018607184826743,0.004324324324324324,0.33978021978021977,1.2755894660949707
Wiki,5,130,18,0.05,0.5,2,0.429884255107541,0.002976190476190476,0.25054945054945055,1.2708110809326172
Wiki,5,130,18,0.05,0.5,3,0.3881273409275637,0.003822003822003822,0.389010989010989,1.2686116695404053
Wiki,5,130,18,0.05,0.5,4,0.4420891655163081,0.0018018018018018018,0.16835164835164834,1.397822618484497
Wiki,5,130,18,0.05,0.5,5,0.4516882685128674,0.002772002772002772,0.24879120879120878,1.2676723003387451
Wiki,5,130,35,0.1,0.5,1,0.409225301579437,0.0045662100456621,0.2914285714285714,1.2722911834716797
Wiki,5,130,35,0.1,0.5,2,0.42544242694744977,0.0019305019305019305,0.18945054945054945,1.3882451057434082
Wiki,5,130,35,0.1,0.5,3,0.3815029489436636,0.004072565716401333,0.26285714285714284,1.277635097503662
Wiki,5,130,35,0.1,0.5,4,0.4263257022284029,0.0031185031185031187,0.1991208791208791,1.2744200229644775
Wiki,5,130,35,0.1,0.5,5,0.40398152134933357,0.00251414204902577,0.2254945054945055,1.27120041847229
Wiki,5,130,53,0.15,0.5,1,0.4133889225589504,0.003564003564003564,0.33362637362637365,1.398616075515747
Wiki,5,130,53,0.15,0.5,2,0.3780342299520331,0.007985257985257985,0.31472527472527473,1.2712676525115967
Wiki,5,130,53,0.15,0.5,3,0.4438180270583625,0.0018731602890018732,0.1723076923076923,1.2655727863311768
Wiki,5,130,53,0.15,0.5,4,0.4157191844541763,0.005829358770535241,0.2945054945054945,1.3894712924957275
Wiki,5,130,53,0.15,0.5,5,0.44234630976944334,0.00516795865633075,0.44395604395604393,1.2764863967895508
Wiki,5,130,70,0.2,0.5,1,0.4255662190171642,0.004004004004004004,0.3687912087912088,1.274977207183838
Wiki,5,130,70,0.2,0.5,2,0.4408083134280609,0.00988793671720501,0.37934065934065936,1.2702674865722656
Wiki,5,130,70,0.2,0.5,3,0.4498373852548111,0.006164058795637743,0.3292307692307692,1.397115707397461
Wiki,5,130,70,0.2,0.5,4,0.3801197511482485,0.003630496167809601,0.24263736263736263,1.269585371017456
Wiki,5,130,70,0.2,0.5,5,0.4091180842629712,0.004129129129129129,0.27516483516483514,1.2932031154632568
Wiki,5,130,88,0.25,0.5,1,0.43278030756372554,0.007936507936507936,0.3292307692307692,1.3935728073120117
Wiki,5,130,88,0.25,0.5,2,0.3862802295487467,0.0055055055055055055,0.32043956043956046,1.27638578414917
Wiki,5,130,88,0.25,0.5,3,0.4022399384612395,0.006756756756756757,0.2632967032967033,1.2692339420318604
Wiki,5,130,88,0.25,0.5,4,0.39959818180502327,0.004946727549467275,0.3687912087912088,1.2711079120635986
Wiki,5,130,88,0.25,0.5,5,0.41299961816965497,0.011088011088011088,0.4356043956043956,1.3997483253479004
Wiki,5,130,106,0.3,0.5,1,0.4043198846761498,0.015843429636533086,0.4320879120879121,1.2704992294311523
Wiki,5,130,106,0.3,0.5,2,0.4433810289335071,0.0075075075075075074,0.3635164835164835,1.2694222927093506
Wiki,5,130,106,0.3,0.5,3,0.4673040837337223,0.0045045045045045045,0.30945054945054945,1.3923702239990234
Wiki,5,130,106,0.3,0.5,4,0.4295493783141369,0.004558775643112993,0.33362637362637365,1.2691798210144043
Wiki,5,130,106,0.3,0.5,5,0.4585269045922242,0.003963963963963964,0.3046153846153846,1.273015022277832
Wiki,5,130,123,0.35,0.5,1,0.40544219338483084,0.012718600953895072,0.4342857142857143,1.2691714763641357
Wiki,5,130,123,0.35,0.5,2,0.42564532434698005,0.007007007007007007,0.3586813186813187,1.4012870788574219
Wiki,5,130,123,0.35,0.5,3,0.42215183855266264,0.008397932816537468,0.3345054945054945,1.27065110206604
Wiki,5,130,123,0.35,0.5,4,0.41986020380179684,0.006552006552006552,0.4632967032967033,1.268655776977539
Wiki,5,130,123,0.35,0.5,5,0.4063833205362233,0.0035252643948296123,0.30857142857142855,1.3879573345184326
Wiki,5,130,141,0.4,0.5,1,0.40284895525344955,0.013923013923013924,0.4338461538461538,1.2715404033660889
Wiki,5,130,141,0.4,0.5,2,0.38859527720389486,0.003652300949598247,0.25362637362637364,1.2733821868896484
Wiki,5,130,141,0.4,0.5,3,0.3961757614882713,0.009213759213759214,0.3964835164835165,1.269608497619629
Wiki,5,130,141,0.4,0.5,4,0.4080723827005621,0.00972972972972973,0.4685714285714286,1.4000563621520996
Wiki,5,130,141,0.4,0.5,5,0.39932045808444294,0.008385744234800839,0.4298901098901099,1.272585391998291
Wiki,5,130,158,0.45,0.5,1,0.4226831635368289,0.008145131432802665,0.6382417582417582,1.2692947387695312
Wiki,5,130,158,0.45,0.5,2,0.4338240586423924,0.0036255767963085037,0.3375824175824176,1.388505220413208
Wiki,5,130,158,0.45,0.5,3,0.4263555738856214,0.008534850640113799,0.5173626373626373,1.2981939315795898
Wiki,5,130,158,0.45,0.5,4,0.41504609893245303,0.006563706563706564,0.4413186813186813,1.2732505798339844
Wiki,5,130,158,0.45,0.5,5,0.4050769706987768,0.006193693693693694,0.3010989010989011,1.2702035903930664
Wiki,5,130,176,0.5,0.5,1,0.43790407009307486,0.006974716652136007,0.49274725274725273,1.4035449028015137
Wiki,5,130,176,0.5,0.5,2,0.3993516072445869,0.0060508269463493344,0.3912087912087912,1.27276611328125
Wiki,5,130,176,0.5,0.5,3,0.38413570140223274,0.00794912559618442,0.3872527472527473,1.2690646648406982
Wiki,5,130,176,0.5,0.5,4,0.4183749653739342,0.00563063063063063,0.43648351648351646,1.3870372772216797
Wiki,5,130,176,0.5,0.5,5,0.4339809184283749,0.004901960784313725,0.327032967032967,1.2760684490203857
Wiki,5,130,194,0.55,0.5,1,0.4332466398193916,0.006164058795637743,0.34813186813186814,1.2736847400665283
Wiki,5,130,194,0.55,0.5,2,0.4141135047555138,0.013949433304272014,0.4254945054945055,1.2694482803344727
Wiki,5,130,194,0.55,0.5,3,0.44171402878399074,0.0079002079002079,0.4857142857142857,1.3997435569763184
Wiki,5,130,194,0.55,0.5,4,0.40965482260018754,0.013127413127413128,0.42329670329670327,1.2667062282562256
Wiki,5,130,194,0.55,0.5,5,0.41445612498352946,0.010575793184488837,0.48219780219780217,1.271618366241455
Wiki,5,130,211,0.6,0.5,1,0.40105163493750057,0.006842285323297981,0.5639560439560439,1.3908326625823975
Wiki,5,130,211,0.6,0.5,2,0.4275979816944345,0.008687258687258687,0.538021978021978,1.2769749164581299
Wiki,5,130,211,0.6,0.5,3,0.3998886191253532,0.007329363261566651,0.4553846153846154,1.27693510055542
Wiki,5,130,211,0.6,0.5,4,0.41005090642738845,0.006756756756756757,0.40307692307692305,1.268533706665039
Wiki,5,130,211,0.6,0.5,5,0.39151801542390857,0.01257071024512885,0.5393406593406593,1.4046363830566406
Wiki,5,130,229,0.65,0.5,1,0.41544391321516483,0.007532122286220647,0.4654945054945055,1.272918939590454
Wiki,5,130,229,0.65,0.5,2,0.4047333786298324,0.008008008008008008,0.4378021978021978,1.2685306072235107
Wiki,5,130,229,0.65,0.5,3,0.46372189610001235,0.008353808353808353,0.39516483516483514,1.393110990524292
Wiki,5,130,229,0.65,0.5,4,0.43099534225584873,0.010810810810810811,0.43164835164835164,1.2733204364776611
Wiki,5,130,229,0.65,0.5,5,0.4174573689932188,0.009688934217236104,0.49714285714285716,1.2714016437530518
Wiki,5,130,246,0.7,0.5,1,0.4179789388006585,0.008353808353808353,0.4514285714285714,1.2812800407409668
Wiki,5,130,246,0.7,0.5,2,0.3960036893123862,0.008861320336730172,0.5692307692307692,1.3965070247650146
Wiki,5,130,246,0.7,0.5,3,0.4642658011485386,0.00950950950950951,0.4685714285714286,1.2702677249908447
Wiki,5,130,246,0.7,0.5,4,0.44454225585423573,0.017374517374517374,0.49758241758241756,1.323767900466919
Wiki,5,130,246,0.7,0.5,5,0.49613635395515393,0.011904761904761904,0.5010989010989011,1.3933987617492676
Wiki,5,130,264,0.75,0.5,1,0.3999045758025921,0.009259259259259259,0.5564835164835165,1.2701423168182373
Wiki,5,130,264,0.75,0.5,2,0.4019136086188224,0.008408408408408409,0.381978021978022,1.2695939540863037
Wiki,5,130,264,0.75,0.5,3,0.3889015564916853,0.0075675675675675675,0.4052747252747253,1.2676663398742676
Wiki,5,130,264,0.75,0.5,4,0.41265216128977633,0.011583011583011582,0.6624175824175824,1.3990297317504883
Wiki,5,130,264,0.75,0.5,5,0.4405418006635607,0.011031439602868174,0.5441758241758242,1.269366979598999
Wiki,5,130,282,0.8,0.5,1,0.42906568752774216,0.007807807807807808,0.3485714285714286,1.2733170986175537
Wiki,5,130,282,0.8,0.5,2,0.4152519484232809,0.011616161616161616,0.6672527472527473,1.3928554058074951
Wiki,5,130,282,0.8,0.5,3,0.410711975469175,0.0074106364428945075,0.3973626373626374,1.2751259803771973
Wiki,5,130,282,0.8,0.5,4,0.43366592457601094,0.009400705052878966,0.6224175824175824,1.2730426788330078
Wiki,5,130,282,0.8,0.5,5,0.3978878399028577,0.012387387387387387,0.5639560439560439,1.270249366760254
Wiki,5,130,299,0.85,0.5,1,0.4152090171984501,0.009712837837837838,0.6593406593406593,1.3908636569976807
Wiki,5,130,299,0.85,0.5,2,0.40839325004169136,0.02050326188257223,0.6136263736263736,1.2693700790405273
Wiki,5,130,299,0.85,0.5,3,0.43386892186340303,0.01593901593901594,0.6329670329670329,1.2696161270141602
Wiki,5,130,299,0.85,0.5,4,0.42490944209668763,0.009828009828009828,0.5516483516483517,1.3939731121063232
Wiki,5,130,299,0.85,0.5,5,0.4169109347600702,0.013843111404087014,0.5481318681318681,1.273465633392334
Wiki,5,130,317,0.9,0.5,1,0.44260623106100416,0.02263374485596708,0.5876923076923077,1.2723538875579834
Wiki,5,130,317,0.9,0.5,2,0.40755844028420307,0.010939510939510939,0.4307692307692308,1.2681281566619873
Wiki,5,130,317,0.9,0.5,3,0.3768517603112169,0.018518518518518517,0.4931868131868132,1.4126479625701904
Wiki,5,130,317,0.9,0.5,4,0.3998079519823102,0.013199245757385292,0.5991208791208791,1.3081262111663818
Wiki,5,130,317,0.9,0.5,5,0.4252206909703364,0.015444015444015444,0.6373626373626373,1.2703862190246582
Wiki,5,130,334,0.95,0.5,1,0.37045358852776084,0.023539668700959023,0.7287912087912088,1.3957419395446777
Wiki,5,130,334,0.95,0.5,2,0.40425786077524684,0.011583011583011582,0.5010989010989011,1.271195650100708
Wiki,5,130,334,0.95,0.5,3,0.429096400483899,0.03153153153153153,0.774945054945055,1.2731940746307373
Wiki,5,130,334,0.95,0.5,4,0.39085911945025537,0.02494802494802495,0.6720879120879121,1.270127296447754
Wiki,5,130,334,0.95,0.5,5,0.43921395500648486,0.011128775834658187,0.5859340659340659,1.4005098342895508
Wiki,5,130,352,1,0.5,1,0.382607602476012,0.014800514800514801,0.6567032967032967,1.2714402675628662
Wiki,5,130,352,1,0.5,2,0.4007938487906655,0.012065637065637066,0.6725274725274726,1.2683906555175781
Wiki,5,130,352,1,0.5,3,0.42276933697487806,0.014264264264264264,0.5204395604395604,1.3954641819000244
Wiki,5,130,352,1,0.5,4,0.3971594777134982,0.01901901901901902,0.5296703296703297,1.2685043811798096
Wiki,5,130,352,1,0.5,5,0.3944702362149137,0.019305019305019305,0.7037362637362637,1.2707898616790771
Wiki,6,87,0,0,,0,0.3981143578884212,0.0031426775612822125,0.11993097497842968,
Wiki,6,87,0,0,,0,0.42979657169641794,0.0015444015444015444,0.06341673856773081,
Wiki,6,87,0,0,,0,0.4253788263360042,0.0012474012474012475,0.05220017256255392,
Wiki,6,87,0,0,,0,0.4089345075473979,0.0024024024024024023,0.08800690250215704,
Wiki,6,87,0,0,,0,0.40366607064073357,0.0022522522522522522,0.11475409836065574,
Wiki,6,87,3,0.01,0.5,1,0.4455952827795911,0.004273504273504274,0.21484037963761865,1.2706925868988037
Wiki,6,87,3,0.01,0.5,2,0.4132874002547328,0.0007404664938911515,0.03796376186367558,1.3924922943115234
Wiki,6,87,3,0.01,0.5,3,0.451787887222083,0.001374255611543747,0.08455565142364108,1.2678346633911133
Wiki,6,87,3,0.01,0.5,4,0.4235674356403044,0.0022904260192395786,0.09577221742881795,1.2675678730010986
Wiki,6,87,3,0.01,0.5,5,0.44733716804738166,0.0015667841754798276,0.10353753235547886,1.3955914974212646
Wiki,6,87,15,0.05,0.5,1,0.4419734213478262,0.0026155187445510027,0.16134598792062121,1.2760374546051025
Wiki,6,87,15,0.05,0.5,2,0.3968285114329261,0.001095690284879474,0.07592752372735116,1.269911527633667
Wiki,6,87,15,0.05,0.5,3,0.4125757122735443,0.002844950213371266,0.11647972389991372,1.2857489585876465
Wiki,6,87,15,0.05,0.5,4,0.4575888042091567,0.0017722640673460345,0.13244176013805004,1.3868730068206787
Wiki,6,87,15,0.05,0.5,5,0.42339779670798017,0.0022522522522522522,0.1264020707506471,1.2779877185821533
Wiki,6,87,30,0.1,0.5,1,0.4294083040738539,0.003630496167809601,0.2355478861087144,1.2716946601867676
Wiki,6,87,30,0.1,0.5,2,0.4028703771255463,0.0010263427984946972,0.062122519413287315,1.269042730331421
Wiki,6,87,30,0.1,0.5,3,0.408248368841069,0.0033264033264033266,0.20491803278688525,1.3982875347137451
Wiki,6,87,30,0.1,0.5,4,0.44647170981131246,0.0014609203798392988,0.07075064710957722,1.2665188312530518
Wiki,6,87,30,0.1,0.5,5,0.4073321607878803,0.0018261504747991235,0.16134598792062121,1.2697842121124268
Wiki,6,87,45,0.15,0.5,1,0.4141264992839675,0.0028237192416296895,0.2083692838654012,1.3905179500579834
Wiki,6,87,45,0.15,0.5,2,0.4191153613151468,0.0043997485857950975,0.13891285591026747,1.2734453678131104
Wiki,6,87,45,0.15,0.5,3,0.42540940710865816,0.0030452988199467074,0.17687661777394306,1.2699863910675049
Wiki,6,87,45,0.15,0.5,4,0.4222704593831572,0.003227107704719645,0.23684210526315788,1.2663326263427734
Wiki,6,87,45,0.15,0.5,5,0.4696693930885231,0.0013183915622940012,0.09016393442622951,1.3984498977661133
Wiki,6,87,60,0.2,0.5,1,0.3974214394827996,0.0031426775612822125,0.12338222605694564,1.2728829383850098
Wiki,6,87,60,0.2,0.5,2,0.40907488331095854,0.0069138906348208675,0.2886108714408973,1.2680273056030273
Wiki,6,87,60,0.2,0.5,3,0.43757868135457234,0.005791505791505791,0.29680759275237273,1.3923933506011963
Wiki,6,87,60,0.2,0.5,4,0.43130557684952003,0.0033783783783783786,0.2670405522001726,1.2717273235321045
Wiki,6,87,60,0.2,0.5,5,0.41271308203187607,0.005515719801434087,0.2670405522001726,1.2750353813171387
Wiki,6,87,74,0.25,0.5,1,0.43640127713553734,0.0026646364674533687,0.20103537532355478,1.2695019245147705
Wiki,6,87,74,0.25,0.5,2,0.41921728410274306,0.0035252643948296123,0.1458153580672994,1.4122495651245117
Wiki,6,87,74,0.25,0.5,3,0.42276493019900524,0.0037837837837837837,0.16522864538395168,1.2742230892181396
Wiki,6,87,74,0.25,0.5,4,0.4147379075226722,0.004324324324324324,0.18550474547023296,1.2727065086364746
Wiki,6,87,74,0.25,0.5,5,0.43309277943796365,0.00502828409805154,0.18464193270060397,1.3976280689239502
Wiki,6,87,89,0.3,0.5,1,0.4229340668153318,0.0038314176245210726,0.22993960310612596,1.3024604320526123
Wiki,6,87,89,0.3,0.5,2,0.41730849329528097,0.001987281399046105,0.12208800690250216,1.2699720859527588
Wiki,6,87,89,0.3,0.5,3,0.41422930353865733,0.0029560810810810812,0.1893874029335634,1.2676019668579102
Wiki,6,87,89,0.3,0.5,4,0.4365348472068321,0.003771213073538655,0.16652286453839515,1.3967008590698242
Wiki,6,87,89,0.3,0.5,5,0.4052014573264182,0.00472972972972973,0.19240724762726488,1.2698633670806885
Wiki,6,87,104,0.35,0.5,1,0.3905335748430835,0.007601351351351352,0.28515962036238135,1.2736923694610596
Wiki,6,87,104,0.35,0.5,2,0.4058016281373468,0.011583011583011582,0.3261432269197584,1.3973710536956787
Wiki,6,87,104,0.35,0.5,3,0.4188739668174168,0.001095690284879474,0.08930112165660052,1.2707736492156982
Wiki,6,87,104,0.35,0.5,4,0.4215894075836595,0.005689900426742532,0.2200172562553926,1.2724509239196777
Wiki,6,87,104,0.35,0.5,5,0.41278053533202747,0.003861003861003861,0.2342536669542709,1.266711711883545
Wiki,6,87,119,0.4,0.5,1,0.3774597974360711,0.004804804804804805,0.17817083692838653,1.389817714691162
Wiki,6,87,119,0.4,0.5,2,0.4246060573119848,0.003243243243243243,0.15056082830025885,1.2774829864501953
Wiki,6,87,119,0.4,0.5,3,0.44485767798193004,0.0033264033264033266,0.19585849870578084,1.2684712409973145
Wiki,6,87,119,0.4,0.5,4,0.4386002313912111,0.0045045045045045045,0.2640207075064711,1.3893113136291504
Wiki,6,87,119,0.4,0.5,5,0.4069606176150359,0.004004004004004004,0.1993097497842968,1.27077054977417
Wiki,6,87,134,0.45,0.5,1,0.4224940930879306,0.005092592592592593,0.2942191544434858,1.2716851234436035
Wiki,6,87,134,0.45,0.5,2,0.40100133223087686,0.013513513513513514,0.43054357204486626,1.2675833702087402
Wiki,6,87,134,0.45,0.5,3,0.4185169390452306,0.006462984723854289,0.2817083692838654,1.403637170791626
Wiki,6,87,134,0.45,0.5,4,0.42965413213516473,0.004193849021435228,0.23080241587575495,1.2693264484405518
Wiki,6,87,134,0.45,0.5,5,0.40352462237329567,0.006193693693693694,0.2756686798964625,1.2721285820007324
Wiki,6,87,149,0.5,0.5,1,0.4526520129020815,0.003987594151528578,0.25625539257981017,1.3940410614013672
Wiki,6,87,149,0.5,0.5,2,0.4425514465209353,0.009009009009009009,0.3015530629853322,1.2759389877319336
Wiki,6,87,149,0.5,0.5,3,0.40310892267246407,0.005050505050505051,0.2894736842105263,1.270833969116211
Wiki,6,87,149,0.5,0.5,4,0.4283045327472467,0.004795117698343505,0.2842968075927524,1.2975218296051025
Wiki,6,87,149,0.5,0.5,5,0.4011848063656073,0.0027821939586645467,0.15746333045729077,1.404010534286499
Wiki,6,87,164,0.55,0.5,1,0.3818500980208256,0.006172839506172839,0.39387402933563415,1.2712411880493164
Wiki,6,87,164,0.55,0.5,2,0.45666862190310115,0.022113022113022112,0.4184641932700604,1.2723658084869385
Wiki,6,87,164,0.55,0.5,3,0.40495177847116465,0.006900517538815411,0.3537532355478861,1.3979761600494385
Wiki,6,87,164,0.55,0.5,4,0.4216719545941703,0.0032618825722274,0.1902502157031924,1.2735331058502197
Wiki,6,87,164,0.55,0.5,5,0.4562805466740857,0.007807807807807808,0.359792924935289,1.2683451175689697
Wiki,6,87,179,0.6,0.5,1,0.4130979685129577,0.009266409266409266,0.31363244176013805,1.269707202911377
Wiki,6,87,179,0.6,0.5,2,0.4197960943558259,0.00731981981981982,0.33908541846419327,1.3882699012756348
Wiki,6,87,179,0.6,0.5,3,0.4212862805914058,0.006944444444444444,0.33779119930974977,1.276928424835205
Wiki,6,87,179,0.6,0.5,4,0.4301121109332468,0.007089056269384138,0.4197584124245039,1.270850419998169
Wiki,6,87,179,0.6,0.5,5,0.42573374304569894,0.0046452702702702705,0.28774805867126835,1.2689399719238281
Wiki,6,87,194,0.65,0.5,1,0.40177499999187133,0.007823613086770981,0.25927523727351165,1.3917086124420166
Wiki,6,87,194,0.65,0.5,2,0.419628847296471,0.008479067302596715,0.38524590163934425,1.270890474319458
Wiki,6,87,194,0.65,0.5,3,0.4156229297179896,0.01054713249835201,0.3908541846419327,1.2675163745880127
Wiki,6,87,194,0.65,0.5,4,0.39470623706623176,0.01178101178101178,0.3930112165660052,1.3881721496582031
Wiki,6,87,194,0.65,0.5,5,0.4176529745419642,0.014414414414414415,0.39516824849007764,1.2785038948059082
Wiki,6,87,209,0.7,0.5,1,0.4284548669081332,0.007222222222222222,0.31449525452976707,1.2689008712768555
Wiki,6,87,209,0.7,0.5,2,0.38452284547882415,0.007623007623007623,0.272648835202761,1.2705774307250977
Wiki,6,87,209,0.7,0.5,3,0.42666904869115174,0.005666957279860506,0.32959447799827435,1.3952150344848633
Wiki,6,87,209,0.7,0.5,4,0.4066212900270968,0.013923013923013924,0.4214840379637619,1.2738564014434814
Wiki,6,87,209,0.7,0.5,5,0.4204256818895287,0.017297297297297298,0.4616048317515099,1.2674708366394043
Wiki,6,87,224,0.75,0.5,1,0.4179981041069844,0.010226442658875092,0.3283002588438309,1.387817621231079
Wiki,6,87,224,0.75,0.5,2,0.40254175608758314,0.004700352526439483,0.18636755823986195,1.311431884765625
Wiki,6,87,224,0.75,0.5,3,0.4097924853219981,0.010135135135135136,0.3787748058671268,1.2699947357177734
Wiki,6,87,224,0.75,0.5,4,0.42826729283508197,0.014821272885789015,0.503451251078516,1.266538143157959
Wiki,6,87,224,0.75,0.5,5,0.39751277170986066,0.007050528789659225,0.3088869715271786,1.3920280933380127
Wiki,6,87,238,0.8,0.5,1,0.43363809943435144,0.00945945945945946,0.3559102674719586,1.273061752319336
Wiki,6,87,238,0.8,0.5,2,0.45461972260735645,0.009702009702009701,0.34900776531492667,1.2686748504638672
Wiki,6,87,238,0.8,0.5,3,0.4271742604814849,0.00995732574679943,0.3356341673856773,1.3883552551269531
Wiki,6,87,238,0.8,0.5,4,0.4645250399532901,0.011865524060646011,0.4314063848144953,1.2707629203796387
Wiki,6,87,238,0.8,0.5,5,0.40593744666297243,0.01863932898415657,0.5931837791199309,1.269042730331421
Wiki,6,87,253,0.85,0.5,1,0.41728600764943363,0.01005656819610308,0.39516824849007764,1.26890230178833
Wiki,6,87,253,0.85,0.5,2,0.3856070779586826,0.007936507936507936,0.3805004314063848,1.4011657238006592
Wiki,6,87,253,0.85,0.5,3,0.41179421362889046,0.016047297297297296,0.582830025884383,1.269646406173706
Wiki,6,87,253,0.85,0.5,4,0.43422654695523893,0.022222222222222223,0.5539257981018119,1.2716362476348877
Wiki,6,87,253,0.85,0.5,5,0.4099607425333075,0.012205754141238012,0.39603106125970666,1.3889188766479492
Wiki,6,87,268,0.9,0.5,1,0.42223577296241926,0.016016016016016016,0.46635030198446936,1.2760295867919922
Wiki,6,87,268,0.9,0.5,2,0.43946346871185965,0.018018018018018018,0.5599654874892148,1.2690114974975586
Wiki,6,87,268,0.9,0.5,3,0.44074627704644936,0.00988793671720501,0.39473684210526316,1.390667200088501
Wiki,6,87,268,0.9,0.5,4,0.41423776289009767,0.010135135135135136,0.5297670405522001,1.2707741260528564
Wiki,6,87,268,0.9,0.5,5,0.4069169644656096,0.01463963963963964,0.3524590163934426,1.2699730396270752
Wiki,6,87,283,0.95,0.5,1,0.4364607531893843,0.006756756756756757,0.3364969801553063,1.2690849304199219
Wiki,6,87,283,0.95,0.5,2,0.3730935220074166,0.00881316098707403,0.3869715271786022,1.4011330604553223
Wiki,6,87,283,0.95,0.5,3,0.37900795215346716,0.017707362534948742,0.5345125107851596,1.2703239917755127
Wiki,6,87,283,0.95,0.5,4,0.38870794747618553,0.007112375533428165,0.4214840379637619,1.269434928894043
Wiki,6,87,283,0.95,0.5,5,0.4049543217928484,0.012698412698412698,0.40207075064710956,1.4109206199645996
Wiki,6,87,298,1,0.5,1,0.43303282310296626,0.013148283418553688,0.5185504745470233,1.2686467170715332
Wiki,6,87,298,1,0.5,2,0.3982724107292558,0.0171990171990172,0.6190681622088007,1.2700552940368652
Wiki,6,87,298,1,0.5,3,0.39031408202520335,0.011379800853485065,0.4499568593615185,1.2698533535003662
Wiki,6,87,298,1,0.5,4,0.37753078094708,0.01126126126126126,0.3528904227782571,1.3919169902801514
Wiki,6,87,298,1,0.5,5,0.36629589877575724,0.00882515168229454,0.43183779119930976,1.2693169116973877
Wiki,7,1,0,0,,0,0.4845813516078561,0.0,0.037853577371048254,
Wiki,7,1,0,0,,0,0.43653499165283355,0.0,0.004991680532445923,
Wiki,7,1,0,0,,0,0.41884400526621324,0.0,0.032029950083194675,
Wiki,7,1,0,0,,0,0.4319289392709968,0.0,0.03161397670549085,
Wiki,7,1,0,0,,0,0.4662077896998426,0.0,0.0370216306156406,
Wiki,7,1,0,0.01,0.5,1,0.41509931158913066,0.0,0.019966722129783693,1.2695863246917725
Wiki,7,1,0,0.01,0.5,2,0.424719061740506,0.0,0.022462562396006656,1.389610767364502
Wiki,7,1,0,0.01,0.5,3,0.44051979490591264,0.0,0.022878535773710483,1.2675046920776367
Wiki,7,1,0,0.01,0.5,4,0.4539222828464983,0.0,0.01372712146422629,1.2671988010406494
Wiki,7,1,0,0.01,0.5,5,0.4414796135793571,0.0,0.04118136439267887,1.3777284622192383
Wiki,7,1,0,0.05,0.5,1,0.4071681748581001,0.0,0.048252911813643926,1.270258903503418
Wiki,7,1,0,0.05,0.5,2,0.4607814913213883,0.0,0.014975041597337771,1.2782318592071533
Wiki,7,1,0,0.05,0.5,3,0.4200247180055814,0.0,0.03577371048252912,1.2711124420166016
Wiki,7,1,0,0.05,0.5,4,0.41143570241316674,0.0,0.0324459234608985,1.3866665363311768
Wiki,7,1,0,0.05,0.5,5,0.4481703020486544,0.0,0.04409317803660566,1.2658953666687012
Wiki,7,1,0,0.1,0.5,1,0.46149896402483565,0.0,0.03993344425956739,1.270158290863037
Wiki,7,1,0,0.1,0.5,2,0.41815216212795076,0.0,0.014143094841930116,1.3848249912261963
Wiki,7,1,0,0.1,0.5,3,0.40256000259138075,0.0,0.021630615640599003,1.2671339511871338
Wiki,7,1,0,0.1,0.5,4,0.4394663543265107,0.0,0.025790349417637273,1.275723934173584
Wiki,7,1,0,0.1,0.5,5,0.49325581128109924,0.0,0.03951747088186356,1.3128011226654053
Wiki,7,1,0,0.15,0.5,1,0.38867019308076767,0.0,0.029950083194675542,1.3756113052368164
Wiki,7,1,0,0.15,0.5,2,0.4231580542185418,0.0,0.02745424292845258,1.274606466293335
Wiki,7,1,0,0.15,0.5,3,0.44466953790251523,0.0,0.032029950083194675,1.2694718837738037
Wiki,7,1,0,0.15,0.5,4,0.43466113052102545,0.0,0.026622296173044926,1.2687630653381348
Wiki,7,1,0,0.15,0.5,5,0.41218828734628504,0.0,0.024958402662229616,1.3923487663269043
Wiki,7,1,0,0.2,0.5,1,0.4142945819169308,0.0,0.039101497504159734,1.273245096206665
Wiki,7,1,0,0.2,0.5,2,0.46007252153333045,0.0,0.03743760399334443,1.2697956562042236
Wiki,7,1,0,0.2,0.5,3,0.4440238408110107,0.0,0.009151414309484194,1.3809821605682373
Wiki,7,1,0,0.2,0.5,4,0.403273025370422,0.0,0.035357737104825294,1.2686777114868164
Wiki,7,1,0,0.2,0.5,5,0.4565654243561048,0.0,0.04076539101497504,1.269068717956543
Wiki,7,1,0,0.25,0.5,1,0.42233686979104124,0.0,0.024958402662229616,1.270085334777832
Wiki,7,1,0,0.25,0.5,2,0.41760852207072596,0.0,0.03036605657237937,1.390500783920288
Wiki,7,1,0,0.25,0.5,3,0.44400796621771205,0.0,0.03826955074875208,1.2747490406036377
Wiki,7,1,0,0.25,0.5,4,0.42827369574689467,0.0,0.03119800332778702,1.2685599327087402
Wiki,7,1,0,0.25,0.5,5,0.45722595979246106,0.0,0.03868552412645591,1.3783249855041504
Wiki,7,1,0,0.3,0.5,1,0.39724867226067323,0.0,0.020798668885191347,1.2728056907653809
Wiki,7,1,0,0.3,0.5,2,0.41259349219640323,0.0,0.01788685524126456,1.2741734981536865
Wiki,7,1,0,0.3,0.5,3,0.43034587750786196,0.0,0.03743760399334443,1.2706425189971924
Wiki,7,1,0,0.3,0.5,4,0.39375495435554736,0.0,0.033277870216306155,1.386878252029419
Wiki,7,1,0,0.3,0.5,5,0.4755563942046638,0.0,0.016638935108153077,1.2665374279022217
Wiki,7,1,0,0.35,0.5,1,0.3968115413422655,0.0,0.033277870216306155,1.2685954570770264
Wiki,7,1,0,0.35,0.5,2,0.46755449194993454,0.0,0.03868552412645591,1.3898208141326904
Wiki,7,1,0,0.35,0.5,3,0.4030740437611143,0.0,0.02454242928452579,1.2742722034454346
Wiki,7,1,0,0.35,0.5,4,0.455211041313763,0.0,0.03993344425956739,1.2696013450622559
Wiki,7,1,0,0.35,0.5,5,0.4809116903516748,0.0,0.03036605657237937,1.2730581760406494
Wiki,7,1,0,0.4,0.5,1,0.3938898868971721,0.0,0.019550748752079867,1.377699613571167
Wiki,7,1,0,0.4,0.5,2,0.4474653664873278,0.0,0.029118136439267885,1.2690699100494385
Wiki,7,1,0,0.4,0.5,3,0.41556957159059227,0.0,0.04159733777038269,1.2681972980499268
Wiki,7,1,0,0.4,0.5,4,0.47534522551027947,0.0,0.03161397670549085,1.2652814388275146
Wiki,7,1,0,0.4,0.5,5,0.44869635299740873,0.0,0.025374376039933443,1.3892185688018799
Wiki,7,1,0,0.45,0.5,1,0.41686844100228426,0.0,0.019966722129783693,1.2655088901519775
Wiki,7,1,0,0.45,0.5,2,0.43722333203643504,0.0,0.014975041597337771,1.2702765464782715
Wiki,7,1,0,0.45,0.5,3,0.38001292200653086,0.0,0.032029950083194675,1.3816699981689453
Wiki,7,1,0,0.45,0.5,4,0.41816499926769873,0.0,0.03743760399334443,1.2763524055480957
Wiki,7,1,0,0.45,0.5,5,0.4175546787072706,0.0,0.016638935108153077,1.26753830909729
Wiki,7,1,0,0.5,0.5,1,0.4437950371639071,0.0,0.012479201331114808,1.2714991569519043
Wiki,7,1,0,0.5,0.5,2,0.40098085502121317,0.0,0.02870216306156406,1.385770320892334
Wiki,7,1,0,0.5,0.5,3,0.40568314788257964,0.0,0.022878535773710483,1.2711453437805176
Wiki,7,1,0,0.5,0.5,4,0.4042153263007198,0.0,0.0262063227953411,1.2668280601501465
Wiki,7,1,0,0.5,0.5,5,0.4397892247057783,0.0,0.025790349417637273,1.3772530555725098
Wiki,7,1,0,0.55,0.5,1,0.45202221002061393,0.0,0.022462562396006656,1.2746334075927734
Wiki,7,1,0,0.55,0.5,2,0.4551240321662214,0.0,0.029950083194675542,1.273651361465454
Wiki,7,1,0,0.55,0.5,3,0.42436175013548066,0.0,0.021630615640599003,1.268890619277954
Wiki,7,1,0,0.55,0.5,4,0.41119754700381145,0.0,0.02038269550748752,1.3857238292694092
Wiki,7,1,0,0.55,0.5,5,0.4108059995704271,0.0,0.042429284525790346,1.2684111595153809
Wiki,7,1,0,0.6,0.5,1,0.43385406204220195,0.0,0.02204658901830283,1.2970302104949951
Wiki,7,1,0,0.6,0.5,2,0.39995148992821106,0.0,0.021630615640599003,1.3867058753967285
Wiki,7,1,0,0.6,0.5,3,0.4128443420545341,0.0,0.025374376039933443,1.2713041305541992
Wiki,7,1,0,0.6,0.5,4,0.45424440208183986,0.0,0.033277870216306155,1.2691354751586914
Wiki,7,1,0,0.6,0.5,5,0.4015822856526914,0.0,0.029118136439267885,1.2694458961486816
Wiki,7,1,0,0.65,0.5,1,0.45196271548068856,0.0,0.021630615640599003,1.3754522800445557
Wiki,7,1,0,0.65,0.5,2,0.467663439466733,0.0,0.02204658901830283,1.2688837051391602
Wiki,7,1,0,0.65,0.5,3,0.41269026074594267,0.0,0.029534109816971715,1.2677059173583984
Wiki,7,1,0,0.65,0.5,4,0.41532568659282276,0.0,0.019966722129783693,1.2666866779327393
Wiki,7,1,0,0.65,0.5,5,0.43257626503250274,0.0,0.023710482529118136,1.3864357471466064
Wiki,7,1,0,0.7,0.5,1,0.4543584918478172,0.0,0.029118136439267885,1.2692208290100098
Wiki,7,1,0,0.7,0.5,2,0.41137260264691555,0.0,0.024126455906821963,1.270378828048706
Wiki,7,1,0,0.7,0.5,3,0.4538876466543868,0.0,0.01788685524126456,1.379955768585205
Wiki,7,1,0,0.7,0.5,4,0.4364833967475936,0.0,0.025374376039933443,1.2690050601959229
Wiki,7,1,0,0.7,0.5,5,0.4201636114915117,0.0,0.018718801996672214,1.2699880599975586
Wiki,7,1,0,0.75,0.5,1,0.4072001170047195,0.0,0.033277870216306155,1.2663695812225342
Wiki,7,1,0,0.75,0.5,2,0.4232173627987656,0.0,0.023710482529118136,1.3874480724334717
Wiki,7,1,0,0.75,0.5,3,0.44673926432918765,0.0,0.02745424292845258,1.267549753189087
Wiki,7,1,0,0.75,0.5,4,0.40901502052687966,0.0,0.03494176372712146,1.2705130577087402
Wiki,7,1,0,0.75,0.5,5,0.4628560417428719,0.0,0.020798668885191347,1.3765573501586914
Wiki,7,1,0,0.8,0.5,1,0.4181157173918577,0.0,0.0262063227953411,1.2725985050201416
Wiki,7,1,0,0.8,0.5,2,0.40898247618204164,0.0,0.022462562396006656,1.2712516784667969
Wiki,7,1,0,0.8,0.5,3,0.46279175569908976,0.0,0.028286189683860232,1.2686834335327148
Wiki,7,1,0,0.8,0.5,4,0.4248856713679437,0.0,0.03369384359400998,1.418694257736206
Wiki,7,1,0,0.8,0.5,5,0.4260536097639707,0.0,0.029118136439267885,1.2706964015960693
Wiki,7,1,0,0.85,0.5,1,0.4744335314228957,0.0,0.0262063227953411,1.2704064846038818
Wiki,7,1,0,0.85,0.5,2,0.45759729155787665,0.0,0.033277870216306155,1.3868920803070068
Wiki,7,1,0,0.85,0.5,3,0.38611241367703497,0.0,0.03826955074875208,1.272859811782837
Wiki,7,1,0,0.85,0.5,4,0.44567827470405375,0.0,0.03494176372712146,1.2682747840881348
Wiki,7,1,0,0.85,0.5,5,0.40948177070111985,0.0,0.014975041597337771,1.2693805694580078
Wiki,7,1,0,0.9,0.5,1,0.38680159614565407,0.0,0.03286189683860233,1.3791828155517578
Wiki,7,1,0,0.9,0.5,2,0.4299175817647909,0.0,0.02454242928452579,1.275343894958496
Wiki,7,1,0,0.9,0.5,3,0.38910648541986964,0.0,0.01622296173044925,1.274183750152588
Wiki,7,1,0,0.9,0.5,4,0.4091687060038141,0.0,0.014559068219633943,1.2709095478057861
Wiki,7,1,0,0.9,0.5,5,0.4626888879752408,0.0,0.028286189683860232,1.3889904022216797
Wiki,7,1,0,0.95,0.5,1,0.421504293062649,0.0,0.033277870216306155,1.2696473598480225
Wiki,7,1,0,0.95,0.5,2,0.40265882504734496,0.0,0.026622296173044926,1.2689909934997559
Wiki,7,1,0,0.95,0.5,3,0.39843507536369716,0.0,0.03119800332778702,1.375152826309204
Wiki,7,1,0,0.95,0.5,4,0.40499068728189813,0.0,0.03119800332778702,1.33017897605896
Wiki,7,1,0,0.95,0.5,5,0.4159468132766086,0.0,0.032029950083194675,1.2703843116760254
Wiki,7,1,0,1,0.5,1,0.4098341556482963,0.0,0.027870216306156406,1.2670080661773682
Wiki,7,1,0,1,0.5,2,0.42130889320686493,0.0,0.03826955074875208,1.393766164779663
Wiki,7,1,0,1,0.5,3,0.44660985436115624,0.0,0.039101497504159734,1.2762322425842285
Wiki,7,1,0,1,0.5,4,0.44439137309309057,0.0,0.015391014975041598,1.2764523029327393
Wiki,7,1,0,1,0.5,5,0.42278101063838464,0.0,0.01747088186356073,1.416013240814209
Wiki,8,100,0,0,,0,0.45597163092623666,0.0026050146532074245,0.16399132321041215,
Wiki,8,100,0,0,,0,0.413973784508059,0.0023501762632197414,0.11973969631236442,
Wiki,8,100,0,0,,0,0.4341684434827153,0.0013684570646595963,0.08546637744034707,
Wiki,8,100,0,0,,0,0.4280093736906608,0.0025225225225225223,0.2,
Wiki,8,100,0,0,,0,0.41241963467592113,0.0009768804949527841,0.0737527114967462,
Wiki,8,100,3,0.01,0.5,1,0.4658089571774264,0.0013183915622940012,0.12711496746203904,1.2822344303131104
Wiki,8,100,3,0.01,0.5,2,0.4304060165288588,0.0012919896640826874,0.12190889370932755,1.2699122428894043
Wiki,8,100,3,0.01,0.5,3,0.4232703334516558,0.002533783783783784,0.14013015184381777,1.2694790363311768
Wiki,8,100,3,0.01,0.5,4,0.4848246115613058,0.002191380569758948,0.13969631236442517,1.3944134712219238
Wiki,8,100,3,0.01,0.5,5,0.4225881873444263,0.003309431880860452,0.1314533622559653,1.2767176628112793
Wiki,8,100,15,0.05,0.5,1,0.4559107529043989,0.0018768768768768769,0.0893709327548807,1.2721211910247803
Wiki,8,100,15,0.05,0.5,2,0.42063953543803684,0.0013183915622940012,0.08720173535791757,1.3904192447662354
Wiki,8,100,15,0.05,0.5,3,0.44985857818462444,0.0045045045045045045,0.2954446854663774,1.2794463634490967
Wiki,8,100,15,0.05,0.5,4,0.47473981722832076,0.0016891891891891893,0.11236442516268981,1.2707035541534424
Wiki,8,100,15,0.05,0.5,5,0.436359772625513,0.003133568350959655,0.22559652928416485,1.2706503868103027
Wiki,8,100,31,0.1,0.5,1,0.48022624634884836,0.0011750881316098707,0.05336225596529284,1.3972795009613037
Wiki,8,100,31,0.1,0.5,2,0.45885178793720727,0.0023148148148148147,0.15661605206073753,1.273805856704712
Wiki,8,100,31,0.1,0.5,3,0.426076700152828,0.004158004158004158,0.175704989154013,1.2722125053405762
Wiki,8,100,31,0.1,0.5,4,0.41921474249621454,0.0036036036036036037,0.16529284164859,1.3902571201324463
Wiki,8,100,31,0.1,0.5,5,0.40567273128708836,0.0033264033264033266,0.168763557483731,1.2728111743927002
Wiki,8,100,46,0.15,0.5,1,0.4316617305889598,0.0016281341582546401,0.13752711496746203,1.270174264907837
Wiki,8,100,46,0.15,0.5,2,0.438928611113186,0.0029560810810810812,0.1809110629067245,1.2713990211486816
Wiki,8,100,46,0.15,0.5,3,0.3992407449022955,0.003432003432003432,0.15661605206073753,1.3961491584777832
Wiki,8,100,46,0.15,0.5,4,0.4265873213236136,0.0037313432835820895,0.23731019522776572,1.2718446254730225
Wiki,8,100,46,0.15,0.5,5,0.39887324247326966,0.005273566249176005,0.2542299349240781,1.2729618549346924
Wiki,8,100,61,0.2,0.5,1,0.446561751908188,0.005456349206349206,0.2859002169197397,1.4043457508087158
Wiki,8,100,61,0.2,0.5,2,0.4139315513835583,0.0024366471734892786,0.12017353579175705,1.2708160877227783
Wiki,8,100,61,0.2,0.5,3,0.43970507636223327,0.0020475020475020475,0.11453362255965292,1.2731819152832031
Wiki,8,100,61,0.2,0.5,4,0.46597025655794744,0.0018261504747991235,0.1019522776572668,1.273228645324707
Wiki,8,100,61,0.2,0.5,5,0.4343723827333357,0.0025225225225225223,0.14446854663774403,1.3989489078521729
Wiki,8,100,76,0.25,0.5,1,0.41914004492243356,0.0056568196103079825,0.2229934924078091,1.2704641819000244
Wiki,8,100,76,0.25,0.5,2,0.40892418698675786,0.004267425320056899,0.21431670281995663,1.2698895931243896
Wiki,8,100,76,0.25,0.5,3,0.4073964262556704,0.004158004158004158,0.26073752711496745,1.3909482955932617
Wiki,8,100,76,0.25,0.5,4,0.4396442937234718,0.004201680672268907,0.28199566160520606,1.271477222442627
Wiki,8,100,76,0.25,0.5,5,0.4291662994861714,0.0037422037422037424,0.2507592190889371,1.2716875076293945
Wiki,8,100,92,0.3,0.5,1,0.44357831013008525,0.004054054054054054,0.22039045553145337,1.273271083831787
Wiki,8,100,92,0.3,0.5,2,0.4039116891045425,0.004633204633204633,0.31843817787418655,1.4167468547821045
Wiki,8,100,92,0.3,0.5,3,0.3797834788259057,0.0035696073431922487,0.1735357917570499,1.276392936706543
Wiki,8,100,92,0.3,0.5,4,0.42333916204361244,0.003243243243243243,0.22342733188720174,1.2717833518981934
Wiki,8,100,92,0.3,0.5,5,0.4329418017988732,0.0028957528957528956,0.16399132321041215,1.4020321369171143
Wiki,8,100,107,0.35,0.5,1,0.42040965379375467,0.005955107650022904,0.3557483731019523,1.276357889175415
Wiki,8,100,107,0.35,0.5,2,0.4237502963123255,0.005005005005005005,0.19869848156182213,1.2694811820983887
Wiki,8,100,107,0.35,0.5,3,0.47294800610674875,0.004826254826254826,0.28026030368763555,1.2684967517852783
Wiki,8,100,107,0.35,0.5,4,0.42600038234003923,0.0047694753577106515,0.34099783080260304,1.3965680599212646
Wiki,8,100,107,0.35,0.5,5,0.40995880724257766,0.00881316098707403,0.35878524945770063,1.270247459411621
Wiki,8,100,122,0.4,0.5,1,0.375310809324087,0.008744038155802861,0.3297180043383948,1.2705342769622803
Wiki,8,100,122,0.4,0.5,2,0.39658284290425033,0.0045045045045045045,0.2789587852494577,1.3985531330108643
Wiki,8,100,122,0.4,0.5,3,0.39807514895023505,0.007027027027027027,0.3631236442516269,1.2749693393707275
Wiki,8,100,122,0.4,0.5,4,0.451659425635362,0.0032562683165092803,0.2611713665943601,1.307384729385376
Wiki,8,100,122,0.4,0.5,5,0.44127911130033654,0.007716049382716049,0.20954446854663775,1.2746593952178955
Wiki,8,100,138,0.45,0.5,1,0.4531820229179524,0.003088803088803089,0.2438177874186551,1.388183355331421
Wiki,8,100,138,0.45,0.5,2,0.4256907456068907,0.016891891891891893,0.36529284164859,1.275867223739624
Wiki,8,100,138,0.45,0.5,3,0.4215764496733991,0.0043859649122807015,0.2741865509761388,1.2761647701263428
Wiki,8,100,138,0.45,0.5,4,0.3958540390195855,0.008569545154911009,0.3657266811279826,1.3923661708831787
Wiki,8,100,138,0.45,0.5,5,0.42748438963295504,0.007882882882882882,0.3718004338394794,1.2748243808746338
Wiki,8,100,153,0.5,0.5,1,0.4462556310376618,0.005125815470643057,0.32190889370932757,1.2712759971618652
Wiki,8,100,153,0.5,0.5,2,0.4167240939944326,0.006164058795637743,0.33796095444685464,1.2704074382781982
Wiki,8,100,153,0.5,0.5,3,0.38421357383225563,0.005647438483259379,0.3249457700650759,1.3973255157470703
Wiki,8,100,153,0.5,0.5,4,0.43818858654480297,0.005875440658049354,0.21865509761388285,1.2720160484313965
Wiki,8,100,153,0.5,0.5,5,0.3992893544544041,0.007251153592617007,0.28199566160520606,1.2725279331207275
Wiki,8,100,168,0.55,0.5,1,0.44928560368643666,0.010620915032679739,0.32017353579175706,1.395723581314087
Wiki,8,100,168,0.55,0.5,2,0.44065223865282205,0.004430660168365086,0.206941431670282,1.2774467468261719
Wiki,8,100,168,0.55,0.5,3,0.41681468786709663,0.006629270780214177,0.35878524945770063,1.2688329219818115
Wiki,8,100,168,0.55,0.5,4,0.4612408940407195,0.006462984723854289,0.2885032537960954,1.2726738452911377
Wiki,8,100,168,0.55,0.5,5,0.43099726173121156,0.004873294346978557,0.217353579175705,1.4073617458343506
Wiki,8,100,184,0.6,0.5,1,0.4274856316389452,0.00763807285546416,0.31843817787418655,1.272547960281372
Wiki,8,100,184,0.6,0.5,2,0.4336188966273997,0.007276507276507277,0.3670281995661605,1.2698023319244385
Wiki,8,100,184,0.6,0.5,3,0.3871436587016952,0.01748971193415638,0.4290672451193059,1.401949405670166
Wiki,8,100,184,0.6,0.5,4,0.4229411240673787,0.007882882882882882,0.4303687635574837,1.2728512287139893
Wiki,8,100,184,0.6,0.5,5,0.43693825032973743,0.0071392146863844975,0.3370932754880694,1.2732691764831543
Wiki,8,100,199,0.65,0.5,1,0.4054039815976242,0.010251630941286114,0.2911062906724512,1.270148515701294
Wiki,8,100,199,0.65,0.5,2,0.4186082311181502,0.012698412698412698,0.462472885032538,1.4015772342681885
Wiki,8,100,199,0.65,0.5,3,0.41428560483089033,0.007475560667050029,0.3436008676789588,1.280421257019043
Wiki,8,100,199,0.65,0.5,4,0.40230787240520793,0.0065011820330969266,0.2967462039045553,1.2736258506774902
Wiki,8,100,199,0.65,0.5,5,0.4122497251569905,0.013127413127413128,0.4078091106290672,1.3887109756469727
Wiki,8,100,214,0.7,0.5,1,0.4284878927506517,0.006756756756756757,0.30325379609544467,1.2798445224761963
Wiki,8,100,214,0.7,0.5,2,0.4385774053872751,0.0038580246913580245,0.2720173535791757,1.2724549770355225
Wiki,8,100,214,0.7,0.5,3,0.3951689059752842,0.012205754141238012,0.389587852494577,1.268601417541504
Wiki,8,100,214,0.7,0.5,4,0.43466525571843306,0.008108108108108109,0.41691973969631235,1.4020190238952637
Wiki,8,100,214,0.7,0.5,5,0.4250217871452086,0.008648648648648649,0.4190889370932755,1.2711069583892822
Wiki,8,100,230,0.75,0.5,1,0.4390740138581611,0.008625646923519264,0.368763557483731,1.27069091796875
Wiki,8,100,230,0.75,0.5,2,0.4287822459950027,0.013532763532763533,0.5240780911062907,1.3995835781097412
Wiki,8,100,230,0.75,0.5,3,0.3788460131515739,0.007089056269384138,0.44685466377440347,1.271242380142212
Wiki,8,100,230,0.75,0.5,4,0.4516653214276164,0.007007007007007007,0.3739696312364425,1.274122953414917
Wiki,8,100,230,0.75,0.5,5,0.39143501940924347,0.012162162162162163,0.4490238611713666,1.2721664905548096
Wiki,8,100,245,0.8,0.5,1,0.4236738135316168,0.005009107468123861,0.3262472885032538,1.39894700050354
Wiki,8,100,245,0.8,0.5,2,0.3740660033401762,0.009009009009009009,0.45770065075921906,1.2728254795074463
Wiki,8,100,245,0.8,0.5,3,0.3785347780976241,0.007337526205450734,0.43383947939262474,1.270509958267212
Wiki,8,100,245,0.8,0.5,4,0.4198899334915161,0.015432098765432098,0.5375271149674621,1.4009602069854736
Wiki,8,100,245,0.8,0.5,5,0.4440758364014767,0.014264264264264264,0.5436008676789588,1.2764475345611572
Wiki,8,100,260,0.85,0.5,1,0.39551708146660036,0.007293007293007293,0.4785249457700651,1.2740602493286133
Wiki,8,100,260,0.85,0.5,2,0.37156822280097146,0.010620915032679739,0.37093275488069416,1.2712500095367432
Wiki,8,100,260,0.85,0.5,3,0.4188991132684895,0.012802275960170697,0.5436008676789588,1.3905832767486572
Wiki,8,100,260,0.85,0.5,4,0.404582404621226,0.005855855855855856,0.3175704989154013,1.2741267681121826
Wiki,8,100,260,0.85,0.5,5,0.44362692164677847,0.011056511056511056,0.502819956616052,1.3067102432250977
Wiki,8,100,275,0.9,0.5,1,0.39395570913044714,0.01532567049808429,0.4524945770065076,1.2722046375274658
Wiki,8,100,275,0.9,0.5,2,0.38456199837226296,0.00975975975975976,0.3579175704989154,1.3946685791015625
Wiki,8,100,275,0.9,0.5,3,0.4258384853360016,0.009189189189189189,0.5045553145336226,1.2736051082611084
Wiki,8,100,275,0.9,0.5,4,0.3632606926785535,0.012566137566137565,0.5297180043383948,1.273261308670044
Wiki,8,100,275,0.9,0.5,5,0.4200007593474229,0.007142857142857143,0.4655097613882863,1.3947861194610596
Wiki,8,100,291,0.95,0.5,1,0.4374070907824781,0.012387387387387387,0.5587852494577007,1.276841402053833
Wiki,8,100,291,0.95,0.5,2,0.43347324905292983,0.01054713249835201,0.40997830802603036,1.272892713546753
Wiki,8,100,291,0.95,0.5,3,0.44267314806426034,0.022326674500587545,0.5062906724511931,1.274738073348999
Wiki,8,100,291,0.95,0.5,4,0.3956007914530202,0.015522875816993464,0.5488069414316703,1.3966128826141357
Wiki,8,100,291,0.95,0.5,5,0.3794829072409788,0.013148283418553688,0.4780911062906725,1.273026704788208
Wiki,8,100,306,1,0.5,1,0.38379615536594314,0.014742014742014743,0.4247288503253796,1.2729787826538086
Wiki,8,100,306,1,0.5,2,0.412339050704106,0.018018018018018018,0.5019522776572668,1.3933329582214355
Wiki,8,100,306,1,0.5,3,0.4296963904416954,0.01178101178101178,0.44815618221258136,1.2766358852386475
Wiki,8,100,306,1,0.5,4,0.4075792892464473,0.011583011583011582,0.39566160520607374,1.2740929126739502
Wiki,8,100,306,1,0.5,5,0.38899737982887944,0.013183915622940013,0.5644251626898048,1.2696871757507324
Wiki,9,28,0,0,,0,0.45236014600182073,0.002574002574002574,0.05805637358014304,
Wiki,9,28,0,0,,0,0.4551401195995862,0.0010683760683760685,0.030290281867900715,
Wiki,9,28,0,0,,0,0.44933216883689064,0.002079002079002079,0.0740429112326462,
Wiki,9,28,0,0,,0,0.4556934919715939,0.001001001001001001,0.023559108119478336,
Wiki,9,28,0,0,,0,0.4328840489010235,0.0,0.019352124526714348,
Wiki,9,28,1,0.01,0.5,1,0.42263357701528675,0.001001001001001001,0.04459402608329827,1.2707467079162598
Wiki,9,28,1,0.01,0.5,2,0.42208825095352515,0.006613756613756613,0.15523769457299116,1.2689967155456543
Wiki,9,28,1,0.01,0.5,3,0.4816891854723177,0.0010395010395010396,0.03323517038283551,1.3859031200408936
Wiki,9,28,1,0.01,0.5,4,0.40346476078569654,0.0011261261261261261,0.050904501472444255,1.278364658355713
Wiki,9,28,1,0.01,0.5,5,0.41502117585502935,0.004700352526439483,0.12158182583087926,1.2875802516937256
Wiki,9,28,6,0.05,0.5,1,0.4063908347104716,0.0023501762632197414,0.0736222128733698,1.2732291221618652
Wiki,9,28,6,0.05,0.5,2,0.4345549213926068,0.002079002079002079,0.06268405553218342,1.3829607963562012
Wiki,9,28,6,0.05,0.5,3,0.4057379112661688,0.001001001001001001,0.015145140933950358,1.2743220329284668
Wiki,9,28,6,0.05,0.5,4,0.46186875547376427,0.003861003861003861,0.11190576356752209,1.273336410522461
Wiki,9,28,6,0.05,0.5,5,0.43515900668469126,0.002162162162162162,0.09507782919646614,1.3998310565948486
Wiki,9,28,12,0.1,0.5,1,0.41563059616541526,0.001001001001001001,0.02860748843079512,1.277730941772461
Wiki,9,28,12,0.1,0.5,2,0.4349552861914631,0.0033783783783783786,0.08792595708876735,1.2704055309295654
Wiki,9,28,12,0.1,0.5,3,0.37193652726995613,0.0011261261261261261,0.01766933108960875,1.2697720527648926
Wiki,9,28,12,0.1,0.5,4,0.4341348797909871,0.0033783783783783786,0.06352545225073622,1.3901007175445557
Wiki,9,28,12,0.1,0.5,5,0.4289785266397169,0.002079002079002079,0.055952881783761045,1.2773973941802979
Wiki,9,28,18,0.15,0.5,1,0.4026736586667572,0.002079002079002079,0.04249053428691628,1.2730543613433838
Wiki,9,28,18,0.15,0.5,2,0.3952974877633027,0.0,0.018931426167437947,1.389983892440796
Wiki,9,28,18,0.15,0.5,3,0.4578066816676049,0.002457002457002457,0.04585612116112747,1.275484323501587
Wiki,9,28,18,0.15,0.5,4,0.4523504157888008,0.008534850640113799,0.1754312158182583,1.272162675857544
Wiki,9,28,18,0.15,0.5,5,0.42880867847497334,0.005689900426742532,0.1451409339503576,1.2677650451660156
Wiki,9,28,24,0.2,0.5,1,0.418405594623371,0.001001001001001001,0.05300799326882625,1.3912005424499512
Wiki,9,28,24,0.2,0.5,2,0.4567644349520592,0.0023501762632197414,0.058897770298695834,1.2705044746398926
Wiki,9,28,24,0.2,0.5,3,0.44930258779035626,0.004700352526439483,0.09423643247791334,1.271125078201294
Wiki,9,28,24,0.2,0.5,4,0.4290580765414977,0.002457002457002457,0.05931846865797223,1.3909988403320312
Wiki,9,28,24,0.2,0.5,5,0.46773536721662773,0.003243243243243243,0.07656710138830458,1.2788960933685303
Wiki,9,28,30,0.25,0.5,1,0.4418276559855478,0.002079002079002079,0.06268405553218342,1.2704720497131348
Wiki,9,28,30,0.25,0.5,2,0.3876168021817391,0.0025252525252525255,0.0689945309213294,1.27406907081604
Wiki,9,28,30,0.25,0.5,3,0.40721577431272693,0.004914004914004914,0.10685738325620531,1.412766695022583
Wiki,9,28,30,0.25,0.5,4,0.4791756719420187,0.00102880658436214,0.06310475389145982,1.272346019744873
Wiki,9,28,30,0.25,0.5,5,0.38965785520611596,0.0,0.022717711400925537,1.2716405391693115
Wiki,9,28,35,0.3,0.5,1,0.40358584649016854,0.003243243243243243,0.09213294068153134,1.3893041610717773
Wiki,9,28,35,0.3,0.5,2,0.44164101830035657,0.001081081081081081,0.07740849810685739,1.273216962814331
Wiki,9,28,35,0.3,0.5,3,0.44048124963775287,0.002079002079002079,0.07278081615481699,1.2707316875457764
Wiki,9,28,35,0.3,0.5,4,0.43191004717118175,0.0012626262626262627,0.04711821623895667,1.3906755447387695
Wiki,9,28,35,0.3,0.5,5,0.41897736146605763,0.0035252643948296123,0.09507782919646614,1.2748119831085205
Wiki,9,28,41,0.35,0.5,1,0.4772147312114795,0.002079002079002079,0.06983592763988221,1.271247148513794
Wiki,9,28,41,0.35,0.5,2,0.39667771366555954,0.0033333333333333335,0.06647034076567102,1.2714204788208008
Wiki,9,28,41,0.35,0.5,3,0.43865418399527734,0.0045045045045045045,0.12999579301640724,1.3968501091003418
Wiki,9,28,41,0.35,0.5,4,0.42659101268861865,0.008108108108108109,0.15439629785443837,1.273634910583496
Wiki,9,28,41,0.35,0.5,5,0.42348739245765643,0.0036855036855036856,0.1047538914598233,1.2684626579284668
Wiki,9,28,47,0.4,0.5,1,0.47947433747347373,0.006142506142506142,0.15313420277660916,1.3912780284881592
Wiki,9,28,47,0.4,0.5,2,0.4429690395011103,0.005875440658049354,0.139251156920488,1.2791955471038818
Wiki,9,28,47,0.4,0.5,3,0.4268161062869444,0.006142506142506142,0.11947833403449727,1.272583246231079
Wiki,9,28,47,0.4,0.5,4,0.4376414570950345,0.0045045045045045045,0.11779554059739167,1.2714049816131592
Wiki,9,28,47,0.4,0.5,5,0.46296784482296727,0.0045045045045045045,0.10349179638199411,1.3962912559509277
Wiki,9,28,53,0.45,0.5,1,0.439273058396223,0.0036855036855036856,0.06773243584350021,1.272827386856079
Wiki,9,28,53,0.45,0.5,2,0.44556822511824207,0.006142506142506142,0.13125788809423644,1.2741248607635498
Wiki,9,28,53,0.45,0.5,3,0.4322570376410602,0.004054054054054054,0.1089608750525873,1.3911759853363037
Wiki,9,28,53,0.45,0.5,4,0.42724266873282274,0.002136752136752137,0.05679427850231384,1.2760756015777588
Wiki,9,28,53,0.45,0.5,5,0.4441644455906683,0.0036855036855036856,0.0723601177955406,1.2852821350097656
Wiki,9,28,59,0.5,0.5,1,0.4366815454228383,0.005050505050505051,0.1468237273874632,1.3898329734802246
Wiki,9,28,59,0.5,0.5,2,0.3998243515752195,0.005875440658049354,0.19899032393773664,1.2699241638183594
Wiki,9,28,59,0.5,0.5,3,0.449597704501775,0.006756756756756757,0.15271350441733278,1.2684154510498047
Wiki,9,28,59,0.5,0.5,4,0.420040905681515,0.004914004914004914,0.13504417332772403,1.2718381881713867
Wiki,9,28,59,0.5,0.5,5,0.38301715564161676,0.008108108108108109,0.19015565839293228,1.3968589305877686
Wiki,9,28,65,0.55,0.5,1,0.4148011632643539,0.0035252643948296123,0.09676062263357173,1.2715787887573242
Wiki,9,28,65,0.55,0.5,2,0.43904837609852543,0.0036855036855036856,0.13125788809423644,1.269930124282837
Wiki,9,28,65,0.55,0.5,3,0.4262286276240173,0.006435006435006435,0.16028607488430796,1.3940095901489258
Wiki,9,28,65,0.55,0.5,4,0.4330576915868292,0.0035252643948296123,0.07530500631047539,1.2744042873382568
Wiki,9,28,65,0.55,0.5,5,0.4314142322197434,0.006142506142506142,0.13167858645351282,1.270404577255249
Wiki,9,28,71,0.6,0.5,1,0.4346138857831565,0.0022222222222222222,0.08750525872949096,1.2717764377593994
Wiki,9,28,71,0.6,0.5,2,0.4234997329809734,0.010510510510510511,0.24526714345814052,1.4030346870422363
Wiki,9,28,71,0.6,0.5,3,0.422378726415654,0.004700352526439483,0.11442995372318047,1.273350715637207
Wiki,9,28,71,0.6,0.5,4,0.4314692149233701,0.0035252643948296123,0.05427008834665545,1.274043083190918
Wiki,9,28,71,0.6,0.5,5,0.4416240387082059,0.007722007722007722,0.20067311737484222,1.392263412475586
Wiki,9,28,77,0.65,0.5,1,0.4539455824827601,0.0045045045045045045,0.09002944888514935,1.2755799293518066
Wiki,9,28,77,0.65,0.5,2,0.43046108817238266,0.008108108108108109,0.20614219604543543,1.2729237079620361
Wiki,9,28,77,0.65,0.5,3,0.4014642334886812,0.0033333333333333335,0.09886411442995373,1.390272855758667
Wiki,9,28,77,0.65,0.5,4,0.45137660086646675,0.001001001001001001,0.03996634413125789,1.26906418800354
Wiki,9,28,77,0.65,0.5,5,0.3985242940504495,0.009009009009009009,0.26461926798485486,1.2733736038208008
Wiki,9,28,83,0.7,0.5,1,0.4241912244019049,0.011695906432748537,0.23853596970971813,1.270514965057373
Wiki,9,28,83,0.7,0.5,2,0.4646545147522543,0.0026455026455026454,0.0702566259991586,1.38950777053833
Wiki,9,28,83,0.7,0.5,3,0.4644640398479741,0.0023148148148148147,0.08624316365166176,1.297175407409668
Wiki,9,28,83,0.7,0.5,4,0.38631254443479346,0.008333333333333333,0.1438788388725284,1.284928321838379
Wiki,9,28,83,0.7,0.5,5,0.37901294099252386,0.011379800853485065,0.20277660917122423,1.449209213256836
Wiki,9,28,88,0.75,0.5,1,0.4366146654396924,0.009009009009009009,0.2153975599495162,1.2707641124725342
Wiki,9,28,88,0.75,0.5,2,0.42149222028136923,0.003861003861003861,0.09676062263357173,1.2737841606140137
Wiki,9,28,88,0.75,0.5,3,0.41802419900266713,0.007722007722007722,0.16491375683634835,1.2715866565704346
Wiki,9,28,88,0.75,0.5,4,0.43015793051435897,0.002079002079002079,0.0715187210769878,1.3990511894226074
Wiki,9,28,88,0.75,0.5,5,0.41532011300713795,0.005405405405405406,0.13167858645351282,1.2715144157409668
Wiki,9,28,94,0.8,0.5,1,0.44541634497839483,0.005291005291005291,0.10980227177114009,1.2694745063781738
Wiki,9,28,94,0.8,0.5,2,0.4711873849122211,0.006756756756756757,0.15229280605805637,1.391711950302124
Wiki,9,28,94,0.8,0.5,3,0.4120169926090626,0.008108108108108109,0.12705090450147244,1.2733864784240723
Wiki,9,28,94,0.8,0.5,4,0.40399771024373776,0.0045045045045045045,0.15902397980647875,1.271836519241333
Wiki,9,28,94,0.8,0.5,5,0.4248121120180373,0.005689900426742532,0.08834665544804375,1.394101858139038
Wiki,9,28,100,0.85,0.5,1,0.40947507435210095,0.008534850640113799,0.1813209928481279,1.2753653526306152
Wiki,9,28,100,0.85,0.5,2,0.42921142974010196,0.005875440658049354,0.15061001262095078,1.2730963230133057
Wiki,9,28,100,0.85,0.5,3,0.437968806745584,0.012012012012012012,0.20530079932688264,1.2706904411315918
Wiki,9,28,100,0.85,0.5,4,0.4134969853012264,0.006435006435006435,0.13294068153134203,1.397078037261963
Wiki,9,28,100,0.85,0.5,5,0.4364193371607273,0.00945945945945946,0.20109381573411864,1.2699952125549316
Wiki,9,28,106,0.9,0.5,1,0.4184840171569734,0.013513513513513514,0.26924694993689524,1.270359754562378
Wiki,9,28,106,0.9,0.5,2,0.4425143173060597,0.007371007371007371,0.17206562894404712,1.3892414569854736
Wiki,9,28,106,0.9,0.5,3,0.4484951391088158,0.004914004914004914,0.13294068153134203,1.2734911441802979
Wiki,9,28,106,0.9,0.5,4,0.40154227518251384,0.010810810810810811,0.18300378628523348,1.2709174156188965
Wiki,9,28,106,0.9,0.5,5,0.3746983852542752,0.006613756613756613,0.15565839293226758,1.2715320587158203
Wiki,9,28,112,0.95,0.5,1,0.4327078894384247,0.00945945945945946,0.20445940260832982,1.4077277183532715
Wiki,9,28,112,0.95,0.5,2,0.43626098839703137,0.009009009009009009,0.18426588136306268,1.2717783451080322
Wiki,9,28,112,0.95,0.5,3,0.4280254759149121,0.006756756756756757,0.14934791754312157,1.2722742557525635
Wiki,9,28,112,0.95,0.5,4,0.45117969417297216,0.01589825119236884,0.3079511989903239,1.3906548023223877
Wiki,9,28,112,0.95,0.5,5,0.4032662997615384,0.005689900426742532,0.13378207824989483,1.276454210281372
Wiki,9,28,118,1,0.5,1,0.40109018181480144,0.006006006006006006,0.13756836348338242,1.2719173431396484
Wiki,9,28,118,1,0.5,2,0.4122086832938547,0.013513513513513514,0.26630206142196045,1.3904390335083008
Wiki,9,28,118,1,0.5,3,0.434837398268004,0.01023391812865497,0.23643247791333613,1.272547960281372
Wiki,9,28,118,1,0.5,4,0.40597109091582495,0.0075075075075075074,0.11358855700462768,1.2706615924835205
Wiki,9,28,118,1,0.5,5,0.4210316272480465,0.007722007722007722,0.1459823306689104,1.2682571411132812
Wiki,10,6,0,0,,0,0.4836658450620344,0.005405405405405406,0.05877448937057107,
Wiki,10,6,0,0,,0,0.49076583466495094,0.013513513513513514,0.09087119633180492,
Wiki,10,6,0,0,,0,0.4092213578423389,0.013513513513513514,0.07253022092538558,
Wiki,10,6,0,0,,0,0.4314930433451055,0.0,0.02751146310962901,
Wiki,10,6,0,0,,0,0.4251842448527906,0.0,0.013755731554814505,
Wiki,10,6,0,0.01,0.5,1,0.43354865958712585,0.013513513513513514,0.09920800333472281,1.276669979095459
Wiki,10,6,0,0.01,0.5,2,0.40205006232115936,0.005405405405405406,0.057107127969987494,1.2672760486602783
Wiki,10,6,0,0.01,0.5,3,0.4357041276233408,0.013513513513513514,0.08837015423092956,1.3757731914520264
Wiki,10,6,0,0.01,0.5,4,0.41056322410072055,0.009009009009009009,0.03167986661108795,1.2754614353179932
Wiki,10,6,0,0.01,0.5,5,0.4272869211253863,0.0,0.01792413505627345,1.2691724300384521
Wiki,10,6,0,0.05,0.5,1,0.4218538198795606,0.005405405405405406,0.04751979991663193,1.2718687057495117
Wiki,10,6,0,0.05,0.5,2,0.40162765332809397,0.0,0.03918299291371405,1.388207197189331
Wiki,10,6,0,0.05,0.5,3,0.4114145664190339,0.005405405405405406,0.07294706127553147,1.2695605754852295
Wiki,10,6,0,0.05,0.5,4,0.43289502030349125,0.005405405405405406,0.033764068361817424,1.2713887691497803
Wiki,10,6,0,0.05,0.5,5,0.41745372008389814,0.0,0.020842017507294707,1.3742899894714355
Wiki,10,6,1,0.1,0.5,1,0.4115454910159668,0.005405405405405406,0.04085035431429762,1.3024241924285889
Wiki,10,6,1,0.1,0.5,2,0.44433244615709766,0.005405405405405406,0.06836181742392664,1.275216817855835
Wiki,10,6,1,0.1,0.5,3,0.45001543118232123,0.005405405405405406,0.059191329720716966,1.3912510871887207
Wiki,10,6,1,0.1,0.5,4,0.438194440890258,0.005405405405405406,0.05335556481867445,1.277681827545166
Wiki,10,6,1,0.1,0.5,5,0.40748162008577077,0.005405405405405406,0.06502709462275948,1.2662756443023682
Wiki,10,6,1,0.15,0.5,1,0.4373397939725622,0.0,0.025844101709045435,1.2696714401245117
Wiki,10,6,1,0.15,0.5,2,0.4326123449853995,0.0,0.029595664860358483,1.378584384918213
Wiki,10,6,1,0.15,0.5,3,0.4211080138622859,0.005555555555555556,0.06002501042100875,1.269249677658081
Wiki,10,6,1,0.15,0.5,4,0.42127049537908595,0.0,0.033764068361817424,1.272014856338501
Wiki,10,6,1,0.15,0.5,5,0.44154574602457414,0.0,0.02417674030846186,1.3885533809661865
Wiki,10,6,2,0.2,0.5,1,0.4547699209329487,0.005405405405405406,0.06669445602334306,1.272582769393921
Wiki,10,6,2,0.2,0.5,2,0.4076451344507602,0.005405405405405406,0.052938724468528556,1.2697126865386963
Wiki,10,6,2,0.2,0.5,3,0.44937925002478296,0.005555555555555556,0.06586077532305128,1.270481824874878
Wiki,10,6,2,0.2,0.5,4,0.4466332269739312,0.018018018018018018,0.0854522717799083,1.3870084285736084
Wiki,10,6,2,0.2,0.5,5,0.428439341800756,0.013888888888888888,0.12421842434347645,1.2723464965820312
Wiki,10,6,2,0.25,0.5,1,0.40884214298233373,0.005405405405405406,0.06836181742392664,1.2761256694793701
Wiki,10,6,2,0.25,0.5,2,0.41252761923904124,0.005405405405405406,0.05794080867027928,1.2697265148162842
Wiki,10,6,2,0.25,0.5,3,0.4899437024517034,0.005405405405405406,0.0425177157148812,1.3945989608764648
Wiki,10,6,2,0.25,0.5,4,0.41572122724714644,0.013513513513513514,0.07002917882451021,1.270493507385254
Wiki,10,6,2,0.25,0.5,5,0.42872116789534764,0.013513513513513514,0.0637765735723218,1.269080638885498
Wiki,10,6,2,0.3,0.5,1,0.4469185583975122,0.0,0.033764068361817424,1.3905847072601318
Wiki,10,6,2,0.3,0.5,2,0.4250698987886808,0.013888888888888888,0.0846185910796165,1.2726445198059082
Wiki,10,6,2,0.3,0.5,3,0.4195241626938028,0.005405405405405406,0.045018757815756566,1.2746803760528564
Wiki,10,6,2,0.3,0.5,4,0.42677475872295384,0.005405405405405406,0.03626511046269279,1.3005146980285645
Wiki,10,6,2,0.3,0.5,5,0.47222205450726373,0.005405405405405406,0.06544393497290538,1.3926644325256348
Wiki,10,6,3,0.35,0.5,1,0.42800933182338685,0.018018018018018018,0.07002917882451021,1.2727737426757812
Wiki,10,6,3,0.35,0.5,2,0.42400790545983486,0.0,0.03334722801167153,1.2721524238586426
Wiki,10,6,3,0.35,0.5,3,0.44212502962397743,0.005405405405405406,0.04460191746561067,1.3920109272003174
Wiki,10,6,3,0.35,0.5,4,0.4182174443970979,0.005405405405405406,0.05627344726969571,1.2743430137634277
Wiki,10,6,3,0.35,0.5,5,0.40597707447317627,0.013513513513513514,0.0779491454772822,1.2735559940338135
Wiki,10,6,3,0.4,0.5,1,0.44644923516494645,0.005405405405405406,0.04585243851604835,1.3955066204071045
Wiki,10,6,3,0.4,0.5,2,0.4269391326898485,0.0,0.010004168403501459,1.2700350284576416
Wiki,10,6,3,0.4,0.5,3,0.3910339130284723,0.005405405405405406,0.05043768236765319,1.2691826820373535
Wiki,10,6,3,0.4,0.5,4,0.4449620763578303,0.005555555555555556,0.040016673614005835,1.2729904651641846
Wiki,10,6,3,0.4,0.5,5,0.4430744076212291,0.0,0.03126302626094206,1.386976957321167
Wiki,10,6,4,0.45,0.5,1,0.4195745920159558,0.02702702702702703,0.1133805752396832,1.2715392112731934
Wiki,10,6,4,0.45,0.5,2,0.4379078815078288,0.02702702702702703,0.1488120050020842,1.270981788635254
Wiki,10,6,4,0.45,0.5,3,0.4078423134652262,0.005405405405405406,0.06752813672363485,1.3967773914337158
Wiki,10,6,4,0.45,0.5,4,0.45192899491843824,0.013513513513513514,0.05043768236765319,1.2787470817565918
Wiki,10,6,4,0.45,0.5,5,0.41731173260295634,0.013513513513513514,0.09128803668195082,1.2685718536376953
Wiki,10,6,4,0.5,0.5,1,0.41818650363469384,0.005405405405405406,0.0633597332221759,1.2710161209106445
Wiki,10,6,4,0.5,0.5,2,0.42084015501836786,0.005405405405405406,0.04418507711546478,1.390495777130127
Wiki,10,6,4,0.5,0.5,3,0.4465665117244137,0.005555555555555556,0.041684035014589414,1.2712111473083496
Wiki,10,6,4,0.5,0.5,4,0.4449811874265232,0.018018018018018018,0.06627761567319716,1.2714722156524658
Wiki,10,6,4,0.5,0.5,5,0.41183628089213303,0.013513513513513514,0.07711546477699041,1.2688236236572266
Wiki,10,6,4,0.55,0.5,1,0.43194627135743324,0.005405405405405406,0.049187161317215504,1.4050867557525635
Wiki,10,6,4,0.55,0.5,2,0.41721820672716525,0.005405405405405406,0.06002501042100875,1.300283670425415
Wiki,10,6,4,0.55,0.5,3,0.4259491118517715,0.0,0.022509378907878283,1.2745282649993896
Wiki,10,6,4,0.55,0.5,4,0.4134240598472197,0.009259259259259259,0.062109212171738225,1.3905131816864014
Wiki,10,6,4,0.55,0.5,5,0.45461020456536794,0.0,0.012505210504376824,1.2734475135803223
Wiki,10,6,5,0.6,0.5,1,0.41472551936620156,0.009009009009009009,0.03918299291371405,1.2741241455078125
Wiki,10,6,5,0.6,0.5,2,0.4745295771359967,0.0,0.028761984160066693,1.269240379333496
Wiki,10,6,5,0.6,0.5,3,0.4282023137007835,0.005555555555555556,0.05043768236765319,1.3981666564941406
Wiki,10,6,5,0.6,0.5,4,0.42615718897603644,0.018018018018018018,0.08128386827844936,1.2708384990692139
Wiki,10,6,5,0.6,0.5,5,0.3962735109975963,0.013513513513513514,0.08253438932888704,1.269559383392334
Wiki,10,6,5,0.65,0.5,1,0.4524097774645665,0.0,0.01709045435598166,1.3953382968902588
Wiki,10,6,5,0.65,0.5,2,0.4391292813612534,0.005405405405405406,0.04668611921634014,1.271282434463501
Wiki,10,6,5,0.65,0.5,3,0.44250497621524404,0.005405405405405406,0.06294289287203002,1.2690272331237793
Wiki,10,6,5,0.65,0.5,4,0.4318466121294307,0.0,0.02542726135889954,1.3920104503631592
Wiki,10,6,5,0.65,0.5,5,0.40733065449104666,0.0,0.024593580658607752,1.274226188659668
Wiki,10,6,6,0.7,0.5,1,0.45372163960313316,0.018018018018018018,0.04835348061692372,1.2721381187438965
Wiki,10,6,6,0.7,0.5,2,0.4637344643351488,0.013513513513513514,0.07294706127553147,1.2721762657165527
Wiki,10,6,6,0.7,0.5,3,0.4481999330140208,0.05405405405405406,0.1129637348895373,1.3987705707550049
Wiki,10,6,6,0.7,0.5,4,0.4133032099047504,0.02702702702702703,0.08878699458107545,1.2681617736816406
Wiki,10,6,6,0.7,0.5,5,0.44072423578681125,0.006944444444444444,0.0779491454772822,1.270322322845459
Wiki,10,6,6,0.75,0.5,1,0.3910551080973546,0.013513513513513514,0.10087536473530638,1.3980646133422852
Wiki,10,6,6,0.75,0.5,2,0.40394433417485154,0.018018018018018018,0.07919966652771988,1.2709267139434814
Wiki,10,6,6,0.75,0.5,3,0.43758619064563337,0.02702702702702703,0.08920383493122135,1.270658254623413
Wiki,10,6,6,0.75,0.5,4,0.41549531202807616,0.018518518518518517,0.09754064193413922,1.2694685459136963
Wiki,10,6,6,0.75,0.5,5,0.4171730570035317,0.005405405405405406,0.05752396832013339,1.3965914249420166
Wiki,10,6,6,0.8,0.5,1,0.44494484414422336,0.013513513513513514,0.07919966652771988,1.2766222953796387
Wiki,10,6,6,0.8,0.5,2,0.4280935399916695,0.005405405405405406,0.06085869112130054,1.270613193511963
Wiki,10,6,6,0.8,0.5,3,0.4757103578304088,0.013513513513513514,0.07711546477699041,1.3899381160736084
Wiki,10,6,6,0.8,0.5,4,0.4487976919878128,0.018018018018018018,0.10087536473530638,1.2710723876953125
Wiki,10,6,6,0.8,0.5,5,0.45095936276209325,0.041666666666666664,0.08086702792830346,1.2710890769958496
Wiki,10,6,7,0.85,0.5,1,0.4452171320925352,0.05555555555555555,0.14506044185077116,1.2711541652679443
Wiki,10,6,7,0.85,0.5,2,0.42406756143011826,0.02702702702702703,0.10962901208837016,1.3991081714630127
Wiki,10,6,7,0.85,0.5,3,0.4100015516782698,0.005405405405405406,0.049187161317215504,1.2714107036590576
Wiki,10,6,7,0.85,0.5,4,0.4834744082644216,0.013513513513513514,0.05543976656940392,1.2723109722137451
Wiki,10,6,7,0.85,0.5,5,0.41683539417926907,0.013513513513513514,0.06294289287203002,1.3892741203308105
Wiki,10,6,7,0.9,0.5,1,0.4565061403372741,0.006944444444444444,0.06836181742392664,1.2741355895996094
Wiki,10,6,7,0.9,0.5,2,0.44861186078364457,0.05405405405405406,0.11504793664026677,1.272387981414795
Wiki,10,6,7,0.9,0.5,3,0.43346786417714045,0.005405405405405406,0.02334305960817007,1.2693676948547363
Wiki,10,6,7,0.9,0.5,4,0.4171512807139802,0.009009009009009009,0.04085035431429762,1.4016213417053223
Wiki,10,6,7,0.9,0.5,5,0.42445134789429917,0.013513513513513514,0.0425177157148812,1.2695326805114746
Wiki,10,6,8,0.95,0.5,1,0.45871429391377516,0.02702702702702703,0.14380992080033347,1.269237995147705
Wiki,10,6,8,0.95,0.5,2,0.4377558901234844,0.02702702702702703,0.12171738224260108,1.3934037685394287
Wiki,10,6,8,0.95,0.5,3,0.43820100886669006,0.005405405405405406,0.055856606919549814,1.2725348472595215
Wiki,10,6,8,0.95,0.5,4,0.42618390148703167,0.02702702702702703,0.11713213839099625,1.2723665237426758
Wiki,10,6,8,0.95,0.5,5,0.4408866010624233,0.041666666666666664,0.11671529804085036,1.271125078201294
Wiki,10,6,8,1,0.5,1,0.46068153494199,0.018018018018018018,0.08170070862859524,1.403014898300171
Wiki,10,6,8,1,0.5,2,0.46468945462060224,0.04054054054054054,0.11463109629012089,1.2707111835479736
Wiki,10,6,8,1,0.5,3,0.41667865297688067,0.013513513513513514,0.10129220508545227,1.3130533695220947
Wiki,10,6,8,1,0.5,4,0.39313670111363486,0.013888888888888888,0.08211754897874114,1.3950388431549072
Wiki,10,6,8,1,0.5,5,0.4256894009497525,0.006756756756756757,0.06461025427261359,1.273345708847046
Wiki,11,66,0,0,,0,0.428758543012251,0.0019656019656019656,0.09448482257374946,
Wiki,11,66,0,0,,0,0.4453898037899343,0.0036036036036036037,0.10431808465156049,
Wiki,11,66,0,0,,0,0.4230624446080478,0.0010395010395010396,0.06883283454467722,
Wiki,11,66,0,0,,0,0.4508704250426613,0.0015298317185109638,0.08165882855921335,
Wiki,11,66,0,0,,0,0.44248838782748184,0.0023540489642184556,0.11372381359555365,
Wiki,11,66,3,0.01,0.5,1,0.40738961100776366,0.0008861320336730173,0.06968790081231295,1.2720320224761963
Wiki,11,66,3,0.01,0.5,2,0.43068177250510664,0.003727865796831314,0.10260795211628901,1.3831005096435547
Wiki,11,66,3,0.01,0.5,3,0.44821618025356735,0.0009009009009009009,0.07994869602394186,1.2735323905944824
Wiki,11,66,3,0.01,0.5,4,0.42656103985485394,0.00397456279809221,0.11628901239846089,1.271521806716919
Wiki,11,66,3,0.01,0.5,5,0.4218825192911916,0.0009009009009009009,0.05771697306541257,1.2697761058807373
Wiki,11,66,16,0.05,0.5,1,0.4093538679494634,0.001329198050509526,0.09362975630611373,1.3938210010528564
Wiki,11,66,16,0.05,0.5,2,0.4243406852278475,0.002370791844476055,0.12056434373663959,1.2702784538269043
Wiki,11,66,16,0.05,0.5,3,0.39851008846661645,0.0013979496738117428,0.09020949123557076,1.2698984146118164
Wiki,11,66,16,0.05,0.5,4,0.4666651103168178,0.003652300949598247,0.12099187687045745,1.392641544342041
Wiki,11,66,16,0.05,0.5,5,0.4338383551019722,0.001287001287001287,0.11372381359555365,1.2781670093536377
Wiki,11,66,31,0.1,0.5,1,0.45552876249958046,0.0025025025025025025,0.13039760581445062,1.2764370441436768
Wiki,11,66,31,0.1,0.5,2,0.4038530374714944,0.0015298317185109638,0.08892689183411714,1.2705600261688232
Wiki,11,66,31,0.1,0.5,3,0.42273021199368604,0.000858000858000858,0.08764429243266353,1.4011547565460205
Wiki,11,66,31,0.1,0.5,4,0.4518433630760383,0.0029484029484029483,0.16075245831551946,1.270087480545044
Wiki,11,66,31,0.1,0.5,5,0.4617152077327639,0.002370791844476055,0.1410859341598974,1.2724950313568115
Wiki,11,66,47,0.15,0.5,1,0.44486643929817415,0.002413127413127413,0.14065840102607952,1.3938133716583252
Wiki,11,66,47,0.15,0.5,2,0.38966800062370693,0.005405405405405406,0.18597691321077384,1.2876935005187988
Wiki,11,66,47,0.15,0.5,3,0.47341063581750553,0.001851851851851852,0.09876015391192818,1.2739777565002441
Wiki,11,66,47,0.15,0.5,4,0.41558235183598075,0.002079002079002079,0.10517315091919624,1.2714223861694336
Wiki,11,66,47,0.15,0.5,5,0.3891036093637355,0.007846556233653008,0.2744762719110731,1.4000587463378906
Wiki,11,66,63,0.2,0.5,1,0.4658621543749893,0.0030596634370219276,0.15519452757588714,1.273439645767212
Wiki,11,66,63,0.2,0.5,2,0.41686064251374677,0.007722007722007722,0.22274476271911073,1.2719712257385254
Wiki,11,66,63,0.2,0.5,3,0.381131558393079,0.007207207207207207,0.2261650277896537,1.3882791996002197
Wiki,11,66,63,0.2,0.5,4,0.41916082306849645,0.0032175032175032173,0.16673792218896966,1.276914358139038
Wiki,11,66,63,0.2,0.5,5,0.4446807516068819,0.004382761139517896,0.15220179563916203,1.2741296291351318
Wiki,11,66,78,0.25,0.5,1,0.42177818196491873,0.008108108108108109,0.2479692176143651,1.2703583240509033
Wiki,11,66,78,0.25,0.5,2,0.44756543349722394,0.012152777777777778,0.3535699016673792,1.3935530185699463
Wiki,11,66,78,0.25,0.5,3,0.4109491208782189,0.0029484029484029483,0.168875587858059,1.271474838256836
Wiki,11,66,78,0.25,0.5,4,0.43045603630849305,0.0033783783783783786,0.08251389482684908,1.272348403930664
Wiki,11,66,78,0.25,0.5,5,0.412044061631428,0.005197505197505198,0.26378794356562635,1.3909392356872559
Wiki,11,66,94,0.3,0.5,1,0.4148666296229323,0.008333333333333333,0.21932449764856776,1.2726013660430908
Wiki,11,66,94,0.3,0.5,2,0.39266826230017166,0.0033068783068783067,0.16930312099187686,1.273310661315918
Wiki,11,66,94,0.3,0.5,3,0.4132368053891539,0.007722007722007722,0.23257802479692177,1.3909204006195068
Wiki,11,66,94,0.3,0.5,4,0.417411624103988,0.006704980842911878,0.18041898247114152,1.2737441062927246
Wiki,11,66,94,0.3,0.5,5,0.4334614034013494,0.011011011011011011,0.28559213339033773,1.2685151100158691
Wiki,11,66,110,0.35,0.5,1,0.4352742004526386,0.007207207207207207,0.21846943138093203,1.269442081451416
Wiki,11,66,110,0.35,0.5,2,0.3800815315186968,0.006900517538815411,0.32877297990594273,1.3913724422454834
Wiki,11,66,110,0.35,0.5,3,0.4500708249990665,0.006102877070619006,0.129115006412997,1.2676074504852295
Wiki,11,66,110,0.35,0.5,4,0.4332861163043743,0.008008008008008008,0.1735784523300556,1.2682468891143799
Wiki,11,66,110,0.35,0.5,5,0.3977284427875021,0.006006006006006006,0.1526293287729799,1.426893711090088
Wiki,11,66,126,0.4,0.5,1,0.43863093141448534,0.006285355122564425,0.2954253954681488,1.2723302841186523
Wiki,11,66,126,0.4,0.5,2,0.38191829449110976,0.0045045045045045045,0.16930312099187686,1.2808051109313965
Wiki,11,66,126,0.4,0.5,3,0.43391085248089023,0.010810810810810811,0.23428815733219324,1.2719719409942627
Wiki,11,66,126,0.4,0.5,4,0.39182011794945115,0.008108108108108109,0.2321504916631039,1.3962156772613525
Wiki,11,66,126,0.4,0.5,5,0.42697421554084336,0.005564387917329093,0.2201795639162035,1.2694532871246338
Wiki,11,66,141,0.45,0.5,1,0.44191936558462214,0.006102877070619006,0.17015818725951262,1.2698993682861328
Wiki,11,66,141,0.45,0.5,2,0.405192532146333,0.004864864864864865,0.20008550662676358,1.3928442001342773
Wiki,11,66,141,0.45,0.5,3,0.44121854568309304,0.005791505791505791,0.2364258230012826,1.2791807651519775
Wiki,11,66,141,0.45,0.5,4,0.4452773379160723,0.003931203931203931,0.2069260367678495,1.271225929260254
Wiki,11,66,141,0.45,0.5,5,0.43438906003107036,0.003703703703703704,0.16545532278751604,1.2720699310302734
Wiki,11,66,157,0.5,0.5,1,0.433712562318436,0.013888888888888888,0.35613510047028646,1.398512363433838
Wiki,11,66,157,0.5,0.5,2,0.44748219212835877,0.005099439061703213,0.2949978623343309,1.2749412059783936
Wiki,11,66,157,0.5,0.5,3,0.42705285240976065,0.005405405405405406,0.1496365968362548,1.2708745002746582
Wiki,11,66,157,0.5,0.5,4,0.39608376685419855,0.00990990990990991,0.28430953398888414,1.3914039134979248
Wiki,11,66,157,0.5,0.5,5,0.3986721533039975,0.005299417064122946,0.27575887131252674,1.275054693222046
Wiki,11,66,173,0.55,0.5,1,0.4759508987327722,0.004600345025876941,0.1628901239846088,1.2727246284484863
Wiki,11,66,173,0.55,0.5,2,0.4250061432743685,0.0036382536382536385,0.17400598546387344,1.272291660308838
Wiki,11,66,173,0.55,0.5,3,0.4339735348023509,0.0065237651444548,0.17400598546387344,1.3950071334838867
Wiki,11,66,173,0.55,0.5,4,0.4107672328745054,0.01410105757931845,0.3381787088499359,1.2699925899505615
Wiki,11,66,173,0.55,0.5,5,0.431090401804673,0.007207207207207207,0.3467293715262933,1.2701599597930908
Wiki,11,66,188,0.6,0.5,1,0.4289706540914212,0.009578544061302681,0.26464300983326206,1.3913652896881104
Wiki,11,66,188,0.6,0.5,2,0.43129781978931725,0.011891891891891892,0.3069687900812313,1.2782299518585205
Wiki,11,66,188,0.6,0.5,3,0.4325969378162797,0.010395010395010396,0.3215049166310389,1.29775071144104
Wiki,11,66,188,0.6,0.5,4,0.4595693153015556,0.010135135135135136,0.32877297990594273,1.2731566429138184
Wiki,11,66,188,0.6,0.5,5,0.4300351118704481,0.007623007623007623,0.2774690038477982,1.4036216735839844
Wiki,11,66,204,0.65,0.5,1,0.42831062000382775,0.012254901960784314,0.4356562633604104,1.270193338394165
Wiki,11,66,204,0.65,0.5,2,0.42806839481757325,0.011011011011011011,0.28730226592560926,1.2727463245391846
Wiki,11,66,204,0.65,0.5,3,0.4289569389378561,0.010101010101010102,0.3420265070542967,1.3926539421081543
Wiki,11,66,204,0.65,0.5,4,0.4445196676631026,0.007251153592617007,0.2868747327917914,1.2760961055755615
Wiki,11,66,204,0.65,0.5,5,0.4131044432203902,0.005099439061703213,0.27533133817870886,1.2739002704620361
Wiki,11,66,220,0.7,0.5,1,0.3968343951125185,0.007207207207207207,0.2851646002565199,1.3960773944854736
Wiki,11,66,220,0.7,0.5,2,0.45611850751991617,0.008258258258258258,0.2783240701154339,1.2743966579437256
Wiki,11,66,220,0.7,0.5,3,0.4006144894630465,0.011011011011011011,0.297990594271056,1.2722198963165283
Wiki,11,66,220,0.7,0.5,4,0.45585607913076626,0.00819000819000819,0.25651988029072254,1.270496129989624
Wiki,11,66,220,0.7,0.5,5,0.4385645818461872,0.012285012285012284,0.21846943138093203,1.3941590785980225
Wiki,11,66,236,0.75,0.5,1,0.4190082152786439,0.01991465149359886,0.3745190252244549,1.2724153995513916
Wiki,11,66,236,0.75,0.5,2,0.4052021166717652,0.011583011583011582,0.3274903805044891,1.268869161605835
Wiki,11,66,236,0.75,0.5,3,0.425497235946538,0.007007007007007007,0.20735356990166737,1.3959300518035889
Wiki,11,66,236,0.75,0.5,4,0.4345663542565152,0.013513513513513514,0.4352287302265926,1.2698373794555664
Wiki,11,66,236,0.75,0.5,5,0.41156785223675935,0.014957264957264958,0.43394613082513894,1.2714571952819824
Wiki,11,66,251,0.8,0.5,1,0.449812835809764,0.010251630941286114,0.28088926891834115,1.2711906433105469
Wiki,11,66,251,0.8,0.5,2,0.3935105730765364,0.007823613086770981,0.26849080803762293,1.3929708003997803
Wiki,11,66,251,0.8,0.5,3,0.3795848142353578,0.011011011011011011,0.2689183411714408,1.2716906070709229
Wiki,11,66,251,0.8,0.5,4,0.40662148345907506,0.008225616921269096,0.2013681060282172,1.2765350341796875
Wiki,11,66,251,0.8,0.5,5,0.4167925143750199,0.005067567567567568,0.25609234715690465,1.3872406482696533
Wiki,11,66,267,0.85,0.5,1,0.4236636842557046,0.007207207207207207,0.3480119709277469,1.296825647354126
Wiki,11,66,267,0.85,0.5,2,0.4219427577490872,0.016216216216216217,0.4035912783240701,1.2701396942138672
Wiki,11,66,267,0.85,0.5,3,0.426742398820179,0.01597051597051597,0.3437366395895682,1.26930832862854
Wiki,11,66,267,0.85,0.5,4,0.4183239538507504,0.012474012474012475,0.3522873022659256,1.3978650569915771
Wiki,11,66,267,0.85,0.5,5,0.47295743253602335,0.00754242614707731,0.30483112441214194,1.271806001663208
Wiki,11,66,283,0.9,0.5,1,0.4180503148729127,0.01932367149758454,0.4950833689610945,1.273988962173462
Wiki,11,66,283,0.9,0.5,2,0.4066599576899006,0.01020408163265306,0.42924326635314236,1.3897786140441895
Wiki,11,66,283,0.9,0.5,3,0.43565535628136615,0.016632016632016633,0.36938862761864044,1.2750482559204102
Wiki,11,66,283,0.9,0.5,4,0.40808440674777624,0.02361111111111111,0.4300983326207781,1.2711162567138672
Wiki,11,66,283,0.9,0.5,5,0.4003414176859311,0.02027027027027027,0.4082941427960667,1.3956961631774902
Wiki,11,66,298,0.95,0.5,1,0.40569069432570454,0.013513513513513514,0.3159469858914066,1.2743549346923828
Wiki,11,66,298,0.95,0.5,2,0.4359642188500576,0.016891891891891893,0.4125694741342454,1.2702703475952148
Wiki,11,66,298,0.95,0.5,3,0.3630854770460751,0.012387387387387387,0.2911500641299701,1.2726969718933105
Wiki,11,66,298,0.95,0.5,4,0.40244673764711797,0.012802275960170697,0.4523300555793074,1.3894517421722412
Wiki,11,66,298,0.95,0.5,5,0.4233606612654627,0.008170961659333752,0.31252672082086363,1.2758092880249023
Wiki,11,66,314,1,0.5,1,0.4305628471385741,0.016632016632016633,0.42667806755023513,1.269557237625122
Wiki,11,66,314,1,0.5,2,0.4410266804620604,0.012972972972972972,0.3539974348011971,1.3966782093048096
Wiki,11,66,314,1,0.5,3,0.3823655559395794,0.02275960170697013,0.4591705857203933,1.272153615951538
Wiki,11,66,314,1,0.5,4,0.43832563670475555,0.016891891891891893,0.37366395895681914,1.2703313827514648
Wiki,11,66,314,1,0.5,5,0.4427030917245092,0.0130475302889096,0.38948268490808036,1.2712693214416504
Wiki,12,62,0,0,,0,0.43425077429369857,0.00044306601683650863,0.03755868544600939,
Wiki,12,62,0,0,,0,0.42477016079151797,0.0010395010395010396,0.06359368331199317,
Wiki,12,62,0,0,,0,0.4378258585494115,0.00044306601683650863,0.021340162185232606,
Wiki,12,62,0,0,,0,0.44392928237357204,0.0005099439061703213,0.046948356807511735,
Wiki,12,62,0,0,,0,0.4657223005461777,0.000462962962962963,0.02774221084080239,
Wiki,12,62,3,0.01,0.5,1,0.4605643836472037,0.000462962962962963,0.029449423815621,1.2771978378295898
Wiki,12,62,3,0.01,0.5,2,0.4530838968550736,0.0,0.002134016218523261,1.2713513374328613
Wiki,12,62,3,0.01,0.5,3,0.4159452341666368,0.0009416195856873823,0.05932565087494665,1.2663662433624268
Wiki,12,62,3,0.01,0.5,4,0.39231193619970167,0.0005099439061703213,0.03201024327784891,1.3947999477386475
Wiki,12,62,3,0.01,0.5,5,0.4012717012508943,0.0010395010395010396,0.050789586000853607,1.2736103534698486
Wiki,12,62,15,0.05,0.5,1,0.40130774095397537,0.0010598834128245894,0.04396073410157917,1.2729213237762451
Wiki,12,62,15,0.05,0.5,2,0.4055855006381603,0.000462962962962963,0.03841229193341869,1.3902771472930908
Wiki,12,62,15,0.05,0.5,3,0.40588471846771623,0.0017626321974148062,0.06274007682458387,1.272660732269287
Wiki,12,62,15,0.05,0.5,4,0.4367429448542776,0.002162162162162162,0.09090909090909091,1.2701361179351807
Wiki,12,62,15,0.05,0.5,5,0.36870037719952226,0.0010395010395010396,0.05121638924455826,1.268718957901001
Wiki,12,62,31,0.1,0.5,1,0.40654933640512736,0.0009319664492078285,0.034144259496372176,1.395254135131836
Wiki,12,62,31,0.1,0.5,2,0.40699110917082243,0.0005099439061703213,0.022193768672641914,1.268735408782959
Wiki,12,62,31,0.1,0.5,3,0.4218852253064062,0.0009161704076958314,0.0597524541186513,1.270989179611206
Wiki,12,62,31,0.1,0.5,4,0.4168894431044152,0.002162162162162162,0.1088348271446863,1.389655590057373
Wiki,12,62,31,0.1,0.5,5,0.42028890807179037,0.0009009009009009009,0.034997865983781476,1.2721588611602783
Wiki,12,62,46,0.15,0.5,1,0.461264980219275,0.002457002457002457,0.1446862996158771,1.2706232070922852
Wiki,12,62,46,0.15,0.5,2,0.40422105857617324,0.0005099439061703213,0.050362782757148956,1.270669937133789
Wiki,12,62,46,0.15,0.5,3,0.47446163662975305,0.0009009009009009009,0.046521553563807085,1.3997137546539307
Wiki,12,62,46,0.15,0.5,4,0.42326329698190596,0.002162162162162162,0.12718736662398633,1.2699379920959473
Wiki,12,62,46,0.15,0.5,5,0.3804278939882431,0.000948316737790422,0.05335040546308152,1.273763656616211
Wiki,12,62,61,0.2,0.5,1,0.4664093897641364,0.001081081081081081,0.04353393085787452,1.4308383464813232
Wiki,12,62,61,0.2,0.5,2,0.47019517146600376,0.001081081081081081,0.06530089628681178,1.269519567489624
Wiki,12,62,61,0.2,0.5,3,0.4214249643051099,0.000925925925925926,0.05121638924455826,1.2752766609191895
Wiki,12,62,61,0.2,0.5,4,0.42892698881853947,0.001896633475580844,0.13145539906103287,1.307138204574585
Wiki,12,62,61,0.2,0.5,5,0.4167748269693574,0.001654715940430226,0.07383696116090482,1.3955354690551758
Wiki,12,62,76,0.25,0.5,1,0.3884016680802841,0.0024366471734892786,0.15492957746478872,1.2693867683410645
Wiki,12,62,76,0.25,0.5,2,0.4092456739867354,0.0045045045045045045,0.20102432778489115,1.273742914199829
Wiki,12,62,76,0.25,0.5,3,0.4359350441785257,0.00044306601683650863,0.028595817328211693,1.393139123916626
Wiki,12,62,76,0.25,0.5,4,0.429899884707239,0.0009009009009009009,0.06914212548015365,1.2716460227966309
Wiki,12,62,76,0.25,0.5,5,0.4240220726131111,0.0009828009828009828,0.046948356807511735,1.2712652683258057
Wiki,12,62,92,0.3,0.5,1,0.3869689636346126,0.0021197668256491787,0.12377294067434913,1.2718160152435303
Wiki,12,62,92,0.3,0.5,2,0.4369021206063828,0.001896633475580844,0.14425949637217242,1.396263837814331
Wiki,12,62,92,0.3,0.5,3,0.35699465666910457,0.0011337868480725624,0.06999573196756295,1.2683467864990234
Wiki,12,62,92,0.3,0.5,4,0.4269347055080971,0.0036036036036036037,0.15023474178403756,1.2697248458862305
Wiki,12,62,92,0.3,0.5,5,0.4054450929645718,0.0014478764478764478,0.08109261630388391,1.3909695148468018
Wiki,12,62,107,0.35,0.5,1,0.42206319364739825,0.0015015015015015015,0.07127614169867691,1.2718822956085205
Wiki,12,62,107,0.35,0.5,2,0.39074743403736334,0.0014478764478764478,0.05463081519419548,1.2711915969848633
Wiki,12,62,107,0.35,0.5,3,0.41926524091354117,0.0010395010395010396,0.052069995731967564,1.2682976722717285
Wiki,12,62,107,0.35,0.5,4,0.4481356251080742,0.0027578599007170436,0.14084507042253522,1.3959410190582275
Wiki,12,62,107,0.35,0.5,5,0.43229892002322573,0.001863932898415657,0.09133589415279555,1.2703781127929688
Wiki,12,62,122,0.4,0.5,1,0.43833053868947275,0.0036036036036036037,0.18608621425522834,1.2726328372955322
Wiki,12,62,122,0.4,0.5,2,0.4256400707659318,0.00044306601683650863,0.03969270166453265,1.3933978080749512
Wiki,12,62,122,0.4,0.5,3,0.42256529894684824,0.0030193236714975845,0.11054204011950491,1.271759271621704
Wiki,12,62,122,0.4,0.5,4,0.42455975096519455,0.004112808460634548,0.1775501493811353,1.2712502479553223
Wiki,12,62,122,0.4,0.5,5,0.4156006872903684,0.002162162162162162,0.10413999146393513,1.2702593803405762
Wiki,12,62,138,0.45,0.5,1,0.4262272087171141,0.001984126984126984,0.11993171148100726,1.4117283821105957
Wiki,12,62,138,0.45,0.5,2,0.3926964039658494,0.001896633475580844,0.08279982927870252,1.2710540294647217
Wiki,12,62,138,0.45,0.5,3,0.39313850608948747,0.0031446540880503146,0.17328211694408877,1.2731842994689941
Wiki,12,62,138,0.45,0.5,4,0.4485621459976435,0.0021197668256491787,0.10157917200170721,1.3910677433013916
Wiki,12,62,138,0.45,0.5,5,0.4706943993891483,0.002777777777777778,0.15450277422108408,1.2766644954681396
Wiki,12,62,153,0.5,0.5,1,0.3756306413676343,0.0035252643948296123,0.16816047801963294,1.2732093334197998
Wiki,12,62,153,0.5,0.5,2,0.41906085785322306,0.0040253018976423235,0.1587708066581306,1.2723286151885986
Wiki,12,62,153,0.5,0.5,3,0.4751396132189733,0.002875215641173088,0.14127187366623986,1.396928310394287
Wiki,12,62,153,0.5,0.5,4,0.3844735562114987,0.0040253018976423235,0.2023047375160051,1.2691407203674316
Wiki,12,62,153,0.5,0.5,5,0.39240816647490945,0.001949317738791423,0.10413999146393513,1.2694551944732666
Wiki,12,62,168,0.55,0.5,1,0.45872548810808633,0.0034502587694077054,0.13700384122919335,1.3913302421569824
Wiki,12,62,168,0.55,0.5,2,0.441284978713823,0.001589825119236884,0.08237302603499787,1.2759959697723389
Wiki,12,62,168,0.55,0.5,3,0.43272230129603356,0.0036382536382536385,0.1856594110115237,1.270416498184204
Wiki,12,62,168,0.55,0.5,4,0.42342932833873415,0.0016891891891891893,0.08322663252240717,1.2723772525787354
Wiki,12,62,168,0.55,0.5,5,0.4014673821051481,0.0033783783783783786,0.19120785317968417,1.399686574935913
Wiki,12,62,184,0.6,0.5,1,0.4217467081908813,0.002370791844476055,0.07042253521126761,1.270855188369751
Wiki,12,62,184,0.6,0.5,2,0.39383640410893195,0.004700352526439483,0.16901408450704225,1.2710607051849365
Wiki,12,62,184,0.6,0.5,3,0.47391099237092527,0.0023001725129384704,0.09048228766538625,1.388603687286377
Wiki,12,62,184,0.6,0.5,4,0.4615083498660614,0.002875215641173088,0.13017498932991892,1.2690043449401855
Wiki,12,62,184,0.6,0.5,5,0.4383718906538655,0.0017251293847038527,0.06103286384976526,1.2714221477508545
Wiki,12,62,199,0.65,0.5,1,0.4374063437167544,0.0036036036036036037,0.14852752880921896,1.2685925960540771
Wiki,12,62,199,0.65,0.5,2,0.4225230602747742,0.005067567567567568,0.24839948783610755,1.3959381580352783
Wiki,12,62,199,0.65,0.5,3,0.4038588414730278,0.003071253071253071,0.12804097311139565,1.270395040512085
Wiki,12,62,199,0.65,0.5,4,0.394360812086484,0.0034502587694077054,0.16559965855740505,1.281433343887329
Wiki,12,62,199,0.65,0.5,5,0.4591267686940342,0.0037837837837837837,0.1694408877507469,1.4016640186309814
Wiki,12,62,214,0.7,0.5,1,0.3935092799277163,0.0035252643948296123,0.15279556124626548,1.2713398933410645
Wiki,12,62,214,0.7,0.5,2,0.41851125324827537,0.0027233115468409588,0.12804097311139565,1.270493745803833
Wiki,12,62,214,0.7,0.5,3,0.4997776244057812,0.0035460992907801418,0.1720017072129748,1.2695279121398926
Wiki,12,62,214,0.7,0.5,4,0.4064513543842964,0.003787878787878788,0.16218523260776782,1.3978474140167236
Wiki,12,62,214,0.7,0.5,5,0.4006128005728714,0.0045045045045045045,0.18864703371745625,1.2698562145233154
Wiki,12,62,230,0.75,0.5,1,0.4427290359392803,0.0022522522522522522,0.09944515578318396,1.2702860832214355
Wiki,12,62,230,0.75,0.5,2,0.40579422229727147,0.0045045045045045045,0.20315834400341443,1.3921163082122803
Wiki,12,62,230,0.75,0.5,3,0.4146379724223639,0.004728132387706856,0.25181391378574475,1.275608777999878
Wiki,12,62,230,0.75,0.5,4,0.4019461645097484,0.003861003861003861,0.1694408877507469,1.2698283195495605
Wiki,12,62,230,0.75,0.5,5,0.42954183250887246,0.002598752598752599,0.1399914639351259,1.2698493003845215
Wiki,12,62,245,0.8,0.5,1,0.40386502919918404,0.0034502587694077054,0.16559965855740505,1.3995201587677002
Wiki,12,62,245,0.8,0.5,2,0.3990969179807182,0.0037837837837837837,0.19206145966709348,1.27083158493042
Wiki,12,62,245,0.8,0.5,3,0.4283086647528991,0.004158004158004158,0.1416986769099445,1.271735429763794
Wiki,12,62,245,0.8,0.5,4,0.4791340449508854,0.003401360544217687,0.20358514724711907,1.3919391632080078
Wiki,12,62,245,0.8,0.5,5,0.44915888052413155,0.0031565656565656565,0.12206572769953052,1.2673943042755127
Wiki,12,62,260,0.85,0.5,1,0.430988814741835,0.004804804804804805,0.16517285531370038,1.2693369388580322
Wiki,12,62,260,0.85,0.5,2,0.42223581806264665,0.0034502587694077054,0.15749039692701663,1.2714998722076416
Wiki,12,62,260,0.85,0.5,3,0.4155959865003093,0.004204204204204204,0.17370892018779344,1.403099536895752
Wiki,12,62,260,0.85,0.5,4,0.4153335702240324,0.005528255528255528,0.2373026034997866,1.272841215133667
Wiki,12,62,260,0.85,0.5,5,0.418589107958392,0.002702702702702703,0.14425949637217242,1.2721147537231445
Wiki,12,62,275,0.9,0.5,1,0.41470659551096833,0.006285355122564425,0.3047375160051216,1.3893084526062012
Wiki,12,62,275,0.9,0.5,2,0.4549278982031566,0.004914004914004914,0.20145113102859583,1.296365737915039
Wiki,12,62,275,0.9,0.5,3,0.4221483363199691,0.0034502587694077054,0.17968416559965855,1.2895183563232422
Wiki,12,62,275,0.9,0.5,4,0.3941856012918603,0.00407955124936257,0.17114810072556552,1.2703182697296143
Wiki,12,62,275,0.9,0.5,5,0.44154606437640187,0.004112808460634548,0.21382842509603073,1.3983807563781738
Wiki,12,62,291,0.95,0.5,1,0.38494165309703055,0.003955174686882004,0.17114810072556552,1.2684242725372314
Wiki,12,62,291,0.95,0.5,2,0.41506293856406373,0.0049382716049382715,0.17584293640631668,1.2699863910675049
Wiki,12,62,291,0.95,0.5,3,0.41864776797967157,0.005750431282346176,0.2577891591976099,1.3888015747070312
Wiki,12,62,291,0.95,0.5,4,0.4459864813771685,0.0040253018976423235,0.1882202304737516,1.2761211395263672
Wiki,12,62,291,0.95,0.5,5,0.43216381944110693,0.0065919578114700065,0.235595390524968,1.271009922027588
Wiki,12,62,306,1,0.5,1,0.3917210803697648,0.006081081081081081,0.22962014511310286,1.2708549499511719
Wiki,12,62,306,1,0.5,2,0.3718689204777364,0.005791505791505791,0.24157063593683312,1.399061679840088
Wiki,12,62,306,1,0.5,3,0.4151041329021508,0.008035062089116142,0.29449423815621,1.2720329761505127
Wiki,12,62,306,1,0.5,4,0.4203512772869407,0.007432432432432433,0.3265044814340589,1.2703304290771484
Wiki,12,62,306,1,0.5,5,0.42075537571864213,0.0065919578114700065,0.2658984208279983,1.390000343322754
Wiki,13,91,0,0,,0,0.40793186318906244,0.006006006006006006,0.26490924805531546,
Wiki,13,91,0,0,,0,0.411785939048513,0.00636574074074074,0.3150388936905791,
Wiki,13,91,0,0,,0,0.43527961316093733,0.005405405405405406,0.1888504753673293,
Wiki,13,91,0,0,,0,0.42270592360777753,0.006359300476947536,0.17934312878133102,
Wiki,13,91,0,0,,0,0.5018063649922541,0.010462074978204011,0.25799481417458947,
Wiki,13,91,3,0.01,0.5,1,0.4648139881382224,0.012222222222222223,0.30682800345721695,1.272315263748169
Wiki,13,91,3,0.01,0.5,2,0.4224055645293984,0.008744038155802861,0.3003457216940363,1.2678310871124268
Wiki,13,91,3,0.01,0.5,3,0.42290947641773013,0.005175388154111558,0.20095073465859983,1.390113353729248
Wiki,13,91,3,0.01,0.5,4,0.44882871422856896,0.005544005544005544,0.21996542783059636,1.2672336101531982
Wiki,13,91,3,0.01,0.5,5,0.4531218387415058,0.005750431282346176,0.2480553154710458,1.270420789718628
Wiki,13,91,15,0.05,0.5,1,0.43203176936133214,0.00693000693000693,0.28867761452031115,1.387512445449829
Wiki,13,91,15,0.05,0.5,2,0.4296560961090016,0.007807807807807808,0.33751080380293863,1.3069968223571777
Wiki,13,91,15,0.05,0.5,3,0.4305043506279205,0.013513513513513514,0.2934312878133103,1.2704296112060547
Wiki,13,91,15,0.05,0.5,4,0.44617042546249785,0.009266409266409266,0.3258426966292135,1.271679401397705
Wiki,13,91,15,0.05,0.5,5,0.4249843325312837,0.007985257985257985,0.378133102852204,1.398287057876587
Wiki,13,91,30,0.1,0.5,1,0.43254953571499954,0.008035062089116142,0.290838375108038,1.267967700958252
Wiki,13,91,30,0.1,0.5,2,0.448491677925424,0.005528255528255528,0.21305099394987034,1.2702629566192627
Wiki,13,91,30,0.1,0.5,3,0.4218557696254048,0.012718600953895072,0.4049265341400173,1.3963932991027832
Wiki,13,91,30,0.1,0.5,4,0.41524457959410155,0.005255255255255256,0.17718236819360414,1.2670371532440186
Wiki,13,91,30,0.1,0.5,5,0.4215193895511413,0.005689900426742532,0.172428694900605,1.2680699825286865
Wiki,13,91,45,0.15,0.5,1,0.43071197453398397,0.006756756756756757,0.21607605877268798,1.270496129989624
Wiki,13,91,45,0.15,0.5,2,0.3715175720004201,0.007722007722007722,0.25799481417458947,1.3881559371948242
Wiki,13,91,45,0.15,0.5,3,0.4226928070493388,0.010810810810810811,0.34572169403630076,1.2679834365844727
Wiki,13,91,45,0.15,0.5,4,0.41608620035172444,0.019656019656019656,0.4317199654278306,1.2713351249694824
Wiki,13,91,45,0.15,0.5,5,0.4492681468314519,0.011583011583011582,0.4014693171996543,1.3966176509857178
Wiki,13,91,59,0.2,0.5,1,0.40683997913968933,0.015015015015015015,0.3465859982713915,1.275399923324585
Wiki,13,91,59,0.2,0.5,2,0.4059888958457943,0.011284722222222222,0.31590319792566984,1.2679002285003662
Wiki,13,91,59,0.2,0.5,3,0.4452218080682453,0.008783783783783784,0.334485738980121,1.267707347869873
Wiki,13,91,59,0.2,0.5,4,0.43866566911935817,0.01001001001001001,0.23163353500432152,1.3897154331207275
Wiki,13,91,59,0.2,0.5,5,0.3724013873696329,0.00972972972972973,0.19706136560069146,1.2685203552246094
Wiki,13,91,74,0.25,0.5,1,0.4014925535476358,0.017777777777777778,0.4403630077787381,1.2695386409759521
Wiki,13,91,74,0.25,0.5,2,0.3960104607357975,0.00975975975975976,0.37294727744165945,1.397085428237915
Wiki,13,91,74,0.25,0.5,3,0.4102786754301577,0.013949433304272014,0.4226447709593777,1.2736785411834717
Wiki,13,91,74,0.25,0.5,4,0.4394012437995914,0.009009009009009009,0.3141745894554883,1.2703394889831543
Wiki,13,91,74,0.25,0.5,5,0.4014893831541763,0.010810810810810811,0.38418323249783926,1.2816603183746338
Wiki,13,91,89,0.3,0.5,1,0.4202825007359791,0.008569545154911009,0.3742437337942956,1.3889217376708984
Wiki,13,91,89,0.3,0.5,2,0.40733356758827505,0.017671517671517672,0.43604148660328435,1.2767634391784668
Wiki,13,91,89,0.3,0.5,3,0.4246551166512395,0.009828009828009828,0.41832324978392393,1.2708103656768799
Wiki,13,91,89,0.3,0.5,4,0.45542089904748523,0.007207207207207207,0.4420916162489196,1.3892037868499756
Wiki,13,91,89,0.3,0.5,5,0.3816250747230087,0.011891891891891892,0.2960242005185825,1.273543357849121
Wiki,13,91,104,0.35,0.5,1,0.426593939024863,0.013878743608473338,0.5280898876404494,1.2734031677246094
Wiki,13,91,104,0.35,0.5,2,0.44382532266295177,0.007170435741864313,0.36992221261884184,1.268873691558838
Wiki,13,91,104,0.35,0.5,3,0.4370441743052966,0.01762632197414806,0.4278305963699222,1.3982949256896973
Wiki,13,91,104,0.35,0.5,4,0.4432035475743758,0.02059202059202059,0.3889369057908384,1.2685532569885254
Wiki,13,91,104,0.35,0.5,5,0.44289200372451976,0.021879021879021878,0.4317199654278306,1.265782356262207
Wiki,13,91,119,0.4,0.5,1,0.4695380829390964,0.010810810810810811,0.45073465859982714,1.3949322700500488
Wiki,13,91,119,0.4,0.5,2,0.44782374147281473,0.01975051975051975,0.5410544511668107,1.275254726409912
Wiki,13,91,119,0.4,0.5,3,0.40985913460579687,0.015625,0.5164217804667243,1.2724285125732422
Wiki,13,91,119,0.4,0.5,4,0.42590136626946556,0.01266891891891892,0.40233362143474505,1.270141839981079
Wiki,13,91,119,0.4,0.5,5,0.39048634000121824,0.016216216216216217,0.40751944684528957,1.3960206508636475
Wiki,13,91,134,0.45,0.5,1,0.4044052867838307,0.022972972972972974,0.4429559204840104,1.2687063217163086
Wiki,13,91,134,0.45,0.5,2,0.4242708991182483,0.011333914559721011,0.2821953327571305,1.268829584121704
Wiki,13,91,134,0.45,0.5,3,0.3994317376909129,0.007823613086770981,0.25972342264477094,1.3969275951385498
Wiki,13,91,134,0.45,0.5,4,0.4000288178047399,0.014742014742014743,0.32281763180639583,1.2682833671569824
Wiki,13,91,134,0.45,0.5,5,0.41322157642617574,0.009548611111111112,0.3076923076923077,1.305250644683838
Wiki,13,91,148,0.5,0.5,1,0.4224125540732311,0.01447876447876448,0.4079515989628349,1.2868270874023438
Wiki,13,91,148,0.5,0.5,2,0.42007098863600695,0.012345679012345678,0.5324114088159032,1.3902397155761719
Wiki,13,91,148,0.5,0.5,3,0.4553653422604838,0.009009009009009009,0.34312878133102853,1.3094289302825928
Wiki,13,91,148,0.5,0.5,4,0.4243341822167855,0.02844950213371266,0.5302506482281764,1.2725083827972412
Wiki,13,91,148,0.5,0.5,5,0.4029798634992755,0.017297297297297298,0.4399308556611927,1.267892599105835
Wiki,13,91,163,0.55,0.5,1,0.4325808559471834,0.013513513513513514,0.41745894554883317,1.3917739391326904
Wiki,13,91,163,0.55,0.5,2,0.3698877946041892,0.02252252252252252,0.3889369057908384,1.267042636871338
Wiki,13,91,163,0.55,0.5,3,0.41971394567315856,0.018378378378378378,0.42696629213483145,1.2675373554229736
Wiki,13,91,163,0.55,0.5,4,0.45667086620129405,0.021464646464646464,0.44511668107173724,1.387662649154663
Wiki,13,91,163,0.55,0.5,5,0.40844603269350355,0.012205754141238012,0.341400172860847,1.2707290649414062
Wiki,13,91,178,0.6,0.5,1,0.4324493111503887,0.0199764982373678,0.4870354364736387,1.2708568572998047
Wiki,13,91,178,0.6,0.5,2,0.4776271023075293,0.019305019305019305,0.4801210025929127,1.2678723335266113
Wiki,13,91,178,0.6,0.5,3,0.4123836220923148,0.015693112467306015,0.4278305963699222,1.4005193710327148
Wiki,13,91,178,0.6,0.5,4,0.41690552545237325,0.021621621621621623,0.5553154710458081,1.2683000564575195
Wiki,13,91,178,0.6,0.5,5,0.41411762956478076,0.015693112467306015,0.46283491789109765,1.2697968482971191
Wiki,13,91,193,0.65,0.5,1,0.4327572082907161,0.018199233716475097,0.46888504753673294,1.3905563354492188
Wiki,13,91,193,0.65,0.5,2,0.4232111817690472,0.016016016016016016,0.43560933448573896,1.2740249633789062
Wiki,13,91,193,0.65,0.5,3,0.4365813144047452,0.023783783783783784,0.5734658599827139,1.2696547508239746
Wiki,13,91,193,0.65,0.5,4,0.4503825707216156,0.015315315315315315,0.47450302506482284,1.2684216499328613
Wiki,13,91,193,0.65,0.5,5,0.429773104740412,0.01638001638001638,0.5302506482281764,1.3973760604858398
Wiki,13,91,208,0.7,0.5,1,0.4255047044187507,0.021151586368977675,0.49178910976663787,1.2688984870910645
Wiki,13,91,208,0.7,0.5,2,0.4252809290661351,0.011313639220615965,0.5302506482281764,1.2694871425628662
Wiki,13,91,208,0.7,0.5,3,0.41758570484951985,0.009652509652509652,0.439066551426102,1.267211675643921
Wiki,13,91,208,0.7,0.5,4,0.3873340048914473,0.023166023166023165,0.48833189282627487,1.400963544845581
Wiki,13,91,208,0.7,0.5,5,0.4322756515672788,0.01488095238095238,0.4131374243733794,1.2680625915527344
Wiki,13,91,223,0.75,0.5,1,0.396061519361285,0.01833976833976834,0.452895419187554,1.2863285541534424
Wiki,13,91,223,0.75,0.5,2,0.40518243656893993,0.03815580286168521,0.5968020743301642,1.388585090637207
Wiki,13,91,223,0.75,0.5,3,0.3929259775477349,0.02702702702702703,0.4364736387208297,1.2720227241516113
Wiki,13,91,223,0.75,0.5,4,0.42316502614794443,0.03508771929824561,0.6084701815038893,1.274906873703003
Wiki,13,91,223,0.75,0.5,5,0.3926473595162271,0.021396396396396396,0.5298184961106309,1.3935370445251465
Wiki,13,91,238,0.8,0.5,1,0.3731662905461228,0.018018018018018018,0.5159896283491789,1.275865077972412
Wiki,13,91,238,0.8,0.5,2,0.4562012384043543,0.032432432432432434,0.6417458945548833,1.2698719501495361
Wiki,13,91,238,0.8,0.5,3,0.4268694289285086,0.013148283418553688,0.4697493517718237,1.2696847915649414
Wiki,13,91,238,0.8,0.5,4,0.3928726028257497,0.026455026455026454,0.5319792566983578,1.390394687652588
Wiki,13,91,238,0.8,0.5,5,0.43661812843037384,0.02252252252252252,0.5453759723422644,1.270843505859375
Wiki,13,91,252,0.85,0.5,1,0.4221342805081726,0.01701701701701702,0.4693171996542783,1.2727558612823486
Wiki,13,91,252,0.85,0.5,2,0.41111716340524873,0.02364864864864865,0.5397579948141746,1.3873207569122314
Wiki,13,91,252,0.85,0.5,3,0.4193651336361019,0.016216216216216217,0.5795159896283492,1.2691965103149414
Wiki,13,91,252,0.85,0.5,4,0.4028240322472231,0.027777777777777776,0.6512532411408816,1.2705621719360352
Wiki,13,91,252,0.85,0.5,5,0.43890230493789845,0.017707362534948742,0.5432152117545376,1.2682836055755615
Wiki,13,91,267,0.9,0.5,1,0.4000533196526285,0.031294452347083924,0.6032843560933449,1.3945801258087158
Wiki,13,91,267,0.9,0.5,2,0.4054478937791029,0.018162393162393164,0.45721694036300775,1.271317958831787
Wiki,13,91,267,0.9,0.5,3,0.3979149197406362,0.017094017094017096,0.43863439930855663,1.2704486846923828
Wiki,13,91,267,0.9,0.5,4,0.42936095619295045,0.024324324324324326,0.4585133967156439,1.3912229537963867
Wiki,13,91,267,0.9,0.5,5,0.387260125236725,0.025525525525525526,0.5095073465859983,1.2731571197509766
Wiki,13,91,282,0.95,0.5,1,0.4174103905392764,0.03003003003003003,0.543647363872083,1.271540641784668
Wiki,13,91,282,0.95,0.5,2,0.43759498863926516,0.019425675675675675,0.6063094209161625,1.396226406097412
Wiki,13,91,282,0.95,0.5,3,0.3843274895503306,0.022022022022022022,0.547104580812446,1.270721435546875
Wiki,13,91,282,0.95,0.5,4,0.3994323221967585,0.025525525525525526,0.445980985306828,1.3005015850067139
Wiki,13,91,282,0.95,0.5,5,0.44984038611739563,0.0259009009009009,0.6261884183232498,1.2693955898284912
Wiki,13,91,297,1,0.5,1,0.4522087532303922,0.033783783783783786,0.4969749351771824,1.3910300731658936
Wiki,13,91,297,1,0.5,2,0.38522763911715857,0.03656597774244833,0.6456352636127917,1.2768080234527588
Wiki,13,91,297,1,0.5,3,0.4410909352304157,0.03611111111111111,0.665514261019879,1.2707116603851318
Wiki,13,91,297,1,0.5,4,0.42372638598327506,0.01975051975051975,0.5246326707000865,1.3966588973999023
Wiki,13,91,297,1,0.5,5,0.3857946788826476,0.028255528255528257,0.6197061365600691,1.2694978713989258
Wiki,14,1,0,0,,0,0.4433140732453528,0.0,0.033277870216306155,
Wiki,14,1,0,0,,0,0.40787089953599326,0.0,0.0370216306156406,
Wiki,14,1,0,0,,0,0.45831245782828356,0.0,0.021630615640599003,
Wiki,14,1,0,0,,0,0.3966864249071491,0.0,0.02870216306156406,
Wiki,14,1,0,0,,0,0.46816319504338677,0.0,0.03410981697171381,
Wiki,14,1,0,0.01,0.5,1,0.44217750909097664,0.0,0.033277870216306155,1.2719590663909912
Wiki,14,1,0,0.01,0.5,2,0.42977405030258015,0.0,0.02038269550748752,1.380708932876587
Wiki,14,1,0,0.01,0.5,3,0.46252729291952416,0.0,0.03036605657237937,1.2722318172454834
Wiki,14,1,0,0.01,0.5,4,0.4209603266520709,0.0,0.034525790349417634,1.2713978290557861
Wiki,14,1,0,0.01,0.5,5,0.4055724587503593,0.0,0.02038269550748752,1.270461082458496
Wiki,14,1,0,0.05,0.5,1,0.3952524907771288,0.0,0.03618968386023295,1.3864166736602783
Wiki,14,1,0,0.05,0.5,2,0.40534988561717833,0.0,0.029950083194675542,1.2676119804382324
Wiki,14,1,0,0.05,0.5,3,0.4381453315282562,0.0,0.03410981697171381,1.269777774810791
Wiki,14,1,0,0.05,0.5,4,0.43300070962757214,0.0,0.029118136439267885,1.3805294036865234
Wiki,14,1,0,0.05,0.5,5,0.43150996974539524,0.0,0.03410981697171381,1.2696506977081299
Wiki,14,1,0,0.1,0.5,1,0.41903635706380016,0.0,0.0262063227953411,1.2703299522399902
Wiki,14,1,0,0.1,0.5,2,0.4240390499600921,0.0,0.01913477537437604,1.2693626880645752
Wiki,14,1,0,0.1,0.5,3,0.3999996597400541,0.0,0.027870216306156406,1.3988585472106934
Wiki,14,1,0,0.1,0.5,4,0.4280147772136027,0.0,0.022878535773710483,1.2823333740234375
Wiki,14,1,0,0.1,0.5,5,0.4404658837290787,0.0,0.023710482529118136,1.2684516906738281
Wiki,14,1,0,0.15,0.5,1,0.453948819086264,0.0,0.034525790349417634,1.3782200813293457
Wiki,14,1,0,0.15,0.5,2,0.4256854697553784,0.0,0.04118136439267887,1.2706961631774902
Wiki,14,1,0,0.15,0.5,3,0.43087309930502826,0.0,0.02870216306156406,1.2730097770690918
Wiki,14,1,0,0.15,0.5,4,0.45587503962424913,0.0,0.0370216306156406,1.2709572315216064
Wiki,14,1,0,0.15,0.5,5,0.423597703351455,0.0,0.03743760399334443,1.3865242004394531
Wiki,14,1,0,0.2,0.5,1,0.44579405335817895,0.0,0.03826955074875208,1.2693796157836914
Wiki,14,1,0,0.2,0.5,2,0.43161391868627536,0.0,0.04284525790349417,1.2678661346435547
Wiki,14,1,0,0.2,0.5,3,0.425108178840826,0.0,0.014559068219633943,1.3807730674743652
Wiki,14,1,0,0.2,0.5,4,0.4024157084961711,0.0,0.030782029950083195,1.2713046073913574
Wiki,14,1,0,0.2,0.5,5,0.4553375878005659,0.0,0.027870216306156406,1.268627643585205
Wiki,14,1,0,0.25,0.5,1,0.43566723835291615,0.0,0.032029950083194675,1.2702054977416992
Wiki,14,1,0,0.25,0.5,2,0.4489761531439172,0.0,0.03286189683860233,1.386756420135498
Wiki,14,1,0,0.25,0.5,3,0.4591317354275424,0.0,0.013311148086522463,1.2675344944000244
Wiki,14,1,0,0.25,0.5,4,0.4522377352773714,0.0,0.027038269550748752,1.2714142799377441
Wiki,14,1,0,0.25,0.5,5,0.4673921000722992,0.0,0.025374376039933443,1.3807313442230225
Wiki,14,1,0,0.3,0.5,1,0.39446389335088294,0.0,0.026622296173044926,1.2754342555999756
Wiki,14,1,0,0.3,0.5,2,0.4370431245238196,0.0,0.032029950083194675,1.2724816799163818
Wiki,14,1,0,0.3,0.5,3,0.39891360405059983,0.0,0.04284525790349417,1.272047996520996
Wiki,14,1,0,0.3,0.5,4,0.43933207041619615,0.0,0.029950083194675542,1.39139986038208
Wiki,14,1,0,0.3,0.5,5,0.3937066374883417,0.0,0.017054908485856904,1.2687370777130127
Wiki,14,1,0,0.35,0.5,1,0.3830156309952819,0.0,0.040349417637271213,1.285102128982544
Wiki,14,1,0,0.35,0.5,2,0.4581561077185216,0.0,0.024126455906821963,1.3877363204956055
Wiki,14,1,0,0.35,0.5,3,0.4150749697253943,0.0,0.02745424292845258,1.2742023468017578
Wiki,14,1,0,0.35,0.5,4,0.48026754514173203,0.0,0.027038269550748752,1.2701447010040283
Wiki,14,1,0,0.35,0.5,5,0.40752104872362216,0.0,0.012479201331114808,1.2682065963745117
Wiki,14,1,0,0.4,0.5,1,0.39334326762508465,0.0,0.025790349417637273,1.390451431274414
Wiki,14,1,0,0.4,0.5,2,0.45924506166448037,0.0,0.03618968386023295,1.2681159973144531
Wiki,14,1,0,0.4,0.5,3,0.4241166072917097,0.0,0.033277870216306155,1.2699024677276611
Wiki,14,1,0,0.4,0.5,4,0.4113366697372487,0.0,0.0524126455906822,1.3801579475402832
Wiki,14,1,0,0.4,0.5,5,0.469906701305928,0.0,0.017054908485856904,1.2759616374969482
Wiki,14,1,0,0.45,0.5,1,0.4199357660156152,0.0,0.01913477537437604,1.2730634212493896
Wiki,14,1,0,0.45,0.5,2,0.4686154962500971,0.0,0.022462562396006656,1.270930528640747
Wiki,14,1,0,0.45,0.5,3,0.4557825713931373,0.0,0.0324459234608985,1.390821933746338
Wiki,14,1,0,0.45,0.5,4,0.44614457768180393,0.0,0.03161397670549085,1.2687664031982422
Wiki,14,1,0,0.45,0.5,5,0.4118084108858778,0.0,0.02870216306156406,1.26768159866333
Wiki,14,1,0,0.5,0.5,1,0.39891462773132713,0.0,0.013311148086522463,1.3797123432159424
Wiki,14,1,0,0.5,0.5,2,0.41810152803005884,0.0,0.029534109816971715,1.2700974941253662
Wiki,14,1,0,0.5,0.5,3,0.4504172703025209,0.0,0.014559068219633943,1.275831937789917
Wiki,14,1,0,0.5,0.5,4,0.4647051486896156,0.0,0.02870216306156406,1.2697679996490479
Wiki,14,1,0,0.5,0.5,5,0.41418720581213286,0.0,0.018718801996672214,1.393033742904663
Wiki,14,1,0,0.55,0.5,1,0.411272477776847,0.0,0.00956738768718802,1.2710554599761963
Wiki,14,1,0,0.55,0.5,2,0.40396967850989385,0.0,0.028286189683860232,1.2667279243469238
Wiki,14,1,0,0.55,0.5,3,0.41649149072556657,0.0,0.034525790349417634,1.3809571266174316
Wiki,14,1,0,0.55,0.5,4,0.4261041262471276,0.0,0.01372712146422629,1.2780280113220215
Wiki,14,1,0,0.55,0.5,5,0.40195894774909746,0.0,0.01622296173044925,1.272279977798462
Wiki,14,1,0,0.6,0.5,1,0.4378180990359999,0.0,0.029118136439267885,1.2706422805786133
Wiki,14,1,0,0.6,0.5,2,0.43277880346203196,0.0,0.029534109816971715,1.3857855796813965
Wiki,14,1,0,0.6,0.5,3,0.4323384377750129,0.0,0.02204658901830283,1.2681207656860352
Wiki,14,1,0,0.6,0.5,4,0.42557131116683583,0.0,0.017054908485856904,1.2680723667144775
Wiki,14,1,0,0.6,0.5,5,0.403702163670749,0.0,0.03161397670549085,1.380519151687622
Wiki,14,1,0,0.65,0.5,1,0.41352997449289647,0.0,0.042429284525790346,1.273374080657959
Wiki,14,1,0,0.65,0.5,2,0.43591196160148926,0.0,0.021630615640599003,1.2739372253417969
Wiki,14,1,0,0.65,0.5,3,0.4113300619508896,0.0,0.02870216306156406,1.2718360424041748
Wiki,14,1,0,0.65,0.5,4,0.44990699262096207,0.0,0.007071547420965058,1.389322280883789
Wiki,14,1,0,0.65,0.5,5,0.43218549510745785,0.0,0.03743760399334443,1.271064043045044
Wiki,14,1,0,0.7,0.5,1,0.42193135709757773,0.0,0.029950083194675542,1.2703771591186523
Wiki,14,1,0,0.7,0.5,2,0.44010127535380633,0.0,0.0262063227953411,1.3835642337799072
Wiki,14,1,0,0.7,0.5,3,0.4229032794522144,0.0,0.03036605657237937,1.271071195602417
Wiki,14,1,0,0.7,0.5,4,0.44932703185817136,0.0,0.04658901830282862,1.2726733684539795
Wiki,14,1,0,0.7,0.5,5,0.42787251673089677,0.0,0.020798668885191347,1.268296480178833
Wiki,14,1,0,0.75,0.5,1,0.4106078067441024,0.0,0.018718801996672214,1.3900890350341797
Wiki,14,1,0,0.75,0.5,2,0.4333312409252868,0.0,0.04326123128119801,1.2750861644744873
Wiki,14,1,0,0.75,0.5,3,0.40719238226979876,0.0,0.016638935108153077,1.2707359790802002
Wiki,14,1,0,0.75,0.5,4,0.4086325288760884,0.0,0.024126455906821963,1.380500316619873
Wiki,14,1,0,0.75,0.5,5,0.44358204583684896,0.0,0.0262063227953411,1.277127742767334
Wiki,14,1,0,0.8,0.5,1,0.42421550034437183,0.0,0.01372712146422629,1.2697935104370117
Wiki,14,1,0,0.8,0.5,2,0.47079858384001405,0.0,0.03826955074875208,1.2725064754486084
Wiki,14,1,0,0.8,0.5,3,0.44109493316419557,0.0,0.022462562396006656,1.4237849712371826
Wiki,14,1,0,0.8,0.5,4,0.4291251996312305,0.0,0.01788685524126456,1.2684276103973389
Wiki,14,1,0,0.8,0.5,5,0.410921547329705,0.0,0.0324459234608985,1.268397569656372
Wiki,14,1,0,0.85,0.5,1,0.42687202998552826,0.0,0.026622296173044926,1.3844690322875977
Wiki,14,1,0,0.85,0.5,2,0.4446145020071875,0.0,0.040349417637271213,1.2717442512512207
Wiki,14,1,0,0.85,0.5,3,0.418729002905622,0.0,0.029534109816971715,1.2733736038208008
Wiki,14,1,0,0.85,0.5,4,0.4528052166472424,0.0,0.0262063227953411,1.2711701393127441
Wiki,14,1,0,0.85,0.5,5,0.4087309835066296,0.0,0.026622296173044926,1.3866913318634033
Wiki,14,1,0,0.9,0.5,1,0.4417235622625104,0.0,0.03993344425956739,1.273615837097168
Wiki,14,1,0,0.9,0.5,2,0.4108288398982068,0.0,0.029534109816971715,1.2704870700836182
Wiki,14,1,0,0.9,0.5,3,0.408896012543732,0.0,0.026622296173044926,1.3834586143493652
Wiki,14,1,0,0.9,0.5,4,0.4431612252128654,0.0,0.021630615640599003,1.2757251262664795
Wiki,14,1,0,0.9,0.5,5,0.4587724492151097,0.0,0.029950083194675542,1.2678098678588867
Wiki,14,1,0,0.95,0.5,1,0.41398261160875555,0.0,0.03618968386023295,1.2691810131072998
Wiki,14,1,0,0.95,0.5,2,0.40208849991315215,0.0,0.01622296173044925,1.3872640132904053
Wiki,14,1,0,0.95,0.5,3,0.44474817893826973,0.0,0.00956738768718802,1.273566722869873
Wiki,14,1,0,0.95,0.5,4,0.4164645923403043,0.0,0.037853577371048254,1.2696940898895264
Wiki,14,1,0,0.95,0.5,5,0.4225751277631811,0.0,0.014975041597337771,1.380080223083496
Wiki,14,1,0,1,0.5,1,0.43211318252722686,0.0,0.0324459234608985,1.2708053588867188
Wiki,14,1,0,1,0.5,2,0.44568934406167166,0.0,0.023710482529118136,1.2688782215118408
Wiki,14,1,0,1,0.5,3,0.39374590040338775,0.0,0.0324459234608985,1.2671518325805664
Wiki,14,1,0,1,0.5,4,0.38724016345372814,0.0,0.020798668885191347,1.3951961994171143
Wiki,14,1,0,1,0.5,5,0.4149066050061692,0.0,0.025374376039933443,1.2766914367675781
Wiki,15,168,0,0,,0,0.42154840358728585,0.006629270780214177,0.34286991506481895,
Wiki,15,168,0,0,,0,0.4155217246573232,0.006142506142506142,0.20697362539114886,
Wiki,15,168,0,0,,0,0.4116125909463005,0.004340277777777778,0.26329906124273583,
Wiki,15,168,0,0,,0,0.46877903397184395,0.005015432098765432,0.34421099687080914,
Wiki,15,168,0,0,,0,0.4562516338848699,0.004193849021435228,0.20205632543585159,
Wiki,15,168,4,0.01,0.5,1,0.3970310915555616,0.00688924218335983,0.3209655789003129,1.3730409145355225
Wiki,15,168,4,0.01,0.5,2,0.4590806661760951,0.0038155802861685214,0.29503799731783636,1.272819995880127
Wiki,15,168,4,0.01,0.5,3,0.4276061166143654,0.0068796068796068794,0.33214126061689764,1.2720627784729004
Wiki,15,168,4,0.01,0.5,4,0.45561572231995523,0.0032314923619271444,0.2516763522574877,1.2687499523162842
Wiki,15,168,4,0.01,0.5,5,0.44136604621417924,0.008108108108108109,0.36969155118462227,1.3986802101135254
Wiki,15,168,22,0.05,0.5,1,0.44475923964073427,0.0053292729349067374,0.35493965131873045,1.2712082862854004
Wiki,15,168,22,0.05,0.5,2,0.42079680634768574,0.014756944444444444,0.40500670540902994,1.2717981338500977
Wiki,15,168,22,0.05,0.5,3,0.4519998974422167,0.004840661557079467,0.28877961555654896,1.3996460437774658
Wiki,15,168,22,0.05,0.5,4,0.4226735212790109,0.004830917874396135,0.17881090746535538,1.2748162746429443
Wiki,15,168,22,0.05,0.5,5,0.47047686032552893,0.0037722908093278463,0.23826553419758606,1.2694191932678223
Wiki,15,168,44,0.1,0.5,1,0.4516913214314742,0.008835758835758836,0.47384890478319175,1.2718093395233154
Wiki,15,168,44,0.1,0.5,2,0.41647586374877904,0.004789272030651341,0.2637460885113992,1.3880836963653564
Wiki,15,168,44,0.1,0.5,3,0.4377121205237356,0.008838383838383838,0.32454179704962005,1.271651268005371
Wiki,15,168,44,0.1,0.5,4,0.4026700800515234,0.004129129129129129,0.22574877067501117,1.2710812091827393
Wiki,15,168,44,0.1,0.5,5,0.3872457756202779,0.006606606606606606,0.2597228430934287,1.395714282989502
Wiki,15,168,66,0.15,0.5,1,0.40882630458998537,0.006538796861377506,0.3531515422440769,1.270813226699829
Wiki,15,168,66,0.15,0.5,2,0.38550475807399714,0.00922874093605801,0.3638801966919982,1.2712287902832031
Wiki,15,168,66,0.15,0.5,3,0.45525230615182055,0.007882882882882882,0.3459991059454627,1.2710769176483154
Wiki,15,168,66,0.15,0.5,4,0.4605199543567507,0.006486486486486486,0.49441215914170766,1.3918428421020508
Wiki,15,168,66,0.15,0.5,5,0.4428542694833414,0.005765765765765766,0.4161823871256147,1.2998361587524414
Wiki,15,168,88,0.2,0.5,1,0.4407502834236279,0.00972972972972973,0.48636566830576666,1.2735602855682373
Wiki,15,168,88,0.2,0.5,2,0.39833497077762614,0.005709935287400076,0.4148413053196245,1.3956663608551025
Wiki,15,168,88,0.2,0.5,3,0.4694474188375586,0.00518326545723806,0.372820742065266,1.2774698734283447
Wiki,15,168,88,0.2,0.5,4,0.36961684788309646,0.005855855855855856,0.3276709879302637,1.2706971168518066
Wiki,15,168,88,0.2,0.5,5,0.44014604992745054,0.0053292729349067374,0.3683504693786321,1.2720513343811035
Wiki,15,168,110,0.25,0.5,1,0.4186275574530571,0.00827357970215113,0.3156012516763523,1.3926301002502441
Wiki,15,168,110,0.25,0.5,2,0.41851037801674495,0.007807807807807808,0.32409476978095664,1.272434949874878
Wiki,15,168,110,0.25,0.5,3,0.4247271824805702,0.008316008316008316,0.5265981224854717,1.2730293273925781
Wiki,15,168,110,0.25,0.5,4,0.4362815086090254,0.005636070853462158,0.3598569512740277,1.3992290496826172
Wiki,15,168,110,0.25,0.5,5,0.42150783056643115,0.008669046404895462,0.3978542691104157,1.2722747325897217
Wiki,15,168,132,0.3,0.5,1,0.4437680535982399,0.013167013167013167,0.43719266875279394,1.2714228630065918
Wiki,15,168,132,0.3,0.5,2,0.42877549517382785,0.006418918918918919,0.4380867232901207,1.2704553604125977
Wiki,15,168,132,0.3,0.5,3,0.427104852763905,0.007722007722007722,0.38936075100581136,1.3931727409362793
Wiki,15,168,132,0.3,0.5,4,0.39876714452786194,0.007419183889772125,0.40098345999105944,1.2742266654968262
Wiki,15,168,132,0.3,0.5,5,0.41358402102461456,0.007484407484407485,0.46714349575324093,1.2705039978027344
Wiki,15,168,154,0.35,0.5,1,0.41659498889081753,0.013513513513513514,0.47429593205185516,1.2701170444488525
Wiki,15,168,154,0.35,0.5,2,0.37011122009139397,0.009444444444444445,0.46624944121591416,1.397700309753418
Wiki,15,168,154,0.35,0.5,3,0.39934208895741913,0.007586533902323376,0.3951721054984354,1.268462896347046
Wiki,15,168,154,0.35,0.5,4,0.4193333494775399,0.004914004914004914,0.2731336611533304,1.2709434032440186
Wiki,15,168,154,0.35,0.5,5,0.42843742597331286,0.00815910249872514,0.4175234689316048,1.3909099102020264
Wiki,15,168,176,0.4,0.5,1,0.41569432244488125,0.013878743608473338,0.5185516316495307,1.2781901359558105
Wiki,15,168,176,0.4,0.5,2,0.46511840341253524,0.008353808353808353,0.4380867232901207,1.269408941268921
Wiki,15,168,176,0.4,0.5,3,0.43240469260728065,0.00620891161431702,0.4850245864997765,1.2972102165222168
Wiki,15,168,176,0.4,0.5,4,0.4439112882525177,0.012524719841793012,0.4689316048278945,1.3966755867004395
Wiki,15,168,176,0.4,0.5,5,0.44051463008949254,0.00626713670191931,0.4304872597228431,1.2689082622528076
Wiki,15,168,198,0.45,0.5,1,0.45567541360382935,0.007532956685499058,0.38623156012516763,1.26975417137146
Wiki,15,168,198,0.45,0.5,2,0.4041108247918474,0.008108108108108109,0.5663835493965131,1.3927688598632812
Wiki,15,168,198,0.45,0.5,3,0.4011829894006723,0.007601351351351352,0.4322753687974967,1.2701318264007568
Wiki,15,168,198,0.45,0.5,4,0.412142298481829,0.008703618873110398,0.5181046043808673,1.2717845439910889
Wiki,15,168,198,0.45,0.5,5,0.43560939749001604,0.008067769261799113,0.535091640590076,1.270599603652954
Wiki,15,168,220,0.5,0.5,1,0.4218946539209287,0.012012012012012012,0.38623156012516763,1.4035184383392334
Wiki,15,168,220,0.5,0.5,2,0.4289020157992792,0.007442224833529181,0.4680375502905677,1.2703757286071777
Wiki,15,168,220,0.5,0.5,3,0.4145738085128844,0.01257071024512885,0.5525257040679481,1.2706241607666016
Wiki,15,168,220,0.5,0.5,4,0.443206861960427,0.006944444444444444,0.5011175681716584,1.3906219005584717
Wiki,15,168,220,0.5,0.5,5,0.42467381633343426,0.013827781269641735,0.556995976754582,1.2730259895324707
Wiki,15,168,242,0.55,0.5,1,0.4080171758663527,0.01287001287001287,0.5198927134555208,1.2735717296600342
Wiki,15,168,242,0.55,0.5,2,0.3964256554921647,0.013513513513513514,0.5185516316495307,1.2708008289337158
Wiki,15,168,242,0.55,0.5,3,0.4221345397327004,0.008960573476702509,0.5663835493965131,1.3992669582366943
Wiki,15,168,242,0.55,0.5,4,0.45010082234845694,0.00888030888030888,0.6092981671881985,1.2757453918457031
Wiki,15,168,242,0.55,0.5,5,0.38484907023856385,0.012899262899262898,0.5601251676352258,1.2705578804016113
Wiki,15,168,264,0.6,0.5,1,0.4436782370202532,0.014227642276422764,0.5131873044255699,1.3881547451019287
Wiki,15,168,264,0.6,0.5,2,0.40272994035522525,0.009401709401709401,0.6124273580688422,1.275726556777954
Wiki,15,168,264,0.6,0.5,3,0.3961924249588687,0.015647226173541962,0.6312025033527046,1.270418405532837
Wiki,15,168,264,0.6,0.5,4,0.4098945649045858,0.007846556233653008,0.44881537773804203,1.2697632312774658
Wiki,15,168,264,0.6,0.5,5,0.41704507664493257,0.010810810810810811,0.5069289226642825,1.3977034091949463
Wiki,15,168,286,0.65,0.5,1,0.39547321664346224,0.009009009009009009,0.5744300402324541,1.3285515308380127
Wiki,15,168,286,0.65,0.5,2,0.41842197858520097,0.014264264264264264,0.5230219043361645,1.2957990169525146
Wiki,15,168,286,0.65,0.5,3,0.41357449421198256,0.014502307185234015,0.6021457308895842,1.392307996749878
Wiki,15,168,286,0.65,0.5,4,0.41480435880007605,0.00963718820861678,0.47429593205185516,1.2709896564483643
Wiki,15,168,286,0.65,0.5,5,0.42276934060586685,0.008868243243243243,0.5789003129190881,1.2692267894744873
Wiki,15,168,308,0.7,0.5,1,0.42244187197318994,0.013513513513513514,0.5739830129637908,1.3986380100250244
Wiki,15,168,308,0.7,0.5,2,0.4535150799525902,0.013513513513513514,0.5113991953509164,1.2754907608032227
Wiki,15,168,308,0.7,0.5,3,0.4263821332224366,0.00930438635356668,0.5373267769333929,1.2684273719787598
Wiki,15,168,308,0.7,0.5,4,0.4345596838022534,0.015246015246015246,0.5699597675458203,1.2716450691223145
Wiki,15,168,308,0.7,0.5,5,0.3936096987078621,0.017267267267267267,0.5806884219937416,1.3890411853790283
Wiki,15,168,330,0.75,0.5,1,0.4148401250148385,0.014742014742014743,0.6320965578900313,1.2764487266540527
Wiki,15,168,330,0.75,0.5,2,0.4211012598369987,0.015444015444015444,0.6531068395172106,1.2722911834716797
Wiki,15,168,330,0.75,0.5,3,0.4120062998153173,0.02027027027027027,0.6759052302190434,1.2729878425598145
Wiki,15,168,330,0.75,0.5,4,0.438080570259049,0.021505376344086023,0.6222619579794367,1.3964588642120361
Wiki,15,168,330,0.75,0.5,5,0.47115933289732465,0.011891891891891892,0.5985695127402771,1.2700119018554688
Wiki,15,168,352,0.8,0.5,1,0.43625139890034437,0.010884353741496598,0.6937863209655789,1.2721498012542725
Wiki,15,168,352,0.8,0.5,2,0.43402084545263253,0.015356265356265357,0.6517657577112204,1.3891377449035645
Wiki,15,168,352,0.8,0.5,3,0.4118032716561986,0.013996138996138996,0.7670987930263746,1.2743916511535645
Wiki,15,168,352,0.8,0.5,4,0.4465963984880676,0.008960573476702509,0.5203397407241842,1.2725739479064941
Wiki,15,168,352,0.8,0.5,5,0.43029930282638795,0.01036653091447612,0.7045149754135003,1.2727673053741455
Wiki,15,168,374,0.85,0.5,1,0.42251008188259787,0.016584766584766583,0.7367009387572642,1.3965435028076172
Wiki,15,168,374,0.85,0.5,2,0.41743237477509454,0.0171990171990172,0.7286544479213232,1.2694730758666992
Wiki,15,168,374,0.85,0.5,3,0.42736366715681035,0.016260162601626018,0.6566830576665177,1.270665168762207
Wiki,15,168,374,0.85,0.5,4,0.4034854709313591,0.011011011011011011,0.5587840858292356,1.3996150493621826
Wiki,15,168,374,0.85,0.5,5,0.4072618051595044,0.011824324324324325,0.5520786767992848,1.2711811065673828
Wiki,15,168,396,0.9,0.5,1,0.4081172810624935,0.019203413940256046,0.67545820295038,1.2703211307525635
Wiki,15,168,396,0.9,0.5,2,0.41322810954739275,0.01987281399046105,0.689316048278945,1.2732713222503662
Wiki,15,168,396,0.9,0.5,3,0.4073571646453612,0.027927927927927927,0.8305766651765758,1.3973174095153809
Wiki,15,168,396,0.9,0.5,4,0.40602053138148364,0.013626834381551363,0.6928922664282521,1.2694056034088135
Wiki,15,168,396,0.9,0.5,5,0.3847825430815479,0.017361111111111112,0.6638354939651319,1.2711350917816162
Wiki,15,168,418,0.95,0.5,1,0.40631338006270495,0.024324324324324326,0.7367009387572642,1.3898859024047852
Wiki,15,168,418,0.95,0.5,2,0.40557251690799667,0.011351351351351352,0.5806884219937416,1.2695848941802979
Wiki,15,168,418,0.95,0.5,3,0.39995264685904325,0.01987281399046105,0.657130084935181,1.2718892097473145
Wiki,15,168,418,0.95,0.5,4,0.4284670021513714,0.009867009867009866,0.6124273580688422,1.2722127437591553
Wiki,15,168,418,0.95,0.5,5,0.41786189009502206,0.020833333333333332,0.7170317389360751,1.394853115081787
Wiki,15,168,440,1,0.5,1,0.40674596657408313,0.01698841698841699,0.562807331247206,1.268143653869629
Wiki,15,168,440,1,0.5,2,0.39066243317791594,0.011302211302211302,0.5578900312919088,1.272576093673706
Wiki,15,168,440,1,0.5,3,0.4265173271499361,0.015246015246015246,0.527045149754135,1.3900139331817627
Wiki,15,168,440,1,0.5,4,0.4004397335209651,0.01756756756756757,0.7277603933839965,1.2703750133514404
Wiki,15,168,440,1,0.5,5,0.39039753594918125,0.021294021294021293,0.6656236030397854,1.2732067108154297
Wiki,16,70,0,0,,0,0.3996629758970457,0.003309431880860452,0.14261241970021413,
Wiki,16,70,0,0,,0,0.4347137603488585,0.004095004095004095,0.13790149892933617,
Wiki,16,70,0,0,,0,0.4452709723343194,0.0030596634370219276,0.12933618843683084,
Wiki,16,70,0,0,,0,0.4217181506512109,0.002457002457002457,0.07323340471092077,
Wiki,16,70,0,0,,0,0.4265728740838657,0.003968253968253968,0.1524625267665953,
Wiki,16,70,2,0.01,0.5,1,0.4145576397448064,0.002955082742316785,0.11220556745182013,1.3878960609436035
Wiki,16,70,2,0.01,0.5,2,0.4439072345220688,0.0045045045045045045,0.17987152034261242,1.277414083480835
Wiki,16,70,2,0.01,0.5,3,0.44885528520370543,0.0019305019305019305,0.09764453961456103,1.283961296081543
Wiki,16,70,2,0.01,0.5,4,0.43467205666565567,0.003861003861003861,0.11220556745182013,1.288212776184082
Wiki,16,70,2,0.01,0.5,5,0.4019744807332156,0.004204204204204204,0.1366167023554604,1.401987075805664
Wiki,16,70,8,0.05,0.5,1,0.4354733401337369,0.010251630941286114,0.28522483940042825,1.2699236869812012
Wiki,16,70,8,0.05,0.5,2,0.43360455499065276,0.0059121621621621625,0.15160599571734476,1.270139217376709
Wiki,16,70,8,0.05,0.5,3,0.43735800759325927,0.005405405405405406,0.1922912205567452,1.3889250755310059
Wiki,16,70,8,0.05,0.5,4,0.42938501761556663,0.005113221329437546,0.16531049250535332,1.2711429595947266
Wiki,16,70,8,0.05,0.5,5,0.4104267344312664,0.0033783783783783786,0.17987152034261242,1.2707273960113525
Wiki,16,70,16,0.1,0.5,1,0.41331284527321166,0.008718395815170008,0.24925053533190578,1.3908119201660156
Wiki,16,70,16,0.1,0.5,2,0.43565471383621807,0.0025497195308516064,0.12162740899357602,1.2760517597198486
Wiki,16,70,16,0.1,0.5,3,0.38356249416177207,0.003465003465003465,0.13875802997858672,1.2693262100219727
Wiki,16,70,16,0.1,0.5,4,0.42623479673571496,0.00472972972972973,0.14903640256959313,1.2736144065856934
Wiki,16,70,16,0.1,0.5,5,0.4253059108854446,0.009355509355509356,0.22441113490364026,1.3951759338378906
Wiki,16,70,24,0.15,0.5,1,0.42286890246769876,0.0045045045045045045,0.18843683083511778,1.2690060138702393
Wiki,16,70,24,0.15,0.5,2,0.42673703190913137,0.006006006006006006,0.21027837259100643,1.270664930343628
Wiki,16,70,24,0.15,0.5,3,0.3911137678175406,0.006574141709276844,0.230406852248394,1.2705490589141846
Wiki,16,70,24,0.15,0.5,4,0.45655855319806476,0.005689900426742532,0.19357601713062098,1.3992009162902832
Wiki,16,70,24,0.15,0.5,5,0.4542012776649768,0.006574141709276844,0.2715203426124197,1.271421194076538
Wiki,16,70,32,0.2,0.5,1,0.41490645187722586,0.003941441441441441,0.17002141327623127,1.2710862159729004
Wiki,16,70,32,0.2,0.5,2,0.4203080837315152,0.008445945945945946,0.2937901498929336,1.3879942893981934
Wiki,16,70,32,0.2,0.5,3,0.42079779510552495,0.0034502587694077054,0.11734475374732334,1.273932695388794
Wiki,16,70,32,0.2,0.5,4,0.42110326387878777,0.01673101673101673,0.39014989293361885,1.269742727279663
Wiki,16,70,32,0.2,0.5,5,0.39710806534840126,0.010575793184488837,0.25267665952890794,1.3983206748962402
Wiki,16,70,40,0.25,0.5,1,0.44115509218176424,0.004864864864864865,0.2051391862955032,1.2853803634643555
Wiki,16,70,40,0.25,0.5,2,0.47444025869930956,0.005050505050505051,0.2715203426124197,1.272029161453247
Wiki,16,70,40,0.25,0.5,3,0.40479169948390115,0.0047694753577106515,0.09593147751605996,1.272343635559082
Wiki,16,70,40,0.25,0.5,4,0.4434227350841461,0.006067291781577496,0.2650963597430407,1.3895540237426758
Wiki,16,70,40,0.25,0.5,5,0.42173558988948484,0.004978662873399715,0.1854389721627409,1.269963264465332
Wiki,16,70,48,0.3,0.5,1,0.3826041437786515,0.004600345025876941,0.2449678800856531,1.2727789878845215
Wiki,16,70,48,0.3,0.5,2,0.4472582890266083,0.006142506142506142,0.2779443254817987,1.3981945514678955
Wiki,16,70,48,0.3,0.5,3,0.4200036303797299,0.011333914559721011,0.3233404710920771,1.2703583240509033
Wiki,16,70,48,0.3,0.5,4,0.44336656653466666,0.005405405405405406,0.15546038543897217,1.2692797183990479
Wiki,16,70,48,0.3,0.5,5,0.43400434124094567,0.009828009828009828,0.31862955032119916,1.2732396125793457
Wiki,16,70,56,0.35,0.5,1,0.421546318497179,0.010810810810810811,0.2316916488222698,1.392124891281128
Wiki,16,70,56,0.35,0.5,2,0.4248343344736702,0.012925969447708578,0.3147751605995717,1.2780447006225586
Wiki,16,70,56,0.35,0.5,3,0.42012979711694876,0.006401137980085348,0.25738758029978587,1.2708754539489746
Wiki,16,70,56,0.35,0.5,4,0.4338640714013474,0.007207207207207207,0.1734475374732334,1.2710545063018799
Wiki,16,70,56,0.35,0.5,5,0.3835255143478666,0.007371007371007371,0.2051391862955032,1.3963146209716797
Wiki,16,70,64,0.4,0.5,1,0.4610559283163471,0.007407407407407408,0.21370449678800857,1.2716095447540283
Wiki,16,70,64,0.4,0.5,2,0.4473031904862497,0.007168458781362007,0.21670235546038544,1.2726969718933105
Wiki,16,70,64,0.4,0.5,3,0.4300533477079775,0.009652509652509652,0.2685224839400428,1.389716625213623
Wiki,16,70,64,0.4,0.5,4,0.3970448299286023,0.0075075075075075074,0.2745182012847966,1.2731406688690186
Wiki,16,70,64,0.4,0.5,5,0.4416600656480473,0.010038610038610039,0.3293361884368308,1.279003381729126
Wiki,16,70,72,0.45,0.5,1,0.39168499690882097,0.010395010395010396,0.24710920770877945,1.4404921531677246
Wiki,16,70,72,0.45,0.5,2,0.4527503256759469,0.008744038155802861,0.3366167023554604,1.272528886795044
Wiki,16,70,72,0.45,0.5,3,0.43454599124680043,0.008547008547008548,0.34817987152034263,1.2697985172271729
Wiki,16,70,72,0.45,0.5,4,0.43270897856160007,0.00959023539668701,0.24197002141327623,1.3062920570373535
Wiki,16,70,72,0.45,0.5,5,0.4352971837628206,0.01527614571092832,0.3841541755888651,1.3934807777404785
Wiki,16,70,80,0.5,0.5,1,0.43897037765810354,0.0171990171990172,0.3563169164882227,1.2717061042785645
Wiki,16,70,80,0.5,0.5,2,0.44652256639861565,0.007251153592617007,0.28179871520342614,1.2706630229949951
Wiki,16,70,80,0.5,0.5,3,0.4576552131122601,0.012474012474012475,0.302355460385439,1.3918423652648926
Wiki,16,70,80,0.5,0.5,4,0.3922508522511933,0.009009009009009009,0.31220556745182015,1.2697560787200928
Wiki,16,70,80,0.5,0.5,5,0.40651854760780826,0.006756756756756757,0.2158458244111349,1.2715036869049072
Wiki,16,70,87,0.55,0.5,1,0.4460079580298546,0.01756756756756757,0.33961456102783727,1.2714200019836426
Wiki,16,70,87,0.55,0.5,2,0.4471663824023354,0.01410105757931845,0.3134903640256959,1.4052836894989014
Wiki,16,70,87,0.55,0.5,3,0.433359735109497,0.003003003003003003,0.1683083511777302,1.270082950592041
Wiki,16,70,87,0.55,0.5,4,0.4306829995060682,0.009259259259259259,0.27194860813704497,1.273141622543335
Wiki,16,70,87,0.55,0.5,5,0.42764425924243255,0.009009009009009009,0.36616702355460384,1.3945565223693848
Wiki,16,70,95,0.6,0.5,1,0.41330994822557077,0.009495982468955442,0.3653104925053533,1.2769272327423096
Wiki,16,70,95,0.6,0.5,2,0.427557695014493,0.006756756756756757,0.31434689507494645,1.2731151580810547
Wiki,16,70,95,0.6,0.5,3,0.44488078451176016,0.009702009702009701,0.40856531049250533,1.2690825462341309
Wiki,16,70,95,0.6,0.5,4,0.4313542993812044,0.01192368839427663,0.3404710920770878,1.4014403820037842
Wiki,16,70,95,0.6,0.5,5,0.4195073933668983,0.009009009009009009,0.22655246252676658,1.2712867259979248
Wiki,16,70,103,0.65,0.5,1,0.41418690954296355,0.01532567049808429,0.40856531049250533,1.268808364868164
Wiki,16,70,103,0.65,0.5,2,0.4011365253204828,0.019305019305019305,0.36231263383297646,1.3993351459503174
Wiki,16,70,103,0.65,0.5,3,0.4310539410937945,0.006435006435006435,0.25096359743040686,1.270322322845459
Wiki,16,70,103,0.65,0.5,4,0.4494279568363276,0.012387387387387387,0.3169164882226981,1.2681429386138916
Wiki,16,70,103,0.65,0.5,5,0.42292315964256505,0.011583011583011582,0.31862955032119916,1.270857334136963
Wiki,16,70,111,0.7,0.5,1,0.44017726163312937,0.00754242614707731,0.31092077087794434,1.39005708694458
Wiki,16,70,111,0.7,0.5,2,0.41270090896993855,0.012896825396825396,0.33533190578158456,1.2934274673461914
Wiki,16,70,111,0.7,0.5,3,0.4085275775162927,0.014742014742014743,0.31092077087794434,1.279689073562622
Wiki,16,70,111,0.7,0.5,4,0.45820223958935,0.012285012285012284,0.37687366167023556,1.268995761871338
Wiki,16,70,111,0.7,0.5,5,0.4188324553057881,0.007050528789659225,0.3169164882226981,1.3970332145690918
Wiki,16,70,119,0.75,0.5,1,0.4396291448758259,0.021241830065359478,0.3717344753747323,1.2710275650024414
Wiki,16,70,119,0.75,0.5,2,0.44968442454664975,0.010251630941286114,0.32119914346895073,1.2701313495635986
Wiki,16,70,119,0.75,0.5,3,0.4249754403137919,0.012012012012012012,0.39400428265524623,1.39143705368042
Wiki,16,70,119,0.75,0.5,4,0.44705138619385265,0.01192368839427663,0.37687366167023556,1.2747924327850342
Wiki,16,70,119,0.75,0.5,5,0.4139071270957029,0.006756756756756757,0.2676659528907923,1.2685887813568115
Wiki,16,70,127,0.8,0.5,1,0.4275524088355907,0.014014014014014014,0.3721627408993576,1.2713439464569092
Wiki,16,70,127,0.8,0.5,2,0.428799269042695,0.015444015444015444,0.45995717344753745,1.4010467529296875
Wiki,16,70,127,0.8,0.5,3,0.3902750324597962,0.012474012474012475,0.33704496788008564,1.2699816226959229
Wiki,16,70,127,0.8,0.5,4,0.4081835496351944,0.011088011088011088,0.4171306209850107,1.270371913909912
Wiki,16,70,127,0.8,0.5,5,0.4072077832713611,0.00904392764857881,0.3494646680942184,1.3887262344360352
Wiki,16,70,135,0.85,0.5,1,0.4311409436072307,0.011466011466011465,0.321627408993576,1.27443528175354
Wiki,16,70,135,0.85,0.5,2,0.40265452866964785,0.015315315315315315,0.49464668094218417,1.2699644565582275
Wiki,16,70,135,0.85,0.5,3,0.4352531376249986,0.024024024024024024,0.40985010706638114,1.2708144187927246
Wiki,16,70,135,0.85,0.5,4,0.3973206003688153,0.025675675675675677,0.4569593147751606,1.4020617008209229
Wiki,16,70,135,0.85,0.5,5,0.3940207445638812,0.024024024024024024,0.3875802997858672,1.2723278999328613
Wiki,16,70,143,0.9,0.5,1,0.4418366314812003,0.01527614571092832,0.37259100642398285,1.2716915607452393
Wiki,16,70,143,0.9,0.5,2,0.40213872368351683,0.012285012285012284,0.3880085653104925,1.3966577053070068
Wiki,16,70,143,0.9,0.5,3,0.39679777836199664,0.010647010647010647,0.29464668094218416,1.2730565071105957
Wiki,16,70,143,0.9,0.5,4,0.38941519847303985,0.013440860215053764,0.43554603854389723,1.2678978443145752
Wiki,16,70,143,0.9,0.5,5,0.4037854683977753,0.01574074074074074,0.43511777301927196,1.2995045185089111
Wiki,16,70,151,0.95,0.5,1,0.427610699669268,0.02702702702702703,0.4201284796573876,1.3883247375488281
Wiki,16,70,151,0.95,0.5,2,0.4540627634115545,0.016016016016016016,0.45353319057815844,1.2726686000823975
Wiki,16,70,151,0.95,0.5,3,0.4270838855229406,0.016216216216216217,0.5468950749464668,1.2740159034729004
Wiki,16,70,151,0.95,0.5,4,0.41412662711307696,0.01880141010575793,0.430406852248394,1.3982582092285156
Wiki,16,70,151,0.95,0.5,5,0.46530856997954234,0.011466011466011465,0.3841541755888651,1.2726690769195557
Wiki,16,70,159,1,0.5,1,0.42217654506310903,0.01447876447876448,0.4158458244111349,1.271690845489502
Wiki,16,70,159,1,0.5,2,0.4194910426198621,0.02002002002002002,0.5066381156316917,1.2695436477661133
Wiki,16,70,159,1,0.5,3,0.43249887513461566,0.015592515592515593,0.39785867237687367,1.3924083709716797
Wiki,16,70,159,1,0.5,4,0.409285110528646,0.021021021021021023,0.35417558886509637,1.2726314067840576
Wiki,16,70,159,1,0.5,5,0.42841897549201186,0.019305019305019305,0.553747323340471,1.2694125175476074
Wiki,17,103,0,0,,0,0.4951932280995408,0.0021745883814849334,0.14118158123370983,
Wiki,17,103,0,0,,0,0.4316513171616841,0.003898635477582846,0.22284969591659426,
Wiki,17,103,0,0,,0,0.3948648945814696,0.008960573476702509,0.26542137271937444,
Wiki,17,103,0,0,,0,0.39481082843951226,0.003931203931203931,0.2059079061685491,
Wiki,17,103,0,0,,0,0.42061757637007385,0.0034749034749034747,0.2536924413553432,
Wiki,17,103,3,0.01,0.5,1,0.4229665560133594,0.0027958993476234857,0.15986099044309296,1.3912432193756104
Wiki,17,103,3,0.01,0.5,2,0.3959584030685901,0.002145002145002145,0.1272806255430061,1.2730119228363037
Wiki,17,103,3,0.01,0.5,3,0.4610660209981431,0.0016891891891891893,0.11120764552562988,1.2694556713104248
Wiki,17,103,3,0.01,0.5,4,0.40164345005700647,0.003727865796831314,0.21198957428323198,1.3943312168121338
Wiki,17,103,3,0.01,0.5,5,0.45254157904992515,0.002179598953792502,0.08210251954821894,1.2707533836364746
Wiki,17,103,14,0.05,0.5,1,0.4019378736883504,0.015592515592515593,0.43353605560382275,1.2733557224273682
Wiki,17,103,14,0.05,0.5,2,0.4091065067011078,0.005148005148005148,0.2046046915725456,1.270021677017212
Wiki,17,103,14,0.05,0.5,3,0.42442955676628535,0.0028665028665028664,0.17549956559513466,1.4123430252075195
Wiki,17,103,14,0.05,0.5,4,0.42336959457989215,0.0042997542997543,0.17072111207645527,1.2776858806610107
Wiki,17,103,14,0.05,0.5,5,0.431667623409413,0.008417508417508417,0.2788879235447437,1.2874712944030762
Wiki,17,103,29,0.1,0.5,1,0.4470198413069185,0.001984126984126984,0.20156385751520417,1.272949457168579
Wiki,17,103,29,0.1,0.5,2,0.39618767181376224,0.007050528789659225,0.26715899218071243,1.4038770198822021
Wiki,17,103,29,0.1,0.5,3,0.40989858083379327,0.004864864864864865,0.23501303214596003,1.2687747478485107
Wiki,17,103,29,0.1,0.5,4,0.4094553518020317,0.007807807807807808,0.32319721980886185,1.2703824043273926
Wiki,17,103,29,0.1,0.5,5,0.39663327979422364,0.005896805896805897,0.32406602953953084,1.38862943649292
Wiki,17,103,43,0.15,0.5,1,0.3852068137260155,0.0036855036855036856,0.1529105125977411,1.277538776397705
Wiki,17,103,43,0.15,0.5,2,0.42513728712612936,0.004700352526439483,0.2263249348392702,1.2682232856750488
Wiki,17,103,43,0.15,0.5,3,0.42233323269111567,0.005005005005005005,0.2788879235447437,1.3977484703063965
Wiki,17,103,43,0.15,0.5,4,0.4267435790528854,0.005197505197505198,0.28105994787141614,1.270510196685791
Wiki,17,103,43,0.15,0.5,5,0.42332437004036017,0.004914004914004914,0.25021720243266726,1.2708020210266113
Wiki,17,103,58,0.2,0.5,1,0.39869173283429626,0.010226442658875092,0.37141615986099047,1.271360158920288
Wiki,17,103,58,0.2,0.5,2,0.4643061376399308,0.0047694753577106515,0.22545612510860122,1.3936681747436523
Wiki,17,103,58,0.2,0.5,3,0.4184889168844163,0.008494208494208495,0.2845351867940921,1.2758853435516357
Wiki,17,103,58,0.2,0.5,4,0.4183416621348902,0.007575757575757576,0.2845351867940921,1.273669719696045
Wiki,17,103,58,0.2,0.5,5,0.4092180300307551,0.006193693693693694,0.32232841007819285,1.3932504653930664
Wiki,17,103,72,0.25,0.5,1,0.438777055208663,0.005005005005005005,0.2801911381407472,1.275890588760376
Wiki,17,103,72,0.25,0.5,2,0.44200477399561183,0.004166666666666667,0.3336229365768897,1.2716708183288574
Wiki,17,103,72,0.25,0.5,3,0.46224978490955265,0.00688924218335983,0.3731537793223284,1.2715141773223877
Wiki,17,103,72,0.25,0.5,4,0.40888590992294643,0.007475560667050029,0.37141615986099047,1.401449203491211
Wiki,17,103,72,0.25,0.5,5,0.42530970769844006,0.006038647342995169,0.288879235447437,1.2706520557403564
Wiki,17,103,86,0.3,0.5,1,0.46147913016621506,0.005405405405405406,0.2545612510860122,1.270080804824829
Wiki,17,103,86,0.3,0.5,2,0.4253155384447527,0.005750431282346176,0.2580364900086881,1.3955481052398682
Wiki,17,103,86,0.3,0.5,3,0.41729804876770654,0.005787037037037037,0.2858384013900956,1.3206787109375
Wiki,17,103,86,0.3,0.5,4,0.4323579669614402,0.004677754677754678,0.2206776715899218,1.272597074508667
Wiki,17,103,86,0.3,0.5,5,0.41763328665803007,0.006756756756756757,0.36750651607298,1.2695488929748535
Wiki,17,103,101,0.35,0.5,1,0.4705324152430928,0.005405405405405406,0.1733275412684622,1.3957252502441406
Wiki,17,103,101,0.35,0.5,2,0.4046634027994423,0.01422475106685633,0.5208514335360556,1.2714595794677734
Wiki,17,103,101,0.35,0.5,3,0.4124382626905121,0.012896825396825396,0.4009556907037359,1.2709879875183105
Wiki,17,103,101,0.35,0.5,4,0.43875547506865403,0.012345679012345678,0.365768896611642,1.3998982906341553
Wiki,17,103,101,0.35,0.5,5,0.4147785404985784,0.008569545154911009,0.3366637706342311,1.2741007804870605
Wiki,17,103,115,0.4,0.5,1,0.4179709920506725,0.01192368839427663,0.41789748045178104,1.2719197273254395
Wiki,17,103,115,0.4,0.5,2,0.4212031672602554,0.010647010647010647,0.32319721980886185,1.271946668624878
Wiki,17,103,115,0.4,0.5,3,0.4078466372481462,0.009702009702009701,0.32015638575152044,1.3902864456176758
Wiki,17,103,115,0.4,0.5,4,0.4389671392785667,0.0065237651444548,0.39574283231972196,1.272547960281372
Wiki,17,103,115,0.4,0.5,5,0.42919413461077993,0.01192368839427663,0.40312771503040834,1.2712163925170898
Wiki,17,103,130,0.45,0.5,1,0.43039219821274194,0.0045045045045045045,0.3327541268462207,1.270460605621338
Wiki,17,103,130,0.45,0.5,2,0.4112153628966981,0.010964912280701754,0.3879235447437011,1.396918773651123
Wiki,17,103,130,0.45,0.5,3,0.4415434810146405,0.0060577819198508855,0.340139009556907,1.269350528717041
Wiki,17,103,130,0.45,0.5,4,0.4282932283348562,0.007112375533428165,0.38271068635968725,1.270505666732788
Wiki,17,103,130,0.45,0.5,5,0.40891978105053994,0.00785024154589372,0.3722849695916594,1.3873450756072998
Wiki,17,103,144,0.5,0.5,1,0.4399180461067097,0.007419183889772125,0.37706342311033886,1.2723441123962402
Wiki,17,103,144,0.5,0.5,2,0.41798263855521184,0.007475560667050029,0.3792354474370113,1.268721580505371
Wiki,17,103,144,0.5,0.5,3,0.43384044584573644,0.010479867622724766,0.5386620330147698,1.2717931270599365
Wiki,17,103,144,0.5,0.5,4,0.4141246286332098,0.010510510510510511,0.42788879235447436,1.39542555809021
Wiki,17,103,144,0.5,0.5,5,0.4423316192479989,0.016339869281045753,0.5130321459600348,1.2722835540771484
Wiki,17,103,158,0.55,0.5,1,0.42508099361644897,0.007921714818266543,0.5304083405734145,1.2753114700317383
Wiki,17,103,158,0.55,0.5,2,0.3919440168204154,0.009009009009009009,0.38662033014769764,1.3911528587341309
Wiki,17,103,158,0.55,0.5,3,0.3915135563310334,0.015151515151515152,0.5160729800173762,1.273512363433838
Wiki,17,103,158,0.55,0.5,4,0.4119736014810437,0.02364864864864865,0.580364900086881,1.2717552185058594
Wiki,17,103,158,0.55,0.5,5,0.45766780716742916,0.007337526205450734,0.3679409209383145,1.2723383903503418
Wiki,17,103,173,0.6,0.5,1,0.39254483622365693,0.02445302445302445,0.4587315377932233,1.3958327770233154
Wiki,17,103,173,0.6,0.5,2,0.4063062668575526,0.006359300476947536,0.4934839270199826,1.2739064693450928
Wiki,17,103,173,0.6,0.5,3,0.4221227946399126,0.012548262548262547,0.3822762814943527,1.2690930366516113
Wiki,17,103,173,0.6,0.5,4,0.3931157130876624,0.007455731593662628,0.44960903562119897,1.3984060287475586
Wiki,17,103,173,0.6,0.5,5,0.4167898170595014,0.010668563300142247,0.37662901824500433,1.2709295749664307
Wiki,17,103,187,0.65,0.5,1,0.4410377010773799,0.015843429636533086,0.4860990443092963,1.2705738544464111
Wiki,17,103,187,0.65,0.5,2,0.44250855483247464,0.00972972972972973,0.49782797567332754,1.2711889743804932
Wiki,17,103,187,0.65,0.5,3,0.4038383119622064,0.006944444444444444,0.42701998262380536,1.394167423248291
Wiki,17,103,187,0.65,0.5,4,0.48126235415885615,0.026455026455026454,0.6207645525629887,1.2743842601776123
Wiki,17,103,187,0.65,0.5,5,0.4131281161003213,0.011486486486486487,0.474370112945265,1.2715492248535156
Wiki,17,103,202,0.7,0.5,1,0.4394425874200105,0.011486486486486487,0.47480451781059946,1.4014837741851807
Wiki,17,103,202,0.7,0.5,2,0.4194093246308577,0.015161502966381015,0.6203301476976543,1.2755091190338135
Wiki,17,103,202,0.7,0.5,3,0.439221442766078,0.007475560667050029,0.37185056472632494,1.2727792263031006
Wiki,17,103,202,0.7,0.5,4,0.4165276928809592,0.016047297297297296,0.4956559513466551,1.2714972496032715
Wiki,17,103,202,0.7,0.5,5,0.4489136708950519,0.012548262548262547,0.36142484795829716,1.397367238998413
Wiki,17,103,216,0.75,0.5,1,0.40717005326141575,0.017297297297297298,0.3796698523023458,1.2688803672790527
Wiki,17,103,216,0.75,0.5,2,0.402889590025632,0.013513513513513514,0.34491746307558646,1.2719614505767822
Wiki,17,103,216,0.75,0.5,3,0.39588005355385175,0.015843429636533086,0.47176368375325806,1.4023315906524658
Wiki,17,103,216,0.75,0.5,4,0.453581304512244,0.006720430107526882,0.4882710686359687,1.2958920001983643
Wiki,17,103,216,0.75,0.5,5,0.4267266680122364,0.021621621621621623,0.5499565595134666,1.2698991298675537
Wiki,17,103,230,0.8,0.5,1,0.38266741917672287,0.014660493827160493,0.4891398783666377,1.2728936672210693
Wiki,17,103,230,0.8,0.5,2,0.41355705204400006,0.02702702702702703,0.6589921807124239,1.3919527530670166
Wiki,17,103,230,0.8,0.5,3,0.41408923653074703,0.021435228331780055,0.6203301476976543,1.2698497772216797
Wiki,17,103,230,0.8,0.5,4,0.44904343826698234,0.01021021021021021,0.4860990443092963,1.2703843116760254
Wiki,17,103,230,0.8,0.5,5,0.3869837670764085,0.018018018018018018,0.47741094700260645,1.3992221355438232
Wiki,17,103,245,0.85,0.5,1,0.41819430419445686,0.015103338632750398,0.46481320590790615,1.275414228439331
Wiki,17,103,245,0.85,0.5,2,0.4060647911310653,0.021435228331780055,0.605994787141616,1.2730460166931152
Wiki,17,103,245,0.85,0.5,3,0.4401448474626472,0.010296010296010296,0.44439617723718505,1.2694692611694336
Wiki,17,103,245,0.85,0.5,4,0.4204995677788053,0.01386001386001386,0.5881841876629018,1.389824390411377
Wiki,17,103,245,0.85,0.5,5,0.42214398347881055,0.0195712954333644,0.5847089487402259,1.2754237651824951
Wiki,17,103,259,0.9,0.5,1,0.4683824501059137,0.019656019656019656,0.6420503909643788,1.2735590934753418
Wiki,17,103,259,0.9,0.5,2,0.43507773059886395,0.02054054054054054,0.5043440486533449,1.3881921768188477
Wiki,17,103,259,0.9,0.5,3,0.4007612331364847,0.021235521235521235,0.610338835794961,1.28019380569458
Wiki,17,103,259,0.9,0.5,4,0.414962093713375,0.010638297872340425,0.5330147697654214,1.2716727256774902
Wiki,17,103,259,0.9,0.5,5,0.3927871004752323,0.02054054054054054,0.5134665508253693,1.271345853805542
Wiki,17,103,274,0.95,0.5,1,0.4012029742925401,0.01863932898415657,0.5230234578627281,1.3998544216156006
Wiki,17,103,274,0.95,0.5,2,0.39790537312413377,0.017857142857142856,0.48392701998262383,1.2700860500335693
Wiki,17,103,274,0.95,0.5,3,0.46436028278465113,0.01455026455026455,0.6029539530842746,1.2720451354980469
Wiki,17,103,274,0.95,0.5,4,0.4326557958489416,0.015015015015015015,0.49609035621198955,1.389897346496582
Wiki,17,103,274,0.95,0.5,5,0.43068520711722574,0.02050326188257223,0.5616854908774979,1.2719695568084717
Wiki,17,103,288,1,0.5,1,0.3828721458233029,0.01571338780641106,0.6624674196350999,1.2759413719177246
Wiki,17,103,288,1,0.5,2,0.4187685751251092,0.021604938271604937,0.5677671589921807,1.4175703525543213
Wiki,17,103,288,1,0.5,3,0.3981359050811383,0.021151586368977675,0.523892267593397,1.2708830833435059
Wiki,17,103,288,1,0.5,4,0.38985823316946044,0.014935988620199146,0.5642919200695048,1.2768149375915527
Wiki,17,103,288,1,0.5,5,0.3868590943574206,0.016891891891891893,0.5621198957428323,1.2718067169189453
Wiki,18,111,0,0,,0,0.40523311355045,0.004545454545454545,0.24193548387096775,
Wiki,18,111,0,0,,0,0.47181614696039686,0.004954954954954955,0.2942458587619878,
Wiki,18,111,0,0,,0,0.4197558621584674,0.00819000819000819,0.22580645161290322,
Wiki,18,111,0,0,,0,0.4539239548147893,0.009290540540540541,0.2829119442022668,
Wiki,18,111,0,0,,0,0.426689423506245,0.008445945945945946,0.26068003487358327,
Wiki,18,111,2,0.01,0.5,1,0.4227383634829735,0.005875440658049354,0.2772449869224063,1.2702171802520752
Wiki,18,111,2,0.01,0.5,2,0.38588511430002126,0.011183597390493943,0.32301656495204883,1.2695567607879639
Wiki,18,111,2,0.01,0.5,3,0.41919630897529603,0.004017531044558071,0.27201394943330426,1.2711515426635742
Wiki,18,111,2,0.01,0.5,4,0.40122570355149084,0.006435006435006435,0.24803836094158674,1.396775484085083
Wiki,18,111,2,0.01,0.5,5,0.4119487509441735,0.009266409266409266,0.3212728857890148,1.269876480102539
Wiki,18,111,10,0.05,0.5,1,0.4430186861285366,0.003923278116826504,0.21316477768090672,1.270374059677124
Wiki,18,111,10,0.05,0.5,2,0.4373682811042153,0.009652509652509652,0.21142109851787272,1.3896842002868652
Wiki,18,111,10,0.05,0.5,3,0.4479198930040021,0.007207207207207207,0.2916303400174368,1.2744779586791992
Wiki,18,111,10,0.05,0.5,4,0.4126381127713933,0.008225616921269096,0.3870967741935484,1.2708306312561035
Wiki,18,111,10,0.05,0.5,5,0.45690477503153126,0.0046452702702702705,0.25196163905841323,1.2691948413848877
Wiki,18,111,21,0.1,0.5,1,0.4221678165840803,0.006006006006006006,0.22972972972972974,1.4037995338439941
Wiki,18,111,21,0.1,0.5,2,0.40900942736012114,0.006756756756756757,0.26416739319965127,1.2680540084838867
Wiki,18,111,21,0.1,0.5,3,0.4386913788115884,0.013013013013013013,0.4032258064516129,1.2721681594848633
Wiki,18,111,21,0.1,0.5,4,0.4396816399452518,0.016632016632016633,0.3888404533565824,1.3951971530914307
Wiki,18,111,21,0.1,0.5,5,0.4405495801731932,0.012972972972972972,0.23888404533565824,1.2758347988128662
Wiki,18,111,31,0.15,0.5,1,0.42295630563980724,0.013513513513513514,0.43112467306015695,1.3017263412475586
Wiki,18,111,31,0.15,0.5,2,0.41021838902385666,0.006974716652136007,0.18526591107236268,1.271728754043579
Wiki,18,111,31,0.15,0.5,3,0.4274145696491042,0.005197505197505198,0.2105492589363557,1.3980119228363037
Wiki,18,111,31,0.15,0.5,4,0.4613456637352486,0.011333914559721011,0.3400174367916303,1.2690668106079102
Wiki,18,111,31,0.15,0.5,5,0.4281174223988791,0.007936507936507936,0.24803836094158674,1.2687525749206543
Wiki,18,111,42,0.2,0.5,1,0.4319757608179374,0.016891891891891893,0.4027898866608544,1.3907768726348877
Wiki,18,111,42,0.2,0.5,2,0.452987778235372,0.008783783783783784,0.3055797733217088,1.2727293968200684
Wiki,18,111,42,0.2,0.5,3,0.42294462547170864,0.015765765765765764,0.3164777680906713,1.271413803100586
Wiki,18,111,42,0.2,0.5,4,0.4192416836297427,0.011183597390493943,0.2724498692240628,1.2724769115447998
Wiki,18,111,42,0.2,0.5,5,0.4109073939936171,0.009485094850948509,0.36486486486486486,1.3973991870880127
Wiki,18,111,52,0.25,0.5,1,0.43104514224027746,0.009428032683846637,0.35047951176983433,1.2740778923034668
Wiki,18,111,52,0.25,0.5,2,0.44767467548401096,0.0076832151300236405,0.37619877942458585,1.272965669631958
Wiki,18,111,52,0.25,0.5,3,0.4094419628293631,0.01273148148148148,0.22972972972972974,1.3913753032684326
Wiki,18,111,52,0.25,0.5,4,0.41706399154443413,0.007309941520467836,0.37750653879686136,1.2750968933105469
Wiki,18,111,52,0.25,0.5,5,0.4585244624831435,0.007882882882882882,0.3700959023539669,1.271120548248291
Wiki,18,111,63,0.3,0.5,1,0.43713249720225217,0.01178101178101178,0.42066259808195294,1.270780324935913
Wiki,18,111,63,0.3,0.5,2,0.42208421588931855,0.007329363261566651,0.4058413251961639,1.399186611175537
Wiki,18,111,63,0.3,0.5,3,0.4262205312771681,0.00922874093605801,0.3190932868352223,1.271240472793579
Wiki,18,111,63,0.3,0.5,4,0.4192283730275143,0.014705882352941176,0.474716652136007,1.2721679210662842
Wiki,18,111,63,0.3,0.5,5,0.4032446322547906,0.01945945945945946,0.4812554489973845,1.3930490016937256
Wiki,18,111,73,0.35,0.5,1,0.4503884210385777,0.012012012012012012,0.5496948561464691,1.275381088256836
Wiki,18,111,73,0.35,0.5,2,0.40167419750737754,0.01054713249835201,0.44856146469049696,1.2716779708862305
Wiki,18,111,73,0.35,0.5,3,0.41864854752532854,0.005647438483259379,0.3182214472537053,1.2729527950286865
Wiki,18,111,73,0.35,0.5,4,0.43345342591420016,0.009355509355509356,0.471229293809939,1.4112014770507812
Wiki,18,111,73,0.35,0.5,5,0.3707160782637601,0.016016016016016016,0.42066259808195294,1.2744932174682617
Wiki,18,111,84,0.4,0.5,1,0.40395032001068937,0.006274131274131274,0.32781168265039234,1.275071620941162
Wiki,18,111,84,0.4,0.5,2,0.45948009655339056,0.00794912559618442,0.37663469921534437,1.3937749862670898
Wiki,18,111,84,0.4,0.5,3,0.43650946140547386,0.025675675675675677,0.5274629468177855,1.2722868919372559
Wiki,18,111,84,0.4,0.5,4,0.4233396041683687,0.013513513513513514,0.3548387096774194,1.2719361782073975
Wiki,18,111,84,0.4,0.5,5,0.4057312679259406,0.00975975975975976,0.35309503051438534,1.2716586589813232
Wiki,18,111,94,0.45,0.5,1,0.431958161510747,0.022702702702702703,0.4934612031386225,1.4072110652923584
Wiki,18,111,94,0.45,0.5,2,0.41095126782617286,0.009702009702009701,0.39145597210113336,1.2722465991973877
Wiki,18,111,94,0.45,0.5,3,0.4135853468668201,0.014553014553014554,0.5409764603312991,1.2728173732757568
Wiki,18,111,94,0.45,0.5,4,0.4310169734715881,0.00850850850850851,0.4010462074978204,1.4492270946502686
Wiki,18,111,94,0.45,0.5,5,0.429029323743632,0.010810810810810811,0.3940714908456844,1.2725818157196045
Wiki,18,111,104,0.5,0.5,1,0.48261409681135964,0.008008008008008008,0.41586748038360943,1.2726480960845947
Wiki,18,111,104,0.5,0.5,2,0.42027023205617586,0.01386001386001386,0.546207497820401,1.2708523273468018
Wiki,18,111,104,0.5,0.5,3,0.44015376485396973,0.0099882491186839,0.4594594594594595,1.4002079963684082
Wiki,18,111,104,0.5,0.5,4,0.4282277130897907,0.016775396085740912,0.454664341761116,1.2715351581573486
Wiki,18,111,104,0.5,0.5,5,0.4273425778119421,0.01126126126126126,0.4023539668700959,1.2708613872528076
Wiki,18,111,115,0.55,0.5,1,0.4591065097313882,0.01901901901901902,0.5021795989537925,1.390683889389038
Wiki,18,111,115,0.55,0.5,2,0.4246396980956812,0.01126126126126126,0.3905841325196164,1.2737956047058105
Wiki,18,111,115,0.55,0.5,3,0.4218372270534633,0.018849206349206348,0.5318221447253705,1.272157907485962
Wiki,18,111,115,0.55,0.5,4,0.42060308965241266,0.00882515168229454,0.4267654751525719,1.2716519832611084
Wiki,18,111,115,0.55,0.5,5,0.42877115131142607,0.015843429636533086,0.4559721011333915,1.4058105945587158
Wiki,18,111,125,0.6,0.5,1,0.4079647752817869,0.015625,0.46469049694856146,1.2719945907592773
Wiki,18,111,125,0.6,0.5,2,0.43246247985803593,0.015315315315315315,0.45335658238884047,1.3125522136688232
Wiki,18,111,125,0.6,0.5,3,0.45035669850614907,0.009213759213759214,0.3958151700087184,1.3906223773956299
Wiki,18,111,125,0.6,0.5,4,0.43099609211633494,0.014358108108108109,0.4673060156931125,1.2695879936218262
Wiki,18,111,125,0.6,0.5,5,0.42929571998741733,0.01762632197414806,0.3805579773321709,1.2716586589813232
Wiki,18,111,136,0.65,0.5,1,0.3784542943688038,0.021151586368977675,0.45640802092414995,1.2700834274291992
Wiki,18,111,136,0.65,0.5,2,0.43271051458510695,0.007532956685499058,0.4272013949433304,1.3998692035675049
Wiki,18,111,136,0.65,0.5,3,0.40611317358557064,0.015232974910394265,0.4943330427201395,1.2680385112762451
Wiki,18,111,136,0.65,0.5,4,0.4632284132307128,0.016693163751987282,0.5562336530078466,1.2708978652954102
Wiki,18,111,136,0.65,0.5,5,0.3909245638396443,0.016516516516516516,0.5775937227550131,1.3899903297424316
Wiki,18,111,146,0.7,0.5,1,0.4383507885064485,0.014705882352941176,0.5091543156059285,1.2766642570495605
Wiki,18,111,146,0.7,0.5,2,0.4579883725561749,0.017707362534948742,0.5174367916303401,1.2762713432312012
Wiki,18,111,146,0.7,0.5,3,0.39986142879711944,0.014609203798392988,0.5549258936355711,1.2720234394073486
Wiki,18,111,146,0.7,0.5,4,0.403090984374263,0.017707362534948742,0.492153443766347,1.3938565254211426
Wiki,18,111,146,0.7,0.5,5,0.4312152851028843,0.01901901901901902,0.47733217088055796,1.2730190753936768
Wiki,18,111,157,0.75,0.5,1,0.3741871277666706,0.01918047079337402,0.5850043591979076,1.2711665630340576
Wiki,18,111,157,0.75,0.5,2,0.36686751419150776,0.014742014742014743,0.6935483870967742,1.393287181854248
Wiki,18,111,157,0.75,0.5,3,0.41043147708864214,0.017117117117117116,0.4864864864864865,1.2777633666992188
Wiki,18,111,157,0.75,0.5,4,0.4013348092420974,0.01209103840682788,0.4847428073234525,1.2717018127441406
Wiki,18,111,157,0.75,0.5,5,0.42907990873583624,0.03594771241830065,0.5963382737576286,1.2707772254943848
Wiki,18,111,167,0.8,0.5,1,0.4130861857023109,0.02564102564102564,0.6904969485614647,1.3962819576263428
Wiki,18,111,167,0.8,0.5,2,0.413457344374696,0.021021021021021023,0.5427201394943331,1.2692897319793701
Wiki,18,111,167,0.8,0.5,3,0.40660176470765474,0.02574002574002574,0.5034873583260681,1.2720322608947754
Wiki,18,111,167,0.8,0.5,4,0.4258772199277593,0.01945945945945946,0.497384481255449,1.3904120922088623
Wiki,18,111,167,0.8,0.5,5,0.39827801408281804,0.012837837837837839,0.5387968613775065,1.282853603363037
Wiki,18,111,178,0.85,0.5,1,0.44059084181480124,0.016047297297297296,0.5231037489102005,1.2706170082092285
Wiki,18,111,178,0.85,0.5,2,0.3990441353840158,0.02054054054054054,0.5313862249346121,1.2718117237091064
Wiki,18,111,178,0.85,0.5,3,0.41787689010820317,0.01418918918918919,0.4934612031386225,1.401094675064087
Wiki,18,111,178,0.85,0.5,4,0.41093757748942666,0.012718600953895072,0.3561464690496949,1.2718956470489502
Wiki,18,111,178,0.85,0.5,5,0.43473436443751823,0.015647226173541962,0.583696599825632,1.2703089714050293
Wiki,18,111,188,0.9,0.5,1,0.41859766930498615,0.020924149956408022,0.6761115954664342,1.3898403644561768
Wiki,18,111,188,0.9,0.5,2,0.4508506605462689,0.009189189189189189,0.46599825632083697,1.279083490371704
Wiki,18,111,188,0.9,0.5,3,0.41433328768010647,0.01507936507936508,0.5431560592850916,1.273561716079712
Wiki,18,111,188,0.9,0.5,4,0.43222496044280134,0.02072072072072072,0.6124673060156931,1.2695672512054443
Wiki,18,111,188,0.9,0.5,5,0.39473251172961865,0.02286902286902287,0.548823016564952,1.400186538696289
Wiki,18,111,199,0.95,0.5,1,0.3945548227518806,0.02002002002002002,0.5675675675675675,1.2706091403961182
Wiki,18,111,199,0.95,0.5,2,0.40296567050152193,0.025025025025025027,0.6922406277244987,1.271505355834961
Wiki,18,111,199,0.95,0.5,3,0.40599734642188745,0.015625,0.548823016564952,1.3901481628417969
Wiki,18,111,199,0.95,0.5,4,0.42344647712100053,0.01981981981981982,0.5749782040104621,1.2719261646270752
Wiki,18,111,199,0.95,0.5,5,0.39816395366414664,0.02195945945945946,0.6538796861377506,1.2743542194366455
Wiki,18,111,209,1,0.5,1,0.4043926699063859,0.013513513513513514,0.4350479511769834,1.2753942012786865
Wiki,18,111,209,1,0.5,2,0.4430461142391341,0.017973856209150325,0.5771578029642546,1.399153470993042
Wiki,18,111,209,1,0.5,3,0.45859004712177404,0.024024024024024024,0.6242371403661726,1.2713947296142578
Wiki,18,111,209,1,0.5,4,0.39953122334665764,0.014502307185234015,0.5649520488230165,1.2722327709197998
Wiki,18,111,209,1,0.5,5,0.3897938549744785,0.0195712954333644,0.523539668700959,1.3934369087219238
Wiki,19,81,0,0,,0,0.4161738596382198,0.004804804804804805,0.23881239242685026,
Wiki,19,81,0,0,,0,0.41709874640553746,0.007722007722007722,0.2495697074010327,
Wiki,19,81,0,0,,0,0.4254922762163528,0.00502828409805154,0.2504302925989673,
Wiki,19,81,0,0,,0,0.4423246082300317,0.010810810810810811,0.3192771084337349,
Wiki,19,81,0,0,,0,0.44002527218272613,0.013513513513513514,0.2706540447504303,
Wiki,19,81,2,0.01,0.5,1,0.4732855772321839,0.00320659642693541,0.1342512908777969,1.2771236896514893
Wiki,19,81,2,0.01,0.5,2,0.4454427222201352,0.011011011011011011,0.2870051635111876,1.269183874130249
Wiki,19,81,2,0.01,0.5,3,0.3877904792907193,0.004614370468029005,0.1764199655765921,1.3952183723449707
Wiki,19,81,2,0.01,0.5,4,0.44757934828108686,0.010810810810810811,0.20611015490533563,1.2703020572662354
Wiki,19,81,2,0.01,0.5,5,0.44890151363834546,0.009290540540540541,0.2667814113597246,1.2717957496643066
Wiki,19,81,9,0.05,0.5,1,0.4013584142980173,0.00794912559618442,0.24182444061962136,1.3927624225616455
Wiki,19,81,9,0.05,0.5,2,0.4188869836648884,0.0036382536382536385,0.1703958691910499,1.2720146179199219
Wiki,19,81,9,0.05,0.5,3,0.4856147487791661,0.006006006006006006,0.20137693631669534,1.2709729671478271
Wiki,19,81,9,0.05,0.5,4,0.4640918011001695,0.00823045267489712,0.25774526678141135,1.2751576900482178
Wiki,19,81,9,0.05,0.5,5,0.4602338244573645,0.006552006552006552,0.22418244406196214,1.3968181610107422
Wiki,19,81,17,0.1,0.5,1,0.4238040581743102,0.007823613086770981,0.2878657487091222,1.2684147357940674
Wiki,19,81,17,0.1,0.5,2,0.41076625974265785,0.010647010647010647,0.37478485370051634,1.271000862121582
Wiki,19,81,17,0.1,0.5,3,0.3979192195960239,0.00972972972972973,0.2319277108433735,1.3942523002624512
Wiki,19,81,17,0.1,0.5,4,0.435100776603162,0.00975975975975976,0.3506884681583477,1.2766878604888916
Wiki,19,81,17,0.1,0.5,5,0.4894697307056217,0.009009009009009009,0.45051635111876076,1.2721977233886719
Wiki,19,81,26,0.15,0.5,1,0.4382177101548665,0.0056093829678735335,0.2990533562822719,1.2722396850585938
Wiki,19,81,26,0.15,0.5,2,0.44837034206940374,0.011011011011011011,0.3227194492254733,1.4030570983886719
Wiki,19,81,26,0.15,0.5,3,0.415599147769697,0.0130475302889096,0.31970740103270223,1.270745038986206
Wiki,19,81,26,0.15,0.5,4,0.37102074497615006,0.012612612612612612,0.3687607573149742,1.2710728645324707
Wiki,19,81,26,0.15,0.5,5,0.4401135266466017,0.009009009009009009,0.310671256454389,1.3890812397003174
Wiki,19,81,34,0.2,0.5,1,0.42222905408843703,0.023391812865497075,0.4208261617900172,1.2791731357574463
Wiki,19,81,34,0.2,0.5,2,0.3960400747943755,0.01527614571092832,0.32142857142857145,1.2812697887420654
Wiki,19,81,34,0.2,0.5,3,0.4299933041276245,0.010810810810810811,0.32099827882960413,1.2828149795532227
Wiki,19,81,34,0.2,0.5,4,0.42114713459223524,0.006629270780214177,0.31540447504302926,1.4036688804626465
Wiki,19,81,34,0.2,0.5,5,0.46958451735758283,0.009652509652509652,0.26506024096385544,1.2697622776031494
Wiki,19,81,43,0.25,0.5,1,0.4398863009194032,0.01084010840108401,0.45611015490533563,1.2736806869506836
Wiki,19,81,43,0.25,0.5,2,0.4042077502794566,0.015843429636533086,0.459552495697074,1.3951897621154785
Wiki,19,81,43,0.25,0.5,3,0.3968228510697284,0.011824324324324325,0.3541308089500861,1.2736551761627197
Wiki,19,81,43,0.25,0.5,4,0.4528898098683816,0.013513513513513514,0.3971600688468158,1.2708570957183838
Wiki,19,81,43,0.25,0.5,5,0.43763781920281175,0.010135135135135136,0.3446643717728055,1.2733991146087646
Wiki,19,81,51,0.3,0.5,1,0.40326943972587415,0.01447876447876448,0.40490533562822717,1.4036734104156494
Wiki,19,81,51,0.3,0.5,2,0.42088520963992454,0.015135135135135135,0.3644578313253012,1.273064374923706
Wiki,19,81,51,0.3,0.5,3,0.43709914529267463,0.016203703703703703,0.4376075731497418,1.2749133110046387
Wiki,19,81,51,0.3,0.5,4,0.47556848802599266,0.010810810810810811,0.5038726333907056,1.3913309574127197
Wiki,19,81,51,0.3,0.5,5,0.417127036935287,0.015444015444015444,0.387263339070568,1.2728004455566406
Wiki,19,81,60,0.35,0.5,1,0.4480332574109052,0.022113022113022112,0.4784853700516351,1.2719252109527588
Wiki,19,81,60,0.35,0.5,2,0.44942634900145206,0.015015015015015015,0.44922547332185886,1.2733979225158691
Wiki,19,81,60,0.35,0.5,3,0.43678112394369867,0.015592515592515593,0.43330464716006883,1.4045796394348145
Wiki,19,81,60,0.35,0.5,4,0.4368836065118138,0.03063063063063063,0.443631669535284,1.271982192993164
Wiki,19,81,60,0.35,0.5,5,0.4090120014121767,0.02361111111111111,0.48623063683304646,1.273930549621582
Wiki,19,81,68,0.4,0.5,1,0.39383235386715165,0.009400705052878966,0.4677280550774527,1.394916296005249
Wiki,19,81,68,0.4,0.5,2,0.42561652110092024,0.010038610038610039,0.3304647160068847,1.2742559909820557
Wiki,19,81,68,0.4,0.5,3,0.45326284178664183,0.01863932898415657,0.5236660929432013,1.2737095355987549
Wiki,19,81,68,0.4,0.5,4,0.38660834734944466,0.01833976833976834,0.4974182444061962,1.2738823890686035
Wiki,19,81,68,0.4,0.5,5,0.41245914222559554,0.021396396396396396,0.5141996557659209,1.4301209449768066
Wiki,19,81,77,0.45,0.5,1,0.44549764604991665,0.030405405405405407,0.5770223752151463,1.2710044384002686
Wiki,19,81,77,0.45,0.5,2,0.4238119671083204,0.021396396396396396,0.5137693631669535,1.2722995281219482
Wiki,19,81,77,0.45,0.5,3,0.4464540373248671,0.02252252252252252,0.4987091222030981,1.3928778171539307
Wiki,19,81,77,0.45,0.5,4,0.4295524944854079,0.021235521235521235,0.5998278829604131,1.2734594345092773
Wiki,19,81,77,0.45,0.5,5,0.3974609101168168,0.02079002079002079,0.5675559380378657,1.2712032794952393
Wiki,19,81,86,0.5,0.5,1,0.43076007811108386,0.021151586368977675,0.4496557659208262,1.2740979194641113
Wiki,19,81,86,0.5,0.5,2,0.43343034406161923,0.00988793671720501,0.41824440619621345,1.4055557250976562
Wiki,19,81,86,0.5,0.5,3,0.4110799306636692,0.03547297297297297,0.5955249569707401,1.272261619567871
Wiki,19,81,86,0.5,0.5,4,0.4474968980347671,0.014821272885789015,0.44922547332185886,1.272860050201416
Wiki,19,81,86,0.5,0.5,5,0.3852437981831924,0.02059202059202059,0.42512908777969016,1.394017219543457
Wiki,19,81,94,0.55,0.5,1,0.423785763726271,0.03003003003003003,0.5279690189328744,1.2769386768341064
Wiki,19,81,94,0.55,0.5,2,0.45871582934315747,0.027777777777777776,0.7276247848537005,1.2733523845672607
Wiki,19,81,94,0.55,0.5,3,0.3973234257504513,0.02364864864864865,0.6028399311531841,1.2705683708190918
Wiki,19,81,94,0.55,0.5,4,0.4048702666936579,0.04365904365904366,0.5744406196213425,1.4025015830993652
Wiki,19,81,94,0.55,0.5,5,0.405475142791011,0.02513227513227513,0.5580895008605852,1.2729978561401367
Wiki,19,81,103,0.6,0.5,1,0.42732093285995837,0.025851938895417155,0.5981067125645438,1.2738325595855713
Wiki,19,81,103,0.6,0.5,2,0.4042141574325042,0.02702702702702703,0.5658347676419966,1.3929641246795654
Wiki,19,81,103,0.6,0.5,3,0.4471417990381224,0.01904761904761905,0.479776247848537,1.2733371257781982
Wiki,19,81,103,0.6,0.5,4,0.4276890675459079,0.02972972972972973,0.5761617900172117,1.2713866233825684
Wiki,19,81,103,0.6,0.5,5,0.3982819823769695,0.013513513513513514,0.5477624784853701,1.271165370941162
Wiki,19,81,111,0.65,0.5,1,0.4000749382216682,0.016891891891891893,0.5283993115318416,1.3997480869293213
Wiki,19,81,111,0.65,0.5,2,0.4412649991903938,0.0282021151586369,0.6497418244406197,1.2722394466400146
Wiki,19,81,111,0.65,0.5,3,0.4294413249929846,0.010939510939510939,0.45481927710843373,1.2838656902313232
Wiki,19,81,111,0.65,0.5,4,0.42261141387606105,0.031081081081081083,0.6247848537005164,1.393256425857544
Wiki,19,81,111,0.65,0.5,5,0.4518653751735731,0.030555555555555555,0.6411359724612736,1.2710113525390625
Wiki,19,81,120,0.7,0.5,1,0.4511093033179118,0.026570048309178744,0.5641135972461274,1.2707903385162354
Wiki,19,81,120,0.7,0.5,2,0.4565783050436658,0.015693112467306015,0.47289156626506024,1.2742068767547607
Wiki,19,81,120,0.7,0.5,3,0.4381886752564335,0.04247104247104247,0.6135972461273667,1.3995602130889893
Wiki,19,81,120,0.7,0.5,4,0.4202957693020777,0.0498960498960499,0.6514629948364888,1.2719223499298096
Wiki,19,81,120,0.7,0.5,5,0.42053655524590183,0.02079002079002079,0.5107573149741824,1.269601583480835
Wiki,19,81,128,0.75,0.5,1,0.4058133568193056,0.02702702702702703,0.45137693631669534,1.3928866386413574
Wiki,19,81,128,0.75,0.5,2,0.43373231623134345,0.04054054054054054,0.6148881239242685,1.2727291584014893
Wiki,19,81,128,0.75,0.5,3,0.41550854342864785,0.04158004158004158,0.5675559380378657,1.2764067649841309
Wiki,19,81,128,0.75,0.5,4,0.4163053577785327,0.020833333333333332,0.5666953528399311,1.2722499370574951
Wiki,19,81,128,0.75,0.5,5,0.401559878459738,0.034976152623211444,0.5576592082616179,1.3974266052246094
Wiki,19,81,137,0.8,0.5,1,0.4076856366212204,0.032716927453769556,0.628657487091222,1.2737960815429688
Wiki,19,81,137,0.8,0.5,2,0.4428886278696768,0.03303303303303303,0.5490533562822719,1.2745180130004883
Wiki,19,81,137,0.8,0.5,3,0.41742802037345117,0.030555555555555555,0.6308089500860585,1.3910155296325684
Wiki,19,81,137,0.8,0.5,4,0.43355373727951785,0.036036036036036036,0.6316695352839932,1.2748143672943115
Wiki,19,81,137,0.8,0.5,5,0.43672348916934367,0.016835016835016835,0.5507745266781411,1.2729923725128174
Wiki,19,81,145,0.85,0.5,1,0.4163229850504495,0.05405405405405406,0.7956110154905336,1.2719039916992188
Wiki,19,81,145,0.85,0.5,2,0.4117895377689834,0.03556187766714083,0.6596385542168675,1.4062590599060059
Wiki,19,81,145,0.85,0.5,3,0.38821628485412035,0.024676850763807285,0.5443201376936316,1.2713062763214111
Wiki,19,81,145,0.85,0.5,4,0.4419903456850287,0.03547297297297297,0.5055938037865749,1.2688772678375244
Wiki,19,81,145,0.85,0.5,5,0.3939933965110002,0.0392156862745098,0.7022375215146299,1.3932526111602783
Wiki,19,81,154,0.9,0.5,1,0.42447476117963107,0.01880141010575793,0.43502581755593805,1.3141334056854248
Wiki,19,81,154,0.9,0.5,2,0.4214055418029489,0.02844950213371266,0.524526678141136,1.2798175811767578
Wiki,19,81,154,0.9,0.5,3,0.3887963841121801,0.02457002457002457,0.5851979345955249,1.27482008934021
Wiki,19,81,154,0.9,0.5,4,0.4123015302846307,0.02182952182952183,0.6183304647160068,1.4059112071990967
Wiki,19,81,154,0.9,0.5,5,0.41628617932244616,0.02702702702702703,0.6751290877796902,1.2702980041503906
Wiki,19,81,162,0.95,0.5,1,0.42454435108611743,0.05405405405405406,0.7108433734939759,1.272153377532959
Wiki,19,81,162,0.95,0.5,2,0.40156929150568316,0.062370062370062374,0.7887263339070568,1.3938636779785156
Wiki,19,81,162,0.95,0.5,3,0.41090478914981254,0.062162162162162166,0.6019793459552496,1.2805838584899902
Wiki,19,81,162,0.95,0.5,4,0.4020515071572501,0.019305019305019305,0.5512048192771084,1.2741501331329346
Wiki,19,81,162,0.95,0.5,5,0.34547231698422454,0.032716927453769556,0.6359724612736661,1.2704458236694336
Wiki,19,81,171,1,0.5,1,0.45986494202442196,0.04781704781704782,0.7198795180722891,1.4021861553192139
Wiki,19,81,171,1,0.5,2,0.44190808747452187,0.028314028314028315,0.6858864027538726,1.2715940475463867
Wiki,19,81,171,1,0.5,3,0.44403522901670517,0.031746031746031744,0.6407056798623064,1.277073860168457
Wiki,19,81,171,1,0.5,4,0.44137033282321436,0.025945945945945945,0.6544750430292599,1.393340826034546
Wiki,19,81,171,1,0.5,5,0.3962861337416791,0.046296296296296294,0.6833046471600689,1.269874095916748
Wiki,20,174,0,0,,0,0.4474822771866262,0.004826254826254826,0.1990138951142985,
Wiki,20,174,0,0,,0,0.3905340445798305,0.002844950213371266,0.1506051098162259,
Wiki,20,174,0,0,,0,0.45430967469715455,0.003003003003003003,0.1927386822052891,
Wiki,20,174,0,0,,0,0.4407357174687588,0.00322061191626409,0.17436127297176154,
Wiki,20,174,0,0,,0,0.4272791117065079,0.002191380569758948,0.12102196324518154,
Wiki,20,174,4,0.01,0.5,1,0.4484197393261922,0.00403852127990059,0.3290004482294935,1.2737679481506348
Wiki,20,174,4,0.01,0.5,2,0.4362457273528172,0.0034569453174104338,0.25862841774988793,1.2717525959014893
Wiki,20,174,4,0.01,0.5,3,0.42694442101916874,0.0032562683165092803,0.24831913939937247,1.4039115905761719
Wiki,20,174,4,0.01,0.5,4,0.40397112118132417,0.002861685214626391,0.2384580905423577,1.2708191871643066
Wiki,20,174,4,0.01,0.5,5,0.4125054593734376,0.0018856065367693275,0.12371134020618557,1.272676944732666
Wiki,20,174,19,0.05,0.5,1,0.4263787601752625,0.005497022446174988,0.29090094128193633,1.396918773651123
Wiki,20,174,19,0.05,0.5,2,0.46103449540602315,0.0028957528957528956,0.2402510085163604,1.2745745182037354
Wiki,20,174,19,0.05,0.5,3,0.42021573718903377,0.0015532774153463808,0.07395786642761093,1.2723510265350342
Wiki,20,174,19,0.05,0.5,4,0.42228977009455954,0.00641025641025641,0.3097265800089646,1.2731544971466064
Wiki,20,174,19,0.05,0.5,5,0.4330699807989211,0.0037023324694557573,0.23038995965934558,1.4028334617614746
Wiki,20,174,38,0.1,0.5,1,0.4322799294818908,0.0027434842249657062,0.1864634692962797,1.2726621627807617
Wiki,20,174,38,0.1,0.5,2,0.41056145691479445,0.003133568350959655,0.17884356790676825,1.270622730255127
Wiki,20,174,38,0.1,0.5,3,0.458973938828222,0.004451510333863275,0.32989690721649484,1.3934175968170166
Wiki,20,174,38,0.1,0.5,4,0.39968746332126986,0.002733070148800486,0.17929179740026893,1.2755308151245117
Wiki,20,174,38,0.1,0.5,5,0.4399063069331476,0.003200568990042674,0.21290900941281937,1.2722053527832031
Wiki,20,174,58,0.15,0.5,1,0.41502550997534143,0.0056093829678735335,0.2702823845809054,1.2770462036132812
Wiki,20,174,58,0.15,0.5,2,0.4320776380895809,0.002930641484858352,0.22456297624383684,1.3973426818847656
Wiki,20,174,58,0.15,0.5,3,0.41593115776066814,0.003352490421455939,0.13491707754370239,1.2721047401428223
Wiki,20,174,58,0.15,0.5,4,0.3771038207676624,0.006486486486486486,0.4791573285522187,1.271566390991211
Wiki,20,174,58,0.15,0.5,5,0.3954806710783204,0.006237006237006237,0.2510085163603765,1.3935623168945312
Wiki,20,174,77,0.2,0.5,1,0.3984468478724977,0.002815315315315315,0.22052891080233078,1.278959035873413
Wiki,20,174,77,0.2,0.5,2,0.4356792889426189,0.006067291781577496,0.2805916629314209,1.2737746238708496
Wiki,20,174,77,0.2,0.5,3,0.42957426101187474,0.002376002376002376,0.13222770058269834,1.2710704803466797
Wiki,20,174,77,0.2,0.5,4,0.43733354053853635,0.0035211267605633804,0.25862841774988793,1.3994941711425781
Wiki,20,174,77,0.2,0.5,5,0.4208711866989023,0.003963963963963964,0.3097265800089646,1.2723066806793213
Wiki,20,174,96,0.25,0.5,1,0.4620726103971542,0.003071253071253071,0.19229045271178843,1.2721118927001953
Wiki,20,174,96,0.25,0.5,2,0.41218766803869356,0.006538796861377506,0.3500672344240251,1.3913991451263428
Wiki,20,174,96,0.25,0.5,3,0.40647648266629766,0.0054697554697554695,0.42447333034513673,1.2774944305419922
Wiki,20,174,96,0.25,0.5,4,0.42280165379715623,0.0035392535392535394,0.2949350067234424,1.30362868309021
Wiki,20,174,96,0.25,0.5,5,0.39467381826425396,0.003968253968253968,0.32227700582698343,1.271651268005371
Wiki,20,174,116,0.3,0.5,1,0.4147845477881878,0.004914004914004914,0.34558493948901836,1.4061720371246338
Wiki,20,174,116,0.3,0.5,2,0.419122395433695,0.003955174686882004,0.2707306140744061,1.2730381488800049
Wiki,20,174,116,0.3,0.5,3,0.41592811719801853,0.004633204633204633,0.2841774988794263,1.2752602100372314
Wiki,20,174,116,0.3,0.5,4,0.43918850075103655,0.00794912559618442,0.392649036306589,1.3954424858093262
Wiki,20,174,116,0.3,0.5,5,0.39091088230909865,0.006652806652806653,0.41550874047512326,1.2760186195373535
Wiki,20,174,135,0.35,0.5,1,0.41355655406647945,0.0076576576576576575,0.4150605109816226,1.273529291152954
Wiki,20,174,135,0.35,0.5,2,0.3926070235310612,0.007722007722007722,0.4235768713581354,1.2751688957214355
Wiki,20,174,135,0.35,0.5,3,0.36202010288762604,0.004700352526439483,0.2819363514119229,1.3986847400665283
Wiki,20,174,135,0.35,0.5,4,0.3965934407972357,0.006837606837606838,0.38682205289108024,1.2742724418640137
Wiki,20,174,135,0.35,0.5,5,0.4632066513023027,0.008023648648648648,0.4845360824742268,1.2716197967529297
Wiki,20,174,154,0.4,0.5,1,0.4929048150449531,0.008060692271218587,0.5432541461228149,1.3989150524139404
Wiki,20,174,154,0.4,0.5,2,0.42792046221240354,0.005255255255255256,0.3451367099955177,1.273937463760376
Wiki,20,174,154,0.4,0.5,3,0.4207418788081872,0.007293007293007293,0.44643657552666965,1.2732288837432861
Wiki,20,174,154,0.4,0.5,4,0.45532385887867965,0.007455731593662628,0.40744060959211115,1.2748494148254395
Wiki,20,174,154,0.4,0.5,5,0.43384946100631455,0.006237006237006237,0.39623487225459436,1.4049780368804932
Wiki,20,174,173,0.45,0.5,1,0.42808457090138446,0.00882515168229454,0.44016136261766026,1.2724316120147705
Wiki,20,174,173,0.45,0.5,2,0.430310593916086,0.007207207207207207,0.49663827879874495,1.2703025341033936
Wiki,20,174,173,0.45,0.5,3,0.4216995308621847,0.008445945945945946,0.3617212012550426,1.3945715427398682
Wiki,20,174,173,0.45,0.5,4,0.4465519327319963,0.0050200803212851405,0.40609592111160914,1.2717931270599365
Wiki,20,174,173,0.45,0.5,5,0.39992215294614125,0.0042847725774555045,0.35051546391752575,1.2723865509033203
Wiki,20,174,192,0.5,0.5,1,0.41249355832228213,0.006054131054131054,0.4294038547736441,1.2734465599060059
Wiki,20,174,192,0.5,0.5,2,0.42574730024009,0.008067769261799113,0.5445988346033169,1.418677568435669
Wiki,20,174,192,0.5,0.5,3,0.39246030731654613,0.006006006006006006,0.3989242492155984,1.272496223449707
Wiki,20,174,192,0.5,0.5,4,0.4261254879623886,0.007797270955165692,0.421335723890632,1.2760884761810303
Wiki,20,174,192,0.5,0.5,5,0.41988679671602075,0.005113221329437546,0.3971313312415957,1.395848274230957
Wiki,20,174,212,0.55,0.5,1,0.4357299133612888,0.008731808731808732,0.5535634244733303,1.2762656211853027
Wiki,20,174,212,0.55,0.5,2,0.4410190921216737,0.0071790540540540545,0.45316001792917976,1.2729108333587646
Wiki,20,174,212,0.55,0.5,3,0.4191462048406143,0.00972972972972973,0.4164051994621246,1.2720985412597656
Wiki,20,174,212,0.55,0.5,4,0.4055309273312239,0.007797270955165692,0.3872702823845809,1.406313180923462
Wiki,20,174,212,0.55,0.5,5,0.41184597311099624,0.009828009828009828,0.48857014791573283,1.2715556621551514
Wiki,20,174,231,0.6,0.5,1,0.40516105609763836,0.005120910384068279,0.47736441057821605,1.2715530395507812
Wiki,20,174,231,0.6,0.5,2,0.41462663224123913,0.008035062089116142,0.5571492604213357,1.3957171440124512
Wiki,20,174,231,0.6,0.5,3,0.3979136954364467,0.010717614165890028,0.5607350963693412,1.2717797756195068
Wiki,20,174,231,0.6,0.5,4,0.40658633673753947,0.005564387917329093,0.38054683998207084,1.273430347442627
Wiki,20,174,231,0.6,0.5,5,0.4452743706945869,0.005815942524803284,0.4338861497086508,1.2740912437438965
Wiki,20,174,250,0.65,0.5,1,0.39425104684910256,0.009538950715421303,0.632003585835948,1.4034409523010254
Wiki,20,174,250,0.65,0.5,2,0.39400731240330017,0.010077874484654145,0.578664276109368,1.2703533172607422
Wiki,20,174,250,0.65,0.5,3,0.38968650516452774,0.016891891891891893,0.6248319139399372,1.2746269702911377
Wiki,20,174,250,0.65,0.5,4,0.41701762193070646,0.00992063492063492,0.5674585387718512,1.3929595947265625
Wiki,20,174,250,0.65,0.5,5,0.39905575352438144,0.009928295642581356,0.48363962348722545,1.3178789615631104
Wiki,20,174,270,0.7,0.5,1,0.3991955397192953,0.019077901430842606,0.6284177498879426,1.2879114151000977
Wiki,20,174,270,0.7,0.5,2,0.4518787894094636,0.005971087366436203,0.4997758852532497,1.274947166442871
Wiki,20,174,270,0.7,0.5,3,0.3949149891001616,0.00819000819000819,0.5284625728372927,1.4042067527770996
Wiki,20,174,270,0.7,0.5,4,0.4015056822874945,0.0085995085995086,0.4943971313312416,1.2967145442962646
Wiki,20,174,270,0.7,0.5,5,0.40948250562271427,0.010510510510510511,0.5387718511878081,1.2787861824035645
Wiki,20,174,289,0.75,0.5,1,0.41617647950356257,0.006851922344880091,0.45002241147467503,1.3980298042297363
Wiki,20,174,289,0.75,0.5,2,0.39595030393755887,0.009147609147609148,0.5405647691618108,1.2767179012298584
Wiki,20,174,289,0.75,0.5,3,0.40220008859758505,0.007846556233653008,0.4742268041237113,1.269388198852539
Wiki,20,174,289,0.75,0.5,4,0.4052960010157956,0.009875259875259876,0.5629762438368444,1.4025228023529053
Wiki,20,174,289,0.75,0.5,5,0.3997613726494651,0.013626834381551363,0.7400268937696101,1.2798435688018799
Wiki,20,174,308,0.8,0.5,1,0.40916568761504696,0.011511511511511512,0.6293142088749439,1.2737672328948975
Wiki,20,174,308,0.8,0.5,2,0.37668619531934655,0.007862407862407862,0.4280591662931421,1.2728149890899658
Wiki,20,174,308,0.8,0.5,3,0.40161434776899063,0.008417508417508417,0.5575974899148364,1.3955698013305664
Wiki,20,174,308,0.8,0.5,4,0.413068128748201,0.009255831173639394,0.6557597489914836,1.2783946990966797
Wiki,20,174,308,0.8,0.5,5,0.42259088478735846,0.009400705052878966,0.6436575526669654,1.2774391174316406
Wiki,20,174,327,0.85,0.5,1,0.39814768019100033,0.010994044892349977,0.5768713581353653,1.275700569152832
Wiki,20,174,327,0.85,0.5,2,0.4142022840151949,0.01876876876876877,0.6086956521739131,1.4051988124847412
Wiki,20,174,327,0.85,0.5,3,0.4164877686551825,0.016216216216216217,0.5948005378753922,1.273322582244873
Wiki,20,174,327,0.85,0.5,4,0.41472071687684037,0.01437607820586544,0.6575526669654863,1.2719473838806152
Wiki,20,174,327,0.85,0.5,5,0.42273716675748496,0.006459948320413436,0.47557149260421333,1.3950281143188477
Wiki,20,174,346,0.9,0.5,1,0.4245027896774879,0.011954261954261955,0.5876288659793815,1.2724876403808594
Wiki,20,174,346,0.9,0.5,2,0.4025564659832661,0.013183915622940013,0.5181532944867773,1.2758424282073975
Wiki,20,174,346,0.9,0.5,3,0.4305954010302699,0.007985257985257985,0.6230389959659346,1.2750089168548584
Wiki,20,174,346,0.9,0.5,4,0.4054238900058441,0.008633633633633633,0.6113850291349171,1.4010136127471924
Wiki,20,174,346,0.9,0.5,5,0.42794555094845677,0.007815043959622273,0.6808606006275213,1.2714591026306152
Wiki,20,174,366,0.95,0.5,1,0.381307689384722,0.016414141414141416,0.7270282384580905,1.2712199687957764
Wiki,20,174,366,0.95,0.5,2,0.4282240477399427,0.014054054054054054,0.660690273419991,1.411036729812622
Wiki,20,174,366,0.95,0.5,3,0.41479297770052387,0.014414414414414415,0.6481398476019722,1.277785301208496
Wiki,20,174,366,0.95,0.5,4,0.3807482703033902,0.011583011583011582,0.6315553563424473,1.2751235961914062
Wiki,20,174,366,0.95,0.5,5,0.42708673410466125,0.01727574750830565,0.7028238458090542,1.2712061405181885
Wiki,20,174,385,1,0.5,1,0.3954460525061551,0.011583011583011582,0.7077543702375616,1.4003772735595703
Wiki,20,174,385,1,0.5,2,0.39067377479730314,0.008454106280193236,0.6024204392649036,1.270796537399292
Wiki,20,174,385,1,0.5,3,0.4231781931434865,0.025225225225225224,0.7561631555356343,1.2732648849487305
Wiki,20,174,385,1,0.5,4,0.4403625229895682,0.010994044892349977,0.6978933213805468,1.3930754661560059
Wiki,20,174,385,1,0.5,5,0.41133518520651985,0.009418509418509418,0.6257283729269386,1.2764525413513184
Wiki,21,11,0,0,,0,0.4326590444649403,0.003003003003003003,0.042606516290726815,
Wiki,21,11,0,0,,0,0.40953547193940265,0.015444015444015444,0.0898078529657477,
Wiki,21,11,0,0,,0,0.4401612882204751,0.007722007722007722,0.05847953216374269,
Wiki,21,11,0,0,,0,0.41516602093755994,0.010810810810810811,0.0948203842940685,
Wiki,21,11,0,0,,0,0.4163612630844813,0.018518518518518517,0.13868003341687551,
Wiki,21,11,0,0.01,0.5,1,0.41437155408211807,0.016216216216216217,0.13074352548036758,1.2712364196777344
Wiki,21,11,0,0.01,0.5,2,0.435525792484751,0.013513513513513514,0.08020050125313283,1.3867385387420654
Wiki,21,11,0,0.01,0.5,3,0.4289845374917292,0.006006006006006006,0.06474519632414369,1.2710635662078857
Wiki,21,11,0,0.01,0.5,4,0.42201338116616177,0.010810810810810811,0.08020050125313283,1.2693583965301514
Wiki,21,11,0,0.01,0.5,5,0.4734401646797829,0.006756756756756757,0.05680868838763575,1.3851799964904785
Wiki,21,11,0,0.05,0.5,1,0.4465530872587531,0.016216216216216217,0.1148705096073517,1.2757620811462402
Wiki,21,11,0,0.05,0.5,2,0.42875824734699974,0.011583011583011582,0.08688387635756056,1.2949397563934326
Wiki,21,11,0,0.05,0.5,3,0.40243369631999376,0.006756756756756757,0.08312447786131996,1.2818090915679932
Wiki,21,11,0,0.05,0.5,4,0.45181365593367895,0.002702702702702703,0.053467000835421885,1.4364013671875
Wiki,21,11,0,0.05,0.5,5,0.40176319044723274,0.011583011583011582,0.14995822890559732,1.2957684993743896
Wiki,21,11,1,0.1,0.5,1,0.4433147401102905,0.011583011583011582,0.1148705096073517,1.3098809719085693
Wiki,21,11,1,0.1,0.5,2,0.3962912332457167,0.010135135135135136,0.11319966583124477,1.34737229347229
Wiki,21,11,1,0.1,0.5,3,0.43951410180239064,0.006006006006006006,0.06015037593984962,1.4392218589782715
Wiki,21,11,1,0.1,0.5,4,0.42120978195561304,0.010135135135135136,0.09523809523809523,1.2963073253631592
Wiki,21,11,1,0.1,0.5,5,0.4120832512376215,0.009009009009009009,0.04218880534670008,1.3010714054107666
Wiki,21,11,2,0.15,0.5,1,0.44766417166793643,0.006006006006006006,0.05430242272347535,1.4239614009857178
Wiki,21,11,2,0.15,0.5,2,0.44257579064781005,0.015444015444015444,0.07435254803675856,1.3021516799926758
Wiki,21,11,2,0.15,0.5,3,0.4178862134547482,0.010810810810810811,0.06934001670843776,1.2849481105804443
Wiki,21,11,2,0.15,0.5,4,0.45121349304729197,0.010416666666666666,0.09022556390977443,1.2907938957214355
Wiki,21,11,2,0.15,0.5,5,0.43481945055554483,0.006006006006006006,0.09565580618212197,1.418255090713501
Wiki,21,11,2,0.2,0.5,1,0.44132473574046927,0.0,0.03467000835421888,1.2791783809661865
Wiki,21,11,2,0.2,0.5,2,0.4612994399192108,0.018018018018018018,0.11737677527151211,1.2753427028656006
Wiki,21,11,2,0.2,0.5,3,0.43811360993162823,0.015873015873015872,0.15288220551378445,1.4022979736328125
Wiki,21,11,2,0.2,0.5,4,0.41628028236953707,0.018018018018018018,0.10066833751044277,1.3780887126922607
Wiki,21,11,2,0.2,0.5,5,0.47633534505445696,0.015444015444015444,0.13909774436090225,1.2786009311676025
Wiki,21,11,2,0.25,0.5,1,0.44250735358116483,0.011111111111111112,0.10066833751044277,1.3406975269317627
Wiki,21,11,2,0.25,0.5,2,0.4533212611253457,0.013513513513513514,0.06307435254803676,1.4959044456481934
Wiki,21,11,2,0.25,0.5,3,0.44198028251904026,0.013513513513513514,0.11278195488721804,1.2990906238555908
Wiki,21,11,2,0.25,0.5,4,0.4185006113402162,0.009009009009009009,0.08270676691729323,1.2782313823699951
Wiki,21,11,2,0.25,0.5,5,0.43416148167172175,0.010416666666666666,0.08563074352548036,1.4167518615722656
Wiki,21,11,3,0.3,0.5,1,0.40337779836387755,0.010135135135135136,0.08813700918964076,1.2829773426055908
Wiki,21,11,3,0.3,0.5,2,0.3957812469435109,0.018018018018018018,0.16165413533834586,1.281938076019287
Wiki,21,11,3,0.3,0.5,3,0.4278496273860254,0.016216216216216217,0.0847953216374269,1.2795026302337646
Wiki,21,11,3,0.3,0.5,4,0.4177651988796542,0.006006006006006006,0.07268170426065163,1.430271863937378
Wiki,21,11,3,0.3,0.5,5,0.39530603511357537,0.006172839506172839,0.0985797827903091,1.2863521575927734
Wiki,21,11,4,0.35,0.5,1,0.3936099690064757,0.015444015444015444,0.12113617376775271,1.2799334526062012
Wiki,21,11,4,0.35,0.5,2,0.4349928994723317,0.021621621621621623,0.15037593984962405,1.4048058986663818
Wiki,21,11,4,0.35,0.5,3,0.4025821060933205,0.015444015444015444,0.11821219715956557,1.2835500240325928
Wiki,21,11,4,0.35,0.5,4,0.4785654682723446,0.036036036036036036,0.1570593149540518,1.2751948833465576
Wiki,21,11,4,0.35,0.5,5,0.42803319074366836,0.015444015444015444,0.12949039264828738,1.2905774116516113
Wiki,21,11,4,0.4,0.5,1,0.4311046798536228,0.006756756756756757,0.07184628237259816,1.3972492218017578
Wiki,21,11,4,0.4,0.5,2,0.4426799917838729,0.015444015444015444,0.10818713450292397,1.28602933883667
Wiki,21,11,4,0.4,0.5,3,0.4160342376544031,0.05555555555555555,0.19799498746867167,1.2854185104370117
Wiki,21,11,4,0.4,0.5,4,0.4510071988521697,0.021621621621621623,0.05263157894736842,1.2866742610931396
Wiki,21,11,4,0.4,0.5,5,0.4194373801161466,0.018018018018018018,0.13742690058479531,1.41829514503479
Wiki,21,11,4,0.45,0.5,1,0.40687661476546316,0.010416666666666666,0.12113617376775271,1.2906553745269775
Wiki,21,11,4,0.45,0.5,2,0.4566700511597893,0.0,0.023391812865497075,1.2998120784759521
Wiki,21,11,4,0.45,0.5,3,0.4462259124311984,0.015444015444015444,0.11904761904761904,1.4105303287506104
Wiki,21,11,4,0.45,0.5,4,0.42825134401894155,0.02702702702702703,0.13909774436090225,1.2932016849517822
Wiki,21,11,4,0.45,0.5,5,0.4455852380887954,0.006756756756756757,0.05764411027568922,1.2953896522521973
Wiki,21,11,5,0.5,0.5,1,0.43010975255750095,0.02702702702702703,0.14243943191311612,1.2985901832580566
Wiki,21,11,5,0.5,0.5,2,0.43581493377143155,0.02702702702702703,0.11821219715956557,1.4077484607696533
Wiki,21,11,5,0.5,0.5,3,0.4522058952629562,0.006006006006006006,0.0797827903091061,1.2917757034301758
Wiki,21,11,5,0.5,0.5,4,0.4550725495912937,0.04054054054054054,0.16374269005847952,1.2934319972991943
Wiki,21,11,5,0.5,0.5,5,0.4532471442766724,0.018018018018018018,0.10568086883876357,1.410306692123413
Wiki,21,11,6,0.55,0.5,1,0.4270515125482412,0.016216216216216217,0.09816207184628237,1.3053605556488037
Wiki,21,11,6,0.55,0.5,2,0.44643368134437644,0.02702702702702703,0.12322472848788638,1.349945068359375
Wiki,21,11,6,0.55,0.5,3,0.40978829610375966,0.010135135135135136,0.10401002506265664,1.2962422370910645
Wiki,21,11,6,0.55,0.5,4,0.43174778768878086,0.02702702702702703,0.0860484544695071,1.444108009338379
Wiki,21,11,6,0.55,0.5,5,0.43650195931970504,0.04054054054054054,0.1908939014202172,1.2899441719055176
Wiki,21,11,6,0.6,0.5,1,0.4064749415611165,0.021621621621621623,0.12364243943191311,1.2992923259735107
Wiki,21,11,6,0.6,0.5,2,0.4250217761271348,0.021621621621621623,0.11779448621553884,1.425994634628296
Wiki,21,11,6,0.6,0.5,3,0.4381295546198066,0.04504504504504504,0.13951545530492898,1.2955973148345947
Wiki,21,11,6,0.6,0.5,4,0.42886005781859254,0.010135135135135136,0.10192147034252297,1.2938051223754883
Wiki,21,11,6,0.6,0.5,5,0.41557912580690737,0.021621621621621623,0.12322472848788638,1.2823634147644043
Wiki,21,11,6,0.65,0.5,1,0.45993522172908263,0.006172839506172839,0.10401002506265664,1.4073739051818848
Wiki,21,11,6,0.65,0.5,2,0.42856103037552173,0.04054054054054054,0.15246449456975772,1.2983696460723877
Wiki,21,11,6,0.65,0.5,3,0.4318710436874162,0.02252252252252252,0.12698412698412698,1.2944724559783936
Wiki,21,11,6,0.65,0.5,4,0.44619523802887856,0.013513513513513514,0.09523809523809523,1.4198648929595947
Wiki,21,11,6,0.65,0.5,5,0.4320912816197199,0.022222222222222223,0.15622389306599832,1.2953200340270996
Wiki,21,11,7,0.7,0.5,1,0.39197001024040107,0.015444015444015444,0.0985797827903091,1.2841613292694092
Wiki,21,11,7,0.7,0.5,2,0.441971982202405,0.013513513513513514,0.1010860484544695,1.2956664562225342
Wiki,21,11,7,0.7,0.5,3,0.4218728762567473,0.02252252252252252,0.1670843776106934,1.4140510559082031
Wiki,21,11,7,0.7,0.5,4,0.4337965897813921,0.011583011583011582,0.06975772765246449,1.2879931926727295
Wiki,21,11,7,0.7,0.5,5,0.4152424281986843,0.021621621621621623,0.15288220551378445,1.2835972309112549
Wiki,21,11,8,0.75,0.5,1,0.43312438432385,0.04054054054054054,0.1996658312447786,1.2890009880065918
Wiki,21,11,8,0.75,0.5,2,0.3904252847670481,0.033783783783783786,0.13742690058479531,1.4154105186462402
Wiki,21,11,8,0.75,0.5,3,0.4182831781992598,0.013513513513513514,0.10693400167084377,1.2934188842773438
Wiki,21,11,8,0.75,0.5,4,0.44754425277547927,0.033783783783783786,0.1324143692564745,1.306757926940918
Wiki,21,11,8,0.75,0.5,5,0.43899295694911317,0.016216216216216217,0.12781954887218044,1.4331393241882324
Wiki,21,11,8,0.8,0.5,1,0.45285699983919064,0.04504504504504504,0.15538847117794485,1.2929439544677734
Wiki,21,11,8,0.8,0.5,2,0.4537801052251001,0.022222222222222223,0.14411027568922305,1.2992839813232422
Wiki,21,11,8,0.8,0.5,3,0.41645021329323667,0.009009009009009009,0.08563074352548036,1.2849855422973633
Wiki,21,11,8,0.8,0.5,4,0.42090300373143275,0.015444015444015444,0.11904761904761904,1.4236981868743896
Wiki,21,11,8,0.8,0.5,5,0.43762360671640294,0.033783783783783786,0.1073517126148705,1.302180290222168
Wiki,21,11,8,0.85,0.5,1,0.3893590200507266,0.018018018018018018,0.14912280701754385,1.296459674835205
Wiki,21,11,8,0.85,0.5,2,0.4284244422073998,0.034722222222222224,0.15664160401002505,1.420328140258789
Wiki,21,11,8,0.85,0.5,3,0.3939289054548838,0.033783783783783786,0.13993316624895571,1.2922563552856445
Wiki,21,11,8,0.85,0.5,4,0.4247913856325992,0.02702702702702703,0.14411027568922305,1.295450210571289
Wiki,21,11,8,0.85,0.5,5,0.39632711671624155,0.033783783783783786,0.1808688387635756,1.2977988719940186
Wiki,21,11,9,0.9,0.5,1,0.43188111817293995,0.04054054054054054,0.158312447786132,1.4145684242248535
Wiki,21,11,9,0.9,0.5,2,0.3892301548018556,0.015444015444015444,0.10275689223057644,1.284423589706421
Wiki,21,11,9,0.9,0.5,3,0.447892582604061,0.05405405405405406,0.17418546365914786,1.291740894317627
Wiki,21,11,9,0.9,0.5,4,0.4151047455599087,0.032432432432432434,0.23266499582289055,1.4198524951934814
Wiki,21,11,9,0.9,0.5,5,0.4667418883946436,0.006006006006006006,0.06934001670843776,1.2982683181762695
Wiki,21,11,10,0.95,0.5,1,0.4134701977279262,0.015444015444015444,0.1349206349206349,1.298522710800171
Wiki,21,11,10,0.95,0.5,2,0.43163859311910135,0.006006006006006006,0.07435254803675856,1.2919070720672607
Wiki,21,11,10,0.95,0.5,3,0.4632482511401516,0.021621621621621623,0.07811194653299916,1.4258029460906982
Wiki,21,11,10,0.95,0.5,4,0.46136067990546953,0.02702702702702703,0.13533834586466165,1.296062707901001
Wiki,21,11,10,0.95,0.5,5,0.4031422102314254,0.02702702702702703,0.09523809523809523,1.299140214920044
Wiki,21,11,10,1,0.5,1,0.47866895534239867,0.032432432432432434,0.2184628237259816,1.3161725997924805
Wiki,21,11,10,1,0.5,2,0.40704341331673916,0.021621621621621623,0.15664160401002505,1.5194692611694336
Wiki,21,11,10,1,0.5,3,0.42609313847483604,0.04054054054054054,0.22138680033416874,1.2965245246887207
Wiki,21,11,10,1,0.5,4,0.4471281723289638,0.02702702702702703,0.12406015037593984,1.284189224243164
Wiki,21,11,10,1,0.5,5,0.45561256223177227,0.015444015444015444,0.16750208855472012,1.4200899600982666
Wiki,22,117,0,0,,0,0.4506285396773029,0.008108108108108109,0.30375874125874125,
Wiki,22,117,0,0,,0,0.4230617030321806,0.011711711711711712,0.34746503496503495,
Wiki,22,117,0,0,,0,0.433251441512346,0.011583011583011582,0.3159965034965035,
Wiki,22,117,0,0,,0,0.44793406727407775,0.009259259259259259,0.36451048951048953,
Wiki,22,117,0,0,,0,0.45240085310498035,0.009290540540540541,0.2727272727272727,
Wiki,22,117,2,0.01,0.5,1,0.42578708753173594,0.00975975975975976,0.3570804195804196,1.295663833618164
Wiki,22,117,2,0.01,0.5,2,0.4331752692426801,0.007722007722007722,0.28277972027972026,1.3028991222381592
Wiki,22,117,2,0.01,0.5,3,0.40738369832405297,0.00819000819000819,0.2561188811188811,1.4117865562438965
Wiki,22,117,2,0.01,0.5,4,0.42987731339532714,0.00693000693000693,0.2687937062937063,1.296262264251709
Wiki,22,117,2,0.01,0.5,5,0.4242239123915225,0.005945945945945946,0.32255244755244755,1.3112177848815918
Wiki,22,117,12,0.05,0.5,1,0.45074937810023136,0.010395010395010396,0.23601398601398602,1.4348876476287842
Wiki,22,117,12,0.05,0.5,2,0.42891316323599776,0.012152777777777778,0.32167832167832167,1.2914237976074219
Wiki,22,117,12,0.05,0.5,3,0.4147009848374794,0.011711711711711712,0.3208041958041958,1.2959253787994385
Wiki,22,117,12,0.05,0.5,4,0.4380844723380797,0.006790123456790123,0.27972027972027974,1.3006713390350342
Wiki,22,117,12,0.05,0.5,5,0.44368958272414966,0.010510510510510511,0.3505244755244755,1.4816062450408936
Wiki,22,117,24,0.1,0.5,1,0.4548358613662121,0.004308656482569526,0.25393356643356646,1.3048639297485352
Wiki,22,117,24,0.1,0.5,2,0.425282695478164,0.00990990990990991,0.2867132867132867,1.2946727275848389
Wiki,22,117,24,0.1,0.5,3,0.4141036444025865,0.008838383838383838,0.40034965034965037,1.2967593669891357
Wiki,22,117,24,0.1,0.5,4,0.482719392309006,0.006435006435006435,0.22945804195804195,1.4214646816253662
Wiki,22,117,24,0.1,0.5,5,0.4287218893429441,0.0043859649122807015,0.21022727272727273,1.2983613014221191
Wiki,22,117,36,0.15,0.5,1,0.4270208155820396,0.008108108108108109,0.28190559440559443,1.3610281944274902
Wiki,22,117,36,0.15,0.5,2,0.42093044490538856,0.012285012285012284,0.4375,1.4992194175720215
Wiki,22,117,36,0.15,0.5,3,0.43021455437052614,0.009290540540540541,0.30856643356643354,1.3596653938293457
Wiki,22,117,36,0.15,0.5,4,0.4283784165440057,0.008258258258258258,0.28190559440559443,1.3573179244995117
Wiki,22,117,36,0.15,0.5,5,0.41358916434564613,0.006606606606606606,0.2727272727272727,1.356442928314209
Wiki,22,117,48,0.2,0.5,1,0.384003722527959,0.010226442658875092,0.3776223776223776,1.4793610572814941
Wiki,22,117,48,0.2,0.5,2,0.4173832255604168,0.00975975975975976,0.3597027972027972,1.3225085735321045
Wiki,22,117,48,0.2,0.5,3,0.4339018107421305,0.01178101178101178,0.46722027972027974,1.3274712562561035
Wiki,22,117,48,0.2,0.5,4,0.4253091162577181,0.016666666666666666,0.46547202797202797,1.4717628955841064
Wiki,22,117,48,0.2,0.5,5,0.38868548070542674,0.014414414414414415,0.45323426573426573,1.3436152935028076
Wiki,22,117,60,0.25,0.5,1,0.4493513553801875,0.008569545154911009,0.34003496503496505,1.330378770828247
Wiki,22,117,60,0.25,0.5,2,0.3904124679530594,0.015315315315315315,0.48994755244755245,1.3338208198547363
Wiki,22,117,60,0.25,0.5,3,0.42503526139426806,0.01095690284879474,0.3736888111888112,1.4584474563598633
Wiki,22,117,60,0.25,0.5,4,0.404424465229492,0.01833976833976834,0.4833916083916084,1.3088080883026123
Wiki,22,117,60,0.25,0.5,5,0.38429474481873777,0.016775396085740912,0.4659090909090909,1.310999870300293
Wiki,22,117,72,0.3,0.5,1,0.4102925080360293,0.01266891891891892,0.40821678321678323,1.4148666858673096
Wiki,22,117,72,0.3,0.5,2,0.4116208251908542,0.00850850850850851,0.44667832167832167,1.2811579704284668
Wiki,22,117,72,0.3,0.5,3,0.3749377905699761,0.01447876447876448,0.423513986013986,1.278566837310791
Wiki,22,117,72,0.3,0.5,4,0.4529755906591787,0.01178101178101178,0.48645104895104896,1.2740812301635742
Wiki,22,117,72,0.3,0.5,5,0.41549975362144925,0.010668563300142247,0.3776223776223776,1.406172752380371
Wiki,22,117,84,0.35,0.5,1,0.40125479706232065,0.015625,0.5004370629370629,1.2821495532989502
Wiki,22,117,84,0.35,0.5,2,0.4048851561942917,0.010038610038610039,0.3793706293706294,1.2842111587524414
Wiki,22,117,84,0.35,0.5,3,0.38636562570137734,0.009009009009009009,0.38854895104895104,1.4652454853057861
Wiki,22,117,84,0.35,0.5,4,0.43974138794756723,0.009400705052878966,0.4409965034965035,1.2900888919830322
Wiki,22,117,84,0.35,0.5,5,0.39135167147596334,0.013440860215053764,0.3833041958041958,1.281203269958496
Wiki,22,117,96,0.4,0.5,1,0.4160146712840973,0.013513513513513514,0.395979020979021,1.2902064323425293
Wiki,22,117,96,0.4,0.5,2,0.4305493676542427,0.006813417190775681,0.36713286713286714,1.422532558441162
Wiki,22,117,96,0.4,0.5,3,0.4047156098328458,0.012802275960170697,0.4755244755244755,1.2916183471679688
Wiki,22,117,96,0.4,0.5,4,0.38864474374608793,0.013077593722755012,0.3981643356643357,1.2975692749023438
Wiki,22,117,96,0.4,0.5,5,0.42491985764954987,0.011784511784511785,0.3347902097902098,1.4152724742889404
Wiki,22,117,108,0.45,0.5,1,0.4531816983276484,0.017857142857142856,0.4458041958041958,1.2907090187072754
Wiki,22,117,108,0.45,0.5,2,0.36307157453627825,0.013513513513513514,0.45323426573426573,1.2838506698608398
Wiki,22,117,108,0.45,0.5,3,0.4143247042765586,0.0171990171990172,0.5821678321678322,1.2858672142028809
Wiki,22,117,108,0.45,0.5,4,0.4103013188918791,0.015315315315315315,0.4632867132867133,1.4026331901550293
Wiki,22,117,108,0.45,0.5,5,0.410517892402423,0.009971509971509971,0.3780594405594406,1.2890779972076416
Wiki,22,117,120,0.5,0.5,1,0.4385935109503356,0.01638001638001638,0.5450174825174825,1.2968428134918213
Wiki,22,117,120,0.5,0.5,2,0.4202795601373542,0.013949433304272014,0.4208916083916084,1.4147183895111084
Wiki,22,117,120,0.5,0.5,3,0.4205967128651618,0.019305019305019305,0.5437062937062938,1.2952287197113037
Wiki,22,117,120,0.5,0.5,4,0.4437360318312989,0.013513513513513514,0.4833916083916084,1.2763731479644775
Wiki,22,117,120,0.5,0.5,5,0.4310462924961927,0.012162162162162163,0.46765734265734266,1.28873872756958
Wiki,22,117,133,0.55,0.5,1,0.434756361152653,0.018018018018018018,0.4125874125874126,1.4073057174682617
Wiki,22,117,133,0.55,0.5,2,0.40214167741309426,0.017374517374517374,0.4200174825174825,1.28367280960083
Wiki,22,117,133,0.55,0.5,3,0.40288915212937226,0.007882882882882882,0.36625874125874125,1.284114122390747
Wiki,22,117,133,0.55,0.5,4,0.41296883717373195,0.01488095238095238,0.43006993006993005,1.4098310470581055
Wiki,22,117,133,0.55,0.5,5,0.41744023942444947,0.009572072072072071,0.4392482517482518,1.28537917137146
Wiki,22,117,145,0.6,0.5,1,0.451607776657685,0.015765765765765764,0.5502622377622378,1.2936177253723145
Wiki,22,117,145,0.6,0.5,2,0.43769682447588165,0.013923013923013924,0.38592657342657344,1.28363037109375
Wiki,22,117,145,0.6,0.5,3,0.4100819469209043,0.013199245757385292,0.5432692307692307,1.430358648300171
Wiki,22,117,145,0.6,0.5,4,0.4066619805978708,0.025851938895417155,0.5773601398601399,1.2922229766845703
Wiki,22,117,145,0.6,0.5,5,0.43236781626055765,0.01257071024512885,0.5367132867132867,1.2916889190673828
Wiki,22,117,157,0.65,0.5,1,0.39612313759049933,0.02050326188257223,0.5301573426573427,1.4230477809906006
Wiki,22,117,157,0.65,0.5,2,0.43105799653829424,0.02072072072072072,0.5480769230769231,1.2984957695007324
Wiki,22,117,157,0.65,0.5,3,0.39895997322048626,0.024774774774774775,0.6062062937062938,1.297323226928711
Wiki,22,117,157,0.65,0.5,4,0.3849904105637301,0.01126126126126126,0.3758741258741259,1.3050251007080078
Wiki,22,117,157,0.65,0.5,5,0.4113058289426756,0.015625,0.5109265734265734,1.425793170928955
Wiki,22,117,169,0.7,0.5,1,0.4371445560261426,0.02457002457002457,0.5013111888111889,1.311732530593872
Wiki,22,117,169,0.7,0.5,2,0.43586441083436017,0.01891891891891892,0.5703671328671329,1.2885658740997314
Wiki,22,117,169,0.7,0.5,3,0.3945808320804815,0.021621621621621623,0.5493881118881119,1.4163157939910889
Wiki,22,117,169,0.7,0.5,4,0.39773210034278095,0.015693112467306015,0.5013111888111889,1.2747647762298584
Wiki,22,117,169,0.7,0.5,5,0.4041828105115854,0.01954732510288066,0.5415209790209791,1.2735543251037598
Wiki,22,117,181,0.75,0.5,1,0.3799773682667898,0.02005231037489102,0.5909090909090909,1.2785818576812744
Wiki,22,117,181,0.75,0.5,2,0.4451941526001523,0.016564952048823016,0.4645979020979021,1.4019396305084229
Wiki,22,117,181,0.75,0.5,3,0.4157211230307239,0.017707362534948742,0.5052447552447552,1.2833926677703857
Wiki,22,117,181,0.75,0.5,4,0.4094812108808703,0.02054054054054054,0.5,1.294602394104004
Wiki,22,117,181,0.75,0.5,5,0.42507443180892385,0.02027027027027027,0.46853146853146854,1.327218770980835
Wiki,22,117,193,0.8,0.5,1,0.4028179631413893,0.013513513513513514,0.4291958041958042,1.406264305114746
Wiki,22,117,193,0.8,0.5,2,0.4016728382166462,0.017736486486486486,0.5642482517482518,1.290109395980835
Wiki,22,117,193,0.8,0.5,3,0.4278172416689866,0.02413127413127413,0.7019230769230769,1.331026554107666
Wiki,22,117,193,0.8,0.5,4,0.43491396242888586,0.018711018711018712,0.4742132867132867,1.432724952697754
Wiki,22,117,193,0.8,0.5,5,0.4221817240656503,0.016047297297297296,0.5179195804195804,1.2921710014343262
Wiki,22,117,205,0.85,0.5,1,0.4456644060195861,0.01971326164874552,0.5721153846153846,1.2917208671569824
Wiki,22,117,205,0.85,0.5,2,0.399391472735887,0.021795989537925022,0.6761363636363636,1.2998425960540771
Wiki,22,117,205,0.85,0.5,3,0.4096040597469286,0.02364864864864865,0.5651223776223776,1.4220023155212402
Wiki,22,117,205,0.85,0.5,4,0.42218960354344937,0.02390852390852391,0.6101398601398601,1.312190294265747
Wiki,22,117,205,0.85,0.5,5,0.4482334650248879,0.024864864864864864,0.6333041958041958,1.2972040176391602
Wiki,22,117,217,0.9,0.5,1,0.3824909855563659,0.02457002457002457,0.5192307692307693,1.4606575965881348
Wiki,22,117,217,0.9,0.5,2,0.43020168448644047,0.02072072072072072,0.6359265734265734,1.3587181568145752
Wiki,22,117,217,0.9,0.5,3,0.41934147566923,0.024411508282476024,0.7661713286713286,1.3239936828613281
Wiki,22,117,217,0.9,0.5,4,0.45635254036818834,0.015356265356265357,0.6682692307692307,1.3712396621704102
Wiki,22,117,217,0.9,0.5,5,0.4109839719930196,0.03439153439153439,0.7202797202797203,1.5022470951080322
Wiki,22,117,229,0.95,0.5,1,0.4466187240087674,0.0222007722007722,0.611013986013986,1.4206693172454834
Wiki,22,117,229,0.95,0.5,2,0.41930924595578795,0.02702702702702703,0.708041958041958,1.3104324340820312
Wiki,22,117,229,0.95,0.5,3,0.401907645053038,0.023023023023023025,0.5909090909090909,1.5135526657104492
Wiki,22,117,229,0.95,0.5,4,0.41463890256305497,0.04560810810810811,0.708916083916084,1.3939635753631592
Wiki,22,117,229,0.95,0.5,5,0.40392702385273627,0.02286902286902287,0.5961538461538461,1.382673740386963
Wiki,22,117,241,1,0.5,1,0.39902880740181923,0.02857142857142857,0.7023601398601399,1.4226224422454834
Wiki,22,117,241,1,0.5,2,0.4274248973667007,0.0202991452991453,0.5480769230769231,1.4755311012268066
Wiki,22,117,241,1,0.5,3,0.42075415155847,0.03654970760233918,0.6984265734265734,1.335148572921753
Wiki,22,117,241,1,0.5,4,0.4015334672129827,0.022667829119442023,0.708916083916084,1.3999614715576172
Wiki,22,117,241,1,0.5,5,0.4238612615663007,0.01881720430107527,0.5664335664335665,1.5654473304748535
Wiki,23,147,0,0,,0,0.4509396459863182,0.0011750881316098707,0.037643932683790966,
Wiki,23,147,0,0,,0,0.4298761652997808,0.0014530659691950015,0.1204605845881311,
Wiki,23,147,0,0,,0,0.45810484704338317,0.0010495932826029913,0.08148804251550044,
Wiki,23,147,0,0,,0,0.4145919508224104,0.0009009009009009009,0.03188662533215235,
Wiki,23,147,0,0,,0,0.4351192717654275,0.000827357970215113,0.04118689105403012,
Wiki,23,147,5,0.01,0.5,1,0.41255551760269293,0.0007050528789659225,0.03985828166519043,1.372772455215454
Wiki,23,147,5,0.01,0.5,2,0.4245195333949753,0.0010135135135135136,0.049601417183348095,1.337886095046997
Wiki,23,147,5,0.01,0.5,3,0.4302081146624613,0.0007304601899196494,0.0070859167404783,1.4787788391113281
Wiki,23,147,5,0.01,0.5,4,0.40108534998609796,0.0009213759213759214,0.05137289636846767,1.404045581817627
Wiki,23,147,5,0.01,0.5,5,0.4190554146495046,0.0009828009828009828,0.0983170947741364,1.416259527206421
Wiki,23,147,24,0.05,0.5,1,0.49442932974333464,0.001287001287001287,0.13994685562444642,1.4426288604736328
Wiki,23,147,24,0.05,0.5,2,0.407229359124449,0.0011111111111111111,0.05890168290522586,1.514228343963623
Wiki,23,147,24,0.05,0.5,3,0.44765611443620196,0.0014609203798392988,0.06997342781222321,1.3615398406982422
Wiki,23,147,24,0.05,0.5,4,0.39681946492133896,0.000693000693000693,0.01771479185119575,1.3649613857269287
Wiki,23,147,24,0.05,0.5,5,0.42532424838816096,0.0015155342258145997,0.15589016829052257,1.4804255962371826
Wiki,23,147,48,0.1,0.5,1,0.4233213322343963,0.0009828009828009828,0.049601417183348095,1.3384044170379639
Wiki,23,147,48,0.1,0.5,2,0.4231037583107975,0.0023001725129384704,0.1913197519929141,1.3692173957824707
Wiki,23,147,48,0.1,0.5,3,0.4023818027241028,0.0011624527753560012,0.09300265721877768,1.3810913562774658
Wiki,23,147,48,0.1,0.5,4,0.41672180299726386,0.0012285012285012285,0.08901682905225863,1.4895985126495361
Wiki,23,147,48,0.1,0.5,5,0.41581674511757016,0.0015873015873015873,0.11514614703277236,1.3589577674865723
Wiki,23,147,73,0.15,0.5,1,0.4547409867757934,0.001287001287001287,0.08060230292294066,1.3894062042236328
Wiki,23,147,73,0.15,0.5,2,0.4081421663153187,0.0017069701280227596,0.11868910540301152,1.4815397262573242
Wiki,23,147,73,0.15,0.5,3,0.3951652022890172,0.0014029180695847362,0.12400354295837024,1.405411958694458
Wiki,23,147,73,0.15,0.5,4,0.3936004483549546,0.001863932898415657,0.1271036315323295,1.372589349746704
Wiki,23,147,73,0.15,0.5,5,0.4455325890957183,0.0014350633819660368,0.15279007971656333,1.3829660415649414
Wiki,23,147,97,0.2,0.5,1,0.4396930879032539,0.0011261261261261261,0.05270150575730735,1.527341604232788
Wiki,23,147,97,0.2,0.5,2,0.436705899002911,0.0007722007722007722,0.061558901682905225,1.3712971210479736
Wiki,23,147,97,0.2,0.5,3,0.41987811129567304,0.002206287920573635,0.21302037201062887,1.3584394454956055
Wiki,23,147,97,0.2,0.5,4,0.44232482461304673,0.001422475106685633,0.08813108945969884,1.4720168113708496
Wiki,23,147,97,0.2,0.5,5,0.4006302060588816,0.002079002079002079,0.11603188662533215,1.3236618041992188
Wiki,23,147,121,0.25,0.5,1,0.4457836930072905,0.002533783783783784,0.24224977856510185,1.347233533859253
Wiki,23,147,121,0.25,0.5,2,0.42969818209306515,0.002875215641173088,0.24446412754650132,1.3300914764404297
Wiki,23,147,121,0.25,0.5,3,0.3935304952376934,0.001668335001668335,0.1120460584588131,1.4979338645935059
Wiki,23,147,121,0.25,0.5,4,0.41050287613533526,0.0018731602890018732,0.17094774136403898,1.3854632377624512
Wiki,23,147,121,0.25,0.5,5,0.42139539391937214,0.001694915254237288,0.14348981399468555,1.38193941116333
Wiki,23,147,145,0.3,0.5,1,0.44660311312709516,0.0019478938397857316,0.2108060230292294,1.535923957824707
Wiki,23,147,145,0.3,0.5,2,0.43559364505904974,0.0019305019305019305,0.23560673162090345,1.3534328937530518
Wiki,23,147,145,0.3,0.5,3,0.4195426296385417,0.002191380569758948,0.22586359610274578,1.319688320159912
Wiki,23,147,145,0.3,0.5,4,0.3874227811364012,0.0016479894528675016,0.07218777679362268,1.3233847618103027
Wiki,23,147,145,0.3,0.5,5,0.42411233821259325,0.004606879606879607,0.40744021257750224,1.455820083618164
Wiki,23,147,169,0.35,0.5,1,0.45246184148151103,0.0018832391713747645,0.1975199291408326,1.3689837455749512
Wiki,23,147,169,0.35,0.5,2,0.43782110798105145,0.003088803088803089,0.3170947741364039,1.4316380023956299
Wiki,23,147,169,0.35,0.5,3,0.39173997787092213,0.002338877338877339,0.21966341895482727,1.482123613357544
Wiki,23,147,169,0.35,0.5,4,0.4388114158714204,0.0016055659620016055,0.1691762621789194,1.3498106002807617
Wiki,23,147,169,0.35,0.5,5,0.45318913822935514,0.0036855036855036856,0.295837023914969,1.3726806640625
Wiki,23,147,194,0.4,0.5,1,0.43572066425381656,0.004747991234477721,0.36271036315323296,1.3179450035095215
Wiki,23,147,194,0.4,0.5,2,0.4199060213859381,0.003900808024519365,0.3516386182462356,1.433671474456787
Wiki,23,147,194,0.4,0.5,3,0.41453303610314296,0.0019305019305019305,0.17847652790079716,1.3127317428588867
Wiki,23,147,194,0.4,0.5,4,0.419819147607525,0.0019656019656019656,0.19619131975199292,1.3129923343658447
Wiki,23,147,194,0.4,0.5,5,0.4455472088090396,0.003243243243243243,0.3170947741364039,1.311211347579956
Wiki,23,147,218,0.45,0.5,1,0.41336951370835373,0.002808002808002808,0.13994685562444642,1.4419124126434326
Wiki,23,147,218,0.45,0.5,2,0.4142707330996878,0.002764127764127764,0.21479185119574845,1.3070342540740967
Wiki,23,147,218,0.45,0.5,3,0.4537955729836959,0.0022733013387218996,0.19397697077059345,1.3136367797851562
Wiki,23,147,218,0.45,0.5,4,0.4072735548756533,0.002733070148800486,0.2046058458813109,1.44482421875
Wiki,23,147,218,0.45,0.5,5,0.38450527425937964,0.0022793878215564964,0.15987599645704162,1.3123204708099365
Wiki,23,147,242,0.5,0.5,1,0.42372552648042155,0.0027862914460852605,0.2741364038972542,1.3158979415893555
Wiki,23,147,242,0.5,0.5,2,0.4022688793254659,0.003900808024519365,0.37378210806023027,1.4193310737609863
Wiki,23,147,242,0.5,0.5,3,0.448335107560933,0.002079002079002079,0.15101860053144375,1.313464641571045
Wiki,23,147,242,0.5,0.5,4,0.4263288314819976,0.002670940170940171,0.25686448184233834,1.2919931411743164
Wiki,23,147,242,0.5,0.5,5,0.4476535125307711,0.0018918918918918919,0.15279007971656333,1.2906858921051025
Wiki,23,147,266,0.55,0.5,1,0.41159605940330385,0.004133545310015898,0.31975199291408324,1.4673144817352295
Wiki,23,147,266,0.55,0.5,2,0.39811575987890063,0.0023847376788553257,0.22187776793622674,1.381394863128662
Wiki,23,147,266,0.55,0.5,3,0.403677659970652,0.0034569453174104338,0.295837023914969,1.3598320484161377
Wiki,23,147,266,0.55,0.5,4,0.41307921722980506,0.0032175032175032173,0.3175376439326838,1.3669042587280273
Wiki,23,147,266,0.55,0.5,5,0.40517990215588773,0.004267425320056899,0.31355181576616475,1.4927563667297363
Wiki,23,147,290,0.6,0.5,1,0.3965368584142342,0.004671338004671338,0.34233835252435785,1.3842029571533203
Wiki,23,147,290,0.6,0.5,2,0.4136851101766584,0.004600345025876941,0.4371124889282551,1.3729968070983887
Wiki,23,147,290,0.6,0.5,3,0.405289755356612,0.004054054054054054,0.3565101860053144,1.4358301162719727
Wiki,23,147,290,0.6,0.5,4,0.4227261370751452,0.0035252643948296123,0.24269264836138174,1.3217239379882812
Wiki,23,147,290,0.6,0.5,5,0.4414335632432573,0.0023501762632197414,0.3015943312666076,1.3254573345184326
Wiki,23,147,315,0.65,0.5,1,0.4516837918097196,0.00518326545723806,0.41275465013286095,1.3085217475891113
Wiki,23,147,315,0.65,0.5,2,0.46933271018450023,0.0035087719298245615,0.32108060230292296,1.4575204849243164
Wiki,23,147,315,0.65,0.5,3,0.4128499833202876,0.0034976152623211448,0.23560673162090345,1.3120143413543701
Wiki,23,147,315,0.65,0.5,4,0.40389042538972497,0.011031439602868174,0.6018600531443755,1.3178679943084717
Wiki,23,147,315,0.65,0.5,5,0.4032295143129053,0.0029435375970029436,0.2728077945084145,1.4450032711029053
Wiki,23,147,339,0.7,0.5,1,0.44116825387682507,0.0034787262510034785,0.28255093002657217,1.3198790550231934
Wiki,23,147,339,0.7,0.5,2,0.4050810492544138,0.003472222222222222,0.3742249778565102,1.3150911331176758
Wiki,23,147,339,0.7,0.5,3,0.40987278593256093,0.005477308294209703,0.3175376439326838,1.3118677139282227
Wiki,23,147,339,0.7,0.5,4,0.42321716237808177,0.005120910384068279,0.4738706820194863,1.4574096202850342
Wiki,23,147,339,0.7,0.5,5,0.4279865565066951,0.0039477679927118125,0.33525243578387953,1.317300796508789
Wiki,23,147,363,0.75,0.5,1,0.3756710054241255,0.007692307692307693,0.47785651018600533,1.315988540649414
Wiki,23,147,363,0.75,0.5,2,0.3875459485157768,0.004736695458344943,0.46058458813108943,1.448145866394043
Wiki,23,147,363,0.75,0.5,3,0.43948656623446625,0.004528985507246377,0.41186891054030117,1.321824312210083
Wiki,23,147,363,0.75,0.5,4,0.39017997103390395,0.008418254319893664,0.4951284322409212,1.3130030632019043
Wiki,23,147,363,0.75,0.5,5,0.4468481260054617,0.004281509232004281,0.44906997342781224,1.331496000289917
Wiki,23,147,387,0.8,0.5,1,0.42793975234147025,0.004267425320056899,0.37821080602302926,1.4555504322052002
Wiki,23,147,387,0.8,0.5,2,0.4127251186992913,0.004600345025876941,0.40522586359610274,1.3227710723876953
Wiki,23,147,387,0.8,0.5,3,0.3746757963615021,0.004406580493537015,0.38219663418954825,1.3167235851287842
Wiki,23,147,387,0.8,0.5,4,0.39727677246679033,0.013199245757385292,0.5695305580159433,1.4266226291656494
Wiki,23,147,387,0.8,0.5,5,0.43906262159903886,0.005815942524803284,0.449955713020372,1.292271614074707
Wiki,23,147,411,0.85,0.5,1,0.4324107830624296,0.006113256113256113,0.44596988485385297,1.2893273830413818
Wiki,23,147,411,0.85,0.5,2,0.4257560779771418,0.004251442453689645,0.3618246235606732,1.3015291690826416
Wiki,23,147,411,0.85,0.5,3,0.41935789844267507,0.00563063063063063,0.5407440212577502,1.4431116580963135
Wiki,23,147,411,0.85,0.5,4,0.4216566978185437,0.005668934240362812,0.562444641275465,1.4043567180633545
Wiki,23,147,411,0.85,0.5,5,0.40965913744677124,0.00668985817500669,0.6705048715677591,1.4964652061462402
Wiki,23,147,436,0.9,0.5,1,0.3858506874907399,0.009416195856873822,0.546058458813109,1.4947257041931152
Wiki,23,147,436,0.9,0.5,2,0.41109763762247675,0.0045045045045045045,0.3569530558015943,1.6478142738342285
Wiki,23,147,436,0.9,0.5,3,0.4109195635932206,0.006237006237006237,0.5748449955713021,1.5009081363677979
Wiki,23,147,436,0.9,0.5,4,0.43756656970694346,0.005132850241545894,0.46014171833480955,1.399873971939087
Wiki,23,147,436,0.9,0.5,5,0.4343301250039212,0.012581547064305684,0.766607617360496,1.6388750076293945
Wiki,23,147,460,0.95,0.5,1,0.44492483739554806,0.006583506583506584,0.47741364038972545,1.4443190097808838
Wiki,23,147,460,0.95,0.5,2,0.4085157647742732,0.0079002079002079,0.4787422497785651,1.2907328605651855
Wiki,23,147,460,0.95,0.5,3,0.4079232587771967,0.006906906906906907,0.6545615589016829,1.3152134418487549
Wiki,23,147,460,0.95,0.5,4,0.41911308041852485,0.005603164139749505,0.4610274579273694,1.6510405540466309
Wiki,23,147,460,0.95,0.5,5,0.3952334083794608,0.007207207207207207,0.6452612931798052,1.4977312088012695
Wiki,23,147,484,1,0.5,1,0.4212619121618298,0.0062056737588652485,0.5305580159433126,1.4293601512908936
Wiki,23,147,484,1,0.5,2,0.4194059298628529,0.00794912559618442,0.5239149689991143,1.6416380405426025
Wiki,23,147,484,1,0.5,3,0.41849371980679584,0.007251153592617007,0.6138175376439327,1.4729816913604736
Wiki,23,147,484,1,0.5,4,0.43081221437010137,0.007335907335907336,0.4654561558901683,1.4477310180664062
Wiki,23,147,484,1,0.5,5,0.41338809766376056,0.005902454178316247,0.5531443755535872,1.6290173530578613
Wiki,24,119,0,0,,0,0.4101380800762,0.00041459369817578774,0.014873140857392825,
Wiki,24,119,0,0,,0,0.4456457272467265,0.0012426219322771047,0.07130358705161854,
Wiki,24,119,0,0,,0,0.40728878103677774,0.00045045045045045046,0.004374453193350831,
Wiki,24,119,0,0,,0,0.44631705102389774,0.0006435006435006435,0.024059492563429572,
Wiki,24,119,0,0,,0,0.4350174742056292,0.001081081081081081,0.08617672790901137,
Wiki,24,119,4,0.01,0.5,1,0.42740402769253716,0.0008813160987074031,0.07830271216097988,1.3520405292510986
Wiki,24,119,4,0.01,0.5,2,0.43953692487747337,0.0018261504747991235,0.1010498687664042,1.3032572269439697
Wiki,24,119,4,0.01,0.5,3,0.4072348170406271,0.0013684570646595963,0.08267716535433071,1.4353609085083008
Wiki,24,119,4,0.01,0.5,4,0.42366557253028064,0.0009107468123861566,0.03762029746281715,1.325883150100708
Wiki,24,119,4,0.01,0.5,5,0.392452309344594,0.0012426219322771047,0.07611548556430446,1.3336243629455566
Wiki,24,119,18,0.05,0.5,1,0.449022376866898,0.0012285012285012285,0.09273840769903761,1.341418981552124
Wiki,24,119,18,0.05,0.5,2,0.4657191850017737,0.0011106997408367272,0.06824146981627296,1.4746325016021729
Wiki,24,119,18,0.05,0.5,3,0.42740634450993675,0.0013513513513513514,0.10061242344706911,1.3377957344055176
Wiki,24,119,18,0.05,0.5,4,0.4017575788780556,0.0019584802193497847,0.1089238845144357,1.3112001419067383
Wiki,24,119,18,0.05,0.5,5,0.43356528413408696,0.0012174336498660824,0.11986001749781278,1.304011344909668
Wiki,24,119,36,0.1,0.5,1,0.4513309652565675,0.002204585537918871,0.1447944006999125,1.4200189113616943
Wiki,24,119,36,0.1,0.5,2,0.40894165227889717,0.0029106029106029108,0.19641294838145232,1.2893798351287842
Wiki,24,119,36,0.1,0.5,3,0.4304730119292988,0.002533783783783784,0.15748031496062992,1.2720141410827637
Wiki,24,119,36,0.1,0.5,4,0.39529175284479995,0.0032407407407407406,0.21434820647419073,1.394348382949829
Wiki,24,119,36,0.1,0.5,5,0.4308523664848304,0.0020768431983385254,0.24015748031496062,1.2802064418792725
Wiki,24,119,55,0.15,0.5,1,0.44548457327055274,0.002059202059202059,0.2204724409448819,1.2768707275390625
Wiki,24,119,55,0.15,0.5,2,0.413619898143675,0.0018220467658669906,0.14304461942257218,1.402435064315796
Wiki,24,119,55,0.15,0.5,3,0.4122493215841583,0.0029106029106029108,0.18022747156605423,1.294945478439331
Wiki,24,119,55,0.15,0.5,4,0.43845014418034556,0.003316749585406302,0.16885389326334208,1.2764954566955566
Wiki,24,119,55,0.15,0.5,5,0.4228244057889222,0.0033783783783783786,0.3425196850393701,1.2768268585205078
Wiki,24,119,73,0.2,0.5,1,0.4624711084985523,0.002702702702702703,0.25809273840769903,1.3982977867126465
Wiki,24,119,73,0.2,0.5,2,0.410193272416053,0.0016717748676511562,0.15135608048993876,1.2782223224639893
Wiki,24,119,73,0.2,0.5,3,0.42842122774831676,0.003243243243243243,0.33552055993000873,1.2766451835632324
Wiki,24,119,73,0.2,0.5,4,0.4363449665226057,0.0025225225225225223,0.17760279965004375,1.398108720779419
Wiki,24,119,73,0.2,0.5,5,0.38944985877604593,0.0026367831245880024,0.2226596675415573,1.2727744579315186
Wiki,24,119,91,0.25,0.5,1,0.4399593526422987,0.004054054054054054,0.2572178477690289,1.2709696292877197
Wiki,24,119,91,0.25,0.5,2,0.422904474734942,0.0043859649122807015,0.30621172353455817,1.2753751277923584
Wiki,24,119,91,0.25,0.5,3,0.42420771672547497,0.003033645890788748,0.28346456692913385,1.3968045711517334
Wiki,24,119,91,0.25,0.5,4,0.43725278013211843,0.0032175032175032173,0.2852143482064742,1.2797529697418213
Wiki,24,119,91,0.25,0.5,5,0.44131425495962323,0.0028058361391694723,0.2484689413823272,1.273554801940918
Wiki,24,119,110,0.3,0.5,1,0.4347308613149373,0.003698435277382646,0.32020997375328086,1.4117650985717773
Wiki,24,119,110,0.3,0.5,2,0.4462413065687996,0.002206287920573635,0.1679790026246719,1.2693665027618408
Wiki,24,119,110,0.3,0.5,3,0.4336015960199458,0.0020126509488211618,0.16360454943132108,1.2723097801208496
Wiki,24,119,110,0.3,0.5,4,0.42622895758874874,0.002102102102102102,0.21566054243219598,1.2735135555267334
Wiki,24,119,110,0.3,0.5,5,0.4245627838130802,0.0027578599007170436,0.2559055118110236,1.3967134952545166
Wiki,24,119,128,0.35,0.5,1,0.41894565444899,0.0045045045045045045,0.27384076990376205,1.2727382183074951
Wiki,24,119,128,0.35,0.5,2,0.4250324238820956,0.0029146793852676206,0.2550306211723535,1.2753822803497314
Wiki,24,119,128,0.35,0.5,3,0.4189332494100133,0.0047694753577106515,0.3880139982502187,1.277527093887329
Wiki,24,119,128,0.35,0.5,4,0.39265747042740656,0.0058212058212058215,0.3573928258967629,1.4046103954315186
Wiki,24,119,128,0.35,0.5,5,0.3897528580852623,0.0034787262510034785,0.37139107611548555,1.290480136871338
Wiki,24,119,146,0.4,0.5,1,0.4045166667683206,0.005967005967005967,0.47331583552055995,1.286841630935669
Wiki,24,119,146,0.4,0.5,2,0.39349674448173,0.006552006552006552,0.4343832020997375,1.3991687297821045
Wiki,24,119,146,0.4,0.5,3,0.3990088501393027,0.0050920485703094395,0.3328958880139983,1.279695987701416
Wiki,24,119,146,0.4,0.5,4,0.3821641292299648,0.004840661557079467,0.3320209973753281,1.2767484188079834
Wiki,24,119,146,0.4,0.5,5,0.38028782642442077,0.0060508269463493344,0.40638670166229224,1.2792994976043701
Wiki,24,119,164,0.45,0.5,1,0.44081623453314567,0.007862407862407862,0.4426946631671041,1.4060802459716797
Wiki,24,119,164,0.45,0.5,2,0.39388062681709984,0.008151008151008152,0.5621172353455818,1.2768139839172363
Wiki,24,119,164,0.45,0.5,3,0.4097322086988145,0.0051669316375198724,0.42082239720035,1.278015375137329
Wiki,24,119,164,0.45,0.5,4,0.41193372853266746,0.0035392535392535394,0.2755905511811024,1.3945436477661133
Wiki,24,119,164,0.45,0.5,5,0.4212933957983518,0.005643005643005643,0.5406824146981627,1.2796099185943604
Wiki,24,119,182,0.5,0.5,1,0.38437438509931166,0.00882515168229454,0.44181977252843396,1.271439552307129
Wiki,24,119,182,0.5,0.5,2,0.4429880693334823,0.004901960784313725,0.41776027996500437,1.273503303527832
Wiki,24,119,182,0.5,0.5,3,0.4200793973417215,0.005113221329437546,0.3451443569553806,1.4032917022705078
Wiki,24,119,182,0.5,0.5,4,0.450491951425338,0.009538950715421303,0.468503937007874,1.2781524658203125
Wiki,24,119,182,0.5,0.5,5,0.42221151393606976,0.005405405405405406,0.33858267716535434,1.279742956161499
Wiki,24,119,201,0.55,0.5,1,0.41075841290669035,0.004451510333863275,0.3880139982502187,1.2706258296966553
Wiki,24,119,201,0.55,0.5,2,0.42418176425758264,0.00532724505327245,0.3657042869641295,1.4060959815979004
Wiki,24,119,201,0.55,0.5,3,0.40601879488929615,0.006756756756756757,0.4300087489063867,1.2722957134246826
Wiki,24,119,201,0.55,0.5,4,0.3983656285198525,0.004447485460143688,0.33727034120734906,1.2734594345092773
Wiki,24,119,201,0.55,0.5,5,0.4134518760883007,0.004337671004337671,0.32502187226596674,1.3939485549926758
Wiki,24,119,219,0.6,0.5,1,0.411334899085663,0.004158004158004158,0.38538932633420825,1.2794787883758545
Wiki,24,119,219,0.6,0.5,2,0.3906856855448716,0.007846556233653008,0.5139982502187227,1.2723414897918701
Wiki,24,119,219,0.6,0.5,3,0.43406099416144,0.005105105105105105,0.4304461942257218,1.4087982177734375
Wiki,24,119,219,0.6,0.5,4,0.4212884827222024,0.012226512226512226,0.5363079615048119,1.2738406658172607
Wiki,24,119,219,0.6,0.5,5,0.4071759199997096,0.008067769261799113,0.5398075240594926,1.2761850357055664
Wiki,24,119,237,0.65,0.5,1,0.4058275198654955,0.011486486486486487,0.4746281714785652,1.274320363998413
Wiki,24,119,237,0.65,0.5,2,0.40858672471777885,0.007975188303057155,0.5144356955380578,1.4112660884857178
Wiki,24,119,237,0.65,0.5,3,0.39469708624567396,0.006418918918918919,0.5043744531933508,1.2738146781921387
Wiki,24,119,237,0.65,0.5,4,0.4279830069169472,0.010598834128245893,0.5616797900262467,1.2719361782073975
Wiki,24,119,237,0.65,0.5,5,0.40951342285299697,0.014660493827160493,0.5765529308836396,1.4020249843597412
Wiki,24,119,255,0.7,0.5,1,0.39928284415781756,0.008680555555555556,0.5813648293963255,1.2721383571624756
Wiki,24,119,255,0.7,0.5,2,0.39406672454632335,0.005067567567567568,0.4138232720909886,1.271515130996704
Wiki,24,119,255,0.7,0.5,3,0.3908803038846734,0.01422475106685633,0.5253718285214348,1.2733690738677979
Wiki,24,119,255,0.7,0.5,4,0.42116505083781985,0.006471259992386753,0.48031496062992124,1.3990514278411865
Wiki,24,119,255,0.7,0.5,5,0.40897986500217304,0.00516246583662314,0.4741907261592301,1.268681287765503
Wiki,24,119,274,0.75,0.5,1,0.40026392931385874,0.005844155844155844,0.5573053368328958,1.2753801345825195
Wiki,24,119,274,0.75,0.5,2,0.41676583098942666,0.011658717541070483,0.6719160104986877,1.4006192684173584
Wiki,24,119,274,0.75,0.5,3,0.36718272624506465,0.006486486486486486,0.5258092738407699,1.2720775604248047
Wiki,24,119,274,0.75,0.5,4,0.3937265603698753,0.006359300476947536,0.4444444444444444,1.271317481994629
Wiki,24,119,274,0.75,0.5,5,0.4150244255109366,0.010077874484654145,0.6010498687664042,1.2704112529754639
Wiki,24,119,292,0.8,0.5,1,0.41095953518796063,0.008853681267474371,0.4991251093613298,1.3906514644622803
Wiki,24,119,292,0.8,0.5,2,0.4149880516424746,0.0071392146863844975,0.3005249343832021,1.2680659294128418
Wiki,24,119,292,0.8,0.5,3,0.4218707097120136,0.00488440247476392,0.3902012248468941,1.32448148727417
Wiki,24,119,292,0.8,0.5,4,0.4140689936927827,0.0063813813813813815,0.4899387576552931,1.2712814807891846
Wiki,24,119,292,0.8,0.5,5,0.37837864051255815,0.008718395815170008,0.5433070866141733,1.3956902027130127
Wiki,24,119,310,0.85,0.5,1,0.3895543813100793,0.009438009438009438,0.6019247594050744,1.3053638935089111
Wiki,24,119,310,0.85,0.5,2,0.40032898026150193,0.00376325692781389,0.29615048118985127,1.2835614681243896
Wiki,24,119,310,0.85,0.5,3,0.38514807579284566,0.012226512226512226,0.5240594925634295,1.3934409618377686
Wiki,24,119,310,0.85,0.5,4,0.3904613333055409,0.013843111404087014,0.6286089238845144,1.2757868766784668
Wiki,24,119,310,0.85,0.5,5,0.394201743833978,0.011583011583011582,0.5546806649168854,1.2724535465240479
Wiki,24,119,328,0.9,0.5,1,0.3866285878923675,0.007335907335907336,0.47331583552055995,1.272648572921753
Wiki,24,119,328,0.9,0.5,2,0.41141024939480414,0.013513513513513514,0.6097987751531059,1.400163173675537
Wiki,24,119,328,0.9,0.5,3,0.4172608713528102,0.011711711711711712,0.6811023622047244,1.2722153663635254
Wiki,24,119,328,0.9,0.5,4,0.4466294973282342,0.010717614165890028,0.6583552055993,1.275529384613037
Wiki,24,119,328,0.9,0.5,5,0.4092572466287484,0.00961978928080623,0.6111111111111112,1.3977923393249512
Wiki,24,119,347,0.95,0.5,1,0.3961435131164817,0.009009009009009009,0.6447944006999126,1.275914192199707
Wiki,24,119,347,0.95,0.5,2,0.38990991053328955,0.008151008151008152,0.5704286964129484,1.2732572555541992
Wiki,24,119,347,0.95,0.5,3,0.38449587765899934,0.022569444444444444,0.7182852143482065,1.2738993167877197
Wiki,24,119,347,0.95,0.5,4,0.4074949536106824,0.010479867622724766,0.48250218722659666,1.4039075374603271
Wiki,24,119,347,0.95,0.5,5,0.4089990495997432,0.023299161230195712,0.7139107611548556,1.2725300788879395
Wiki,24,119,365,1,0.5,1,0.4579244300627911,0.010638297872340425,0.5507436570428696,1.2755725383758545
Wiki,24,119,365,1,0.5,2,0.43172597793752954,0.014864864864864866,0.5813648293963255,1.3944306373596191
Wiki,24,119,365,1,0.5,3,0.3982326417213783,0.00961978928080623,0.5345581802274716,1.2715022563934326
Wiki,24,119,365,1,0.5,4,0.4262418316970615,0.006756756756756757,0.5358705161854768,1.2704083919525146
Wiki,24,119,365,1,0.5,5,0.39070764846635325,0.019203413940256046,0.7060367454068242,1.2738978862762451
Wiki,25,1,0,0,,0,0.43275575536498606,0.0,0.00956738768718802,
Wiki,25,1,0,0,,0,0.4488503236344292,0.0,0.015391014975041598,
Wiki,25,1,0,0,,0,0.47284577213198636,0.0,0.029950083194675542,
Wiki,25,1,0,0,,0,0.483774781007903,0.0,0.03993344425956739,
Wiki,25,1,0,0,,0,0.4487138925229563,0.0,0.0262063227953411,
Wiki,25,1,0,0.01,0.5,1,0.4734087946920858,0.0,0.03161397670549085,1.280789852142334
Wiki,25,1,0,0.01,0.5,2,0.42250617348820513,0.0,0.03119800332778702,1.268930196762085
Wiki,25,1,0,0.01,0.5,3,0.4179091670785934,0.0,0.019550748752079867,1.3855602741241455
Wiki,25,1,0,0.01,0.5,4,0.4563349658055139,0.0,0.015806988352745424,1.266550064086914
Wiki,25,1,0,0.01,0.5,5,0.42619176632288497,0.0,0.019966722129783693,1.2706451416015625
Wiki,25,1,0,0.05,0.5,1,0.4439629729969943,0.0,0.04076539101497504,1.2704508304595947
Wiki,25,1,0,0.05,0.5,2,0.44006130009377337,0.0,0.03577371048252912,1.382096529006958
Wiki,25,1,0,0.05,0.5,3,0.4729433337114668,0.0,0.04076539101497504,1.273646354675293
Wiki,25,1,0,0.05,0.5,4,0.37370635323363105,0.0,0.029534109816971715,1.2728667259216309
Wiki,25,1,0,0.05,0.5,5,0.4403613123123547,0.0,0.02038269550748752,1.2736012935638428
Wiki,25,1,0,0.1,0.5,1,0.4657222425285127,0.0,0.025374376039933443,1.3936514854431152
Wiki,25,1,0,0.1,0.5,2,0.42430836309499514,0.0,0.036605657237936774,1.2698063850402832
Wiki,25,1,0,0.1,0.5,3,0.4590872915964614,0.0,0.03993344425956739,1.2713980674743652
Wiki,25,1,0,0.1,0.5,4,0.4597903161495605,0.0,0.03993344425956739,1.390228033065796
Wiki,25,1,0,0.1,0.5,5,0.43997717053191476,0.0,0.036605657237936774,1.2728726863861084
Wiki,25,1,0,0.15,0.5,1,0.43217898237242103,0.0,0.029534109816971715,1.2693374156951904
Wiki,25,1,0,0.15,0.5,2,0.4618302798389203,0.0,0.040349417637271213,1.2736201286315918
Wiki,25,1,0,0.15,0.5,3,0.46629431555726064,0.0,0.03618968386023295,1.390608549118042
Wiki,25,1,0,0.15,0.5,4,0.4321177073965215,0.0,0.027870216306156406,1.2731225490570068
Wiki,25,1,0,0.15,0.5,5,0.45640540636380805,0.0,0.0370216306156406,1.2692499160766602
Wiki,25,1,0,0.2,0.5,1,0.42703863591948565,0.0,0.010815307820299502,1.3947720527648926
Wiki,25,1,0,0.2,0.5,2,0.4271890598201381,0.0,0.033277870216306155,1.270125150680542
Wiki,25,1,0,0.2,0.5,3,0.42895684503487785,0.0,0.021214642262895173,1.273876667022705
Wiki,25,1,0,0.2,0.5,4,0.4693497803078345,0.0,0.026622296173044926,1.295654058456421
Wiki,25,1,0,0.2,0.5,5,0.4271691110636145,0.0,0.0370216306156406,1.3798530101776123
Wiki,25,1,0,0.25,0.5,1,0.44428177221039455,0.0,0.039101497504159734,1.2728493213653564
Wiki,25,1,0,0.25,0.5,2,0.44848044608542714,0.0,0.01622296173044925,1.2728967666625977
Wiki,25,1,0,0.25,0.5,3,0.43875724659263876,0.0,0.03286189683860233,1.393869400024414
Wiki,25,1,0,0.25,0.5,4,0.4385462000300963,0.0,0.03161397670549085,1.269705057144165
Wiki,25,1,0,0.25,0.5,5,0.4442815391730757,0.0,0.00956738768718802,1.2720625400543213
Wiki,25,1,0,0.3,0.5,1,0.4652168646555336,0.0,0.03618968386023295,1.2692794799804688
Wiki,25,1,0,0.3,0.5,2,0.41742587119245533,0.0,0.025790349417637273,1.3823602199554443
Wiki,25,1,0,0.3,0.5,3,0.4151443621577895,0.0,0.035357737104825294,1.2748920917510986
Wiki,25,1,0,0.3,0.5,4,0.4540381867348427,0.0,0.04367720465890183,1.272395133972168
Wiki,25,1,0,0.3,0.5,5,0.4071686763431474,0.0,0.04118136439267887,1.2715153694152832
Wiki,25,1,0,0.35,0.5,1,0.4106054898997469,0.0,0.023710482529118136,1.3925247192382812
Wiki,25,1,0,0.35,0.5,2,0.41662508118683994,0.0,0.03826955074875208,1.2744157314300537
Wiki,25,1,0,0.35,0.5,3,0.45906629766212426,0.0,0.04159733777038269,1.2739710807800293
Wiki,25,1,0,0.35,0.5,4,0.4239941340129433,0.0,0.022462562396006656,1.3833379745483398
Wiki,25,1,0,0.35,0.5,5,0.4162923654604453,0.0,0.027870216306156406,1.270216464996338
Wiki,25,1,0,0.4,0.5,1,0.43443012896335087,0.0,0.04201331114808652,1.2689926624298096
Wiki,25,1,0,0.4,0.5,2,0.41304691625897755,0.0,0.025790349417637273,1.2725825309753418
Wiki,25,1,0,0.4,0.5,3,0.4385747822269259,0.0,0.026622296173044926,1.3896031379699707
Wiki,25,1,0,0.4,0.5,4,0.45289654937703766,0.0,0.02454242928452579,1.2682807445526123
Wiki,25,1,0,0.4,0.5,5,0.41275464641212056,0.0,0.03369384359400998,1.2685635089874268
Wiki,25,1,0,0.45,0.5,1,0.4602223508027227,0.0,0.0324459234608985,1.380599021911621
Wiki,25,1,0,0.45,0.5,2,0.4110730656366763,0.0,0.022878535773710483,1.2990221977233887
Wiki,25,1,0,0.45,0.5,3,0.40622427057254046,0.0,0.034525790349417634,1.3225383758544922
Wiki,25,1,0,0.45,0.5,4,0.4303831900112786,0.0,0.03618968386023295,1.2709355354309082
Wiki,25,1,0,0.45,0.5,5,0.4228045418988298,0.0,0.02454242928452579,1.394310474395752
Wiki,25,1,0,0.5,0.5,1,0.42423054680776867,0.0,0.0016638935108153079,1.267230749130249
Wiki,25,1,0,0.5,0.5,2,0.4400741200565432,0.0,0.023710482529118136,1.26802659034729
Wiki,25,1,0,0.5,0.5,3,0.43916786632879906,0.0,0.025374376039933443,1.3936667442321777
Wiki,25,1,0,0.5,0.5,4,0.4171969793829247,0.0,0.04076539101497504,1.27250075340271
Wiki,25,1,0,0.5,0.5,5,0.46903686807787087,0.0,0.049500831946755405,1.2748775482177734
Wiki,25,1,0,0.55,0.5,1,0.4205304925246485,0.0,0.009983361064891847,1.2709779739379883
Wiki,25,1,0,0.55,0.5,2,0.44885577395486814,0.0,0.03951747088186356,1.3811569213867188
Wiki,25,1,0,0.55,0.5,3,0.41397124206597685,0.0,0.024958402662229616,1.2707655429840088
Wiki,25,1,0,0.55,0.5,4,0.41788365526517346,0.0,0.012895174708818636,1.2719080448150635
Wiki,25,1,0,0.55,0.5,5,0.41524540550689654,0.0,0.02454242928452579,1.27195143699646
Wiki,25,1,0,0.6,0.5,1,0.4163709611806556,0.0,0.023710482529118136,1.3957245349884033
Wiki,25,1,0,0.6,0.5,2,0.47054814871014444,0.0,0.047004991680532446,1.2688474655151367
Wiki,25,1,0,0.6,0.5,3,0.4220949084947617,0.0,0.022462562396006656,1.2705235481262207
Wiki,25,1,0,0.6,0.5,4,0.4506832198163021,0.0,0.029534109816971715,1.383098840713501
Wiki,25,1,0,0.6,0.5,5,0.42761466578568347,0.0,0.03369384359400998,1.276120662689209
Wiki,25,1,0,0.65,0.5,1,0.47910078539570483,0.0,0.026622296173044926,1.271996021270752
Wiki,25,1,0,0.65,0.5,2,0.43423094506301774,0.0,0.029950083194675542,1.2740185260772705
Wiki,25,1,0,0.65,0.5,3,0.42385814407096495,0.0,0.03161397670549085,1.396355152130127
Wiki,25,1,0,0.65,0.5,4,0.42201683220143105,0.0,0.03036605657237937,1.273183822631836
Wiki,25,1,0,0.65,0.5,5,0.3903167201606102,0.0,0.03577371048252912,1.296015977859497
Wiki,25,1,0,0.7,0.5,1,0.4205028386569248,0.0,0.042429284525790346,1.3835420608520508
Wiki,25,1,0,0.7,0.5,2,0.44537241256751686,0.0,0.016638935108153077,1.2751233577728271
Wiki,25,1,0,0.7,0.5,3,0.41725479793848946,0.0,0.015806988352745424,1.2693150043487549
Wiki,25,1,0,0.7,0.5,4,0.44243427466066626,0.0,0.04159733777038269,1.2703683376312256
Wiki,25,1,0,0.7,0.5,5,0.436585642435088,0.0,0.024958402662229616,1.3926668167114258
Wiki,25,1,0,0.75,0.5,1,0.4408781604175995,0.0,0.04409317803660566,1.268989086151123
Wiki,25,1,0,0.75,0.5,2,0.4250636199627126,0.0,0.03036605657237937,1.2738704681396484
Wiki,25,1,0,0.75,0.5,3,0.44297496614390713,0.0,0.04534109816971714,1.3934879302978516
Wiki,25,1,0,0.75,0.5,4,0.40743813885132496,0.0,0.02454242928452579,1.2677438259124756
Wiki,25,1,0,0.75,0.5,5,0.45419425420836385,0.0,0.005823627287853577,1.2745516300201416
Wiki,25,1,0,0.8,0.5,1,0.43021070109211346,0.0,0.0370216306156406,1.273404836654663
Wiki,25,1,0,0.8,0.5,2,0.37912889190056875,0.0,0.03286189683860233,1.3888928890228271
Wiki,25,1,0,0.8,0.5,3,0.40673648365299947,0.0,0.01622296173044925,1.2778432369232178
Wiki,25,1,0,0.8,0.5,4,0.42334961300367624,0.0,0.03036605657237937,1.2690355777740479
Wiki,25,1,0,0.8,0.5,5,0.41227096247384876,0.0,0.01622296173044925,1.2740514278411865
Wiki,25,1,0,0.85,0.5,1,0.4348019977491141,0.0,0.033277870216306155,1.3901655673980713
Wiki,25,1,0,0.85,0.5,2,0.42372514277706386,0.0,0.032029950083194675,1.2695274353027344
Wiki,25,1,0,0.85,0.5,3,0.4215854919248652,0.0,0.029118136439267885,1.2707078456878662
Wiki,25,1,0,0.85,0.5,4,0.42702324338124015,0.0,0.027870216306156406,1.3816611766815186
Wiki,25,1,0,0.85,0.5,5,0.3841328929180973,0.0,0.030782029950083195,1.2719807624816895
Wiki,25,1,0,0.9,0.5,1,0.41320342177939134,0.0,0.022462562396006656,1.2717926502227783
Wiki,25,1,0,0.9,0.5,2,0.44678963135431754,0.0,0.03577371048252912,1.269535779953003
Wiki,25,1,0,0.9,0.5,3,0.439120713160763,0.0,0.04658901830282862,1.3969590663909912
Wiki,25,1,0,0.9,0.5,4,0.4337947954965553,0.0,0.027038269550748752,1.2702674865722656
Wiki,25,1,0,0.9,0.5,5,0.414902658149251,0.0,0.03577371048252912,1.2701501846313477
Wiki,25,1,0,0.95,0.5,1,0.4145485596639926,0.0,0.018718801996672214,1.3813564777374268
Wiki,25,1,0,0.95,0.5,2,0.4546160601516674,0.0,0.042429284525790346,1.2776703834533691
Wiki,25,1,0,0.95,0.5,3,0.4312163782936944,0.0,0.013311148086522463,1.2706007957458496
Wiki,25,1,0,0.95,0.5,4,0.4159880371020189,0.0,0.03119800332778702,1.2686805725097656
Wiki,25,1,0,0.95,0.5,5,0.4136117815628661,0.0,0.016638935108153077,1.3930199146270752
Wiki,25,1,0,1,0.5,1,0.4562376492256982,0.0,0.032029950083194675,1.2733781337738037
Wiki,25,1,0,1,0.5,2,0.4427418234876044,0.0,0.015806988352745424,1.26908278465271
Wiki,25,1,0,1,0.5,3,0.41722355081148726,0.0,0.02870216306156406,1.3933465480804443
Wiki,25,1,0,1,0.5,4,0.4490250529296822,0.0,0.008735440931780365,1.269582748413086
Wiki,25,1,0,1,0.5,5,0.4018228582008161,0.0,0.01913477537437604,1.2781577110290527
Wiki,26,83,0,0,,0,0.42720097131695356,0.0,0.0008613264427217916,
Wiki,26,83,0,0,,0,0.4222745173789915,0.0006756756756756757,0.04952627045650301,
Wiki,26,83,0,0,,0,0.43193016027698683,0.0,0.005598621877691645,
Wiki,26,83,0,0,,0,0.42956733529886604,0.0003295978905735003,0.044358311800172266,
Wiki,26,83,0,0,,0,0.4123208757526922,0.00033875338753387534,0.021963824289405683,
Wiki,26,83,10,0.01,0.5,1,0.43071535831813135,0.000333667000333667,0.015073212747631352,1.2789647579193115
Wiki,26,83,10,0.01,0.5,2,0.4031380807263533,0.0,0.0068906115417743325,1.3854103088378906
Wiki,26,83,10,0.01,0.5,3,0.4320600596042227,0.000667334000667334,0.015503875968992248,1.269036054611206
Wiki,26,83,10,0.01,0.5,4,0.43999762468843573,0.0010263427984946972,0.08699397071490095,1.2677195072174072
Wiki,26,83,10,0.01,0.5,5,0.40892970282063956,0.000667334000667334,0.01765719207579673,1.3953680992126465
Wiki,26,83,49,0.05,0.5,1,0.43905572454331143,0.0003295978905735003,0.037467700258397935,1.2735035419464111
Wiki,26,83,49,0.05,0.5,2,0.4221961880620206,0.000667334000667334,0.05512489233419466,1.3038647174835205
Wiki,26,83,49,0.05,0.5,3,0.44261241907608295,0.001386001386001386,0.12446167097329888,1.281975507736206
Wiki,26,83,49,0.05,0.5,4,0.44040737824155063,0.000667334000667334,0.03875968992248062,1.4167182445526123
Wiki,26,83,49,0.05,0.5,5,0.43172034888627075,0.0,0.0030146425495262705,1.2744348049163818
Wiki,26,83,99,0.1,0.5,1,0.3997196224367965,0.0010548523206751054,0.06804478897502153,1.2803900241851807
Wiki,26,83,99,0.1,0.5,2,0.4328914413825403,0.0003295978905735003,0.020671834625323,1.2768306732177734
Wiki,26,83,99,0.1,0.5,3,0.44224423216490893,0.000667334000667334,0.06244616709732989,1.4080243110656738
Wiki,26,83,99,0.1,0.5,4,0.4500211018149707,0.0003295978905735003,0.025839793281653745,1.2713725566864014
Wiki,26,83,99,0.1,0.5,5,0.42378236027806493,0.0003295978905735003,0.02885443583118002,1.2745556831359863
Wiki,26,83,148,0.15,0.5,1,0.380473416246252,0.0013684570646595963,0.10680447889750215,1.3923969268798828
Wiki,26,83,148,0.15,0.5,2,0.3956235025642151,0.000667334000667334,0.03919035314384152,1.2773082256317139
Wiki,26,83,148,0.15,0.5,3,0.4304286296327519,0.0006756756756756757,0.06201550387596899,1.2742154598236084
Wiki,26,83,148,0.15,0.5,4,0.4772863689296969,0.0017325017325017325,0.11843238587424634,1.2737572193145752
Wiki,26,83,148,0.15,0.5,5,0.41406279154425324,0.0013684570646595963,0.12360034453057708,1.403806209564209
Wiki,26,83,197,0.2,0.5,1,0.43514746725113396,0.0015015015015015015,0.09819121447028424,1.275998830795288
Wiki,26,83,197,0.2,0.5,2,0.42920599814311483,0.001755001755001755,0.12747631352282515,1.272573709487915
Wiki,26,83,197,0.2,0.5,3,0.410175799800969,0.000667334000667334,0.05727820844099914,1.39670729637146
Wiki,26,83,197,0.2,0.5,4,0.386018543263209,0.000667334000667334,0.04392764857881137,1.27718186378479
Wiki,26,83,197,0.2,0.5,5,0.41903992034992166,0.000667334000667334,0.04780361757105943,1.2715942859649658
Wiki,26,83,247,0.25,0.5,1,0.397118546055787,0.001053001053001053,0.090869939707149,1.2710003852844238
Wiki,26,83,247,0.25,0.5,2,0.4046974802536699,0.001053001053001053,0.07278208440999138,1.405003309249878
Wiki,26,83,247,0.25,0.5,3,0.4430108844175731,0.0010135135135135136,0.12187769164513351,1.2702202796936035
Wiki,26,83,247,0.25,0.5,4,0.44509222770307405,0.002162162162162162,0.17140396210163653,1.273284673690796
Wiki,26,83,247,0.25,0.5,5,0.3953766965368061,0.0013684570646595963,0.12489233419465978,1.4078319072723389
Wiki,26,83,296,0.3,0.5,1,0.42658794222274904,0.000667334000667334,0.06503014642549526,1.2787673473358154
Wiki,26,83,296,0.3,0.5,2,0.3871838418263527,0.0010135135135135136,0.08311800172265288,1.2749888896942139
Wiki,26,83,296,0.3,0.5,3,0.4111351444256889,0.001404001404001404,0.09302325581395349,1.2732455730438232
Wiki,26,83,296,0.3,0.5,4,0.3807742112314808,0.0011261261261261261,0.06029285099052541,1.3917672634124756
Wiki,26,83,296,0.3,0.5,5,0.4016720863227728,0.0021337126600284497,0.2058570198105082,1.2910053730010986
Wiki,26,83,345,0.35,0.5,1,0.38607367825025124,0.0013684570646595963,0.08010335917312661,1.282515048980713
Wiki,26,83,345,0.35,0.5,2,0.40590455001549347,0.0013684570646595963,0.08440999138673558,1.4146902561187744
Wiki,26,83,345,0.35,0.5,3,0.43738583720756724,0.0013684570646595963,0.12489233419465978,1.291043758392334
Wiki,26,83,345,0.35,0.5,4,0.3921566909206949,0.002556610664718773,0.19035314384151594,1.2787420749664307
Wiki,26,83,345,0.35,0.5,5,0.4380498574574298,0.002106002106002106,0.15546942291128338,1.2769317626953125
Wiki,26,83,395,0.4,0.5,1,0.4377444796451894,0.0018037518037518038,0.13178294573643412,1.3966829776763916
Wiki,26,83,395,0.4,0.5,2,0.4130070328089579,0.0018018018018018018,0.11886304909560723,1.2723891735076904
Wiki,26,83,395,0.4,0.5,3,0.4419115297768481,0.002106002106002106,0.11843238587424634,1.280508041381836
Wiki,26,83,395,0.4,0.5,4,0.4242920956521319,0.0017325017325017325,0.1442721791559001,1.4019043445587158
Wiki,26,83,395,0.4,0.5,5,0.41772880117819655,0.002162162162162162,0.1434108527131783,1.3796930313110352
Wiki,26,83,444,0.45,0.5,1,0.40737722604295346,0.0010263427984946972,0.06459948320413436,1.4409525394439697
Wiki,26,83,444,0.45,0.5,2,0.4090058929781633,0.0014609203798392988,0.07278208440999138,1.3633291721343994
Wiki,26,83,444,0.45,0.5,3,0.411688562939378,0.0018018018018018018,0.1227390180878553,1.4248697757720947
Wiki,26,83,444,0.45,0.5,4,0.37986704736338767,0.0021645021645021645,0.13781223083548666,1.3238465785980225
Wiki,26,83,444,0.45,0.5,5,0.4309644821675772,0.0014609203798392988,0.14642549526270457,1.2989678382873535
Wiki,26,83,494,0.5,0.5,1,0.3978770557696083,0.002162162162162162,0.13953488372093023,1.4957525730133057
Wiki,26,83,494,0.5,0.5,2,0.4094197203865418,0.0024893314366998577,0.20284237726098192,1.3835477828979492
Wiki,26,83,494,0.5,0.5,3,0.41910427200341505,0.002162162162162162,0.16279069767441862,1.3425283432006836
Wiki,26,83,494,0.5,0.5,4,0.4435597825837423,0.001095690284879474,0.07795004306632214,1.359370470046997
Wiki,26,83,494,0.5,0.5,5,0.41445332289547393,0.0018018018018018018,0.11714039621016366,1.4414372444152832
Wiki,26,83,543,0.55,0.5,1,0.4222381235561212,0.002702702702702703,0.2041343669250646,1.2963025569915771
Wiki,26,83,543,0.55,0.5,2,0.4100274136406044,0.003472222222222222,0.2695951765719208,1.2974364757537842
Wiki,26,83,543,0.55,0.5,3,0.422600890829387,0.001386001386001386,0.1231696813092162,1.2787270545959473
Wiki,26,83,543,0.55,0.5,4,0.41315923872991994,0.0022522522522522522,0.16795865633074936,1.4284143447875977
Wiki,26,83,543,0.55,0.5,5,0.40883600079174376,0.002882882882882883,0.2062876830318691,1.2864019870758057
Wiki,26,83,592,0.6,0.5,1,0.4157001477191664,0.0027821939586645467,0.17700258397932817,1.2837960720062256
Wiki,26,83,592,0.6,0.5,2,0.41526477022278896,0.002627627627627628,0.17011197243755383,1.4084808826446533
Wiki,26,83,592,0.6,0.5,3,0.4217631127006686,0.0034259611724400457,0.23987941429801896,1.2811503410339355
Wiki,26,83,592,0.6,0.5,4,0.4384518622533298,0.002556610664718773,0.20025839793281655,1.2881546020507812
Wiki,26,83,592,0.6,0.5,5,0.4320285442404417,0.0021645021645021645,0.165374677002584,1.2868516445159912
Wiki,26,83,642,0.65,0.5,1,0.4057617537488374,0.003129890453834116,0.21145564168819983,1.4143412113189697
Wiki,26,83,642,0.65,0.5,2,0.4586071769240845,0.003276003276003276,0.21619293712316967,1.2892405986785889
Wiki,26,83,642,0.65,0.5,3,0.3984246209498994,0.003544528134692069,0.20025839793281655,1.2846689224243164
Wiki,26,83,642,0.65,0.5,4,0.4177555339203891,0.0024203307785397336,0.12919896640826872,1.4154140949249268
Wiki,26,83,642,0.65,0.5,5,0.373692408762816,0.002179598953792502,0.1425495262704565,1.2879929542541504
Wiki,26,83,691,0.7,0.5,1,0.3709196894009833,0.0033264033264033266,0.2037037037037037,1.2916209697723389
Wiki,26,83,691,0.7,0.5,2,0.4471283906554734,0.003088803088803089,0.2450473729543497,1.2799522876739502
Wiki,26,83,691,0.7,0.5,3,0.43073428601118413,0.003003003003003003,0.1752799310938846,1.4087414741516113
Wiki,26,83,691,0.7,0.5,4,0.4393417581165613,0.002961865975564606,0.1438415159345392,1.2928757667541504
Wiki,26,83,691,0.7,0.5,5,0.39741287155038263,0.002347417840375587,0.13824289405684753,1.325343370437622
Wiki,26,83,740,0.75,0.5,1,0.4171490868549006,0.0033783783783783786,0.19724375538329025,1.2974777221679688
Wiki,26,83,740,0.75,0.5,2,0.4155586494924114,0.002556610664718773,0.17958656330749354,1.419057846069336
Wiki,26,83,740,0.75,0.5,3,0.40538222707191085,0.0023166023166023165,0.11800172265288544,1.2848742008209229
Wiki,26,83,740,0.75,0.5,4,0.4168534298049268,0.0030452988199467074,0.21705426356589147,1.2880642414093018
Wiki,26,83,740,0.75,0.5,5,0.42704681462772026,0.002191380569758948,0.13049095607235142,1.4099595546722412
Wiki,26,83,790,0.8,0.5,1,0.39529709369696364,0.0027418723070896985,0.18992248062015504,1.3090314865112305
Wiki,26,83,790,0.8,0.5,2,0.40285694656943194,0.004158004158004158,0.2795004306632214,1.2928102016448975
Wiki,26,83,790,0.8,0.5,3,0.43500356679443064,0.0033264033264033266,0.2037037037037037,1.4215624332427979
Wiki,26,83,790,0.8,0.5,4,0.3847410657642431,0.003051438535309503,0.17097329888027563,1.2891759872436523
Wiki,26,83,790,0.8,0.5,5,0.40682346178175627,0.002882882882882883,0.2446167097329888,1.296299934387207
Wiki,26,83,839,0.85,0.5,1,0.41336466361488144,0.0037422037422037424,0.23212747631352282,1.2883646488189697
Wiki,26,83,839,0.85,0.5,2,0.3866954862102775,0.0039169604386995694,0.22609819121447028,1.4121501445770264
Wiki,26,83,839,0.85,0.5,3,0.41861841768750724,0.00397456279809221,0.26098191214470284,1.29874587059021
Wiki,26,83,839,0.85,0.5,4,0.38875343174558386,0.0034259611724400457,0.25839793281653745,1.290452241897583
Wiki,26,83,839,0.85,0.5,5,0.3703663408089205,0.0024875621890547263,0.17097329888027563,1.4127540588378906
Wiki,26,83,888,0.9,0.5,1,0.4047560725685975,0.00429000429000429,0.2760551248923342,1.2878355979919434
Wiki,26,83,888,0.9,0.5,2,0.4273259446038881,0.003472222222222222,0.21791559000861327,1.2833707332611084
Wiki,26,83,888,0.9,0.5,3,0.43902026051343385,0.0036382536382536385,0.20887166236003446,1.2909226417541504
Wiki,26,83,888,0.9,0.5,4,0.44547098368406307,0.004025764895330112,0.29844961240310075,1.4109506607055664
Wiki,26,83,888,0.9,0.5,5,0.4269727617404447,0.004840661557079467,0.3376399655469423,1.2958145141601562
Wiki,26,83,938,0.95,0.5,1,0.4173929132929558,0.002961865975564606,0.1838931955211025,1.2947824001312256
Wiki,26,83,938,0.95,0.5,2,0.41463689188995073,0.003316749585406302,0.20671834625322996,1.3027961254119873
Wiki,26,83,938,0.95,0.5,3,0.3950622836627879,0.0037023324694557573,0.26012058570198104,1.4565362930297852
Wiki,26,83,938,0.95,0.5,4,0.40071562158476987,0.003806623524933384,0.22006890611541774,1.2925925254821777
Wiki,26,83,938,0.95,0.5,5,0.35878520433235866,0.002702702702702703,0.15934539190353145,1.2866616249084473
Wiki,26,83,987,1,0.5,1,0.4042239359585576,0.003319108582266477,0.16192937123169682,1.411555290222168
Wiki,26,83,987,1,0.5,2,0.43677897064244586,0.0036231884057971015,0.22825150732127478,1.2881128787994385
Wiki,26,83,987,1,0.5,3,0.4464518925414259,0.004489795918367347,0.24892334194659776,1.2962491512298584
Wiki,26,83,987,1,0.5,4,0.4106270596360919,0.004826254826254826,0.2579672695951766,1.2930145263671875
Wiki,26,83,987,1,0.5,5,0.38539955715855717,0.0024203307785397336,0.1533161068044789,1.4192302227020264
Wiki,27,117,0,0,,0,0.4271365588621853,0.0015226494099733537,0.07823426573426573,
Wiki,27,117,0,0,,0,0.434410784900228,0.002702702702702703,0.2194055944055944,
Wiki,27,117,0,0,,0,0.41048663838360056,0.001437607820586544,0.13636363636363635,
Wiki,27,117,0,0,,0,0.3940684735722433,0.0011106997408367272,0.06293706293706294,
Wiki,27,117,0,0,,0,0.4318114724154612,0.0019305019305019305,0.11057692307692307,
Wiki,27,117,5,0.01,0.5,1,0.3836940272756513,0.002347417840375587,0.13986013986013987,1.294297218322754
Wiki,27,117,5,0.01,0.5,2,0.4338435819134024,0.001053001053001053,0.046765734265734264,1.4273746013641357
Wiki,27,117,5,0.01,0.5,3,0.3919034058916362,0.002162162162162162,0.12937062937062938,1.3010175228118896
Wiki,27,117,5,0.01,0.5,4,0.4247544495341111,0.0018511662347278786,0.11145104895104894,1.3003170490264893
Wiki,27,117,5,0.01,0.5,5,0.4454544829199772,0.0035696073431922487,0.12412587412587413,1.2984683513641357
Wiki,27,117,26,0.05,0.5,1,0.4429488983475252,0.0018856065367693275,0.16826923076923078,1.4356310367584229
Wiki,27,117,26,0.05,0.5,2,0.4357660198457202,0.0033783783783783786,0.1464160839160839,1.2960081100463867
Wiki,27,117,26,0.05,0.5,3,0.4551521322118128,0.001365001365001365,0.13723776223776224,1.304516077041626
Wiki,27,117,26,0.05,0.5,4,0.42052954909212464,0.003153153153153153,0.11975524475524475,1.4280951023101807
Wiki,27,117,26,0.05,0.5,5,0.46159819585734857,0.0015015015015015015,0.11931818181818182,1.2967145442962646
Wiki,27,117,52,0.1,0.5,1,0.41627673864164777,0.002457002457002457,0.15515734265734266,1.3043935298919678
Wiki,27,117,52,0.1,0.5,2,0.4403972310494732,0.0018427518427518428,0.1131993006993007,1.3069617748260498
Wiki,27,117,52,0.1,0.5,3,0.43359116477251136,0.0015667841754798276,0.07517482517482517,1.414304256439209
Wiki,27,117,52,0.1,0.5,4,0.45729108656437434,0.0026646364674533687,0.16083916083916083,1.2929701805114746
Wiki,27,117,52,0.1,0.5,5,0.384637723589243,0.002329916123019571,0.11494755244755245,1.2972078323364258
Wiki,27,117,79,0.15,0.5,1,0.42336464766213355,0.002627627627627628,0.1743881118881119,1.438551425933838
Wiki,27,117,79,0.15,0.5,2,0.4066267482062461,0.002079002079002079,0.12543706293706294,1.3415803909301758
Wiki,27,117,79,0.15,0.5,3,0.4420904384181753,0.0019584802193497847,0.0944055944055944,1.3524301052093506
Wiki,27,117,79,0.15,0.5,4,0.4635550707522539,0.0026595744680851063,0.21503496503496503,1.3374555110931396
Wiki,27,117,79,0.15,0.5,5,0.3964336540096814,0.009009009009009009,0.3159965034965035,1.4657866954803467
Wiki,27,117,105,0.2,0.5,1,0.43850148387178167,0.003727865796831314,0.21022727272727273,1.34474515914917
Wiki,27,117,105,0.2,0.5,2,0.38710463857788036,0.0026050146532074245,0.14335664335664336,1.3062827587127686
Wiki,27,117,105,0.2,0.5,3,0.3965164830848957,0.001987281399046105,0.10576923076923077,1.2975664138793945
Wiki,27,117,105,0.2,0.5,4,0.4434058035204171,0.004267425320056899,0.1909965034965035,1.5073487758636475
Wiki,27,117,105,0.2,0.5,5,0.42933587206760243,0.003861003861003861,0.2076048951048951,1.356299638748169
Wiki,27,117,131,0.25,0.5,1,0.43395398577433864,0.002702702702702703,0.1979895104895105,1.3643765449523926
Wiki,27,117,131,0.25,0.5,2,0.41551336952549206,0.004580852038479157,0.20104895104895104,1.510345697402954
Wiki,27,117,131,0.25,0.5,3,0.43502680857322534,0.0026367831245880024,0.20148601398601398,1.3337078094482422
Wiki,27,117,131,0.25,0.5,4,0.4303205199571543,0.003159003159003159,0.22552447552447552,1.311455488204956
Wiki,27,117,131,0.25,0.5,5,0.40766517762557114,0.006401137980085348,0.21416083916083917,1.2985432147979736
Wiki,27,117,158,0.3,0.5,1,0.40517994875214436,0.004567948229920061,0.30332167832167833,1.4309580326080322
Wiki,27,117,158,0.3,0.5,2,0.4319951387368231,0.004659832246039142,0.23208041958041958,1.2999608516693115
Wiki,27,117,158,0.3,0.5,3,0.45012683280826743,0.005750431282346176,0.24431818181818182,1.3055264949798584
Wiki,27,117,158,0.3,0.5,4,0.4284848273676875,0.0032175032175032173,0.2534965034965035,1.494072437286377
Wiki,27,117,158,0.3,0.5,5,0.44783367549796427,0.00251414204902577,0.18138111888111888,1.2992284297943115
Wiki,27,117,184,0.35,0.5,1,0.4452235107914278,0.0045045045045045045,0.2910839160839161,1.3021223545074463
Wiki,27,117,184,0.35,0.5,2,0.4154673147069596,0.00763807285546416,0.28452797202797203,1.2852416038513184
Wiki,27,117,184,0.35,0.5,3,0.4263544708898634,0.001755001755001755,0.1201923076923077,1.4301605224609375
Wiki,27,117,184,0.35,0.5,4,0.4079726752061574,0.004914004914004914,0.29414335664335667,1.2959346771240234
Wiki,27,117,184,0.35,0.5,5,0.4517749440656291,0.003465003465003465,0.30026223776223776,1.2966768741607666
Wiki,27,117,210,0.4,0.5,1,0.3906693795365067,0.007823613086770981,0.2618006993006993,1.299396276473999
Wiki,27,117,210,0.4,0.5,2,0.42360229369476693,0.0034211426616489907,0.2062937062937063,1.4256150722503662
Wiki,27,117,210,0.4,0.5,3,0.47222597211673367,0.0022522522522522522,0.10183566433566434,1.284919023513794
Wiki,27,117,210,0.4,0.5,4,0.4090137986098162,0.005099439061703213,0.21503496503496503,1.2975993156433105
Wiki,27,117,210,0.4,0.5,5,0.4273152703287143,0.0032175032175032173,0.26136363636363635,1.419114112854004
Wiki,27,117,236,0.45,0.5,1,0.4498378223188389,0.004826254826254826,0.25743006993006995,1.295248031616211
Wiki,27,117,236,0.45,0.5,2,0.4143554714709624,0.0045045045045045045,0.3361013986013986,1.3036046028137207
Wiki,27,117,236,0.45,0.5,3,0.4145388769805621,0.0065237651444548,0.3583916083916084,1.426957607269287
Wiki,27,117,236,0.45,0.5,4,0.4516423478844993,0.007910349373764008,0.3129370629370629,1.3039202690124512
Wiki,27,117,236,0.45,0.5,5,0.42782841130936755,0.004719004719004719,0.21197552447552448,1.298280954360962
Wiki,27,117,262,0.5,0.5,1,0.4119184581109123,0.00563063063063063,0.27797202797202797,1.304265022277832
Wiki,27,117,262,0.5,0.5,2,0.44769579795429065,0.0037537537537537537,0.28015734265734266,1.4183905124664307
Wiki,27,117,262,0.5,0.5,3,0.3968284068291608,0.0065065065065065065,0.3129370629370629,1.2932610511779785
Wiki,27,117,262,0.5,0.5,4,0.4593411410783758,0.004437273093989512,0.26136363636363635,1.2955429553985596
Wiki,27,117,262,0.5,0.5,5,0.4187013419200074,0.0053292729349067374,0.375,1.2956256866455078
Wiki,27,117,289,0.55,0.5,1,0.4315205598289215,0.006486486486486486,0.28234265734265734,1.4337072372436523
Wiki,27,117,289,0.55,0.5,2,0.4361631457071863,0.005316792202038104,0.2972027972027972,1.3055241107940674
Wiki,27,117,289,0.55,0.5,3,0.43164167037239204,0.003806623524933384,0.2491258741258741,1.3014893531799316
Wiki,27,117,289,0.55,0.5,4,0.4560305136610675,0.008445945945945946,0.4567307692307692,1.4363527297973633
Wiki,27,117,289,0.55,0.5,5,0.38993825053764386,0.005666957279860506,0.305506993006993,1.3044264316558838
Wiki,27,117,315,0.6,0.5,1,0.38794500713454044,0.0085995085995086,0.4130244755244755,1.3019311428070068
Wiki,27,117,315,0.6,0.5,2,0.42341633281195,0.005577005577005577,0.32823426573426573,1.2932746410369873
Wiki,27,117,315,0.6,0.5,3,0.4080307442258847,0.005489864864864865,0.32954545454545453,1.43963623046875
Wiki,27,117,315,0.6,0.5,4,0.42856999775652876,0.005113221329437546,0.3597027972027972,1.2978224754333496
Wiki,27,117,315,0.6,0.5,5,0.4125804045143924,0.005555555555555556,0.388986013986014,1.2831687927246094
Wiki,27,117,341,0.65,0.5,1,0.41451726895200186,0.007796257796257797,0.4208916083916084,1.2939927577972412
Wiki,27,117,341,0.65,0.5,2,0.42714951046797495,0.00731981981981982,0.31993006993006995,1.433469295501709
Wiki,27,117,341,0.65,0.5,3,0.42509654532049423,0.009828009828009828,0.46153846153846156,1.3030428886413574
Wiki,27,117,341,0.65,0.5,4,0.4010949150946159,0.010395010395010396,0.395979020979021,1.3246030807495117
Wiki,27,117,341,0.65,0.5,5,0.4300617265602426,0.004558775643112993,0.42963286713286714,1.415187120437622
Wiki,27,117,368,0.7,0.5,1,0.44207065764219244,0.004946727549467275,0.3321678321678322,1.2984745502471924
Wiki,27,117,368,0.7,0.5,2,0.39230833713028157,0.0085995085995086,0.31643356643356646,1.3152580261230469
Wiki,27,117,368,0.7,0.5,3,0.39661828770351243,0.008687258687258687,0.44536713286713286,1.2968199253082275
Wiki,27,117,368,0.7,0.5,4,0.4541268412076246,0.0055534987041836355,0.3942307692307692,1.4262123107910156
Wiki,27,117,368,0.7,0.5,5,0.4057652439894173,0.005919854280510018,0.34833916083916083,1.2925176620483398
Wiki,27,117,394,0.75,0.5,1,0.4249290973216999,0.006006006006006006,0.38505244755244755,1.304354190826416
Wiki,27,117,394,0.75,0.5,2,0.38378337376939026,0.004267425320056899,0.3181818181818182,1.4247770309448242
Wiki,27,117,394,0.75,0.5,3,0.3953661770877066,0.0057598582188746125,0.35926573426573427,1.3420915603637695
Wiki,27,117,394,0.75,0.5,4,0.4009259082268696,0.011486486486486487,0.4527972027972028,1.36506986618042
Wiki,27,117,394,0.75,0.5,5,0.41305532127967876,0.005255255255255256,0.3369755244755245,1.3349800109863281
Wiki,27,117,420,0.8,0.5,1,0.40412860608215984,0.007662835249042145,0.4956293706293706,1.4702997207641602
Wiki,27,117,420,0.8,0.5,2,0.3945578733194557,0.006158056790968184,0.44667832167832167,1.3530926704406738
Wiki,27,117,420,0.8,0.5,3,0.396578790338965,0.006164058795637743,0.3409090909090909,1.3651843070983887
Wiki,27,117,420,0.8,0.5,4,0.40282375139802484,0.009828009828009828,0.4090909090909091,1.4337232112884521
Wiki,27,117,420,0.8,0.5,5,0.47337415681933553,0.006471259992386753,0.4567307692307692,1.346588134765625
Wiki,27,117,446,0.85,0.5,1,0.4059871596759626,0.006756756756756757,0.2902097902097902,1.327502727508545
Wiki,27,117,446,0.85,0.5,2,0.4089835926163823,0.007722007722007722,0.36713286713286714,1.3137102127075195
Wiki,27,117,446,0.85,0.5,3,0.4158300658477787,0.007207207207207207,0.40166083916083917,1.441197156906128
Wiki,27,117,446,0.85,0.5,4,0.38711451052122603,0.011056511056511056,0.5231643356643356,1.3318922519683838
Wiki,27,117,446,0.85,0.5,5,0.39778341402181455,0.010810810810810811,0.486013986013986,1.331099510192871
Wiki,27,117,472,0.9,0.5,1,0.41884572724714275,0.011088011088011088,0.4409965034965035,1.354477882385254
Wiki,27,117,472,0.9,0.5,2,0.4730809951563062,0.006871278057718736,0.3994755244755245,1.476743221282959
Wiki,27,117,472,0.9,0.5,3,0.36460486919295876,0.008108108108108109,0.4012237762237762,1.3504221439361572
Wiki,27,117,472,0.9,0.5,4,0.3849352528484993,0.009200690051753882,0.44886363636363635,1.3492341041564941
Wiki,27,117,472,0.9,0.5,5,0.44570695838940705,0.009009009009009009,0.47202797202797203,1.4339544773101807
Wiki,27,117,499,0.95,0.5,1,0.37791134313043706,0.009161704076958314,0.5183566433566433,1.3189759254455566
Wiki,27,117,499,0.95,0.5,2,0.4119573782664126,0.008067769261799113,0.5021853146853147,1.3199875354766846
Wiki,27,117,499,0.95,0.5,3,0.43414769532048786,0.013513513513513514,0.4965034965034965,1.3273530006408691
Wiki,27,117,499,0.95,0.5,4,0.4129661910980708,0.012474012474012475,0.5152972027972028,1.4795265197753906
Wiki,27,117,499,0.95,0.5,5,0.41450944915191357,0.008585858585858586,0.4313811188811189,1.3635156154632568
Wiki,27,117,525,1,0.5,1,0.40342706623186275,0.006293965198074787,0.3951048951048951,1.4198729991912842
Wiki,27,117,525,1,0.5,2,0.4443130307220962,0.005961844197138315,0.395541958041958,1.4899935722351074
Wiki,27,117,525,1,0.5,3,0.4331029434848375,0.005961844197138315,0.36844405594405594,1.3364992141723633
Wiki,27,117,525,1,0.5,4,0.3953147365755573,0.012524719841793012,0.5113636363636364,1.3590164184570312
Wiki,27,117,525,1,0.5,5,0.39212743310118403,0.011583011583011582,0.48776223776223776,1.3534021377563477
Wiki,28,95,0,0,,0,0.439603773367095,0.0002875215641173088,0.021645021645021644,
Wiki,28,95,0,0,,0,0.42384530215866856,0.0002875215641173088,0.011688311688311689,
Wiki,28,95,0,0,,0,0.4293513907666172,0.0005812263876780006,0.02943722943722944,
Wiki,28,95,0,0,,0,0.4693481529690304,0.0002955082742316785,0.012554112554112554,
Wiki,28,95,0,0,,0,0.44403211133757314,0.0002955082742316785,0.008658008658008658,
Wiki,28,95,5,0.01,0.5,1,0.4132951450156237,0.0002875215641173088,0.015151515151515152,1.3589587211608887
Wiki,28,95,5,0.01,0.5,2,0.4170530256612879,0.0002875215641173088,0.018614718614718615,1.3544390201568604
Wiki,28,95,5,0.01,0.5,3,0.4157976367222935,0.0,0.003896103896103896,1.353825569152832
Wiki,28,95,5,0.01,0.5,4,0.44708934560894203,0.0002875215641173088,0.017316017316017316,1.4613745212554932
Wiki,28,95,5,0.01,0.5,5,0.4249583597134125,0.0,0.0008658008658008658,1.3471076488494873
Wiki,28,95,24,0.05,0.5,1,0.4145581069015708,0.0002875215641173088,0.012554112554112554,1.3388078212738037
Wiki,28,95,24,0.05,0.5,2,0.4104130271499715,0.0,0.0030303030303030303,1.4696667194366455
Wiki,28,95,24,0.05,0.5,3,0.4224284482305087,0.0,0.003463203463203463,1.3331489562988281
Wiki,28,95,24,0.05,0.5,4,0.4365065461730823,0.0002875215641173088,0.014285714285714285,1.3450462818145752
Wiki,28,95,24,0.05,0.5,5,0.48770778212518634,0.0008813160987074031,0.09177489177489177,1.3546571731567383
Wiki,28,95,48,0.1,0.5,1,0.42040983127700415,0.0002875215641173088,0.02077922077922078,1.4669973850250244
Wiki,28,95,48,0.1,0.5,2,0.39577086797247507,0.0005812263876780006,0.0316017316017316,1.3080196380615234
Wiki,28,95,48,0.1,0.5,3,0.4191557477092475,0.0005812263876780006,0.04415584415584416,1.3205323219299316
Wiki,28,95,48,0.1,0.5,4,0.420964869379022,0.0002875215641173088,0.03593073593073593,1.4919161796569824
Wiki,28,95,48,0.1,0.5,5,0.3982308348878095,0.0,0.004329004329004329,1.3235270977020264
Wiki,28,95,72,0.15,0.5,1,0.42219903504369366,0.0005812263876780006,0.05367965367965368,1.3396086692810059
Wiki,28,95,72,0.15,0.5,2,0.3788941893604731,0.0002875215641173088,0.009956709956709957,1.3245882987976074
Wiki,28,95,72,0.15,0.5,3,0.41529190523019943,0.00030395136778115504,0.019913419913419914,1.4653732776641846
Wiki,28,95,72,0.15,0.5,4,0.39339272027390804,0.0008813160987074031,0.08095238095238096,1.3168385028839111
Wiki,28,95,72,0.15,0.5,5,0.43021078309535105,0.0005812263876780006,0.06233766233766234,1.3084664344787598
Wiki,28,95,97,0.2,0.5,1,0.4031736675497451,0.0006038647342995169,0.0354978354978355,1.4295339584350586
Wiki,28,95,97,0.2,0.5,2,0.3935752444134543,0.0002906131938390003,0.01038961038961039,1.3154265880584717
Wiki,28,95,97,0.2,0.5,3,0.4477507297327763,0.0002875215641173088,0.00909090909090909,1.3104395866394043
Wiki,28,95,97,0.2,0.5,4,0.416281185156472,0.0003003003003003003,0.01341991341991342,1.3524322509765625
Wiki,28,95,97,0.2,0.5,5,0.4341559728512276,0.0002875215641173088,0.0341991341991342,1.521484375
Wiki,28,95,121,0.25,0.5,1,0.424596292794128,0.0002906131938390003,0.008658008658008658,1.3527545928955078
Wiki,28,95,121,0.25,0.5,2,0.4522913822276167,0.0005812263876780006,0.03722943722943723,1.3589165210723877
Wiki,28,95,121,0.25,0.5,3,0.497192446541398,0.0008813160987074031,0.08008658008658008,1.4847784042358398
Wiki,28,95,121,0.25,0.5,4,0.4136347239142087,0.0002955082742316785,0.025108225108225107,1.3383140563964844
Wiki,28,95,121,0.25,0.5,5,0.40223225596529455,0.0005812263876780006,0.06536796536796537,1.337183952331543
Wiki,28,95,145,0.3,0.5,1,0.42154119078914976,0.001188001188001188,0.11038961038961038,1.3564798831939697
Wiki,28,95,145,0.3,0.5,2,0.44379903269617843,0.0005812263876780006,0.03116883116883117,1.4858424663543701
Wiki,28,95,145,0.3,0.5,3,0.4159228440251504,0.0002875215641173088,0.04069264069264069,1.3435423374176025
Wiki,28,95,145,0.3,0.5,4,0.4302038203856759,0.001188001188001188,0.10779220779220779,1.345641851425171
Wiki,28,95,145,0.3,0.5,5,0.39974096929646086,0.000925925925925926,0.09307359307359307,1.4578864574432373
Wiki,28,95,169,0.35,0.5,1,0.4138225805316894,0.0009110233829334953,0.05930735930735931,1.3489887714385986
Wiki,28,95,169,0.35,0.5,2,0.4190693561203173,0.0005812263876780006,0.07532467532467532,1.3595962524414062
Wiki,28,95,169,0.35,0.5,3,0.4069284097131259,0.0005812263876780006,0.04935064935064935,1.3478190898895264
Wiki,28,95,169,0.35,0.5,4,0.40042969060475636,0.0006073489219556636,0.04199134199134199,1.454716682434082
Wiki,28,95,169,0.35,0.5,5,0.46366571846407156,0.0012012012012012011,0.09350649350649351,1.3217875957489014
Wiki,28,95,193,0.4,0.5,1,0.42354160977267596,0.000594000594000594,0.05454545454545454,1.3248498439788818
Wiki,28,95,193,0.4,0.5,2,0.46108459397519047,0.000925925925925926,0.09826839826839827,1.4504995346069336
Wiki,28,95,193,0.4,0.5,3,0.44712742243150644,0.001188001188001188,0.1303030303030303,1.3888888359069824
Wiki,28,95,193,0.4,0.5,4,0.4413121268817103,0.0009009009009009009,0.08008658008658008,1.3290901184082031
Wiki,28,95,193,0.4,0.5,5,0.4134028227699681,0.0005812263876780006,0.049783549783549784,1.3483567237854004
Wiki,28,95,217,0.45,0.5,1,0.4441530746253013,0.0009057971014492754,0.06623376623376623,1.4836020469665527
Wiki,28,95,217,0.45,0.5,2,0.4204213671031291,0.0009213759213759214,0.07835497835497836,1.349567174911499
Wiki,28,95,217,0.45,0.5,3,0.385191945364153,0.0006313131313131314,0.0380952380952381,1.3452024459838867
Wiki,28,95,217,0.45,0.5,4,0.3939922223532369,0.0009428032683846638,0.06190476190476191,1.4506006240844727
Wiki,28,95,217,0.45,0.5,5,0.381974195194111,0.0009213759213759214,0.07186147186147186,1.3301100730895996
Wiki,28,95,242,0.5,0.5,1,0.39319088842119154,0.0009157509157509158,0.08268398268398268,1.334317922592163
Wiki,28,95,242,0.5,0.5,2,0.4086796294610566,0.0005973715651135006,0.04285714285714286,1.327225685119629
Wiki,28,95,242,0.5,0.5,3,0.4722856537792777,0.000891000891000891,0.05757575757575758,1.456251621246338
Wiki,28,95,242,0.5,0.5,4,0.46250992254902507,0.0008813160987074031,0.07662337662337662,1.322446584701538
Wiki,28,95,242,0.5,0.5,5,0.4451157432797436,0.0009363295880149813,0.09696969696969697,1.3414721488952637
Wiki,28,95,266,0.55,0.5,1,0.42432846504484967,0.0006172839506172839,0.04415584415584416,1.445540189743042
Wiki,28,95,266,0.55,0.5,2,0.4402998497563251,0.0008813160987074031,0.08441558441558442,1.3551390171051025
Wiki,28,95,266,0.55,0.5,3,0.39260297616004447,0.0012012012012012011,0.11082251082251082,1.3966147899627686
Wiki,28,95,266,0.55,0.5,4,0.4217781563492355,0.0015015015015015015,0.12294372294372294,1.330822467803955
Wiki,28,95,266,0.55,0.5,5,0.3948848017736687,0.0012146978439113271,0.11082251082251082,1.4407203197479248
Wiki,28,95,290,0.6,0.5,1,0.40535237342044755,0.000946969696969697,0.08614718614718615,1.3194823265075684
Wiki,28,95,290,0.6,0.5,2,0.40797455547786116,0.0005875440658049354,0.06017316017316017,1.308720588684082
Wiki,28,95,290,0.6,0.5,3,0.4233248703680463,0.0015183723048891589,0.14502164502164502,1.4331870079040527
Wiki,28,95,290,0.6,0.5,4,0.4111916816608135,0.002079002079002079,0.15930735930735931,1.3096592426300049
Wiki,28,95,290,0.6,0.5,5,0.40718710233816896,0.000891000891000891,0.07532467532467532,1.3291356563568115
Wiki,28,95,314,0.65,0.5,1,0.3904984962841549,0.001863932898415657,0.1645021645021645,1.3156914710998535
Wiki,28,95,314,0.65,0.5,2,0.37722031667992767,0.0015183723048891589,0.13463203463203463,1.433302640914917
Wiki,28,95,314,0.65,0.5,3,0.4567830078699685,0.0015532774153463808,0.11038961038961038,1.3483176231384277
Wiki,28,95,314,0.65,0.5,4,0.421791349593702,0.0019077901430842607,0.12294372294372294,1.3624343872070312
Wiki,28,95,314,0.65,0.5,5,0.4247524896907388,0.0009057971014492754,0.08095238095238096,1.425083875656128
Wiki,28,95,338,0.7,0.5,1,0.4427641911753811,0.0015356265356265355,0.11731601731601732,1.2963447570800781
Wiki,28,95,338,0.7,0.5,2,0.38027468424357097,0.000891000891000891,0.06233766233766234,1.2930963039398193
Wiki,28,95,338,0.7,0.5,3,0.41058957765610904,0.0012146978439113271,0.08225108225108226,1.2909646034240723
Wiki,28,95,338,0.7,0.5,4,0.38901832427743616,0.0019077901430842607,0.1341991341991342,1.4191169738769531
Wiki,28,95,338,0.7,0.5,5,0.41219681484998283,0.0017780938833570413,0.1025974025974026,1.2826170921325684
Wiki,28,95,362,0.75,0.5,1,0.4210315740352031,0.0019077901430842607,0.18138528138528137,1.4166390895843506
Wiki,28,95,362,0.75,0.5,2,0.44517996090086936,0.0009538950715421304,0.08787878787878788,1.6408448219299316
Wiki,28,95,362,0.75,0.5,3,0.4117601414433786,0.001977587343441002,0.13116883116883116,1.5029680728912354
Wiki,28,95,362,0.75,0.5,4,0.41129914318715305,0.001257071024512885,0.08614718614718615,1.5024445056915283
Wiki,28,95,362,0.75,0.5,5,0.40054619940909014,0.0016135538523598225,0.1025974025974026,1.5002272129058838
Wiki,28,95,386,0.8,0.5,1,0.3948905940787415,0.0015713387806411063,0.10952380952380952,1.4904148578643799
Wiki,28,95,386,0.8,0.5,2,0.41230799588257294,0.0012426219322771047,0.10779220779220779,1.4341447353363037
Wiki,28,95,386,0.8,0.5,3,0.4208598841046336,0.0031185031185031187,0.2341991341991342,1.5033740997314453
Wiki,28,95,386,0.8,0.5,4,0.383049839504584,0.0018856065367693275,0.17835497835497835,1.4623994827270508
Wiki,28,95,386,0.8,0.5,5,0.4433509797941167,0.0022522522522522522,0.17922077922077922,1.283651351928711
Wiki,28,95,411,0.85,0.5,1,0.4222380615594409,0.0015532774153463808,0.09653679653679653,1.4382870197296143
Wiki,28,95,411,0.85,0.5,2,0.43624794920573445,0.0026367831245880024,0.26666666666666666,1.497112512588501
Wiki,28,95,411,0.85,0.5,3,0.41889185659966205,0.0019305019305019305,0.13333333333333333,1.5703177452087402
Wiki,28,95,411,0.85,0.5,4,0.43563971438998333,0.001257071024512885,0.08658008658008658,1.4843199253082275
Wiki,28,95,411,0.85,0.5,5,0.39376473019405805,0.0018856065367693275,0.16493506493506493,1.489675521850586
Wiki,28,95,435,0.9,0.5,1,0.3910637139852861,0.0019305019305019305,0.11731601731601732,1.5757956504821777
Wiki,28,95,435,0.9,0.5,2,0.440148052796835,0.0018856065367693275,0.16406926406926406,1.5027515888214111
Wiki,28,95,435,0.9,0.5,3,0.3869273453994392,0.0018856065367693275,0.16753246753246753,1.5072870254516602
Wiki,28,95,435,0.9,0.5,4,0.41338240654481995,0.002772002772002772,0.22943722943722944,1.426417589187622
Wiki,28,95,435,0.9,0.5,5,0.4322702244417606,0.004267425320056899,0.31082251082251083,1.546233892440796
Wiki,28,95,459,0.95,0.5,1,0.4273376058194479,0.002669336002669336,0.19220779220779222,1.3251111507415771
Wiki,28,95,459,0.95,0.5,2,0.36616825474899795,0.0024255024255024253,0.19653679653679654,1.3258354663848877
Wiki,28,95,459,0.95,0.5,3,0.43881620206745503,0.0017325017325017325,0.13463203463203463,1.4327061176300049
Wiki,28,95,459,0.95,0.5,4,0.42286129680627277,0.003472222222222222,0.24199134199134198,1.3151986598968506
Wiki,28,95,459,0.95,0.5,5,0.38959448264210494,0.0024255024255024253,0.15584415584415584,1.342817783355713
Wiki,28,95,483,1,0.5,1,0.40801009684150724,0.0055534987041836355,0.41774891774891776,1.3202650547027588
Wiki,28,95,483,1,0.5,2,0.4413911079937763,0.003287070854638422,0.23679653679653678,1.43355393409729
Wiki,28,95,483,1,0.5,3,0.45249903966150234,0.0016733601070950468,0.11818181818181818,1.3060696125030518
Wiki,28,95,483,1,0.5,4,0.4105062797400643,0.002335669002335669,0.1458874458874459,1.3029239177703857
Wiki,28,95,483,1,0.5,5,0.3872302906627112,0.002574002574002574,0.22034632034632035,1.4160149097442627
Wiki,29,7,0,0,,0,0.38708688553195764,0.0045045045045045045,0.05921601334445371,
Wiki,29,7,0,0,,0,0.44330928044362417,0.0,0.018765638031693076,
Wiki,29,7,0,0,,0,0.42193728438552824,0.0,0.03628023352793995,
Wiki,29,7,0,0,,0,0.39557255947661596,0.004629629629629629,0.05212677231025855,
Wiki,29,7,0,0,,0,0.41549362142957413,0.0,0.019182652210175146,
Wiki,29,7,0,0.01,0.5,1,0.4108339968628447,0.0,0.020850708924103418,1.2740108966827393
Wiki,29,7,0,0.01,0.5,2,0.4329510578645561,0.0,0.040450375312760634,1.2710680961608887
Wiki,29,7,0,0.01,0.5,3,0.4206009661952096,0.0,0.015429524603836531,1.384300947189331
Wiki,29,7,0,0.01,0.5,4,0.42421056197274104,0.0,0.02793994995829858,1.273608922958374
Wiki,29,7,0,0.01,0.5,5,0.41466132803032457,0.0,0.02043369474562135,1.2689731121063232
Wiki,29,7,1,0.05,0.5,1,0.4192838922964877,0.0,0.03377814845704754,1.3824830055236816
Wiki,29,7,1,0.05,0.5,2,0.42217228519075356,0.0045045045045045045,0.0567139282735613,1.2717351913452148
Wiki,29,7,1,0.05,0.5,3,0.43345718553278617,0.0,0.020850708924103418,1.270627737045288
Wiki,29,7,1,0.05,0.5,4,0.4131285843703846,0.0045045045045045045,0.05587989991659716,1.2700037956237793
Wiki,29,7,1,0.05,0.5,5,0.43491299348869455,0.004629629629629629,0.05129274395329441,1.384998083114624
Wiki,29,7,2,0.1,0.5,1,0.42327641957627904,0.0,0.02543786488740617,1.2717571258544922
Wiki,29,7,2,0.1,0.5,2,0.44679821770209716,0.0,0.019599666388657216,1.2692439556121826
Wiki,29,7,2,0.1,0.5,3,0.41284083592113036,0.0,0.0329441201000834,1.3865115642547607
Wiki,29,7,2,0.1,0.5,4,0.4356523875267592,0.0045045045045045045,0.05129274395329441,1.292292594909668
Wiki,29,7,2,0.1,0.5,5,0.40489198399156245,0.0,0.015429524603836531,1.2756423950195312
Wiki,29,7,2,0.15,0.5,1,0.45763986220725716,0.0,0.029190992493744787,1.2723937034606934
Wiki,29,7,2,0.15,0.5,2,0.4349257972121858,0.0045045045045045045,0.05170975813177648,1.3958756923675537
Wiki,29,7,2,0.15,0.5,3,0.43804447215956854,0.0,0.022518765638031693,1.2703444957733154
Wiki,29,7,2,0.15,0.5,4,0.441358420765686,0.0,0.02835696413678065,1.2691314220428467
Wiki,29,7,2,0.15,0.5,5,0.43328658513177176,0.0,0.01626355296080067,1.388857126235962
Wiki,29,7,3,0.2,0.5,1,0.41686443434788806,0.0,0.028773978315262717,1.2712962627410889
Wiki,29,7,3,0.2,0.5,2,0.42429280208592995,0.004629629629629629,0.03544620517097581,1.2700414657592773
Wiki,29,7,3,0.2,0.5,3,0.40960847865237726,0.0,0.029608006672226857,1.2680137157440186
Wiki,29,7,3,0.2,0.5,4,0.405547149393045,0.0,0.028773978315262717,1.39650559425354
Wiki,29,7,3,0.2,0.5,5,0.43699356459992234,0.0045045045045045045,0.04128440366972477,1.2685744762420654
Wiki,29,7,4,0.25,0.5,1,0.4201256878853928,0.0,0.014178482068390326,1.271524429321289
Wiki,29,7,4,0.25,0.5,2,0.4439974395748783,0.0,0.011676396997497914,1.3935377597808838
Wiki,29,7,4,0.25,0.5,3,0.44235510485555557,0.0,0.013761467889908258,1.2743051052093506
Wiki,29,7,4,0.25,0.5,4,0.44318651805441206,0.0,0.0329441201000834,1.269282579421997
Wiki,29,7,4,0.25,0.5,5,0.4325681486668811,0.0,0.02793994995829858,1.2716889381408691
Wiki,29,7,5,0.3,0.5,1,0.3872091075259846,0.0045045045045045045,0.06755629691409508,1.3979732990264893
Wiki,29,7,5,0.3,0.5,2,0.44684064584558825,0.0045045045045045045,0.06713928273561301,1.2706305980682373
Wiki,29,7,5,0.3,0.5,3,0.44791757616878675,0.0045045045045045045,0.060884070058381985,1.2699017524719238
Wiki,29,7,5,0.3,0.5,4,0.4048274438689335,0.0,0.026688907422852376,1.3905484676361084
Wiki,29,7,5,0.3,0.5,5,0.4509030125983582,0.0045045045045045045,0.05546288573811509,1.2768573760986328
Wiki,29,7,6,0.35,0.5,1,0.44020210169373913,0.0,0.028773978315262717,1.2724418640136719
Wiki,29,7,6,0.35,0.5,2,0.4245371596796595,0.0045045045045045045,0.06296914095079233,1.300152063369751
Wiki,29,7,6,0.35,0.5,3,0.4196163917643179,0.004629629629629629,0.045037531276063386,1.4021670818328857
Wiki,29,7,6,0.35,0.5,4,0.4083467680634495,0.010810810810810811,0.1067556296914095,1.2699804306030273
Wiki,29,7,6,0.35,0.5,5,0.4256991215153609,0.0045045045045045045,0.05504587155963303,1.271240472793579
Wiki,29,7,6,0.4,0.5,1,0.435999579329406,0.0,0.024603836530442035,1.394747257232666
Wiki,29,7,6,0.4,0.5,2,0.4195595810117803,0.0045045045045045045,0.03669724770642202,1.2742273807525635
Wiki,29,7,6,0.4,0.5,3,0.44214624038664213,0.005405405405405406,0.048790658882402,1.2712013721466064
Wiki,29,7,6,0.4,0.5,4,0.42817265149781375,0.0,0.0316930775646372,1.270958423614502
Wiki,29,7,6,0.4,0.5,5,0.44270009297340196,0.0045045045045045045,0.05045871559633028,1.4040138721466064
Wiki,29,7,7,0.45,0.5,1,0.4526203049179933,0.0,0.024603836530442035,1.2701153755187988
Wiki,29,7,7,0.45,0.5,2,0.44007256661076155,0.0,0.02835696413678065,1.2727460861206055
Wiki,29,7,7,0.45,0.5,3,0.43349955744258056,0.0,0.01626355296080067,1.3986456394195557
Wiki,29,7,7,0.45,0.5,4,0.4168798564042765,0.0,0.03461217681401168,1.2741270065307617
Wiki,29,7,7,0.45,0.5,5,0.4361744922898462,0.0045045045045045045,0.05129274395329441,1.2704784870147705
Wiki,29,7,8,0.5,0.5,1,0.41929302679434516,0.0,0.03753127606338615,1.2695209980010986
Wiki,29,7,8,0.5,0.5,2,0.428149256508171,0.0,0.02418682235195997,1.3885188102722168
Wiki,29,7,8,0.5,0.5,3,0.4040020279102388,0.0045045045045045045,0.04795663052543787,1.2738454341888428
Wiki,29,7,8,0.5,0.5,4,0.43344353442797423,0.0,0.018765638031693076,1.2689335346221924
Wiki,29,7,8,0.5,0.5,5,0.4115421073005598,0.010810810810810811,0.05421184320266889,1.3993098735809326
Wiki,29,7,9,0.55,0.5,1,0.44025454568851763,0.0045045045045045045,0.03878231859883236,1.2663795948028564
Wiki,29,7,9,0.55,0.5,2,0.4385592750327618,0.0,0.011676396997497914,1.268467664718628
Wiki,29,7,9,0.55,0.5,3,0.3739892268045983,0.004629629629629629,0.08090075062552127,1.2696833610534668
Wiki,29,7,9,0.55,0.5,4,0.41782691046022064,0.005555555555555556,0.045037531276063386,1.3917889595031738
Wiki,29,7,9,0.55,0.5,5,0.4669311169180225,0.0,0.03586321934945788,1.2858834266662598
Wiki,29,7,10,0.6,0.5,1,0.42227702421340235,0.0045045045045045045,0.0567139282735613,1.2708079814910889
Wiki,29,7,10,0.6,0.5,2,0.3881309050223006,0.0,0.022935779816513763,1.270509958267212
Wiki,29,7,10,0.6,0.5,3,0.43551787238926576,0.0,0.022518765638031693,1.3999245166778564
Wiki,29,7,10,0.6,0.5,4,0.4730536034515702,0.0,0.01834862385321101,1.2719190120697021
Wiki,29,7,10,0.6,0.5,5,0.4683278012785645,0.0,0.03794829024186822,1.2706470489501953
Wiki,29,7,10,0.65,0.5,1,0.43039500866877506,0.0,0.02793994995829858,1.3920164108276367
Wiki,29,7,10,0.65,0.5,2,0.4423574429499095,0.02027027027027027,0.0779816513761468,1.2735779285430908
Wiki,29,7,10,0.65,0.5,3,0.4501916242511329,0.0045045045045045045,0.02335279399499583,1.2703485488891602
Wiki,29,7,10,0.65,0.5,4,0.4063356027692331,0.0,0.02585487906588824,1.270261526107788
Wiki,29,7,10,0.65,0.5,5,0.4241624340038115,0.0045045045045045045,0.028773978315262717,1.3982601165771484
Wiki,29,7,11,0.7,0.5,1,0.460593825243534,0.004629629629629629,0.057547956630525435,1.266474723815918
Wiki,29,7,11,0.7,0.5,2,0.43107972149388535,0.0,0.012510425354462052,1.2678425312042236
Wiki,29,7,11,0.7,0.5,3,0.427599425485998,0.010810810810810811,0.10467055879899917,1.396111011505127
Wiki,29,7,11,0.7,0.5,4,0.4513572745408333,0.0,0.0237698081734779,1.269951581954956
Wiki,29,7,11,0.7,0.5,5,0.44604642762514896,0.0,0.03502919099249374,1.2695605754852295
Wiki,29,7,12,0.75,0.5,1,0.4428834129890655,0.0045045045045045045,0.05087572977481234,1.2706568241119385
Wiki,29,7,12,0.75,0.5,2,0.44805929292754715,0.0045045045045045045,0.03252710592160134,1.4144067764282227
Wiki,29,7,12,0.75,0.5,3,0.40811978813237626,0.0,0.010008340283569641,1.2737305164337158
Wiki,29,7,12,0.75,0.5,4,0.42713242824525854,0.0,0.021267723102585488,1.272040605545044
Wiki,29,7,12,0.75,0.5,5,0.4043394275054945,0.010810810810810811,0.06755629691409508,1.271531343460083
Wiki,29,7,13,0.8,0.5,1,0.40107507298128664,0.004629629629629629,0.03586321934945788,1.4001281261444092
Wiki,29,7,13,0.8,0.5,2,0.4008108094265399,0.0045045045045045045,0.04920767306088407,1.2706758975982666
Wiki,29,7,13,0.8,0.5,3,0.4376092083814126,0.005405405405405406,0.045454545454545456,1.3098700046539307
Wiki,29,7,13,0.8,0.5,4,0.42762294621934416,0.0,0.02043369474562135,1.4002854824066162
Wiki,29,7,13,0.8,0.5,5,0.4168748253848057,0.0045045045045045045,0.0567139282735613,1.2708580493927002
Wiki,29,7,14,0.85,0.5,1,0.41274152746470844,0.0,0.028773978315262717,1.273512601852417
Wiki,29,7,14,0.85,0.5,2,0.43080118046860955,0.0045045045045045045,0.01626355296080067,1.2708232402801514
Wiki,29,7,14,0.85,0.5,3,0.4416874552754061,0.0045045045045045045,0.05587989991659716,1.4034361839294434
Wiki,29,7,14,0.85,0.5,4,0.4599509849205674,0.0,0.014595496246872394,1.2682132720947266
Wiki,29,7,14,0.85,0.5,5,0.43908216708360603,0.0,0.03628023352793995,1.2723414897918701
Wiki,29,7,14,0.9,0.5,1,0.36962460521719964,0.0045045045045045045,0.0475396163469558,1.3972368240356445
Wiki,29,7,14,0.9,0.5,2,0.43462801729958683,0.0045045045045045045,0.05254378648874062,1.2753913402557373
Wiki,29,7,14,0.9,0.5,3,0.42548684778289125,0.011111111111111112,0.08090075062552127,1.271575689315796
Wiki,29,7,14,0.9,0.5,4,0.41517117146755556,0.005405405405405406,0.045871559633027525,1.2703185081481934
Wiki,29,7,14,0.9,0.5,5,0.4091860682385837,0.010810810810810811,0.0633861551292744,1.4028306007385254
Wiki,29,7,15,0.95,0.5,1,0.451188609451269,0.013513513513513514,0.11009174311926606,1.2716286182403564
Wiki,29,7,15,0.95,0.5,2,0.40162135493666673,0.005405405405405406,0.03794829024186822,1.2758193016052246
Wiki,29,7,15,0.95,0.5,3,0.48518480681475773,0.0045045045045045045,0.03711426188490409,1.2677652835845947
Wiki,29,7,15,0.95,0.5,4,0.43844111538939007,0.013513513513513514,0.06255212677231026,1.394775390625
Wiki,29,7,15,0.95,0.5,5,0.45671786258236746,0.004629629629629629,0.05504587155963303,1.2687153816223145
Wiki,29,7,16,1,0.5,1,0.42876243573103934,0.005405405405405406,0.042535446205170975,1.2697453498840332
Wiki,29,7,16,1,0.5,2,0.4745553657259492,0.004629629629629629,0.07964970809007506,1.389254093170166
Wiki,29,7,16,1,0.5,3,0.4400260655160386,0.0,0.02627189324437031,1.272897720336914
Wiki,29,7,16,1,0.5,4,0.4683703842607147,0.004761904761904762,0.07130942452043369,1.269911289215088
Wiki,29,7,16,1,0.5,5,0.44938988795452056,0.010810810810810811,0.03919933277731443,1.2715809345245361
Wiki,30,1,0,0,,0,0.4057094592435858,0.0,0.03494176372712146,
Wiki,30,1,0,0,,0,0.4623189782208414,0.0,0.03743760399334443,
Wiki,30,1,0,0,,0,0.4119626712809649,0.0,0.037853577371048254,
Wiki,30,1,0,0,,0,0.44192822369742446,0.0,0.032029950083194675,
Wiki,30,1,0,0,,0,0.4375525094520946,0.0,0.027038269550748752,
Wiki,30,1,0,0.01,0.5,1,0.45170420384559606,0.0,0.0029118136439267887,1.2708370685577393
Wiki,30,1,0,0.01,0.5,2,0.4348994294500449,0.0,0.030782029950083195,1.269153118133545
Wiki,30,1,0,0.01,0.5,3,0.43292077344290486,0.0,0.022878535773710483,1.2712719440460205
Wiki,30,1,0,0.01,0.5,4,0.4086527758863506,0.0,0.01913477537437604,1.3854522705078125
Wiki,30,1,0,0.01,0.5,5,0.42945223563308,0.0,0.0024958402662229617,1.2693629264831543
Wiki,30,1,0,0.05,0.5,1,0.46539730148427794,0.0,0.04617304492512479,1.2689220905303955
Wiki,30,1,0,0.05,0.5,2,0.40169432731064,0.0,0.03577371048252912,1.3848791122436523
Wiki,30,1,0,0.05,0.5,3,0.39420079614712883,0.0,0.015806988352745424,1.2716495990753174
Wiki,30,1,0,0.05,0.5,4,0.43435809950883697,0.0,0.03577371048252912,1.274369716644287
Wiki,30,1,0,0.05,0.5,5,0.42249905888766465,0.0,0.03618968386023295,1.270491600036621
Wiki,30,1,0,0.1,0.5,1,0.44020416490582964,0.0,0.017054908485856904,1.3944509029388428
Wiki,30,1,0,0.1,0.5,2,0.4454731989352971,0.0,0.03369384359400998,1.2737038135528564
Wiki,30,1,0,0.1,0.5,3,0.4206575974910341,0.0,0.03036605657237937,1.2696340084075928
Wiki,30,1,0,0.1,0.5,4,0.44480243805696573,0.0,0.014559068219633943,1.2703042030334473
Wiki,30,1,0,0.1,0.5,5,0.4504659482348083,0.0,0.023710482529118136,1.3902413845062256
Wiki,30,1,0,0.15,0.5,1,0.4011506468449144,0.0,0.03951747088186356,1.2723474502563477
Wiki,30,1,0,0.15,0.5,2,0.4268552105058617,0.0,0.02870216306156406,1.2689547538757324
Wiki,30,1,0,0.15,0.5,3,0.424899523287559,0.0,0.03743760399334443,1.3776593208312988
Wiki,30,1,0,0.15,0.5,4,0.41716996270763174,0.0,0.0262063227953411,1.270190954208374
Wiki,30,1,0,0.15,0.5,5,0.4252083313703686,0.0,0.035357737104825294,1.2686986923217773
Wiki,30,1,0,0.2,0.5,1,0.4434256576208684,0.0,0.03993344425956739,1.2918646335601807
Wiki,30,1,0,0.2,0.5,2,0.41594598638902724,0.0,0.024958402662229616,1.3966619968414307
Wiki,30,1,0,0.2,0.5,3,0.4445977283210216,0.0,0.029950083194675542,1.268444538116455
Wiki,30,1,0,0.2,0.5,4,0.39171576111799283,0.0,0.040349417637271213,1.2712643146514893
Wiki,30,1,0,0.2,0.5,5,0.41289314308728925,0.0,0.018302828618968387,1.3835327625274658
Wiki,30,1,0,0.25,0.5,1,0.45334794444356097,0.0,0.033277870216306155,1.2735631465911865
Wiki,30,1,0,0.25,0.5,2,0.41335225723458896,0.0,0.007903494176372712,1.2673423290252686
Wiki,30,1,0,0.25,0.5,3,0.45396362530850626,0.0,0.024958402662229616,1.27201509475708
Wiki,30,1,0,0.25,0.5,4,0.3850146054705038,0.0,0.008735440931780365,1.3951189517974854
Wiki,30,1,0,0.25,0.5,5,0.43149490756777936,0.0,0.035357737104825294,1.269883632659912
Wiki,30,1,0,0.3,0.5,1,0.43150265607056315,0.0,0.033277870216306155,1.2682342529296875
Wiki,30,1,0,0.3,0.5,2,0.44193364756293757,0.0,0.032029950083194675,1.3892219066619873
Wiki,30,1,0,0.3,0.5,3,0.44086573615244645,0.0,0.033277870216306155,1.2737510204315186
Wiki,30,1,0,0.3,0.5,4,0.4034793739102502,0.0,0.01788685524126456,1.2716569900512695
Wiki,30,1,0,0.3,0.5,5,0.43888981964894835,0.0,0.029534109816971715,1.2704048156738281
Wiki,30,1,0,0.35,0.5,1,0.4392003054971394,0.0,0.022462562396006656,1.414421558380127
Wiki,30,1,0,0.35,0.5,2,0.44984991208531405,0.0,0.0033277870216306157,1.278351068496704
Wiki,30,1,0,0.35,0.5,3,0.441097507102342,0.0,0.013311148086522463,1.2748565673828125
Wiki,30,1,0,0.35,0.5,4,0.43190798807940034,0.0,0.019966722129783693,1.2706866264343262
Wiki,30,1,0,0.35,0.5,5,0.42820306043717665,0.0,0.04201331114808652,1.3907644748687744
Wiki,30,1,0,0.4,0.5,1,0.42833503424905195,0.0,0.02204658901830283,1.269728183746338
Wiki,30,1,0,0.4,0.5,2,0.41157696177837677,0.0,0.0262063227953411,1.2682371139526367
Wiki,30,1,0,0.4,0.5,3,0.45227880220974176,0.0,0.030782029950083195,1.3811078071594238
Wiki,30,1,0,0.4,0.5,4,0.4399676938550012,0.0,0.04534109816971714,1.2875301837921143
Wiki,30,1,0,0.4,0.5,5,0.43740711010083855,0.0,0.03410981697171381,1.2709927558898926
Wiki,30,1,0,0.45,0.5,1,0.4579201815741798,0.0,0.018718801996672214,1.271395206451416
Wiki,30,1,0,0.45,0.5,2,0.4257908337769956,0.0,0.04118136439267887,1.393132209777832
Wiki,30,1,0,0.45,0.5,3,0.4227028958117142,0.0,0.029534109816971715,1.268108606338501
Wiki,30,1,0,0.45,0.5,4,0.4235471718619639,0.0,0.012479201331114808,1.268496036529541
Wiki,30,1,0,0.45,0.5,5,0.40520813123546795,0.0,0.010815307820299502,1.3837952613830566
Wiki,30,1,0,0.5,0.5,1,0.38983872361583666,0.0,0.02454242928452579,1.268136978149414
Wiki,30,1,0,0.5,0.5,2,0.4534346113274433,0.0,0.02745424292845258,1.2710533142089844
Wiki,30,1,0,0.5,0.5,3,0.4308884408061803,0.0,0.00956738768718802,1.2702064514160156
Wiki,30,1,0,0.5,0.5,4,0.4124957352396556,0.0,0.016638935108153077,1.3960309028625488
Wiki,30,1,0,0.5,0.5,5,0.4691574973079814,0.0,0.028286189683860232,1.2711548805236816
Wiki,30,1,0,0.55,0.5,1,0.47283590868760617,0.0,0.03119800332778702,1.2711308002471924
Wiki,30,1,0,0.55,0.5,2,0.4546819637503455,0.0,0.008319467554076539,1.3861229419708252
Wiki,30,1,0,0.55,0.5,3,0.409318265654867,0.0,0.03036605657237937,1.271437406539917
Wiki,30,1,0,0.55,0.5,4,0.37934541859440835,0.0,0.03161397670549085,1.2721226215362549
Wiki,30,1,0,0.55,0.5,5,0.4095877507258311,0.0,0.045757071547420966,1.2696640491485596
Wiki,30,1,0,0.6,0.5,1,0.41135116223710644,0.0,0.024126455906821963,1.4124181270599365
Wiki,30,1,0,0.6,0.5,2,0.48755176408545253,0.0,0.028286189683860232,1.2781603336334229
Wiki,30,1,0,0.6,0.5,3,0.4390476738224879,0.0,0.03410981697171381,1.2714025974273682
Wiki,30,1,0,0.6,0.5,4,0.4176748294021291,0.0,0.029534109816971715,1.2707421779632568
Wiki,30,1,0,0.6,0.5,5,0.39581631335833783,0.0,0.01622296173044925,1.3896842002868652
Wiki,30,1,0,0.65,0.5,1,0.3958014066634198,0.0,0.019966722129783693,1.268864393234253
Wiki,30,1,0,0.65,0.5,2,0.4801537458278965,0.0,0.02870216306156406,1.2943334579467773
Wiki,30,1,0,0.65,0.5,3,0.40028834468608554,0.0,0.035357737104825294,1.3825104236602783
Wiki,30,1,0,0.65,0.5,4,0.4524294752773879,0.0,0.03826955074875208,1.2770307064056396
Wiki,30,1,0,0.65,0.5,5,0.4362610225000978,0.0,0.021214642262895173,1.2734041213989258
Wiki,30,1,0,0.7,0.5,1,0.440879297613563,0.0,0.010399334442595673,1.2715647220611572
Wiki,30,1,0,0.7,0.5,2,0.452379454178778,0.0,0.02745424292845258,1.397331953048706
Wiki,30,1,0,0.7,0.5,3,0.44551562400924666,0.0,0.029118136439267885,1.2695658206939697
Wiki,30,1,0,0.7,0.5,4,0.4290268328973193,0.0,0.017054908485856904,1.2679402828216553
Wiki,30,1,0,0.7,0.5,5,0.4072361299072363,0.0,0.026622296173044926,1.387037754058838
Wiki,30,1,0,0.75,0.5,1,0.44380622627179195,0.0,0.02870216306156406,1.2708790302276611
Wiki,30,1,0,0.75,0.5,2,0.4253675824792597,0.0,0.02038269550748752,1.2765898704528809
Wiki,30,1,0,0.75,0.5,3,0.43668399146845954,0.0,0.03119800332778702,1.26767897605896
Wiki,30,1,0,0.75,0.5,4,0.4259524750618566,0.0,0.029534109816971715,1.3929879665374756
Wiki,30,1,0,0.75,0.5,5,0.4240313949231208,0.0,0.036605657237936774,1.2756168842315674
Wiki,30,1,0,0.8,0.5,1,0.426900528394959,0.0,0.029950083194675542,1.2698400020599365
Wiki,30,1,0,0.8,0.5,2,0.4926292476158752,0.0,0.028286189683860232,1.386854887008667
Wiki,30,1,0,0.8,0.5,3,0.4527888065042815,0.0,0.02870216306156406,1.2749195098876953
Wiki,30,1,0,0.8,0.5,4,0.42106671045005106,0.0,0.04284525790349417,1.274921178817749
Wiki,30,1,0,0.8,0.5,5,0.4290775572766301,0.0,0.014975041597337771,1.2699177265167236
Wiki,30,1,0,0.85,0.5,1,0.4571467067106781,0.0,0.021214642262895173,1.412757396697998
Wiki,30,1,0,0.85,0.5,2,0.45389121250056375,0.0,0.0262063227953411,1.278365135192871
Wiki,30,1,0,0.85,0.5,3,0.42541197384168095,0.0,0.04284525790349417,1.272495985031128
Wiki,30,1,0,0.85,0.5,4,0.39684687086046855,0.0,0.03577371048252912,1.2686827182769775
Wiki,30,1,0,0.85,0.5,5,0.434590767561747,0.0,0.03036605657237937,1.4039673805236816
Wiki,30,1,0,0.9,0.5,1,0.434181016414028,0.0,0.033277870216306155,1.270599365234375
Wiki,30,1,0,0.9,0.5,2,0.4000861444285043,0.0,0.01788685524126456,1.2700986862182617
Wiki,30,1,0,0.9,0.5,3,0.41357081524845885,0.0,0.009151414309484194,1.3902668952941895
Wiki,30,1,0,0.9,0.5,4,0.4441267872817309,0.0,0.04201331114808652,1.274557113647461
Wiki,30,1,0,0.9,0.5,5,0.41280854111740617,0.0,0.027038269550748752,1.2692115306854248
Wiki,30,1,0,0.95,0.5,1,0.43712584750628214,0.0,0.006239600665557404,1.2694811820983887
Wiki,30,1,0,0.95,0.5,2,0.4281379912012327,0.0,0.03577371048252912,1.3948025703430176
Wiki,30,1,0,0.95,0.5,3,0.4212394623033927,0.0,0.03410981697171381,1.2743163108825684
Wiki,30,1,0,0.95,0.5,4,0.4258313931776661,0.0,0.021630615640599003,1.268531084060669
Wiki,30,1,0,0.95,0.5,5,0.44651625507435605,0.0,0.03286189683860233,1.3838372230529785
Wiki,30,1,0,1,0.5,1,0.42364167962722693,0.0,0.03410981697171381,1.2704987525939941
Wiki,30,1,0,1,0.5,2,0.41438996829178615,0.0,0.03036605657237937,1.2703135013580322
Wiki,30,1,0,1,0.5,3,0.4483783475474859,0.0,0.03161397670549085,1.2703847885131836
Wiki,30,1,0,1,0.5,4,0.46331271844187305,0.0,0.030782029950083195,1.394383430480957
Wiki,30,1,0,1,0.5,5,0.42197493736561964,0.0,0.02329450915141431,1.2699151039123535
Wiki,31,8,0,0,,0,0.4109845810349198,0.0,0.011681268251981644,
Wiki,31,8,0,0,,0,0.42310976137723827,0.0,0.009595327492699207,
Wiki,31,8,0,0,,0,0.4459828530092926,0.0,0.0229453483521068,
Wiki,31,8,0,0,,0,0.44269291644880177,0.003861003861003861,0.01835627868168544,
Wiki,31,8,0,0,,0,0.41686500893800904,0.003861003861003861,0.0654985398414685,
Wiki,31,8,0,0.01,0.5,1,0.4166977501802961,0.0,0.01084689194826867,1.2714338302612305
Wiki,31,8,0,0.01,0.5,2,0.43776767223845203,0.003861003861003861,0.03963287442636629,1.3819584846496582
Wiki,31,8,0,0.01,0.5,3,0.41232538949773434,0.003861003861003861,0.0229453483521068,1.2722368240356445
Wiki,31,8,0,0.01,0.5,4,0.45336779317600595,0.0,0.007509386733416771,1.2992498874664307
Wiki,31,8,0,0.01,0.5,5,0.4627605757917414,0.0,0.024196912807676264,1.389700174331665
Wiki,31,8,0,0.05,0.5,1,0.41537258952070405,0.0,0.03504380475594493,1.275007724761963
Wiki,31,8,0,0.05,0.5,2,0.42409250771002216,0.0,0.00917813934084272,1.2718284130096436
Wiki,31,8,0,0.05,0.5,3,0.4406551054056727,0.0,0.006675010429703796,1.2708892822265625
Wiki,31,8,0,0.05,0.5,4,0.45870763797618136,0.011111111111111112,0.05381727158948686,1.393423318862915
Wiki,31,8,0,0.05,0.5,5,0.3992853555797439,0.0,0.022110972048393827,1.2695801258087158
Wiki,31,8,1,0.1,0.5,1,0.4306866717602283,0.0,0.026700041718815185,1.2698805332183838
Wiki,31,8,1,0.1,0.5,2,0.4315379705859857,0.0,0.010429703796412181,1.392221450805664
Wiki,31,8,1,0.1,0.5,3,0.4044021915389594,0.0,0.025031289111389236,1.2740569114685059
Wiki,31,8,1,0.1,0.5,4,0.4307974754458682,0.011111111111111112,0.07008760951188986,1.272038459777832
Wiki,31,8,1,0.1,0.5,5,0.4501610846537695,0.0,0.014601585314977055,1.2716834545135498
Wiki,31,8,1,0.15,0.5,1,0.4431885420447367,0.0,0.02169378389653734,1.379608392715454
Wiki,31,8,1,0.15,0.5,2,0.453787521262795,0.0045045045045045045,0.03379224030037547,1.2774543762207031
Wiki,31,8,1,0.15,0.5,3,0.4488502060223536,0.0,0.02169378389653734,1.2701690196990967
Wiki,31,8,1,0.15,0.5,4,0.4270750528422786,0.0,0.022110972048393827,1.3936071395874023
Wiki,31,8,1,0.15,0.5,5,0.3970511157296451,0.003861003861003861,0.08135168961201501,1.2788231372833252
Wiki,31,8,2,0.2,0.5,1,0.42972661524271766,0.0,0.0050062578222778474,1.271918535232544
Wiki,31,8,2,0.2,0.5,2,0.41500629295409863,0.0,0.025031289111389236,1.2739970684051514
Wiki,31,8,2,0.2,0.5,3,0.48062853809299816,0.0,0.02920317062995411,1.3880624771118164
Wiki,31,8,2,0.2,0.5,4,0.45635698786835277,0.003968253968253968,0.06967042136003337,1.2769863605499268
Wiki,31,8,2,0.2,0.5,5,0.46182108435290825,0.013513513513513514,0.09845640383813099,1.2691395282745361
Wiki,31,8,2,0.25,0.5,1,0.40473173356596087,0.003861003861003861,0.03087192323738006,1.2712013721466064
Wiki,31,8,2,0.25,0.5,2,0.46037557423366005,0.0,0.027951606174384646,1.4142942428588867
Wiki,31,8,2,0.25,0.5,3,0.4349355909159266,0.0045045045045045045,0.03504380475594493,1.2704651355743408
Wiki,31,8,2,0.25,0.5,4,0.43323859274079907,0.0,0.025031289111389236,1.270777702331543
Wiki,31,8,2,0.25,0.5,5,0.4603102906222655,0.003968253968253968,0.07634543178973717,1.3923532962799072
Wiki,31,8,2,0.3,0.5,1,0.4552167852339328,0.003861003861003861,0.030037546933667083,1.272552251815796
Wiki,31,8,2,0.3,0.5,2,0.46784103725648646,0.0,0.0229453483521068,1.270503282546997
Wiki,31,8,2,0.3,0.5,3,0.42994842704517966,0.0,0.010429703796412181,1.2688887119293213
Wiki,31,8,2,0.3,0.5,4,0.43646835093684316,0.0,0.011264080100125156,1.4004387855529785
Wiki,31,8,2,0.3,0.5,5,0.41146679150307514,0.003861003861003861,0.025865665415102213,1.2727346420288086
Wiki,31,8,3,0.35,0.5,1,0.4527943603235044,0.010810810810810811,0.06675010429703797,1.2683825492858887
Wiki,31,8,3,0.35,0.5,2,0.42869616662942395,0.004629629629629629,0.03504380475594493,1.396686315536499
Wiki,31,8,3,0.35,0.5,3,0.40758703954107844,0.003861003861003861,0.05131414267834793,1.2721517086029053
Wiki,31,8,3,0.35,0.5,4,0.4006403520357401,0.003861003861003861,0.04505632040050062,1.2728509902954102
Wiki,31,8,3,0.35,0.5,5,0.4634464820433848,0.003861003861003861,0.05340008343763037,1.2725365161895752
Wiki,31,8,3,0.4,0.5,1,0.44265219211443735,0.010810810810810811,0.03838130997079683,1.3973338603973389
Wiki,31,8,3,0.4,0.5,2,0.4426010461741306,0.009009009009009009,0.09428452231956612,1.2710511684417725
Wiki,31,8,3,0.4,0.5,3,0.42351926480525137,0.003861003861003861,0.03420942845223195,1.2711615562438965
Wiki,31,8,3,0.4,0.5,4,0.4122983374380824,0.010810810810810811,0.06925323320817689,1.389159917831421
Wiki,31,8,3,0.4,0.5,5,0.40629661854883786,0.0,0.014184397163120567,1.270707607269287
Wiki,31,8,4,0.45,0.5,1,0.4298567268732263,0.003861003861003861,0.051731330830204425,1.2705726623535156
Wiki,31,8,4,0.45,0.5,2,0.4209015034592927,0.011111111111111112,0.08051731330830204,1.270817756652832
Wiki,31,8,4,0.45,0.5,3,0.3819003062531804,0.009259259259259259,0.08135168961201501,1.400846242904663
Wiki,31,8,4,0.45,0.5,4,0.4151269040541564,0.003861003861003861,0.049228201919065497,1.2690412998199463
Wiki,31,8,4,0.45,0.5,5,0.44582361105972884,0.003861003861003861,0.022110972048393827,1.2956786155700684
Wiki,31,8,4,0.5,0.5,1,0.42552441959299353,0.0045045045045045045,0.040884438881935756,1.3968191146850586
Wiki,31,8,4,0.5,0.5,2,0.47049108149923746,0.003861003861003861,0.019190654985398414,1.2780625820159912
Wiki,31,8,4,0.5,0.5,3,0.44872911743379507,0.010810810810810811,0.07884856070087609,1.27378249168396
Wiki,31,8,4,0.5,0.5,4,0.4131797563243871,0.003861003861003861,0.034626616604088445,1.2764720916748047
Wiki,31,8,4,0.5,0.5,5,0.457386033776179,0.013513513513513514,0.07717980809345015,1.4335112571716309
Wiki,31,8,4,0.55,0.5,1,0.44355503458261736,0.009009009009009009,0.07050479766374634,1.2847881317138672
Wiki,31,8,4,0.55,0.5,2,0.43997789540921617,0.02027027027027027,0.0592407175636212,1.2800757884979248
Wiki,31,8,4,0.55,0.5,3,0.42208644620349706,0.0045045045045045045,0.03796412181894034,1.2774021625518799
Wiki,31,8,4,0.55,0.5,4,0.4188259668094475,0.0045045045045045045,0.05047976637463496,1.4004008769989014
Wiki,31,8,4,0.55,0.5,5,0.4644427843555198,0.0,0.023779724655819776,1.2775652408599854
Wiki,31,8,5,0.6,0.5,1,0.46921242155999277,0.003861003861003861,0.04881101376720901,1.2730913162231445
Wiki,31,8,5,0.6,0.5,2,0.42899885390299985,0.003861003861003861,0.04338756779307468,1.4000840187072754
Wiki,31,8,5,0.6,0.5,3,0.463936387682696,0.009009009009009009,0.08385481852315395,1.280564785003662
Wiki,31,8,5,0.6,0.5,4,0.42536299089919466,0.009009009009009009,0.07008760951188986,1.3195700645446777
Wiki,31,8,5,0.6,0.5,5,0.4258597863400195,0.013888888888888888,0.0721735502711723,1.4781606197357178
Wiki,31,8,5,0.65,0.5,1,0.40437541141428385,0.016216216216216217,0.0917813934084272,1.495290756225586
Wiki,31,8,5,0.65,0.5,2,0.4007005289987558,0.003861003861003861,0.06925323320817689,1.2712368965148926
Wiki,31,8,5,0.65,0.5,3,0.42944630775957265,0.003968253968253968,0.0458906967042136,1.3019957542419434
Wiki,31,8,5,0.65,0.5,4,0.421659505198933,0.02702702702702703,0.12098456403838131,1.4216885566711426
Wiki,31,8,5,0.65,0.5,5,0.4147198740441783,0.009009009009009009,0.04964539007092199,1.3865447044372559
Wiki,31,8,6,0.7,0.5,1,0.4134227446615681,0.02027027027027027,0.06174384647476012,1.4206194877624512
Wiki,31,8,6,0.7,0.5,2,0.4561767964774134,0.003861003861003861,0.04422194409678765,1.3124444484710693
Wiki,31,8,6,0.7,0.5,3,0.3968780293460523,0.0045045045045045045,0.027117229870671673,1.550323247909546
Wiki,31,8,6,0.7,0.5,4,0.4182929308380693,0.02702702702702703,0.10513141426783479,1.3024930953979492
Wiki,31,8,6,0.7,0.5,5,0.44734304479690307,0.016216216216216217,0.10346266166040885,1.2874314785003662
Wiki,31,8,6,0.75,0.5,1,0.44271089293146826,0.02027027027027027,0.08594075928243639,1.285485029220581
Wiki,31,8,6,0.75,0.5,2,0.44586124346882894,0.009009009009009009,0.0721735502711723,1.4101996421813965
Wiki,31,8,6,0.75,0.5,3,0.38329357151418236,0.02027027027027027,0.11973299958281185,1.2973709106445312
Wiki,31,8,6,0.75,0.5,4,0.4151500415776168,0.013888888888888888,0.09011264080100125,1.2769711017608643
Wiki,31,8,6,0.75,0.5,5,0.4420609455286607,0.003861003861003861,0.06132665832290363,1.3962571620941162
Wiki,31,8,6,0.8,0.5,1,0.4097874740396571,0.003861003861003861,0.06132665832290363,1.2883949279785156
Wiki,31,8,6,0.8,0.5,2,0.4263045764849779,0.016216216216216217,0.13224864413850645,1.2821052074432373
Wiki,31,8,6,0.8,0.5,3,0.4330143545196354,0.003861003861003861,0.04005006257822278,1.2798209190368652
Wiki,31,8,6,0.8,0.5,4,0.41782501258673493,0.016216216216216217,0.09261576971214018,1.4073548316955566
Wiki,31,8,6,0.8,0.5,5,0.4263582773202982,0.005405405405405406,0.023362536503963287,1.2848248481750488
Wiki,31,8,7,0.85,0.5,1,0.4156392509230553,0.009009009009009009,0.10680016687526074,1.2786633968353271
Wiki,31,8,7,0.85,0.5,2,0.4463896698141938,0.02027027027027027,0.1251564455569462,1.4040753841400146
Wiki,31,8,7,0.85,0.5,3,0.4164849550297973,0.036036036036036036,0.1410095953274927,1.2910664081573486
Wiki,31,8,7,0.85,0.5,4,0.415661898059817,0.005405405405405406,0.05006257822277847,1.2801735401153564
Wiki,31,8,7,0.85,0.5,5,0.42375151009544154,0.016216216216216217,0.09595327492699207,1.2792727947235107
Wiki,31,8,7,0.9,0.5,1,0.451442193242669,0.02702702702702703,0.11514392991239049,1.4084749221801758
Wiki,31,8,7,0.9,0.5,2,0.43229978506618744,0.02027027027027027,0.05465164789319983,1.2794773578643799
Wiki,31,8,7,0.9,0.5,3,0.4222762120248422,0.010810810810810811,0.08176887776387151,1.284553050994873
Wiki,31,8,7,0.9,0.5,4,0.43364629492502454,0.003861003861003861,0.047976637463496036,1.4105322360992432
Wiki,31,8,7,0.9,0.5,5,0.4173208200675084,0.009009009009009009,0.09219858156028368,1.339646816253662
Wiki,31,8,8,0.95,0.5,1,0.4426787669662615,0.011111111111111112,0.0684188569044639,1.283848762512207
Wiki,31,8,8,0.95,0.5,2,0.4344535045889875,0.04504504504504504,0.19774718397997496,1.2827839851379395
Wiki,31,8,8,0.95,0.5,3,0.4314615445491345,0.02702702702702703,0.1347517730496454,1.4086472988128662
Wiki,31,8,8,0.95,0.5,4,0.428189815778054,0.016216216216216217,0.0917813934084272,1.282963514328003
Wiki,31,8,8,0.95,0.5,5,0.3892089105559444,0.010810810810810811,0.08468919482686692,1.2822697162628174
Wiki,31,8,8,1,0.5,1,0.42262757249419053,0.06756756756756757,0.17647058823529413,1.4075560569763184
Wiki,31,8,8,1,0.5,2,0.42305128008239135,0.02702702702702703,0.12640801001251564,1.293271780014038
Wiki,31,8,8,1,0.5,3,0.4387125851279997,0.013513513513513514,0.09011264080100125,1.2800312042236328
Wiki,31,8,8,1,0.5,4,0.44660476225122786,0.013513513513513514,0.06382978723404255,1.284217119216919
Wiki,31,8,8,1,0.5,5,0.42346567818424885,0.016216216216216217,0.10346266166040885,1.425985336303711
Wiki,32,1,0,0,,0,0.47072058083993534,0.0,0.01913477537437604,
Wiki,32,1,0,0,,0,0.44171498648043145,0.0,0.050748752079866885,
Wiki,32,1,0,0,,0,0.4034286408811973,0.0,0.04367720465890183,
Wiki,32,1,0,0,,0,0.4359476569531963,0.0,0.028286189683860232,
Wiki,32,1,0,0,,0,0.4102080007976586,0.0,0.021630615640599003,
Wiki,32,1,0,0.01,0.5,1,0.4291969394247739,0.0,0.018718801996672214,1.2889468669891357
Wiki,32,1,0,0.01,0.5,2,0.4372659475701518,0.0,0.03993344425956739,1.3839592933654785
Wiki,32,1,0,0.01,0.5,3,0.37961038880456965,0.0,0.03743760399334443,1.2971713542938232
Wiki,32,1,0,0.01,0.5,4,0.43738369035967556,0.0,0.024126455906821963,1.2812979221343994
Wiki,32,1,0,0.01,0.5,5,0.4394827428383897,0.0,0.04076539101497504,1.2813098430633545
Wiki,32,1,0,0.05,0.5,1,0.4395592901006131,0.0,0.029950083194675542,1.4046103954315186
Wiki,32,1,0,0.05,0.5,2,0.4343011955343339,0.0,0.028286189683860232,1.289726972579956
Wiki,32,1,0,0.05,0.5,3,0.4023420002933742,0.0,0.02745424292845258,1.276811122894287
Wiki,32,1,0,0.05,0.5,4,0.44209378276543965,0.0,0.01747088186356073,1.4038569927215576
Wiki,32,1,0,0.05,0.5,5,0.4503530663429624,0.0,0.03369384359400998,1.2886545658111572
Wiki,32,1,0,0.1,0.5,1,0.43505734122763784,0.0,0.03036605657237937,1.2867627143859863
Wiki,32,1,0,0.1,0.5,2,0.4046989439721111,0.0,0.01622296173044925,1.2838819026947021
Wiki,32,1,0,0.1,0.5,3,0.4341187466983157,0.0,0.03286189683860233,1.400383710861206
Wiki,32,1,0,0.1,0.5,4,0.4187811582646938,0.0,0.04658901830282862,1.288261890411377
Wiki,32,1,0,0.1,0.5,5,0.42575359056785145,0.0,0.02204658901830283,1.2765154838562012
Wiki,32,1,0,0.15,0.5,1,0.4547367082989182,0.0,0.023710482529118136,1.4061827659606934
Wiki,32,1,0,0.15,0.5,2,0.4383599022104495,0.0,0.028286189683860232,1.2834243774414062
Wiki,32,1,0,0.15,0.5,3,0.3652348454231741,0.0,0.0324459234608985,1.2826025485992432
Wiki,32,1,0,0.15,0.5,4,0.4405454916509446,0.0,0.02870216306156406,1.3425512313842773
Wiki,32,1,0,0.15,0.5,5,0.4789955463900985,0.0,0.03036605657237937,1.4098858833312988
Wiki,32,1,0,0.2,0.5,1,0.4408548546303901,0.0,0.044509151414309486,1.2872912883758545
Wiki,32,1,0,0.2,0.5,2,0.41678892854763705,0.0,0.03161397670549085,1.2862472534179688
Wiki,32,1,0,0.2,0.5,3,0.4438754672692475,0.0,0.0324459234608985,1.282853364944458
Wiki,32,1,0,0.2,0.5,4,0.43245897789001114,0.0,0.027038269550748752,1.4020805358886719
Wiki,32,1,0,0.2,0.5,5,0.46208774870795494,0.0,0.03286189683860233,1.2885315418243408
Wiki,32,1,0,0.25,0.5,1,0.4653893088763302,0.0,0.029118136439267885,1.3246619701385498
Wiki,32,1,0,0.25,0.5,2,0.4396356567234209,0.0,0.03369384359400998,1.434490442276001
Wiki,32,1,0,0.25,0.5,3,0.4177689290482592,0.0,0.02204658901830283,1.295640230178833
Wiki,32,1,0,0.25,0.5,4,0.45884256909233245,0.0,0.024126455906821963,1.2900166511535645
Wiki,32,1,0,0.25,0.5,5,0.41909873472789333,0.0,0.03494176372712146,1.2987425327301025
Wiki,32,1,0,0.3,0.5,1,0.430964082937929,0.0,0.0324459234608985,1.422720193862915
Wiki,32,1,0,0.3,0.5,2,0.42544080577752597,0.0,0.028286189683860232,1.3444085121154785
Wiki,32,1,0,0.3,0.5,3,0.4213571102586885,0.0,0.012063227953410981,1.3221406936645508
Wiki,32,1,0,0.3,0.5,4,0.4424198029349126,0.0,0.03577371048252912,1.4234671592712402
Wiki,32,1,0,0.3,0.5,5,0.44872541897280604,0.0,0.023710482529118136,1.3308215141296387
Wiki,32,1,0,0.35,0.5,1,0.4356795964515776,0.0,0.0262063227953411,1.3017520904541016
Wiki,32,1,0,0.35,0.5,2,0.4439776099256807,0.0,0.020798668885191347,1.2825806140899658
Wiki,32,1,0,0.35,0.5,3,0.42604748348018645,0.0,0.019966722129783693,1.4041039943695068
Wiki,32,1,0,0.35,0.5,4,0.4604026215934876,0.0,0.03577371048252912,1.303255319595337
Wiki,32,1,0,0.35,0.5,5,0.4153708890628098,0.0,0.04201331114808652,1.291015386581421
Wiki,32,1,0,0.4,0.5,1,0.4112402847370323,0.0,0.018718801996672214,1.419625997543335
Wiki,32,1,0,0.4,0.5,2,0.4182657672437536,0.0,0.03826955074875208,1.296163558959961
Wiki,32,1,0,0.4,0.5,3,0.4159966354201233,0.0,0.01622296173044925,1.2884562015533447
Wiki,32,1,0,0.4,0.5,4,0.4011980890207363,0.0,0.02038269550748752,1.2929291725158691
Wiki,32,1,0,0.4,0.5,5,0.4428769201309322,0.0,0.011647254575707155,1.4685587882995605
Wiki,32,1,0,0.45,0.5,1,0.43856023699621577,0.0,0.02745424292845258,1.4204974174499512
Wiki,32,1,0,0.45,0.5,2,0.41245953566897037,0.0,0.03618968386023295,1.429605484008789
Wiki,32,1,0,0.45,0.5,3,0.4288028664248665,0.0,0.018718801996672214,1.4710631370544434
Wiki,32,1,0,0.45,0.5,4,0.451244652236947,0.0,0.03369384359400998,1.5549442768096924
Wiki,32,1,0,0.45,0.5,5,0.44246526659882474,0.0,0.035357737104825294,1.368948221206665
Wiki,32,1,0,0.5,0.5,1,0.44499106991128423,0.0,0.04326123128119801,1.3897316455841064
Wiki,32,1,0,0.5,0.5,2,0.4094434984163956,0.0,0.03286189683860233,1.4217538833618164
Wiki,32,1,0,0.5,0.5,3,0.43838068898145505,0.0,0.029118136439267885,1.325789451599121
Wiki,32,1,0,0.5,0.5,4,0.43782030375333436,0.0,0.03618968386023295,1.4519891738891602
Wiki,32,1,0,0.5,0.5,5,0.39989228062628396,0.0,0.02329450915141431,1.4120023250579834
Wiki,32,1,0,0.55,0.5,1,0.40095925839637353,0.0,0.036605657237936774,1.5508239269256592
Wiki,32,1,0,0.55,0.5,2,0.4397814516080487,0.0,0.018718801996672214,1.4342210292816162
Wiki,32,1,0,0.55,0.5,3,0.38817826263148825,0.0,0.019966722129783693,1.4536926746368408
Wiki,32,1,0,0.55,0.5,4,0.42511750595773373,0.0,0.03286189683860233,1.4805443286895752
Wiki,32,1,0,0.55,0.5,5,0.4206657539472753,0.0,0.00956738768718802,1.32967209815979
Wiki,32,1,0,0.6,0.5,1,0.4321460247074755,0.0,0.04076539101497504,1.2984809875488281
Wiki,32,1,0,0.6,0.5,2,0.4520991803908774,0.0,0.02329450915141431,1.3008325099945068
Wiki,32,1,0,0.6,0.5,3,0.420517175100296,0.0,0.014143094841930116,1.431865930557251
Wiki,32,1,0,0.6,0.5,4,0.4358509779797003,0.0,0.04866888519134775,1.3124375343322754
Wiki,32,1,0,0.6,0.5,5,0.4225133324692625,0.0,0.03618968386023295,1.2965779304504395
Wiki,32,1,0,0.65,0.5,1,0.4408132304913301,0.0,0.024958402662229616,1.4705345630645752
Wiki,32,1,0,0.65,0.5,2,0.42218682074622965,0.0,0.022462562396006656,1.3573174476623535
Wiki,32,1,0,0.65,0.5,3,0.42603219519671615,0.0,0.034525790349417634,1.3549013137817383
Wiki,32,1,0,0.65,0.5,4,0.419949568365488,0.0,0.02454242928452579,1.3438479900360107
Wiki,32,1,0,0.65,0.5,5,0.4401918941569662,0.0,0.037853577371048254,1.4614465236663818
Wiki,32,1,0,0.7,0.5,1,0.41473091411871554,0.0,0.029534109816971715,1.3320543766021729
Wiki,32,1,0,0.7,0.5,2,0.3906752774091157,0.0,0.026622296173044926,1.3134777545928955
Wiki,32,1,0,0.7,0.5,3,0.4269362846474414,0.0,0.019966722129783693,1.3318452835083008
Wiki,32,1,0,0.7,0.5,4,0.43368055384277515,0.0,0.03993344425956739,1.468623399734497
Wiki,32,1,0,0.7,0.5,5,0.46548150398613586,0.0,0.027038269550748752,1.308976411819458
Wiki,32,1,0,0.75,0.5,1,0.4251332489447638,0.0,0.03577371048252912,1.4415514469146729
Wiki,32,1,0,0.75,0.5,2,0.4713897766316538,0.0,0.022462562396006656,1.4785428047180176
Wiki,32,1,0,0.75,0.5,3,0.4194030892041053,0.0,0.025374376039933443,1.4234254360198975
Wiki,32,1,0,0.75,0.5,4,0.4553198413379486,0.0,0.04201331114808652,1.4047012329101562
Wiki,32,1,0,0.75,0.5,5,0.47408246309825014,0.0,0.024958402662229616,1.4078760147094727
Wiki,32,1,0,0.8,0.5,1,0.4314628085369395,0.0,0.04159733777038269,1.520482063293457
Wiki,32,1,0,0.8,0.5,2,0.43290074458212563,0.0,0.0324459234608985,1.3591043949127197
Wiki,32,1,0,0.8,0.5,3,0.40868071044485854,0.0,0.04159733777038269,1.3122968673706055
Wiki,32,1,0,0.8,0.5,4,0.4737021750088742,0.0,0.012895174708818636,1.4281086921691895
Wiki,32,1,0,0.8,0.5,5,0.45174543920589666,0.0,0.036605657237936774,1.311612606048584
Wiki,32,1,0,0.85,0.5,1,0.41103354103450224,0.0,0.015806988352745424,1.3148581981658936
Wiki,32,1,0,0.85,0.5,2,0.4548689686681213,0.0,0.024126455906821963,1.3020987510681152
Wiki,32,1,0,0.85,0.5,3,0.45092183073174663,0.0,0.014559068219633943,1.4292962551116943
Wiki,32,1,0,0.85,0.5,4,0.43524100285254885,0.0,0.027038269550748752,1.3211915493011475
Wiki,32,1,0,0.85,0.5,5,0.43379408505156253,0.0,0.03577371048252912,1.3178634643554688
Wiki,32,1,0,0.9,0.5,1,0.4552534453686429,0.0,0.03369384359400998,1.4436588287353516
Wiki,32,1,0,0.9,0.5,2,0.42532452145367505,0.0,0.04201331114808652,1.3282852172851562
Wiki,32,1,0,0.9,0.5,3,0.4011679357880011,0.0,0.029118136439267885,1.3072609901428223
Wiki,32,1,0,0.9,0.5,4,0.4475349732931299,0.0,0.023710482529118136,1.2883403301239014
Wiki,32,1,0,0.9,0.5,5,0.4482895630003156,0.0,0.021214642262895173,1.3924617767333984
Wiki,32,1,0,0.95,0.5,1,0.42667423190629383,0.0,0.02745424292845258,1.2872021198272705
Wiki,32,1,0,0.95,0.5,2,0.45057323385339093,0.0,0.03494176372712146,1.2957403659820557
Wiki,32,1,0,0.95,0.5,3,0.42775409017274535,0.0,0.0016638935108153079,1.353933334350586
Wiki,32,1,0,0.95,0.5,4,0.42303397148385724,0.0,0.018718801996672214,1.4652416706085205
Wiki,32,1,0,0.95,0.5,5,0.38524464258314495,0.0,0.025374376039933443,1.3622233867645264
Wiki,32,1,0,1,0.5,1,0.42687750164503885,0.0,0.0262063227953411,1.2996735572814941
Wiki,32,1,0,1,0.5,2,0.40703135156542136,0.0,0.021214642262895173,1.4109091758728027
Wiki,32,1,0,1,0.5,3,0.43394130574860407,0.0,0.033277870216306155,1.3199846744537354
Wiki,32,1,0,1,0.5,4,0.45677578840636585,0.0,0.005407653910149751,1.3034369945526123
Wiki,32,1,0,1,0.5,5,0.4190106461783765,0.0,0.012479201331114808,1.3084449768066406
Wiki,33,5,0,0,,0,0.4213935868794986,0.0,0.03791666666666667,
Wiki,33,5,0,0,,0,0.45224973740203367,0.006756756756756757,0.03,
Wiki,33,5,0,0,,0,0.4000811520989794,0.006756756756756757,0.03833333333333333,
Wiki,33,5,0,0,,0,0.43479382808690836,0.0,0.041666666666666664,
Wiki,33,5,0,0,,0,0.43814248860780663,0.0,0.024166666666666666,
Wiki,33,5,0,0.01,0.5,1,0.42210029893158274,0.0,0.0125,1.3626723289489746
Wiki,33,5,0,0.01,0.5,2,0.42679150213324457,0.0,0.015,1.391075849533081
Wiki,33,5,0,0.01,0.5,3,0.43194566725467465,0.0,0.03166666666666667,1.3941197395324707
Wiki,33,5,0,0.01,0.5,4,0.4433825781466764,0.0,0.03,1.5543508529663086
Wiki,33,5,0,0.01,0.5,5,0.41337612916807304,0.0,0.024583333333333332,1.3714184761047363
Wiki,33,5,0,0.05,0.5,1,0.4712864289776757,0.0,0.024166666666666666,1.3616724014282227
Wiki,33,5,0,0.05,0.5,2,0.4672616183818167,0.0,0.008333333333333333,1.5483031272888184
Wiki,33,5,0,0.05,0.5,3,0.47229919752458205,0.0,0.015416666666666667,1.4044275283813477
Wiki,33,5,0,0.05,0.5,4,0.4065012781365877,0.0,0.025,1.41975736618042
Wiki,33,5,0,0.05,0.5,5,0.4495301998405199,0.0,0.02,1.3911361694335938
Wiki,33,5,1,0.1,0.5,1,0.441099862530592,0.0,0.022916666666666665,1.531588077545166
Wiki,33,5,1,0.1,0.5,2,0.42452405938383747,0.0,0.03666666666666667,1.377946138381958
Wiki,33,5,1,0.1,0.5,3,0.44767639184961777,0.0,0.035,1.3683621883392334
Wiki,33,5,1,0.1,0.5,4,0.4229411323610105,0.0,0.015416666666666667,1.5355818271636963
Wiki,33,5,1,0.1,0.5,5,0.4093526707631769,0.0,0.02375,1.3779933452606201
Wiki,33,5,1,0.15,0.5,1,0.45048904583354427,0.0,0.035833333333333335,1.4058215618133545
Wiki,33,5,1,0.15,0.5,2,0.39994574458128745,0.0,0.016666666666666666,1.3776764869689941
Wiki,33,5,1,0.15,0.5,3,0.44335466271604085,0.02702702702702703,0.05375,1.4531772136688232
Wiki,33,5,1,0.15,0.5,4,0.4674244548947009,0.0,0.024166666666666666,1.4325122833251953
Wiki,33,5,1,0.15,0.5,5,0.43386374342169237,0.0,0.01375,1.4542737007141113
Wiki,33,5,1,0.2,0.5,1,0.420725590391894,0.0,0.030416666666666668,1.5964219570159912
Wiki,33,5,1,0.2,0.5,2,0.40711619600672905,0.006756756756756757,0.05333333333333334,1.4569029808044434
Wiki,33,5,1,0.2,0.5,3,0.4441647736183806,0.0,0.019583333333333335,1.3972203731536865
Wiki,33,5,1,0.2,0.5,4,0.41226294830823457,0.0,0.008333333333333333,1.3842566013336182
Wiki,33,5,1,0.2,0.5,5,0.4011219080694675,0.0,0.0175,1.4879803657531738
Wiki,33,5,2,0.25,0.5,1,0.38157557598491026,0.0,0.03,1.3773136138916016
Wiki,33,5,2,0.25,0.5,2,0.4090086194354305,0.006756756756756757,0.06791666666666667,1.39072585105896
Wiki,33,5,2,0.25,0.5,3,0.4220041224233981,0.006756756756756757,0.010833333333333334,1.441152811050415
Wiki,33,5,2,0.25,0.5,4,0.41447170566364616,0.006944444444444444,0.04791666666666667,1.4984440803527832
Wiki,33,5,2,0.25,0.5,5,0.4434911698062317,0.0,0.030416666666666668,1.4179117679595947
Wiki,33,5,2,0.3,0.5,1,0.39891507322133896,0.006756756756756757,0.059166666666666666,1.4284048080444336
Wiki,33,5,2,0.3,0.5,2,0.4612945519143853,0.0,0.013333333333333334,1.5669987201690674
Wiki,33,5,2,0.3,0.5,3,0.41018649810915075,0.018018018018018018,0.0625,1.445605993270874
Wiki,33,5,2,0.3,0.5,4,0.43111692420081715,0.006756756756756757,0.04958333333333333,1.4063093662261963
Wiki,33,5,2,0.3,0.5,5,0.40036989224947145,0.006944444444444444,0.06,1.3695733547210693
Wiki,33,5,2,0.35,0.5,1,0.45287971577795977,0.006756756756756757,0.04125,1.4970133304595947
Wiki,33,5,2,0.35,0.5,2,0.4087681022991426,0.006756756756756757,0.020416666666666666,1.3337600231170654
Wiki,33,5,2,0.35,0.5,3,0.4614203438142787,0.0,0.03208333333333333,1.3509984016418457
Wiki,33,5,2,0.35,0.5,4,0.459684523958087,0.0,0.027916666666666666,1.527115821838379
Wiki,33,5,2,0.35,0.5,5,0.4605380690281284,0.0,0.010416666666666666,1.3608438968658447
Wiki,33,5,2,0.4,0.5,1,0.4178228848826162,0.0,0.029583333333333333,1.4392940998077393
Wiki,33,5,2,0.4,0.5,2,0.4210618752704019,0.0,0.03125,1.3619012832641602
Wiki,33,5,2,0.4,0.5,3,0.3794350203849705,0.0,0.02666666666666667,1.5807714462280273
Wiki,33,5,2,0.4,0.5,4,0.41507555759968734,0.009009009009009009,0.055,1.4123616218566895
Wiki,33,5,2,0.4,0.5,5,0.4484756685001956,0.018018018018018018,0.08125,1.4268922805786133
Wiki,33,5,3,0.45,0.5,1,0.44106759993722916,0.0,0.01375,1.5157105922698975
Wiki,33,5,3,0.45,0.5,2,0.41345282773458397,0.0,0.025833333333333333,1.41200852394104
Wiki,33,5,3,0.45,0.5,3,0.3881145868402336,0.0,0.03166666666666667,1.44545578956604
Wiki,33,5,3,0.45,0.5,4,0.43131209260969805,0.006756756756756757,0.05541666666666667,1.4253394603729248
Wiki,33,5,3,0.45,0.5,5,0.43189787178703465,0.006756756756756757,0.06541666666666666,1.4955229759216309
Wiki,33,5,3,0.5,0.5,1,0.4325355871167901,0.0,0.029583333333333333,1.3587532043457031
Wiki,33,5,3,0.5,0.5,2,0.45178691242121594,0.0,0.014583333333333334,1.3501756191253662
Wiki,33,5,3,0.5,0.5,3,0.46650463134162423,0.006944444444444444,0.05625,1.448594331741333
Wiki,33,5,3,0.5,0.5,4,0.3580486881559359,0.006756756756756757,0.0575,1.5203733444213867
Wiki,33,5,3,0.5,0.5,5,0.41464690698446227,0.006756756756756757,0.05291666666666667,1.3268301486968994
Wiki,33,5,3,0.55,0.5,1,0.4287485513447375,0.0,0.032916666666666664,1.420525074005127
Wiki,33,5,3,0.55,0.5,2,0.4302322307682189,0.0,0.03208333333333333,1.5804612636566162
Wiki,33,5,3,0.55,0.5,3,0.4469442074069412,0.0,0.035833333333333335,1.3903687000274658
Wiki,33,5,3,0.55,0.5,4,0.41150594790508566,0.006756756756756757,0.04958333333333333,1.3962738513946533
Wiki,33,5,3,0.55,0.5,5,0.41471436862527455,0.0,0.034583333333333334,1.4266939163208008
Wiki,33,5,4,0.6,0.5,1,0.4170637283312395,0.0,0.029583333333333333,1.591266393661499
Wiki,33,5,4,0.6,0.5,2,0.44479325632241107,0.006756756756756757,0.03625,1.4809458255767822
Wiki,33,5,4,0.6,0.5,3,0.4015068173273483,0.006756756756756757,0.06333333333333334,1.4727556705474854
Wiki,33,5,4,0.6,0.5,4,0.43435450541879644,0.009259259259259259,0.0475,1.6300225257873535
Wiki,33,5,4,0.6,0.5,5,0.38654122177886263,0.006756756756756757,0.058333333333333334,1.4889261722564697
Wiki,33,5,4,0.65,0.5,1,0.40140133919951904,0.009009009009009009,0.050833333333333335,1.4999315738677979
Wiki,33,5,4,0.65,0.5,2,0.4514786627859579,0.006756756756756757,0.01625,1.4941043853759766
Wiki,33,5,4,0.65,0.5,3,0.4145452262601972,0.007142857142857143,0.04125,1.588874340057373
Wiki,33,5,4,0.65,0.5,4,0.4237595885708327,0.018018018018018018,0.06458333333333334,1.4950556755065918
Wiki,33,5,4,0.65,0.5,5,0.44772459805599857,0.006756756756756757,0.0475,1.4840412139892578
Wiki,33,5,4,0.7,0.5,1,0.4495466688128307,0.02702702702702703,0.09416666666666666,1.4121508598327637
Wiki,33,5,4,0.7,0.5,2,0.40666564095352653,0.006756756756756757,0.04416666666666667,1.584059715270996
Wiki,33,5,4,0.7,0.5,3,0.429135365326154,0.04054054054054054,0.08875,1.4666204452514648
Wiki,33,5,4,0.7,0.5,4,0.4111086014785787,0.009009009009009009,0.035,1.4911437034606934
Wiki,33,5,4,0.7,0.5,5,0.40355761436849175,0.018018018018018018,0.06791666666666667,1.598006248474121
Wiki,33,5,4,0.75,0.5,1,0.46432412416179036,0.006756756756756757,0.032916666666666664,1.4356968402862549
Wiki,33,5,4,0.75,0.5,2,0.4412047625851847,0.006756756756756757,0.050833333333333335,1.4123446941375732
Wiki,33,5,4,0.75,0.5,3,0.4480371870056884,0.02702702702702703,0.08166666666666667,1.4657561779022217
Wiki,33,5,4,0.75,0.5,4,0.44242969027089113,0.0,0.010833333333333334,1.6154508590698242
Wiki,33,5,4,0.75,0.5,5,0.4528916009389212,0.0,0.035416666666666666,1.4168975353240967
Wiki,33,5,5,0.8,0.5,1,0.4344134538249098,0.018018018018018018,0.07666666666666666,1.4395644664764404
Wiki,33,5,5,0.8,0.5,2,0.39905374125557697,0.0,0.023333333333333334,1.5808308124542236
Wiki,33,5,5,0.8,0.5,3,0.48976582975502375,0.006944444444444444,0.05375,1.410332202911377
Wiki,33,5,5,0.8,0.5,4,0.42353316701573085,0.0,0.0275,1.4235248565673828
Wiki,33,5,5,0.8,0.5,5,0.42604371750907905,0.009009009009009009,0.04625,1.4358277320861816
Wiki,33,5,5,0.85,0.5,1,0.43392832077735344,0.04054054054054054,0.06958333333333333,1.5499091148376465
Wiki,33,5,5,0.85,0.5,2,0.40993906533638425,0.006756756756756757,0.05875,1.449401617050171
Wiki,33,5,5,0.85,0.5,3,0.3968024745827305,0.006756756756756757,0.059583333333333335,1.435838222503662
Wiki,33,5,5,0.85,0.5,4,0.3866970300789316,0.006756756756756757,0.035416666666666666,1.5534591674804688
Wiki,33,5,5,0.85,0.5,5,0.4420436277625687,0.018018018018018018,0.08958333333333333,1.4194231033325195
Wiki,33,5,5,0.9,0.5,1,0.44254240526199895,0.0,0.03875,1.4121849536895752
Wiki,33,5,5,0.9,0.5,2,0.40838368175824985,0.009009009009009009,0.04666666666666667,1.4606873989105225
Wiki,33,5,5,0.9,0.5,3,0.42512893182046235,0.018018018018018018,0.09083333333333334,1.5824651718139648
Wiki,33,5,5,0.9,0.5,4,0.4541215823371022,0.0,0.014583333333333334,1.3616745471954346
Wiki,33,5,5,0.9,0.5,5,0.42505448436148924,0.018018018018018018,0.06625,1.3835346698760986
Wiki,33,5,6,0.95,0.5,1,0.43802756257729664,0.006944444444444444,0.0525,1.4919342994689941
Wiki,33,5,6,0.95,0.5,2,0.43123921917818536,0.018018018018018018,0.08208333333333333,1.3624181747436523
Wiki,33,5,6,0.95,0.5,3,0.4331694699862938,0.04054054054054054,0.08541666666666667,1.4265215396881104
Wiki,33,5,6,0.95,0.5,4,0.42153724271393084,0.009009009009009009,0.06166666666666667,1.4988501071929932
Wiki,33,5,6,0.95,0.5,5,0.4440028793257005,0.006756756756756757,0.03333333333333333,1.6402630805969238
Wiki,33,5,6,1,0.5,1,0.441967928012405,0.009009009009009009,0.059166666666666666,1.5273792743682861
Wiki,33,5,6,1,0.5,2,0.408371342300578,0.018018018018018018,0.0725,1.539536952972412
Wiki,33,5,6,1,0.5,3,0.4466380920357433,0.006756756756756757,0.05708333333333333,1.4559121131896973
Wiki,33,5,6,1,0.5,4,0.40376681606911,0.018018018018018018,0.07958333333333334,1.6520054340362549
Wiki,33,5,6,1,0.5,5,0.4255119872464679,0.0,0.027916666666666666,1.5052170753479004
Wiki,34,1,0,0,,0,0.44679130786722593,0.0,0.018302828618968387,
Wiki,34,1,0,0,,0,0.45630003886313353,0.0,0.04409317803660566,
Wiki,34,1,0,0,,0,0.40899495278703213,0.0,0.010399334442595673,
Wiki,34,1,0,0,,0,0.4188143240788717,0.0,0.019550748752079867,
Wiki,34,1,0,0,,0,0.3732132926979243,0.0,0.014559068219633943,
Wiki,34,1,0,0.01,0.5,1,0.42111838838365045,0.0,0.03951747088186356,1.429588794708252
Wiki,34,1,0,0.01,0.5,2,0.4244736186666561,0.0,0.028286189683860232,1.6262710094451904
Wiki,34,1,0,0.01,0.5,3,0.41121229013841,0.0,0.03868552412645591,1.424426555633545
Wiki,34,1,0,0.01,0.5,4,0.40081802637257846,0.0,0.024126455906821963,1.4966373443603516
Wiki,34,1,0,0.01,0.5,5,0.3886607623357851,0.0,0.01788685524126456,1.6358461380004883
Wiki,34,1,0,0.05,0.5,1,0.4392623836058382,0.0,0.04159733777038269,1.425938367843628
Wiki,34,1,0,0.05,0.5,2,0.4394121216240161,0.0,0.03161397670549085,1.4927914142608643
Wiki,34,1,0,0.05,0.5,3,0.40632533402079885,0.0,0.03410981697171381,1.4910118579864502
Wiki,34,1,0,0.05,0.5,4,0.45017162422889956,0.0,0.024958402662229616,1.562258005142212
Wiki,34,1,0,0.05,0.5,5,0.4194227337268408,0.0,0.029534109816971715,1.3545689582824707
Wiki,34,1,0,0.1,0.5,1,0.39877355485120947,0.0,0.03494176372712146,1.3127942085266113
Wiki,34,1,0,0.1,0.5,2,0.413742451811574,0.0,0.03577371048252912,1.313967227935791
Wiki,34,1,0,0.1,0.5,3,0.40693300873389066,0.0,0.012479201331114808,1.5095865726470947
Wiki,34,1,0,0.1,0.5,4,0.4686092883304398,0.0,0.014975041597337771,1.374293327331543
Wiki,34,1,0,0.1,0.5,5,0.4512355300121482,0.0,0.012895174708818636,1.3643379211425781
Wiki,34,1,0,0.15,0.5,1,0.4384758314171701,0.0,0.02329450915141431,1.5309932231903076
Wiki,34,1,0,0.15,0.5,2,0.4705798984348429,0.0,0.04159733777038269,1.4362494945526123
Wiki,34,1,0,0.15,0.5,3,0.43005996094736243,0.0,0.025790349417637273,1.3978736400604248
Wiki,34,1,0,0.15,0.5,4,0.4409039665050117,0.0,0.03410981697171381,1.396106243133545
Wiki,34,1,0,0.15,0.5,5,0.4321925156187011,0.0,0.014559068219633943,1.4425063133239746
Wiki,34,1,0,0.2,0.5,1,0.4347587945903884,0.0,0.017054908485856904,1.3087615966796875
Wiki,34,1,0,0.2,0.5,2,0.45796681588292676,0.0,0.04284525790349417,1.336498498916626
Wiki,34,1,0,0.2,0.5,3,0.44356838470364157,0.0,0.032029950083194675,1.4109570980072021
Wiki,34,1,0,0.2,0.5,4,0.4496401275568144,0.0,0.014975041597337771,1.2794902324676514
Wiki,34,1,0,0.2,0.5,5,0.39991712771787474,0.0,0.027038269550748752,1.2831110954284668
Wiki,34,1,0,0.25,0.5,1,0.43478842202180723,0.0,0.0262063227953411,1.3216471672058105
Wiki,34,1,0,0.25,0.5,2,0.4359168877335175,0.0,0.047004991680532446,1.4185185432434082
Wiki,34,1,0,0.25,0.5,3,0.4490065321447075,0.0,0.04326123128119801,1.2770662307739258
Wiki,34,1,0,0.25,0.5,4,0.39241701517444977,0.0,0.011647254575707155,1.2744944095611572
Wiki,34,1,0,0.25,0.5,5,0.3952655606240738,0.0,0.03161397670549085,1.3965158462524414
Wiki,34,1,0,0.3,0.5,1,0.3869256490162093,0.0,0.025790349417637273,1.2759547233581543
Wiki,34,1,0,0.3,0.5,2,0.44077309940444415,0.0,0.03410981697171381,1.2732679843902588
Wiki,34,1,0,0.3,0.5,3,0.4608891875733038,0.0,0.039101497504159734,1.2715728282928467
Wiki,34,1,0,0.3,0.5,4,0.4727225574093762,0.0,0.027038269550748752,1.3874804973602295
Wiki,34,1,0,0.3,0.5,5,0.4513620266702828,0.0,0.010399334442595673,1.27622652053833
Wiki,34,1,0,0.35,0.5,1,0.46363710349084847,0.0,0.02454242928452579,1.271899700164795
Wiki,34,1,0,0.35,0.5,2,0.4488663657766058,0.0,0.04159733777038269,1.2718276977539062
Wiki,34,1,0,0.35,0.5,3,0.41587645941273643,0.0,0.02329450915141431,1.3871796131134033
Wiki,34,1,0,0.35,0.5,4,0.36756159662464255,0.0,0.0262063227953411,1.275336503982544
Wiki,34,1,0,0.35,0.5,5,0.4225834077406852,0.0,0.028286189683860232,1.2692241668701172
Wiki,34,1,0,0.4,0.5,1,0.42283158519149605,0.0,0.02038269550748752,1.3813731670379639
Wiki,34,1,0,0.4,0.5,2,0.43373937646998717,0.0,0.0066555740432612314,1.2751684188842773
Wiki,34,1,0,0.4,0.5,3,0.43951147123197615,0.0,0.036605657237936774,1.2678382396697998
Wiki,34,1,0,0.4,0.5,4,0.5110698902780809,0.0,0.05033277870216306,1.2704927921295166
Wiki,34,1,0,0.4,0.5,5,0.4132163443609748,0.0,0.024126455906821963,1.389200210571289
Wiki,34,1,0,0.45,0.5,1,0.3916015366009816,0.0,0.02329450915141431,1.273773193359375
Wiki,34,1,0,0.45,0.5,2,0.40062199720682545,0.0,0.03993344425956739,1.2721061706542969
Wiki,34,1,0,0.45,0.5,3,0.450453164137743,0.0,0.018718801996672214,1.3830852508544922
Wiki,34,1,0,0.45,0.5,4,0.4672800866723094,0.0,0.035357737104825294,1.292280673980713
Wiki,34,1,0,0.45,0.5,5,0.42539696878200084,0.0,0.025790349417637273,1.276378870010376
Wiki,34,1,0,0.5,0.5,1,0.44550921064019916,0.0,0.03951747088186356,1.2714526653289795
Wiki,34,1,0,0.5,0.5,2,0.46094900528860855,0.0,0.03826955074875208,1.3919775485992432
Wiki,34,1,0,0.5,0.5,3,0.40612929188895447,0.0,0.04658901830282862,1.269937515258789
Wiki,34,1,0,0.5,0.5,4,0.40670413641109443,0.0,0.009983361064891847,1.2706329822540283
Wiki,34,1,0,0.5,0.5,5,0.4399688182001899,0.0,0.019550748752079867,1.3950624465942383
Wiki,34,1,0,0.55,0.5,1,0.43094115343884953,0.0,0.04326123128119801,1.2711920738220215
Wiki,34,1,0,0.55,0.5,2,0.4162358847880045,0.0,0.02745424292845258,1.269092321395874
Wiki,34,1,0,0.55,0.5,3,0.4360811039660602,0.0,0.035357737104825294,1.269167184829712
Wiki,34,1,0,0.55,0.5,4,0.42015334145796956,0.0,0.022878535773710483,1.3865556716918945
Wiki,34,1,0,0.55,0.5,5,0.46752613558087336,0.0,0.019550748752079867,1.273284912109375
Wiki,34,1,0,0.6,0.5,1,0.39912049310713715,0.0,0.02038269550748752,1.2724943161010742
Wiki,34,1,0,0.6,0.5,2,0.4350333341400777,0.0,0.03577371048252912,1.2699201107025146
Wiki,34,1,0,0.6,0.5,3,0.40963665966519797,0.0,0.021630615640599003,1.3869104385375977
Wiki,34,1,0,0.6,0.5,4,0.4604672224833761,0.0,0.03161397670549085,1.273745059967041
Wiki,34,1,0,0.6,0.5,5,0.39875529270924626,0.0,0.03868552412645591,1.2712948322296143
Wiki,34,1,0,0.65,0.5,1,0.4950152005248635,0.0,0.0324459234608985,1.3848342895507812
Wiki,34,1,0,0.65,0.5,2,0.3979474791834753,0.0,0.026622296173044926,1.271028757095337
Wiki,34,1,0,0.65,0.5,3,0.40096107798192526,0.0,0.019966722129783693,1.2728550434112549
Wiki,34,1,0,0.65,0.5,4,0.43598263380035934,0.0,0.034525790349417634,1.267575979232788
Wiki,34,1,0,0.65,0.5,5,0.453602602744713,0.0,0.03119800332778702,1.3911306858062744
Wiki,34,1,0,0.7,0.5,1,0.43545554791078467,0.0,0.033277870216306155,1.2700884342193604
Wiki,34,1,0,0.7,0.5,2,0.39120615943146253,0.0,0.012479201331114808,1.3036746978759766
Wiki,34,1,0,0.7,0.5,3,0.42622424858207336,0.0,0.025374376039933443,1.3924634456634521
Wiki,34,1,0,0.7,0.5,4,0.4353585340322218,0.0,0.035357737104825294,1.2746124267578125
Wiki,34,1,0,0.7,0.5,5,0.43226291395672634,0.0,0.03577371048252912,1.2725176811218262
Wiki,34,1,0,0.75,0.5,1,0.44723446821524043,0.0,0.015806988352745424,1.269857406616211
Wiki,34,1,0,0.75,0.5,2,0.4357551200141743,0.0,0.03618968386023295,1.393728256225586
Wiki,34,1,0,0.75,0.5,3,0.41335156495602593,0.0,0.019966722129783693,1.2687299251556396
Wiki,34,1,0,0.75,0.5,4,0.4077517302052385,0.0,0.015391014975041598,1.270615577697754
Wiki,34,1,0,0.75,0.5,5,0.4183030942084757,0.0,0.03119800332778702,1.3951001167297363
Wiki,34,1,0,0.8,0.5,1,0.4502836660621265,0.0,0.04367720465890183,1.2742414474487305
Wiki,34,1,0,0.8,0.5,2,0.4055180772472093,0.0,0.03119800332778702,1.2732594013214111
Wiki,34,1,0,0.8,0.5,3,0.39912192822375375,0.0,0.005407653910149751,1.2720613479614258
Wiki,34,1,0,0.8,0.5,4,0.46202503456352834,0.0,0.03369384359400998,1.3837440013885498
Wiki,34,1,0,0.8,0.5,5,0.4138615063291908,0.0,0.019966722129783693,1.2753896713256836
Wiki,34,1,0,0.85,0.5,1,0.43669562079968893,0.0,0.03577371048252912,1.2697083950042725
Wiki,34,1,0,0.85,0.5,2,0.45686333748713226,0.0,0.012063227953410981,1.2672605514526367
Wiki,34,1,0,0.85,0.5,3,0.4062706678468526,0.0,0.018302828618968387,1.3911683559417725
Wiki,34,1,0,0.85,0.5,4,0.4362494819973507,0.0,0.0370216306156406,1.2692105770111084
Wiki,34,1,0,0.85,0.5,5,0.3876710975241115,0.0,0.03951747088186356,1.2692537307739258
Wiki,34,1,0,0.9,0.5,1,0.4567615428343164,0.0,0.01788685524126456,1.3831970691680908
Wiki,34,1,0,0.9,0.5,2,0.4701508355677833,0.0,0.029118136439267885,1.2798712253570557
Wiki,34,1,0,0.9,0.5,3,0.4470538469405162,0.0,0.04159733777038269,1.270662784576416
Wiki,34,1,0,0.9,0.5,4,0.45563883324507215,0.0,0.012479201331114808,1.2698967456817627
Wiki,34,1,0,0.9,0.5,5,0.408110764517921,0.0,0.02454242928452579,1.4044671058654785
Wiki,34,1,0,0.95,0.5,1,0.4386562457735022,0.0,0.03161397670549085,1.2807238101959229
Wiki,34,1,0,0.95,0.5,2,0.44737859433666954,0.0,0.04118136439267887,1.2737178802490234
Wiki,34,1,0,0.95,0.5,3,0.4250436581433707,0.0,0.035357737104825294,1.3836987018585205
Wiki,34,1,0,0.95,0.5,4,0.40858534352893894,0.0,0.03410981697171381,1.2763926982879639
Wiki,34,1,0,0.95,0.5,5,0.44498683421469065,0.0,0.017054908485856904,1.266815185546875
Wiki,34,1,0,1,0.5,1,0.43083874277603734,0.0,0.018718801996672214,1.2700119018554688
Wiki,34,1,0,1,0.5,2,0.4640253553440433,0.0,0.030782029950083195,1.3927268981933594
Wiki,34,1,0,1,0.5,3,0.44589075444896414,0.0,0.03410981697171381,1.2747790813446045
Wiki,34,1,0,1,0.5,4,0.435096599779576,0.0,0.014975041597337771,1.2697629928588867
Wiki,34,1,0,1,0.5,5,0.4152451443328052,0.0,0.02329450915141431,1.3937692642211914
Wiki,35,13,0,0,,0,0.41644259835879033,0.0023148148148148147,0.03511705685618729,
Wiki,35,13,0,0,,0,0.46115987898485833,0.002457002457002457,0.040551839464882944,
Wiki,35,13,0,0,,0,0.42197741565866465,0.0,0.023829431438127092,
Wiki,35,13,0,0,,0,0.4285657627537462,0.0,0.020066889632107024,
Wiki,35,13,0,0,,0,0.4280582102299421,0.0,0.037207357859531776,
Wiki,35,13,0,0.01,0.5,1,0.4313510124846485,0.002457002457002457,0.051839464882943144,1.2684316635131836
Wiki,35,13,0,0.01,0.5,2,0.44001684262630864,0.0,0.028010033444816052,1.2678158283233643
Wiki,35,13,0,0.01,0.5,3,0.45044643383649663,0.002457002457002457,0.029264214046822744,1.372593641281128
Wiki,35,13,0,0.01,0.5,4,0.39468329395271007,0.0,0.025919732441471572,1.2693359851837158
Wiki,35,13,0,0.01,0.5,5,0.4282618021952284,0.0,0.008779264214046822,1.2687394618988037
Wiki,35,13,1,0.05,0.5,1,0.4024942179124804,0.002457002457002457,0.04891304347826087,1.392265796661377
Wiki,35,13,1,0.05,0.5,2,0.4314072950181416,0.0022522522522522522,0.044732441471571904,1.2691974639892578
Wiki,35,13,1,0.05,0.5,3,0.43009717299299705,0.0,0.011705685618729096,1.270517110824585
Wiki,35,13,1,0.05,0.5,4,0.4205008069068807,0.0,0.020066889632107024,1.2682178020477295
Wiki,35,13,1,0.05,0.5,5,0.4578738003658131,0.0,0.007525083612040134,1.4037175178527832
Wiki,35,13,2,0.1,0.5,1,0.4272819180583064,0.004914004914004914,0.08068561872909699,1.2776291370391846
Wiki,35,13,2,0.1,0.5,2,0.41776910528223155,0.0025252525252525255,0.037207357859531776,1.2734358310699463
Wiki,35,13,2,0.1,0.5,3,0.42033727698129025,0.005050505050505051,0.10618729096989966,1.396308422088623
Wiki,35,13,2,0.1,0.5,4,0.3868117188613527,0.0,0.03804347826086957,1.2783210277557373
Wiki,35,13,2,0.1,0.5,5,0.40191127449336667,0.0025252525252525255,0.04096989966555184,1.2712781429290771
Wiki,35,13,3,0.15,0.5,1,0.49991527388957524,0.0025252525252525255,0.03302675585284281,1.271413803100586
Wiki,35,13,3,0.15,0.5,2,0.4364126525328031,0.005405405405405406,0.043478260869565216,1.3895642757415771
Wiki,35,13,3,0.15,0.5,3,0.42758299155073504,0.0,0.018812709030100336,1.2746188640594482
Wiki,35,13,3,0.15,0.5,4,0.42754600635151274,0.002457002457002457,0.025501672240802676,1.271589756011963
Wiki,35,13,3,0.15,0.5,5,0.4325644378961186,0.0,0.007107023411371237,1.270049810409546
Wiki,35,13,4,0.2,0.5,1,0.454680927546938,0.0025252525252525255,0.06312709030100334,1.4026451110839844
Wiki,35,13,4,0.2,0.5,2,0.4761230872829814,0.002457002457002457,0.05560200668896321,1.2736098766326904
Wiki,35,13,4,0.2,0.5,3,0.4401768714924524,0.005405405405405406,0.07232441471571906,1.2696573734283447
Wiki,35,13,4,0.2,0.5,4,0.42807748503132825,0.0022522522522522522,0.04306020066889632,1.3902113437652588
Wiki,35,13,4,0.2,0.5,5,0.43881006045013227,0.005405405405405406,0.08570234113712374,1.269742727279663
Wiki,35,13,5,0.25,0.5,1,0.43377859804141045,0.0022522522522522522,0.013377926421404682,1.2758362293243408
Wiki,35,13,5,0.25,0.5,2,0.44945044354024216,0.002457002457002457,0.05142140468227425,1.2715394496917725
Wiki,35,13,5,0.25,0.5,3,0.4182812830131623,0.0,0.028846153846153848,1.401400089263916
Wiki,35,13,5,0.25,0.5,4,0.39278401583635814,0.004914004914004914,0.07566889632107024,1.271801471710205
Wiki,35,13,5,0.25,0.5,5,0.4278269123062448,0.006006006006006006,0.06521739130434782,1.2702624797821045
Wiki,35,13,6,0.3,0.5,1,0.4144376369254248,0.004914004914004914,0.07817725752508362,1.4033668041229248
Wiki,35,13,6,0.3,0.5,2,0.4718562685367428,0.004914004914004914,0.07566889632107024,1.273151159286499
Wiki,35,13,6,0.3,0.5,3,0.4482611783318035,0.002457002457002457,0.05560200668896321,1.2874412536621094
Wiki,35,13,6,0.3,0.5,4,0.43640788386622503,0.002457002457002457,0.05309364548494983,1.2718555927276611
Wiki,35,13,6,0.3,0.5,5,0.4377987773563134,0.0,0.022993311036789296,1.3907713890075684
Wiki,35,13,7,0.35,0.5,1,0.4392135874163683,0.0022522522522522522,0.057692307692307696,1.2705798149108887
Wiki,35,13,7,0.35,0.5,2,0.44945657505070147,0.004914004914004914,0.06229096989966555,1.2684624195098877
Wiki,35,13,7,0.35,0.5,3,0.40682212245974353,0.002457002457002457,0.012959866220735786,1.2706985473632812
Wiki,35,13,7,0.35,0.5,4,0.3939836568366276,0.004914004914004914,0.053929765886287624,1.3986945152282715
Wiki,35,13,7,0.35,0.5,5,0.43531618717119575,0.002457002457002457,0.03762541806020067,1.2694742679595947
Wiki,35,13,8,0.4,0.5,1,0.43183671240292004,0.0,0.009615384615384616,1.2695047855377197
Wiki,35,13,8,0.4,0.5,2,0.4725816108828523,0.0,0.032190635451505016,1.392146110534668
Wiki,35,13,8,0.4,0.5,3,0.4757176409763596,0.005405405405405406,0.10117056856187291,1.2716565132141113
Wiki,35,13,8,0.4,0.5,4,0.4542381979895004,0.0022522522522522522,0.0338628762541806,1.2687129974365234
Wiki,35,13,8,0.4,0.5,5,0.4474552886630099,0.002457002457002457,0.06856187290969899,1.2705888748168945
Wiki,35,13,9,0.45,0.5,1,0.41284811092751766,0.002457002457002457,0.025501672240802676,1.401545763015747
Wiki,35,13,9,0.45,0.5,2,0.4379063716260359,0.005405405405405406,0.08737458193979933,1.2696714401245117
Wiki,35,13,9,0.45,0.5,3,0.41596862387623607,0.0022522522522522522,0.05936454849498328,1.2691454887390137
Wiki,35,13,9,0.45,0.5,4,0.4553078954540039,0.005405405405405406,0.05016722408026756,1.4014382362365723
Wiki,35,13,9,0.45,0.5,5,0.4314207287573364,0.0,0.0225752508361204,1.2742915153503418
Wiki,35,13,10,0.5,0.5,1,0.43921887168386364,0.0022522522522522522,0.02508361204013378,1.2686455249786377
Wiki,35,13,10,0.5,0.5,2,0.4306639834513894,0.002457002457002457,0.036371237458193977,1.2691941261291504
Wiki,35,13,10,0.5,0.5,3,0.4695757171511683,0.0022522522522522522,0.0451505016722408,1.391273021697998
Wiki,35,13,10,0.5,0.5,4,0.41500559335172954,0.005405405405405406,0.05727424749163879,1.274190902709961
Wiki,35,13,10,0.5,0.5,5,0.422323059952861,0.002457002457002457,0.02717391304347826,1.269418716430664
Wiki,35,13,12,0.55,0.5,1,0.4244103294227675,0.005405405405405406,0.06856187290969899,1.293543815612793
Wiki,35,13,12,0.55,0.5,2,0.44461445330836186,0.002457002457002457,0.05016722408026756,1.4002270698547363
Wiki,35,13,12,0.55,0.5,3,0.4113269243661945,0.002457002457002457,0.04096989966555184,1.2717957496643066
Wiki,35,13,12,0.55,0.5,4,0.4760739545881473,0.004914004914004914,0.06270903010033445,1.2711067199707031
Wiki,35,13,12,0.55,0.5,5,0.39862044799960306,0.0,0.022157190635451504,1.3961009979248047
Wiki,35,13,13,0.6,0.5,1,0.44243389153296875,0.002457002457002457,0.06605351170568562,1.2785840034484863
Wiki,35,13,13,0.6,0.5,2,0.4014789093110895,0.0022522522522522522,0.07107023411371237,1.2714505195617676
Wiki,35,13,13,0.6,0.5,3,0.4754402701058951,0.008108108108108109,0.10785953177257525,1.2702157497406006
Wiki,35,13,13,0.6,0.5,4,0.39016060385981827,0.004914004914004914,0.06396321070234114,1.400212049484253
Wiki,35,13,13,0.6,0.5,5,0.43274858714106845,0.002457002457002457,0.04724080267558529,1.2774341106414795
Wiki,35,13,14,0.65,0.5,1,0.41061929916100315,0.0022522522522522522,0.050585284280936456,1.2725253105163574
Wiki,35,13,14,0.65,0.5,2,0.4176626308179286,0.013513513513513514,0.12750836120401338,1.4022197723388672
Wiki,35,13,14,0.65,0.5,3,0.4355473499426502,0.004914004914004914,0.08612040133779264,1.2734110355377197
Wiki,35,13,14,0.65,0.5,4,0.42150469749744873,0.005555555555555556,0.07775919732441472,1.2689344882965088
Wiki,35,13,14,0.65,0.5,5,0.4297411302728466,0.0022522522522522522,0.06396321070234114,1.2684712409973145
Wiki,35,13,15,0.7,0.5,1,0.3923569680635303,0.003003003003003003,0.057692307692307696,1.3952100276947021
Wiki,35,13,15,0.7,0.5,2,0.4124013598094139,0.002457002457002457,0.04306020066889632,1.276383638381958
Wiki,35,13,15,0.7,0.5,3,0.43666445543942173,0.010135135135135136,0.12165551839464883,1.2723438739776611
Wiki,35,13,15,0.7,0.5,4,0.4024227371210667,0.002457002457002457,0.035535117056856184,1.2714147567749023
Wiki,35,13,15,0.7,0.5,5,0.41803457617281997,0.012012012012012012,0.08904682274247491,1.4002134799957275
Wiki,35,13,16,0.75,0.5,1,0.4704355102385737,0.009009009009009009,0.09740802675585285,1.2710065841674805
Wiki,35,13,16,0.75,0.5,2,0.42959884391291914,0.004914004914004914,0.09782608695652174,1.271439790725708
Wiki,35,13,16,0.75,0.5,3,0.433932009933309,0.002702702702702703,0.038461538461538464,1.3953149318695068
Wiki,35,13,16,0.75,0.5,4,0.439333605065548,0.004914004914004914,0.08653846153846154,1.2839398384094238
Wiki,35,13,16,0.75,0.5,5,0.418580295078142,0.002457002457002457,0.04431438127090301,1.2773072719573975
Wiki,35,13,17,0.8,0.5,1,0.39291552526166923,0.013513513513513514,0.11956521739130435,1.269380807876587
Wiki,35,13,17,0.8,0.5,2,0.4234958175455609,0.008333333333333333,0.08110367892976589,1.4024128913879395
Wiki,35,13,17,0.8,0.5,3,0.4535765553610723,0.006756756756756757,0.07399665551839466,1.2706246376037598
Wiki,35,13,17,0.8,0.5,4,0.4346236327574829,0.008108108108108109,0.12374581939799331,1.2736537456512451
Wiki,35,13,17,0.8,0.5,5,0.43653112239266545,0.010135135135135136,0.07274247491638795,1.407750129699707
Wiki,35,13,18,0.85,0.5,1,0.43258195700310503,0.004914004914004914,0.056020066889632104,1.2751333713531494
Wiki,35,13,18,0.85,0.5,2,0.44345372335733024,0.004914004914004914,0.044732441471571904,1.2705700397491455
Wiki,35,13,18,0.85,0.5,3,0.47391859945751375,0.012012012012012012,0.12040133779264214,1.2713286876678467
Wiki,35,13,18,0.85,0.5,4,0.42818443809776147,0.013513513513513514,0.11538461538461539,1.3922476768493652
Wiki,35,13,18,0.85,0.5,5,0.44397873642777286,0.004914004914004914,0.06521739130434782,1.2694587707519531
Wiki,35,13,19,0.9,0.5,1,0.46619630200111845,0.0,0.025501672240802676,1.2710413932800293
Wiki,35,13,19,0.9,0.5,2,0.42813854090369413,0.004914004914004914,0.07734113712374582,1.2711622714996338
Wiki,35,13,19,0.9,0.5,3,0.3989728064464129,0.004914004914004914,0.10033444816053512,1.3982985019683838
Wiki,35,13,19,0.9,0.5,4,0.4179299187068406,0.008333333333333333,0.08904682274247491,1.2693376541137695
Wiki,35,13,19,0.9,0.5,5,0.4251278585612031,0.011583011583011582,0.11789297658862877,1.2725074291229248
Wiki,35,13,20,0.95,0.5,1,0.4218754639620523,0.0,0.024665551839464884,1.3912312984466553
Wiki,35,13,20,0.95,0.5,2,0.44225158441228535,0.008108108108108109,0.058946488294314384,1.2760200500488281
Wiki,35,13,20,0.95,0.5,3,0.42240511798431124,0.009009009009009009,0.08862876254180602,1.2700824737548828
Wiki,35,13,20,0.95,0.5,4,0.41010098985986815,0.0033783783783783786,0.04724080267558529,1.2686991691589355
Wiki,35,13,20,0.95,0.5,5,0.4187483967661353,0.012012012012012012,0.12165551839464883,1.4054057598114014
Wiki,35,13,21,1,0.5,1,0.39915271314127376,0.0022522522522522522,0.04598662207357859,1.270066499710083
Wiki,35,13,21,1,0.5,2,0.48734770915918296,0.005050505050505051,0.09406354515050168,1.2998120784759521
Wiki,35,13,21,1,0.5,3,0.42224981926121585,0.005555555555555556,0.08946488294314381,1.4030535221099854
Wiki,35,13,21,1,0.5,4,0.44040725414234805,0.01984126984126984,0.16262541806020067,1.2728967666625977
Wiki,35,13,21,1,0.5,5,0.42562163605534054,0.0022522522522522522,0.04222408026755853,1.275101900100708
Wiki,36,19,0,0,,0,0.4564967348694524,0.0,0.027242246437552388,
Wiki,36,19,0,0,,0,0.4055252058197979,0.004158004158004158,0.07627829002514669,
Wiki,36,19,0,0,,0,0.472237181706395,0.005791505791505791,0.06496227996647108,
Wiki,36,19,0,0,,0,0.46354027252554875,0.0015015015015015015,0.02933780385582565,
Wiki,36,19,0,0,,0,0.4028847171425907,0.003179650238473768,0.10142497904442582,
Wiki,36,19,0,0.01,0.5,1,0.4155325497213002,0.010135135135135136,0.08885163453478626,1.270395040512085
Wiki,36,19,0,0.01,0.5,2,0.4265789523435867,0.0016891891891891893,0.04400670578373848,1.393446922302246
Wiki,36,19,0,0.01,0.5,3,0.3907707638808191,0.006237006237006237,0.06244761106454317,1.2726247310638428
Wiki,36,19,0,0.01,0.5,4,0.4772236892570296,0.005405405405405406,0.050293378038558254,1.26967191696167
Wiki,36,19,0,0.01,0.5,5,0.4184901390361093,0.008108108108108109,0.10100586756077116,1.3937883377075195
Wiki,36,19,1,0.05,0.5,1,0.45440245431878157,0.0,0.004191114836546521,1.2739505767822266
Wiki,36,19,1,0.05,0.5,2,0.41542940716072685,0.019305019305019305,0.12573344509639564,1.2753984928131104
Wiki,36,19,1,0.05,0.5,3,0.41144253005319564,0.0015015015015015015,0.040234702430846606,1.2694621086120605
Wiki,36,19,1,0.05,0.5,4,0.44761516427596293,0.006756756756756757,0.11064543168482817,1.3788435459136963
Wiki,36,19,1,0.05,0.5,5,0.4331554205048958,0.005791505791505791,0.10435875943000839,1.2695767879486084
Wiki,36,19,2,0.1,0.5,1,0.4481162454173725,0.009009009009009009,0.10435875943000839,1.2733325958251953
Wiki,36,19,2,0.1,0.5,2,0.41865571924266864,0.009009009009009009,0.11274098910310143,1.397425651550293
Wiki,36,19,2,0.1,0.5,3,0.4525171942132998,0.003179650238473768,0.04735959765297569,1.2690021991729736
Wiki,36,19,2,0.1,0.5,4,0.44188873422662467,0.005405405405405406,0.07418273260687343,1.2677726745605469
Wiki,36,19,2,0.1,0.5,5,0.4453769247497301,0.009009009009009009,0.08591785414920369,1.3255503177642822
Wiki,36,19,2,0.15,0.5,1,0.4603806937540083,0.0015432098765432098,0.05071248952221291,1.4058012962341309
Wiki,36,19,2,0.15,0.5,2,0.47267298664305685,0.0036036036036036037,0.039815590947191955,1.275691270828247
Wiki,36,19,2,0.15,0.5,3,0.40564394482784294,0.008316008316008316,0.11609388097233864,1.2715744972229004
Wiki,36,19,2,0.15,0.5,4,0.3876770847985449,0.004158004158004158,0.06244761106454317,1.2694237232208252
Wiki,36,19,2,0.15,0.5,5,0.4577352358344188,0.015015015015015015,0.1366303436714166,1.4040966033935547
Wiki,36,19,3,0.2,0.5,1,0.4421475590742915,0.007575757575757576,0.07082984073763621,1.2703957557678223
Wiki,36,19,3,0.2,0.5,2,0.404515716631054,0.027777777777777776,0.23176865046102263,1.2707653045654297
Wiki,36,19,3,0.2,0.5,3,0.42949231955469247,0.005405405405405406,0.06286672254819782,1.399911642074585
Wiki,36,19,3,0.2,0.5,4,0.39342674558375457,0.006237006237006237,0.07837384744341995,1.2732186317443848
Wiki,36,19,3,0.2,0.5,5,0.44381929185879393,0.015444015444015444,0.11693210393964795,1.269237995147705
Wiki,36,19,4,0.25,0.5,1,0.47989806339701213,0.009259259259259259,0.08717518860016764,1.272355318069458
Wiki,36,19,4,0.25,0.5,2,0.40910743511902686,0.003179650238473768,0.06873428331936295,1.3924119472503662
Wiki,36,19,4,0.25,0.5,3,0.4256947914225868,0.015444015444015444,0.12447611064543168,1.269007682800293
Wiki,36,19,4,0.25,0.5,4,0.4480694366100615,0.0015015015015015015,0.040234702430846606,1.2748525142669678
Wiki,36,19,4,0.25,0.5,5,0.420991078822113,0.009828009828009828,0.12824811399832356,1.2706308364868164
Wiki,36,19,5,0.3,0.5,1,0.35532614262239665,0.004158004158004158,0.07921207041072925,1.3942787647247314
Wiki,36,19,5,0.3,0.5,2,0.4654492773604354,0.006172839506172839,0.09178541492036882,1.2692208290100098
Wiki,36,19,5,0.3,0.5,3,0.47080392961370665,0.0,0.02137468566638726,1.2711853981018066
Wiki,36,19,5,0.3,0.5,4,0.447147071009908,0.015015015015015015,0.16219614417435038,1.393953561782837
Wiki,36,19,5,0.3,0.5,5,0.4075404280633849,0.0045045045045045045,0.09220452640402348,1.2730965614318848
Wiki,36,19,6,0.35,0.5,1,0.42371677931334173,0.0015432098765432098,0.07376362112321877,1.2705554962158203
Wiki,36,19,6,0.35,0.5,2,0.44777077854816427,0.015444015444015444,0.1173512154233026,1.2701313495635986
Wiki,36,19,6,0.35,0.5,3,0.39181181999759895,0.009009009009009009,0.12992455993294216,1.3965847492218018
Wiki,36,19,6,0.35,0.5,4,0.42283298920751716,0.0015015015015015015,0.018860016764459347,1.2980546951293945
Wiki,36,19,6,0.35,0.5,5,0.432841782390187,0.009828009828009828,0.12112321877619447,1.2698149681091309
Wiki,36,19,6,0.4,0.5,1,0.40040176199252786,0.007407407407407408,0.11986588432523052,1.3991777896881104
Wiki,36,19,6,0.4,0.5,2,0.4399261627854199,0.013888888888888888,0.14165968147527241,1.2692432403564453
Wiki,36,19,6,0.4,0.5,3,0.41260248972201125,0.0033783783783783786,0.09220452640402348,1.2700817584991455
Wiki,36,19,6,0.4,0.5,4,0.4331227328193052,0.013513513513513514,0.09220452640402348,1.2697513103485107
Wiki,36,19,6,0.4,0.5,5,0.44832995641757856,0.032432432432432434,0.18147527242246436,1.391599178314209
Wiki,36,19,7,0.45,0.5,1,0.41661643614340726,0.016891891891891893,0.14040234702430845,1.2715210914611816
Wiki,36,19,7,0.45,0.5,2,0.40007697056837,0.0,0.02137468566638726,1.2714145183563232
Wiki,36,19,7,0.45,0.5,3,0.3845398820862721,0.016891891891891893,0.11609388097233864,1.2698111534118652
Wiki,36,19,7,0.45,0.5,4,0.41024965596124546,0.032432432432432434,0.20201173512154233,1.3982899188995361
Wiki,36,19,7,0.45,0.5,5,0.4079683393037778,0.016891891891891893,0.16135792120704107,1.2697060108184814
Wiki,36,19,8,0.5,0.5,1,0.4357628612949474,0.013888888888888888,0.1697401508801341,1.274000644683838
Wiki,36,19,8,0.5,0.5,2,0.4218708492136748,0.032432432432432434,0.18231349538977368,1.392364740371704
Wiki,36,19,8,0.5,0.5,3,0.41818587271601154,0.023809523809523808,0.15213746856663873,1.2759766578674316
Wiki,36,19,8,0.5,0.5,4,0.4357467445082131,0.009009009009009009,0.09220452640402348,1.2727985382080078
Wiki,36,19,8,0.5,0.5,5,0.4186329486333824,0.003861003861003861,0.07753562447611065,1.2725679874420166
Wiki,36,19,9,0.55,0.5,1,0.4172492357555659,0.005791505791505791,0.08130762782900251,1.4025623798370361
Wiki,36,19,9,0.55,0.5,2,0.41356062633453605,0.010810810810810811,0.12740989103101424,1.2752842903137207
Wiki,36,19,9,0.55,0.5,3,0.4266882875450132,0.03783783783783784,0.18147527242246436,1.2763671875
Wiki,36,19,9,0.55,0.5,4,0.42141035494179896,0.006237006237006237,0.10477787091366303,1.4485666751861572
Wiki,36,19,9,0.55,0.5,5,0.43685792887700603,0.0,0.020955574182732608,1.2842957973480225
Wiki,36,19,10,0.6,0.5,1,0.4388188253518889,0.005067567567567568,0.11148365465213747,1.2732396125793457
Wiki,36,19,10,0.6,0.5,2,0.4011575697071994,0.013888888888888888,0.12112321877619447,1.2975692749023438
Wiki,36,19,10,0.6,0.5,3,0.46498776644472206,0.009828009828009828,0.13621123218776193,1.4004788398742676
Wiki,36,19,10,0.6,0.5,4,0.44182658351588894,0.02252252252252252,0.12321877619446772,1.2743544578552246
Wiki,36,19,10,0.6,0.5,5,0.4169775583086933,0.008108108108108109,0.12824811399832356,1.3580718040466309
Wiki,36,19,10,0.65,0.5,1,0.4454800651774848,0.02702702702702703,0.13285834031852473,1.4451472759246826
Wiki,36,19,10,0.65,0.5,2,0.41380170860836374,0.0016339869281045752,0.06580050293378038,1.4856889247894287
Wiki,36,19,10,0.65,0.5,3,0.44746623541237546,0.005791505791505791,0.07250628667225482,1.2702205181121826
Wiki,36,19,10,0.65,0.5,4,0.40377026550067674,0.013513513513513514,0.09388097233864208,1.3316056728363037
Wiki,36,19,10,0.65,0.5,5,0.42012050867123596,0.007722007722007722,0.134953897736798,1.4108541011810303
Wiki,36,19,11,0.7,0.5,1,0.4502392439301961,0.012474012474012475,0.21165129924559933,1.3597230911254883
Wiki,36,19,11,0.7,0.5,2,0.41882212883925146,0.010101010101010102,0.1383067896060352,1.4220173358917236
Wiki,36,19,11,0.7,0.5,3,0.46585598516213655,0.01126126126126126,0.12950544844928752,1.2722115516662598
Wiki,36,19,11,0.7,0.5,4,0.4084831320121728,0.012345679012345678,0.1479463537300922,1.54380464553833
Wiki,36,19,11,0.7,0.5,5,0.40733824481659164,0.015444015444015444,0.09346186085498742,1.343322992324829
Wiki,36,19,12,0.75,0.5,1,0.44613594210112906,0.02702702702702703,0.20075440067057837,1.3549251556396484
Wiki,36,19,12,0.75,0.5,2,0.4414691495467767,0.013513513513513514,0.15758591785414922,1.4669547080993652
Wiki,36,19,12,0.75,0.5,3,0.4449077311880671,0.010810810810810811,0.14417435037720033,1.3163402080535889
Wiki,36,19,12,0.75,0.5,4,0.4061044633234775,0.005208333333333333,0.10435875943000839,1.3281617164611816
Wiki,36,19,12,0.75,0.5,5,0.39269997694899544,0.007371007371007371,0.0997485331098072,1.3175749778747559
Wiki,36,19,13,0.8,0.5,1,0.44342814813799636,0.02252252252252252,0.13327745180217937,1.471649169921875
Wiki,36,19,13,0.8,0.5,2,0.4418642166460305,0.017361111111111112,0.10142497904442582,1.319265604019165
Wiki,36,19,13,0.8,0.5,3,0.4211483443487228,0.009652509652509652,0.1663872590108969,1.3096458911895752
Wiki,36,19,13,0.8,0.5,4,0.4467287845786201,0.012012012012012012,0.1357921207041073,1.3656866550445557
Wiki,36,19,13,0.8,0.5,5,0.46017034351315206,0.023166023166023165,0.22799664710813075,1.4682643413543701
Wiki,36,19,14,0.85,0.5,1,0.42011798997589217,0.032432432432432434,0.17476948868398995,1.3344464302062988
Wiki,36,19,14,0.85,0.5,2,0.4515499778192946,0.02702702702702703,0.18105616093880972,1.3172454833984375
Wiki,36,19,14,0.85,0.5,3,0.4432172656352671,0.005067567567567568,0.09555741827326068,1.4294471740722656
Wiki,36,19,14,0.85,0.5,4,0.43564136876148096,0.019305019305019305,0.1994970662196144,1.348642349243164
Wiki,36,19,14,0.85,0.5,5,0.41202826774213214,0.015444015444015444,0.12321877619446772,1.3318252563476562
Wiki,36,19,14,0.9,0.5,1,0.4478171373239137,0.027777777777777776,0.18524727577535624,1.3183588981628418
Wiki,36,19,14,0.9,0.5,2,0.45951449461623184,0.005405405405405406,0.14291701592623637,1.4611332416534424
Wiki,36,19,14,0.9,0.5,3,0.4241965463075392,0.009009009009009009,0.08172673931265717,1.3280084133148193
Wiki,36,19,14,0.9,0.5,4,0.4312821842333358,0.0032679738562091504,0.05490360435875943,1.3186111450195312
Wiki,36,19,14,0.9,0.5,5,0.41272434785021056,0.02702702702702703,0.16345347862531434,1.4622838497161865
Wiki,36,19,15,0.95,0.5,1,0.42411966107060345,0.03153153153153153,0.2242246437552389,1.3272795677185059
Wiki,36,19,15,0.95,0.5,2,0.4316020494237726,0.008316008316008316,0.1462699077954736,1.3527960777282715
Wiki,36,19,15,0.95,0.5,3,0.46439825905840176,0.032432432432432434,0.18692372170997484,1.364518642425537
Wiki,36,19,15,0.95,0.5,4,0.4220882321494952,0.02702702702702703,0.19279128248113997,1.462486982345581
Wiki,36,19,15,0.95,0.5,5,0.42037237265760075,0.027777777777777776,0.18901927912824812,1.3592190742492676
Wiki,36,19,16,1,0.5,1,0.4375238844362951,0.02702702702702703,0.21751886001676446,1.326610803604126
Wiki,36,19,16,1,0.5,2,0.4416725787973952,0.014742014742014743,0.17812238055322716,1.3224525451660156
Wiki,36,19,16,1,0.5,3,0.44332260828827763,0.016666666666666666,0.17267393126571667,1.4332151412963867
Wiki,36,19,16,1,0.5,4,0.4501511658909681,0.012285012285012284,0.125314333612741,1.321143388748169
Wiki,36,19,16,1,0.5,5,0.44146052414514064,0.032407407407407406,0.22464375523889354,1.317528486251831
Wiki,37,5,0,0,,0,0.4496609176493394,0.0,0.03333333333333333,
Wiki,37,5,0,0,,0,0.4161992614105352,0.0,0.00375,
Wiki,37,5,0,0,,0,0.37884134773882727,0.0,0.0125,
Wiki,37,5,0,0,,0,0.4294197322262036,0.0,0.030833333333333334,
Wiki,37,5,0,0,,0,0.37566791510047265,0.0,0.03625,
Wiki,37,5,0,0.01,0.5,1,0.43080550668843026,0.0,0.020833333333333332,1.3145184516906738
Wiki,37,5,0,0.01,0.5,2,0.4644998007811674,0.0,0.03125,1.3130931854248047
Wiki,37,5,0,0.01,0.5,3,0.45865977670070235,0.0,0.02875,1.3075289726257324
Wiki,37,5,0,0.01,0.5,4,0.46003170540099636,0.0,0.028333333333333332,1.4348764419555664
Wiki,37,5,0,0.01,0.5,5,0.47327944004861827,0.0,0.020416666666666666,1.3123548030853271
Wiki,37,5,0,0.05,0.5,1,0.39016215757905526,0.0,0.03625,1.3129537105560303
Wiki,37,5,0,0.05,0.5,2,0.3782509399391382,0.0,0.02625,1.4456489086151123
Wiki,37,5,0,0.05,0.5,3,0.41511472985926207,0.0,0.015,1.3107759952545166
Wiki,37,5,0,0.05,0.5,4,0.3956229659175316,0.0,0.028333333333333332,1.317307949066162
Wiki,37,5,0,0.05,0.5,5,0.4013313064937927,0.0,0.041666666666666664,1.4086415767669678
Wiki,37,5,1,0.1,0.5,1,0.4231758396103611,0.0,0.020416666666666666,1.5296413898468018
Wiki,37,5,1,0.1,0.5,2,0.4542432335445437,0.0,0.025416666666666667,1.4178555011749268
Wiki,37,5,1,0.1,0.5,3,0.4274913777366521,0.0,0.034166666666666665,1.4213547706604004
Wiki,37,5,1,0.1,0.5,4,0.4520408756842551,0.0,0.024166666666666666,1.399038553237915
Wiki,37,5,1,0.1,0.5,5,0.42439097215035415,0.0,0.0225,1.4671571254730225
Wiki,37,5,2,0.15,0.5,1,0.4364083053103445,0.0,0.020833333333333332,1.3134245872497559
Wiki,37,5,2,0.15,0.5,2,0.40575942362090534,0.0,0.034583333333333334,1.391188383102417
Wiki,37,5,2,0.15,0.5,3,0.4754936276995372,0.0,0.02,1.5282063484191895
Wiki,37,5,2,0.15,0.5,4,0.4261720701413672,0.0,0.0004166666666666667,1.4458770751953125
Wiki,37,5,2,0.15,0.5,5,0.42867441518917837,0.0,0.030833333333333334,1.4706947803497314
Wiki,37,5,2,0.2,0.5,1,0.42812642619699154,0.0,0.027083333333333334,1.3883917331695557
Wiki,37,5,2,0.2,0.5,2,0.4390937517289874,0.0,0.035833333333333335,1.489722490310669
Wiki,37,5,2,0.2,0.5,3,0.4416616862578165,0.0,0.018333333333333333,1.2967724800109863
Wiki,37,5,2,0.2,0.5,4,0.4394908708567677,0.0,0.028333333333333332,1.3035635948181152
Wiki,37,5,2,0.2,0.5,5,0.4135642005371711,0.0,0.014583333333333334,1.3149652481079102
Wiki,37,5,2,0.25,0.5,1,0.4157327937758198,0.0,0.02875,1.4360365867614746
Wiki,37,5,2,0.25,0.5,2,0.39370691910753103,0.0,0.0020833333333333333,1.3089735507965088
Wiki,37,5,2,0.25,0.5,3,0.44575342329929085,0.0,0.03166666666666667,1.3078441619873047
Wiki,37,5,2,0.25,0.5,4,0.4484384024277992,0.0,0.029166666666666667,1.4285106658935547
Wiki,37,5,2,0.25,0.5,5,0.45147278429826554,0.0,0.0125,1.3105599880218506
Wiki,37,5,3,0.3,0.5,1,0.45267627030645446,0.0,0.03916666666666667,1.3113534450531006
Wiki,37,5,3,0.3,0.5,2,0.4207841273349895,0.0,0.029166666666666667,1.2995190620422363
Wiki,37,5,3,0.3,0.5,3,0.4338808416710073,0.0,0.027916666666666666,1.4462649822235107
Wiki,37,5,3,0.3,0.5,4,0.4501775340452737,0.0,0.025416666666666667,1.3006155490875244
Wiki,37,5,3,0.3,0.5,5,0.4216119649193855,0.0,0.008333333333333333,1.3002455234527588
Wiki,37,5,4,0.35,0.5,1,0.43279296230837044,0.0,0.0075,1.4370617866516113
Wiki,37,5,4,0.35,0.5,2,0.43353470229256386,0.0,0.015416666666666667,1.3060495853424072
Wiki,37,5,4,0.35,0.5,3,0.4333520302902134,0.0,0.014166666666666666,1.3177227973937988
Wiki,37,5,4,0.35,0.5,4,0.4592444711869004,0.0,0.009166666666666667,1.3245012760162354
Wiki,37,5,4,0.35,0.5,5,0.3977650699012585,0.0,0.02625,1.4471023082733154
Wiki,37,5,4,0.4,0.5,1,0.4275503357888097,0.0,0.02125,1.3488163948059082
Wiki,37,5,4,0.4,0.5,2,0.40574562580625834,0.0,0.009583333333333333,1.315941333770752
Wiki,37,5,4,0.4,0.5,3,0.44039826488886646,0.009009009009009009,0.05291666666666667,1.3337080478668213
Wiki,37,5,4,0.4,0.5,4,0.40903205497565714,0.0,0.018333333333333333,1.449517011642456
Wiki,37,5,4,0.4,0.5,5,0.4732551722887418,0.0,0.025416666666666667,1.3157789707183838
Wiki,37,5,4,0.45,0.5,1,0.42688246426041654,0.0,0.02125,1.3104352951049805
Wiki,37,5,4,0.45,0.5,2,0.438307477230246,0.0,0.010833333333333334,1.4351387023925781
Wiki,37,5,4,0.45,0.5,3,0.41182537468940295,0.0,0.0375,1.3156538009643555
Wiki,37,5,4,0.45,0.5,4,0.4393776383790269,0.0,0.029583333333333333,1.3338654041290283
Wiki,37,5,4,0.45,0.5,5,0.4431393584709716,0.0,0.022916666666666665,1.3157663345336914
Wiki,37,5,5,0.5,0.5,1,0.44014653634177153,0.0,0.014166666666666666,1.459627628326416
Wiki,37,5,5,0.5,0.5,2,0.41934664309133274,0.0,0.021666666666666667,1.309636116027832
Wiki,37,5,5,0.5,0.5,3,0.4329741080577523,0.006944444444444444,0.0375,1.295764684677124
Wiki,37,5,5,0.5,0.5,4,0.42901358497713465,0.0,0.029583333333333333,1.4357733726501465
Wiki,37,5,5,0.5,0.5,5,0.44307107735098544,0.0,0.02125,1.2925992012023926
Wiki,37,5,6,0.55,0.5,1,0.45701519756048753,0.006756756756756757,0.0375,1.2955121994018555
Wiki,37,5,6,0.55,0.5,2,0.41733701557141384,0.0,0.03375,1.2920644283294678
Wiki,37,5,6,0.55,0.5,3,0.4453023789659482,0.02702702702702703,0.06166666666666667,1.441866397857666
Wiki,37,5,6,0.55,0.5,4,0.41046593046915864,0.0,0.035833333333333335,1.325547456741333
Wiki,37,5,6,0.55,0.5,5,0.46409998549215725,0.009009009009009009,0.027083333333333334,1.3330774307250977
Wiki,37,5,6,0.6,0.5,1,0.40772261895822753,0.0,0.025416666666666667,1.3015525341033936
Wiki,37,5,6,0.6,0.5,2,0.441329177968094,0.0,0.03,1.4361283779144287
Wiki,37,5,6,0.6,0.5,3,0.43136044652431277,0.006756756756756757,0.04541666666666667,1.3379716873168945
Wiki,37,5,6,0.6,0.5,4,0.42837896642064577,0.0,0.03208333333333333,1.332655668258667
Wiki,37,5,6,0.6,0.5,5,0.42063781251625776,0.006756756756756757,0.0525,1.426837682723999
Wiki,37,5,6,0.65,0.5,1,0.4066723064172039,0.0,0.024166666666666666,1.321803331375122
Wiki,37,5,6,0.65,0.5,2,0.4700247663598952,0.0,0.014583333333333334,1.3255553245544434
Wiki,37,5,6,0.65,0.5,3,0.4453035964441217,0.0,0.015,1.324558973312378
Wiki,37,5,6,0.65,0.5,4,0.4495366056043734,0.006756756756756757,0.05,1.489522933959961
Wiki,37,5,6,0.65,0.5,5,0.41298658560382473,0.0,0.020833333333333332,1.4075918197631836
Wiki,37,5,7,0.7,0.5,1,0.4059055581347228,0.0,0.009583333333333333,1.3922674655914307
Wiki,37,5,7,0.7,0.5,2,0.42706086003854316,0.0,0.004166666666666667,1.5339293479919434
Wiki,37,5,7,0.7,0.5,3,0.41812365116339245,0.006756756756756757,0.04708333333333333,1.401883840560913
Wiki,37,5,7,0.7,0.5,4,0.4249549321735249,0.006756756756756757,0.06708333333333333,1.4054088592529297
Wiki,37,5,7,0.7,0.5,5,0.43527600806268263,0.0,0.022083333333333333,1.386655569076538
Wiki,37,5,8,0.75,0.5,1,0.4641028455544087,0.0,0.01875,1.534196376800537
Wiki,37,5,8,0.75,0.5,2,0.4227205155993126,0.0,0.04083333333333333,1.4400570392608643
Wiki,37,5,8,0.75,0.5,3,0.447742299469594,0.0,0.013333333333333334,1.4284663200378418
Wiki,37,5,8,0.75,0.5,4,0.3959824766535555,0.0,0.015,1.4238014221191406
Wiki,37,5,8,0.75,0.5,5,0.36373813646596626,0.006756756756756757,0.05541666666666667,1.5485389232635498
Wiki,37,5,8,0.8,0.5,1,0.4248201668589639,0.006756756756756757,0.029166666666666667,1.4548444747924805
Wiki,37,5,8,0.8,0.5,2,0.4035770324777152,0.0,0.025416666666666667,1.4402801990509033
Wiki,37,5,8,0.8,0.5,3,0.39415839923293083,0.006944444444444444,0.05458333333333333,1.5595896244049072
Wiki,37,5,8,0.8,0.5,4,0.4209549395044261,0.018018018018018018,0.045,1.4423878192901611
Wiki,37,5,8,0.8,0.5,5,0.4208834280797017,0.006756756756756757,0.055,1.4581573009490967
Wiki,37,5,8,0.85,0.5,1,0.4141605254020799,0.006756756756756757,0.034166666666666665,1.4274330139160156
Wiki,37,5,8,0.85,0.5,2,0.4191078587095728,0.0,0.0175,1.5383028984069824
Wiki,37,5,8,0.85,0.5,3,0.4104749509594315,0.0,0.027083333333333334,1.3390436172485352
Wiki,37,5,8,0.85,0.5,4,0.41565250599878234,0.006944444444444444,0.04833333333333333,1.33858060836792
Wiki,37,5,8,0.85,0.5,5,0.4568662555521942,0.0,0.017083333333333332,1.5062594413757324
Wiki,37,5,9,0.9,0.5,1,0.4224910653712567,0.006756756756756757,0.023333333333333334,1.406522512435913
Wiki,37,5,9,0.9,0.5,2,0.4426670314780531,0.009009009009009009,0.044583333333333336,1.3869342803955078
Wiki,37,5,9,0.9,0.5,3,0.4261904129711087,0.006756756756756757,0.044583333333333336,1.3897333145141602
Wiki,37,5,9,0.9,0.5,4,0.4397395152606071,0.018018018018018018,0.06041666666666667,1.506098747253418
Wiki,37,5,9,0.9,0.5,5,0.42085469701641604,0.0,0.022916666666666665,1.3637337684631348
Wiki,37,5,10,0.95,0.5,1,0.4383230654073209,0.0,0.022916666666666665,1.3608524799346924
Wiki,37,5,10,0.95,0.5,2,0.43746851324829167,0.0,0.009166666666666667,1.328948974609375
Wiki,37,5,10,0.95,0.5,3,0.4194483702001127,0.009009009009009009,0.03,1.4946467876434326
Wiki,37,5,10,0.95,0.5,4,0.4379128835175167,0.0,0.025416666666666667,1.3787822723388672
Wiki,37,5,10,0.95,0.5,5,0.3875973806995084,0.0,0.022083333333333333,1.3823704719543457
Wiki,37,5,10,1,0.5,1,0.4479829502593643,0.018018018018018018,0.0875,1.4880192279815674
Wiki,37,5,10,1,0.5,2,0.41466040786603253,0.006756756756756757,0.05708333333333333,1.3680241107940674
Wiki,37,5,10,1,0.5,3,0.4122448643578002,0.0,0.007083333333333333,1.3457989692687988
Wiki,37,5,10,1,0.5,4,0.44333051303011056,0.006756756756756757,0.04833333333333333,1.3271567821502686
Wiki,37,5,10,1,0.5,5,0.3904625700426451,0.0,0.028333333333333332,1.4886510372161865
Wiki,38,3,0,0,,0,0.4382712305522159,0.0,0.01665278934221482,
Wiki,38,3,0,0,,0,0.4263854178061431,0.0,0.027477102414654453,
Wiki,38,3,0,0,,0,0.4061570440186777,0.0,0.019567027477102414,
Wiki,38,3,0,0,,0,0.43978357388534633,0.0,0.024562864279766863,
Wiki,38,3,0,0,,0,0.4464643615070654,0.0,0.03330557868442964,
Wiki,38,3,0,0.01,0.5,1,0.46540765812315404,0.0,0.02164862614487927,1.33034348487854
Wiki,38,3,0,0.01,0.5,2,0.4303561395207634,0.0,0.020815986677768527,1.3273780345916748
Wiki,38,3,0,0.01,0.5,3,0.4345706234739302,0.0,0.02331390507910075,1.4530503749847412
Wiki,38,3,0,0.01,0.5,4,0.4325661712685878,0.0,0.024562864279766863,1.3378658294677734
Wiki,38,3,0,0.01,0.5,5,0.44132084051077597,0.0,0.021232306411323898,1.3531460762023926
Wiki,38,3,0,0.05,0.5,1,0.44029962105543563,0.0,0.020399666944213156,1.4635093212127686
Wiki,38,3,0,0.05,0.5,2,0.40850366851097636,0.0,0.037052456286427976,1.4064457416534424
Wiki,38,3,0,0.05,0.5,3,0.42742233433420557,0.0,0.03205661948376353,1.3390076160430908
Wiki,38,3,0,0.05,0.5,4,0.418584205832857,0.0,0.029142381348875937,1.3655030727386475
Wiki,38,3,0,0.05,0.5,5,0.4629743484951612,0.0,0.027060782681099085,1.4729256629943848
Wiki,38,3,0,0.1,0.5,1,0.45536897316184344,0.0,0.027893422148209824,1.373105764389038
Wiki,38,3,0,0.1,0.5,2,0.4431676781302094,0.0,0.03330557868442964,1.348811388015747
Wiki,38,3,0,0.1,0.5,3,0.5024122498189127,0.0,0.03788509575353872,1.470656156539917
Wiki,38,3,0,0.1,0.5,4,0.4303431036312866,0.0,0.019567027477102414,1.3914539813995361
Wiki,38,3,0,0.1,0.5,5,0.3993727189906631,0.0,0.030391340549542047,1.4142985343933105
Wiki,38,3,0,0.15,0.5,1,0.4347857861970412,0.013513513513513514,0.050374687760199835,1.3727598190307617
Wiki,38,3,0,0.15,0.5,2,0.40708389859443617,0.0,0.03288925895087427,1.5167841911315918
Wiki,38,3,0,0.15,0.5,3,0.3923335948557991,0.0,0.028309741881765195,1.4219238758087158
Wiki,38,3,0,0.15,0.5,4,0.37922474462927347,0.0,0.026228143213988343,1.3615360260009766
Wiki,38,3,0,0.15,0.5,5,0.47799822730749497,0.0,0.030807660283097418,1.4879405498504639
Wiki,38,3,1,0.2,0.5,1,0.39920185468077574,0.0,0.03538717735220649,1.3478128910064697
Wiki,38,3,1,0.2,0.5,2,0.4081959241753898,0.0,0.036219816819317234,1.3390579223632812
Wiki,38,3,1,0.2,0.5,3,0.40795131578725186,0.0,0.0324729392173189,1.346043348312378
Wiki,38,3,1,0.2,0.5,4,0.38130047624372426,0.0,0.018734388009991675,1.4527747631072998
Wiki,38,3,1,0.2,0.5,5,0.4190262901872223,0.0,0.025811823480432972,1.3245418071746826
Wiki,38,3,1,0.25,0.5,1,0.39296863625714884,0.0,0.024562864279766863,1.3374285697937012
Wiki,38,3,1,0.25,0.5,2,0.41830165103472644,0.05405405405405406,0.0507910074937552,1.4697401523590088
Wiki,38,3,1,0.25,0.5,3,0.42394117204892284,0.0,0.030807660283097418,1.3512868881225586
Wiki,38,3,1,0.25,0.5,4,0.40552933647493483,0.0,0.025811823480432972,1.3495829105377197
Wiki,38,3,1,0.25,0.5,5,0.4660925382191043,0.0,0.013738551207327226,1.3350303173065186
Wiki,38,3,1,0.3,0.5,1,0.4550748420453325,0.0,0.033721898417985015,1.4506986141204834
Wiki,38,3,1,0.3,0.5,2,0.4331647620590241,0.013513513513513514,0.03788509575353872,1.369096279144287
Wiki,38,3,1,0.3,0.5,3,0.4115087248074981,0.0,0.03164029975020816,1.3393216133117676
Wiki,38,3,1,0.3,0.5,4,0.4235067050237916,0.0,0.0253955037468776,1.4602420330047607
Wiki,38,3,1,0.3,0.5,5,0.4527811577673901,0.0,0.04079933388842631,1.3429431915283203
Wiki,38,3,1,0.35,0.5,1,0.44539675910506177,0.0,0.038301415487094086,1.332270860671997
Wiki,38,3,1,0.35,0.5,2,0.42255433581468316,0.0,0.029142381348875937,1.3797690868377686
Wiki,38,3,1,0.35,0.5,3,0.4496563524188815,0.0,0.022481265611990008,1.4880378246307373
Wiki,38,3,1,0.35,0.5,4,0.4234364513787295,0.0,0.02997502081598668,1.3817973136901855
Wiki,38,3,1,0.35,0.5,5,0.4241468620452066,0.0,0.027060782681099085,1.3596348762512207
Wiki,38,3,1,0.4,0.5,1,0.47540907342404515,0.0,0.030391340549542047,1.5351123809814453
Wiki,38,3,1,0.4,0.5,2,0.40884313492784125,0.0,0.013738551207327226,1.3708994388580322
Wiki,38,3,1,0.4,0.5,3,0.4410076433604443,0.0,0.03164029975020816,1.3471834659576416
Wiki,38,3,1,0.4,0.5,4,0.4062579356235566,0.0,0.038301415487094086,1.3095927238464355
Wiki,38,3,1,0.4,0.5,5,0.43208832311591694,0.0,0.029142381348875937,1.4854822158813477
Wiki,38,3,1,0.45,0.5,1,0.4154683874836081,0.0,0.02164862614487927,1.344877004623413
Wiki,38,3,1,0.45,0.5,2,0.41339910543969194,0.0,0.02331390507910075,1.3326117992401123
Wiki,38,3,1,0.45,0.5,3,0.43818845471597623,0.0,0.03164029975020816,1.4554674625396729
Wiki,38,3,1,0.45,0.5,4,0.42591403787437837,0.0,0.028309741881765195,1.3342652320861816
Wiki,38,3,1,0.45,0.5,5,0.45662678719924304,0.0,0.028726061615320566,1.344902515411377
Wiki,38,3,2,0.5,0.5,1,0.41579819650988425,0.013513513513513514,0.04995836802664446,1.3417994976043701
Wiki,38,3,2,0.5,0.5,2,0.45212036101263486,0.0,0.00791007493755204,1.4589295387268066
Wiki,38,3,2,0.5,0.5,3,0.4367298905999646,0.0,0.0253955037468776,1.3830504417419434
Wiki,38,3,2,0.5,0.5,4,0.45286429968320546,0.0,0.033721898417985015,1.3434512615203857
Wiki,38,3,2,0.5,0.5,5,0.4355375788841123,0.0,0.003746877601998335,1.5515830516815186
Wiki,38,3,2,0.55,0.5,1,0.3964190978337046,0.0,0.022481265611990008,1.4071762561798096
Wiki,38,3,2,0.55,0.5,2,0.4102753132812767,0.013513513513513514,0.06203164029975021,1.3454225063323975
Wiki,38,3,2,0.55,0.5,3,0.45537064216699014,0.0,0.02997502081598668,1.3928756713867188
Wiki,38,3,2,0.55,0.5,4,0.4152226322853729,0.0,0.025811823480432972,1.555957555770874
Wiki,38,3,2,0.55,0.5,5,0.4429995121843318,0.013513513513513514,0.042464612822647796,1.4387474060058594
Wiki,38,3,2,0.6,0.5,1,0.4459212495387424,0.013513513513513514,0.07160699417152373,1.4390199184417725
Wiki,38,3,2,0.6,0.5,2,0.38753634358077355,0.013513513513513514,0.04870940882597835,1.3766307830810547
Wiki,38,3,2,0.6,0.5,3,0.4228955108411091,0.0,0.034970857618651124,1.4444048404693604
Wiki,38,3,2,0.6,0.5,4,0.44410807815609593,0.05405405405405406,0.06078268109908409,1.3038945198059082
Wiki,38,3,2,0.6,0.5,5,0.4764793750235989,0.0,0.01498751040799334,1.304694652557373
Wiki,38,3,2,0.65,0.5,1,0.43516201126774795,0.0,0.019150707743547043,1.4512314796447754
Wiki,38,3,2,0.65,0.5,2,0.43574588533394787,0.05555555555555555,0.08742714404662781,1.3784587383270264
Wiki,38,3,2,0.65,0.5,3,0.4491553853427095,0.0,0.024562864279766863,1.4965176582336426
Wiki,38,3,2,0.65,0.5,4,0.4227864710565564,0.0,0.02997502081598668,1.4931809902191162
Wiki,38,3,2,0.65,0.5,5,0.4092809108510027,0.0,0.02373022481265612,1.6422736644744873
Wiki,38,3,2,0.7,0.5,1,0.41634536553506213,0.0,0.005828476269775187,1.4989116191864014
Wiki,38,3,2,0.7,0.5,2,0.4279587000778431,0.013513513513513514,0.04537885095753539,1.4015517234802246
Wiki,38,3,2,0.7,0.5,3,0.430540089802447,0.0,0.011656952539550375,1.6356737613677979
Wiki,38,3,2,0.7,0.5,4,0.4061839724603972,0.0,0.038301415487094086,1.4954941272735596
Wiki,38,3,2,0.7,0.5,5,0.4505319986296105,0.0,0.02289758534554538,1.34757661819458
Wiki,38,3,2,0.75,0.5,1,0.43713974412984463,0.013888888888888888,0.07285595337218984,1.3268086910247803
Wiki,38,3,2,0.75,0.5,2,0.40328083914962326,0.013888888888888888,0.034970857618651124,1.6378695964813232
Wiki,38,3,2,0.75,0.5,3,0.42425423587187194,0.013513513513513514,0.05120732722731058,1.4932873249053955
Wiki,38,3,2,0.75,0.5,4,0.42680755548282584,0.0,0.037052456286427976,1.4271488189697266
Wiki,38,3,2,0.75,0.5,5,0.4457000100434357,0.0,0.036219816819317234,1.6620657444000244
Wiki,38,3,2,0.8,0.5,1,0.4281264203594718,0.013513513513513514,0.07410491257285595,1.5055289268493652
Wiki,38,3,2,0.8,0.5,2,0.40831521565331536,0.013888888888888888,0.058284762697751874,1.44388747215271
Wiki,38,3,2,0.8,0.5,3,0.41971169912060685,0.05555555555555555,0.05245628642797669,1.5137314796447754
Wiki,38,3,2,0.8,0.5,4,0.4519925518704822,0.013513513513513514,0.037052456286427976,1.5839967727661133
Wiki,38,3,2,0.8,0.5,5,0.46072063415497605,0.0,0.019567027477102414,1.5036706924438477
Wiki,38,3,3,0.85,0.5,1,0.3799132727538767,0.013513513513513514,0.0791007493755204,1.3364078998565674
Wiki,38,3,3,0.85,0.5,2,0.42752526446374967,0.013513513513513514,0.06661115736885928,1.4621467590332031
Wiki,38,3,3,0.85,0.5,3,0.41991907519786015,0.0,0.028309741881765195,1.3134675025939941
Wiki,38,3,3,0.85,0.5,4,0.4258567695955813,0.013513513513513514,0.02997502081598668,1.3288683891296387
Wiki,38,3,3,0.85,0.5,5,0.43645869932588816,0.0,0.03413821815154038,1.3416633605957031
Wiki,38,3,3,0.9,0.5,1,0.4086355635239978,0.013513513513513514,0.06203164029975021,1.4648725986480713
Wiki,38,3,3,0.9,0.5,2,0.4532683136317106,0.013513513513513514,0.0466278101582015,1.3533732891082764
Wiki,38,3,3,0.9,0.5,3,0.4495604427840533,0.0,0.02997502081598668,1.350461483001709
Wiki,38,3,3,0.9,0.5,4,0.4010211597035325,0.013513513513513514,0.054954204829308906,1.5124530792236328
Wiki,38,3,3,0.9,0.5,5,0.42262673145943663,0.05555555555555555,0.09200666111573688,1.3593323230743408
Wiki,38,3,3,0.95,0.5,1,0.4573278934663083,0.0,0.02373022481265612,1.3075475692749023
Wiki,38,3,3,0.95,0.5,2,0.40425039543430497,0.013513513513513514,0.04412989175686927,1.299835443496704
Wiki,38,3,3,0.95,0.5,3,0.42250048276238067,0.013513513513513514,0.06119900083263947,1.4007837772369385
Wiki,38,3,3,0.95,0.5,4,0.4137333111876749,0.013513513513513514,0.06661115736885928,1.271406650543213
Wiki,38,3,3,0.95,0.5,5,0.40470503538273606,0.0,0.03663613655287261,1.2711207866668701
Wiki,38,3,3,1,0.5,1,0.4272295022874856,0.0,0.00749375520399667,1.273514747619629
Wiki,38,3,3,1,0.5,2,0.44810803058730914,0.0,0.008742714404662781,1.3984379768371582
Wiki,38,3,3,1,0.5,3,0.41553141363421064,0.013888888888888888,0.06577851790174855,1.2697176933288574
Wiki,38,3,3,1,0.5,4,0.42398715129745035,0.0,0.025811823480432972,1.289975643157959
Wiki,38,3,3,1,0.5,5,0.426944504036385,0.013513513513513514,0.041631973355537054,1.4041733741760254
