network_name,target_label,target_size,b,b_percentage,p,realization,ECS,M1,M2,elapsed_time_sec
BitcoinTransactions,1,428,0,0,,1,0.703292439902143,0.0,0.001610305958132045,
BitcoinTransactions,1,428,0,0,,2,0.7765523275319145,0.0,0.00040257648953301127,
BitcoinTransactions,1,428,0,0,,3,0.8409393994586094,0.0,0.00026838432635534085,
BitcoinTransactions,1,428,0,0,,4,0.7882188271600769,0.00010182262498727217,0.03770799785292539,
BitcoinTransactions,1,428,0,0,,5,0.8108361789421479,0.0,0.0,
BitcoinTransactions,1,428,4,0.01,0.5,1,0.05203525599732001,0.0,1.0,23.982272386550903
BitcoinTransactions,1,428,4,0.01,0.5,2,0.05203525599732001,0.0,1.0,24.246407985687256
BitcoinTransactions,1,428,4,0.01,0.5,3,0.05203525599732001,0.0,1.0,21.027334690093994
BitcoinTransactions,1,428,4,0.01,0.5,4,0.051891026217262805,0.0025575447570332483,1.0,20.91719150543213
BitcoinTransactions,1,428,4,0.01,0.5,5,0.05203525599732001,0.0,1.0,23.607652187347412
BitcoinTransactions,1,428,22,0.05,0.5,1,0.05203525599732001,0.0,1.0,21.0258891582489
BitcoinTransactions,1,428,22,0.05,0.5,2,0.05203525599732001,0.0,1.0,23.159866333007812
BitcoinTransactions,1,428,22,0.05,0.5,3,0.05203525599732001,0.0,1.0,21.02487063407898
BitcoinTransactions,1,428,22,0.05,0.5,4,0.05203525599732001,0.0,1.0,20.99036455154419
BitcoinTransactions,1,428,22,0.05,0.5,5,0.05203525599732001,0.0,1.0,21.11431884765625
BitcoinTransactions,1,428,43,0.1,0.5,1,0.05373706923332832,0.0021645021645021645,0.9989264626945786,20.74089765548706
BitcoinTransactions,1,428,43,0.1,0.5,2,0.05203525599732001,0.0,1.0,23.099138975143433
BitcoinTransactions,1,428,43,0.1,0.5,3,0.05231304312785383,0.002457002457002457,1.0,20.95001745223999
BitcoinTransactions,1,428,43,0.1,0.5,4,0.052008378475981734,0.0023584905660377358,1.0,21.022763967514038
BitcoinTransactions,1,428,43,0.1,0.5,5,0.05303265931674528,0.0036231884057971015,1.0,20.787318229675293
BitcoinTransactions,1,428,64,0.15,0.5,1,0.05203525599732001,0.0,1.0,21.027650356292725
BitcoinTransactions,1,428,64,0.15,0.5,2,0.0521438326566776,0.0,0.9932903918411164,21.043890953063965
BitcoinTransactions,1,428,64,0.15,0.5,3,0.05203525599732001,0.0,1.0,21.02972412109375
BitcoinTransactions,1,428,64,0.15,0.5,4,0.05203525599732001,0.0,1.0,21.012540340423584
BitcoinTransactions,1,428,64,0.15,0.5,5,0.05203525599732001,0.0,1.0,21.172082901000977
BitcoinTransactions,1,428,86,0.2,0.5,1,0.05160072944767155,0.00234192037470726,1.0,20.981462717056274
BitcoinTransactions,1,428,86,0.2,0.5,2,0.05435771930068209,0.0029411764705882353,1.0,22.87504816055298
BitcoinTransactions,1,428,86,0.2,0.5,3,0.05203525599732001,0.0,1.0,21.085366249084473
BitcoinTransactions,1,428,86,0.2,0.5,4,0.05786565424726116,0.005208333333333333,1.0,20.661823272705078
BitcoinTransactions,1,428,86,0.2,0.5,5,0.053751994206423466,0.0045045045045045045,1.0,20.69307851791382
BitcoinTransactions,1,428,108,0.25,0.5,1,0.05514889181147107,0.002008032128514056,0.9998658078368223,20.782273769378662
BitcoinTransactions,1,428,108,0.25,0.5,2,0.05329658274862792,0.0025252525252525255,1.0,20.924210786819458
BitcoinTransactions,1,428,108,0.25,0.5,3,0.052016955659680356,0.00234192037470726,1.0,21.036116361618042
BitcoinTransactions,1,428,108,0.25,0.5,4,0.05166958866431895,0.0023584905660377358,1.0,20.983930349349976
BitcoinTransactions,1,428,108,0.25,0.5,5,0.05203525599732001,0.0,1.0,21.151161432266235
BitcoinTransactions,1,428,129,0.3,0.5,1,0.053112568595376594,0.0034602076124567475,1.0,20.801432371139526
BitcoinTransactions,1,428,129,0.3,0.5,2,0.05203525599732001,0.0,1.0,21.058587312698364
BitcoinTransactions,1,428,129,0.3,0.5,3,0.05203525599732001,0.0,1.0,21.032901763916016
BitcoinTransactions,1,428,129,0.3,0.5,4,0.05203525599732001,0.0,1.0,21.04422664642334
BitcoinTransactions,1,428,129,0.3,0.5,5,0.05203525599732001,0.0,1.0,21.010839462280273
BitcoinTransactions,1,428,150,0.35,0.5,1,0.05354244686278861,0.003676470588235294,1.0,20.799882888793945
BitcoinTransactions,1,428,150,0.35,0.5,2,0.053313150427289194,0.002890173410404624,1.0,20.873279094696045
BitcoinTransactions,1,428,150,0.35,0.5,3,0.05203525599732001,0.0,1.0,21.027873277664185
BitcoinTransactions,1,428,150,0.35,0.5,4,0.05203525599732001,0.0,1.0,21.038151741027832
BitcoinTransactions,1,428,150,0.35,0.5,5,0.05202886658900339,0.00234192037470726,1.0,21.04801845550537
BitcoinTransactions,1,428,172,0.4,0.5,1,0.054852579804083944,0.002635046113306983,0.9994632313472893,20.781652450561523
BitcoinTransactions,1,428,172,0.4,0.5,2,0.05203525599732001,0.0,1.0,21.083164930343628
BitcoinTransactions,1,428,172,0.4,0.5,3,0.05331932196399194,0.0012755102040816326,0.9997316156736447,20.96322536468506
BitcoinTransactions,1,428,172,0.4,0.5,4,0.053116491777065504,0.002976190476190476,1.0,20.91110873222351
BitcoinTransactions,1,428,172,0.4,0.5,5,0.05240179844676448,0.0,0.9965110037573806,21.080972909927368
BitcoinTransactions,1,428,194,0.45,0.5,1,0.0520034692891496,0.0023584905660377358,1.0,20.99640917778015
BitcoinTransactions,1,428,194,0.45,0.5,2,0.05203525599732001,0.0,1.0,20.92991852760315
BitcoinTransactions,1,428,194,0.45,0.5,3,0.05197108064922217,0.00078064012490242,0.9994632313472893,20.9377601146698
BitcoinTransactions,1,428,194,0.45,0.5,4,0.05311585356240967,0.0012437810945273632,0.9997316156736447,20.822391033172607
BitcoinTransactions,1,428,194,0.45,0.5,5,0.05203525599732001,0.0,1.0,21.06607699394226
BitcoinTransactions,1,428,215,0.5,0.5,1,0.05203525599732001,0.0,1.0,20.978089094161987
BitcoinTransactions,1,428,215,0.5,0.5,2,0.05203483151792258,0.0,0.9989264626945786,21.184982299804688
BitcoinTransactions,1,428,215,0.5,0.5,3,0.052043153370630105,0.0,0.9998658078368223,21.002639055252075
BitcoinTransactions,1,428,215,0.5,0.5,4,0.05203525599732001,0.0,1.0,20.978872537612915
BitcoinTransactions,1,428,215,0.5,0.5,5,0.05184284246302142,0.002369668246445498,1.0,20.962503671646118
BitcoinTransactions,1,428,237,0.55,0.5,1,0.05233572700756697,0.002457002457002457,1.0,21.012381553649902
BitcoinTransactions,1,428,237,0.55,0.5,2,0.05203525599732001,0.0,1.0,21.066188097000122
BitcoinTransactions,1,428,237,0.55,0.5,3,0.05203525599732001,0.0,1.0,21.121400117874146
BitcoinTransactions,1,428,237,0.55,0.5,4,0.05203525599732001,0.0,1.0,20.99053168296814
BitcoinTransactions,1,428,237,0.55,0.5,5,0.05202066276427362,0.0,0.999597423510467,21.090131759643555
BitcoinTransactions,1,428,258,0.6,0.5,1,0.05203525599732001,0.0,1.0,20.996673822402954
BitcoinTransactions,1,428,258,0.6,0.5,2,0.05203525599732001,0.0,1.0,21.119149446487427
BitcoinTransactions,1,428,258,0.6,0.5,3,0.05203525599732001,0.0,1.0,21.0101637840271
BitcoinTransactions,1,428,258,0.6,0.5,4,0.052006949128890444,0.0,0.9989264626945786,21.098637580871582
BitcoinTransactions,1,428,258,0.6,0.5,5,0.05203525599732001,0.0,1.0,21.01901340484619
BitcoinTransactions,1,428,280,0.65,0.5,1,0.05203525599732001,0.0,1.0,21.12709355354309
BitcoinTransactions,1,428,280,0.65,0.5,2,0.05203525599732001,0.0,1.0,21.00555968284607
BitcoinTransactions,1,428,280,0.65,0.5,3,0.05203525599732001,0.0,1.0,21.09997320175171
BitcoinTransactions,1,428,280,0.65,0.5,4,0.05203525599732001,0.0,1.0,20.929386377334595
BitcoinTransactions,1,428,280,0.65,0.5,5,0.05203525599732001,0.0,1.0,21.009743690490723
BitcoinTransactions,1,428,301,0.7,0.5,1,0.05369174871118747,0.0044444444444444444,1.0,20.635703325271606
BitcoinTransactions,1,428,301,0.7,0.5,2,0.05199934620311891,0.0,0.999194847020934,21.096815824508667
BitcoinTransactions,1,428,301,0.7,0.5,3,0.05203086467261028,0.0,0.9998658078368223,21.025795936584473
BitcoinTransactions,1,428,301,0.7,0.5,4,0.05203525599732001,0.0,1.0,21.008574724197388
BitcoinTransactions,1,428,301,0.7,0.5,5,0.05203525599732001,0.0,1.0,21.117392539978027
BitcoinTransactions,1,428,322,0.75,0.5,1,0.051969242489678914,0.0,0.9979871175523349,21.028989791870117
BitcoinTransactions,1,428,322,0.75,0.5,2,0.05203525599732001,0.0,1.0,21.3320152759552
BitcoinTransactions,1,428,322,0.75,0.5,3,0.05203525599732001,0.0,1.0,21.056830644607544
BitcoinTransactions,1,428,322,0.75,0.5,4,0.05203525599732001,0.0,1.0,21.164501428604126
BitcoinTransactions,1,428,322,0.75,0.5,5,0.05203525599732001,0.0,1.0,21.05773115158081
BitcoinTransactions,1,428,344,0.8,0.5,1,0.05203525599732001,0.0,1.0,21.008757829666138
BitcoinTransactions,1,428,344,0.8,0.5,2,0.05203525599732001,0.0,1.0,20.946792602539062
BitcoinTransactions,1,428,344,0.8,0.5,3,0.053946037198666925,0.002652519893899204,1.0,20.81617283821106
BitcoinTransactions,1,428,344,0.8,0.5,4,0.05438086391776324,0.0015432098765432098,0.9998658078368223,20.855973958969116
BitcoinTransactions,1,428,344,0.8,0.5,5,0.05203525599732001,0.0,1.0,21.073676586151123
BitcoinTransactions,1,428,366,0.85,0.5,1,0.0520286819795334,0.0,0.9998658078368223,20.95827341079712
BitcoinTransactions,1,428,366,0.85,0.5,2,0.05182990801540641,0.002386634844868735,1.0,21.016915798187256
BitcoinTransactions,1,428,366,0.85,0.5,3,0.052011937078265756,0.002347417840375587,1.0,20.990001678466797
BitcoinTransactions,1,428,366,0.85,0.5,4,0.05203525599732001,0.0,1.0,21.177897453308105
BitcoinTransactions,1,428,366,0.85,0.5,5,0.052129252716802424,0.0020325203252032522,0.9997316156736447,20.86480140686035
BitcoinTransactions,1,428,387,0.9,0.5,1,0.05311115541354323,0.0026455026455026454,1.0,20.893634796142578
BitcoinTransactions,1,428,387,0.9,0.5,2,0.05203525599732001,0.0,1.0,20.986595153808594
BitcoinTransactions,1,428,387,0.9,0.5,3,0.05203525599732001,0.0,1.0,21.056005716323853
BitcoinTransactions,1,428,387,0.9,0.5,4,0.05385211273959613,0.0035971223021582736,1.0,20.68817687034607
BitcoinTransactions,1,428,387,0.9,0.5,5,0.05342115865067812,0.004081632653061225,1.0,20.734733819961548
BitcoinTransactions,1,428,408,0.95,0.5,1,0.05203525599732001,0.0,1.0,20.9864821434021
BitcoinTransactions,1,428,408,0.95,0.5,2,0.05203525599732001,0.0,1.0,21.008427619934082
BitcoinTransactions,1,428,408,0.95,0.5,3,0.05203525599732001,0.0,1.0,21.012215852737427
BitcoinTransactions,1,428,408,0.95,0.5,4,0.053959687100139646,0.0030959752321981426,1.0,20.75366711616516
BitcoinTransactions,1,428,408,0.95,0.5,5,0.051578051452127176,0.002421307506053269,1.0,20.927232027053833
BitcoinTransactions,1,428,430,1,0.5,1,0.05203525599732001,0.0,1.0,21.04442262649536
BitcoinTransactions,1,428,430,1,0.5,2,0.05398053955419496,0.003205128205128205,1.0,20.7666974067688
BitcoinTransactions,1,428,430,1,0.5,3,0.05203525599732001,0.0,1.0,20.98945164680481
BitcoinTransactions,1,428,430,1,0.5,4,0.05140766903473728,0.0024330900243309003,1.0,20.925206661224365
BitcoinTransactions,1,428,430,1,0.5,5,0.05204688368388749,0.002347417840375587,1.0,21.079777479171753
BitcoinTransactions,2,433,0,0,,1,0.8050563681826621,0.0014865637507146942,0.5618369813347657,
BitcoinTransactions,2,433,0,0,,2,0.7414611741701066,0.0027121270825261525,0.630455216865852,
BitcoinTransactions,2,433,0,0,,3,0.9111319663209732,9.645061728395061e-05,0.041224654223177115,
BitcoinTransactions,2,433,0,0,,4,0.8601440677130393,0.000591016548463357,0.2881697327783,
BitcoinTransactions,2,433,0,0,,5,0.8496460147655707,7.716049382716049e-05,0.05183295286692628,
BitcoinTransactions,2,433,5,0.01,0.5,1,0.05202933105332855,0.0,0.9995971532160601,20.950379133224487
BitcoinTransactions,2,433,5,0.01,0.5,2,0.05203525599732001,0.0,1.0,20.91014528274536
BitcoinTransactions,2,433,5,0.01,0.5,3,0.051604152103941384,0.002320185614849188,1.0,20.885379552841187
BitcoinTransactions,2,433,5,0.01,0.5,4,0.05203525599732001,0.0,1.0,20.928645133972168
BitcoinTransactions,2,433,5,0.01,0.5,5,0.053806984482100216,0.003205128205128205,1.0,20.61681866645813
BitcoinTransactions,2,433,23,0.05,0.5,1,0.05203525599732001,0.0,1.0,20.920188665390015
BitcoinTransactions,2,433,23,0.05,0.5,2,0.05444316801469382,0.0040650406504065045,1.0,20.601842403411865
BitcoinTransactions,2,433,23,0.05,0.5,3,0.05212314037516935,0.0,0.9991943064321204,20.938381910324097
BitcoinTransactions,2,433,23,0.05,0.5,4,0.05203525599732001,0.0,1.0,20.916306018829346
BitcoinTransactions,2,433,23,0.05,0.5,5,0.05322074058231721,0.0030864197530864196,1.0,20.697781324386597
BitcoinTransactions,2,433,46,0.1,0.5,1,0.05203525599732001,0.0,1.0,20.97718572616577
BitcoinTransactions,2,433,46,0.1,0.5,2,0.054583960870421354,0.003968253968253968,1.0,20.64579463005066
BitcoinTransactions,2,433,46,0.1,0.5,3,0.05203525599732001,0.0,1.0,20.953832626342773
BitcoinTransactions,2,433,46,0.1,0.5,4,0.052043153370630105,0.0,0.9998657177386867,20.94241952896118
BitcoinTransactions,2,433,46,0.1,0.5,5,0.05176438905483934,0.0011682242990654205,0.9998657177386867,20.92140769958496
BitcoinTransactions,2,433,69,0.15,0.5,1,0.05203525599732001,0.0,1.0,20.940576791763306
BitcoinTransactions,2,433,69,0.15,0.5,2,0.05203525599732001,0.0,1.0,20.94062614440918
BitcoinTransactions,2,433,69,0.15,0.5,3,0.0521308108604807,0.0011574074074074073,0.9998657177386867,20.95112371444702
BitcoinTransactions,2,433,69,0.15,0.5,4,0.05294402575990655,0.002531645569620253,1.0,20.864463567733765
BitcoinTransactions,2,433,69,0.15,0.5,5,0.05203525599732001,0.0,1.0,20.96971607208252
BitcoinTransactions,2,433,92,0.2,0.5,1,0.05203525599732001,0.0,1.0,20.8994300365448
BitcoinTransactions,2,433,92,0.2,0.5,2,0.05203525599732001,0.0,1.0,20.91578960418701
BitcoinTransactions,2,433,92,0.2,0.5,3,0.05203525599732001,0.0,1.0,20.906962156295776
BitcoinTransactions,2,433,92,0.2,0.5,4,0.05203525599732001,0.0,1.0,20.927217960357666
BitcoinTransactions,2,433,92,0.2,0.5,5,0.05201265023899925,0.0,0.9989257419094938,20.89842677116394
BitcoinTransactions,2,433,115,0.25,0.5,1,0.05203525599732001,0.0,1.0,20.918660163879395
BitcoinTransactions,2,433,115,0.25,0.5,2,0.05203525599732001,0.0,1.0,20.928678274154663
BitcoinTransactions,2,433,115,0.25,0.5,3,0.05203525599732001,0.0,1.0,20.93258571624756
BitcoinTransactions,2,433,115,0.25,0.5,4,0.05203525599732001,0.0,1.0,20.907855987548828
BitcoinTransactions,2,433,115,0.25,0.5,5,0.05203525599732001,0.0,1.0,20.939912796020508
BitcoinTransactions,2,433,138,0.3,0.5,1,0.05203525599732001,0.0,1.0,20.91098642349243
BitcoinTransactions,2,433,138,0.3,0.5,2,0.05203525599732001,0.0,1.0,20.932131052017212
BitcoinTransactions,2,433,138,0.3,0.5,3,0.05203525599732001,0.0,1.0,20.940810680389404
BitcoinTransactions,2,433,138,0.3,0.5,4,0.05204158288299586,0.0,0.9987914596481805,20.928459405899048
BitcoinTransactions,2,433,138,0.3,0.5,5,0.05203525599732001,0.0,1.0,20.916398763656616
BitcoinTransactions,2,433,161,0.35,0.5,1,0.05203525599732001,0.0,1.0,20.93251943588257
BitcoinTransactions,2,433,161,0.35,0.5,2,0.05203525599732001,0.0,1.0,20.929444551467896
BitcoinTransactions,2,433,161,0.35,0.5,3,0.05203525599732001,0.0,1.0,20.931130409240723
BitcoinTransactions,2,433,161,0.35,0.5,4,0.05233301902758902,0.0012165450121654502,0.9998657177386867,20.849523782730103
BitcoinTransactions,2,433,161,0.35,0.5,5,0.05209892391777303,0.0,0.9989257419094938,20.930079698562622
BitcoinTransactions,2,433,184,0.4,0.5,1,0.051811601198989914,0.001176470588235294,0.9998657177386867,20.895830154418945
BitcoinTransactions,2,433,184,0.4,0.5,2,0.05203525599732001,0.0,1.0,20.887284755706787
BitcoinTransactions,2,433,184,0.4,0.5,3,0.05203525599732001,0.0,1.0,20.882731199264526
BitcoinTransactions,2,433,184,0.4,0.5,4,0.05203635243943983,0.0,0.9998657177386867,20.904040813446045
BitcoinTransactions,2,433,184,0.4,0.5,5,0.05203525599732001,0.0,1.0,20.947991132736206
BitcoinTransactions,2,433,207,0.45,0.5,1,0.05203525599732001,0.0,1.0,20.926642894744873
BitcoinTransactions,2,433,207,0.45,0.5,2,0.05203525599732001,0.0,1.0,20.96016836166382
BitcoinTransactions,2,433,207,0.45,0.5,3,0.05203585653653665,0.0,0.9998657177386867,20.978474140167236
BitcoinTransactions,2,433,207,0.45,0.5,4,0.054218445224728136,0.0035714285714285713,1.0,20.653104066848755
BitcoinTransactions,2,433,207,0.45,0.5,5,0.05203525599732001,0.0,1.0,20.976450443267822
BitcoinTransactions,2,433,230,0.5,0.5,1,0.05207174329423783,0.001256281407035176,0.9967772257284813,20.854063510894775
BitcoinTransactions,2,433,230,0.5,0.5,2,0.05154164639950621,0.002421307506053269,1.0,20.88878607749939
BitcoinTransactions,2,433,230,0.5,0.5,3,0.05203525599732001,0.0,1.0,20.918787240982056
BitcoinTransactions,2,433,230,0.5,0.5,4,0.05203525599732001,0.0,1.0,20.914973974227905
BitcoinTransactions,2,433,230,0.5,0.5,5,0.05176102279578012,0.002325581395348837,1.0,20.895467519760132
BitcoinTransactions,2,433,253,0.55,0.5,1,0.05201693008545036,0.0,0.9997314354773734,20.932016134262085
BitcoinTransactions,2,433,253,0.55,0.5,2,0.05203575105457015,0.0,0.9998657177386867,21.016732692718506
BitcoinTransactions,2,433,253,0.55,0.5,3,0.053719760536232654,0.0038022813688212928,1.0,20.73077893257141
BitcoinTransactions,2,433,253,0.55,0.5,4,0.05203525599732001,0.0,1.0,21.040353298187256
BitcoinTransactions,2,433,253,0.55,0.5,5,0.05203525599732001,0.0,1.0,21.182982683181763
BitcoinTransactions,2,433,276,0.6,0.5,1,0.05203525599732001,0.0,1.0,21.049684524536133
BitcoinTransactions,2,433,276,0.6,0.5,2,0.05203525599732001,0.0,1.0,21.046040534973145
BitcoinTransactions,2,433,276,0.6,0.5,3,0.05366628533237112,0.0030120481927710845,1.0,20.849636793136597
BitcoinTransactions,2,433,276,0.6,0.5,4,0.051617186494625794,0.0011655011655011655,0.9998657177386867,20.89737319946289
BitcoinTransactions,2,433,276,0.6,0.5,5,0.05539429232713008,0.00411522633744856,1.0,20.831629991531372
BitcoinTransactions,2,433,299,0.65,0.5,1,0.05203525599732001,0.0,1.0,21.043423652648926
BitcoinTransactions,2,433,299,0.65,0.5,2,0.05203525599732001,0.0,1.0,21.045938968658447
BitcoinTransactions,2,433,299,0.65,0.5,3,0.05203525599732001,0.0,1.0,21.039113998413086
BitcoinTransactions,2,433,299,0.65,0.5,4,0.05376290108935946,0.0032653061224489797,0.9993285886934336,20.64400863647461
BitcoinTransactions,2,433,299,0.65,0.5,5,0.052044901310345296,0.0,0.9997314354773734,21.062127590179443
BitcoinTransactions,2,433,322,0.7,0.5,1,0.054026765184175735,0.001199040767386091,0.997582919296361,20.732128858566284
BitcoinTransactions,2,433,322,0.7,0.5,2,0.05154543283438174,0.0012315270935960591,0.9969115079897946,21.020039796829224
BitcoinTransactions,2,433,322,0.7,0.5,3,0.052038974758116745,0.0011574074074074073,0.9994628709547468,21.040801525115967
BitcoinTransactions,2,433,322,0.7,0.5,4,0.053045291695846715,0.004310344827586207,1.0,20.722212553024292
BitcoinTransactions,2,433,322,0.7,0.5,5,0.05203525599732001,0.0,1.0,21.03305721282959
BitcoinTransactions,2,433,345,0.75,0.5,1,0.05203525599732001,0.0,1.0,21.14003300666809
BitcoinTransactions,2,433,345,0.75,0.5,2,0.05203525599732001,0.0,1.0,21.03309655189514
BitcoinTransactions,2,433,345,0.75,0.5,3,0.05203525599732001,0.0,1.0,21.186947107315063
BitcoinTransactions,2,433,345,0.75,0.5,4,0.05203525599732001,0.0,1.0,21.070306539535522
BitcoinTransactions,2,433,345,0.75,0.5,5,0.05203525599732001,0.0,1.0,21.106617212295532
BitcoinTransactions,2,433,368,0.8,0.5,1,0.05203525599732001,0.0,1.0,20.965273141860962
BitcoinTransactions,2,433,368,0.8,0.5,2,0.05203525599732001,0.0,1.0,21.07922601699829
BitcoinTransactions,2,433,368,0.8,0.5,3,0.05424163039100639,0.0018315018315018315,0.9998657177386867,20.69070792198181
BitcoinTransactions,2,433,368,0.8,0.5,4,0.05203525599732001,0.0,1.0,21.06388568878174
BitcoinTransactions,2,433,368,0.8,0.5,5,0.05203525599732001,0.0,1.0,21.784242630004883
BitcoinTransactions,2,433,391,0.85,0.5,1,0.05203560102557551,0.0,0.9995971532160601,21.10126233100891
BitcoinTransactions,2,433,391,0.85,0.5,2,0.05203525599732001,0.0,1.0,21.061896324157715
BitcoinTransactions,2,433,391,0.85,0.5,3,0.05353268577053866,0.0028653295128939827,1.0,21.587186098098755
BitcoinTransactions,2,433,391,0.85,0.5,4,0.05232104501896038,0.002369668246445498,1.0,21.72307801246643
BitcoinTransactions,2,433,391,0.85,0.5,5,0.05203525599732001,0.0,1.0,21.0273380279541
BitcoinTransactions,2,433,414,0.9,0.5,1,0.053200431267707196,0.0017777777777777779,0.9985228951255539,20.868040561676025
BitcoinTransactions,2,433,414,0.9,0.5,2,0.0543158874315454,0.0016304347826086956,0.9994628709547468,20.83108639717102
BitcoinTransactions,2,433,414,0.9,0.5,3,0.05201631773154403,0.0011627906976744186,0.9991943064321204,20.991134881973267
BitcoinTransactions,2,433,414,0.9,0.5,4,0.05223203468528532,0.0012626262626262627,0.9997314354773734,20.97615122795105
BitcoinTransactions,2,433,414,0.9,0.5,5,0.05486977642663547,0.0034602076124567475,1.0,20.748860597610474
BitcoinTransactions,2,433,437,0.95,0.5,1,0.052049395000972214,0.0,0.9997314354773734,21.012727975845337
BitcoinTransactions,2,433,437,0.95,0.5,2,0.05203525599732001,0.0,1.0,21.10433793067932
BitcoinTransactions,2,433,437,0.95,0.5,3,0.05172569687585474,0.0023148148148148147,1.0,21.01537775993347
BitcoinTransactions,2,433,437,0.95,0.5,4,0.05203525599732001,0.0,1.0,21.147608280181885
BitcoinTransactions,2,433,437,0.95,0.5,5,0.052420270078970696,0.0024330900243309003,1.0,20.998815536499023
BitcoinTransactions,2,433,460,1,0.5,1,0.052039879347416926,0.0,0.9998657177386867,21.049490451812744
BitcoinTransactions,2,433,460,1,0.5,2,0.05208749492018839,0.0,0.998120048341614,21.01169204711914
BitcoinTransactions,2,433,460,1,0.5,3,0.05203525599732001,0.0,1.0,21.10149621963501
BitcoinTransactions,2,433,460,1,0.5,4,0.05296049931841462,0.0013513513513513514,0.9997314354773734,20.917494297027588
BitcoinTransactions,2,433,460,1,0.5,5,0.051486328639195854,0.0024813895781637717,1.0,21.08105230331421
BitcoinTransactions,3,261,0,0,,1,0.8130631234924112,0.0,0.006300039375246095,
BitcoinTransactions,3,261,0,0,,2,0.8064927687426754,0.0,0.012337577109856937,
BitcoinTransactions,3,261,0,0,,3,0.8066290639596685,0.0004152823920265781,0.23073894211838825,
BitcoinTransactions,3,261,0,0,,4,0.6656522452228342,0.0019157088122605363,0.6202913768211051,
BitcoinTransactions,3,261,0,0,,5,0.885179116405085,0.0,0.0007875049219057619,
BitcoinTransactions,3,261,3,0.01,0.5,1,0.0526630478199651,0.004273504273504274,1.0,20.89428472518921
BitcoinTransactions,3,261,3,0.01,0.5,2,0.05203525599732001,0.0,1.0,21.016629934310913
BitcoinTransactions,3,261,3,0.01,0.5,3,0.05203525599732001,0.0,1.0,21.02314281463623
BitcoinTransactions,3,261,3,0.01,0.5,4,0.052026089109118094,0.0,0.9996062475390471,21.03912854194641
BitcoinTransactions,3,261,3,0.01,0.5,5,0.053762299906739267,0.005208333333333333,1.0,20.84431481361389
BitcoinTransactions,3,261,16,0.05,0.5,1,0.05203525599732001,0.0,1.0,21.018012046813965
BitcoinTransactions,3,261,16,0.05,0.5,2,0.054090213000021356,0.0036231884057971015,0.9994749967187295,20.70970058441162
BitcoinTransactions,3,261,16,0.05,0.5,3,0.05202382834539923,0.0,0.9997374983593648,21.003609895706177
BitcoinTransactions,3,261,16,0.05,0.5,4,0.05203525599732001,0.0,1.0,21.009541273117065
BitcoinTransactions,3,261,16,0.05,0.5,5,0.05197302575405517,0.0038461538461538464,1.0,21.027456760406494
BitcoinTransactions,3,261,33,0.1,0.5,1,0.05203525599732001,0.0,1.0,21.025470972061157
BitcoinTransactions,3,261,33,0.1,0.5,2,0.05203525599732001,0.0,1.0,21.0333034992218
BitcoinTransactions,3,261,33,0.1,0.5,3,0.05203525599732001,0.0,1.0,21.026948928833008
BitcoinTransactions,3,261,33,0.1,0.5,4,0.05373611375209635,0.003472222222222222,0.9998687491796824,20.71773648262024
BitcoinTransactions,3,261,33,0.1,0.5,5,0.05203525599732001,0.0,1.0,21.028954029083252
BitcoinTransactions,3,261,49,0.15,0.5,1,0.051576117200821586,0.0019230769230769232,0.9913374458590366,21.00169539451599
BitcoinTransactions,3,261,49,0.15,0.5,2,0.054039227003767405,0.005208333333333333,1.0,20.780471563339233
BitcoinTransactions,3,261,49,0.15,0.5,3,0.05203525599732001,0.0,1.0,21.016860485076904
BitcoinTransactions,3,261,49,0.15,0.5,4,0.05399094803793281,0.005988023952095809,1.0,20.67761540412903
BitcoinTransactions,3,261,49,0.15,0.5,5,0.05192454098943474,0.0038461538461538464,1.0,21.010131359100342
BitcoinTransactions,3,261,65,0.2,0.5,1,0.05392927315681533,0.007042253521126761,1.0,20.68020510673523
BitcoinTransactions,3,261,65,0.2,0.5,2,0.05203525599732001,0.0,1.0,20.941919326782227
BitcoinTransactions,3,261,65,0.2,0.5,3,0.05203525599732001,0.0,1.0,20.917805433273315
BitcoinTransactions,3,261,65,0.2,0.5,4,0.05337968942106446,0.0051813471502590676,1.0,20.592809915542603
BitcoinTransactions,3,261,65,0.2,0.5,5,0.05202393542513537,0.0,0.9997374983593648,20.917205572128296
BitcoinTransactions,3,261,82,0.25,0.5,1,0.05203525599732001,0.0,1.0,20.93336319923401
BitcoinTransactions,3,261,82,0.25,0.5,2,0.053166467557306536,0.003686635944700461,0.9998687491796824,20.942877531051636
BitcoinTransactions,3,261,82,0.25,0.5,3,0.05207086813124626,0.0,0.9996062475390471,21.195825815200806
BitcoinTransactions,3,261,82,0.25,0.5,4,0.053934009231650086,0.0037313432835820895,0.9980312376952356,20.901354551315308
BitcoinTransactions,3,261,82,0.25,0.5,5,0.05203525599732001,0.0,1.0,21.183425188064575
BitcoinTransactions,3,261,98,0.3,0.5,1,0.05203525599732001,0.0,1.0,21.20378828048706
BitcoinTransactions,3,261,98,0.3,0.5,2,0.05203525599732001,0.0,1.0,21.174599647521973
BitcoinTransactions,3,261,98,0.3,0.5,3,0.05301456567388552,0.001968503937007874,0.9989499934374589,21.019816875457764
BitcoinTransactions,3,261,98,0.3,0.5,4,0.05203525599732001,0.0,1.0,21.029099225997925
BitcoinTransactions,3,261,98,0.3,0.5,5,0.05157089009357586,0.003968253968253968,1.0,20.996039628982544
BitcoinTransactions,3,261,114,0.35,0.5,1,0.05203525599732001,0.0,1.0,21.032389163970947
BitcoinTransactions,3,261,114,0.35,0.5,2,0.05203525599732001,0.0,1.0,21.04016900062561
BitcoinTransactions,3,261,114,0.35,0.5,3,0.05203525599732001,0.0,1.0,21.028661012649536
BitcoinTransactions,3,261,114,0.35,0.5,4,0.05203525599732001,0.0,1.0,21.176034688949585
BitcoinTransactions,3,261,114,0.35,0.5,5,0.051882885824236065,0.003861003861003861,1.0,21.02906107902527
BitcoinTransactions,3,261,131,0.4,0.5,1,0.05203525599732001,0.0,1.0,21.062472105026245
BitcoinTransactions,3,261,131,0.4,0.5,2,0.05203525599732001,0.0,1.0,21.071075677871704
BitcoinTransactions,3,261,131,0.4,0.5,3,0.05589032714428926,0.006172839506172839,1.0,20.719018936157227
BitcoinTransactions,3,261,131,0.4,0.5,4,0.05203525599732001,0.0,1.0,21.04688858985901
BitcoinTransactions,3,261,131,0.4,0.5,5,0.055134421156177886,0.005681818181818182,1.0,20.737823486328125
BitcoinTransactions,3,261,147,0.45,0.5,1,0.05203525599732001,0.0,1.0,21.026938915252686
BitcoinTransactions,3,261,147,0.45,0.5,2,0.051979179148959775,0.0019230769230769232,0.9986874917968237,21.05486249923706
BitcoinTransactions,3,261,147,0.45,0.5,3,0.05200993532698689,0.0,0.9997374983593648,21.052013874053955
BitcoinTransactions,3,261,147,0.45,0.5,4,0.05259291923875671,0.0078125,1.0,20.702852725982666
BitcoinTransactions,3,261,147,0.45,0.5,5,0.05203525599732001,0.0,1.0,21.051491737365723
BitcoinTransactions,3,261,164,0.5,0.5,1,0.05203525599732001,0.0,1.0,21.042604446411133
BitcoinTransactions,3,261,164,0.5,0.5,2,0.0520479434861307,0.0,0.9998687491796824,21.05405330657959
BitcoinTransactions,3,261,164,0.5,0.5,3,0.05203525599732001,0.0,1.0,21.008817195892334
BitcoinTransactions,3,261,164,0.5,0.5,4,0.05203525599732001,0.0,1.0,20.99067711830139
BitcoinTransactions,3,261,164,0.5,0.5,5,0.05218940537176739,0.0,0.9982937393358708,20.999657154083252
BitcoinTransactions,3,261,180,0.55,0.5,1,0.05203525599732001,0.0,1.0,21.05070924758911
BitcoinTransactions,3,261,180,0.55,0.5,2,0.05203525599732001,0.0,1.0,21.029783248901367
BitcoinTransactions,3,261,180,0.55,0.5,3,0.05306848203718532,0.006622516556291391,1.0,20.713654041290283
BitcoinTransactions,3,261,180,0.55,0.5,4,0.05203525599732001,0.0,1.0,21.06430149078369
BitcoinTransactions,3,261,180,0.55,0.5,5,0.05203525599732001,0.0,1.0,21.042266130447388
BitcoinTransactions,3,261,196,0.6,0.5,1,0.05201735072371891,0.0,0.9976374852342828,21.062883138656616
BitcoinTransactions,3,261,196,0.6,0.5,2,0.054720210326449484,0.0041841004184100415,1.0,20.926244258880615
BitcoinTransactions,3,261,196,0.6,0.5,3,0.05203525599732001,0.0,1.0,21.066678762435913
BitcoinTransactions,3,261,196,0.6,0.5,4,0.05203525599732001,0.0,1.0,21.07765531539917
BitcoinTransactions,3,261,196,0.6,0.5,5,0.05203525599732001,0.0,1.0,21.06779170036316
BitcoinTransactions,3,261,213,0.65,0.5,1,0.05203525599732001,0.0,1.0,21.06561779975891
BitcoinTransactions,3,261,213,0.65,0.5,2,0.05203525599732001,0.0,1.0,21.073184490203857
BitcoinTransactions,3,261,213,0.65,0.5,3,0.05203525599732001,0.0,1.0,21.067445516586304
BitcoinTransactions,3,261,213,0.65,0.5,4,0.05203525599732001,0.0,1.0,21.084864139556885
BitcoinTransactions,3,261,213,0.65,0.5,5,0.0524805207935276,0.004424778761061947,1.0,20.962743759155273
BitcoinTransactions,3,261,229,0.7,0.5,1,0.05203525599732001,0.0,1.0,21.06868076324463
BitcoinTransactions,3,261,229,0.7,0.5,2,0.05322698787318795,0.005917159763313609,1.0,20.882036685943604
BitcoinTransactions,3,261,229,0.7,0.5,3,0.05232297833369678,0.00390625,1.0,21.01263117790222
BitcoinTransactions,3,261,229,0.7,0.5,4,0.05203525599732001,0.0,1.0,21.06915259361267
BitcoinTransactions,3,261,229,0.7,0.5,5,0.05203525599732001,0.0,1.0,21.07379674911499
BitcoinTransactions,3,261,245,0.75,0.5,1,0.05319974141751291,0.004291845493562232,1.0,20.85824966430664
BitcoinTransactions,3,261,245,0.75,0.5,2,0.05203525599732001,0.0,1.0,21.071044445037842
BitcoinTransactions,3,261,245,0.75,0.5,3,0.05203525599732001,0.0,1.0,21.06375241279602
BitcoinTransactions,3,261,245,0.75,0.5,4,0.05203525599732001,0.0,1.0,21.04468321800232
BitcoinTransactions,3,261,245,0.75,0.5,5,0.05203525599732001,0.0,1.0,21.056700706481934
BitcoinTransactions,3,261,262,0.8,0.5,1,0.05203525599732001,0.0,1.0,21.047685623168945
BitcoinTransactions,3,261,262,0.8,0.5,2,0.05203525599732001,0.0,1.0,21.052645206451416
BitcoinTransactions,3,261,262,0.8,0.5,3,0.05203525599732001,0.0,1.0,21.038162231445312
BitcoinTransactions,3,261,262,0.8,0.5,4,0.05203525599732001,0.0,1.0,21.040454864501953
BitcoinTransactions,3,261,262,0.8,0.5,5,0.05203525599732001,0.0,1.0,21.029280424118042
BitcoinTransactions,3,261,278,0.85,0.5,1,0.05188448701777634,0.001937984496124031,0.9994749967187295,21.28203010559082
BitcoinTransactions,3,261,278,0.85,0.5,2,0.05203525599732001,0.0,1.0,21.613999128341675
BitcoinTransactions,3,261,278,0.85,0.5,3,0.05203525599732001,0.0,1.0,21.076467037200928
BitcoinTransactions,3,261,278,0.85,0.5,4,0.05386287653641954,0.0047169811320754715,1.0,20.83262610435486
BitcoinTransactions,3,261,278,0.85,0.5,5,0.05203525599732001,0.0,1.0,21.126583576202393
BitcoinTransactions,3,261,294,0.9,0.5,1,0.05203525599732001,0.0,1.0,21.041854858398438
BitcoinTransactions,3,261,294,0.9,0.5,2,0.05203525599732001,0.0,1.0,21.871849060058594
BitcoinTransactions,3,261,294,0.9,0.5,3,0.05203525599732001,0.0,1.0,21.02867555618286
BitcoinTransactions,3,261,294,0.9,0.5,4,0.05203525599732001,0.0,1.0,21.105873346328735
BitcoinTransactions,3,261,294,0.9,0.5,5,0.051867146941461995,0.00392156862745098,1.0,21.041775465011597
BitcoinTransactions,3,261,311,0.95,0.5,1,0.05203525599732001,0.0,1.0,21.16071844100952
BitcoinTransactions,3,261,311,0.95,0.5,2,0.05203525599732001,0.0,1.0,21.355571269989014
BitcoinTransactions,3,261,311,0.95,0.5,3,0.052016930085450344,0.0,0.9997374983593648,21.10486125946045
BitcoinTransactions,3,261,311,0.95,0.5,4,0.05203525599732001,0.0,1.0,21.0883526802063
BitcoinTransactions,3,261,311,0.95,0.5,5,0.05203525599732001,0.0,1.0,21.095826387405396
BitcoinTransactions,3,261,327,1,0.5,1,0.05203525599732001,0.0,1.0,21.102608680725098
BitcoinTransactions,3,261,327,1,0.5,2,0.05203525599732001,0.0,1.0,21.084683895111084
BitcoinTransactions,3,261,327,1,0.5,3,0.0520479434861307,0.0,0.9998687491796824,21.037981271743774
BitcoinTransactions,3,261,327,1,0.5,4,0.05203525599732001,0.0,1.0,21.105525970458984
BitcoinTransactions,3,261,327,1,0.5,5,0.05199806596071861,0.0,0.9994749967187295,21.232784509658813
BitcoinTransactions,4,489,0,0,,1,0.8276353880972449,7.318501170960187e-05,0.04884318766066838,
BitcoinTransactions,4,489,0,0,,2,0.8727832358695482,8.19672131147541e-05,0.05019618454877554,
BitcoinTransactions,4,489,0,0,,3,0.8702874292822406,7.881462799495586e-05,0.05046678392639697,
BitcoinTransactions,4,489,0,0,,4,0.9149993430151994,7.589556769884639e-05,0.04762549046137194,
BitcoinTransactions,4,489,0,0,,5,0.9191076202564767,8.271298593879239e-05,0.002435394398592883,
BitcoinTransactions,4,489,5,0.01,0.5,1,0.05203525599732001,0.0,1.0,21.028547763824463
BitcoinTransactions,4,489,5,0.01,0.5,2,0.052029316770557166,0.0,0.9997294006223786,21.036516427993774
BitcoinTransactions,4,489,5,0.01,0.5,3,0.05203525599732001,0.0,1.0,21.040635347366333
BitcoinTransactions,4,489,5,0.01,0.5,4,0.05203525599732001,0.0,1.0,21.016197681427002
BitcoinTransactions,4,489,5,0.01,0.5,5,0.05199237710424026,0.0020491803278688526,1.0,21.018585920333862
BitcoinTransactions,4,489,25,0.05,0.5,1,0.05331413095232463,0.002320185614849188,1.0,20.862756490707397
BitcoinTransactions,4,489,25,0.05,0.5,2,0.05203525599732001,0.0,1.0,21.022383213043213
BitcoinTransactions,4,489,25,0.05,0.5,3,0.05210486028158818,0.002053388090349076,1.0,21.02969217300415
BitcoinTransactions,4,489,25,0.05,0.5,4,0.05203525599732001,0.0,1.0,21.008680820465088
BitcoinTransactions,4,489,25,0.05,0.5,5,0.05203525599732001,0.0,1.0,20.99689245223999
BitcoinTransactions,4,489,49,0.1,0.5,1,0.05203525599732001,0.0,1.0,21.008430004119873
BitcoinTransactions,4,489,49,0.1,0.5,2,0.052032366787006734,0.0,0.9998647003111892,20.983810663223267
BitcoinTransactions,4,489,49,0.1,0.5,3,0.05203525599732001,0.0,1.0,21.011093616485596
BitcoinTransactions,4,489,49,0.1,0.5,4,0.05204487176706473,0.0020491803278688526,1.0,20.983452796936035
BitcoinTransactions,4,489,49,0.1,0.5,5,0.05454053755870489,0.002680965147453083,1.0,20.69580316543579
BitcoinTransactions,4,489,74,0.15,0.5,1,0.05203525599732001,0.0,1.0,20.995826244354248
BitcoinTransactions,4,489,74,0.15,0.5,2,0.05203525599732001,0.0,1.0,20.972492694854736
BitcoinTransactions,4,489,74,0.15,0.5,3,0.05203525599732001,0.0,1.0,21.00779151916504
BitcoinTransactions,4,489,74,0.15,0.5,4,0.05199798405284576,0.0,0.9994588012447572,21.029776334762573
BitcoinTransactions,4,489,74,0.15,0.5,5,0.05281443674269756,0.0021929824561403508,1.0,20.81634259223938
BitcoinTransactions,4,489,99,0.2,0.5,1,0.05246005978178734,0.002148997134670487,0.999052902178325,20.775649785995483
BitcoinTransactions,4,489,99,0.2,0.5,2,0.05203525599732001,0.0,1.0,20.990479230880737
BitcoinTransactions,4,489,99,0.2,0.5,3,0.05203575105457016,0.0,0.9998647003111892,20.967179536819458
BitcoinTransactions,4,489,99,0.2,0.5,4,0.05563616059322297,0.0010638297872340426,0.999052902178325,20.76130986213684
BitcoinTransactions,4,489,99,0.2,0.5,5,0.05203525599732001,0.0,1.0,21.012441635131836
BitcoinTransactions,4,489,123,0.25,0.5,1,0.05203525599732001,0.0,1.0,21.03100895881653
BitcoinTransactions,4,489,123,0.25,0.5,2,0.05171578671154308,0.0021008403361344537,1.0,21.0252046585083
BitcoinTransactions,4,489,123,0.25,0.5,3,0.05203525599732001,0.0,1.0,21.046543836593628
BitcoinTransactions,4,489,123,0.25,0.5,4,0.05357456316837622,0.0037593984962406013,1.0,20.76544189453125
BitcoinTransactions,4,489,123,0.25,0.5,5,0.05203525599732001,0.0,1.0,21.02675151824951
BitcoinTransactions,4,489,148,0.3,0.5,1,0.05199790465064655,0.0,0.9991882018671358,21.039878368377686
BitcoinTransactions,4,489,148,0.3,0.5,2,0.05203525599732001,0.0,1.0,21.02129292488098
BitcoinTransactions,4,489,148,0.3,0.5,3,0.05180373894880066,0.002053388090349076,1.0,21.01324486732483
BitcoinTransactions,4,489,148,0.3,0.5,4,0.05203525599732001,0.0,1.0,21.07519030570984
BitcoinTransactions,4,489,148,0.3,0.5,5,0.0530097093106223,0.0007974481658692185,0.9972940062237857,20.84030246734619
BitcoinTransactions,4,489,173,0.35,0.5,1,0.05203525599732001,0.0,1.0,21.030264377593994
BitcoinTransactions,4,489,173,0.35,0.5,2,0.05203525599732001,0.0,1.0,21.010094165802002
BitcoinTransactions,4,489,173,0.35,0.5,3,0.05203525599732001,0.0,1.0,21.012859106063843
BitcoinTransactions,4,489,173,0.35,0.5,4,0.05218213672371235,0.0010351966873706005,0.9972940062237857,21.003806114196777
BitcoinTransactions,4,489,173,0.35,0.5,5,0.05203525599732001,0.0,1.0,21.005411624908447
BitcoinTransactions,4,489,197,0.4,0.5,1,0.05203525599732001,0.0,1.0,20.981085300445557
BitcoinTransactions,4,489,197,0.4,0.5,2,0.05203525599732001,0.0,1.0,21.01198124885559
BitcoinTransactions,4,489,197,0.4,0.5,3,0.05203525599732001,0.0,1.0,21.021422147750854
BitcoinTransactions,4,489,197,0.4,0.5,4,0.052080266523271655,0.002070393374741201,1.0,20.879531860351562
BitcoinTransactions,4,489,197,0.4,0.5,5,0.051617547177523974,0.0010416666666666667,0.9978352049790286,20.888105869293213
BitcoinTransactions,4,489,222,0.45,0.5,1,0.05203525599732001,0.0,1.0,20.894086599349976
BitcoinTransactions,4,489,222,0.45,0.5,2,0.05203525599732001,0.0,1.0,20.925365686416626
BitcoinTransactions,4,489,222,0.45,0.5,3,0.052000885546682245,0.0016901408450704226,0.9968881071573535,20.654052734375
BitcoinTransactions,4,489,222,0.45,0.5,4,0.05203525599732001,0.0,1.0,20.896992206573486
BitcoinTransactions,4,489,222,0.45,0.5,5,0.05174144297830408,0.002066115702479339,1.0,20.886951684951782
BitcoinTransactions,4,489,246,0.5,0.5,1,0.05203525599732001,0.0,1.0,20.925991535186768
BitcoinTransactions,4,489,246,0.5,0.5,2,0.052673285929474775,0.0021231422505307855,1.0,20.926674604415894
BitcoinTransactions,4,489,246,0.5,0.5,3,0.05203525599732001,0.0,1.0,21.030693769454956
BitcoinTransactions,4,489,246,0.5,0.5,4,0.051847555069732064,0.002127659574468085,1.0,21.038943767547607
BitcoinTransactions,4,489,246,0.5,0.5,5,0.05203525599732001,0.0,1.0,21.132195472717285
BitcoinTransactions,4,489,271,0.55,0.5,1,0.052238108927687085,0.00102880658436214,0.9995941009335678,21.091628789901733
BitcoinTransactions,4,489,271,0.55,0.5,2,0.05462285953246826,0.003003003003003003,1.0,20.860180377960205
BitcoinTransactions,4,489,271,0.55,0.5,3,0.052628905414340205,0.0021413276231263384,1.0,21.038137435913086
BitcoinTransactions,4,489,271,0.55,0.5,4,0.05207557167274712,0.0,0.9997294006223786,21.072974681854248
BitcoinTransactions,4,489,271,0.55,0.5,5,0.05203525599732001,0.0,1.0,21.137566566467285
BitcoinTransactions,4,489,296,0.6,0.5,1,0.05164556382795071,0.0022172949002217295,1.0,21.038100719451904
BitcoinTransactions,4,489,296,0.6,0.5,2,0.05308841711913652,0.0024691358024691358,1.0,20.928083419799805
BitcoinTransactions,4,489,296,0.6,0.5,3,0.054644192739202346,0.0030120481927710845,1.0,20.79227566719055
BitcoinTransactions,4,489,296,0.6,0.5,4,0.05203439925705754,0.0,0.9998647003111892,21.0722496509552
BitcoinTransactions,4,489,296,0.6,0.5,5,0.053218609543872336,0.0022675736961451248,1.0,20.939945220947266
BitcoinTransactions,4,489,320,0.65,0.5,1,0.05177018944579633,0.002070393374741201,1.0,21.082176685333252
BitcoinTransactions,4,489,320,0.65,0.5,2,0.05203525599732001,0.0,1.0,21.068804025650024
BitcoinTransactions,4,489,320,0.65,0.5,3,0.05203525599732001,0.0,1.0,21.075080394744873
BitcoinTransactions,4,489,320,0.65,0.5,4,0.05716186656796696,0.005434782608695652,1.0,20.673914432525635
BitcoinTransactions,4,489,320,0.65,0.5,5,0.05203525599732001,0.0,1.0,21.098098278045654
BitcoinTransactions,4,489,345,0.7,0.5,1,0.05203525599732001,0.0,1.0,21.1035213470459
BitcoinTransactions,4,489,345,0.7,0.5,2,0.05467118402949035,0.0024937655860349127,1.0,20.91799807548523
BitcoinTransactions,4,489,345,0.7,0.5,3,0.051991107362934615,0.002074688796680498,1.0,21.072644472122192
BitcoinTransactions,4,489,345,0.7,0.5,4,0.053976834590411894,0.0031446540880503146,1.0,20.854520082473755
BitcoinTransactions,4,489,345,0.7,0.5,5,0.05203525599732001,0.0,1.0,21.113500595092773
BitcoinTransactions,4,489,370,0.75,0.5,1,0.05375480690445885,0.002506265664160401,1.0,20.85778260231018
BitcoinTransactions,4,489,370,0.75,0.5,2,0.051946033072123886,0.002066115702479339,1.0,21.084861278533936
BitcoinTransactions,4,489,370,0.75,0.5,3,0.05362230791289355,0.0030211480362537764,1.0,20.832688093185425
BitcoinTransactions,4,489,370,0.75,0.5,4,0.05203525599732001,0.0,1.0,21.079899072647095
BitcoinTransactions,4,489,370,0.75,0.5,5,0.05203525599732001,0.0,1.0,21.09496259689331
BitcoinTransactions,4,489,394,0.8,0.5,1,0.05323083196356002,0.0013966480446927375,0.9993235015559464,20.877028703689575
BitcoinTransactions,4,489,394,0.8,0.5,2,0.05200007156464363,0.001026694045174538,0.9998647003111892,21.106623649597168
BitcoinTransactions,4,489,394,0.8,0.5,3,0.051705527666658445,0.002079002079002079,1.0,21.06537961959839
BitcoinTransactions,4,489,394,0.8,0.5,4,0.053359984308586454,0.0010799136069114472,0.9998647003111892,20.917253494262695
BitcoinTransactions,4,489,394,0.8,0.5,5,0.05203525599732001,0.0,1.0,21.036834478378296
BitcoinTransactions,4,489,419,0.85,0.5,1,0.053889084715724046,0.0022988505747126436,1.0,20.908124923706055
BitcoinTransactions,4,489,419,0.85,0.5,2,0.05203525599732001,0.0,1.0,21.028676986694336
BitcoinTransactions,4,489,419,0.85,0.5,3,0.05462579924615352,0.0026455026455026454,1.0,20.733580589294434
BitcoinTransactions,4,489,419,0.85,0.5,4,0.05275788699473666,0.0035087719298245615,1.0,20.734941720962524
BitcoinTransactions,4,489,419,0.85,0.5,5,0.05202582736391477,0.0,0.9998647003111892,21.035304307937622
BitcoinTransactions,4,489,444,0.9,0.5,1,0.055086099784348176,0.002840909090909091,1.0,20.73877716064453
BitcoinTransactions,4,489,444,0.9,0.5,2,0.052635914488199716,0.0018115942028985507,0.9995941009335678,20.865728616714478
BitcoinTransactions,4,489,444,0.9,0.5,3,0.05203525599732001,0.0,1.0,21.05339813232422
BitcoinTransactions,4,489,444,0.9,0.5,4,0.05203525599732001,0.0,1.0,21.02889060974121
BitcoinTransactions,4,489,444,0.9,0.5,5,0.05368426555288906,0.0015432098765432098,0.9998647003111892,20.797969102859497
BitcoinTransactions,4,489,468,0.95,0.5,1,0.05211199029745248,0.0,0.985252333919632,21.033778429031372
BitcoinTransactions,4,489,468,0.95,0.5,2,0.05203857499015796,0.0,0.9997294006223786,21.090001106262207
BitcoinTransactions,4,489,468,0.95,0.5,3,0.05203525599732001,0.0,1.0,21.058369398117065
BitcoinTransactions,4,489,468,0.95,0.5,4,0.05203525599732001,0.0,1.0,21.048771858215332
BitcoinTransactions,4,489,468,0.95,0.5,5,0.05203525599732001,0.0,1.0,21.05745005607605
BitcoinTransactions,4,489,493,1,0.5,1,0.05203525599732001,0.0,1.0,21.05419397354126
BitcoinTransactions,4,489,493,1,0.5,2,0.05203525599732001,0.0,1.0,21.058508157730103
BitcoinTransactions,4,489,493,1,0.5,3,0.05203525599732001,0.0,1.0,21.052128076553345
BitcoinTransactions,4,489,493,1,0.5,4,0.051958401240042786,0.0,0.9978352049790286,21.07344937324524
BitcoinTransactions,4,489,493,1,0.5,5,0.05174732776969414,0.0020491803278688526,1.0,21.0516619682312
BitcoinTransactions,5,346,0,0,,1,0.8618688801846379,0.0,0.0037164852667905496,
BitcoinTransactions,5,346,0,0,,2,0.7694294949088699,0.0,0.008627555083620918,
BitcoinTransactions,5,346,0,0,,3,0.8113336239909336,0.0015884652981427176,0.5881337934696045,
BitcoinTransactions,5,346,0,0,,4,0.8812252117238993,0.0,0.0018582426333952748,
BitcoinTransactions,5,346,0,0,,5,0.8273344917684312,0.002976190476190476,0.6302097159543403,
BitcoinTransactions,5,346,4,0.01,0.5,1,0.053786599941554554,0.005494505494505495,1.0,20.769851207733154
BitcoinTransactions,5,346,4,0.01,0.5,2,0.05203525599732001,0.0,1.0,21.057320594787598
BitcoinTransactions,5,346,4,0.01,0.5,3,0.05203525599732001,0.0,1.0,21.03707480430603
BitcoinTransactions,5,346,4,0.01,0.5,4,0.05203525599732001,0.0,1.0,21.050213098526
BitcoinTransactions,5,346,4,0.01,0.5,5,0.05203525599732001,0.0,1.0,21.046067237854004
BitcoinTransactions,5,346,18,0.05,0.5,1,0.05157133019191605,0.0029585798816568047,1.0,21.01687526702881
BitcoinTransactions,5,346,18,0.05,0.5,2,0.053187533684869545,0.0030864197530864196,1.0,20.89949917793274
BitcoinTransactions,5,346,18,0.05,0.5,3,0.05203525599732001,0.0,1.0,21.016917943954468
BitcoinTransactions,5,346,18,0.05,0.5,4,0.05473776819402986,0.0022123893805309734,0.998539952216618,20.768677234649658
BitcoinTransactions,5,346,18,0.05,0.5,5,0.05203525599732001,0.0,1.0,21.0220627784729
BitcoinTransactions,5,346,36,0.1,0.5,1,0.05330026781555041,0.0035211267605633804,1.0,20.82158637046814
BitcoinTransactions,5,346,36,0.1,0.5,2,0.05172880774354391,0.002967359050445104,1.0,21.01055407524109
BitcoinTransactions,5,346,36,0.1,0.5,3,0.05203525599732001,0.0,1.0,21.03063440322876
BitcoinTransactions,5,346,36,0.1,0.5,4,0.05180370398049559,0.0029411764705882353,1.0,21.03051209449768
BitcoinTransactions,5,346,36,0.1,0.5,5,0.05203525599732001,0.0,1.0,20.865446090698242
BitcoinTransactions,5,346,54,0.15,0.5,1,0.053772932304926746,0.0033333333333333335,1.0,21.04460883140564
BitcoinTransactions,5,346,54,0.15,0.5,2,0.05203525599732001,0.0,1.0,21.032752752304077
BitcoinTransactions,5,346,54,0.15,0.5,3,0.05202208181125696,0.0,0.9994690735333156,21.015424013137817
BitcoinTransactions,5,346,54,0.15,0.5,4,0.05203525599732001,0.0,1.0,21.026524543762207
BitcoinTransactions,5,346,54,0.15,0.5,5,0.054466987576042264,0.004291845493562232,1.0,20.714550495147705
BitcoinTransactions,5,346,73,0.2,0.5,1,0.05281475269433611,0.0035087719298245615,1.0,20.831825494766235
BitcoinTransactions,5,346,73,0.2,0.5,2,0.05203525599732001,0.0,1.0,21.038975954055786
BitcoinTransactions,5,346,73,0.2,0.5,3,0.05223065114762102,0.0029239766081871343,1.0,20.99566102027893
BitcoinTransactions,5,346,73,0.2,0.5,4,0.05371678685485015,0.0035087719298245615,1.0,20.777819395065308
BitcoinTransactions,5,346,73,0.2,0.5,5,0.051749412197490914,0.0014792899408284023,0.9984072205999469,20.97838830947876
BitcoinTransactions,5,346,91,0.25,0.5,1,0.05202838569271562,0.0,0.999867268383329,21.018532276153564
BitcoinTransactions,5,346,91,0.25,0.5,2,0.052031857633903625,0.002898550724637681,1.0,20.992419719696045
BitcoinTransactions,5,346,91,0.25,0.5,3,0.05208438337832158,0.0,0.9996018051499868,21.025800704956055
BitcoinTransactions,5,346,91,0.25,0.5,4,0.05203525599732001,0.0,1.0,21.014392614364624
BitcoinTransactions,5,346,91,0.25,0.5,5,0.05203525599732001,0.0,1.0,21.012659788131714
BitcoinTransactions,5,346,109,0.3,0.5,1,0.05203525599732001,0.0,1.0,21.02716612815857
BitcoinTransactions,5,346,109,0.3,0.5,2,0.05203525599732001,0.0,1.0,21.019590854644775
BitcoinTransactions,5,346,109,0.3,0.5,3,0.05193553191682729,0.0030303030303030303,1.0,21.006177186965942
BitcoinTransactions,5,346,109,0.3,0.5,4,0.05203525599732001,0.0,1.0,21.02580761909485
BitcoinTransactions,5,346,109,0.3,0.5,5,0.05203525599732001,0.0,1.0,21.034623384475708
BitcoinTransactions,5,346,127,0.35,0.5,1,0.05203525599732001,0.0,1.0,21.05212092399597
BitcoinTransactions,5,346,127,0.35,0.5,2,0.051837015967818964,0.0029069767441860465,1.0,21.0133695602417
BitcoinTransactions,5,346,127,0.35,0.5,3,0.05203525599732001,0.0,1.0,21.011566400527954
BitcoinTransactions,5,346,127,0.35,0.5,4,0.05201810130477114,0.002932551319648094,1.0,21.026386976242065
BitcoinTransactions,5,346,127,0.35,0.5,5,0.05203525599732001,0.0,1.0,21.005294799804688
BitcoinTransactions,5,346,145,0.4,0.5,1,0.0541055966673035,0.004761904761904762,1.0,20.705519676208496
BitcoinTransactions,5,346,145,0.4,0.5,2,0.05203525599732001,0.0,1.0,21.025037050247192
BitcoinTransactions,5,346,145,0.4,0.5,3,0.05204711453409322,0.0,0.9989381470666313,21.009204149246216
BitcoinTransactions,5,346,145,0.4,0.5,4,0.05203525599732001,0.0,1.0,21.027600526809692
BitcoinTransactions,5,346,145,0.4,0.5,5,0.054806721603838086,0.00392156862745098,1.0,20.75886607170105
BitcoinTransactions,5,346,163,0.45,0.5,1,0.05203525599732001,0.0,1.0,21.014166593551636
BitcoinTransactions,5,346,163,0.45,0.5,2,0.05203525599732001,0.0,1.0,21.005720138549805
BitcoinTransactions,5,346,163,0.45,0.5,3,0.05203525599732001,0.0,1.0,21.01888942718506
BitcoinTransactions,5,346,163,0.45,0.5,4,0.05165074205075662,0.002932551319648094,1.0,20.992685079574585
BitcoinTransactions,5,346,163,0.45,0.5,5,0.05203525599732001,0.0,1.0,21.020079374313354
BitcoinTransactions,5,346,182,0.5,0.5,1,0.05203525599732001,0.0,1.0,21.02110505104065
BitcoinTransactions,5,346,182,0.5,0.5,2,0.05185909665952262,0.0029069767441860465,1.0,21.017468214035034
BitcoinTransactions,5,346,182,0.5,0.5,3,0.05190864688012921,0.0029069767441860465,1.0,21.023411750793457
BitcoinTransactions,5,346,182,0.5,0.5,4,0.05203525599732001,0.0,1.0,21.0315203666687
BitcoinTransactions,5,346,182,0.5,0.5,5,0.05201178784708413,0.0029069767441860465,1.0,21.041677236557007
BitcoinTransactions,5,346,200,0.55,0.5,1,0.05203525599732001,0.0,1.0,21.04928159713745
BitcoinTransactions,5,346,200,0.55,0.5,2,0.05203525599732001,0.0,1.0,21.053082942962646
BitcoinTransactions,5,346,200,0.55,0.5,3,0.051733863518112926,0.0029239766081871343,1.0,21.03743314743042
BitcoinTransactions,5,346,200,0.55,0.5,4,0.05177060058704101,0.001984126984126984,0.9989381470666313,21.026400566101074
BitcoinTransactions,5,346,200,0.55,0.5,5,0.05203525599732001,0.0,1.0,21.047868013381958
BitcoinTransactions,5,346,218,0.6,0.5,1,0.05203525599732001,0.0,1.0,21.035093069076538
BitcoinTransactions,5,346,218,0.6,0.5,2,0.05203525599732001,0.0,1.0,21.05484652519226
BitcoinTransactions,5,346,218,0.6,0.5,3,0.05203525599732001,0.0,1.0,21.063141584396362
BitcoinTransactions,5,346,218,0.6,0.5,4,0.05203525599732001,0.0,1.0,21.05292010307312
BitcoinTransactions,5,346,218,0.6,0.5,5,0.053766986881824,0.0016835016835016834,0.999867268383329,20.87163805961609
BitcoinTransactions,5,346,236,0.65,0.5,1,0.05201956728633705,0.0,0.9996018051499868,21.06247568130493
BitcoinTransactions,5,346,236,0.65,0.5,2,0.05468647823490127,0.00322061191626409,0.9990708786833024,20.70189070701599
BitcoinTransactions,5,346,236,0.65,0.5,3,0.05340724430692428,0.0015873015873015873,0.9997345367666578,20.95710802078247
BitcoinTransactions,5,346,236,0.65,0.5,4,0.05203525599732001,0.0,1.0,21.04621696472168
BitcoinTransactions,5,346,236,0.65,0.5,5,0.05203525599732001,0.0,1.0,21.059216022491455
BitcoinTransactions,5,346,254,0.7,0.5,1,0.05455810308658023,0.004219409282700422,1.0,20.839707374572754
BitcoinTransactions,5,346,254,0.7,0.5,2,0.05203525599732001,0.0,1.0,21.082191467285156
BitcoinTransactions,5,346,254,0.7,0.5,3,0.05268076816235438,0.003289473684210526,1.0,20.964953422546387
BitcoinTransactions,5,346,254,0.7,0.5,4,0.054465915806321256,0.0037174721189591076,1.0,20.81870412826538
BitcoinTransactions,5,346,254,0.7,0.5,5,0.05203525599732001,0.0,1.0,21.020145177841187
BitcoinTransactions,5,346,272,0.75,0.5,1,0.052032366787006706,0.0,0.999867268383329,21.14298391342163
BitcoinTransactions,5,346,272,0.75,0.5,2,0.05203525599732001,0.0,1.0,21.096081733703613
BitcoinTransactions,5,346,272,0.75,0.5,3,0.05203525599732001,0.0,1.0,21.229087591171265
BitcoinTransactions,5,346,272,0.75,0.5,4,0.05203525599732001,0.0,1.0,21.074684143066406
BitcoinTransactions,5,346,272,0.75,0.5,5,0.05203525599732001,0.0,1.0,21.266578912734985
BitcoinTransactions,5,346,290,0.8,0.5,1,0.0529515583375913,0.003367003367003367,1.0,20.95932388305664
BitcoinTransactions,5,346,290,0.8,0.5,2,0.05203525599732001,0.0,1.0,21.002644777297974
BitcoinTransactions,5,346,290,0.8,0.5,3,0.05203525599732001,0.0,1.0,21.142823934555054
BitcoinTransactions,5,346,290,0.8,0.5,4,0.05203525599732001,0.0,1.0,21.078458070755005
BitcoinTransactions,5,346,290,0.8,0.5,5,0.05317471814357559,0.0015015015015015015,0.999867268383329,21.654505491256714
BitcoinTransactions,5,346,309,0.85,0.5,1,0.05204481178938332,0.002898550724637681,1.0,21.136812448501587
BitcoinTransactions,5,346,309,0.85,0.5,2,0.05203525599732001,0.0,1.0,21.00319743156433
BitcoinTransactions,5,346,309,0.85,0.5,3,0.05203525599732001,0.0,1.0,21.213719129562378
BitcoinTransactions,5,346,309,0.85,0.5,4,0.05203525599732001,0.0,1.0,21.20712947845459
BitcoinTransactions,5,346,309,0.85,0.5,5,0.05203525599732001,0.0,1.0,21.221163988113403
BitcoinTransactions,5,346,327,0.9,0.5,1,0.051877013161936596,0.0030864197530864196,1.0,21.12006688117981
BitcoinTransactions,5,346,327,0.9,0.5,2,0.05203439925705752,0.0,0.999867268383329,21.293104887008667
BitcoinTransactions,5,346,327,0.9,0.5,3,0.052022115136581906,0.0,0.9996018051499868,21.14772319793701
BitcoinTransactions,5,346,327,0.9,0.5,4,0.05203525599732001,0.0,1.0,21.101274013519287
BitcoinTransactions,5,346,327,0.9,0.5,5,0.05199755842814904,0.0029239766081871343,1.0,21.002862691879272
BitcoinTransactions,5,346,345,0.95,0.5,1,0.05203525599732001,0.0,1.0,21.13690686225891
BitcoinTransactions,5,346,345,0.95,0.5,2,0.05203525599732001,0.0,1.0,21.747732162475586
BitcoinTransactions,5,346,345,0.95,0.5,3,0.05189685550816949,0.0,0.9981417573666047,21.31022810935974
BitcoinTransactions,5,346,345,0.95,0.5,4,0.05195453046913422,0.0029239766081871343,1.0,21.024420499801636
BitcoinTransactions,5,346,345,0.95,0.5,5,0.05203525599732001,0.0,1.0,21.16595220565796
BitcoinTransactions,5,346,363,1,0.5,1,0.05203525599732001,0.0,1.0,21.05501675605774
BitcoinTransactions,5,346,363,1,0.5,2,0.05203525599732001,0.0,1.0,21.159843921661377
BitcoinTransactions,5,346,363,1,0.5,3,0.05195288983726891,0.0029069767441860465,1.0,21.09378170967102
BitcoinTransactions,5,346,363,1,0.5,4,0.05203525599732001,0.0,1.0,21.405977964401245
BitcoinTransactions,5,346,363,1,0.5,5,0.05202136447985446,0.0030211480362537764,1.0,21.059764862060547
BitcoinTransactions,6,594,0,0,,1,0.6851154170508382,5.621135469364812e-05,0.06286027998902004,
BitcoinTransactions,6,594,0,0,,2,0.8649125948654681,0.0,0.0,
BitcoinTransactions,6,594,0,0,,3,0.6974264311611403,0.0,0.00041174855888004394,
BitcoinTransactions,6,594,0,0,,4,0.6435998610107562,0.0,0.0059017293439472965,
BitcoinTransactions,6,594,0,0,,5,0.7835199132424848,5.621135469364812e-05,0.047488333790831734,
BitcoinTransactions,6,594,6,0.01,0.5,1,0.0517156170314969,0.001694915254237288,1.0,21.77650785446167
BitcoinTransactions,6,594,6,0.01,0.5,2,0.05203525599732001,0.0,1.0,21.04036045074463
BitcoinTransactions,6,594,6,0.01,0.5,3,0.05197022924928165,0.001694915254237288,1.0,21.05700135231018
BitcoinTransactions,6,594,6,0.01,0.5,4,0.053349610416233526,0.002320185614849188,1.0,20.777052879333496
BitcoinTransactions,6,594,6,0.01,0.5,5,0.05203525599732001,0.0,1.0,21.046050310134888
BitcoinTransactions,6,594,30,0.05,0.5,1,0.051961202101123496,0.0016863406408094434,1.0,21.069181442260742
BitcoinTransactions,6,594,30,0.05,0.5,2,0.052032252302521946,0.0,0.9993137524018666,20.959678411483765
BitcoinTransactions,6,594,30,0.05,0.5,3,0.052827253517736074,0.0019047619047619048,1.0,20.831876277923584
BitcoinTransactions,6,594,30,0.05,0.5,4,0.052077294977126175,0.0,0.9997255009607466,20.96263837814331
BitcoinTransactions,6,594,30,0.05,0.5,5,0.05203525599732001,0.0,1.0,20.951436519622803
BitcoinTransactions,6,594,61,0.1,0.5,1,0.05203525599732001,0.0,1.0,20.94932746887207
BitcoinTransactions,6,594,61,0.1,0.5,2,0.05205719126368693,0.0,0.9997255009607466,20.952213287353516
BitcoinTransactions,6,594,61,0.1,0.5,3,0.05203525599732001,0.0,1.0,20.93988275527954
BitcoinTransactions,6,594,61,0.1,0.5,4,0.05203365234436026,0.0016863406408094434,1.0,20.95951533317566
BitcoinTransactions,6,594,61,0.1,0.5,5,0.05203525599732001,0.0,1.0,20.94415259361267
BitcoinTransactions,6,594,91,0.15,0.5,1,0.05203525599732001,0.0,1.0,20.95108437538147
BitcoinTransactions,6,594,91,0.15,0.5,2,0.05203525599732001,0.0,1.0,20.95604658126831
BitcoinTransactions,6,594,91,0.15,0.5,3,0.05293838333156387,0.0015151515151515152,0.99958825144112,20.654683113098145
BitcoinTransactions,6,594,91,0.15,0.5,4,0.05328537833030471,0.0013404825737265416,0.99958825144112,20.65197205543518
BitcoinTransactions,6,594,91,0.15,0.5,5,0.05203525599732001,0.0,1.0,20.893259286880493
BitcoinTransactions,6,594,122,0.2,0.5,1,0.05204579991953198,0.0,0.9997255009607466,20.917393445968628
BitcoinTransactions,6,594,122,0.2,0.5,2,0.05203525599732001,0.0,1.0,20.89912247657776
BitcoinTransactions,6,594,122,0.2,0.5,3,0.05203635243943983,0.0,0.9998627504803733,20.91315197944641
BitcoinTransactions,6,594,122,0.2,0.5,4,0.05203525599732001,0.0,1.0,20.916519165039062
BitcoinTransactions,6,594,122,0.2,0.5,5,0.05203525599732001,0.0,1.0,20.896782159805298
BitcoinTransactions,6,594,152,0.25,0.5,1,0.05326563009954394,0.0025252525252525255,1.0,20.575074672698975
BitcoinTransactions,6,594,152,0.25,0.5,2,0.05203525599732001,0.0,1.0,21.042211771011353
BitcoinTransactions,6,594,152,0.25,0.5,3,0.05273055246316699,0.0018796992481203006,1.0,21.080598831176758
BitcoinTransactions,6,594,152,0.25,0.5,4,0.05203525599732001,0.0,1.0,21.191673278808594
BitcoinTransactions,6,594,152,0.25,0.5,5,0.05514995020973819,0.001953125,1.0,20.99031662940979
BitcoinTransactions,6,594,183,0.3,0.5,1,0.05202838569271562,0.0,0.9998627504803733,21.210206747055054
BitcoinTransactions,6,594,183,0.3,0.5,2,0.05203525599732001,0.0,1.0,21.188059091567993
BitcoinTransactions,6,594,183,0.3,0.5,3,0.05203525599732001,0.0,1.0,21.188302040100098
BitcoinTransactions,6,594,183,0.3,0.5,4,0.05386868113841107,0.002136752136752137,1.0,20.96466088294983
BitcoinTransactions,6,594,183,0.3,0.5,5,0.05412015923014157,0.0018148820326678765,1.0,20.93004584312439
BitcoinTransactions,6,594,213,0.35,0.5,1,0.05201691557478043,0.0,0.99958825144112,20.97839856147766
BitcoinTransactions,6,594,213,0.35,0.5,2,0.05203525599732001,0.0,1.0,21.000696897506714
BitcoinTransactions,6,594,213,0.35,0.5,3,0.054745039640427776,0.00267379679144385,1.0,20.63396167755127
BitcoinTransactions,6,594,213,0.35,0.5,4,0.05203525599732001,0.0,1.0,20.991743564605713
BitcoinTransactions,6,594,213,0.35,0.5,5,0.05203525599732001,0.0,1.0,20.968746662139893
BitcoinTransactions,6,594,244,0.4,0.5,1,0.05417967376169562,0.0026666666666666666,1.0,20.753650665283203
BitcoinTransactions,6,594,244,0.4,0.5,2,0.05202320032398929,0.0016891891891891893,1.0,20.930378198623657
BitcoinTransactions,6,594,244,0.4,0.5,3,0.05203525599732001,0.0,1.0,20.936643600463867
BitcoinTransactions,6,594,244,0.4,0.5,4,0.05203525599732001,0.0,1.0,20.936185121536255
BitcoinTransactions,6,594,244,0.4,0.5,5,0.051946346331105564,0.001692047377326565,1.0,20.925538539886475
BitcoinTransactions,6,594,274,0.45,0.5,1,0.05383761276730364,0.00199203187250996,1.0,20.763334274291992
BitcoinTransactions,6,594,274,0.45,0.5,2,0.053752280985412904,0.0021231422505307855,1.0,20.73390793800354
BitcoinTransactions,6,594,274,0.45,0.5,3,0.05323083492462037,0.0009057971014492754,0.9960197639308263,20.781967163085938
BitcoinTransactions,6,594,274,0.45,0.5,4,0.05181453000319626,0.001692047377326565,1.0,20.93254280090332
BitcoinTransactions,6,594,274,0.45,0.5,5,0.05203525599732001,0.0,1.0,20.948090076446533
BitcoinTransactions,6,594,304,0.5,0.5,1,0.05203525599732001,0.0,1.0,20.947766065597534
BitcoinTransactions,6,594,304,0.5,0.5,2,0.05357736801296787,0.0015182186234817814,0.9979412572055998,20.74270009994507
BitcoinTransactions,6,594,304,0.5,0.5,3,0.05200993532698687,0.0016863406408094434,1.0,20.935773611068726
BitcoinTransactions,6,594,304,0.5,0.5,4,0.05337631794322571,0.0019801980198019802,1.0,20.860265254974365
BitcoinTransactions,6,594,304,0.5,0.5,5,0.05203525599732001,0.0,1.0,20.947117567062378
BitcoinTransactions,6,594,335,0.55,0.5,1,0.05203525599732001,0.0,1.0,20.944730043411255
BitcoinTransactions,6,594,335,0.55,0.5,2,0.0534187178323825,0.0026246719160104987,1.0,20.66093873977661
BitcoinTransactions,6,594,335,0.55,0.5,3,0.05203525599732001,0.0,1.0,20.937973022460938
BitcoinTransactions,6,594,335,0.55,0.5,4,0.05203525599732001,0.0,1.0,20.940598726272583
BitcoinTransactions,6,594,335,0.55,0.5,5,0.052045487961988365,0.0016891891891891893,1.0,20.93527626991272
BitcoinTransactions,6,594,365,0.6,0.5,1,0.0518244737840773,0.0008650519031141869,0.9991765028822399,20.906083345413208
BitcoinTransactions,6,594,365,0.6,0.5,2,0.05228769198396791,0.0017152658662092624,1.0,20.901567220687866
BitcoinTransactions,6,594,365,0.6,0.5,3,0.05207731258568841,0.0,0.99958825144112,20.940946102142334
BitcoinTransactions,6,594,365,0.6,0.5,4,0.05201746954939363,0.0,0.9984902552841065,20.980902910232544
BitcoinTransactions,6,594,365,0.6,0.5,5,0.05203525599732001,0.0,1.0,20.953827142715454
BitcoinTransactions,6,594,396,0.65,0.5,1,0.05203525599732001,0.0,1.0,20.966349840164185
BitcoinTransactions,6,594,396,0.65,0.5,2,0.05202926115959818,0.0,0.9990392533626132,20.96209192276001
BitcoinTransactions,6,594,396,0.65,0.5,3,0.05203525599732001,0.0,1.0,20.94495940208435
BitcoinTransactions,6,594,396,0.65,0.5,4,0.05275908829343699,0.0017331022530329288,1.0,20.903205394744873
BitcoinTransactions,6,594,396,0.65,0.5,5,0.05203525599732001,0.0,1.0,20.962770223617554
BitcoinTransactions,6,594,426,0.7,0.5,1,0.05203439925705752,0.0,0.9998627504803733,20.961726188659668
BitcoinTransactions,6,594,426,0.7,0.5,2,0.05203525599732001,0.0,1.0,20.97037434577942
BitcoinTransactions,6,594,426,0.7,0.5,3,0.05203525599732001,0.0,1.0,20.955883502960205
BitcoinTransactions,6,594,426,0.7,0.5,4,0.05204724295187084,0.0,0.9998627504803733,20.950528860092163
BitcoinTransactions,6,594,426,0.7,0.5,5,0.05183794744892261,0.000847457627118644,0.9997255009607466,20.941439628601074
BitcoinTransactions,6,594,457,0.75,0.5,1,0.05198311207522412,0.0,0.9987647543233599,20.97773027420044
BitcoinTransactions,6,594,457,0.75,0.5,2,0.05279101023182214,0.0019157088122605363,1.0,20.823426723480225
BitcoinTransactions,6,594,457,0.75,0.5,3,0.05387271373248212,0.0020876826722338203,1.0,20.864040851593018
BitcoinTransactions,6,594,457,0.75,0.5,4,0.05203525599732001,0.0,1.0,20.96614170074463
BitcoinTransactions,6,594,457,0.75,0.5,5,0.0520220172645149,0.0008431703204047217,0.99958825144112,20.96560573577881
BitcoinTransactions,6,594,487,0.8,0.5,1,0.05203525599732001,0.0,1.0,20.955148220062256
BitcoinTransactions,6,594,487,0.8,0.5,2,0.05203525599732001,0.0,1.0,20.96003532409668
BitcoinTransactions,6,594,487,0.8,0.5,3,0.05203525599732001,0.0,1.0,20.9825439453125
BitcoinTransactions,6,594,487,0.8,0.5,4,0.05203525599732001,0.0,1.0,20.969208478927612
BitcoinTransactions,6,594,487,0.8,0.5,5,0.0528727331483738,0.0019342359767891683,1.0,20.853508949279785
BitcoinTransactions,6,594,518,0.85,0.5,1,0.05203525599732001,0.0,1.0,20.95878577232361
BitcoinTransactions,6,594,518,0.85,0.5,2,0.05218228591634438,0.001736111111111111,1.0,20.900418996810913
BitcoinTransactions,6,594,518,0.85,0.5,3,0.05203525599732001,0.0,1.0,20.955894947052002
BitcoinTransactions,6,594,518,0.85,0.5,4,0.05203525599732001,0.0,1.0,20.949082136154175
BitcoinTransactions,6,594,518,0.85,0.5,5,0.05203525599732001,0.0,1.0,20.971996784210205
BitcoinTransactions,6,594,548,0.9,0.5,1,0.05261809360933199,0.001869158878504673,1.0,20.868412733078003
BitcoinTransactions,6,594,548,0.9,0.5,2,0.053209897289454224,0.001841620626151013,1.0,20.80548334121704
BitcoinTransactions,6,594,548,0.9,0.5,3,0.05203525599732001,0.0,1.0,20.96884799003601
BitcoinTransactions,6,594,548,0.9,0.5,4,0.05203525599732001,0.0,1.0,20.959901094436646
BitcoinTransactions,6,594,548,0.9,0.5,5,0.0519845304770745,0.0008431703204047217,0.9998627504803733,20.98091769218445
BitcoinTransactions,6,594,579,0.95,0.5,1,0.05203525599732001,0.0,1.0,20.984394311904907
BitcoinTransactions,6,594,579,0.95,0.5,2,0.05203525599732001,0.0,1.0,20.980061054229736
BitcoinTransactions,6,594,579,0.95,0.5,3,0.05203525599732001,0.0,1.0,21.00444531440735
BitcoinTransactions,6,594,579,0.95,0.5,4,0.051586268776758634,0.0011514104778353484,0.9997255009607466,20.974164485931396
BitcoinTransactions,6,594,579,0.95,0.5,5,0.05368319644699065,0.0016778523489932886,0.9998627504803733,20.7068989276886
BitcoinTransactions,6,594,609,1,0.5,1,0.05203747831072181,0.0,0.9998627504803733,21.010558605194092
BitcoinTransactions,6,594,609,1,0.5,2,0.05184195030184753,0.0017123287671232876,1.0,20.98568058013916
BitcoinTransactions,6,594,609,1,0.5,3,0.05203525599732001,0.0,1.0,20.974519968032837
BitcoinTransactions,6,594,609,1,0.5,4,0.05202660513094931,0.0,0.9997255009607466,21.010615348815918
BitcoinTransactions,6,594,609,1,0.5,5,0.053345222122028406,0.0019230769230769232,1.0,20.87385892868042
BitcoinTransactions,7,706,0,0,,1,0.7853333630278984,0.0013452279807419994,0.4896849735154725,
BitcoinTransactions,7,706,0,0,,2,0.7675556716459784,4.8911714355588165e-05,0.11918037357122944,
BitcoinTransactions,7,706,0,0,,3,0.7470664014216254,0.0,0.006690827989963758,
BitcoinTransactions,7,706,0,0,,4,0.8709554494763612,0.0,0.002230275996654586,
BitcoinTransactions,7,706,0,0,,5,0.8950847157029359,0.0,0.01031502648452746,
BitcoinTransactions,7,706,9,0.01,0.5,1,0.05401521861759264,0.0019230769230769232,1.0,20.79286003112793
BitcoinTransactions,7,706,9,0.01,0.5,2,0.05203525599732001,0.0,1.0,20.937965393066406
BitcoinTransactions,7,706,9,0.01,0.5,3,0.05203525599732001,0.0,1.0,20.932198524475098
BitcoinTransactions,7,706,9,0.01,0.5,4,0.05203525599732001,0.0,1.0,20.93215537071228
BitcoinTransactions,7,706,9,0.01,0.5,5,0.053417726343545656,0.00273224043715847,1.0,20.639177560806274
BitcoinTransactions,7,706,45,0.05,0.5,1,0.05203525599732001,0.0,1.0,20.944368600845337
BitcoinTransactions,7,706,45,0.05,0.5,2,0.05203525599732001,0.0,1.0,20.941981077194214
BitcoinTransactions,7,706,45,0.05,0.5,3,0.05203525599732001,0.0,1.0,20.939451456069946
BitcoinTransactions,7,706,45,0.05,0.5,4,0.05203525599732001,0.0,1.0,20.80026388168335
BitcoinTransactions,7,706,45,0.05,0.5,5,0.05203086467261028,0.0,0.9998606077502091,21.079587936401367
BitcoinTransactions,7,706,90,0.1,0.5,1,0.05202582736391477,0.0,0.9998606077502091,20.920320510864258
BitcoinTransactions,7,706,90,0.1,0.5,2,0.05203525599732001,0.0,1.0,20.92304825782776
BitcoinTransactions,7,706,90,0.1,0.5,3,0.05203525599732001,0.0,1.0,20.784183502197266
BitcoinTransactions,7,706,90,0.1,0.5,4,0.05198384994637428,0.001440922190201729,1.0,21.040714502334595
BitcoinTransactions,7,706,90,0.1,0.5,5,0.05203086467261029,0.0,0.9998606077502091,20.935712575912476
BitcoinTransactions,7,706,135,0.15,0.5,1,0.05203525599732001,0.0,1.0,20.922807455062866
BitcoinTransactions,7,706,135,0.15,0.5,2,0.05203525599732001,0.0,1.0,20.825425386428833
BitcoinTransactions,7,706,135,0.15,0.5,3,0.05203525599732001,0.0,1.0,21.338911056518555
BitcoinTransactions,7,706,135,0.15,0.5,4,0.05203525599732001,0.0,1.0,21.12401795387268
BitcoinTransactions,7,706,135,0.15,0.5,5,0.05203525599732001,0.0,1.0,21.2387752532959
BitcoinTransactions,7,706,180,0.2,0.5,1,0.052253987769087205,0.001455604075691412,1.0,21.05232334136963
BitcoinTransactions,7,706,180,0.2,0.5,2,0.052022383044192114,0.0007112375533428165,0.9995818232506273,21.347784519195557
BitcoinTransactions,7,706,180,0.2,0.5,3,0.05203837622296802,0.001422475106685633,1.0,21.230100631713867
BitcoinTransactions,7,706,180,0.2,0.5,4,0.05203525599732001,0.0,1.0,21.24793577194214
BitcoinTransactions,7,706,180,0.2,0.5,5,0.05203525599732001,0.0,1.0,21.22996473312378
BitcoinTransactions,7,706,226,0.25,0.5,1,0.05206331638401031,0.0,0.9994424310008364,21.24360680580139
BitcoinTransactions,7,706,226,0.25,0.5,2,0.05203525599732001,0.0,1.0,21.256049871444702
BitcoinTransactions,7,706,226,0.25,0.5,3,0.05203525599732001,0.0,1.0,21.243922472000122
BitcoinTransactions,7,706,226,0.25,0.5,4,0.05312862460867249,0.0015290519877675841,1.0,21.063994646072388
BitcoinTransactions,7,706,226,0.25,0.5,5,0.05203525599732001,0.0,1.0,21.24555468559265
BitcoinTransactions,7,706,271,0.3,0.5,1,0.05203525599732001,0.0,1.0,21.255190134048462
BitcoinTransactions,7,706,271,0.3,0.5,2,0.05202223913636024,0.0,0.9998606077502091,21.232731342315674
BitcoinTransactions,7,706,271,0.3,0.5,3,0.05203525599732001,0.0,1.0,21.297483682632446
BitcoinTransactions,7,706,271,0.3,0.5,4,0.05203525599732001,0.0,1.0,22.016600131988525
BitcoinTransactions,7,706,271,0.3,0.5,5,0.05162298336422923,0.001422475106685633,1.0,21.34597373008728
BitcoinTransactions,7,706,316,0.35,0.5,1,0.055253695146213096,0.0017857142857142857,1.0,20.99598455429077
BitcoinTransactions,7,706,316,0.35,0.5,2,0.05201925124453868,0.0,0.9997212155004181,21.228829860687256
BitcoinTransactions,7,706,316,0.35,0.5,3,0.05144188554447267,0.0015060240963855422,1.0,21.219660997390747
BitcoinTransactions,7,706,316,0.35,0.5,4,0.05408076830855244,0.0015060240963855422,1.0,21.16109585762024
BitcoinTransactions,7,706,316,0.35,0.5,5,0.05203525599732001,0.0,1.0,21.24487614631653
BitcoinTransactions,7,706,361,0.4,0.5,1,0.05203525599732001,0.0,1.0,21.265077590942383
BitcoinTransactions,7,706,361,0.4,0.5,2,0.05199297013309796,0.0,0.9987454697518818,21.264007329940796
BitcoinTransactions,7,706,361,0.4,0.5,3,0.05203525599732001,0.0,1.0,21.42445206642151
BitcoinTransactions,7,706,361,0.4,0.5,4,0.05352965398274785,0.0026954177897574125,1.0,20.984448432922363
BitcoinTransactions,7,706,361,0.4,0.5,5,0.05203525599732001,0.0,1.0,21.317204236984253
BitcoinTransactions,7,706,406,0.45,0.5,1,0.05204929246316266,0.0,0.9998606077502091,21.250575304031372
BitcoinTransactions,7,706,406,0.45,0.5,2,0.05203525599732001,0.0,1.0,21.337015390396118
BitcoinTransactions,7,706,406,0.45,0.5,3,0.05288590038415656,0.0015082956259426848,1.0,21.9563250541687
BitcoinTransactions,7,706,406,0.45,0.5,4,0.05204170234486656,0.0007092198581560284,0.9997212155004181,21.313759088516235
BitcoinTransactions,7,706,406,0.45,0.5,5,0.05203525599732001,0.0,1.0,21.316807985305786
BitcoinTransactions,7,706,451,0.5,0.5,1,0.05203525599732001,0.0,1.0,21.3456449508667
BitcoinTransactions,7,706,451,0.5,0.5,2,0.05181930948160996,0.0014265335235378032,1.0,21.30347776412964
BitcoinTransactions,7,706,451,0.5,0.5,3,0.05154530647951384,0.001443001443001443,1.0,21.452130794525146
BitcoinTransactions,7,706,451,0.5,0.5,4,0.05203525599732001,0.0,1.0,21.37071204185486
BitcoinTransactions,7,706,451,0.5,0.5,5,0.05203525599732001,0.0,1.0,21.300714015960693
BitcoinTransactions,7,706,496,0.55,0.5,1,0.051708734409835026,0.00145985401459854,1.0,21.359344720840454
BitcoinTransactions,7,706,496,0.55,0.5,2,0.05192770679154147,0.0014326647564469914,1.0,22.0207736492157
BitcoinTransactions,7,706,496,0.55,0.5,3,0.05203575273180641,0.0,0.9994424310008364,21.392162084579468
BitcoinTransactions,7,706,496,0.55,0.5,4,0.05201499192444178,0.0014204545454545455,1.0,21.27747869491577
BitcoinTransactions,7,706,496,0.55,0.5,5,0.05203525599732001,0.0,1.0,21.364743947982788
BitcoinTransactions,7,706,541,0.6,0.5,1,0.05203525599732001,0.0,1.0,21.341642141342163
BitcoinTransactions,7,706,541,0.6,0.5,2,0.05203525599732001,0.0,1.0,21.216245651245117
BitcoinTransactions,7,706,541,0.6,0.5,3,0.05203525599732001,0.0,1.0,22.065150022506714
BitcoinTransactions,7,706,541,0.6,0.5,4,0.05203525599732001,0.0,1.0,22.053987741470337
BitcoinTransactions,7,706,541,0.6,0.5,5,0.05204033485593034,0.0,0.9995818232506273,21.257583141326904
BitcoinTransactions,7,706,586,0.65,0.5,1,0.05203525599732001,0.0,1.0,21.286691427230835
BitcoinTransactions,7,706,586,0.65,0.5,2,0.05203525599732001,0.0,1.0,21.25323987007141
BitcoinTransactions,7,706,586,0.65,0.5,3,0.05203525599732001,0.0,1.0,21.178696632385254
BitcoinTransactions,7,706,586,0.65,0.5,4,0.054643359048315104,0.001145475372279496,0.9998606077502091,20.79964280128479
BitcoinTransactions,7,706,586,0.65,0.5,5,0.05206162455286059,0.0014184397163120568,1.0,21.041367292404175
BitcoinTransactions,7,706,631,0.7,0.5,1,0.05203525599732001,0.0,1.0,21.018277168273926
BitcoinTransactions,7,706,631,0.7,0.5,2,0.051537294531353424,0.0014367816091954023,1.0,21.12224841117859
BitcoinTransactions,7,706,631,0.7,0.5,3,0.05197031536478843,0.0007112375533428165,0.9969333705046,21.08678913116455
BitcoinTransactions,7,706,631,0.7,0.5,4,0.05398906802850747,0.0016339869281045752,0.9998606077502091,20.75900936126709
BitcoinTransactions,7,706,631,0.7,0.5,5,0.05203525599732001,0.0,1.0,21.02708125114441
BitcoinTransactions,7,706,676,0.75,0.5,1,0.05203525599732001,0.0,1.0,21.001410484313965
BitcoinTransactions,7,706,676,0.75,0.5,2,0.05312522128448896,0.0017953321364452424,1.0,20.760748863220215
BitcoinTransactions,7,706,676,0.75,0.5,3,0.05401002388762321,0.0018587360594795538,1.0,20.74741530418396
BitcoinTransactions,7,706,676,0.75,0.5,4,0.05203525599732001,0.0,1.0,20.958249807357788
BitcoinTransactions,7,706,676,0.75,0.5,5,0.05203525599732001,0.0,1.0,21.184481620788574
BitcoinTransactions,7,706,722,0.8,0.5,1,0.05394220349917597,0.001584786053882726,1.0,20.999764680862427
BitcoinTransactions,7,706,722,0.8,0.5,2,0.05203525599732001,0.0,1.0,21.18411612510681
BitcoinTransactions,7,706,722,0.8,0.5,3,0.05203525599732001,0.0,1.0,21.2395601272583
BitcoinTransactions,7,706,722,0.8,0.5,4,0.05203525599732001,0.0,1.0,21.19621729850769
BitcoinTransactions,7,706,722,0.8,0.5,5,0.05409798411272535,0.0010162601626016261,0.9994424310008364,20.86902379989624
BitcoinTransactions,7,706,767,0.85,0.5,1,0.053248686428764,0.001838235294117647,1.0,20.927823066711426
BitcoinTransactions,7,706,767,0.85,0.5,2,0.05203525599732001,0.0,1.0,21.098151683807373
BitcoinTransactions,7,706,767,0.85,0.5,3,0.05203525599732001,0.0,1.0,21.098381519317627
BitcoinTransactions,7,706,767,0.85,0.5,4,0.054139082707858985,0.001557632398753894,1.0,20.964989185333252
BitcoinTransactions,7,706,767,0.85,0.5,5,0.05163874141442829,0.0014577259475218659,1.0,21.03032112121582
BitcoinTransactions,7,706,812,0.9,0.5,1,0.05203525599732001,0.0,1.0,21.084892511367798
BitcoinTransactions,7,706,812,0.9,0.5,2,0.05203525599732001,0.0,1.0,21.18084168434143
BitcoinTransactions,7,706,812,0.9,0.5,3,0.05203525599732001,0.0,1.0,21.0959210395813
BitcoinTransactions,7,706,812,0.9,0.5,4,0.05203525599732001,0.0,1.0,21.201359272003174
BitcoinTransactions,7,706,812,0.9,0.5,5,0.05203525599732001,0.0,1.0,21.090598583221436
BitcoinTransactions,7,706,857,0.95,0.5,1,0.05202722335930381,0.0,0.9997212155004181,21.26612424850464
BitcoinTransactions,7,706,857,0.95,0.5,2,0.05313699183220192,0.001519756838905775,1.0,21.7874972820282
BitcoinTransactions,7,706,857,0.95,0.5,3,0.05203525599732001,0.0,1.0,21.171422481536865
BitcoinTransactions,7,706,857,0.95,0.5,4,0.051496088436743165,0.00145985401459854,1.0,21.806790351867676
BitcoinTransactions,7,706,857,0.95,0.5,5,0.05203525599732001,0.0,1.0,21.173026084899902
BitcoinTransactions,7,706,902,1,0.5,1,0.05203525599732001,0.0,1.0,21.914904594421387
BitcoinTransactions,7,706,902,1,0.5,2,0.0520043554607558,0.0014204545454545455,1.0,21.211307525634766
BitcoinTransactions,7,706,902,1,0.5,3,0.05203525599732001,0.0,1.0,21.134150981903076
BitcoinTransactions,7,706,902,1,0.5,4,0.05203525599732001,0.0,1.0,21.15585446357727
BitcoinTransactions,7,706,902,1,0.5,5,0.05203525599732001,0.0,1.0,21.159833908081055
BitcoinTransactions,8,14,0,0,,1,0.8749912353766216,0.05,0.2433257055682685,
BitcoinTransactions,8,14,0,0,,2,0.8524807770721129,0.01,0.2609966946351386,
BitcoinTransactions,8,14,0,0,,3,0.8914955250146422,0.0,0.04233409610983982,
BitcoinTransactions,8,14,0,0,,4,0.9502958673948446,0.006493506493506494,0.12585812356979406,
BitcoinTransactions,8,14,0,0,,5,0.8478427546037018,0.0,0.02784134248665141,
BitcoinTransactions,8,14,0,0.01,0.5,1,0.05235916118715455,0.038461538461538464,0.9998728705822527,20.95401120185852
BitcoinTransactions,8,14,0,0.01,0.5,2,0.05200429006700369,0.0,0.9982201881515382,21.033986568450928
BitcoinTransactions,8,14,0,0.01,0.5,3,0.05184239591769421,0.0,0.9886854818204933,20.99978804588318
BitcoinTransactions,8,14,0,0.01,0.5,4,0.05203525599732001,0.0,1.0,21.032631158828735
BitcoinTransactions,8,14,0,0.01,0.5,5,0.05203525599732001,0.0,1.0,21.042369842529297
BitcoinTransactions,8,14,1,0.05,0.5,1,0.053683037493752556,0.05,0.9922451055174167,20.77788996696472
BitcoinTransactions,8,14,1,0.05,0.5,2,0.05243120678493089,0.1111111111111111,1.0,20.979661464691162
BitcoinTransactions,8,14,1,0.05,0.5,3,0.05203525599732001,0.0,1.0,21.030989170074463
BitcoinTransactions,8,14,1,0.05,0.5,4,0.05203525599732001,0.0,1.0,21.044078826904297
BitcoinTransactions,8,14,1,0.05,0.5,5,0.052039879347416926,0.0,0.9998728705822527,21.06281876564026
BitcoinTransactions,8,14,1,0.1,0.5,1,0.053508176750804264,0.027777777777777776,0.9012204424103738,20.873192310333252
BitcoinTransactions,8,14,1,0.1,0.5,2,0.05203525599732001,0.0,1.0,21.05221962928772
BitcoinTransactions,8,14,1,0.1,0.5,3,0.05203525599732001,0.0,1.0,21.00186324119568
BitcoinTransactions,8,14,1,0.1,0.5,4,0.05203525599732001,0.0,1.0,21.020192623138428
BitcoinTransactions,8,14,1,0.1,0.5,5,0.05203525599732001,0.0,1.0,21.042765140533447
BitcoinTransactions,8,14,2,0.15,0.5,1,0.0519801858734043,0.0,0.9983473175692855,21.03333806991577
BitcoinTransactions,8,14,2,0.15,0.5,2,0.05184185526656851,0.0,0.9788965166539537,21.013668537139893
BitcoinTransactions,8,14,2,0.15,0.5,3,0.05203525599732001,0.0,1.0,21.0379741191864
BitcoinTransactions,8,14,2,0.15,0.5,4,0.05197817477208352,0.0,0.9964403763030766,21.02363657951355
BitcoinTransactions,8,14,2,0.15,0.5,5,0.05203525599732001,0.0,1.0,21.03979992866516
BitcoinTransactions,8,14,3,0.2,0.5,1,0.05203525599732001,0.0,1.0,21.04451823234558
BitcoinTransactions,8,14,3,0.2,0.5,2,0.05176927257854642,0.0,0.9914823290109331,21.031667709350586
BitcoinTransactions,8,14,3,0.2,0.5,3,0.05476070487957342,0.14285714285714285,1.0,20.791818857192993
BitcoinTransactions,8,14,3,0.2,0.5,4,0.05203525599732001,0.0,1.0,21.054575204849243
BitcoinTransactions,8,14,3,0.2,0.5,5,0.05203525599732001,0.0,1.0,21.05963659286499
BitcoinTransactions,8,14,3,0.25,0.5,1,0.05208268880415996,0.027777777777777776,0.9946605644546148,21.01036238670349
BitcoinTransactions,8,14,3,0.25,0.5,2,0.05203525599732001,0.0,1.0,21.03925323486328
BitcoinTransactions,8,14,3,0.25,0.5,3,0.052093682185641775,0.0,0.9978387998982965,21.000434637069702
BitcoinTransactions,8,14,3,0.25,0.5,4,0.051341950414928825,0.14285714285714285,1.0,20.946046352386475
BitcoinTransactions,8,14,3,0.25,0.5,5,0.05203525599732001,0.0,1.0,21.008730173110962
BitcoinTransactions,8,14,4,0.3,0.5,1,0.05203525599732001,0.0,1.0,20.995599269866943
BitcoinTransactions,8,14,4,0.3,0.5,2,0.05203525599732001,0.0,1.0,21.008756637573242
BitcoinTransactions,8,14,4,0.3,0.5,3,0.05203525599732001,0.0,1.0,21.00598406791687
BitcoinTransactions,8,14,4,0.3,0.5,4,0.052047601110588,0.0,0.9997457411645054,20.974257469177246
BitcoinTransactions,8,14,4,0.3,0.5,5,0.05203525599732001,0.0,1.0,20.999499320983887
BitcoinTransactions,8,14,5,0.35,0.5,1,0.05203525599732001,0.0,1.0,20.970629692077637
BitcoinTransactions,8,14,5,0.35,0.5,2,0.05203525599732001,0.0,1.0,20.959457874298096
BitcoinTransactions,8,14,5,0.35,0.5,3,0.05203525599732001,0.0,1.0,21.128211975097656
BitcoinTransactions,8,14,5,0.35,0.5,4,0.05203525599732001,0.0,1.0,20.980168104171753
BitcoinTransactions,8,14,5,0.35,0.5,5,0.05203525599732001,0.0,1.0,20.976415634155273
BitcoinTransactions,8,14,5,0.4,0.5,1,0.05198915489631946,0.0,0.9982201881515382,20.971670627593994
BitcoinTransactions,8,14,5,0.4,0.5,2,0.05318897048373162,0.05555555555555555,0.9996186117467581,20.83044409751892
BitcoinTransactions,8,14,5,0.4,0.5,3,0.05203525599732001,0.0,1.0,21.00303888320923
BitcoinTransactions,8,14,5,0.4,0.5,4,0.05203525599732001,0.0,1.0,21.03040599822998
BitcoinTransactions,8,14,5,0.4,0.5,5,0.05203525599732001,0.0,1.0,21.04542112350464
BitcoinTransactions,8,14,6,0.45,0.5,1,0.05201664672842175,0.0,0.9991100940757691,21.033746004104614
BitcoinTransactions,8,14,6,0.45,0.5,2,0.052056288339238053,0.0,0.999491482329011,21.057992935180664
BitcoinTransactions,8,14,6,0.45,0.5,3,0.05411752941778919,0.037037037037037035,0.998093058733791,20.750022411346436
BitcoinTransactions,8,14,6,0.45,0.5,4,0.05203525599732001,0.0,1.0,21.03765630722046
BitcoinTransactions,8,14,6,0.45,0.5,5,0.05202638370574536,0.0,0.9998728705822527,21.029074668884277
BitcoinTransactions,8,14,6,0.5,0.5,1,0.05203525599732001,0.0,1.0,21.016961574554443
BitcoinTransactions,8,14,6,0.5,0.5,2,0.051839554426566445,0.0,0.9933892702771421,21.01744246482849
BitcoinTransactions,8,14,6,0.5,0.5,3,0.05204879369286976,0.0,0.9998728705822527,21.010992765426636
BitcoinTransactions,8,14,6,0.5,0.5,4,0.054171031907238126,0.045454545454545456,0.9458428680396643,20.77529263496399
BitcoinTransactions,8,14,6,0.5,0.5,5,0.052114901014585525,0.0,0.9975845410628019,21.046953916549683
BitcoinTransactions,8,14,7,0.55,0.5,1,0.05203525599732001,0.0,1.0,21.056366205215454
BitcoinTransactions,8,14,7,0.55,0.5,2,0.054207618337803264,0.09090909090909091,1.0,20.853339195251465
BitcoinTransactions,8,14,7,0.55,0.5,3,0.052003248737088455,0.0,0.9974574116450546,21.021592140197754
BitcoinTransactions,8,14,7,0.55,0.5,4,0.05205578005954366,0.0,0.9992372234935164,21.043416738510132
BitcoinTransactions,8,14,7,0.55,0.5,5,0.05362377193249634,0.07692307692307693,1.0,20.85822105407715
BitcoinTransactions,8,14,8,0.6,0.5,1,0.05341304198816025,0.09090909090909091,1.0,20.798829555511475
BitcoinTransactions,8,14,8,0.6,0.5,2,0.0517157884284903,0.07692307692307693,1.0,21.024219036102295
BitcoinTransactions,8,14,8,0.6,0.5,3,0.05203525599732001,0.0,1.0,21.056301832199097
BitcoinTransactions,8,14,8,0.6,0.5,4,0.05548188833452531,0.047619047619047616,0.9588100686498856,20.679881811141968
BitcoinTransactions,8,14,8,0.6,0.5,5,0.05203525599732001,0.0,1.0,21.0616352558136
BitcoinTransactions,8,14,8,0.65,0.5,1,0.05203525599732001,0.0,1.0,21.05445694923401
BitcoinTransactions,8,14,8,0.65,0.5,2,0.051872498532767056,0.0,0.9946605644546148,21.037549257278442
BitcoinTransactions,8,14,8,0.65,0.5,3,0.05203525599732001,0.0,1.0,21.070986032485962
BitcoinTransactions,8,14,8,0.65,0.5,4,0.05203525599732001,0.0,1.0,21.03152585029602
BitcoinTransactions,8,14,8,0.65,0.5,5,0.05198505764037642,0.07692307692307693,1.0,21.03932785987854
BitcoinTransactions,8,14,9,0.7,0.5,1,0.052062507791828416,0.0,0.9659293160437326,21.015608549118042
BitcoinTransactions,8,14,9,0.7,0.5,2,0.05203525599732001,0.0,1.0,21.06036686897278
BitcoinTransactions,8,14,9,0.7,0.5,3,0.05203525599732001,0.0,1.0,21.06231164932251
BitcoinTransactions,8,14,9,0.7,0.5,4,0.05202660769829619,0.0,0.9997457411645054,21.03425931930542
BitcoinTransactions,8,14,9,0.7,0.5,5,0.05203525599732001,0.0,1.0,21.06265139579773
BitcoinTransactions,8,14,10,0.75,0.5,1,0.053353976653638883,0.1111111111111111,1.0,20.7414493560791
BitcoinTransactions,8,14,10,0.75,0.5,2,0.05203525599732001,0.0,1.0,21.027311086654663
BitcoinTransactions,8,14,10,0.75,0.5,3,0.05203525599732001,0.0,1.0,21.069613695144653
BitcoinTransactions,8,14,10,0.75,0.5,4,0.05203525599732001,0.0,1.0,21.05340075492859
BitcoinTransactions,8,14,10,0.75,0.5,5,0.052545101640297236,0.0,0.9972031528095602,21.05825901031494
BitcoinTransactions,8,14,10,0.8,0.5,1,0.05273953405312463,0.0,0.8647342995169082,20.917630910873413
BitcoinTransactions,8,14,10,0.8,0.5,2,0.05204280486985946,0.0,0.9986015764047801,21.013049840927124
BitcoinTransactions,8,14,10,0.8,0.5,3,0.05202593963967723,0.0,0.9996186117467581,21.182425260543823
BitcoinTransactions,8,14,10,0.8,0.5,4,0.0534757316234482,0.07692307692307693,1.0,20.97796058654785
BitcoinTransactions,8,14,10,0.8,0.5,5,0.05489759901913723,0.09090909090909091,1.0,22.604413270950317
BitcoinTransactions,8,14,11,0.85,0.5,1,0.05203525599732001,0.0,1.0,21.069162607192993
BitcoinTransactions,8,14,11,0.85,0.5,2,0.05203525599732001,0.0,1.0,21.152867317199707
BitcoinTransactions,8,14,11,0.85,0.5,3,0.05187699268501679,0.0,0.956140350877193,21.04314947128296
BitcoinTransactions,8,14,11,0.85,0.5,4,0.05223889569759204,0.0,0.9786422578184591,21.040791749954224
BitcoinTransactions,8,14,11,0.85,0.5,5,0.05192321112082862,0.0,0.9935163996948894,21.07260251045227
BitcoinTransactions,8,14,12,0.9,0.5,1,0.05203525599732001,0.0,1.0,21.072276830673218
BitcoinTransactions,8,14,12,0.9,0.5,2,0.05203525599732001,0.0,1.0,21.002045392990112
BitcoinTransactions,8,14,12,0.9,0.5,3,0.05177884138236163,0.07692307692307693,1.0,21.138508081436157
BitcoinTransactions,8,14,12,0.9,0.5,4,0.052056815884663966,0.0,0.9996186117467581,21.068984031677246
BitcoinTransactions,8,14,12,0.9,0.5,5,0.05202822120332799,0.0,0.9998728705822527,22.87217426300049
BitcoinTransactions,8,14,12,0.95,0.5,1,0.05203525599732001,0.0,1.0,22.77335524559021
BitcoinTransactions,8,14,12,0.95,0.5,2,0.05203525599732001,0.0,1.0,21.06271457672119
BitcoinTransactions,8,14,12,0.95,0.5,3,0.05123290521399654,0.02564102564102564,0.9724129163488431,21.06671142578125
BitcoinTransactions,8,14,12,0.95,0.5,4,0.05203525599732001,0.0,1.0,21.169686794281006
BitcoinTransactions,8,14,12,0.95,0.5,5,0.05203525599732001,0.0,1.0,21.0313937664032
BitcoinTransactions,8,14,13,1,0.5,1,0.05203092893504053,0.0,0.9997457411645054,22.812060356140137
BitcoinTransactions,8,14,13,1,0.5,2,0.05203525599732001,0.0,1.0,21.120036125183105
BitcoinTransactions,8,14,13,1,0.5,3,0.05369247427295447,0.08333333333333333,1.0,20.979980945587158
BitcoinTransactions,8,14,13,1,0.5,4,0.052019313694126434,0.0,0.9998728705822527,21.996695280075073
BitcoinTransactions,8,14,13,1,0.5,5,0.05206719148997587,0.0,0.9996186117467581,21.049336910247803
BitcoinTransactions,9,265,0,0,,1,0.9220348203139909,0.0001456876456876457,0.03795141168745896,
BitcoinTransactions,9,265,0,0,,2,0.8946356754311281,0.0,0.002757715036112935,
BitcoinTransactions,9,265,0,0,,3,0.8818286867745603,0.00012626262626262626,0.04084044648719632,
BitcoinTransactions,9,265,0,0,,4,0.7065132752094375,0.00011837121212121212,0.06250820748522652,
BitcoinTransactions,9,265,0,0,,5,0.8550929337039629,0.0,0.0011818778726198293,
BitcoinTransactions,9,265,3,0.01,0.5,1,0.05203525599732001,0.0,1.0,21.055539846420288
BitcoinTransactions,9,265,3,0.01,0.5,2,0.05302775669180542,0.004,1.0,20.959707021713257
BitcoinTransactions,9,265,3,0.01,0.5,3,0.052031661674304376,0.0,0.9997373604727512,21.036243200302124
BitcoinTransactions,9,265,3,0.01,0.5,4,0.05182624384738122,0.0038314176245210726,1.0,20.998059034347534
BitcoinTransactions,9,265,3,0.01,0.5,5,0.05254887291882815,0.00390625,1.0,20.96278190612793
BitcoinTransactions,9,265,14,0.05,0.5,1,0.05203525599732001,0.0,1.0,21.016290426254272
BitcoinTransactions,9,265,14,0.05,0.5,2,0.05203525599732001,0.0,1.0,21.036283254623413
BitcoinTransactions,9,265,14,0.05,0.5,3,0.05309599561920756,0.003787878787878788,1.0,20.924705266952515
BitcoinTransactions,9,265,14,0.05,0.5,4,0.051911381105879825,0.0019157088122605363,0.9976362442547604,21.0168719291687
BitcoinTransactions,9,265,14,0.05,0.5,5,0.05203525599732001,0.0,1.0,21.04818820953369
BitcoinTransactions,9,265,28,0.1,0.5,1,0.05268894231478827,0.004524886877828055,1.0,20.978262186050415
BitcoinTransactions,9,265,28,0.1,0.5,2,0.05203525599732001,0.0,1.0,21.045605897903442
BitcoinTransactions,9,265,28,0.1,0.5,3,0.0539423134158272,0.006172839506172839,1.0,20.767870664596558
BitcoinTransactions,9,265,28,0.1,0.5,4,0.05203525599732001,0.0,1.0,21.024067163467407
BitcoinTransactions,9,265,28,0.1,0.5,5,0.052018846200254376,0.0,0.9982928430728825,21.026979207992554
BitcoinTransactions,9,265,42,0.15,0.5,1,0.05203525599732001,0.0,1.0,21.02242636680603
BitcoinTransactions,9,265,42,0.15,0.5,2,0.05203525599732001,0.0,1.0,21.018972396850586
BitcoinTransactions,9,265,42,0.15,0.5,3,0.05203525599732001,0.0,1.0,21.046751260757446
BitcoinTransactions,9,265,42,0.15,0.5,4,0.05443478978834936,0.007751937984496124,1.0,20.71512508392334
BitcoinTransactions,9,265,42,0.15,0.5,5,0.05203525599732001,0.0,1.0,21.044586420059204
BitcoinTransactions,9,265,55,0.2,0.5,1,0.05203525599732001,0.0,1.0,21.06397271156311
BitcoinTransactions,9,265,55,0.2,0.5,2,0.05203525599732001,0.0,1.0,21.056790590286255
BitcoinTransactions,9,265,55,0.2,0.5,3,0.05203525599732001,0.0,1.0,21.07099175453186
BitcoinTransactions,9,265,55,0.2,0.5,4,0.05203525599732001,0.0,1.0,21.084700345993042
BitcoinTransactions,9,265,55,0.2,0.5,5,0.05203525599732001,0.0,1.0,21.0746591091156
BitcoinTransactions,9,265,69,0.25,0.5,1,0.054078196369282336,0.005555555555555556,1.0,20.787655115127563
BitcoinTransactions,9,265,69,0.25,0.5,2,0.05203525599732001,0.0,1.0,21.066784858703613
BitcoinTransactions,9,265,69,0.25,0.5,3,0.05203525599732001,0.0,1.0,21.070717573165894
BitcoinTransactions,9,265,69,0.25,0.5,4,0.05203525599732001,0.0,1.0,21.05604076385498
BitcoinTransactions,9,265,69,0.25,0.5,5,0.05184557114653289,0.0038314176245210726,1.0,21.044756412506104
BitcoinTransactions,9,265,83,0.3,0.5,1,0.05203525599732001,0.0,1.0,21.063891172409058
BitcoinTransactions,9,265,83,0.3,0.5,2,0.05203525599732001,0.0,1.0,21.09946894645691
BitcoinTransactions,9,265,83,0.3,0.5,3,0.05203525599732001,0.0,1.0,21.07795524597168
BitcoinTransactions,9,265,83,0.3,0.5,4,0.05203525599732001,0.0,1.0,21.077290534973145
BitcoinTransactions,9,265,83,0.3,0.5,5,0.05203525599732001,0.0,1.0,21.063472032546997
BitcoinTransactions,9,265,97,0.35,0.5,1,0.052005318782733845,0.0,0.9993434011818779,21.078381299972534
BitcoinTransactions,9,265,97,0.35,0.5,2,0.05203525599732001,0.0,1.0,21.05439257621765
BitcoinTransactions,9,265,97,0.35,0.5,3,0.0520021638326449,0.0,0.9964543663821405,21.074567556381226
BitcoinTransactions,9,265,97,0.35,0.5,4,0.05203525599732001,0.0,1.0,21.081639528274536
BitcoinTransactions,9,265,97,0.35,0.5,5,0.05203525599732001,0.0,1.0,21.065413236618042
BitcoinTransactions,9,265,111,0.4,0.5,1,0.0525945532490452,0.0038910505836575876,1.0,21.00282645225525
BitcoinTransactions,9,265,111,0.4,0.5,2,0.05203525599732001,0.0,1.0,21.061632871627808
BitcoinTransactions,9,265,111,0.4,0.5,3,0.05203525599732001,0.0,1.0,21.062469005584717
BitcoinTransactions,9,265,111,0.4,0.5,4,0.05203525599732001,0.0,1.0,21.059855699539185
BitcoinTransactions,9,265,111,0.4,0.5,5,0.05486576619996942,0.0024752475247524753,0.9988181221273802,20.90777349472046
BitcoinTransactions,9,265,125,0.45,0.5,1,0.053968728270501566,0.00398406374501992,1.0,20.931876182556152
BitcoinTransactions,9,265,125,0.45,0.5,2,0.05413622342617072,0.004366812227074236,1.0,20.94130825996399
BitcoinTransactions,9,265,125,0.45,0.5,3,0.05205098578296202,0.0,0.9997373604727512,21.070738554000854
BitcoinTransactions,9,265,125,0.45,0.5,4,0.05203525599732001,0.0,1.0,21.056010484695435
BitcoinTransactions,9,265,125,0.45,0.5,5,0.05384497700054022,0.005555555555555556,1.0,20.72648859024048
BitcoinTransactions,9,265,138,0.5,0.5,1,0.0516262904136201,0.003952569169960474,1.0,21.00457000732422
BitcoinTransactions,9,265,138,0.5,0.5,2,0.05203525599732001,0.0,1.0,21.06908655166626
BitcoinTransactions,9,265,138,0.5,0.5,3,0.0522398314937329,0.0,0.998161523309258,21.048157691955566
BitcoinTransactions,9,265,138,0.5,0.5,4,0.05203525599732001,0.0,1.0,21.04220962524414
BitcoinTransactions,9,265,138,0.5,0.5,5,0.05203525599732001,0.0,1.0,21.048458576202393
BitcoinTransactions,9,265,152,0.55,0.5,1,0.05203525599732001,0.0,1.0,21.043564558029175
BitcoinTransactions,9,265,152,0.55,0.5,2,0.05203525599732001,0.0,1.0,21.023829221725464
BitcoinTransactions,9,265,152,0.55,0.5,3,0.05203525599732001,0.0,1.0,21.06977415084839
BitcoinTransactions,9,265,152,0.55,0.5,4,0.05367963160863234,0.004524886877828055,1.0,20.81597924232483
BitcoinTransactions,9,265,152,0.55,0.5,5,0.051441721762533005,0.00390625,1.0,20.97917652130127
BitcoinTransactions,9,265,166,0.6,0.5,1,0.05203525599732001,0.0,1.0,21.052971601486206
BitcoinTransactions,9,265,166,0.6,0.5,2,0.05203525599732001,0.0,1.0,21.018317222595215
BitcoinTransactions,9,265,166,0.6,0.5,3,0.05203525599732001,0.0,1.0,21.032252311706543
BitcoinTransactions,9,265,166,0.6,0.5,4,0.05203525599732001,0.0,1.0,21.03149175643921
BitcoinTransactions,9,265,166,0.6,0.5,5,0.05190394318140091,0.003875968992248062,1.0,21.01508641242981
BitcoinTransactions,9,265,180,0.65,0.5,1,0.05203525599732001,0.0,1.0,21.020381212234497
BitcoinTransactions,9,265,180,0.65,0.5,2,0.05203525599732001,0.0,1.0,21.03980565071106
BitcoinTransactions,9,265,180,0.65,0.5,3,0.05203525599732001,0.0,1.0,21.04465961456299
BitcoinTransactions,9,265,180,0.65,0.5,4,0.05203525599732001,0.0,1.0,21.032966375350952
BitcoinTransactions,9,265,180,0.65,0.5,5,0.05194184110094843,0.0019083969465648854,0.9997373604727512,21.035450220108032
BitcoinTransactions,9,265,194,0.7,0.5,1,0.053001492820581274,0.004166666666666667,1.0,20.92026662826538
BitcoinTransactions,9,265,194,0.7,0.5,2,0.05243307434535388,0.004524886877828055,1.0,21.004815816879272
BitcoinTransactions,9,265,194,0.7,0.5,3,0.05203525599732001,0.0,1.0,21.030587673187256
BitcoinTransactions,9,265,194,0.7,0.5,4,0.05203525599732001,0.0,1.0,21.039445877075195
BitcoinTransactions,9,265,194,0.7,0.5,5,0.05373159685712583,0.00411522633744856,1.0,20.873401880264282
BitcoinTransactions,9,265,208,0.75,0.5,1,0.05388029714743546,0.0048543689320388345,1.0,20.819273233413696
BitcoinTransactions,9,265,208,0.75,0.5,2,0.05203525599732001,0.0,1.0,21.037244081497192
BitcoinTransactions,9,265,208,0.75,0.5,3,0.05203525599732001,0.0,1.0,21.0099139213562
BitcoinTransactions,9,265,208,0.75,0.5,4,0.05203525599732001,0.0,1.0,21.027081727981567
BitcoinTransactions,9,265,208,0.75,0.5,5,0.05203525599732001,0.0,1.0,21.027432441711426
BitcoinTransactions,9,265,222,0.8,0.5,1,0.05203525599732001,0.0,1.0,21.034788608551025
BitcoinTransactions,9,265,222,0.8,0.5,2,0.05203525599732001,0.0,1.0,21.028642654418945
BitcoinTransactions,9,265,222,0.8,0.5,3,0.05203525599732001,0.0,1.0,21.0306715965271
BitcoinTransactions,9,265,222,0.8,0.5,4,0.05203987934741691,0.0,0.9998686802363755,21.046435356140137
BitcoinTransactions,9,265,222,0.8,0.5,5,0.05203525599732001,0.0,1.0,21.025336265563965
BitcoinTransactions,9,265,235,0.85,0.5,1,0.05203525599732001,0.0,1.0,21.03755283355713
BitcoinTransactions,9,265,235,0.85,0.5,2,0.051996054168537795,0.0038022813688212928,1.0,21.023539543151855
BitcoinTransactions,9,265,235,0.85,0.5,3,0.05203525599732001,0.0,1.0,21.046937465667725
BitcoinTransactions,9,265,235,0.85,0.5,4,0.054023198677336126,0.004132231404958678,1.0,20.885252475738525
BitcoinTransactions,9,265,235,0.85,0.5,5,0.05203525599732001,0.0,1.0,21.022228479385376
BitcoinTransactions,9,265,249,0.9,0.5,1,0.052599125085197256,0.0038461538461538464,1.0,21.035710096359253
BitcoinTransactions,9,265,249,0.9,0.5,2,0.0520498534410797,0.0,0.9998686802363755,21.031841039657593
BitcoinTransactions,9,265,249,0.9,0.5,3,0.05163195041361657,0.004032258064516129,1.0,21.00266146659851
BitcoinTransactions,9,265,249,0.9,0.5,4,0.05203525599732001,0.0,1.0,21.057586669921875
BitcoinTransactions,9,265,249,0.9,0.5,5,0.05211314079093803,0.0019230769230769232,0.9982928430728825,21.02032470703125
BitcoinTransactions,9,265,263,0.95,0.5,1,0.05414222059060916,0.0024509803921568627,0.9933026920551543,20.783651113510132
BitcoinTransactions,9,265,263,0.95,0.5,2,0.05203525599732001,0.0,1.0,21.042803287506104
BitcoinTransactions,9,265,263,0.95,0.5,3,0.054479035487210906,0.006666666666666667,1.0,20.720569849014282
BitcoinTransactions,9,265,263,0.95,0.5,4,0.05203525599732001,0.0,1.0,21.023649215698242
BitcoinTransactions,9,265,263,0.95,0.5,5,0.0520755988658442,0.0,0.9973736047275115,21.04810643196106
BitcoinTransactions,9,265,277,1,0.5,1,0.05195006425620226,0.0,0.9980302035456337,21.031938552856445
BitcoinTransactions,9,265,277,1,0.5,2,0.05344964776612716,0.005494505494505495,1.0,20.893454551696777
BitcoinTransactions,9,265,277,1,0.5,3,0.052032660626711406,0.0,0.9994747209455023,21.05255937576294
BitcoinTransactions,9,265,277,1,0.5,4,0.05274011109777514,0.0020408163265306124,0.9998686802363755,20.980283975601196
BitcoinTransactions,9,265,277,1,0.5,5,0.05205430045440031,0.0,0.9993434011818779,21.035953283309937
BitcoinTransactions,10,46,0,0,,1,0.8948794853507689,0.0,0.051570079142200666,
BitcoinTransactions,10,46,0,0,,2,0.8934970960472924,0.04,0.2828695430176155,
BitcoinTransactions,10,46,0,0,,3,0.9133154679985636,0.0,0.023487362777635946,
BitcoinTransactions,10,46,0,0,,4,0.9254526381583376,0.0,0.0,
BitcoinTransactions,10,46,0,0,,5,0.8257455240481897,0.0,0.027955067653816695,
BitcoinTransactions,10,46,1,0.01,0.5,1,0.05205227846097099,0.007575757575757576,0.9777891243298442,21.00972843170166
BitcoinTransactions,10,46,1,0.01,0.5,2,0.05190319279496639,0.011111111111111112,0.9929793209088589,21.01635766029358
BitcoinTransactions,10,46,1,0.01,0.5,3,0.05203525599732001,0.0,1.0,21.05268931388855
BitcoinTransactions,10,46,1,0.01,0.5,4,0.05183081475204271,0.0,0.9918304825121266,21.032596111297607
BitcoinTransactions,10,46,1,0.01,0.5,5,0.05203525599732001,0.0,1.0,21.042847633361816
BitcoinTransactions,10,46,3,0.05,0.5,1,0.05203525599732001,0.0,1.0,21.045262813568115
BitcoinTransactions,10,46,3,0.05,0.5,2,0.05203525599732001,0.0,1.0,21.058766841888428
BitcoinTransactions,10,46,3,0.05,0.5,3,0.05203525599732001,0.0,1.0,21.050562620162964
BitcoinTransactions,10,46,3,0.05,0.5,4,0.052039226868018734,0.0,0.9996170538677559,21.05137586593628
BitcoinTransactions,10,46,3,0.05,0.5,5,0.05203525599732001,0.0,1.0,21.03260326385498
BitcoinTransactions,10,46,5,0.1,0.5,1,0.05203525599732001,0.0,1.0,21.01692008972168
BitcoinTransactions,10,46,5,0.1,0.5,2,0.05203525599732001,0.0,1.0,21.04333996772766
BitcoinTransactions,10,46,5,0.1,0.5,3,0.05203525599732001,0.0,1.0,21.000852584838867
BitcoinTransactions,10,46,5,0.1,0.5,4,0.05203525599732001,0.0,1.0,21.005511045455933
BitcoinTransactions,10,46,5,0.1,0.5,5,0.05385145251729808,0.022727272727272728,1.0,20.886080026626587
BitcoinTransactions,10,46,8,0.15,0.5,1,0.05203525599732001,0.0,1.0,21.029629468917847
BitcoinTransactions,10,46,8,0.15,0.5,2,0.05203525599732001,0.0,1.0,21.022024393081665
BitcoinTransactions,10,46,8,0.15,0.5,3,0.05328538431664894,0.041666666666666664,1.0,20.70478367805481
BitcoinTransactions,10,46,8,0.15,0.5,4,0.054180589747044844,0.017094017094017096,0.9989788103140158,20.69265866279602
BitcoinTransactions,10,46,8,0.15,0.5,5,0.05203525599732001,0.0,1.0,21.0188090801239
BitcoinTransactions,10,46,11,0.2,0.5,1,0.05203525599732001,0.0,1.0,21.051849126815796
BitcoinTransactions,10,46,11,0.2,0.5,2,0.05203525599732001,0.0,1.0,21.02282404899597
BitcoinTransactions,10,46,11,0.2,0.5,3,0.05425145150083006,0.02857142857142857,1.0,20.828729391098022
BitcoinTransactions,10,46,11,0.2,0.5,4,0.05203525599732001,0.0,1.0,21.024370431900024
BitcoinTransactions,10,46,11,0.2,0.5,5,0.0519521116147859,0.0,0.9964258360990554,21.057135581970215
BitcoinTransactions,10,46,14,0.25,0.5,1,0.052021809892281196,0.0,0.999744702578504,21.03818368911743
BitcoinTransactions,10,46,14,0.25,0.5,2,0.053868184659771084,0.027777777777777776,1.0,20.774882078170776
BitcoinTransactions,10,46,14,0.25,0.5,3,0.05203525599732001,0.0,1.0,21.021807193756104
BitcoinTransactions,10,46,14,0.25,0.5,4,0.05203525599732001,0.0,1.0,21.031757354736328
BitcoinTransactions,10,46,14,0.25,0.5,5,0.05203525599732001,0.0,1.0,21.04963994026184
BitcoinTransactions,10,46,16,0.3,0.5,1,0.05203525599732001,0.0,1.0,21.041406631469727
BitcoinTransactions,10,46,16,0.3,0.5,2,0.05207547637646721,0.0,0.9980852693387797,21.013197898864746
BitcoinTransactions,10,46,16,0.3,0.5,3,0.05203525599732001,0.0,1.0,21.02817940711975
BitcoinTransactions,10,46,16,0.3,0.5,4,0.05203525599732001,0.0,1.0,21.006497621536255
BitcoinTransactions,10,46,16,0.3,0.5,5,0.05268941056905093,0.00980392156862745,0.9966811335205514,20.892504930496216
BitcoinTransactions,10,46,19,0.35,0.5,1,0.05383466502046034,0.022222222222222223,1.0,20.944973468780518
BitcoinTransactions,10,46,19,0.35,0.5,2,0.05203525599732001,0.0,1.0,20.980595350265503
BitcoinTransactions,10,46,19,0.35,0.5,3,0.051577606176882354,0.022222222222222223,1.0,20.99506378173828
BitcoinTransactions,10,46,19,0.35,0.5,4,0.05203525599732001,0.0,1.0,20.985159873962402
BitcoinTransactions,10,46,19,0.35,0.5,5,0.05203525599732001,0.0,1.0,21.016736268997192
BitcoinTransactions,10,46,22,0.4,0.5,1,0.05203525599732001,0.0,1.0,21.020545959472656
BitcoinTransactions,10,46,22,0.4,0.5,2,0.05203525599732001,0.0,1.0,20.98597264289856
BitcoinTransactions,10,46,22,0.4,0.5,3,0.052503348479880405,0.017857142857142856,0.9554505999489405,20.670334577560425
BitcoinTransactions,10,46,22,0.4,0.5,4,0.051897728226100864,0.0,0.9942558080163391,20.997830152511597
BitcoinTransactions,10,46,22,0.4,0.5,5,0.051696393621684156,0.011363636363636364,0.9901710492724024,20.97094702720642
BitcoinTransactions,10,46,24,0.45,0.5,1,0.05316068230156865,0.031746031746031744,0.9591524125606331,20.653355360031128
BitcoinTransactions,10,46,24,0.45,0.5,2,0.052084366045694164,0.0,0.9983405667602757,20.992767810821533
BitcoinTransactions,10,46,24,0.45,0.5,3,0.05203525599732001,0.0,1.0,20.982654333114624
BitcoinTransactions,10,46,24,0.45,0.5,4,0.05204142267980158,0.013513513513513514,0.9984682154710237,20.964847564697266
BitcoinTransactions,10,46,24,0.45,0.5,5,0.05203525599732001,0.0,1.0,21.00381302833557
BitcoinTransactions,10,46,27,0.5,0.5,1,0.05286296972429962,0.025,1.0,20.833204746246338
BitcoinTransactions,10,46,27,0.5,0.5,2,0.05203525599732001,0.0,1.0,20.993244171142578
BitcoinTransactions,10,46,27,0.5,0.5,3,0.05391438196017856,0.038461538461538464,1.0,20.59211254119873
BitcoinTransactions,10,46,27,0.5,0.5,4,0.05197008859861406,0.016260162601626018,0.970385499106459,20.99254322052002
BitcoinTransactions,10,46,27,0.5,0.5,5,0.05274471147697873,0.008130081300813009,0.9793209088588205,20.660401105880737
BitcoinTransactions,10,46,30,0.55,0.5,1,0.05203525599732001,0.0,1.0,21.116684913635254
BitcoinTransactions,10,46,30,0.55,0.5,2,0.05203525599732001,0.0,1.0,21.027119874954224
BitcoinTransactions,10,46,30,0.55,0.5,3,0.05203525599732001,0.0,1.0,21.000325679779053
BitcoinTransactions,10,46,30,0.55,0.5,4,0.052058388765528346,0.0,0.999744702578504,21.00696039199829
BitcoinTransactions,10,46,30,0.55,0.5,5,0.05203525599732001,0.0,1.0,21.000577688217163
BitcoinTransactions,10,46,32,0.6,0.5,1,0.05203525599732001,0.0,1.0,21.026827335357666
BitcoinTransactions,10,46,32,0.6,0.5,2,0.05203525599732001,0.0,1.0,20.997708320617676
BitcoinTransactions,10,46,32,0.6,0.5,3,0.05203525599732001,0.0,1.0,21.012667655944824
BitcoinTransactions,10,46,32,0.6,0.5,4,0.05203525599732001,0.0,1.0,21.001397132873535
BitcoinTransactions,10,46,32,0.6,0.5,5,0.05203525599732001,0.0,1.0,21.029210090637207
BitcoinTransactions,10,46,35,0.65,0.5,1,0.05203525599732001,0.0,1.0,21.030051469802856
BitcoinTransactions,10,46,35,0.65,0.5,2,0.05257030566104195,0.024390243902439025,1.0,20.948613166809082
BitcoinTransactions,10,46,35,0.65,0.5,3,0.05203525599732001,0.0,1.0,21.01854681968689
BitcoinTransactions,10,46,35,0.65,0.5,4,0.05203525599732001,0.0,1.0,21.03920269012451
BitcoinTransactions,10,46,35,0.65,0.5,5,0.05203525599732001,0.0,1.0,21.041064500808716
BitcoinTransactions,10,46,38,0.7,0.5,1,0.05211426608916517,0.023809523809523808,1.0,20.97278141975403
BitcoinTransactions,10,46,38,0.7,0.5,2,0.05203525599732001,0.0,1.0,21.00992512702942
BitcoinTransactions,10,46,38,0.7,0.5,3,0.05203525599732001,0.0,1.0,21.041090488433838
BitcoinTransactions,10,46,38,0.7,0.5,4,0.05203525599732001,0.0,1.0,21.027538537979126
BitcoinTransactions,10,46,38,0.7,0.5,5,0.05203525599732001,0.0,1.0,21.050594091415405
BitcoinTransactions,10,46,40,0.75,0.5,1,0.05147259508409932,0.0,0.9823844779167731,21.01518440246582
BitcoinTransactions,10,46,40,0.75,0.5,2,0.05203525599732001,0.0,1.0,21.043210744857788
BitcoinTransactions,10,46,40,0.75,0.5,3,0.053345764156270806,0.03333333333333333,1.0,20.729637384414673
BitcoinTransactions,10,46,40,0.75,0.5,4,0.05203525599732001,0.0,1.0,21.035583019256592
BitcoinTransactions,10,46,40,0.75,0.5,5,0.05198283476920803,0.0,0.9985958641817718,21.022180795669556
BitcoinTransactions,10,46,43,0.8,0.5,1,0.05203525599732001,0.0,1.0,21.038195610046387
BitcoinTransactions,10,46,43,0.8,0.5,2,0.05203525599732001,0.0,1.0,21.04959225654602
BitcoinTransactions,10,46,43,0.8,0.5,3,0.05188751723934245,0.0,0.9915751850906306,20.834985971450806
BitcoinTransactions,10,46,43,0.8,0.5,4,0.055005334817625,0.019230769230769232,0.9983405667602757,20.93539309501648
BitcoinTransactions,10,46,43,0.8,0.5,5,0.05203525599732001,0.0,1.0,20.990957021713257
BitcoinTransactions,10,46,46,0.85,0.5,1,0.052983124797970946,0.04,1.0,20.788268089294434
BitcoinTransactions,10,46,46,0.85,0.5,2,0.05203525599732001,0.0,1.0,21.040666818618774
BitcoinTransactions,10,46,46,0.85,0.5,3,0.05367808125362628,0.02631578947368421,1.0,20.781906127929688
BitcoinTransactions,10,46,46,0.85,0.5,4,0.05200191266854929,0.0,0.9992341077355119,21.006949424743652
BitcoinTransactions,10,46,46,0.85,0.5,5,0.05204985344107971,0.0,0.999872351289252,21.04963207244873
BitcoinTransactions,10,46,49,0.9,0.5,1,0.05204939500097217,0.0,0.999744702578504,21.03260564804077
BitcoinTransactions,10,46,49,0.9,0.5,2,0.05203525599732001,0.0,1.0,21.022936820983887
BitcoinTransactions,10,46,49,0.9,0.5,3,0.05203525599732001,0.0,1.0,21.046378135681152
BitcoinTransactions,10,46,49,0.9,0.5,4,0.05203525599732001,0.0,1.0,20.92420268058777
BitcoinTransactions,10,46,49,0.9,0.5,5,0.05203525599732001,0.0,1.0,21.235740184783936
BitcoinTransactions,10,46,51,0.95,0.5,1,0.05203525599732001,0.0,1.0,21.07170033454895
BitcoinTransactions,10,46,51,0.95,0.5,2,0.05203525599732001,0.0,1.0,21.05377173423767
BitcoinTransactions,10,46,51,0.95,0.5,3,0.05203525599732001,0.0,1.0,21.04020595550537
BitcoinTransactions,10,46,51,0.95,0.5,4,0.05360970353023422,0.017543859649122806,0.9989788103140158,20.863077640533447
BitcoinTransactions,10,46,51,0.95,0.5,5,0.05203525599732001,0.0,1.0,21.084725618362427
BitcoinTransactions,10,46,54,1,0.5,1,0.05203525599732001,0.0,1.0,21.067184686660767
BitcoinTransactions,10,46,54,1,0.5,2,0.05203525599732001,0.0,1.0,21.043155670166016
BitcoinTransactions,10,46,54,1,0.5,3,0.05325240434965343,0.022222222222222223,1.0,20.904844284057617
BitcoinTransactions,10,46,54,1,0.5,4,0.05203525599732001,0.0,1.0,21.081733226776123
BitcoinTransactions,10,46,54,1,0.5,5,0.054930975151741876,0.03225806451612903,1.0,20.75926661491394
BitcoinTransactions,11,209,0,0,,1,0.9167153205870973,0.0,0.0023464998044583495,
BitcoinTransactions,11,209,0,0,,2,0.7825656852189387,0.0016666666666666668,0.3270760005214444,
BitcoinTransactions,11,209,0,0,,3,0.7981207704316116,0.0,0.08186677095554687,
BitcoinTransactions,11,209,0,0,,4,0.8416058201895595,0.0018210197710718003,0.29305175335679834,
BitcoinTransactions,11,209,0,0,,5,0.9195879467109752,0.0,0.0010428888019814887,
BitcoinTransactions,11,209,3,0.01,0.5,1,0.05203525599732001,0.0,1.0,20.519604206085205
BitcoinTransactions,11,209,3,0.01,0.5,2,0.05203525599732001,0.0,1.0,21.013850450515747
BitcoinTransactions,11,209,3,0.01,0.5,3,0.05203525599732001,0.0,1.0,20.950690031051636
BitcoinTransactions,11,209,3,0.01,0.5,4,0.05203525599732001,0.0,1.0,21.094847440719604
BitcoinTransactions,11,209,3,0.01,0.5,5,0.05617303093898923,0.006230529595015576,0.9998696388997523,20.665396690368652
BitcoinTransactions,11,209,16,0.05,0.5,1,0.05203525599732001,0.0,1.0,22.91817045211792
BitcoinTransactions,11,209,16,0.05,0.5,2,0.05353752665891996,0.0022522522522522522,0.9990874722982662,22.535422801971436
BitcoinTransactions,11,209,16,0.05,0.5,3,0.05201763868321282,0.0,0.9993481944987616,20.99131941795349
BitcoinTransactions,11,209,16,0.05,0.5,4,0.05203525599732001,0.0,1.0,20.603708028793335
BitcoinTransactions,11,209,16,0.05,0.5,5,0.05203525599732001,0.0,1.0,20.5586154460907
BitcoinTransactions,11,209,32,0.1,0.5,1,0.053527457297129315,0.00909090909090909,1.0,20.84042263031006
BitcoinTransactions,11,209,32,0.1,0.5,2,0.05430829256235078,0.0024330900243309003,0.9983053056967801,20.741796731948853
BitcoinTransactions,11,209,32,0.1,0.5,3,0.05203525599732001,0.0,1.0,22.853826999664307
BitcoinTransactions,11,209,32,0.1,0.5,4,0.05602775275298947,0.011111111111111112,1.0,20.646447896957397
BitcoinTransactions,11,209,32,0.1,0.5,5,0.05360106949135549,0.0058823529411764705,1.0,20.801008224487305
BitcoinTransactions,11,209,48,0.15,0.5,1,0.051828660657125686,0.004830917874396135,1.0,20.47218656539917
BitcoinTransactions,11,209,48,0.15,0.5,2,0.052038316070007216,0.0,0.9988267500977708,21.14252471923828
BitcoinTransactions,11,209,48,0.15,0.5,3,0.05203525599732001,0.0,1.0,20.993673086166382
BitcoinTransactions,11,209,48,0.15,0.5,4,0.05203525599732001,0.0,1.0,22.8909809589386
BitcoinTransactions,11,209,48,0.15,0.5,5,0.05634984938375403,0.009433962264150943,1.0,22.390594482421875
BitcoinTransactions,11,209,64,0.2,0.5,1,0.05203525599732001,0.0,1.0,21.751381158828735
BitcoinTransactions,11,209,64,0.2,0.5,2,0.05184458737942587,0.004807692307692308,1.0,20.497202396392822
BitcoinTransactions,11,209,64,0.2,0.5,3,0.05203525599732001,0.0,1.0,20.492794275283813
BitcoinTransactions,11,209,64,0.2,0.5,4,0.05360653525725458,0.005405405405405406,1.0,21.102595806121826
BitcoinTransactions,11,209,64,0.2,0.5,5,0.05203525599732001,0.0,1.0,20.979208946228027
BitcoinTransactions,11,209,80,0.25,0.5,1,0.05203525599732001,0.0,1.0,21.037747859954834
BitcoinTransactions,11,209,80,0.25,0.5,2,0.052068701086470555,0.0,0.9996089166992569,21.018999576568604
BitcoinTransactions,11,209,80,0.25,0.5,3,0.05203525599732001,0.0,1.0,20.940587759017944
BitcoinTransactions,11,209,80,0.25,0.5,4,0.05203525599732001,0.0,1.0,21.1132390499115
BitcoinTransactions,11,209,80,0.25,0.5,5,0.0520071468389373,0.0,0.9993481944987616,20.982781648635864
BitcoinTransactions,11,209,96,0.3,0.5,1,0.05203525599732001,0.0,1.0,22.766610145568848
BitcoinTransactions,11,209,96,0.3,0.5,2,0.05203525599732001,0.0,1.0,20.99351477622986
BitcoinTransactions,11,209,96,0.3,0.5,3,0.05380320125486351,0.005555555555555556,1.0,20.765869855880737
BitcoinTransactions,11,209,96,0.3,0.5,4,0.055236098894428216,0.005847953216374269,1.0,20.713839530944824
BitcoinTransactions,11,209,96,0.3,0.5,5,0.05256882189203568,0.002564102564102564,0.9921783339851389,21.594836711883545
BitcoinTransactions,11,209,112,0.35,0.5,1,0.05422449866468535,0.005434782608695652,1.0,20.979788064956665
BitcoinTransactions,11,209,112,0.35,0.5,2,0.052003079771881976,0.0,0.9985660278972754,20.976405382156372
BitcoinTransactions,11,209,112,0.35,0.5,3,0.051963981072851384,0.0048543689320388345,1.0,22.75309944152832
BitcoinTransactions,11,209,112,0.35,0.5,4,0.05203525599732001,0.0,1.0,21.004696369171143
BitcoinTransactions,11,209,112,0.35,0.5,5,0.05334985848686291,0.00625,1.0,20.09416913986206
BitcoinTransactions,11,209,128,0.4,0.5,1,0.05203525599732001,0.0,1.0,21.076423168182373
BitcoinTransactions,11,209,128,0.4,0.5,2,0.05203525599732001,0.0,1.0,20.987523078918457
BitcoinTransactions,11,209,128,0.4,0.5,3,0.05203525599732001,0.0,1.0,21.042168378829956
BitcoinTransactions,11,209,128,0.4,0.5,4,0.05203525599732001,0.0,1.0,21.007192373275757
BitcoinTransactions,11,209,128,0.4,0.5,5,0.05203525599732001,0.0,1.0,20.92826008796692
BitcoinTransactions,11,209,144,0.45,0.5,1,0.0542907767823028,0.008547008547008548,1.0,20.891932010650635
BitcoinTransactions,11,209,144,0.45,0.5,2,0.05578572630137372,0.006355932203389831,0.9998696388997523,21.342934370040894
BitcoinTransactions,11,209,144,0.45,0.5,3,0.05203525599732001,0.0,1.0,21.037338733673096
BitcoinTransactions,11,209,144,0.45,0.5,4,0.05203525599732001,0.0,1.0,21.040797472000122
BitcoinTransactions,11,209,144,0.45,0.5,5,0.05203525599732001,0.0,1.0,20.415222883224487
BitcoinTransactions,11,209,160,0.5,0.5,1,0.05462852585336547,0.004545454545454545,0.9984356667970278,20.75580883026123
BitcoinTransactions,11,209,160,0.5,0.5,2,0.054078764074863055,0.004273504273504274,0.9996089166992569,20.691665649414062
BitcoinTransactions,11,209,160,0.5,0.5,3,0.05203001708214428,0.004878048780487805,1.0,21.032024383544922
BitcoinTransactions,11,209,160,0.5,0.5,4,0.05203525599732001,0.0,1.0,21.048797607421875
BitcoinTransactions,11,209,160,0.5,0.5,5,0.05203525599732001,0.0,1.0,20.425518035888672
BitcoinTransactions,11,209,176,0.55,0.5,1,0.05203525599732001,0.0,1.0,21.06937551498413
BitcoinTransactions,11,209,176,0.55,0.5,2,0.05203525599732001,0.0,1.0,20.99683952331543
BitcoinTransactions,11,209,176,0.55,0.5,3,0.05203525599732001,0.0,1.0,21.006760120391846
BitcoinTransactions,11,209,176,0.55,0.5,4,0.05203525599732001,0.0,1.0,20.96853995323181
BitcoinTransactions,11,209,176,0.55,0.5,5,0.052029981838704595,0.0049261083743842365,1.0,21.093764543533325
BitcoinTransactions,11,209,192,0.6,0.5,1,0.051889023610925566,0.004830917874396135,1.0,21.00575590133667
BitcoinTransactions,11,209,192,0.6,0.5,2,0.052030565816756476,0.0,0.9998696388997523,21.014980792999268
BitcoinTransactions,11,209,192,0.6,0.5,3,0.05203086467261027,0.0,0.9998696388997523,21.0387020111084
BitcoinTransactions,11,209,192,0.6,0.5,4,0.05203525599732001,0.0,1.0,21.10810375213623
BitcoinTransactions,11,209,192,0.6,0.5,5,0.05203525599732001,0.0,1.0,21.75203013420105
BitcoinTransactions,11,209,208,0.65,0.5,1,0.05181356245134098,0.0024390243902439024,0.9998696388997523,21.030477285385132
BitcoinTransactions,11,209,208,0.65,0.5,2,0.05203525599732001,0.0,1.0,20.965718030929565
BitcoinTransactions,11,209,208,0.65,0.5,3,0.05168453755940309,0.0048543689320388345,1.0,21.094342470169067
BitcoinTransactions,11,209,208,0.65,0.5,4,0.053076316523873755,0.006060606060606061,1.0,20.727111339569092
BitcoinTransactions,11,209,208,0.65,0.5,5,0.05196108068157461,0.0,0.997523139095294,21.003420114517212
BitcoinTransactions,11,209,224,0.7,0.5,1,0.05386335405227185,0.00625,1.0,20.796861171722412
BitcoinTransactions,11,209,224,0.7,0.5,2,0.05213462202272161,0.005714285714285714,1.0,20.332217931747437
BitcoinTransactions,11,209,224,0.7,0.5,3,0.05203525599732001,0.0,1.0,21.099741220474243
BitcoinTransactions,11,209,224,0.7,0.5,4,0.05203525599732001,0.0,1.0,20.972451210021973
BitcoinTransactions,11,209,224,0.7,0.5,5,0.05203525599732001,0.0,1.0,21.022145748138428
BitcoinTransactions,11,209,240,0.75,0.5,1,0.05203525599732001,0.0,1.0,21.008196592330933
BitcoinTransactions,11,209,240,0.75,0.5,2,0.05203525599732001,0.0,1.0,20.38687801361084
BitcoinTransactions,11,209,240,0.75,0.5,3,0.05203525599732001,0.0,1.0,21.10482621192932
BitcoinTransactions,11,209,240,0.75,0.5,4,0.05203525599732001,0.0,1.0,21.054760932922363
BitcoinTransactions,11,209,240,0.75,0.5,5,0.05308421088770953,0.0053475935828877,1.0,20.95292019844055
BitcoinTransactions,11,209,256,0.8,0.5,1,0.05203525599732001,0.0,1.0,20.325008630752563
BitcoinTransactions,11,209,256,0.8,0.5,2,0.052013364007176814,0.0,0.9997392777995047,21.08823871612549
BitcoinTransactions,11,209,256,0.8,0.5,3,0.05169531903977778,0.0048543689320388345,1.0,21.062470197677612
BitcoinTransactions,11,209,256,0.8,0.5,4,0.05203525599732001,0.0,1.0,21.0068576335907
BitcoinTransactions,11,209,256,0.8,0.5,5,0.05203525599732001,0.0,1.0,20.434964895248413
BitcoinTransactions,11,209,272,0.85,0.5,1,0.05203525599732001,0.0,1.0,20.43244481086731
BitcoinTransactions,11,209,272,0.85,0.5,2,0.05203395499924076,0.0,0.9998696388997523,20.404390811920166
BitcoinTransactions,11,209,272,0.85,0.5,3,0.05203525599732001,0.0,1.0,20.36296558380127
BitcoinTransactions,11,209,272,0.85,0.5,4,0.05203525599732001,0.0,1.0,21.042104482650757
BitcoinTransactions,11,209,272,0.85,0.5,5,0.05494909097334245,0.005376344086021506,1.0,20.877466201782227
BitcoinTransactions,11,209,288,0.9,0.5,1,0.053263406725645786,0.007936507936507936,1.0,20.066364288330078
BitcoinTransactions,11,209,288,0.9,0.5,2,0.05167564135232891,0.002403846153846154,0.9992178333985139,21.096481323242188
BitcoinTransactions,11,209,288,0.9,0.5,3,0.05203525599732001,0.0,1.0,21.09306812286377
BitcoinTransactions,11,209,288,0.9,0.5,4,0.05203525599732001,0.0,1.0,21.02897310256958
BitcoinTransactions,11,209,288,0.9,0.5,5,0.051357863411875225,0.003236245954692557,0.9998696388997523,21.000523328781128
BitcoinTransactions,11,209,304,0.95,0.5,1,0.05203525599732001,0.0,1.0,21.068329334259033
BitcoinTransactions,11,209,304,0.95,0.5,2,0.051652542727988464,0.0,0.9861817233737453,20.36624026298523
BitcoinTransactions,11,209,304,0.95,0.5,3,0.05244549034861789,0.004901960784313725,1.0,20.336652994155884
BitcoinTransactions,11,209,304,0.95,0.5,4,0.05203525599732001,0.0,1.0,20.31796407699585
BitcoinTransactions,11,209,304,0.95,0.5,5,0.05203525599732001,0.0,1.0,21.06965708732605
BitcoinTransactions,11,209,320,1,0.5,1,0.05203525599732001,0.0,1.0,20.992107629776
BitcoinTransactions,11,209,320,1,0.5,2,0.051728997303384185,0.005154639175257732,1.0,20.978516578674316
BitcoinTransactions,11,209,320,1,0.5,3,0.05206663531713353,0.004901960784313725,1.0,20.94360041618347
BitcoinTransactions,11,209,320,1,0.5,4,0.05200661540687334,0.004807692307692308,1.0,21.129933834075928
BitcoinTransactions,11,209,320,1,0.5,5,0.05203525599732001,0.0,1.0,21.75427484512329
BitcoinTransactions,12,206,0,0,,1,0.913420297207543,0.0,0.0013031013812874641,
BitcoinTransactions,12,206,0,0,,2,0.9102741614017656,0.0,0.003909304143862392,
BitcoinTransactions,12,206,0,0,,3,0.8452408171649759,0.0,0.009512640083398489,
BitcoinTransactions,12,206,0,0,,4,0.8641079150313631,0.0,0.008861089392754757,
BitcoinTransactions,12,206,0,0,,5,0.893796553603236,0.0,0.00026062027625749283,
BitcoinTransactions,12,206,2,0.01,0.5,1,0.05203525599732001,0.0,1.0,21.752410650253296
BitcoinTransactions,12,206,2,0.01,0.5,2,0.05203525599732001,0.0,1.0,20.34036159515381
BitcoinTransactions,12,206,2,0.01,0.5,3,0.05202638370574539,0.0,0.9998696898618713,20.36151361465454
BitcoinTransactions,12,206,2,0.01,0.5,4,0.05365753355959256,0.008849557522123894,1.0,20.06223726272583
BitcoinTransactions,12,206,2,0.01,0.5,5,0.05203525599732001,0.0,1.0,20.33548903465271
BitcoinTransactions,12,206,10,0.05,0.5,1,0.053120978630418335,0.006024096385542169,1.0,20.227835178375244
BitcoinTransactions,12,206,10,0.05,0.5,2,0.053181782615924905,0.002564102564102564,0.9997393797237425,20.21588158607483
BitcoinTransactions,12,206,10,0.05,0.5,3,0.05202687758960813,0.0,0.9997393797237425,20.31122922897339
BitcoinTransactions,12,206,10,0.05,0.5,4,0.05203525599732001,0.0,1.0,20.3479585647583
BitcoinTransactions,12,206,10,0.05,0.5,5,0.05203525599732001,0.0,1.0,20.365782022476196
BitcoinTransactions,12,206,21,0.1,0.5,1,0.05203525599732001,0.0,1.0,20.39047908782959
BitcoinTransactions,12,206,21,0.1,0.5,2,0.05203525599732001,0.0,1.0,20.386762380599976
BitcoinTransactions,12,206,21,0.1,0.5,3,0.05203525599732001,0.0,1.0,20.373586654663086
BitcoinTransactions,12,206,21,0.1,0.5,4,0.05203525599732001,0.0,1.0,20.34543204307556
BitcoinTransactions,12,206,21,0.1,0.5,5,0.05203525599732001,0.0,1.0,20.33923077583313
BitcoinTransactions,12,206,31,0.15,0.5,1,0.05255634526023287,0.005714285714285714,1.0,20.303229570388794
BitcoinTransactions,12,206,31,0.15,0.5,2,0.05203525599732001,0.0,1.0,20.342893600463867
BitcoinTransactions,12,206,31,0.15,0.5,3,0.05203525599732001,0.0,1.0,20.35880398750305
BitcoinTransactions,12,206,31,0.15,0.5,4,0.05203525599732001,0.0,1.0,20.337831020355225
BitcoinTransactions,12,206,31,0.15,0.5,5,0.052030620909098775,0.0,0.999478759447485,20.30938148498535
BitcoinTransactions,12,206,41,0.2,0.5,1,0.052069370769074266,0.004901960784313725,1.0,20.317036151885986
BitcoinTransactions,12,206,41,0.2,0.5,2,0.05203525599732001,0.0,1.0,20.324228048324585
BitcoinTransactions,12,206,41,0.2,0.5,3,0.05202638370574539,0.0,0.9998696898618713,20.319518566131592
BitcoinTransactions,12,206,41,0.2,0.5,4,0.05203525599732001,0.0,1.0,20.34153437614441
BitcoinTransactions,12,206,41,0.2,0.5,5,0.05222000160485505,0.005235602094240838,1.0,20.278684854507446
BitcoinTransactions,12,206,52,0.25,0.5,1,0.05203525599732001,0.0,1.0,20.33252191543579
BitcoinTransactions,12,206,52,0.25,0.5,2,0.05370125912110728,0.006097560975609756,1.0,20.00488543510437
BitcoinTransactions,12,206,52,0.25,0.5,3,0.05202582736391477,0.0,0.9998696898618713,20.467947483062744
BitcoinTransactions,12,206,52,0.25,0.5,4,0.05203525599732001,0.0,1.0,20.308989763259888
BitcoinTransactions,12,206,52,0.25,0.5,5,0.05203525599732001,0.0,1.0,20.335904121398926
BitcoinTransactions,12,206,62,0.3,0.5,1,0.05203525599732001,0.0,1.0,20.33368158340454
BitcoinTransactions,12,206,62,0.3,0.5,2,0.05203525599732001,0.0,1.0,20.32123565673828
BitcoinTransactions,12,206,62,0.3,0.5,3,0.05203525599732001,0.0,1.0,20.33254623413086
BitcoinTransactions,12,206,62,0.3,0.5,4,0.05203525599732001,0.0,1.0,20.307467699050903
BitcoinTransactions,12,206,62,0.3,0.5,5,0.05292939531173033,0.0055248618784530384,1.0,20.274872303009033
BitcoinTransactions,12,206,72,0.35,0.5,1,0.051984020606143155,0.002551020408163265,0.99895751889497,20.54162907600403
BitcoinTransactions,12,206,72,0.35,0.5,2,0.05203525599732001,0.0,1.0,20.566319465637207
BitcoinTransactions,12,206,72,0.35,0.5,3,0.051737884961898614,0.0,0.9927026322647902,20.557886362075806
BitcoinTransactions,12,206,72,0.35,0.5,4,0.05203525599732001,0.0,1.0,20.5592782497406
BitcoinTransactions,12,206,72,0.35,0.5,5,0.053086020859566874,0.005649717514124294,1.0,20.341726303100586
BitcoinTransactions,12,206,83,0.4,0.5,1,0.05203525599732001,0.0,1.0,20.611827611923218
BitcoinTransactions,12,206,83,0.4,0.5,2,0.052789610001479685,0.002824858757062147,0.999478759447485,20.44451332092285
BitcoinTransactions,12,206,83,0.4,0.5,3,0.05320392864055471,0.0044444444444444444,0.9930935626791765,20.34212350845337
BitcoinTransactions,12,206,83,0.4,0.5,4,0.05195884514934864,0.0,0.9986968986187126,20.61137318611145
BitcoinTransactions,12,206,83,0.4,0.5,5,0.05203109743751618,0.0,0.9998696898618713,20.494845867156982
BitcoinTransactions,12,206,93,0.45,0.5,1,0.05446253358859752,0.007352941176470588,1.0,20.50184154510498
BitcoinTransactions,12,206,93,0.45,0.5,2,0.05203525599732001,0.0,1.0,20.663129806518555
BitcoinTransactions,12,206,93,0.45,0.5,3,0.05203525599732001,0.0,1.0,20.708734035491943
BitcoinTransactions,12,206,93,0.45,0.5,4,0.05196768283510862,0.0,0.9970028668230388,20.655622959136963
BitcoinTransactions,12,206,93,0.45,0.5,5,0.051690574214841176,0.004901960784313725,1.0,20.653190851211548
BitcoinTransactions,12,206,104,0.5,0.5,1,0.05191466443328496,0.0026041666666666665,0.9998696898618713,20.513139486312866
BitcoinTransactions,12,206,104,0.5,0.5,2,0.05187907189978504,0.004878048780487805,1.0,20.803136110305786
BitcoinTransactions,12,206,104,0.5,0.5,3,0.054180475523268566,0.004629629629629629,0.9885327078446703,20.357057571411133
BitcoinTransactions,12,206,104,0.5,0.5,4,0.05203525599732001,0.0,1.0,20.687193870544434
BitcoinTransactions,12,206,104,0.5,0.5,5,0.05203525599732001,0.0,1.0,20.6699800491333
BitcoinTransactions,12,206,114,0.55,0.5,1,0.05203525599732001,0.0,1.0,20.684727668762207
BitcoinTransactions,12,206,114,0.55,0.5,2,0.052830624652178124,0.005405405405405406,1.0,20.64622473716736
BitcoinTransactions,12,206,114,0.55,0.5,3,0.05203525599732001,0.0,1.0,20.69608211517334
BitcoinTransactions,12,206,114,0.55,0.5,4,0.05345675289411141,0.002688172043010753,0.9988272087568413,20.59584665298462
BitcoinTransactions,12,206,114,0.55,0.5,5,0.05203525599732001,0.0,1.0,20.700111150741577
BitcoinTransactions,12,206,124,0.6,0.5,1,0.05203525599732001,0.0,1.0,20.685073852539062
BitcoinTransactions,12,206,124,0.6,0.5,2,0.052262779366377764,0.0026455026455026454,0.9976544175136826,20.64032530784607
BitcoinTransactions,12,206,124,0.6,0.5,3,0.05203525599732001,0.0,1.0,20.68049693107605
BitcoinTransactions,12,206,124,0.6,0.5,4,0.05203525599732001,0.0,1.0,20.628847122192383
BitcoinTransactions,12,206,124,0.6,0.5,5,0.05203525599732001,0.0,1.0,20.502240419387817
BitcoinTransactions,12,206,135,0.65,0.5,1,0.05203525599732001,0.0,1.0,20.51920437812805
BitcoinTransactions,12,206,135,0.65,0.5,2,0.05199948235674788,0.004878048780487805,1.0,20.52764058113098
BitcoinTransactions,12,206,135,0.65,0.5,3,0.05203525599732001,0.0,1.0,20.53440570831299
BitcoinTransactions,12,206,135,0.65,0.5,4,0.05203525599732001,0.0,1.0,20.502326726913452
BitcoinTransactions,12,206,135,0.65,0.5,5,0.05203525599732001,0.0,1.0,20.545595407485962
BitcoinTransactions,12,206,145,0.7,0.5,1,0.051740770950768275,0.004975124378109453,1.0,20.48474144935608
BitcoinTransactions,12,206,145,0.7,0.5,2,0.052824835045557156,0.005025125628140704,1.0,20.452305555343628
BitcoinTransactions,12,206,145,0.7,0.5,3,0.05203525599732001,0.0,1.0,20.510550022125244
BitcoinTransactions,12,206,145,0.7,0.5,4,0.05203525599732001,0.0,1.0,20.531558513641357
BitcoinTransactions,12,206,145,0.7,0.5,5,0.05203525599732001,0.0,1.0,20.538129091262817
BitcoinTransactions,12,206,155,0.75,0.5,1,0.05207391277554623,0.004878048780487805,1.0,20.544992208480835
BitcoinTransactions,12,206,155,0.75,0.5,2,0.05203236678700671,0.0,0.9998696898618713,20.533446550369263
BitcoinTransactions,12,206,155,0.75,0.5,3,0.05203525599732001,0.0,1.0,20.551053047180176
BitcoinTransactions,12,206,155,0.75,0.5,4,0.05242185482605675,0.005555555555555556,1.0,20.450829029083252
BitcoinTransactions,12,206,155,0.75,0.5,5,0.05203149210172465,0.0,0.9997393797237425,20.598428964614868
BitcoinTransactions,12,206,166,0.8,0.5,1,0.05203525599732001,0.0,1.0,20.534913539886475
BitcoinTransactions,12,206,166,0.8,0.5,2,0.05185041756874767,0.0049261083743842365,1.0,20.539618492126465
BitcoinTransactions,12,206,166,0.8,0.5,3,0.05204879369286976,0.0,0.9998696898618713,20.567914485931396
BitcoinTransactions,12,206,166,0.8,0.5,4,0.05408629232052359,0.007407407407407408,1.0,20.099035024642944
BitcoinTransactions,12,206,166,0.8,0.5,5,0.05240651762951292,0.005076142131979695,1.0,20.60936713218689
BitcoinTransactions,12,206,176,0.85,0.5,1,0.053427681826722376,0.008771929824561403,1.0,20.326364278793335
BitcoinTransactions,12,206,176,0.85,0.5,2,0.05203525599732001,0.0,1.0,20.481731176376343
BitcoinTransactions,12,206,176,0.85,0.5,3,0.05203525599732001,0.0,1.0,20.497311115264893
BitcoinTransactions,12,206,176,0.85,0.5,4,0.05203525599732001,0.0,1.0,20.513496160507202
BitcoinTransactions,12,206,176,0.85,0.5,5,0.05203525599732001,0.0,1.0,20.53682851791382
BitcoinTransactions,12,206,186,0.9,0.5,1,0.05355547641828443,0.0056179775280898875,1.0,20.369394540786743
BitcoinTransactions,12,206,186,0.9,0.5,2,0.05203525599732001,0.0,1.0,20.54292321205139
BitcoinTransactions,12,206,186,0.9,0.5,3,0.05202946405883681,0.0,0.9996090695856138,20.51991033554077
BitcoinTransactions,12,206,186,0.9,0.5,4,0.05335423684729089,0.008403361344537815,1.0,20.30073618888855
BitcoinTransactions,12,206,186,0.9,0.5,5,0.05203525599732001,0.0,1.0,20.54366636276245
BitcoinTransactions,12,206,197,0.95,0.5,1,0.05470639828300172,0.008333333333333333,1.0,20.29256272315979
BitcoinTransactions,12,206,197,0.95,0.5,2,0.05203525599732001,0.0,1.0,20.52947425842285
BitcoinTransactions,12,206,197,0.95,0.5,3,0.05337704567205519,0.005555555555555556,1.0,20.314558744430542
BitcoinTransactions,12,206,197,0.95,0.5,4,0.05203525599732001,0.0,1.0,20.564344882965088
BitcoinTransactions,12,206,197,0.95,0.5,5,0.052033724160830935,0.0,0.9997393797237425,20.62560772895813
BitcoinTransactions,12,206,207,1,0.5,1,0.052453025504801354,0.0024875621890547263,0.999478759447485,20.623399019241333
BitcoinTransactions,12,206,207,1,0.5,2,0.05203525599732001,0.0,1.0,20.6677405834198
BitcoinTransactions,12,206,207,1,0.5,3,0.0520227325009205,0.0,0.9997393797237425,20.65055561065674
BitcoinTransactions,12,206,207,1,0.5,4,0.05203525599732001,0.0,1.0,20.65509533882141
BitcoinTransactions,12,206,207,1,0.5,5,0.05203525599732001,0.0,1.0,20.655699253082275
BitcoinTransactions,13,506,0,0,,1,0.9376598277820792,0.0,0.0004068348250610252,
BitcoinTransactions,13,506,0,0,,2,0.8045756058806856,0.0,0.001898562516951451,
BitcoinTransactions,13,506,0,0,,3,0.8947662997406733,7.920792079207921e-05,0.04759967453213995,
BitcoinTransactions,13,506,0,0,,4,0.8528712467888592,6.6006600660066e-05,0.04800650935720097,
BitcoinTransactions,13,506,0,0,,5,0.8532236407850241,9.000900090009e-05,0.05736371033360456,
BitcoinTransactions,13,506,5,0.01,0.5,1,0.05193357025593059,0.0,0.9959316517493898,20.59916639328003
BitcoinTransactions,13,506,5,0.01,0.5,2,0.05511041114037348,0.0027272727272727275,0.9976946026579875,20.766287326812744
BitcoinTransactions,13,506,5,0.01,0.5,3,0.05203525599732001,0.0,1.0,21.08153462409973
BitcoinTransactions,13,506,5,0.01,0.5,4,0.05225518374980407,0.0020964360587002098,1.0,22.904034852981567
BitcoinTransactions,13,506,5,0.01,0.5,5,0.05203525599732001,0.0,1.0,21.065115451812744
BitcoinTransactions,13,506,27,0.05,0.5,1,0.05203525599732001,0.0,1.0,21.04564070701599
BitcoinTransactions,13,506,27,0.05,0.5,2,0.05203525599732001,0.0,1.0,20.618172645568848
BitcoinTransactions,13,506,27,0.05,0.5,3,0.05302980703673738,0.0021598272138228943,1.0,20.993913888931274
BitcoinTransactions,13,506,27,0.05,0.5,4,0.05200599687288285,0.0,0.9994575535665853,21.76430320739746
BitcoinTransactions,13,506,27,0.05,0.5,5,0.05203525599732001,0.0,1.0,20.6151123046875
BitcoinTransactions,13,506,54,0.1,0.5,1,0.05203525599732001,0.0,1.0,20.569555044174194
BitcoinTransactions,13,506,54,0.1,0.5,2,0.05203525599732001,0.0,1.0,20.58059000968933
BitcoinTransactions,13,506,54,0.1,0.5,3,0.05185727576030877,0.0,0.9903715758068891,20.562477827072144
BitcoinTransactions,13,506,54,0.1,0.5,4,0.05203525599732001,0.0,1.0,20.594449996948242
BitcoinTransactions,13,506,54,0.1,0.5,5,0.05201411760099758,0.0019801980198019802,1.0,20.64362096786499
BitcoinTransactions,13,506,81,0.15,0.5,1,0.05517633316747947,0.0028011204481792717,1.0,20.30540943145752
BitcoinTransactions,13,506,81,0.15,0.5,2,0.05228869300571921,0.002105263157894737,1.0,20.543546438217163
BitcoinTransactions,13,506,81,0.15,0.5,3,0.05203525599732001,0.0,1.0,20.631987810134888
BitcoinTransactions,13,506,81,0.15,0.5,4,0.05338329434227091,0.0023228803716608595,0.9998643883916464,20.274754285812378
BitcoinTransactions,13,506,81,0.15,0.5,5,0.05203525599732001,0.0,1.0,20.59506320953369
BitcoinTransactions,13,506,107,0.2,0.5,1,0.05203525599732001,0.0,1.0,20.603018283843994
BitcoinTransactions,13,506,107,0.2,0.5,2,0.05203525599732001,0.0,1.0,20.59569239616394
BitcoinTransactions,13,506,107,0.2,0.5,3,0.05305682006772106,0.0023752969121140144,1.0,20.442192554473877
BitcoinTransactions,13,506,107,0.2,0.5,4,0.05203123760615216,0.0019801980198019802,1.0,20.59254789352417
BitcoinTransactions,13,506,107,0.2,0.5,5,0.05203525599732001,0.0,1.0,20.59921097755432
BitcoinTransactions,13,506,134,0.25,0.5,1,0.051997238807789975,0.0,0.9987794955248169,20.625436544418335
BitcoinTransactions,13,506,134,0.25,0.5,2,0.05203525599732001,0.0,1.0,20.620164155960083
BitcoinTransactions,13,506,134,0.25,0.5,3,0.05203525599732001,0.0,1.0,20.63159155845642
BitcoinTransactions,13,506,134,0.25,0.5,4,0.05205207414450904,0.0,0.9990507187415243,20.62109923362732
BitcoinTransactions,13,506,134,0.25,0.5,5,0.05172158859444461,0.002109704641350211,1.0,20.73737406730652
BitcoinTransactions,13,506,161,0.3,0.5,1,0.05203525599732001,0.0,1.0,20.639654636383057
BitcoinTransactions,13,506,161,0.3,0.5,2,0.052033382748501396,0.0,0.999593165174939,20.60916566848755
BitcoinTransactions,13,506,161,0.3,0.5,3,0.05191552142906226,0.002,1.0,20.615958213806152
BitcoinTransactions,13,506,161,0.3,0.5,4,0.05203525599732001,0.0,1.0,20.653379201889038
BitcoinTransactions,13,506,161,0.3,0.5,5,0.05203525599732001,0.0,1.0,20.662121295928955
BitcoinTransactions,13,506,188,0.35,0.5,1,0.05203525599732001,0.0,1.0,20.61994481086731
BitcoinTransactions,13,506,188,0.35,0.5,2,0.05203525599732001,0.0,1.0,20.659668922424316
BitcoinTransactions,13,506,188,0.35,0.5,3,0.051741085817289124,0.0010638297872340426,0.9990507187415243,20.625056505203247
BitcoinTransactions,13,506,188,0.35,0.5,4,0.05201032020714439,0.0,0.9987794955248169,20.658908367156982
BitcoinTransactions,13,506,188,0.35,0.5,5,0.05227507815610211,0.0020964360587002098,1.0,20.586658239364624
BitcoinTransactions,13,506,215,0.4,0.5,1,0.05203525599732001,0.0,1.0,20.632086038589478
BitcoinTransactions,13,506,215,0.4,0.5,2,0.05203525599732001,0.0,1.0,20.603814840316772
BitcoinTransactions,13,506,215,0.4,0.5,3,0.05203747831072182,0.0,0.9998643883916464,21.127554416656494
BitcoinTransactions,13,506,215,0.4,0.5,4,0.05203525599732001,0.0,1.0,21.09666633605957
BitcoinTransactions,13,506,215,0.4,0.5,5,0.05186732019215168,0.0019801980198019802,1.0,21.118211269378662
BitcoinTransactions,13,506,242,0.45,0.5,1,0.05203525599732001,0.0,1.0,20.96738028526306
BitcoinTransactions,13,506,242,0.45,0.5,2,0.05203525599732001,0.0,1.0,21.201483726501465
BitcoinTransactions,13,506,242,0.45,0.5,3,0.0542691453212941,0.00202020202020202,0.9998643883916464,20.92234706878662
BitcoinTransactions,13,506,242,0.45,0.5,4,0.05203525599732001,0.0,1.0,21.125757932662964
BitcoinTransactions,13,506,242,0.45,0.5,5,0.05203525599732001,0.0,1.0,21.130446672439575
BitcoinTransactions,13,506,268,0.5,0.5,1,0.05370953152033777,0.001557632398753894,0.9998643883916464,20.874866485595703
BitcoinTransactions,13,506,268,0.5,0.5,2,0.05203525599732001,0.0,1.0,21.073315620422363
BitcoinTransactions,13,506,268,0.5,0.5,3,0.05373337915912152,0.0021231422505307855,1.0,20.95200276374817
BitcoinTransactions,13,506,268,0.5,0.5,4,0.05219841230516225,0.00202020202020202,1.0,20.940809726715088
BitcoinTransactions,13,506,268,0.5,0.5,5,0.052059192298553485,0.0019801980198019802,1.0,20.980815410614014
BitcoinTransactions,13,506,295,0.55,0.5,1,0.0520197669961188,0.0,0.999593165174939,20.60189700126648
BitcoinTransactions,13,506,295,0.55,0.5,2,0.05203525599732001,0.0,1.0,20.595117807388306
BitcoinTransactions,13,506,295,0.55,0.5,3,0.05199695949721162,0.001984126984126984,1.0,21.11105990409851
BitcoinTransactions,13,506,295,0.55,0.5,4,0.053522205231635964,0.002457002457002457,1.0,20.918462991714478
BitcoinTransactions,13,506,295,0.55,0.5,5,0.051888959946185,0.002008032128514056,1.0,20.98842144012451
BitcoinTransactions,13,506,322,0.6,0.5,1,0.05399227610896831,0.003048780487804878,1.0,21.536759853363037
BitcoinTransactions,13,506,322,0.6,0.5,2,0.051651192601757094,0.002044989775051125,1.0,21.055368185043335
BitcoinTransactions,13,506,322,0.6,0.5,3,0.052028689129324776,0.0,0.999593165174939,20.633214950561523
BitcoinTransactions,13,506,322,0.6,0.5,4,0.05203585653653665,0.0,0.9998643883916464,20.625453233718872
BitcoinTransactions,13,506,322,0.6,0.5,5,0.05289437791802848,0.0026455026455026454,1.0,21.0239200592041
BitcoinTransactions,13,506,349,0.65,0.5,1,0.0519948722303466,0.0019801980198019802,1.0,21.134511947631836
BitcoinTransactions,13,506,349,0.65,0.5,2,0.05203525599732001,0.0,1.0,21.04176616668701
BitcoinTransactions,13,506,349,0.65,0.5,3,0.05265210971572908,0.002173913043478261,1.0,20.573384284973145
BitcoinTransactions,13,506,349,0.65,0.5,4,0.05254267879834349,0.0010416666666666667,0.9993219419582317,20.55772113800049
BitcoinTransactions,13,506,349,0.65,0.5,5,0.05351129627437087,0.002127659574468085,1.0,20.547823190689087
BitcoinTransactions,13,506,376,0.7,0.5,1,0.05203525599732001,0.0,1.0,21.081860780715942
BitcoinTransactions,13,506,376,0.7,0.5,2,0.054289687174951196,0.0025252525252525255,1.0,20.801838874816895
BitcoinTransactions,13,506,376,0.7,0.5,3,0.053605652880580515,0.003076923076923077,1.0,20.947112560272217
BitcoinTransactions,13,506,376,0.7,0.5,4,0.05474758612832008,0.003003003003003003,1.0,21.619898080825806
BitcoinTransactions,13,506,376,0.7,0.5,5,0.05203525599732001,0.0,1.0,21.163593530654907
BitcoinTransactions,13,506,403,0.75,0.5,1,0.05203525599732001,0.0,1.0,21.03115701675415
BitcoinTransactions,13,506,403,0.75,0.5,2,0.05200374939026172,0.001984126984126984,1.0,21.033814668655396
BitcoinTransactions,13,506,403,0.75,0.5,3,0.05203525599732001,0.0,1.0,20.627467393875122
BitcoinTransactions,13,506,403,0.75,0.5,4,0.05203525599732001,0.0,1.0,21.125513792037964
BitcoinTransactions,13,506,403,0.75,0.5,5,0.05203525599732001,0.0,1.0,21.0407555103302
BitcoinTransactions,13,506,430,0.8,0.5,1,0.05203525599732001,0.0,1.0,21.159915447235107
BitcoinTransactions,13,506,430,0.8,0.5,2,0.05203525599732001,0.0,1.0,21.07486653327942
BitcoinTransactions,13,506,430,0.8,0.5,3,0.05495332414637965,0.003676470588235294,1.0,20.70461082458496
BitcoinTransactions,13,506,430,0.8,0.5,4,0.05166834773638621,0.0021321961620469083,1.0,21.134098291397095
BitcoinTransactions,13,506,430,0.8,0.5,5,0.05203525599732001,0.0,1.0,20.66803526878357
BitcoinTransactions,13,506,456,0.85,0.5,1,0.05203525599732001,0.0,1.0,21.131393432617188
BitcoinTransactions,13,506,456,0.85,0.5,2,0.05420974522475787,0.002680965147453083,1.0,20.67153549194336
BitcoinTransactions,13,506,456,0.85,0.5,3,0.05310012083703438,0.0017667844522968198,0.9998643883916464,20.86855173110962
BitcoinTransactions,13,506,456,0.85,0.5,4,0.0529250532923755,0.0020161290322580645,1.0,21.03794288635254
BitcoinTransactions,13,506,456,0.85,0.5,5,0.05203525599732001,0.0,1.0,20.91010618209839
BitcoinTransactions,13,506,483,0.9,0.5,1,0.05203525599732001,0.0,1.0,21.060986518859863
BitcoinTransactions,13,506,483,0.9,0.5,2,0.05203525599732001,0.0,1.0,21.046892642974854
BitcoinTransactions,13,506,483,0.9,0.5,3,0.05203525599732001,0.0,1.0,20.559136152267456
BitcoinTransactions,13,506,483,0.9,0.5,4,0.05203525599732001,0.0,1.0,21.145398139953613
BitcoinTransactions,13,506,483,0.9,0.5,5,0.05203086467261028,0.0,0.9998643883916464,20.967859983444214
BitcoinTransactions,13,506,510,0.95,0.5,1,0.05203525599732001,0.0,1.0,21.19625735282898
BitcoinTransactions,13,506,510,0.95,0.5,2,0.055002602100549663,0.002932551319648094,1.0,20.6985604763031
BitcoinTransactions,13,506,510,0.95,0.5,3,0.05203525599732001,0.0,1.0,21.000449180603027
BitcoinTransactions,13,506,510,0.95,0.5,4,0.05405548758900053,0.0025575447570332483,1.0,20.30695676803589
BitcoinTransactions,13,506,510,0.95,0.5,5,0.05196397521330146,0.0019801980198019802,1.0,21.12827777862549
BitcoinTransactions,13,506,537,1,0.5,1,0.05189078282528735,0.002,1.0,21.066692352294922
BitcoinTransactions,13,506,537,1,0.5,2,0.05201250533971504,0.0,0.9991863303498779,21.088815212249756
BitcoinTransactions,13,506,537,1,0.5,3,0.05203525599732001,0.0,1.0,21.76575994491577
BitcoinTransactions,13,506,537,1,0.5,4,0.05203525599732001,0.0,1.0,21.112263679504395
BitcoinTransactions,13,506,537,1,0.5,5,0.05324035970037847,0.0013550135501355014,0.999593165174939,20.804229259490967
BitcoinTransactions,14,353,0,0,,1,0.8286047019228173,0.0,0.00624418759133785,
BitcoinTransactions,14,353,0,0,,2,0.9064970682514534,0.0,0.0017271157167530224,
BitcoinTransactions,14,353,0,0,,3,0.8902799514423653,0.0011168504816417703,0.27992560116912446,
BitcoinTransactions,14,353,0,0,,4,0.7070581543207332,0.012227538543328018,0.7261857313670785,
BitcoinTransactions,14,353,0,0,,5,0.8674038268929077,0.0,0.0029228112129666534,
BitcoinTransactions,14,353,4,0.01,0.5,1,0.05203525599732001,0.0,1.0,21.019895553588867
BitcoinTransactions,14,353,4,0.01,0.5,2,0.051997074800109,0.002840909090909091,1.0,21.04811668395996
BitcoinTransactions,14,353,4,0.01,0.5,3,0.05203525599732001,0.0,1.0,20.483189821243286
BitcoinTransactions,14,353,4,0.01,0.5,4,0.052019313694126434,0.0,0.9998671449448652,20.495609521865845
BitcoinTransactions,14,353,4,0.01,0.5,5,0.05203525599732001,0.0,1.0,20.486298322677612
BitcoinTransactions,14,353,21,0.05,0.5,1,0.05193526736846542,0.002890173410404624,1.0,20.474754333496094
BitcoinTransactions,14,353,21,0.05,0.5,2,0.05203525599732001,0.0,1.0,20.497586488723755
BitcoinTransactions,14,353,21,0.05,0.5,3,0.05203525599732001,0.0,1.0,20.48123335838318
BitcoinTransactions,14,353,21,0.05,0.5,4,0.05306053794021025,0.0037174721189591076,1.0,20.307761907577515
BitcoinTransactions,14,353,21,0.05,0.5,5,0.05203575105457015,0.0,0.9998671449448652,20.49106502532959
BitcoinTransactions,14,353,42,0.1,0.5,1,0.05203525599732001,0.0,1.0,20.468451261520386
BitcoinTransactions,14,353,42,0.1,0.5,2,0.05203525599732001,0.0,1.0,20.474663496017456
BitcoinTransactions,14,353,42,0.1,0.5,3,0.05203525599732001,0.0,1.0,20.481064081192017
BitcoinTransactions,14,353,42,0.1,0.5,4,0.05203525599732001,0.0,1.0,20.492425203323364
BitcoinTransactions,14,353,42,0.1,0.5,5,0.0547632012421276,0.00425531914893617,1.0,20.194973707199097
BitcoinTransactions,14,353,63,0.15,0.5,1,0.05457324542140751,0.003676470588235294,1.0,20.220155239105225
BitcoinTransactions,14,353,63,0.15,0.5,2,0.05203525599732001,0.0,1.0,20.486262321472168
BitcoinTransactions,14,353,63,0.15,0.5,3,0.05203525599732001,0.0,1.0,20.490950107574463
BitcoinTransactions,14,353,63,0.15,0.5,4,0.051987605904988875,0.002238805970149254,0.9996014348345954,20.464005947113037
BitcoinTransactions,14,353,63,0.15,0.5,5,0.05204724295187083,0.0,0.9998671449448652,20.50156569480896
BitcoinTransactions,14,353,84,0.2,0.5,1,0.05203337111134436,0.0,0.9997342898897303,20.48686981201172
BitcoinTransactions,14,353,84,0.2,0.5,2,0.052791921584082656,0.0031645569620253164,1.0,20.370332717895508
BitcoinTransactions,14,353,84,0.2,0.5,3,0.05203525599732001,0.0,1.0,20.497253894805908
BitcoinTransactions,14,353,84,0.2,0.5,4,0.05203525599732001,0.0,1.0,20.493438959121704
BitcoinTransactions,14,353,84,0.2,0.5,5,0.053513888471380756,0.003134796238244514,1.0,20.38552498817444
BitcoinTransactions,14,353,104,0.25,0.5,1,0.05203525599732001,0.0,1.0,20.488434076309204
BitcoinTransactions,14,353,104,0.25,0.5,2,0.05203525599732001,0.0,1.0,20.491409301757812
BitcoinTransactions,14,353,104,0.25,0.5,3,0.05203525599732001,0.0,1.0,20.492012977600098
BitcoinTransactions,14,353,104,0.25,0.5,4,0.052686279503409164,0.001718213058419244,0.9994685797794606,20.3349769115448
BitcoinTransactions,14,353,104,0.25,0.5,5,0.05204985344107971,0.0,0.9998671449448652,20.488065719604492
BitcoinTransactions,14,353,125,0.3,0.5,1,0.05203525599732001,0.0,1.0,20.51174521446228
BitcoinTransactions,14,353,125,0.3,0.5,2,0.05203525599732001,0.0,1.0,20.622533321380615
BitcoinTransactions,14,353,125,0.3,0.5,3,0.0517174139117738,0.002840909090909091,1.0,20.618938207626343
BitcoinTransactions,14,353,125,0.3,0.5,4,0.05203525599732001,0.0,1.0,20.612513780593872
BitcoinTransactions,14,353,125,0.3,0.5,5,0.05287491142171205,0.0030303030303030303,1.0,20.475048780441284
BitcoinTransactions,14,353,146,0.35,0.5,1,0.05203525599732001,0.0,1.0,20.61491370201111
BitcoinTransactions,14,353,146,0.35,0.5,2,0.05203525599732001,0.0,1.0,20.632038354873657
BitcoinTransactions,14,353,146,0.35,0.5,3,0.051985625147907444,0.002849002849002849,1.0,20.624335289001465
BitcoinTransactions,14,353,146,0.35,0.5,4,0.05203525599732001,0.0,1.0,20.61851143836975
BitcoinTransactions,14,353,146,0.35,0.5,5,0.052019313694126434,0.0,0.9998671449448652,20.627367734909058
BitcoinTransactions,14,353,167,0.4,0.5,1,0.0518554851187382,0.002849002849002849,1.0,20.609825611114502
BitcoinTransactions,14,353,167,0.4,0.5,2,0.05203525599732001,0.0,1.0,20.619445085525513
BitcoinTransactions,14,353,167,0.4,0.5,3,0.05203525599732001,0.0,1.0,20.633551597595215
BitcoinTransactions,14,353,167,0.4,0.5,4,0.05203525599732001,0.0,1.0,20.640403985977173
BitcoinTransactions,14,353,167,0.4,0.5,5,0.05203525599732001,0.0,1.0,20.632380723953247
BitcoinTransactions,14,353,188,0.45,0.5,1,0.052440426051480485,0.0014534883720930232,0.9998671449448652,20.55432677268982
BitcoinTransactions,14,353,188,0.45,0.5,2,0.05203525599732001,0.0,1.0,20.614094495773315
BitcoinTransactions,14,353,188,0.45,0.5,3,0.05311755005411633,0.001718213058419244,0.9950843629600107,20.356491804122925
BitcoinTransactions,14,353,188,0.45,0.5,4,0.05178541310241035,0.0014492753623188406,0.9976086090075728,20.50187039375305
BitcoinTransactions,14,353,188,0.45,0.5,5,0.05203525599732001,0.0,1.0,20.558337688446045
BitcoinTransactions,14,353,209,0.5,0.5,1,0.05203525599732001,0.0,1.0,20.521671056747437
BitcoinTransactions,14,353,209,0.5,0.5,2,0.05203525599732001,0.0,1.0,20.519843101501465
BitcoinTransactions,14,353,209,0.5,0.5,3,0.05195618025064061,0.0,0.9969443337318985,20.537177801132202
BitcoinTransactions,14,353,209,0.5,0.5,4,0.05182721832410494,0.001445086705202312,0.9994685797794606,20.573723793029785
BitcoinTransactions,14,353,209,0.5,0.5,5,0.05203525599732001,0.0,1.0,20.586511373519897
BitcoinTransactions,14,353,230,0.55,0.5,1,0.05197660941456318,0.002890173410404624,1.0,20.533710479736328
BitcoinTransactions,14,353,230,0.55,0.5,2,0.05203525599732001,0.0,1.0,20.55814838409424
BitcoinTransactions,14,353,230,0.55,0.5,3,0.05325061771566712,0.004694835680751174,1.0,20.323474407196045
BitcoinTransactions,14,353,230,0.55,0.5,4,0.05329205055786008,0.001597444089456869,0.998272884283247,20.54270601272583
BitcoinTransactions,14,353,230,0.55,0.5,5,0.05203525599732001,0.0,1.0,20.55507802963257
BitcoinTransactions,14,353,251,0.6,0.5,1,0.05203525599732001,0.0,1.0,20.523125171661377
BitcoinTransactions,14,353,251,0.6,0.5,2,0.05203525599732001,0.0,1.0,20.551482915878296
BitcoinTransactions,14,353,251,0.6,0.5,3,0.0522043484061455,0.001943634596695821,0.9997342898897303,20.461061477661133
BitcoinTransactions,14,353,251,0.6,0.5,4,0.0520317617936155,0.0,0.9966786236216288,20.504186153411865
BitcoinTransactions,14,353,251,0.6,0.5,5,0.05203525599732001,0.0,1.0,20.491299867630005
BitcoinTransactions,14,353,272,0.65,0.5,1,0.05201982945107109,0.0,0.9988043045037863,20.48305082321167
BitcoinTransactions,14,353,272,0.65,0.5,2,0.05203525599732001,0.0,1.0,20.5132794380188
BitcoinTransactions,14,353,272,0.65,0.5,3,0.05203525599732001,0.0,1.0,20.5080406665802
BitcoinTransactions,14,353,272,0.65,0.5,4,0.05203525599732001,0.0,1.0,20.500551223754883
BitcoinTransactions,14,353,272,0.65,0.5,5,0.052016685638311654,0.002849002849002849,1.0,20.49263620376587
BitcoinTransactions,14,353,293,0.7,0.5,1,0.05203525599732001,0.0,1.0,20.504973888397217
BitcoinTransactions,14,353,293,0.7,0.5,2,0.051825718219630085,0.002857142857142857,1.0,20.505049467086792
BitcoinTransactions,14,353,293,0.7,0.5,3,0.05507861290772023,0.0019083969465648854,0.9988043045037863,20.114139556884766
BitcoinTransactions,14,353,293,0.7,0.5,4,0.052009628024022043,0.002857142857142857,1.0,20.639461755752563
BitcoinTransactions,14,353,293,0.7,0.5,5,0.05203525599732001,0.0,1.0,20.486184120178223
BitcoinTransactions,14,353,314,0.75,0.5,1,0.05195678281167343,0.0,0.9985385943935167,20.488813400268555
BitcoinTransactions,14,353,314,0.75,0.5,2,0.05203525599732001,0.0,1.0,20.558964490890503
BitcoinTransactions,14,353,314,0.75,0.5,3,0.05203525599732001,0.0,1.0,20.64693808555603
BitcoinTransactions,14,353,314,0.75,0.5,4,0.05203525599732001,0.0,1.0,20.624733448028564
BitcoinTransactions,14,353,314,0.75,0.5,5,0.052443907780761995,0.0025167785234899327,0.9998671449448652,20.44556164741516
BitcoinTransactions,14,353,334,0.8,0.5,1,0.05203525599732001,0.0,1.0,20.63629913330078
BitcoinTransactions,14,353,334,0.8,0.5,2,0.053556282523385505,0.005235602094240838,1.0,20.3346745967865
BitcoinTransactions,14,353,334,0.8,0.5,3,0.05353823965876936,0.0016722408026755853,0.9998671449448652,20.405518770217896
BitcoinTransactions,14,353,334,0.8,0.5,4,0.05203525599732001,0.0,1.0,20.381937503814697
BitcoinTransactions,14,353,334,0.8,0.5,5,0.05203525599732001,0.0,1.0,20.399182081222534
BitcoinTransactions,14,353,355,0.85,0.5,1,0.05203525599732001,0.0,1.0,20.354087829589844
BitcoinTransactions,14,353,355,0.85,0.5,2,0.05203525599732001,0.0,1.0,21.099071979522705
BitcoinTransactions,14,353,355,0.85,0.5,3,0.055175843466726666,0.0024630541871921183,0.9988043045037863,20.723705530166626
BitcoinTransactions,14,353,355,0.85,0.5,4,0.052705630205799235,0.003194888178913738,1.0,20.990469694137573
BitcoinTransactions,14,353,355,0.85,0.5,5,0.05203525599732001,0.0,1.0,21.071548461914062
BitcoinTransactions,14,353,376,0.9,0.5,1,0.05179852341336687,0.000946969696969697,0.9996014348345954,21.17561984062195
BitcoinTransactions,14,353,376,0.9,0.5,2,0.05203525599732001,0.0,1.0,21.78157925605774
BitcoinTransactions,14,353,376,0.9,0.5,3,0.05203056581675646,0.0,0.9998671449448652,21.11753535270691
BitcoinTransactions,14,353,376,0.9,0.5,4,0.05203525599732001,0.0,1.0,20.415022611618042
BitcoinTransactions,14,353,376,0.9,0.5,5,0.05203525599732001,0.0,1.0,21.15775227546692
BitcoinTransactions,14,353,397,0.95,0.5,1,0.05203525599732001,0.0,1.0,21.04111886024475
BitcoinTransactions,14,353,397,0.95,0.5,2,0.05203525599732001,0.0,1.0,21.14996099472046
BitcoinTransactions,14,353,397,0.95,0.5,3,0.05465765188049364,0.0026595744680851063,0.9998671449448652,20.68800711631775
BitcoinTransactions,14,353,397,0.95,0.5,4,0.05203525599732001,0.0,1.0,21.15448784828186
BitcoinTransactions,14,353,397,0.95,0.5,5,0.05203525599732001,0.0,1.0,21.07552433013916
BitcoinTransactions,14,353,418,1,0.5,1,0.05203525599732001,0.0,1.0,20.97556710243225
BitcoinTransactions,14,353,418,1,0.5,2,0.055128227796564205,0.0055248618784530384,1.0,20.794546842575073
BitcoinTransactions,14,353,418,1,0.5,3,0.05203525599732001,0.0,1.0,21.79823589324951
BitcoinTransactions,14,353,418,1,0.5,4,0.05255746759883257,0.003105590062111801,1.0,20.30012083053589
BitcoinTransactions,14,353,418,1,0.5,5,0.05203525599732001,0.0,1.0,21.094393253326416
BitcoinTransactions,15,349,0,0,,1,0.6975767886695865,0.0,0.01699641481874917,
BitcoinTransactions,15,349,0,0,,2,0.9109761806536528,0.0,0.0005311379630859116,
BitcoinTransactions,15,349,0,0,,3,0.838576451457518,0.0027501586629997883,0.42398087903332893,
BitcoinTransactions,15,349,0,0,,4,0.7684167129064428,0.0,0.007701500464745718,
BitcoinTransactions,15,349,0,0,,5,0.8281154433223739,0.0,0.0063736555570309385,
BitcoinTransactions,15,349,4,0.01,0.5,1,0.052064950405067395,0.003236245954692557,1.0,20.528269290924072
BitcoinTransactions,15,349,4,0.01,0.5,2,0.05203525599732001,0.0,1.0,20.579195737838745
BitcoinTransactions,15,349,4,0.01,0.5,3,0.05203525599732001,0.0,1.0,20.53675150871277
BitcoinTransactions,15,349,4,0.01,0.5,4,0.05203525599732001,0.0,1.0,20.50449275970459
BitcoinTransactions,15,349,4,0.01,0.5,5,0.05364474261559951,0.0034129692832764505,1.0,20.361277103424072
BitcoinTransactions,15,349,18,0.05,0.5,1,0.05203525599732001,0.0,1.0,20.54123616218567
BitcoinTransactions,15,349,18,0.05,0.5,2,0.052032193360488053,0.0,0.999734431018457,20.551006078720093
BitcoinTransactions,15,349,18,0.05,0.5,3,0.05139064949900407,0.0014577259475218659,0.999734431018457,20.513219833374023
BitcoinTransactions,15,349,18,0.05,0.5,4,0.05263073865315818,0.0033003300330033004,1.0,20.303508043289185
BitcoinTransactions,15,349,18,0.05,0.5,5,0.05203525599732001,0.0,1.0,20.444571256637573
BitcoinTransactions,15,349,37,0.1,0.5,1,0.05203525599732001,0.0,1.0,20.432942628860474
BitcoinTransactions,15,349,37,0.1,0.5,2,0.05229498958861115,0.0014749262536873156,0.9961492497676271,20.349290132522583
BitcoinTransactions,15,349,37,0.1,0.5,3,0.05203525599732001,0.0,1.0,20.43029475212097
BitcoinTransactions,15,349,37,0.1,0.5,4,0.05203525599732001,0.0,1.0,20.422582387924194
BitcoinTransactions,15,349,37,0.1,0.5,5,0.05203525599732001,0.0,1.0,20.44109296798706
BitcoinTransactions,15,349,55,0.15,0.5,1,0.05203525599732001,0.0,1.0,20.432671546936035
BitcoinTransactions,15,349,55,0.15,0.5,2,0.05203525599732001,0.0,1.0,20.433324098587036
BitcoinTransactions,15,349,55,0.15,0.5,3,0.05203525599732001,0.0,1.0,20.44539451599121
BitcoinTransactions,15,349,55,0.15,0.5,4,0.05203525599732001,0.0,1.0,20.429572820663452
BitcoinTransactions,15,349,55,0.15,0.5,5,0.05203525599732001,0.0,1.0,20.443902015686035
BitcoinTransactions,15,349,74,0.2,0.5,1,0.05203747831072182,0.0,0.9998672155092285,20.434444427490234
BitcoinTransactions,15,349,74,0.2,0.5,2,0.05203525599732001,0.0,1.0,20.452040195465088
BitcoinTransactions,15,349,74,0.2,0.5,3,0.05342957674637176,0.003115264797507788,1.0,20.34787678718567
BitcoinTransactions,15,349,74,0.2,0.5,4,0.051970746008119025,0.0,0.9986721550922852,20.42154288291931
BitcoinTransactions,15,349,74,0.2,0.5,5,0.05203525599732001,0.0,1.0,20.391831636428833
BitcoinTransactions,15,349,92,0.25,0.5,1,0.05203525599732001,0.0,1.0,20.415687322616577
BitcoinTransactions,15,349,92,0.25,0.5,2,0.0563700370803678,0.0043859649122807015,1.0,20.042030096054077
BitcoinTransactions,15,349,92,0.25,0.5,3,0.05203525599732001,0.0,1.0,20.411491870880127
BitcoinTransactions,15,349,92,0.25,0.5,4,0.05202838569271562,0.0,0.9998672155092285,20.399612426757812
BitcoinTransactions,15,349,92,0.25,0.5,5,0.05202166851670019,0.0,0.9994688620369141,20.425726890563965
BitcoinTransactions,15,349,111,0.3,0.5,1,0.05360804445015844,0.0032258064516129032,1.0,20.411011934280396
BitcoinTransactions,15,349,111,0.3,0.5,2,0.05203525599732001,0.0,1.0,20.487370491027832
BitcoinTransactions,15,349,111,0.3,0.5,3,0.05203525599732001,0.0,1.0,20.43993830680847
BitcoinTransactions,15,349,111,0.3,0.5,4,0.05203525599732001,0.0,1.0,20.45504355430603
BitcoinTransactions,15,349,111,0.3,0.5,5,0.05203525599732001,0.0,1.0,20.44797658920288
BitcoinTransactions,15,349,129,0.35,0.5,1,0.05203525599732001,0.0,1.0,20.467557907104492
BitcoinTransactions,15,349,129,0.35,0.5,2,0.05203525599732001,0.0,1.0,20.429986238479614
BitcoinTransactions,15,349,129,0.35,0.5,3,0.05203525599732001,0.0,1.0,20.48458957672119
BitcoinTransactions,15,349,129,0.35,0.5,4,0.05203525599732001,0.0,1.0,20.493940353393555
BitcoinTransactions,15,349,129,0.35,0.5,5,0.054623583605559495,0.003787878787878788,1.0,20.25584626197815
BitcoinTransactions,15,349,148,0.4,0.5,1,0.05203525599732001,0.0,1.0,20.527247190475464
BitcoinTransactions,15,349,148,0.4,0.5,2,0.05203525599732001,0.0,1.0,20.504738807678223
BitcoinTransactions,15,349,148,0.4,0.5,3,0.05203525599732001,0.0,1.0,20.502346992492676
BitcoinTransactions,15,349,148,0.4,0.5,4,0.051946048940721794,0.0,0.9981410171291993,20.486239671707153
BitcoinTransactions,15,349,148,0.4,0.5,5,0.05203525599732001,0.0,1.0,20.505836486816406
BitcoinTransactions,15,349,166,0.45,0.5,1,0.05416420839545111,0.003472222222222222,1.0,20.24277377128601
BitcoinTransactions,15,349,166,0.45,0.5,2,0.053648534382484785,0.003246753246753247,0.9990705085645997,20.233938217163086
BitcoinTransactions,15,349,166,0.45,0.5,3,0.05203525599732001,0.0,1.0,20.494373559951782
BitcoinTransactions,15,349,166,0.45,0.5,4,0.05469666079909515,0.004081632653061225,1.0,20.217947483062744
BitcoinTransactions,15,349,166,0.45,0.5,5,0.05203525599732001,0.0,1.0,20.48501443862915
BitcoinTransactions,15,349,184,0.5,0.5,1,0.05203525599732001,0.0,1.0,20.498535633087158
BitcoinTransactions,15,349,184,0.5,0.5,2,0.05203525599732001,0.0,1.0,20.518482446670532
BitcoinTransactions,15,349,184,0.5,0.5,3,0.051823906901445144,0.0029239766081871343,1.0,20.32198405265808
BitcoinTransactions,15,349,184,0.5,0.5,4,0.05209563962268158,0.002881844380403458,1.0,20.60588502883911
BitcoinTransactions,15,349,184,0.5,0.5,5,0.05203525599732001,0.0,1.0,20.525891065597534
BitcoinTransactions,15,349,203,0.55,0.5,1,0.05204879369286976,0.0,0.9998672155092285,20.496169328689575
BitcoinTransactions,15,349,203,0.55,0.5,2,0.05412353472941565,0.0026041666666666665,0.9978754481476564,20.188929796218872
BitcoinTransactions,15,349,203,0.55,0.5,3,0.05203525599732001,0.0,1.0,20.519103527069092
BitcoinTransactions,15,349,203,0.55,0.5,4,0.05441477884891216,0.0056179775280898875,1.0,20.04039454460144
BitcoinTransactions,15,349,203,0.55,0.5,5,0.05203525599732001,0.0,1.0,20.63963532447815
BitcoinTransactions,15,349,221,0.6,0.5,1,0.05331093093231032,0.003246753246753247,1.0,20.358508110046387
BitcoinTransactions,15,349,221,0.6,0.5,2,0.051530428329263224,0.0030211480362537764,1.0,20.475791692733765
BitcoinTransactions,15,349,221,0.6,0.5,3,0.05203525599732001,0.0,1.0,20.505072355270386
BitcoinTransactions,15,349,221,0.6,0.5,4,0.05206377873387734,0.0,0.9977426636568849,20.483641147613525
BitcoinTransactions,15,349,221,0.6,0.5,5,0.05203525599732001,0.0,1.0,20.517229318618774
BitcoinTransactions,15,349,240,0.65,0.5,1,0.05219819502099415,0.002976190476190476,1.0,20.429153203964233
BitcoinTransactions,15,349,240,0.65,0.5,2,0.05203525599732001,0.0,1.0,20.515012979507446
BitcoinTransactions,15,349,240,0.65,0.5,3,0.05203525599732001,0.0,1.0,20.501351594924927
BitcoinTransactions,15,349,240,0.65,0.5,4,0.05203525599732001,0.0,1.0,20.494738817214966
BitcoinTransactions,15,349,240,0.65,0.5,5,0.05203525599732001,0.0,1.0,20.495354890823364
BitcoinTransactions,15,349,258,0.7,0.5,1,0.05203525599732001,0.0,1.0,20.48285150527954
BitcoinTransactions,15,349,258,0.7,0.5,2,0.05203525599732001,0.0,1.0,21.13084101676941
BitcoinTransactions,15,349,258,0.7,0.5,3,0.05203525599732001,0.0,1.0,21.008362770080566
BitcoinTransactions,15,349,258,0.7,0.5,4,0.053211230693305495,0.005319148936170213,1.0,20.87834119796753
BitcoinTransactions,15,349,258,0.7,0.5,5,0.05465057273853002,0.004201680672268907,1.0,20.737856149673462
BitcoinTransactions,15,349,277,0.75,0.5,1,0.05203585653653665,0.0,0.9998672155092285,21.144371032714844
BitcoinTransactions,15,349,277,0.75,0.5,2,0.05203379527248414,0.0,0.9996016465276856,21.046369791030884
BitcoinTransactions,15,349,277,0.75,0.5,3,0.05375766722975026,0.0035335689045936395,1.0,20.752166032791138
BitcoinTransactions,15,349,277,0.75,0.5,4,0.05203525599732001,0.0,1.0,20.488847970962524
BitcoinTransactions,15,349,277,0.75,0.5,5,0.05160110206991673,0.0029239766081871343,1.0,20.44802975654602
BitcoinTransactions,15,349,295,0.8,0.5,1,0.05385088603525769,0.0048543689320388345,1.0,20.73893666267395
BitcoinTransactions,15,349,295,0.8,0.5,2,0.05298926190738465,0.0031446540880503146,1.0,20.910227060317993
BitcoinTransactions,15,349,295,0.8,0.5,3,0.05203525599732001,0.0,1.0,21.11956524848938
BitcoinTransactions,15,349,295,0.8,0.5,4,0.052348040234852906,0.003215434083601286,1.0,20.95407748222351
BitcoinTransactions,15,349,295,0.8,0.5,5,0.05203932135581333,0.0,0.9994688620369141,21.125162601470947
BitcoinTransactions,15,349,314,0.85,0.5,1,0.05291481333120849,0.0034602076124567475,1.0,21.551562309265137
BitcoinTransactions,15,349,314,0.85,0.5,2,0.05164746256074171,0.0029585798816568047,1.0,21.026482820510864
BitcoinTransactions,15,349,314,0.85,0.5,3,0.05203525599732001,0.0,1.0,21.06599497795105
BitcoinTransactions,15,349,314,0.85,0.5,4,0.05266677540326644,0.003115264797507788,1.0,20.861669301986694
BitcoinTransactions,15,349,314,0.85,0.5,5,0.05203525599732001,0.0,1.0,20.5240421295166
BitcoinTransactions,15,349,332,0.9,0.5,1,0.05188388105872239,0.0009578544061302681,0.9996016465276856,20.50218439102173
BitcoinTransactions,15,349,332,0.9,0.5,2,0.05200169965938994,0.0028735632183908046,1.0,20.519383668899536
BitcoinTransactions,15,349,332,0.9,0.5,3,0.05203525599732001,0.0,1.0,20.46226978302002
BitcoinTransactions,15,349,332,0.9,0.5,4,0.05159585319596012,0.001996007984031936,0.9998672155092285,20.400671005249023
BitcoinTransactions,15,349,332,0.9,0.5,5,0.05355315177327387,0.0024509803921568627,0.999734431018457,20.233293533325195
BitcoinTransactions,15,349,351,0.95,0.5,1,0.05499459565313913,0.005235602094240838,1.0,20.172688007354736
BitcoinTransactions,15,349,351,0.95,0.5,2,0.05244672900640362,0.003289473684210526,1.0,20.98012399673462
BitcoinTransactions,15,349,351,0.95,0.5,3,0.05307471899042767,0.0031446540880503146,1.0,20.955621480941772
BitcoinTransactions,15,349,351,0.95,0.5,4,0.05203525599732001,0.0,1.0,21.03455662727356
BitcoinTransactions,15,349,351,0.95,0.5,5,0.05203525599732001,0.0,1.0,21.002690315246582
BitcoinTransactions,15,349,369,1,0.5,1,0.05203525599732001,0.0,1.0,21.070350646972656
BitcoinTransactions,15,349,369,1,0.5,2,0.05203525599732001,0.0,1.0,20.46366810798645
BitcoinTransactions,15,349,369,1,0.5,3,0.05203525599732001,0.0,1.0,20.47454595565796
BitcoinTransactions,15,349,369,1,0.5,4,0.05203525599732001,0.0,1.0,20.412615299224854
BitcoinTransactions,15,349,369,1,0.5,5,0.05203525599732001,0.0,1.0,21.178693771362305
BitcoinTransactions,16,419,0,0,,1,0.9232879912800432,0.0,0.0,
BitcoinTransactions,16,419,0,0,,2,0.8393515772194006,0.0,0.0008041817450743868,
BitcoinTransactions,16,419,0,0,,3,0.8391658098928275,0.0,0.00013403029084573114,
BitcoinTransactions,16,419,0,0,,4,0.8630360465279071,0.0,0.0022785149443774293,
BitcoinTransactions,16,419,0,0,,5,0.8756450384151788,0.0,0.0006701514542286557,
BitcoinTransactions,16,419,4,0.01,0.5,1,0.05203525599732001,0.0,1.0,20.988884449005127
BitcoinTransactions,16,419,4,0.01,0.5,2,0.05203525599732001,0.0,1.0,21.00553035736084
BitcoinTransactions,16,419,4,0.01,0.5,3,0.05203525599732001,0.0,1.0,20.432658433914185
BitcoinTransactions,16,419,4,0.01,0.5,4,0.05203525599732001,0.0,1.0,20.4585018157959
BitcoinTransactions,16,419,4,0.01,0.5,5,0.05203525599732001,0.0,1.0,20.484038829803467
BitcoinTransactions,16,419,21,0.05,0.5,1,0.05203525599732001,0.0,1.0,20.43276810646057
BitcoinTransactions,16,419,21,0.05,0.5,2,0.05203525599732001,0.0,1.0,20.42827606201172
BitcoinTransactions,16,419,21,0.05,0.5,3,0.05252650189969618,0.0,0.9977214850556225,20.43501567840576
BitcoinTransactions,16,419,21,0.05,0.5,4,0.05203525599732001,0.0,1.0,20.459043979644775
BitcoinTransactions,16,419,21,0.05,0.5,5,0.05203525599732001,0.0,1.0,20.440589427947998
BitcoinTransactions,16,419,42,0.1,0.5,1,0.05203525599732001,0.0,1.0,20.37101721763611
BitcoinTransactions,16,419,42,0.1,0.5,2,0.052058388765528374,0.0,0.9997319394183085,20.35395884513855
BitcoinTransactions,16,419,42,0.1,0.5,3,0.05203525599732001,0.0,1.0,20.376985549926758
BitcoinTransactions,16,419,42,0.1,0.5,4,0.05203525599732001,0.0,1.0,20.37537384033203
BitcoinTransactions,16,419,42,0.1,0.5,5,0.05203525599732001,0.0,1.0,20.386997938156128
BitcoinTransactions,16,419,64,0.15,0.5,1,0.05203525599732001,0.0,1.0,20.442750930786133
BitcoinTransactions,16,419,64,0.15,0.5,2,0.05203525599732001,0.0,1.0,20.470834016799927
BitcoinTransactions,16,419,64,0.15,0.5,3,0.05203525599732001,0.0,1.0,20.471596002578735
BitcoinTransactions,16,419,64,0.15,0.5,4,0.05203525599732001,0.0,1.0,20.498517751693726
BitcoinTransactions,16,419,64,0.15,0.5,5,0.05203525599732001,0.0,1.0,20.48298192024231
BitcoinTransactions,16,419,85,0.2,0.5,1,0.05417988861118535,0.003676470588235294,1.0,20.146599531173706
BitcoinTransactions,16,419,85,0.2,0.5,2,0.05203525599732001,0.0,1.0,20.492247581481934
BitcoinTransactions,16,419,85,0.2,0.5,3,0.05267063951591743,0.0025906735751295338,1.0,20.401073217391968
BitcoinTransactions,16,419,85,0.2,0.5,4,0.05203525599732001,0.0,1.0,20.481462955474854
BitcoinTransactions,16,419,85,0.2,0.5,5,0.05203525599732001,0.0,1.0,20.43016767501831
BitcoinTransactions,16,419,106,0.25,0.5,1,0.05203525599732001,0.0,1.0,20.478846311569214
BitcoinTransactions,16,419,106,0.25,0.5,2,0.05200475084472615,0.0011961722488038277,0.9995979091274628,20.475607872009277
BitcoinTransactions,16,419,106,0.25,0.5,3,0.05203525599732001,0.0,1.0,20.470650911331177
BitcoinTransactions,16,419,106,0.25,0.5,4,0.051744377217277086,0.002403846153846154,1.0,20.457038402557373
BitcoinTransactions,16,419,106,0.25,0.5,5,0.054183653199763746,0.0028011204481792717,1.0,20.291581869125366
BitcoinTransactions,16,419,128,0.3,0.5,1,0.05203525599732001,0.0,1.0,20.457415103912354
BitcoinTransactions,16,419,128,0.3,0.5,2,0.05203525599732001,0.0,1.0,20.48679518699646
BitcoinTransactions,16,419,128,0.3,0.5,3,0.051878116269464813,0.0,0.9942366974936335,20.488322019577026
BitcoinTransactions,16,419,128,0.3,0.5,4,0.05203525599732001,0.0,1.0,20.48201012611389
BitcoinTransactions,16,419,128,0.3,0.5,5,0.051937728042192044,0.0,0.9955770004020909,20.468786478042603
BitcoinTransactions,16,419,149,0.35,0.5,1,0.05203525599732001,0.0,1.0,20.485023498535156
BitcoinTransactions,16,419,149,0.35,0.5,2,0.05203525599732001,0.0,1.0,20.4672269821167
BitcoinTransactions,16,419,149,0.35,0.5,3,0.0519938595674245,0.0011961722488038277,0.9990617879640799,20.449795722961426
BitcoinTransactions,16,419,149,0.35,0.5,4,0.05203525599732001,0.0,1.0,20.420050144195557
BitcoinTransactions,16,419,149,0.35,0.5,5,0.05213078385795119,0.002398081534772182,1.0,20.342795848846436
BitcoinTransactions,16,419,170,0.4,0.5,1,0.05203525599732001,0.0,1.0,20.362971544265747
BitcoinTransactions,16,419,170,0.4,0.5,2,0.051937389754163545,0.0024691358024691358,1.0,20.32732653617859
BitcoinTransactions,16,419,170,0.4,0.5,3,0.051864975485461665,0.0012135922330097086,0.9998659697091543,20.349071979522705
BitcoinTransactions,16,419,170,0.4,0.5,4,0.05203525599732001,0.0,1.0,20.35738182067871
BitcoinTransactions,16,419,170,0.4,0.5,5,0.05203525599732001,0.0,1.0,20.387581825256348
BitcoinTransactions,16,419,191,0.45,0.5,1,0.05203525599732001,0.0,1.0,20.456108570098877
BitcoinTransactions,16,419,191,0.45,0.5,2,0.05203525599732001,0.0,1.0,20.418432235717773
BitcoinTransactions,16,419,191,0.45,0.5,3,0.05264689404004091,0.0038461538461538464,1.0,20.075098752975464
BitcoinTransactions,16,419,191,0.45,0.5,4,0.051984449776583355,0.0,0.9977214850556225,20.40556001663208
BitcoinTransactions,16,419,191,0.45,0.5,5,0.05203525599732001,0.0,1.0,20.42666482925415
BitcoinTransactions,16,419,212,0.5,0.5,1,0.05179010087836419,0.0024449877750611247,1.0,20.3759663105011
BitcoinTransactions,16,419,212,0.5,0.5,2,0.05323760012507614,0.0025974025974025974,1.0,20.36685800552368
BitcoinTransactions,16,419,212,0.5,0.5,3,0.05203525599732001,0.0,1.0,20.389434814453125
BitcoinTransactions,16,419,212,0.5,0.5,4,0.055110317541221976,0.0026041666666666665,0.9997319394183085,20.07016110420227
BitcoinTransactions,16,419,212,0.5,0.5,5,0.05203525599732001,0.0,1.0,20.451645851135254
BitcoinTransactions,16,419,234,0.55,0.5,1,0.05184299976996708,0.001199040767386091,0.9995979091274628,20.419942140579224
BitcoinTransactions,16,419,234,0.55,0.5,2,0.05152312710094064,0.0024509803921568627,1.0,20.384649753570557
BitcoinTransactions,16,419,234,0.55,0.5,3,0.0535382559793721,0.0031847133757961785,1.0,20.126283645629883
BitcoinTransactions,16,419,234,0.55,0.5,4,0.05203525599732001,0.0,1.0,20.42789387702942
BitcoinTransactions,16,419,234,0.55,0.5,5,0.05203525599732001,0.0,1.0,20.40471315383911
BitcoinTransactions,16,419,255,0.6,0.5,1,0.05203525599732001,0.0,1.0,20.404107570648193
BitcoinTransactions,16,419,255,0.6,0.5,2,0.05203525599732001,0.0,1.0,20.469326734542847
BitcoinTransactions,16,419,255,0.6,0.5,3,0.05203525599732001,0.0,1.0,20.418795108795166
BitcoinTransactions,16,419,255,0.6,0.5,4,0.05203525599732001,0.0,1.0,20.407649278640747
BitcoinTransactions,16,419,255,0.6,0.5,5,0.05208140513387534,0.0,0.9997319394183085,20.39687418937683
BitcoinTransactions,16,419,276,0.65,0.5,1,0.05159306342718436,0.0012315270935960591,0.9995979091274628,20.39086151123047
BitcoinTransactions,16,419,276,0.65,0.5,2,0.05203525599732001,0.0,1.0,20.392035007476807
BitcoinTransactions,16,419,276,0.65,0.5,3,0.05203525599732001,0.0,1.0,20.484142780303955
BitcoinTransactions,16,419,276,0.65,0.5,4,0.05203525599732001,0.0,1.0,20.520723581314087
BitcoinTransactions,16,419,276,0.65,0.5,5,0.05203525599732001,0.0,1.0,20.522281885147095
BitcoinTransactions,16,419,298,0.7,0.5,1,0.05203525599732001,0.0,1.0,20.522756814956665
BitcoinTransactions,16,419,298,0.7,0.5,2,0.05203525599732001,0.0,1.0,20.522955656051636
BitcoinTransactions,16,419,298,0.7,0.5,3,0.05203525599732001,0.0,1.0,20.505971670150757
BitcoinTransactions,16,419,298,0.7,0.5,4,0.05204278901324671,0.0,0.9991958182549256,20.530264139175415
BitcoinTransactions,16,419,298,0.7,0.5,5,0.05537356702009712,0.0021929824561403508,0.9998659697091543,20.210589170455933
BitcoinTransactions,16,419,319,0.75,0.5,1,0.05203525599732001,0.0,1.0,20.52868103981018
BitcoinTransactions,16,419,319,0.75,0.5,2,0.05203525599732001,0.0,1.0,20.52283787727356
BitcoinTransactions,16,419,319,0.75,0.5,3,0.05205260963895082,0.0,0.9995979091274628,20.53653383255005
BitcoinTransactions,16,419,319,0.75,0.5,4,0.0520086356481971,0.0,0.999463878836617,20.535272121429443
BitcoinTransactions,16,419,319,0.75,0.5,5,0.05203525599732001,0.0,1.0,20.51433753967285
BitcoinTransactions,16,419,340,0.8,0.5,1,0.05203525599732001,0.0,1.0,20.55318522453308
BitcoinTransactions,16,419,340,0.8,0.5,2,0.053303559133345856,0.0029239766081871343,1.0,20.33452343940735
BitcoinTransactions,16,419,340,0.8,0.5,3,0.0520310974375162,0.0,0.9998659697091543,20.51297163963318
BitcoinTransactions,16,419,340,0.8,0.5,4,0.05203525599732001,0.0,1.0,20.524279832839966
BitcoinTransactions,16,419,340,0.8,0.5,5,0.05203525599732001,0.0,1.0,20.51007056236267
BitcoinTransactions,16,419,361,0.85,0.5,1,0.05203525599732001,0.0,1.0,20.536438703536987
BitcoinTransactions,16,419,361,0.85,0.5,2,0.05203525599732001,0.0,1.0,20.533684492111206
BitcoinTransactions,16,419,361,0.85,0.5,3,0.053798905656091515,0.0035087719298245615,1.0,20.246966123580933
BitcoinTransactions,16,419,361,0.85,0.5,4,0.05203525599732001,0.0,1.0,20.51103448867798
BitcoinTransactions,16,419,361,0.85,0.5,5,0.05264416263623392,0.002544529262086514,1.0,20.4546480178833
BitcoinTransactions,16,419,382,0.9,0.5,1,0.053409652888255124,0.0038314176245210726,1.0,20.240634441375732
BitcoinTransactions,16,419,382,0.9,0.5,2,0.05203525599732001,0.0,1.0,20.489470720291138
BitcoinTransactions,16,419,382,0.9,0.5,3,0.05203525599732001,0.0,1.0,20.45720934867859
BitcoinTransactions,16,419,382,0.9,0.5,4,0.05173581445282687,0.0007993605115907274,0.9989277576732342,20.49026107788086
BitcoinTransactions,16,419,382,0.9,0.5,5,0.05203525599732001,0.0,1.0,20.467921018600464
BitcoinTransactions,16,419,404,0.95,0.5,1,0.05445963544599173,0.004901960784313725,1.0,20.108598709106445
BitcoinTransactions,16,419,404,0.95,0.5,2,0.05203525599732001,0.0,1.0,20.460052728652954
BitcoinTransactions,16,419,404,0.95,0.5,3,0.051694702565853956,0.0025380710659898475,1.0,20.423659563064575
BitcoinTransactions,16,419,404,0.95,0.5,4,0.05203525599732001,0.0,1.0,20.470494747161865
BitcoinTransactions,16,419,404,0.95,0.5,5,0.05203525599732001,0.0,1.0,20.475744009017944
BitcoinTransactions,16,419,425,1,0.5,1,0.05144878199405231,0.0024390243902439024,1.0,20.43952989578247
BitcoinTransactions,16,419,425,1,0.5,2,0.05311907666786647,0.0012437810945273632,0.9998659697091543,20.34414529800415
BitcoinTransactions,16,419,425,1,0.5,3,0.05172098941765341,0.002398081534772182,1.0,20.454544067382812
BitcoinTransactions,16,419,425,1,0.5,4,0.05179078062687304,0.002421307506053269,1.0,20.41264057159424
BitcoinTransactions,16,419,425,1,0.5,5,0.05203525599732001,0.0,1.0,20.396429300308228
BitcoinTransactions,17,308,0,0,,1,0.7802958542509465,0.0010741138560687433,0.4823032223983096,
BitcoinTransactions,17,308,0,0,,2,0.9152867295277016,0.0,0.0013206550449022716,
BitcoinTransactions,17,308,0,0,,3,0.8896062812517952,0.0016460905349794238,0.3011093502377179,
BitcoinTransactions,17,308,0,0,,4,0.836520168705109,0.0,0.003433703116745906,
BitcoinTransactions,17,308,0,0,,5,0.877362108746981,0.0,0.005018489170628632,
BitcoinTransactions,17,308,3,0.01,0.5,1,0.05204315337063011,0.0,0.9998679344955098,20.36424160003662
BitcoinTransactions,17,308,3,0.01,0.5,2,0.05202079373792369,0.0,0.9996038034865293,20.33557152748108
BitcoinTransactions,17,308,3,0.01,0.5,3,0.05203525599732001,0.0,1.0,20.20557475090027
BitcoinTransactions,17,308,3,0.01,0.5,4,0.05186663414897262,0.003257328990228013,1.0,20.52673053741455
BitcoinTransactions,17,308,3,0.01,0.5,5,0.05203525599732001,0.0,1.0,20.383965253829956
BitcoinTransactions,17,308,16,0.05,0.5,1,0.05203525599732001,0.0,1.0,20.360898733139038
BitcoinTransactions,17,308,16,0.05,0.5,2,0.05200536675273526,0.0,0.9981510829371368,20.345221757888794
BitcoinTransactions,17,308,16,0.05,0.5,3,0.05203525599732001,0.0,1.0,20.338468551635742
BitcoinTransactions,17,308,16,0.05,0.5,4,0.05202797444020249,0.003257328990228013,1.0,20.372461795806885
BitcoinTransactions,17,308,16,0.05,0.5,5,0.051969397480039745,0.0,0.9981510829371368,20.367533445358276
BitcoinTransactions,17,308,32,0.1,0.5,1,0.05203525599732001,0.0,1.0,20.380985260009766
BitcoinTransactions,17,308,32,0.1,0.5,2,0.05203525599732001,0.0,1.0,20.459426403045654
BitcoinTransactions,17,308,32,0.1,0.5,3,0.05179181518224636,0.001644736842105263,0.9993396724775488,20.388437032699585
BitcoinTransactions,17,308,32,0.1,0.5,4,0.05182896484528755,0.003257328990228013,1.0,20.41842031478882
BitcoinTransactions,17,308,32,0.1,0.5,5,0.05203525599732001,0.0,1.0,20.484116554260254
BitcoinTransactions,17,308,48,0.15,0.5,1,0.05212159243409216,0.0,0.9994717379820391,20.438872814178467
BitcoinTransactions,17,308,48,0.15,0.5,2,0.05327092213095667,0.001976284584980237,0.9989434759640782,20.392722129821777
BitcoinTransactions,17,308,48,0.15,0.5,3,0.05294504608660198,0.003663003663003663,1.0,20.38520336151123
BitcoinTransactions,17,308,48,0.15,0.5,4,0.05200473592042703,0.0034965034965034965,1.0,20.443373918533325
BitcoinTransactions,17,308,48,0.15,0.5,5,0.051691243871773825,0.0033333333333333335,1.0,20.438403606414795
BitcoinTransactions,17,308,65,0.2,0.5,1,0.05203525599732001,0.0,1.0,20.457345485687256
BitcoinTransactions,17,308,65,0.2,0.5,2,0.05202916821526296,0.0,0.9994717379820391,20.454676628112793
BitcoinTransactions,17,308,65,0.2,0.5,3,0.05203525599732001,0.0,1.0,20.44957423210144
BitcoinTransactions,17,308,65,0.2,0.5,4,0.05203525599732001,0.0,1.0,20.427866220474243
BitcoinTransactions,17,308,65,0.2,0.5,5,0.05203525599732001,0.0,1.0,20.450279474258423
BitcoinTransactions,17,308,81,0.25,0.5,1,0.05416132288112546,0.0020833333333333333,0.9994717379820391,20.10765504837036
BitcoinTransactions,17,308,81,0.25,0.5,2,0.05203525599732001,0.0,1.0,20.37422513961792
BitcoinTransactions,17,308,81,0.25,0.5,3,0.05203525599732001,0.0,1.0,20.434534788131714
BitcoinTransactions,17,308,81,0.25,0.5,4,0.05203381880761667,0.0,0.9998679344955098,20.451987266540527
BitcoinTransactions,17,308,81,0.25,0.5,5,0.05203525599732001,0.0,1.0,20.439094305038452
BitcoinTransactions,17,308,97,0.3,0.5,1,0.05203525599732001,0.0,1.0,20.254762172698975
BitcoinTransactions,17,308,97,0.3,0.5,2,0.05225053492756,0.0022002200220022,0.9981510829371368,20.540833234786987
BitcoinTransactions,17,308,97,0.3,0.5,3,0.05203525599732001,0.0,1.0,20.45810627937317
BitcoinTransactions,17,308,97,0.3,0.5,4,0.05227127402646637,0.0016891891891891893,0.9980190174326465,20.35890483856201
BitcoinTransactions,17,308,97,0.3,0.5,5,0.05202039071937667,0.0,0.9993396724775488,20.43132448196411
BitcoinTransactions,17,308,113,0.35,0.5,1,0.05203525599732001,0.0,1.0,20.450008869171143
BitcoinTransactions,17,308,113,0.35,0.5,2,0.05204327932940069,0.0,0.9997358689910195,20.41376280784607
BitcoinTransactions,17,308,113,0.35,0.5,3,0.053373898332853796,0.004016064257028112,1.0,20.163726329803467
BitcoinTransactions,17,308,113,0.35,0.5,4,0.05203525599732001,0.0,1.0,20.421872854232788
BitcoinTransactions,17,308,113,0.35,0.5,5,0.05203525599732001,0.0,1.0,20.421737670898438
BitcoinTransactions,17,308,129,0.4,0.5,1,0.05187610058186955,0.003257328990228013,1.0,20.424198865890503
BitcoinTransactions,17,308,129,0.4,0.5,2,0.05203525599732001,0.0,1.0,20.45897936820984
BitcoinTransactions,17,308,129,0.4,0.5,3,0.05203525599732001,0.0,1.0,20.437880039215088
BitcoinTransactions,17,308,129,0.4,0.5,4,0.05203525599732001,0.0,1.0,20.448628902435303
BitcoinTransactions,17,308,129,0.4,0.5,5,0.051848544343151365,0.0033222591362126247,1.0,20.433347702026367
BitcoinTransactions,17,308,145,0.45,0.5,1,0.05203525599732001,0.0,1.0,20.44543957710266
BitcoinTransactions,17,308,145,0.45,0.5,2,0.05186976121574554,0.003257328990228013,1.0,20.486616611480713
BitcoinTransactions,17,308,145,0.45,0.5,3,0.05203525599732001,0.0,1.0,20.506803035736084
BitcoinTransactions,17,308,145,0.45,0.5,4,0.05203525599732001,0.0,1.0,20.521095514297485
BitcoinTransactions,17,308,145,0.45,0.5,5,0.05203525599732001,0.0,1.0,20.488871097564697
BitcoinTransactions,17,308,162,0.5,0.5,1,0.05203525599732001,0.0,1.0,20.483564376831055
BitcoinTransactions,17,308,162,0.5,0.5,2,0.05171970622761659,0.003436426116838488,1.0,20.4806911945343
BitcoinTransactions,17,308,162,0.5,0.5,3,0.052098142582511005,0.0,0.9990755414685684,20.53316044807434
BitcoinTransactions,17,308,162,0.5,0.5,4,0.05203525599732001,0.0,1.0,20.580791473388672
BitcoinTransactions,17,308,162,0.5,0.5,5,0.05532915055669663,0.005813953488372093,1.0,20.247369050979614
BitcoinTransactions,17,308,178,0.55,0.5,1,0.05203525599732001,0.0,1.0,20.579636573791504
BitcoinTransactions,17,308,178,0.55,0.5,2,0.05203525599732001,0.0,1.0,20.527733325958252
BitcoinTransactions,17,308,178,0.55,0.5,3,0.05203525599732001,0.0,1.0,20.590656280517578
BitcoinTransactions,17,308,178,0.55,0.5,4,0.052025126210633134,0.003278688524590164,1.0,20.56350326538086
BitcoinTransactions,17,308,178,0.55,0.5,5,0.05203525599732001,0.0,1.0,20.578173637390137
BitcoinTransactions,17,308,194,0.6,0.5,1,0.05319748614088506,0.001893939393939394,0.9997358689910195,20.338633060455322
BitcoinTransactions,17,308,194,0.6,0.5,2,0.051594923996082384,0.0032679738562091504,1.0,20.527526140213013
BitcoinTransactions,17,308,194,0.6,0.5,3,0.053373823271384326,0.004291845493562232,1.0,20.44786524772644
BitcoinTransactions,17,308,194,0.6,0.5,4,0.05203525599732001,0.0,1.0,20.582051753997803
BitcoinTransactions,17,308,194,0.6,0.5,5,0.05203525599732001,0.0,1.0,20.57439661026001
BitcoinTransactions,17,308,210,0.65,0.5,1,0.05387241356963398,0.0049504950495049506,1.0,20.27237629890442
BitcoinTransactions,17,308,210,0.65,0.5,2,0.05203525599732001,0.0,1.0,20.56196355819702
BitcoinTransactions,17,308,210,0.65,0.5,3,0.0519124328025516,0.003289473684210526,1.0,20.552376747131348
BitcoinTransactions,17,308,210,0.65,0.5,4,0.05203525599732001,0.0,1.0,20.573158025741577
BitcoinTransactions,17,308,210,0.65,0.5,5,0.05203525599732001,0.0,1.0,20.54744005203247
BitcoinTransactions,17,308,226,0.7,0.5,1,0.0516985756914701,0.003289473684210526,1.0,20.411406755447388
BitcoinTransactions,17,308,226,0.7,0.5,2,0.05203525599732001,0.0,1.0,20.746094942092896
BitcoinTransactions,17,308,226,0.7,0.5,3,0.054377713228311426,0.005263157894736842,1.0,20.27782392501831
BitcoinTransactions,17,308,226,0.7,0.5,4,0.05203525599732001,0.0,1.0,20.568407773971558
BitcoinTransactions,17,308,226,0.7,0.5,5,0.05203525599732001,0.0,1.0,20.583144903182983
BitcoinTransactions,17,308,242,0.75,0.5,1,0.05203525599732001,0.0,1.0,20.58867335319519
BitcoinTransactions,17,308,242,0.75,0.5,2,0.05203525599732001,0.0,1.0,20.607197761535645
BitcoinTransactions,17,308,242,0.75,0.5,3,0.05304161540326596,0.0035211267605633804,1.0,20.452771425247192
BitcoinTransactions,17,308,242,0.75,0.5,4,0.05203525599732001,0.0,1.0,20.573636054992676
BitcoinTransactions,17,308,242,0.75,0.5,5,0.05203525599732001,0.0,1.0,20.642427444458008
BitcoinTransactions,17,308,258,0.8,0.5,1,0.05203236678700673,0.003257328990228013,1.0,20.655901670455933
BitcoinTransactions,17,308,258,0.8,0.5,2,0.05203525599732001,0.0,1.0,20.6059467792511
BitcoinTransactions,17,308,258,0.8,0.5,3,0.051905048784480795,0.0016286644951140066,0.9998679344955098,20.61303949356079
BitcoinTransactions,17,308,258,0.8,0.5,4,0.0517383446906675,0.0032679738562091504,1.0,20.576839923858643
BitcoinTransactions,17,308,258,0.8,0.5,5,0.05203525599732001,0.0,1.0,20.600219249725342
BitcoinTransactions,17,308,275,0.85,0.5,1,0.05203525599732001,0.0,1.0,20.573596477508545
BitcoinTransactions,17,308,275,0.85,0.5,2,0.05203525599732001,0.0,1.0,20.59537124633789
BitcoinTransactions,17,308,275,0.85,0.5,3,0.05302429116553875,0.005747126436781609,1.0,20.274091482162476
BitcoinTransactions,17,308,275,0.85,0.5,4,0.05203525599732001,0.0,1.0,20.576082944869995
BitcoinTransactions,17,308,275,0.85,0.5,5,0.05226399624548837,0.0035842293906810036,1.0,20.481404781341553
BitcoinTransactions,17,308,291,0.9,0.5,1,0.05203525599732001,0.0,1.0,20.56727623939514
BitcoinTransactions,17,308,291,0.9,0.5,2,0.05203525599732001,0.0,1.0,20.573350429534912
BitcoinTransactions,17,308,291,0.9,0.5,3,0.05203525599732001,0.0,1.0,20.597126960754395
BitcoinTransactions,17,308,291,0.9,0.5,4,0.05190304358429489,0.003289473684210526,1.0,20.560638189315796
BitcoinTransactions,17,308,291,0.9,0.5,5,0.05287461164785239,0.0018050541516245488,0.9990755414685684,20.427006483078003
BitcoinTransactions,17,308,307,0.95,0.5,1,0.052025827363914756,0.0,0.9998679344955098,20.611857652664185
BitcoinTransactions,17,308,307,0.95,0.5,2,0.051948343687796446,0.0032679738562091504,1.0,20.583706378936768
BitcoinTransactions,17,308,307,0.95,0.5,3,0.05369153133300655,0.0035971223021582736,1.0,20.480799436569214
BitcoinTransactions,17,308,307,0.95,0.5,4,0.05203525599732001,0.0,1.0,20.60033941268921
BitcoinTransactions,17,308,307,0.95,0.5,5,0.05203525599732001,0.0,1.0,20.578142881393433
BitcoinTransactions,17,308,323,1,0.5,1,0.0517422899363774,0.0032679738562091504,1.0,20.582538843154907
BitcoinTransactions,17,308,323,1,0.5,2,0.0518690705011496,0.0,0.9964342313787639,20.606617212295532
BitcoinTransactions,17,308,323,1,0.5,3,0.05203525599732001,0.0,1.0,20.598223209381104
BitcoinTransactions,17,308,323,1,0.5,4,0.05203525599732001,0.0,1.0,20.5707004070282
BitcoinTransactions,17,308,323,1,0.5,5,0.05203525599732001,0.0,1.0,20.634950399398804
BitcoinTransactions,18,161,0,0,,1,0.8854067083480792,0.0,0.005570669775877704,
BitcoinTransactions,18,161,0,0,,2,0.8570114026360228,0.0,0.012955045990413265,
BitcoinTransactions,18,161,0,0,,3,0.9304080845616992,0.0,0.0002591009198082653,
BitcoinTransactions,18,161,0,0,,4,0.9197354384011837,0.0,0.004275165176836378,
BitcoinTransactions,18,161,0,0,,5,0.8441685455385185,0.0,0.0027205596579867857,
BitcoinTransactions,18,161,2,0.01,0.5,1,0.052039175762816234,0.00625,1.0,20.54183340072632
BitcoinTransactions,18,161,2,0.01,0.5,2,0.05200635201122885,0.0064516129032258064,1.0,21.12863063812256
BitcoinTransactions,18,161,2,0.01,0.5,3,0.05203525599732001,0.0,1.0,21.092686653137207
BitcoinTransactions,18,161,2,0.01,0.5,4,0.052266125394330634,0.0021645021645021645,0.9987044954009586,22.80183219909668
BitcoinTransactions,18,161,2,0.01,0.5,5,0.052525283473748616,0.008771929824561403,1.0,20.874388217926025
BitcoinTransactions,18,161,8,0.05,0.5,1,0.05203525599732001,0.0,1.0,20.967698097229004
BitcoinTransactions,18,161,8,0.05,0.5,2,0.05272468799781962,0.006993006993006993,1.0,20.364895343780518
BitcoinTransactions,18,161,8,0.05,0.5,3,0.05203525599732001,0.0,1.0,21.050651788711548
BitcoinTransactions,18,161,8,0.05,0.5,4,0.052039879347416926,0.0,0.9998704495400959,21.045507192611694
BitcoinTransactions,18,161,8,0.05,0.5,5,0.05203525599732001,0.0,1.0,22.849093675613403
BitcoinTransactions,18,161,16,0.1,0.5,1,0.05216393505823728,0.0,0.9954657339033554,20.982346057891846
BitcoinTransactions,18,161,16,0.1,0.5,2,0.052621410646739614,0.0027548209366391185,0.9992226972405752,20.902737140655518
BitcoinTransactions,18,161,16,0.1,0.5,3,0.05203525599732001,0.0,1.0,21.075589656829834
BitcoinTransactions,18,161,16,0.1,0.5,4,0.051689785466709944,0.006666666666666667,1.0,21.721163511276245
BitcoinTransactions,18,161,16,0.1,0.5,5,0.05203525599732001,0.0,1.0,20.999972343444824
BitcoinTransactions,18,161,24,0.15,0.5,1,0.05314180729086553,0.004629629629629629,0.9998704495400959,20.803503274917603
BitcoinTransactions,18,161,24,0.15,0.5,2,0.052334902398920906,0.006756756756756757,1.0,20.481711626052856
BitcoinTransactions,18,161,24,0.15,0.5,3,0.05191201899723038,0.006289308176100629,1.0,21.128952503204346
BitcoinTransactions,18,161,24,0.15,0.5,4,0.05203525599732001,0.0,1.0,20.980574369430542
BitcoinTransactions,18,161,24,0.15,0.5,5,0.05203525599732001,0.0,1.0,21.117811918258667
BitcoinTransactions,18,161,32,0.2,0.5,1,0.05203525599732001,0.0,1.0,20.987502336502075
BitcoinTransactions,18,161,32,0.2,0.5,2,0.05203395499924076,0.0,0.9998704495400959,22.865747928619385
BitcoinTransactions,18,161,32,0.2,0.5,3,0.055825654588669574,0.013513513513513514,1.0,20.647701025009155
BitcoinTransactions,18,161,32,0.2,0.5,4,0.05203525599732001,0.0,1.0,20.934781074523926
BitcoinTransactions,18,161,32,0.2,0.5,5,0.05203525599732001,0.0,1.0,21.045636653900146
BitcoinTransactions,18,161,40,0.25,0.5,1,0.05203525599732001,0.0,1.0,21.70526432991028
BitcoinTransactions,18,161,40,0.25,0.5,2,0.0518620781508963,0.0,0.9910610182666149,21.062042236328125
BitcoinTransactions,18,161,40,0.25,0.5,3,0.05203525599732001,0.0,1.0,21.005347728729248
BitcoinTransactions,18,161,40,0.25,0.5,4,0.05203525599732001,0.0,1.0,21.219298124313354
BitcoinTransactions,18,161,40,0.25,0.5,5,0.05203525599732001,0.0,1.0,20.294909715652466
BitcoinTransactions,18,161,48,0.3,0.5,1,0.05203525599732001,0.0,1.0,21.046278953552246
BitcoinTransactions,18,161,48,0.3,0.5,2,0.05203525599732001,0.0,1.0,20.946126699447632
BitcoinTransactions,18,161,48,0.3,0.5,3,0.05203525599732001,0.0,1.0,21.01678991317749
BitcoinTransactions,18,161,48,0.3,0.5,4,0.05203525599732001,0.0,1.0,21.008673429489136
BitcoinTransactions,18,161,48,0.3,0.5,5,0.05203525599732001,0.0,1.0,20.966118574142456
BitcoinTransactions,18,161,56,0.35,0.5,1,0.05203525599732001,0.0,1.0,21.037293195724487
BitcoinTransactions,18,161,56,0.35,0.5,2,0.05203525599732001,0.0,1.0,21.707149505615234
BitcoinTransactions,18,161,56,0.35,0.5,3,0.05203525599732001,0.0,1.0,20.989452362060547
BitcoinTransactions,18,161,56,0.35,0.5,4,0.05204929246316265,0.0,0.9998704495400959,20.989325046539307
BitcoinTransactions,18,161,56,0.35,0.5,5,0.05236463853804189,0.00625,1.0,20.9014732837677
BitcoinTransactions,18,161,64,0.4,0.5,1,0.05421166866775194,0.008928571428571428,1.0,20.785526037216187
BitcoinTransactions,18,161,64,0.4,0.5,2,0.052019278320649426,0.00625,1.0,21.74458599090576
BitcoinTransactions,18,161,64,0.4,0.5,3,0.05203525599732001,0.0,1.0,21.13281750679016
BitcoinTransactions,18,161,64,0.4,0.5,4,0.0536037456260884,0.007692307692307693,1.0,20.878018856048584
BitcoinTransactions,18,161,64,0.4,0.5,5,0.05203525599732001,0.0,1.0,21.032570362091064
BitcoinTransactions,18,161,72,0.45,0.5,1,0.05203525599732001,0.0,1.0,20.32905912399292
BitcoinTransactions,18,161,72,0.45,0.5,2,0.05546264278290004,0.007142857142857143,0.9997408990801917,20.101988554000854
BitcoinTransactions,18,161,72,0.45,0.5,3,0.05203525599732001,0.0,1.0,21.175867319107056
BitcoinTransactions,18,161,72,0.45,0.5,4,0.05203525599732001,0.0,1.0,21.191862106323242
BitcoinTransactions,18,161,72,0.45,0.5,5,0.05203525599732001,0.0,1.0,21.258052110671997
BitcoinTransactions,18,161,80,0.5,0.5,1,0.05203525599732001,0.0,1.0,21.076754093170166
BitcoinTransactions,18,161,80,0.5,0.5,2,0.05203525599732001,0.0,1.0,20.357344150543213
BitcoinTransactions,18,161,80,0.5,0.5,3,0.05203525599732001,0.0,1.0,21.13384699821472
BitcoinTransactions,18,161,80,0.5,0.5,4,0.05203525599732001,0.0,1.0,21.030306577682495
BitcoinTransactions,18,161,80,0.5,0.5,5,0.05203525599732001,0.0,1.0,21.129744052886963
BitcoinTransactions,18,161,87,0.55,0.5,1,0.05203525599732001,0.0,1.0,21.011443376541138
BitcoinTransactions,18,161,87,0.55,0.5,2,0.053202512165547416,0.0070921985815602835,1.0,20.845669984817505
BitcoinTransactions,18,161,87,0.55,0.5,3,0.05327412564279022,0.006993006993006993,1.0,20.98474359512329
BitcoinTransactions,18,161,87,0.55,0.5,4,0.052017217258479055,0.0,0.9994817981603835,21.721839427947998
BitcoinTransactions,18,161,87,0.55,0.5,5,0.052298404668672416,0.006329113924050633,1.0,21.290454626083374
BitcoinTransactions,18,161,95,0.6,0.5,1,0.051688743147907605,0.006289308176100629,1.0,21.17972493171692
BitcoinTransactions,18,161,95,0.6,0.5,2,0.05203525599732001,0.0,1.0,21.300371408462524
BitcoinTransactions,18,161,95,0.6,0.5,3,0.05203525599732001,0.0,1.0,20.43491291999817
BitcoinTransactions,18,161,95,0.6,0.5,4,0.05203525599732001,0.0,1.0,20.45278000831604
BitcoinTransactions,18,161,95,0.6,0.5,5,0.0518559274710825,0.0031645569620253164,0.9998704495400959,20.45463252067566
BitcoinTransactions,18,161,103,0.65,0.5,1,0.05203525599732001,0.0,1.0,20.432127952575684
BitcoinTransactions,18,161,103,0.65,0.5,2,0.052021956487967105,0.0,0.9994817981603835,20.40560221672058
BitcoinTransactions,18,161,103,0.65,0.5,3,0.05203525599732001,0.0,1.0,20.43723726272583
BitcoinTransactions,18,161,103,0.65,0.5,4,0.051987683048955034,0.0,0.9959839357429718,21.243295192718506
BitcoinTransactions,18,161,103,0.65,0.5,5,0.0520076529593454,0.006289308176100629,1.0,21.115888833999634
BitcoinTransactions,18,161,111,0.7,0.5,1,0.05203525599732001,0.0,1.0,21.07642674446106
BitcoinTransactions,18,161,111,0.7,0.5,2,0.05203525599732001,0.0,1.0,21.180316925048828
BitcoinTransactions,18,161,111,0.7,0.5,3,0.05203525599732001,0.0,1.0,20.99058246612549
BitcoinTransactions,18,161,111,0.7,0.5,4,0.051776441071007456,0.003125,0.9913201191864232,21.108922481536865
BitcoinTransactions,18,161,111,0.7,0.5,5,0.05203525599732001,0.0,1.0,21.01791524887085
BitcoinTransactions,18,161,119,0.75,0.5,1,0.05199164098568386,0.00625,1.0,21.651522874832153
BitcoinTransactions,18,161,119,0.75,0.5,2,0.05203525599732001,0.0,1.0,20.406435251235962
BitcoinTransactions,18,161,119,0.75,0.5,3,0.05203525599732001,0.0,1.0,21.255440950393677
BitcoinTransactions,18,161,119,0.75,0.5,4,0.053705774868702684,0.005952380952380952,0.9913201191864232,20.856069326400757
BitcoinTransactions,18,161,119,0.75,0.5,5,0.0520504899568261,0.0,0.9998704495400959,21.066293716430664
BitcoinTransactions,18,161,127,0.8,0.5,1,0.05203525599732001,0.0,1.0,21.090172052383423
BitcoinTransactions,18,161,127,0.8,0.5,2,0.0544373923006386,0.011494252873563218,1.0,20.625016450881958
BitcoinTransactions,18,161,127,0.8,0.5,3,0.051962205395100804,0.00625,1.0,21.089208602905273
BitcoinTransactions,18,161,127,0.8,0.5,4,0.051843695689696094,0.006756756756756757,1.0,21.741401433944702
BitcoinTransactions,18,161,127,0.8,0.5,5,0.05263751477042882,0.006944444444444444,1.0,21.041697025299072
BitcoinTransactions,18,161,135,0.85,0.5,1,0.0545169822940705,0.01020408163265306,1.0,20.78229808807373
BitcoinTransactions,18,161,135,0.85,0.5,2,0.051583516168368065,0.0064516129032258064,1.0,21.01193904876709
BitcoinTransactions,18,161,135,0.85,0.5,3,0.054537310493602345,0.007874015748031496,1.0,20.238924741744995
BitcoinTransactions,18,161,135,0.85,0.5,4,0.05203525599732001,0.0,1.0,20.485827445983887
BitcoinTransactions,18,161,135,0.85,0.5,5,0.05203525599732001,0.0,1.0,20.49718165397644
BitcoinTransactions,18,161,143,0.9,0.5,1,0.052167656283457056,0.0,0.9983158440212463,20.503653526306152
BitcoinTransactions,18,161,143,0.9,0.5,2,0.05203525599732001,0.0,1.0,20.4790518283844
BitcoinTransactions,18,161,143,0.9,0.5,3,0.05411247118759594,0.007246376811594203,0.9984453944811504,20.189197063446045
BitcoinTransactions,18,161,143,0.9,0.5,4,0.05203525599732001,0.0,1.0,21.32370162010193
BitcoinTransactions,18,161,143,0.9,0.5,5,0.052466659776687734,0.006493506493506494,1.0,20.991990089416504
BitcoinTransactions,18,161,151,0.95,0.5,1,0.05203525599732001,0.0,1.0,21.100898265838623
BitcoinTransactions,18,161,151,0.95,0.5,2,0.052121902301079534,0.006329113924050633,1.0,21.034828901290894
BitcoinTransactions,18,161,151,0.95,0.5,3,0.05204177263831771,0.0,0.9997408990801917,20.484915256500244
BitcoinTransactions,18,161,151,0.95,0.5,4,0.05203525599732001,0.0,1.0,21.169281721115112
BitcoinTransactions,18,161,151,0.95,0.5,5,0.05179820443806051,0.0020833333333333333,0.9968907889623008,21.1892569065094
BitcoinTransactions,18,161,159,1,0.5,1,0.05203525599732001,0.0,1.0,21.07059907913208
BitcoinTransactions,18,161,159,1,0.5,2,0.05203525599732001,0.0,1.0,20.474550008773804
BitcoinTransactions,18,161,159,1,0.5,3,0.05204560302639916,0.006666666666666667,1.0,21.156455993652344
BitcoinTransactions,18,161,159,1,0.5,4,0.05203525599732001,0.0,1.0,21.13083839416504
BitcoinTransactions,18,161,159,1,0.5,5,0.05368626118397258,0.009433962264150943,1.0,20.771334886550903
BitcoinTransactions,19,616,0,0,,1,0.8419290277267291,0.0,0.021062775330396476,
BitcoinTransactions,19,616,0,0,,2,0.7998715465139405,0.0,0.0012389867841409693,
BitcoinTransactions,19,616,0,0,,3,0.8301089577715971,0.0013434841021047917,0.580534140969163,
BitcoinTransactions,19,616,0,0,,4,0.8887107411770465,0.0,0.010600220264317181,
BitcoinTransactions,19,616,0,0,,5,0.8144233265184768,0.0,0.002340308370044053,
BitcoinTransactions,19,616,7,0.01,0.5,1,0.05203525599732001,0.0,1.0,20.520525693893433
BitcoinTransactions,19,616,7,0.01,0.5,2,0.05200572417889151,0.0,0.9987610132158591,20.51115608215332
BitcoinTransactions,19,616,7,0.01,0.5,3,0.05203525599732001,0.0,1.0,20.53196144104004
BitcoinTransactions,19,616,7,0.01,0.5,4,0.05203525599732001,0.0,1.0,20.531332969665527
BitcoinTransactions,19,616,7,0.01,0.5,5,0.05203525599732001,0.0,1.0,20.501546144485474
BitcoinTransactions,19,616,34,0.05,0.5,1,0.052000049952489524,0.0,0.9994493392070485,20.507638216018677
BitcoinTransactions,19,616,34,0.05,0.5,2,0.05203525599732001,0.0,1.0,20.518901348114014
BitcoinTransactions,19,616,34,0.05,0.5,3,0.052013838877306345,0.0011001100110011,0.9977973568281938,20.52968955039978
BitcoinTransactions,19,616,34,0.05,0.5,4,0.054495682363085954,0.002898550724637681,1.0,20.229262351989746
BitcoinTransactions,19,616,34,0.05,0.5,5,0.05203525599732001,0.0,1.0,20.58710026741028
BitcoinTransactions,19,616,67,0.1,0.5,1,0.05203525599732001,0.0,1.0,20.563826084136963
BitcoinTransactions,19,616,67,0.1,0.5,2,0.05354927337578843,0.0010570824524312897,0.9998623348017621,20.426876544952393
BitcoinTransactions,19,616,67,0.1,0.5,3,0.05203525599732001,0.0,1.0,20.56940460205078
BitcoinTransactions,19,616,67,0.1,0.5,4,0.05203525599732001,0.0,1.0,20.553237676620483
BitcoinTransactions,19,616,67,0.1,0.5,5,0.05203525599732001,0.0,1.0,20.568562507629395
BitcoinTransactions,19,616,101,0.15,0.5,1,0.05203525599732001,0.0,1.0,20.56574535369873
BitcoinTransactions,19,616,101,0.15,0.5,2,0.05201977766942775,0.0,0.9991740088105727,20.549792766571045
BitcoinTransactions,19,616,101,0.15,0.5,3,0.05178498286388593,0.0,0.979487885462555,20.550841808319092
BitcoinTransactions,19,616,101,0.15,0.5,4,0.05203525599732001,0.0,1.0,20.561638116836548
BitcoinTransactions,19,616,101,0.15,0.5,5,0.05200548597866476,0.0,0.9995870044052864,20.583537101745605
BitcoinTransactions,19,616,134,0.2,0.5,1,0.05203525599732001,0.0,1.0,20.57057762145996
BitcoinTransactions,19,616,134,0.2,0.5,2,0.05203525599732001,0.0,1.0,20.530292987823486
BitcoinTransactions,19,616,134,0.2,0.5,3,0.05183618835876891,0.0016420361247947454,1.0,20.559871435165405
BitcoinTransactions,19,616,134,0.2,0.5,4,0.05210857857508633,0.0,0.9995870044052864,20.575483083724976
BitcoinTransactions,19,616,134,0.2,0.5,5,0.052032722742619185,0.0,0.9983480176211453,20.595144748687744
BitcoinTransactions,19,616,168,0.25,0.5,1,0.051955399425544835,0.0016313213703099511,1.0,20.596455812454224
BitcoinTransactions,19,616,168,0.25,0.5,2,0.05203525599732001,0.0,1.0,20.566290140151978
BitcoinTransactions,19,616,168,0.25,0.5,3,0.05217004054725333,0.0011799410029498525,0.9984856828193832,20.48916006088257
BitcoinTransactions,19,616,168,0.25,0.5,4,0.052012114713020335,0.0016260162601626016,1.0,20.55662250518799
BitcoinTransactions,19,616,168,0.25,0.5,5,0.05574508719907512,0.0021231422505307855,1.0,20.309741973876953
BitcoinTransactions,19,616,202,0.3,0.5,1,0.05203525599732001,0.0,1.0,20.56268310546875
BitcoinTransactions,19,616,202,0.3,0.5,2,0.05279306199794142,0.000819672131147541,0.9965583700440529,20.51525568962097
BitcoinTransactions,19,616,202,0.3,0.5,3,0.05203525599732001,0.0,1.0,20.555436372756958
BitcoinTransactions,19,616,202,0.3,0.5,4,0.0519892225080049,0.0,0.9987610132158591,20.582746982574463
BitcoinTransactions,19,616,202,0.3,0.5,5,0.052034402017157796,0.0008130081300813008,0.9998623348017621,20.561892986297607
BitcoinTransactions,19,616,235,0.35,0.5,1,0.05203525599732001,0.0,1.0,20.581528902053833
BitcoinTransactions,19,616,235,0.35,0.5,2,0.05201518352536258,0.0016260162601626016,1.0,20.612168312072754
BitcoinTransactions,19,616,235,0.35,0.5,3,0.05203525599732001,0.0,1.0,20.573625802993774
BitcoinTransactions,19,616,235,0.35,0.5,4,0.05203525599732001,0.0,1.0,20.58721661567688
BitcoinTransactions,19,616,235,0.35,0.5,5,0.05203525599732001,0.0,1.0,20.59237313270569
BitcoinTransactions,19,616,269,0.4,0.5,1,0.052247191197384385,0.0016420361247947454,1.0,20.57809567451477
BitcoinTransactions,19,616,269,0.4,0.5,2,0.05203525599732001,0.0,1.0,20.584367990493774
BitcoinTransactions,19,616,269,0.4,0.5,3,0.053484058948147485,0.0017543859649122807,1.0,20.398245811462402
BitcoinTransactions,19,616,269,0.4,0.5,4,0.05203525599732001,0.0,1.0,20.611461639404297
BitcoinTransactions,19,616,269,0.4,0.5,5,0.051847646307195565,0.001669449081803005,1.0,20.57093334197998
BitcoinTransactions,19,616,302,0.45,0.5,1,0.05203525599732001,0.0,1.0,20.59406018257141
BitcoinTransactions,19,616,302,0.45,0.5,2,0.05204724295187084,0.0,0.9998623348017621,20.579609870910645
BitcoinTransactions,19,616,302,0.45,0.5,3,0.05203525599732001,0.0,1.0,20.5793559551239
BitcoinTransactions,19,616,302,0.45,0.5,4,0.05694397948016805,0.0020387359836901123,0.9998623348017621,20.289849996566772
BitcoinTransactions,19,616,302,0.45,0.5,5,0.05203525599732001,0.0,1.0,20.578039407730103
BitcoinTransactions,19,616,336,0.5,0.5,1,0.05439907198649973,0.004166666666666667,1.0,20.18895721435547
BitcoinTransactions,19,616,336,0.5,0.5,2,0.0520504899568261,0.0,0.9998623348017621,20.595757484436035
BitcoinTransactions,19,616,336,0.5,0.5,3,0.05203525599732001,0.0,1.0,20.588217735290527
BitcoinTransactions,19,616,336,0.5,0.5,4,0.054550269396908026,0.002680965147453083,1.0,20.30347728729248
BitcoinTransactions,19,616,336,0.5,0.5,5,0.05203525599732001,0.0,1.0,20.605626106262207
BitcoinTransactions,19,616,370,0.55,0.5,1,0.05203525599732001,0.0,1.0,20.592776775360107
BitcoinTransactions,19,616,370,0.55,0.5,2,0.05203525599732001,0.0,1.0,20.587090015411377
BitcoinTransactions,19,616,370,0.55,0.5,3,0.05203525599732001,0.0,1.0,20.63281750679016
BitcoinTransactions,19,616,370,0.55,0.5,4,0.05203525599732001,0.0,1.0,20.62629199028015
BitcoinTransactions,19,616,370,0.55,0.5,5,0.051978333787220325,0.0,0.998898678414097,20.595590591430664
BitcoinTransactions,19,616,403,0.6,0.5,1,0.05159757951295534,0.0008183306055646482,0.9973843612334802,20.59992790222168
BitcoinTransactions,19,616,403,0.6,0.5,2,0.05203525599732001,0.0,1.0,20.615952968597412
BitcoinTransactions,19,616,403,0.6,0.5,3,0.051833890427291335,0.001692047377326565,1.0,20.52758526802063
BitcoinTransactions,19,616,403,0.6,0.5,4,0.05240518479670893,0.0,0.9975220264317181,20.561859846115112
BitcoinTransactions,19,616,403,0.6,0.5,5,0.05203525599732001,0.0,1.0,20.584462881088257
BitcoinTransactions,19,616,437,0.65,0.5,1,0.05197911246449652,0.0016260162601626016,1.0,20.596636056900024
BitcoinTransactions,19,616,437,0.65,0.5,2,0.05383299357117507,0.0016299918500407497,0.9954570484581498,20.322631359100342
BitcoinTransactions,19,616,437,0.65,0.5,3,0.05203525599732001,0.0,1.0,20.60719323158264
BitcoinTransactions,19,616,437,0.65,0.5,4,0.05204804029860193,0.0016366612111292963,1.0,20.53753972053528
BitcoinTransactions,19,616,437,0.65,0.5,5,0.05203525599732001,0.0,1.0,20.60200810432434
BitcoinTransactions,19,616,470,0.7,0.5,1,0.05172072866818641,0.0016366612111292963,1.0,20.630536794662476
BitcoinTransactions,19,616,470,0.7,0.5,2,0.05203525599732001,0.0,1.0,20.592548847198486
BitcoinTransactions,19,616,470,0.7,0.5,3,0.05217364614206505,0.0008169934640522876,0.9998623348017621,20.579549551010132
BitcoinTransactions,19,616,470,0.7,0.5,4,0.052081044376858336,0.0016313213703099511,1.0,20.602100133895874
BitcoinTransactions,19,616,470,0.7,0.5,5,0.052036459041722334,0.0,0.9980726872246696,20.616549015045166
BitcoinTransactions,19,616,504,0.75,0.5,1,0.05203525599732001,0.0,1.0,20.59415102005005
BitcoinTransactions,19,616,504,0.75,0.5,2,0.053846633438220486,0.0023752969121140144,1.0,20.328775882720947
BitcoinTransactions,19,616,504,0.75,0.5,3,0.05203525599732001,0.0,1.0,20.576857089996338
BitcoinTransactions,19,616,504,0.75,0.5,4,0.05166811685484325,0.000552791597567717,0.998898678414097,20.58254051208496
BitcoinTransactions,19,616,504,0.75,0.5,5,0.05203525599732001,0.0,1.0,20.6127769947052
BitcoinTransactions,19,616,538,0.8,0.5,1,0.05203635243943983,0.0,0.9998623348017621,20.58421802520752
BitcoinTransactions,19,616,538,0.8,0.5,2,0.05189616477989959,0.001135718341851221,0.9961453744493393,20.538813829421997
BitcoinTransactions,19,616,538,0.8,0.5,3,0.05203525599732001,0.0,1.0,20.59041142463684
BitcoinTransactions,19,616,538,0.8,0.5,4,0.051633097903343944,0.001644736842105263,1.0,20.59708070755005
BitcoinTransactions,19,616,538,0.8,0.5,5,0.05203525599732001,0.0,1.0,20.61464500427246
BitcoinTransactions,19,616,571,0.85,0.5,1,0.0520504899568261,0.0,0.9998623348017621,20.607971906661987
BitcoinTransactions,19,616,571,0.85,0.5,2,0.0533268624636464,0.0021231422505307855,1.0,20.36563992500305
BitcoinTransactions,19,616,571,0.85,0.5,3,0.05203525599732001,0.0,1.0,20.616333961486816
BitcoinTransactions,19,616,571,0.85,0.5,4,0.0518648511185921,0.0016313213703099511,1.0,20.55637502670288
BitcoinTransactions,19,616,571,0.85,0.5,5,0.055028953855322305,0.0030120481927710845,1.0,20.251967430114746
BitcoinTransactions,19,616,605,0.9,0.5,1,0.05203525599732001,0.0,1.0,20.563327312469482
BitcoinTransactions,19,616,605,0.9,0.5,2,0.05203525599732001,0.0,1.0,20.58353614807129
BitcoinTransactions,19,616,605,0.9,0.5,3,0.05203525599732001,0.0,1.0,20.563408374786377
BitcoinTransactions,19,616,605,0.9,0.5,4,0.05413440997747615,0.0019212295869356388,0.9994493392070485,20.179827451705933
BitcoinTransactions,19,616,605,0.9,0.5,5,0.05203525599732001,0.0,1.0,20.589680433273315
BitcoinTransactions,19,616,638,0.95,0.5,1,0.05162303476730665,0.001644736842105263,1.0,20.548590898513794
BitcoinTransactions,19,616,638,0.95,0.5,2,0.05145272517698105,0.0016611295681063123,1.0,20.564391136169434
BitcoinTransactions,19,616,638,0.95,0.5,3,0.05443736480605542,0.0024691358024691358,1.0,20.257822036743164
BitcoinTransactions,19,616,638,0.95,0.5,4,0.05203525599732001,0.0,1.0,20.556910276412964
BitcoinTransactions,19,616,638,0.95,0.5,5,0.05203525599732001,0.0,1.0,20.584587812423706
BitcoinTransactions,19,616,672,1,0.5,1,0.05203525599732001,0.0,1.0,20.552022218704224
BitcoinTransactions,19,616,672,1,0.5,2,0.0547243688616517,0.001913265306122449,0.9998623348017621,20.235347747802734
BitcoinTransactions,19,616,672,1,0.5,3,0.05203525599732001,0.0,1.0,20.57509708404541
BitcoinTransactions,19,616,672,1,0.5,4,0.05195258097175005,0.0016286644951140066,1.0,20.56696081161499
BitcoinTransactions,19,616,672,1,0.5,5,0.0520286819795334,0.0,0.9998623348017621,20.553291082382202
BitcoinTransactions,20,248,0,0,,1,0.9155029721718334,0.0,0.0010482180293501049,
BitcoinTransactions,20,248,0,0,,2,0.8114566590761999,0.0,0.0005241090146750524,
BitcoinTransactions,20,248,0,0,,3,0.8763228293813755,0.0,0.0006551362683438155,
BitcoinTransactions,20,248,0,0,,4,0.7309377062922271,0.0,0.00379979035639413,
BitcoinTransactions,20,248,0,0,,5,0.9093423438479006,0.0,0.0002620545073375262,
BitcoinTransactions,20,248,3,0.01,0.5,1,0.05197399434482115,0.0,0.9992138364779874,20.664350032806396
BitcoinTransactions,20,248,3,0.01,0.5,2,0.05203525599732001,0.0,1.0,20.56904625892639
BitcoinTransactions,20,248,3,0.01,0.5,3,0.05301491410388923,0.0049504950495049506,1.0,20.45438551902771
BitcoinTransactions,20,248,3,0.01,0.5,4,0.05203525599732001,0.0,1.0,20.512144088745117
BitcoinTransactions,20,248,3,0.01,0.5,5,0.05203525599732001,0.0,1.0,20.58634924888611
BitcoinTransactions,20,248,14,0.05,0.5,1,0.053798705329498965,0.005813953488372093,1.0,20.292981386184692
BitcoinTransactions,20,248,14,0.05,0.5,2,0.05203525599732001,0.0,1.0,20.5568630695343
BitcoinTransactions,20,248,14,0.05,0.5,3,0.05203525599732001,0.0,1.0,20.570696115493774
BitcoinTransactions,20,248,14,0.05,0.5,4,0.05203525599732001,0.0,1.0,20.630018949508667
BitcoinTransactions,20,248,14,0.05,0.5,5,0.05203525599732001,0.0,1.0,20.606063842773438
BitcoinTransactions,20,248,27,0.1,0.5,1,0.05203525599732001,0.0,1.0,20.637682914733887
BitcoinTransactions,20,248,27,0.1,0.5,2,0.05272871579907329,0.004291845493562232,1.0,20.450960397720337
BitcoinTransactions,20,248,27,0.1,0.5,3,0.05203525599732001,0.0,1.0,20.60411763191223
BitcoinTransactions,20,248,27,0.1,0.5,4,0.05204794348613071,0.0,0.9998689727463312,20.624006986618042
BitcoinTransactions,20,248,27,0.1,0.5,5,0.05201806034600293,0.0,0.9997379454926625,20.65497589111328
BitcoinTransactions,20,248,41,0.15,0.5,1,0.05203525599732001,0.0,1.0,20.64156436920166
BitcoinTransactions,20,248,41,0.15,0.5,2,0.05203525599732001,0.0,1.0,20.64641833305359
BitcoinTransactions,20,248,41,0.15,0.5,3,0.05203525599732001,0.0,1.0,20.655328512191772
BitcoinTransactions,20,248,41,0.15,0.5,4,0.051961774531162915,0.004081632653061225,1.0,20.653886795043945
BitcoinTransactions,20,248,41,0.15,0.5,5,0.05170606792994961,0.0,0.9882075471698113,20.64883017539978
BitcoinTransactions,20,248,55,0.2,0.5,1,0.05203525599732001,0.0,1.0,20.648487329483032
BitcoinTransactions,20,248,55,0.2,0.5,2,0.05445794871853668,0.00411522633744856,1.0,20.545952558517456
BitcoinTransactions,20,248,55,0.2,0.5,3,0.05203525599732001,0.0,1.0,20.650669813156128
BitcoinTransactions,20,248,55,0.2,0.5,4,0.05203525599732001,0.0,1.0,20.661625623703003
BitcoinTransactions,20,248,55,0.2,0.5,5,0.05203525599732001,0.0,1.0,20.676551818847656
BitcoinTransactions,20,248,68,0.25,0.5,1,0.053304490056686145,0.004672897196261682,1.0,20.467514514923096
BitcoinTransactions,20,248,68,0.25,0.5,2,0.05570256645423782,0.005988023952095809,1.0,20.23988389968872
BitcoinTransactions,20,248,68,0.25,0.5,3,0.05203525599732001,0.0,1.0,20.79363465309143
BitcoinTransactions,20,248,68,0.25,0.5,4,0.053598901174094334,0.006329113924050633,1.0,20.33165454864502
BitcoinTransactions,20,248,68,0.25,0.5,5,0.0520309976454024,0.0,0.9998689727463312,20.635860919952393
BitcoinTransactions,20,248,82,0.3,0.5,1,0.05203525599732001,0.0,1.0,20.663997888565063
BitcoinTransactions,20,248,82,0.3,0.5,2,0.05203525599732001,0.0,1.0,20.483665943145752
BitcoinTransactions,20,248,82,0.3,0.5,3,0.053607990214804245,0.007751937984496124,1.0,19.972830057144165
BitcoinTransactions,20,248,82,0.3,0.5,4,0.05203525599732001,0.0,1.0,20.565608978271484
BitcoinTransactions,20,248,82,0.3,0.5,5,0.0535857164525109,0.007692307692307693,1.0,19.949015617370605
BitcoinTransactions,20,248,96,0.35,0.5,1,0.05203525599732001,0.0,1.0,20.571594953536987
BitcoinTransactions,20,248,96,0.35,0.5,2,0.05498357784722872,0.0025,0.9988207547169812,20.28109359741211
BitcoinTransactions,20,248,96,0.35,0.5,3,0.05183372871925523,0.00411522633744856,1.0,20.421812772750854
BitcoinTransactions,20,248,96,0.35,0.5,4,0.05441853033726422,0.006993006993006993,1.0,20.13667058944702
BitcoinTransactions,20,248,96,0.35,0.5,5,0.05203525599732001,0.0,1.0,20.437085390090942
BitcoinTransactions,20,248,109,0.4,0.5,1,0.05357493418457846,0.004672897196261682,1.0,20.266467809677124
BitcoinTransactions,20,248,109,0.4,0.5,2,0.05150237581702966,0.0020325203252032522,0.9998689727463312,20.269106149673462
BitcoinTransactions,20,248,109,0.4,0.5,3,0.05203525599732001,0.0,1.0,20.601550579071045
BitcoinTransactions,20,248,109,0.4,0.5,4,0.05318104233626024,0.002325581395348837,0.9998689727463312,20.6407790184021
BitcoinTransactions,20,248,109,0.4,0.5,5,0.05203525599732001,0.0,1.0,20.781320095062256
BitcoinTransactions,20,248,123,0.45,0.5,1,0.05203525599732001,0.0,1.0,20.80997347831726
BitcoinTransactions,20,248,123,0.45,0.5,2,0.0518049110751709,0.0020920502092050207,0.9998689727463312,20.791616439819336
BitcoinTransactions,20,248,123,0.45,0.5,3,0.05203525599732001,0.0,1.0,20.812227725982666
BitcoinTransactions,20,248,123,0.45,0.5,4,0.052336059467810704,0.0040650406504065045,1.0,20.70145845413208
BitcoinTransactions,20,248,123,0.45,0.5,5,0.05203525599732001,0.0,1.0,20.835488080978394
BitcoinTransactions,20,248,136,0.5,0.5,1,0.05203525599732001,0.0,1.0,20.76763081550598
BitcoinTransactions,20,248,136,0.5,0.5,2,0.05202822120332798,0.0,0.9998689727463312,20.810962677001953
BitcoinTransactions,20,248,136,0.5,0.5,3,0.05203525599732001,0.0,1.0,20.752069234848022
BitcoinTransactions,20,248,136,0.5,0.5,4,0.05203525599732001,0.0,1.0,20.799137115478516
BitcoinTransactions,20,248,136,0.5,0.5,5,0.05203525599732001,0.0,1.0,20.778387784957886
BitcoinTransactions,20,248,150,0.55,0.5,1,0.05203525599732001,0.0,1.0,20.807725191116333
BitcoinTransactions,20,248,150,0.55,0.5,2,0.05203525599732001,0.0,1.0,20.81386160850525
BitcoinTransactions,20,248,150,0.55,0.5,3,0.05203525599732001,0.0,1.0,20.791675806045532
BitcoinTransactions,20,248,150,0.55,0.5,4,0.051994453211105886,0.004048582995951417,1.0,20.843035459518433
BitcoinTransactions,20,248,150,0.55,0.5,5,0.05203525599732001,0.0,1.0,20.788615703582764
BitcoinTransactions,20,248,164,0.6,0.5,1,0.052257031684995195,0.00411522633744856,1.0,20.544116735458374
BitcoinTransactions,20,248,164,0.6,0.5,2,0.052008681146873605,0.0,0.9993448637316562,20.593450784683228
BitcoinTransactions,20,248,164,0.6,0.5,3,0.05202582649201298,0.0,0.9988207547169812,20.560365915298462
BitcoinTransactions,20,248,164,0.6,0.5,4,0.05203525599732001,0.0,1.0,20.592352628707886
BitcoinTransactions,20,248,164,0.6,0.5,5,0.05203525599732001,0.0,1.0,20.579006910324097
BitcoinTransactions,20,248,177,0.65,0.5,1,0.05203525599732001,0.0,1.0,20.594040155410767
BitcoinTransactions,20,248,177,0.65,0.5,2,0.05203525599732001,0.0,1.0,20.609955072402954
BitcoinTransactions,20,248,177,0.65,0.5,3,0.05203525599732001,0.0,1.0,20.599974393844604
BitcoinTransactions,20,248,177,0.65,0.5,4,0.05203525599732001,0.0,1.0,20.6090350151062
BitcoinTransactions,20,248,177,0.65,0.5,5,0.05203525599732001,0.0,1.0,20.61897850036621
BitcoinTransactions,20,248,191,0.7,0.5,1,0.051859882951598595,0.0040650406504065045,1.0,20.59283423423767
BitcoinTransactions,20,248,191,0.7,0.5,2,0.05203525599732001,0.0,1.0,20.63900923728943
BitcoinTransactions,20,248,191,0.7,0.5,3,0.052035751054570145,0.0,0.9998689727463312,20.578412294387817
BitcoinTransactions,20,248,191,0.7,0.5,4,0.05203525599732001,0.0,1.0,20.65083909034729
BitcoinTransactions,20,248,191,0.7,0.5,5,0.05203525599732001,0.0,1.0,20.636823892593384
BitcoinTransactions,20,248,205,0.75,0.5,1,0.05411982570619785,0.005319148936170213,0.9943658280922432,20.392186880111694
BitcoinTransactions,20,248,205,0.75,0.5,2,0.05203525599732001,0.0,1.0,20.649372816085815
BitcoinTransactions,20,248,205,0.75,0.5,3,0.05283480099181394,0.004524886877828055,1.0,20.546419382095337
BitcoinTransactions,20,248,205,0.75,0.5,4,0.05436843419685826,0.006172839506172839,1.0,20.371838808059692
BitcoinTransactions,20,248,205,0.75,0.5,5,0.05203525599732001,0.0,1.0,20.67309856414795
BitcoinTransactions,20,248,218,0.8,0.5,1,0.05203525599732001,0.0,1.0,20.643656492233276
BitcoinTransactions,20,248,218,0.8,0.5,2,0.05203525599732001,0.0,1.0,20.654168605804443
BitcoinTransactions,20,248,218,0.8,0.5,3,0.0533578088924467,0.005952380952380952,1.0,20.329875707626343
BitcoinTransactions,20,248,218,0.8,0.5,4,0.05279878363575075,0.004098360655737705,1.0,20.59222412109375
BitcoinTransactions,20,248,218,0.8,0.5,5,0.05203525599732001,0.0,1.0,20.646833419799805
BitcoinTransactions,20,248,232,0.85,0.5,1,0.0520491540827604,0.0,0.9996069182389937,20.672405004501343
BitcoinTransactions,20,248,232,0.85,0.5,2,0.051997531147865914,0.004081632653061225,1.0,20.670509815216064
BitcoinTransactions,20,248,232,0.85,0.5,3,0.05201832288935484,0.0040650406504065045,1.0,20.509039878845215
BitcoinTransactions,20,248,232,0.85,0.5,4,0.05203525599732001,0.0,1.0,20.79375910758972
BitcoinTransactions,20,248,232,0.85,0.5,5,0.0520493251373277,0.004201680672268907,1.0,20.630250930786133
BitcoinTransactions,20,248,246,0.9,0.5,1,0.05272052506188081,0.0044444444444444444,1.0,20.577436685562134
BitcoinTransactions,20,248,246,0.9,0.5,2,0.052750858831059934,0.0044444444444444444,1.0,20.588155508041382
BitcoinTransactions,20,248,246,0.9,0.5,3,0.05203525599732001,0.0,1.0,20.660197019577026
BitcoinTransactions,20,248,246,0.9,0.5,4,0.05203525599732001,0.0,1.0,20.518895626068115
BitcoinTransactions,20,248,246,0.9,0.5,5,0.05192605982749372,0.0040650406504065045,1.0,20.781839847564697
BitcoinTransactions,20,248,259,0.95,0.5,1,0.05203525599732001,0.0,1.0,20.68636679649353
BitcoinTransactions,20,248,259,0.95,0.5,2,0.05203525599732001,0.0,1.0,20.6753568649292
BitcoinTransactions,20,248,259,0.95,0.5,3,0.05203525599732001,0.0,1.0,20.687278747558594
BitcoinTransactions,20,248,259,0.95,0.5,4,0.05203525599732001,0.0,1.0,20.669021606445312
BitcoinTransactions,20,248,259,0.95,0.5,5,0.05513819652094547,0.006369426751592357,1.0,20.35534906387329
BitcoinTransactions,20,248,273,1,0.5,1,0.05203525599732001,0.0,1.0,20.65855884552002
BitcoinTransactions,20,248,273,1,0.5,2,0.05203525599732001,0.0,1.0,20.701622247695923
BitcoinTransactions,20,248,273,1,0.5,3,0.05412567099749919,0.002849002849002849,0.9990828092243187,20.53883671760559
BitcoinTransactions,20,248,273,1,0.5,4,0.0520474022133546,0.0,0.9996069182389937,20.656493425369263
BitcoinTransactions,20,248,273,1,0.5,5,0.05382945765779309,0.0024509803921568627,0.9981656184486373,20.48332691192627
BitcoinTransactions,21,16,0,0,,1,0.8319660256746174,0.010416666666666666,0.10439979654120041,
BitcoinTransactions,21,16,0,0,,2,0.8437572827402392,0.014778325123152709,0.11762461851475076,
BitcoinTransactions,21,16,0,0,,3,0.8265284253013955,0.016666666666666666,0.1618769074262462,
BitcoinTransactions,21,16,0,0,,4,0.8527512871604029,0.015306122448979591,0.137970498474059,
BitcoinTransactions,21,16,0,0,,5,0.887858065356993,0.0,0.051119023397761955,
BitcoinTransactions,21,16,0,0.01,0.5,1,0.05203525599732001,0.0,1.0,20.628476858139038
BitcoinTransactions,21,16,0,0.01,0.5,2,0.052477258838669785,0.0,0.905264496439471,21.038721084594727
BitcoinTransactions,21,16,0,0.01,0.5,3,0.05203525599732001,0.0,1.0,20.999106645584106
BitcoinTransactions,21,16,0,0.01,0.5,4,0.05203277179249432,0.0,0.9975839267548321,21.072988033294678
BitcoinTransactions,21,16,0,0.01,0.5,5,0.05203525599732001,0.0,1.0,21.07385802268982
BitcoinTransactions,21,16,1,0.05,0.5,1,0.05358821463876987,0.0,0.7567395727365208,20.766961336135864
BitcoinTransactions,21,16,1,0.05,0.5,2,0.05203525599732001,0.0,1.0,21.01680874824524
BitcoinTransactions,21,16,1,0.05,0.5,3,0.05203525599732001,0.0,1.0,20.66999363899231
BitcoinTransactions,21,16,1,0.05,0.5,4,0.05203525599732001,0.0,1.0,20.652667999267578
BitcoinTransactions,21,16,1,0.05,0.5,5,0.0531620693813697,0.06666666666666667,1.0,20.251279830932617
BitcoinTransactions,21,16,2,0.1,0.5,1,0.05203525599732001,0.0,1.0,20.48721742630005
BitcoinTransactions,21,16,2,0.1,0.5,2,0.05203525599732001,0.0,1.0,20.483487367630005
BitcoinTransactions,21,16,2,0.1,0.5,3,0.05183652862790026,0.0,0.9955493387589013,20.487791776657104
BitcoinTransactions,21,16,2,0.1,0.5,4,0.05203525599732001,0.0,1.0,20.49019980430603
BitcoinTransactions,21,16,2,0.1,0.5,5,0.051677439582600716,0.0,0.9896998982706002,20.626006364822388
BitcoinTransactions,21,16,2,0.15,0.5,1,0.05203525599732001,0.0,1.0,20.660712957382202
BitcoinTransactions,21,16,2,0.15,0.5,2,0.05203525599732001,0.0,1.0,20.66859221458435
BitcoinTransactions,21,16,2,0.15,0.5,3,0.05203525599732001,0.0,1.0,20.61485528945923
BitcoinTransactions,21,16,2,0.15,0.5,4,0.05203657913219223,0.0,0.9997456765005086,20.666507720947266
BitcoinTransactions,21,16,2,0.15,0.5,5,0.05203525599732001,0.0,1.0,20.698758363723755
BitcoinTransactions,21,16,3,0.2,0.5,1,0.05203525599732001,0.0,1.0,20.606549739837646
BitcoinTransactions,21,16,3,0.2,0.5,2,0.05203525599732001,0.0,1.0,20.584429502487183
BitcoinTransactions,21,16,3,0.2,0.5,3,0.0518959398064728,0.0,0.9675737538148524,20.601592302322388
BitcoinTransactions,21,16,3,0.2,0.5,4,0.052015760625883124,0.07142857142857142,1.0,20.637085914611816
BitcoinTransactions,21,16,3,0.2,0.5,5,0.05195095889410305,0.0,0.9899542217700915,20.632039785385132
BitcoinTransactions,21,16,4,0.25,0.5,1,0.05203525599732001,0.0,1.0,20.600051641464233
BitcoinTransactions,21,16,4,0.25,0.5,2,0.05203525599732001,0.0,1.0,20.617189407348633
BitcoinTransactions,21,16,4,0.25,0.5,3,0.053226151400365074,0.06666666666666667,1.0,20.546789407730103
BitcoinTransactions,21,16,4,0.25,0.5,4,0.05184298297764911,0.06666666666666667,1.0,20.5644268989563
BitcoinTransactions,21,16,4,0.25,0.5,5,0.05203525599732001,0.0,1.0,20.68148970603943
BitcoinTransactions,21,16,4,0.3,0.5,1,0.052859010445514214,0.023809523809523808,0.9950406917599186,20.37498450279236
BitcoinTransactions,21,16,4,0.3,0.5,2,0.05203525599732001,0.0,1.0,20.61181092262268
BitcoinTransactions,21,16,4,0.3,0.5,3,0.05203525599732001,0.0,1.0,20.64932942390442
BitcoinTransactions,21,16,4,0.3,0.5,4,0.05199138838132481,0.0,0.9989827060020345,20.662368535995483
BitcoinTransactions,21,16,4,0.3,0.5,5,0.05203525599732001,0.0,1.0,20.55481481552124
BitcoinTransactions,21,16,5,0.35,0.5,1,0.05365766773906011,0.1,1.0,20.377749919891357
BitcoinTransactions,21,16,5,0.35,0.5,2,0.05203525599732001,0.0,1.0,20.620381355285645
BitcoinTransactions,21,16,5,0.35,0.5,3,0.05203525599732001,0.0,1.0,20.658151626586914
BitcoinTransactions,21,16,5,0.35,0.5,4,0.05203525599732001,0.0,1.0,20.570545434951782
BitcoinTransactions,21,16,5,0.35,0.5,5,0.05203525599732001,0.0,1.0,20.57583737373352
BitcoinTransactions,21,16,6,0.4,0.5,1,0.05203525599732001,0.0,1.0,20.589569568634033
BitcoinTransactions,21,16,6,0.4,0.5,2,0.052002746407572166,0.0,0.9951678535096643,20.567251682281494
BitcoinTransactions,21,16,6,0.4,0.5,3,0.05201685158652862,0.0,0.9994913530010173,20.59194254875183
BitcoinTransactions,21,16,6,0.4,0.5,4,0.05169403142532329,0.06666666666666667,1.0,20.426669120788574
BitcoinTransactions,21,16,6,0.4,0.5,5,0.05202113176846593,0.0,0.999618514750763,20.704185247421265
BitcoinTransactions,21,16,7,0.45,0.5,1,0.05203525599732001,0.0,1.0,20.562909364700317
BitcoinTransactions,21,16,7,0.45,0.5,2,0.05203381880761668,0.0,0.9998728382502543,20.57001042366028
BitcoinTransactions,21,16,7,0.45,0.5,3,0.05203525599732001,0.0,1.0,20.5649151802063
BitcoinTransactions,21,16,7,0.45,0.5,4,0.05502657129726107,0.07142857142857142,1.0,20.417100191116333
BitcoinTransactions,21,16,7,0.45,0.5,5,0.05167388668681539,0.05555555555555555,0.9903357070193286,20.509415864944458
BitcoinTransactions,21,16,8,0.5,0.5,1,0.05200809879213506,0.0,0.9991098677517802,20.560940504074097
BitcoinTransactions,21,16,8,0.5,0.5,2,0.05203525599732001,0.0,1.0,20.58860945701599
BitcoinTransactions,21,16,8,0.5,0.5,3,0.05203525599732001,0.0,1.0,20.521262884140015
BitcoinTransactions,21,16,8,0.5,0.5,4,0.05203525599732001,0.0,1.0,20.566036224365234
BitcoinTransactions,21,16,8,0.5,0.5,5,0.05383157945264248,0.047619047619047616,0.996439471007121,20.28386902809143
BitcoinTransactions,21,16,8,0.55,0.5,1,0.05203525599732001,0.0,1.0,20.585995197296143
BitcoinTransactions,21,16,8,0.55,0.5,2,0.054168130645936105,0.03571428571428571,0.9989827060020345,20.272969484329224
BitcoinTransactions,21,16,8,0.55,0.5,3,0.05203525599732001,0.0,1.0,20.537195682525635
BitcoinTransactions,21,16,8,0.55,0.5,4,0.05221008897733237,0.0,0.9927517802644964,20.529424905776978
BitcoinTransactions,21,16,8,0.55,0.5,5,0.05203525599732001,0.0,1.0,20.51999306678772
BitcoinTransactions,21,16,9,0.6,0.5,1,0.052582532799286937,0.022222222222222223,0.987410986775178,20.5184543132782
BitcoinTransactions,21,16,9,0.6,0.5,2,0.05203525599732001,0.0,1.0,20.52342963218689
BitcoinTransactions,21,16,9,0.6,0.5,3,0.05514683006679797,0.08333333333333333,1.0,20.219590187072754
BitcoinTransactions,21,16,9,0.6,0.5,4,0.0520252962567844,0.0,0.9989827060020345,20.57209587097168
BitcoinTransactions,21,16,9,0.6,0.5,5,0.05203525599732001,0.0,1.0,20.59021019935608
BitcoinTransactions,21,16,10,0.65,0.5,1,0.0520100918690883,0.0,0.9986012207527976,20.5672926902771
BitcoinTransactions,21,16,10,0.65,0.5,2,0.05203525599732001,0.0,1.0,20.573854446411133
BitcoinTransactions,21,16,10,0.65,0.5,3,0.054767937071422856,0.05555555555555555,0.9982197355035606,20.159647941589355
BitcoinTransactions,21,16,10,0.65,0.5,4,0.05204761288275639,0.0,0.9983468972533062,20.738842248916626
BitcoinTransactions,21,16,10,0.65,0.5,5,0.05198098127407949,0.0,0.9937690742624619,20.58815598487854
BitcoinTransactions,21,16,10,0.7,0.5,1,0.05198666050780804,0.0,0.9987283825025433,20.5779025554657
BitcoinTransactions,21,16,10,0.7,0.5,2,0.05203525599732001,0.0,1.0,20.582508325576782
BitcoinTransactions,21,16,10,0.7,0.5,3,0.05203525599732001,0.0,1.0,20.587042808532715
BitcoinTransactions,21,16,10,0.7,0.5,4,0.05203525599732001,0.0,1.0,20.386916875839233
BitcoinTransactions,21,16,10,0.7,0.5,5,0.05203525599732001,0.0,1.0,20.37878942489624
BitcoinTransactions,21,16,11,0.75,0.5,1,0.05203525599732001,0.0,1.0,20.34192419052124
BitcoinTransactions,21,16,11,0.75,0.5,2,0.05203525599732001,0.0,1.0,20.378663063049316
BitcoinTransactions,21,16,11,0.75,0.5,3,0.05203525599732001,0.0,1.0,20.39045286178589
BitcoinTransactions,21,16,11,0.75,0.5,4,0.051563272112038,0.03571428571428571,0.9933875890132248,20.356964826583862
BitcoinTransactions,21,16,11,0.75,0.5,5,0.05145810032643902,0.07142857142857142,1.0,20.47057294845581
BitcoinTransactions,21,16,12,0.8,0.5,1,0.05203525599732001,0.0,1.0,20.541708946228027
BitcoinTransactions,21,16,12,0.8,0.5,2,0.052037492688622324,0.0,0.9997456765005086,20.548795461654663
BitcoinTransactions,21,16,12,0.8,0.5,3,0.05203525599732001,0.0,1.0,20.529605388641357
BitcoinTransactions,21,16,12,0.8,0.5,4,0.05380968296977023,0.09523809523809523,0.9867751780264497,20.161382913589478
BitcoinTransactions,21,16,12,0.8,0.5,5,0.05203525599732001,0.0,1.0,20.5503568649292
BitcoinTransactions,21,16,13,0.85,0.5,1,0.05203525599732001,0.0,1.0,20.548160552978516
BitcoinTransactions,21,16,13,0.85,0.5,2,0.05203525599732001,0.0,1.0,20.549697875976562
BitcoinTransactions,21,16,13,0.85,0.5,3,0.05203525599732001,0.0,1.0,20.542106866836548
BitcoinTransactions,21,16,13,0.85,0.5,4,0.05173350453380032,0.0,0.9910986775178027,20.523865699768066
BitcoinTransactions,21,16,13,0.85,0.5,5,0.05203525599732001,0.0,1.0,20.54587960243225
BitcoinTransactions,21,16,14,0.9,0.5,1,0.05214103129052997,0.0,0.9984740590030519,20.542298078536987
BitcoinTransactions,21,16,14,0.9,0.5,2,0.05203635243943983,0.0,0.9998728382502543,20.532057523727417
BitcoinTransactions,21,16,14,0.9,0.5,3,0.052451350846739596,0.06666666666666667,1.0,20.41614866256714
BitcoinTransactions,21,16,14,0.9,0.5,4,0.05203525599732001,0.0,1.0,20.508371114730835
BitcoinTransactions,21,16,14,0.9,0.5,5,0.05353137650857713,0.1111111111111111,1.0,20.27067279815674
BitcoinTransactions,21,16,14,0.95,0.5,1,0.055300884538404656,0.08571428571428572,0.998855544252289,20.189429759979248
BitcoinTransactions,21,16,14,0.95,0.5,2,0.05203525599732001,0.0,1.0,20.51160502433777
BitcoinTransactions,21,16,14,0.95,0.5,3,0.05203525599732001,0.0,1.0,20.500519514083862
BitcoinTransactions,21,16,14,0.95,0.5,4,0.0529491189001918,0.09090909090909091,1.0,20.19386649131775
BitcoinTransactions,21,16,14,0.95,0.5,5,0.05203525599732001,0.0,1.0,20.507874011993408
BitcoinTransactions,21,16,15,1,0.5,1,0.05201543701599028,0.0,0.998855544252289,20.507538080215454
BitcoinTransactions,21,16,15,1,0.5,2,0.05203525599732001,0.0,1.0,20.477823495864868
BitcoinTransactions,21,16,15,1,0.5,3,0.05203525599732001,0.0,1.0,20.6974937915802
BitcoinTransactions,21,16,15,1,0.5,4,0.05291951417148701,0.023809523809523808,0.9993641912512716,20.421963214874268
BitcoinTransactions,21,16,15,1,0.5,5,0.05203525599732001,0.0,1.0,20.49478769302368
BitcoinTransactions,22,362,0,0,,1,0.9075785428307778,0.0,0.0,
BitcoinTransactions,22,362,0,0,,2,0.8866414635556704,0.0,0.00186219739292365,
BitcoinTransactions,22,362,0,0,,3,0.9221624194168613,0.0,0.00013301409949454643,
BitcoinTransactions,22,362,0,0,,4,0.9084402155878789,0.0,0.00026602819898909286,
BitcoinTransactions,22,362,0,0,,5,0.8101691460923933,0.0,0.00026602819898909286,
BitcoinTransactions,22,362,4,0.01,0.5,1,0.05636674056697103,0.0024271844660194173,0.9978717744080873,19.975037574768066
BitcoinTransactions,22,362,4,0.01,0.5,2,0.05203525599732001,0.0,1.0,20.336339473724365
BitcoinTransactions,22,362,4,0.01,0.5,3,0.05203525599732001,0.0,1.0,20.30946636199951
BitcoinTransactions,22,362,4,0.01,0.5,4,0.05205141559741719,0.0009233610341643582,0.9996009577015164,20.27326774597168
BitcoinTransactions,22,362,4,0.01,0.5,5,0.05374618662000487,0.005494505494505495,1.0,20.715309858322144
BitcoinTransactions,22,362,19,0.05,0.5,1,0.05203525599732001,0.0,1.0,20.881956100463867
BitcoinTransactions,22,362,19,0.05,0.5,2,0.05202955962578737,0.0,0.9997339718010109,22.981193780899048
BitcoinTransactions,22,362,19,0.05,0.5,3,0.05203525599732001,0.0,1.0,21.033543825149536
BitcoinTransactions,22,362,19,0.05,0.5,4,0.05206370343003243,0.0,0.9996009577015164,20.87015199661255
BitcoinTransactions,22,362,19,0.05,0.5,5,0.05203525599732001,0.0,1.0,21.171727418899536
BitcoinTransactions,22,362,38,0.1,0.5,1,0.05203525599732001,0.0,1.0,20.860520839691162
BitcoinTransactions,22,362,38,0.1,0.5,2,0.05203330488408424,0.0,0.9997339718010109,20.88709044456482
BitcoinTransactions,22,362,38,0.1,0.5,3,0.05203525599732001,0.0,1.0,20.92342495918274
BitcoinTransactions,22,362,38,0.1,0.5,4,0.05184285228522759,0.002793296089385475,1.0,20.848186016082764
BitcoinTransactions,22,362,38,0.1,0.5,5,0.052995943808521725,0.0028653295128939827,1.0,20.95580792427063
BitcoinTransactions,22,362,57,0.15,0.5,1,0.05203525599732001,0.0,1.0,20.934232711791992
BitcoinTransactions,22,362,57,0.15,0.5,2,0.05203525599732001,0.0,1.0,21.12428879737854
BitcoinTransactions,22,362,57,0.15,0.5,3,0.054820717857445654,0.004,1.0,20.748400688171387
BitcoinTransactions,22,362,57,0.15,0.5,4,0.05203525599732001,0.0,1.0,21.04790210723877
BitcoinTransactions,22,362,57,0.15,0.5,5,0.05491104266566155,0.002688172043010753,0.9998669859005055,20.130398750305176
BitcoinTransactions,22,362,76,0.2,0.5,1,0.05324494873055023,0.003436426116838488,1.0,20.129462003707886
BitcoinTransactions,22,362,76,0.2,0.5,2,0.05188947251112546,0.002785515320334262,1.0,21.129859447479248
BitcoinTransactions,22,362,76,0.2,0.5,3,0.05203525599732001,0.0,1.0,20.9368679523468
BitcoinTransactions,22,362,76,0.2,0.5,4,0.05203525599732001,0.0,1.0,21.044249057769775
BitcoinTransactions,22,362,76,0.2,0.5,5,0.05203525599732001,0.0,1.0,21.066454648971558
BitcoinTransactions,22,362,95,0.25,0.5,1,0.052104588933240506,0.0,0.9957435488161746,20.384267568588257
BitcoinTransactions,22,362,95,0.25,0.5,2,0.05347396864982776,0.0016666666666666668,0.9994679436020218,20.727525234222412
BitcoinTransactions,22,362,95,0.25,0.5,3,0.05203525599732001,0.0,1.0,20.8936767578125
BitcoinTransactions,22,362,95,0.25,0.5,4,0.05203525599732001,0.0,1.0,21.120246648788452
BitcoinTransactions,22,362,95,0.25,0.5,5,0.05203525599732001,0.0,1.0,20.982914686203003
BitcoinTransactions,22,362,114,0.3,0.5,1,0.05203525599732001,0.0,1.0,21.020257711410522
BitcoinTransactions,22,362,114,0.3,0.5,2,0.05203525599732001,0.0,1.0,20.39749503135681
BitcoinTransactions,22,362,114,0.3,0.5,3,0.05609190466224891,0.006993006993006993,1.0,20.633553981781006
BitcoinTransactions,22,362,114,0.3,0.5,4,0.05432914239644645,0.0024968789013732834,0.9994679436020218,20.753965139389038
BitcoinTransactions,22,362,114,0.3,0.5,5,0.054825674961906344,0.004166666666666667,1.0,20.804068326950073
BitcoinTransactions,22,362,133,0.35,0.5,1,0.05203525599732001,0.0,1.0,20.964212656021118
BitcoinTransactions,22,362,133,0.35,0.5,2,0.05203525599732001,0.0,1.0,21.03124499320984
BitcoinTransactions,22,362,133,0.35,0.5,3,0.053178833770761935,0.0015384615384615385,0.9982708167065709,20.26987338066101
BitcoinTransactions,22,362,133,0.35,0.5,4,0.05203525599732001,0.0,1.0,21.096640825271606
BitcoinTransactions,22,362,133,0.35,0.5,5,0.05203525599732001,0.0,1.0,20.96407175064087
BitcoinTransactions,22,362,152,0.4,0.5,1,0.052039122808437886,0.002770083102493075,1.0,20.99692678451538
BitcoinTransactions,22,362,152,0.4,0.5,2,0.05203525599732001,0.0,1.0,20.92104744911194
BitcoinTransactions,22,362,152,0.4,0.5,3,0.0519416362885528,0.0,0.9980047885075818,21.195677518844604
BitcoinTransactions,22,362,152,0.4,0.5,4,0.05203525599732001,0.0,1.0,21.81516981124878
BitcoinTransactions,22,362,152,0.4,0.5,5,0.05203525599732001,0.0,1.0,21.13603901863098
BitcoinTransactions,22,362,171,0.45,0.5,1,0.052023299510484754,0.0013850415512465374,0.9997339718010109,21.001399278640747
BitcoinTransactions,22,362,171,0.45,0.5,2,0.05203525599732001,0.0,1.0,21.154464721679688
BitcoinTransactions,22,362,171,0.45,0.5,3,0.05198953683236762,0.002793296089385475,1.0,21.038315534591675
BitcoinTransactions,22,362,171,0.45,0.5,4,0.05203525599732001,0.0,1.0,21.085290908813477
BitcoinTransactions,22,362,171,0.45,0.5,5,0.05203525599732001,0.0,1.0,21.842244863510132
BitcoinTransactions,22,362,190,0.5,0.5,1,0.05207390097302791,0.002857142857142857,1.0,21.264716148376465
BitcoinTransactions,22,362,190,0.5,0.5,2,0.053311877847037954,0.0035211267605633804,1.0,20.9680278301239
BitcoinTransactions,22,362,190,0.5,0.5,3,0.05204834676226368,0.0,0.9998669859005055,21.068369150161743
BitcoinTransactions,22,362,190,0.5,0.5,4,0.055224048633371506,0.005494505494505495,1.0,20.718712329864502
BitcoinTransactions,22,362,190,0.5,0.5,5,0.05203525599732001,0.0,1.0,21.150600910186768
BitcoinTransactions,22,362,210,0.55,0.5,1,0.051867640735335084,0.002777777777777778,1.0,21.123843908309937
BitcoinTransactions,22,362,210,0.55,0.5,2,0.05203525599732001,0.0,1.0,21.1875216960907
BitcoinTransactions,22,362,210,0.55,0.5,3,0.05203525599732001,0.0,1.0,21.187272548675537
BitcoinTransactions,22,362,210,0.55,0.5,4,0.054804244966677934,0.002688172043010753,0.9992019154030327,20.83045196533203
BitcoinTransactions,22,362,210,0.55,0.5,5,0.05203525599732001,0.0,1.0,20.735424041748047
BitcoinTransactions,22,362,229,0.6,0.5,1,0.05203525599732001,0.0,1.0,20.75532841682434
BitcoinTransactions,22,362,229,0.6,0.5,2,0.05203525599732001,0.0,1.0,21.365841388702393
BitcoinTransactions,22,362,229,0.6,0.5,3,0.05203525599732001,0.0,1.0,21.287206172943115
BitcoinTransactions,22,362,229,0.6,0.5,4,0.05203575105457013,0.0,0.9998669859005055,21.435932159423828
BitcoinTransactions,22,362,229,0.6,0.5,5,0.05349208617386416,0.0032258064516129032,1.0,21.21871781349182
BitcoinTransactions,22,362,248,0.65,0.5,1,0.05180606595000363,0.002824858757062147,1.0,21.411826610565186
BitcoinTransactions,22,362,248,0.65,0.5,2,0.052130253666978245,0.0,0.9993349295025272,21.40494990348816
BitcoinTransactions,22,362,248,0.65,0.5,3,0.05203525599732001,0.0,1.0,21.275073289871216
BitcoinTransactions,22,362,248,0.65,0.5,4,0.051728080995476065,0.001392757660167131,0.9998669859005055,20.716782093048096
BitcoinTransactions,22,362,248,0.65,0.5,5,0.05203525599732001,0.0,1.0,20.74484634399414
BitcoinTransactions,22,362,267,0.7,0.5,1,0.05187573931626323,0.0,0.9948124501197126,21.425158739089966
BitcoinTransactions,22,362,267,0.7,0.5,2,0.05203525599732001,0.0,1.0,21.28983449935913
BitcoinTransactions,22,362,267,0.7,0.5,3,0.05203525599732001,0.0,1.0,21.316360473632812
BitcoinTransactions,22,362,267,0.7,0.5,4,0.05203525599732001,0.0,1.0,21.98551630973816
BitcoinTransactions,22,362,267,0.7,0.5,5,0.05203525599732001,0.0,1.0,21.120798349380493
BitcoinTransactions,22,362,286,0.75,0.5,1,0.05203525599732001,0.0,1.0,21.001711130142212
BitcoinTransactions,22,362,286,0.75,0.5,2,0.05203525599732001,0.0,1.0,21.10874342918396
BitcoinTransactions,22,362,286,0.75,0.5,3,0.05340612026578955,0.0023923444976076554,0.9957435488161746,20.73600721359253
BitcoinTransactions,22,362,286,0.75,0.5,4,0.05366687247054826,0.0031746031746031746,1.0,20.919594526290894
BitcoinTransactions,22,362,286,0.75,0.5,5,0.05203525599732001,0.0,1.0,21.695188999176025
BitcoinTransactions,22,362,305,0.8,0.5,1,0.05200440972998961,0.000925925925925926,0.9990689013035382,21.025431871414185
BitcoinTransactions,22,362,305,0.8,0.5,2,0.05203525599732001,0.0,1.0,21.0512113571167
BitcoinTransactions,22,362,305,0.8,0.5,3,0.0517135176146216,0.001392757660167131,0.9978717744080873,20.98462462425232
BitcoinTransactions,22,362,305,0.8,0.5,4,0.05203525599732001,0.0,1.0,21.008848905563354
BitcoinTransactions,22,362,305,0.8,0.5,5,0.053803845161429394,0.0032258064516129032,1.0,21.669011116027832
BitcoinTransactions,22,362,324,0.85,0.5,1,0.05170188259078647,0.002777777777777778,1.0,20.531447410583496
BitcoinTransactions,22,362,324,0.85,0.5,2,0.053131902001825285,0.0037174721189591076,1.0,20.703675508499146
BitcoinTransactions,22,362,324,0.85,0.5,3,0.05203525599732001,0.0,1.0,20.959733724594116
BitcoinTransactions,22,362,324,0.85,0.5,4,0.05204258659332392,0.0,0.9994679436020218,21.01703143119812
BitcoinTransactions,22,362,324,0.85,0.5,5,0.0519870523911146,0.0,0.9994679436020218,20.599180698394775
BitcoinTransactions,22,362,343,0.9,0.5,1,0.053970308864321026,0.00510204081632653,1.0,20.23918342590332
BitcoinTransactions,22,362,343,0.9,0.5,2,0.05203525599732001,0.0,1.0,20.60251522064209
BitcoinTransactions,22,362,343,0.9,0.5,3,0.05415935130150828,0.004,1.0,20.297592163085938
BitcoinTransactions,22,362,343,0.9,0.5,4,0.051724866199786765,0.0028653295128939827,1.0,20.546428203582764
BitcoinTransactions,22,362,343,0.9,0.5,5,0.05445838710253008,0.004329004329004329,1.0,20.2987220287323
BitcoinTransactions,22,362,362,0.95,0.5,1,0.05179190304939187,0.002777777777777778,1.0,20.57076597213745
BitcoinTransactions,22,362,362,0.95,0.5,2,0.05203525599732001,0.0,1.0,20.603804111480713
BitcoinTransactions,22,362,362,0.95,0.5,3,0.05324212412338416,0.0015105740181268882,0.9990689013035382,20.42612099647522
BitcoinTransactions,22,362,362,0.95,0.5,4,0.05203525599732001,0.0,1.0,20.598777770996094
BitcoinTransactions,22,362,362,0.95,0.5,5,0.05203525599732001,0.0,1.0,20.596104621887207
BitcoinTransactions,22,362,381,1,0.5,1,0.05203525599732001,0.0,1.0,20.58635711669922
BitcoinTransactions,22,362,381,1,0.5,2,0.05203525599732001,0.0,1.0,20.647510051727295
BitcoinTransactions,22,362,381,1,0.5,3,0.05203525599732001,0.0,1.0,20.582629919052124
BitcoinTransactions,22,362,381,1,0.5,4,0.05203525599732001,0.0,1.0,20.545820474624634
BitcoinTransactions,22,362,381,1,0.5,5,0.05204315337063011,0.0,0.9998669859005055,21.308971881866455
BitcoinTransactions,23,192,0,0,,1,0.914018957082055,0.0,0.001951092611862643,
BitcoinTransactions,23,192,0,0,,2,0.8363435627224906,0.0,0.001951092611862643,
BitcoinTransactions,23,192,0,0,,3,0.8174331799507614,0.0,0.0009105098855359001,
BitcoinTransactions,23,192,0,0,,4,0.8809324133093017,0.0,0.006113423517169615,
BitcoinTransactions,23,192,0,0,,5,0.8636725638068883,0.0,0.004292403746097815,
BitcoinTransactions,23,192,2,0.01,0.5,1,0.05203525599732001,0.0,1.0,20.533730268478394
BitcoinTransactions,23,192,2,0.01,0.5,2,0.05203525599732001,0.0,1.0,20.556018352508545
BitcoinTransactions,23,192,2,0.01,0.5,3,0.05194995296800973,0.0,0.9988293444328824,20.54476046562195
BitcoinTransactions,23,192,2,0.01,0.5,4,0.052081835754581036,0.0,0.9976586888657648,20.560983419418335
BitcoinTransactions,23,192,2,0.01,0.5,5,0.05203525599732001,0.0,1.0,20.569921016693115
BitcoinTransactions,23,192,10,0.05,0.5,1,0.05203525599732001,0.0,1.0,20.522961616516113
BitcoinTransactions,23,192,10,0.05,0.5,2,0.053127202783774675,0.009615384615384616,1.0,20.236878871917725
BitcoinTransactions,23,192,10,0.05,0.5,3,0.05203525599732001,0.0,1.0,20.516114473342896
BitcoinTransactions,23,192,10,0.05,0.5,4,0.05203525599732001,0.0,1.0,20.510892629623413
BitcoinTransactions,23,192,10,0.05,0.5,5,0.051980649697564704,0.005263157894736842,1.0,20.5043306350708
BitcoinTransactions,23,192,19,0.1,0.5,1,0.05203525599732001,0.0,1.0,20.551482439041138
BitcoinTransactions,23,192,19,0.1,0.5,2,0.05199750578205351,0.0,0.9990894901144641,20.52131700515747
BitcoinTransactions,23,192,19,0.1,0.5,3,0.05203525599732001,0.0,1.0,20.525140523910522
BitcoinTransactions,23,192,19,0.1,0.5,4,0.05203525599732001,0.0,1.0,20.5423641204834
BitcoinTransactions,23,192,19,0.1,0.5,5,0.05203525599732001,0.0,1.0,20.50999093055725
BitcoinTransactions,23,192,29,0.15,0.5,1,0.05358072399744342,0.009523809523809525,1.0,20.168556451797485
BitcoinTransactions,23,192,29,0.15,0.5,2,0.052392469360773915,0.005263157894736842,1.0,20.481470346450806
BitcoinTransactions,23,192,29,0.15,0.5,3,0.05203525599732001,0.0,1.0,20.539185523986816
BitcoinTransactions,23,192,29,0.15,0.5,4,0.05202822120332799,0.0,0.9998699271592092,20.550232887268066
BitcoinTransactions,23,192,29,0.15,0.5,5,0.052030997645402415,0.0,0.9998699271592092,20.530364990234375
BitcoinTransactions,23,192,39,0.2,0.5,1,0.05203525599732001,0.0,1.0,20.506237030029297
BitcoinTransactions,23,192,39,0.2,0.5,2,0.05203525599732001,0.0,1.0,20.58085346221924
BitcoinTransactions,23,192,39,0.2,0.5,3,0.05203525599732001,0.0,1.0,20.621854305267334
BitcoinTransactions,23,192,39,0.2,0.5,4,0.05203525599732001,0.0,1.0,20.6442973613739
BitcoinTransactions,23,192,39,0.2,0.5,5,0.05203525599732001,0.0,1.0,20.608200311660767
BitcoinTransactions,23,192,48,0.25,0.5,1,0.05372784121518867,0.00546448087431694,0.9910249739854319,20.30730628967285
BitcoinTransactions,23,192,48,0.25,0.5,2,0.05203525599732001,0.0,1.0,20.61653232574463
BitcoinTransactions,23,192,48,0.25,0.5,3,0.05203525599732001,0.0,1.0,20.64470076560974
BitcoinTransactions,23,192,48,0.25,0.5,4,0.05203525599732001,0.0,1.0,20.58894681930542
BitcoinTransactions,23,192,48,0.25,0.5,5,0.05205336676592585,0.005376344086021506,1.0,20.52018404006958
BitcoinTransactions,23,192,58,0.3,0.5,1,0.05390217623190605,0.005917159763313609,1.0,20.389262676239014
BitcoinTransactions,23,192,58,0.3,0.5,2,0.0535542614136721,0.009259259259259259,1.0,20.32454514503479
BitcoinTransactions,23,192,58,0.3,0.5,3,0.05203525599732001,0.0,1.0,20.587682247161865
BitcoinTransactions,23,192,58,0.3,0.5,4,0.052379992267036386,0.005405405405405406,1.0,20.524507761001587
BitcoinTransactions,23,192,58,0.3,0.5,5,0.05203525599732001,0.0,1.0,20.625765800476074
BitcoinTransactions,23,192,68,0.35,0.5,1,0.051405295975777886,0.003766478342749529,0.9899843912591051,20.554194927215576
BitcoinTransactions,23,192,68,0.35,0.5,2,0.05203525599732001,0.0,1.0,20.64967656135559
BitcoinTransactions,23,192,68,0.35,0.5,3,0.05330989811013548,0.007462686567164179,1.0,20.428230047225952
BitcoinTransactions,23,192,68,0.35,0.5,4,0.05203525599732001,0.0,1.0,20.6787850856781
BitcoinTransactions,23,192,68,0.35,0.5,5,0.05203525599732001,0.0,1.0,20.673234224319458
BitcoinTransactions,23,192,78,0.4,0.5,1,0.054247288775549816,0.007751937984496124,1.0,20.379283666610718
BitcoinTransactions,23,192,78,0.4,0.5,2,0.05203525599732001,0.0,1.0,20.680824041366577
BitcoinTransactions,23,192,78,0.4,0.5,3,0.05203525599732001,0.0,1.0,20.64839267730713
BitcoinTransactions,23,192,78,0.4,0.5,4,0.05203525599732001,0.0,1.0,20.655272006988525
BitcoinTransactions,23,192,78,0.4,0.5,5,0.052151192214192295,0.0,0.997528616024974,20.617255926132202
BitcoinTransactions,23,192,87,0.45,0.5,1,0.05203525599732001,0.0,1.0,20.633755683898926
BitcoinTransactions,23,192,87,0.45,0.5,2,0.05203525599732001,0.0,1.0,20.63000726699829
BitcoinTransactions,23,192,87,0.45,0.5,3,0.05203525599732001,0.0,1.0,20.69120502471924
BitcoinTransactions,23,192,87,0.45,0.5,4,0.052032366787006734,0.0,0.9998699271592092,20.610907554626465
BitcoinTransactions,23,192,87,0.45,0.5,5,0.05203525599732001,0.0,1.0,20.656835079193115
BitcoinTransactions,23,192,97,0.5,0.5,1,0.05203525599732001,0.0,1.0,20.627065181732178
BitcoinTransactions,23,192,97,0.5,0.5,2,0.05203525599732001,0.0,1.0,20.506543159484863
BitcoinTransactions,23,192,97,0.5,0.5,3,0.05201582313998416,0.0,0.9979188345473465,20.497113704681396
BitcoinTransactions,23,192,97,0.5,0.5,4,0.053670323831415984,0.006993006993006993,1.0,20.375059127807617
BitcoinTransactions,23,192,97,0.5,0.5,5,0.05203525599732001,0.0,1.0,20.531189918518066
BitcoinTransactions,23,192,107,0.55,0.5,1,0.05203525599732001,0.0,1.0,20.473355531692505
BitcoinTransactions,23,192,107,0.55,0.5,2,0.05202638370574536,0.0,0.9998699271592092,20.577121257781982
BitcoinTransactions,23,192,107,0.55,0.5,3,0.0520286819795334,0.0,0.9998699271592092,20.591208696365356
BitcoinTransactions,23,192,107,0.55,0.5,4,0.05345475383514218,0.00641025641025641,1.0,20.42533802986145
BitcoinTransactions,23,192,107,0.55,0.5,5,0.05203525599732001,0.0,1.0,20.6724910736084
BitcoinTransactions,23,192,116,0.6,0.5,1,0.05203525599732001,0.0,1.0,20.67113494873047
BitcoinTransactions,23,192,116,0.6,0.5,2,0.05202285683936306,0.005263157894736842,1.0,20.628822565078735
BitcoinTransactions,23,192,116,0.6,0.5,3,0.05203525599732001,0.0,1.0,20.654887914657593
BitcoinTransactions,23,192,116,0.6,0.5,4,0.05203525599732001,0.0,1.0,20.59774947166443
BitcoinTransactions,23,192,116,0.6,0.5,5,0.05203525599732001,0.0,1.0,20.61234426498413
BitcoinTransactions,23,192,126,0.65,0.5,1,0.05203525599732001,0.0,1.0,20.609695196151733
BitcoinTransactions,23,192,126,0.65,0.5,2,0.05203525599732001,0.0,1.0,20.602835655212402
BitcoinTransactions,23,192,126,0.65,0.5,3,0.05203525599732001,0.0,1.0,20.624284982681274
BitcoinTransactions,23,192,126,0.65,0.5,4,0.05203525599732001,0.0,1.0,20.56130361557007
BitcoinTransactions,23,192,126,0.65,0.5,5,0.05203525599732001,0.0,1.0,20.544119596481323
BitcoinTransactions,23,192,136,0.7,0.5,1,0.05203525599732001,0.0,1.0,20.578327178955078
BitcoinTransactions,23,192,136,0.7,0.5,2,0.05203525599732001,0.0,1.0,20.561441898345947
BitcoinTransactions,23,192,136,0.7,0.5,3,0.05329864146553098,0.0043859649122807015,0.9998699271592092,20.331193923950195
BitcoinTransactions,23,192,136,0.7,0.5,4,0.05203525599732001,0.0,1.0,20.57076406478882
BitcoinTransactions,23,192,136,0.7,0.5,5,0.05203525599732001,0.0,1.0,20.60586714744568
BitcoinTransactions,23,192,146,0.75,0.5,1,0.051619851074373974,0.0,0.984261186264308,20.55054783821106
BitcoinTransactions,23,192,146,0.75,0.5,2,0.05265698950273379,0.009523809523809525,1.0,20.25487470626831
BitcoinTransactions,23,192,146,0.75,0.5,3,0.055878100668318144,0.008771929824561403,1.0,20.286185026168823
BitcoinTransactions,23,192,146,0.75,0.5,4,0.051881937070914805,0.005235602094240838,1.0,20.538695573806763
BitcoinTransactions,23,192,146,0.75,0.5,5,0.053497394714970815,0.007407407407407408,1.0,20.29927968978882
BitcoinTransactions,23,192,155,0.8,0.5,1,0.05279277397610705,0.006172839506172839,1.0,20.28480839729309
BitcoinTransactions,23,192,155,0.8,0.5,2,0.05361278647755653,0.007407407407407408,1.0,20.241119146347046
BitcoinTransactions,23,192,155,0.8,0.5,3,0.05203525599732001,0.0,1.0,20.509189128875732
BitcoinTransactions,23,192,155,0.8,0.5,4,0.05203525599732001,0.0,1.0,20.46761727333069
BitcoinTransactions,23,192,155,0.8,0.5,5,0.05203525599732001,0.0,1.0,20.474409818649292
BitcoinTransactions,23,192,165,0.85,0.5,1,0.05415241867461888,0.0030303030303030303,0.9997398543184183,20.249593257904053
BitcoinTransactions,23,192,165,0.85,0.5,2,0.0516953617165142,0.005263157894736842,1.0,20.5004665851593
BitcoinTransactions,23,192,165,0.85,0.5,3,0.05203525599732001,0.0,1.0,20.466477394104004
BitcoinTransactions,23,192,165,0.85,0.5,4,0.05203525599732001,0.0,1.0,20.451239824295044
BitcoinTransactions,23,192,165,0.85,0.5,5,0.053068280882207663,0.005434782608695652,1.0,20.372779846191406
BitcoinTransactions,23,192,175,0.9,0.5,1,0.05203525599732001,0.0,1.0,20.471642017364502
BitcoinTransactions,23,192,175,0.9,0.5,2,0.052041641247443954,0.005376344086021506,1.0,20.43161630630493
BitcoinTransactions,23,192,175,0.9,0.5,3,0.054267241421842694,0.0030120481927710845,0.9998699271592092,20.36055564880371
BitcoinTransactions,23,192,175,0.9,0.5,4,0.05218129278072355,0.00558659217877095,1.0,20.454403400421143
BitcoinTransactions,23,192,175,0.9,0.5,5,0.05313092611422988,0.005649717514124294,1.0,20.34370493888855
BitcoinTransactions,23,192,184,0.95,0.5,1,0.05203525599732001,0.0,1.0,20.521052598953247
BitcoinTransactions,23,192,184,0.95,0.5,2,0.05308117897598569,0.006024096385542169,1.0,20.42947006225586
BitcoinTransactions,23,192,184,0.95,0.5,3,0.052144030571992336,0.0058823529411764705,1.0,20.47923517227173
BitcoinTransactions,23,192,184,0.95,0.5,4,0.05203525599732001,0.0,1.0,20.537481784820557
BitcoinTransactions,23,192,184,0.95,0.5,5,0.05203525599732001,0.0,1.0,20.512380599975586
BitcoinTransactions,23,192,194,1,0.5,1,0.05177350429071442,0.0026455026455026454,0.9998699271592092,20.50314950942993
BitcoinTransactions,23,192,194,1,0.5,2,0.05387075072760147,0.009433962264150943,1.0,20.22136116027832
BitcoinTransactions,23,192,194,1,0.5,3,0.05203525599732001,0.0,1.0,20.467670917510986
BitcoinTransactions,23,192,194,1,0.5,4,0.05204293787350048,0.0,0.9996097814776275,20.517579793930054
BitcoinTransactions,23,192,194,1,0.5,5,0.052078361965184415,0.006329113924050633,1.0,20.457112073898315
BitcoinTransactions,24,101,0,0,,1,0.7869888495534774,0.0011867088607594937,0.28281270086129323,
BitcoinTransactions,24,101,0,0,,2,0.9074300859241465,0.00641025641025641,0.45982774135492993,
BitcoinTransactions,24,101,0,0,,3,0.9244960956987979,0.007246376811594203,0.4415734670266101,
BitcoinTransactions,24,101,0,0,,4,0.9291514001373756,0.009259259259259259,0.3378326263015812,
BitcoinTransactions,24,101,0,0,,5,0.8932963661610728,0.002986857825567503,0.14911942409050005,
BitcoinTransactions,24,101,1,0.01,0.5,1,0.05446684844494356,0.01020408163265306,1.0,20.50604271888733
BitcoinTransactions,24,101,1,0.01,0.5,2,0.05203525599732001,0.0,1.0,20.517904043197632
BitcoinTransactions,24,101,1,0.01,0.5,3,0.05204770186948644,0.01,1.0,20.508716106414795
BitcoinTransactions,24,101,1,0.01,0.5,4,0.05203525599732001,0.0,1.0,20.526520013809204
BitcoinTransactions,24,101,1,0.01,0.5,5,0.05203525599732001,0.0,1.0,20.545509099960327
BitcoinTransactions,24,101,5,0.05,0.5,1,0.05203525599732001,0.0,1.0,20.54332160949707
BitcoinTransactions,24,101,5,0.05,0.5,2,0.05203525599732001,0.0,1.0,20.533732414245605
BitcoinTransactions,24,101,5,0.05,0.5,3,0.05203525599732001,0.0,1.0,20.536165952682495
BitcoinTransactions,24,101,5,0.05,0.5,4,0.05203525599732001,0.0,1.0,20.51146101951599
BitcoinTransactions,24,101,5,0.05,0.5,5,0.05203525599732001,0.0,1.0,20.513400554656982
BitcoinTransactions,24,101,10,0.1,0.5,1,0.05203525599732001,0.0,1.0,20.50310230255127
BitcoinTransactions,24,101,10,0.1,0.5,2,0.05203525599732001,0.0,1.0,20.536727905273438
BitcoinTransactions,24,101,10,0.1,0.5,3,0.05203525599732001,0.0,1.0,20.549758195877075
BitcoinTransactions,24,101,10,0.1,0.5,4,0.05203525599732001,0.0,1.0,20.511066675186157
BitcoinTransactions,24,101,10,0.1,0.5,5,0.051813700623383675,0.003367003367003367,0.9944722972104384,20.514045476913452
BitcoinTransactions,24,101,15,0.15,0.5,1,0.05201864966949787,0.010638297872340425,1.0,20.528117895126343
BitcoinTransactions,24,101,15,0.15,0.5,2,0.05203525599732001,0.0,1.0,20.54245662689209
BitcoinTransactions,24,101,15,0.15,0.5,3,0.05203525599732001,0.0,1.0,20.51194930076599
BitcoinTransactions,24,101,15,0.15,0.5,4,0.05168927426195217,0.00510204081632653,0.9958863607147448,20.480127096176147
BitcoinTransactions,24,101,15,0.15,0.5,5,0.05349894385603134,0.003401360544217687,0.9961434631700733,20.423083305358887
BitcoinTransactions,24,101,20,0.2,0.5,1,0.05179689481834108,0.0,0.9929296824784677,20.519062280654907
BitcoinTransactions,24,101,20,0.2,0.5,2,0.051947674712088915,0.0,0.9944722972104384,20.530834436416626
BitcoinTransactions,24,101,20,0.2,0.5,3,0.054091529445077696,0.00819672131147541,0.9987144877233578,20.28452205657959
BitcoinTransactions,24,101,20,0.2,0.5,4,0.05203525599732001,0.0,1.0,20.506588459014893
BitcoinTransactions,24,101,20,0.2,0.5,5,0.05300548209044995,0.011494252873563218,1.0,20.23203420639038
BitcoinTransactions,24,101,25,0.25,0.5,1,0.05214915728793173,0.0,0.9984573852680293,20.55447268486023
BitcoinTransactions,24,101,25,0.25,0.5,2,0.05391835520760404,0.016666666666666666,1.0,20.093246698379517
BitcoinTransactions,24,101,25,0.25,0.5,3,0.05195988402802481,0.01,1.0,20.6493923664093
BitcoinTransactions,24,101,25,0.25,0.5,4,0.05203525599732001,0.0,1.0,20.51214051246643
BitcoinTransactions,24,101,25,0.25,0.5,5,0.05183988375342764,0.010101010101010102,1.0,20.51930046081543
BitcoinTransactions,24,101,30,0.3,0.5,1,0.05203525599732001,0.0,1.0,20.50620436668396
BitcoinTransactions,24,101,30,0.3,0.5,2,0.05203525599732001,0.0,1.0,20.5524480342865
BitcoinTransactions,24,101,30,0.3,0.5,3,0.05485452985289092,0.010416666666666666,1.0,20.274160861968994
BitcoinTransactions,24,101,30,0.3,0.5,4,0.053427679616209194,0.011235955056179775,1.0,20.167556524276733
BitcoinTransactions,24,101,30,0.3,0.5,5,0.05203525599732001,0.0,1.0,20.70588493347168
BitcoinTransactions,24,101,35,0.35,0.5,1,0.05203525599732001,0.0,1.0,20.545661687850952
BitcoinTransactions,24,101,35,0.35,0.5,2,0.0528137019033657,0.004597701149425287,0.9983288340403651,20.437662363052368
BitcoinTransactions,24,101,35,0.35,0.5,3,0.05203525599732001,0.0,1.0,20.532885789871216
BitcoinTransactions,24,101,35,0.35,0.5,4,0.052037552089193036,0.0,0.9997428975446716,20.552022695541382
BitcoinTransactions,24,101,35,0.35,0.5,5,0.05203525599732001,0.0,1.0,20.552841901779175
BitcoinTransactions,24,101,40,0.4,0.5,1,0.05203525599732001,0.0,1.0,20.552206993103027
BitcoinTransactions,24,101,40,0.4,0.5,2,0.05194093542005892,0.005,0.9994857950893431,20.589686632156372
BitcoinTransactions,24,101,40,0.4,0.5,3,0.05203525599732001,0.0,1.0,20.530879020690918
BitcoinTransactions,24,101,40,0.4,0.5,4,0.05203525599732001,0.0,1.0,20.538196086883545
BitcoinTransactions,24,101,40,0.4,0.5,5,0.05203525599732001,0.0,1.0,20.54426145553589
BitcoinTransactions,24,101,45,0.45,0.5,1,0.05190925720938314,0.003401360544217687,0.9975575266743797,20.525021076202393
BitcoinTransactions,24,101,45,0.45,0.5,2,0.05203525599732001,0.0,1.0,20.560122966766357
BitcoinTransactions,24,101,45,0.45,0.5,3,0.05203525599732001,0.0,1.0,20.55864191055298
BitcoinTransactions,24,101,45,0.45,0.5,4,0.05203525599732001,0.0,1.0,20.51000475883484
BitcoinTransactions,24,101,45,0.45,0.5,5,0.05203525599732001,0.0,1.0,20.573676347732544
BitcoinTransactions,24,101,50,0.5,0.5,1,0.05203525599732001,0.0,1.0,20.51440978050232
BitcoinTransactions,24,101,50,0.5,0.5,2,0.05202295545490007,0.0,0.9998714487723358,20.590131044387817
BitcoinTransactions,24,101,50,0.5,0.5,3,0.05203525599732001,0.0,1.0,20.538200855255127
BitcoinTransactions,24,101,50,0.5,0.5,4,0.05203525599732001,0.0,1.0,20.531518936157227
BitcoinTransactions,24,101,50,0.5,0.5,5,0.05203525599732001,0.0,1.0,20.51497507095337
BitcoinTransactions,24,101,55,0.55,0.5,1,0.05253233982703693,0.0125,1.0,20.388232707977295
BitcoinTransactions,24,101,55,0.55,0.5,2,0.05177419650165545,0.005050505050505051,0.9943437459827741,20.497900009155273
BitcoinTransactions,24,101,55,0.55,0.5,3,0.05194458189494134,0.01,1.0,20.41691780090332
BitcoinTransactions,24,101,55,0.55,0.5,4,0.05203525599732001,0.0,1.0,20.461333990097046
BitcoinTransactions,24,101,55,0.55,0.5,5,0.05408925232273675,0.01092896174863388,0.9996143463170073,20.118767499923706
BitcoinTransactions,24,101,60,0.6,0.5,1,0.05316253275498156,0.007142857142857143,0.9953721558040879,20.089893102645874
BitcoinTransactions,24,101,60,0.6,0.5,2,0.05203525599732001,0.0,1.0,20.43409037590027
BitcoinTransactions,24,101,60,0.6,0.5,3,0.05215870319187567,0.005050505050505051,0.9997428975446716,20.3682382106781
BitcoinTransactions,24,101,60,0.6,0.5,4,0.05203525599732001,0.0,1.0,20.406497955322266
BitcoinTransactions,24,101,60,0.6,0.5,5,0.05203525599732001,0.0,1.0,20.45471954345703
BitcoinTransactions,24,101,65,0.65,0.5,1,0.054147747817261664,0.014492753623188406,1.0,20.113999605178833
BitcoinTransactions,24,101,65,0.65,0.5,2,0.05203525599732001,0.0,1.0,20.454800128936768
BitcoinTransactions,24,101,65,0.65,0.5,3,0.05270262764742964,0.005952380952380952,0.9998714487723358,20.13463807106018
BitcoinTransactions,24,101,65,0.65,0.5,4,0.05203525599732001,0.0,1.0,20.580175638198853
BitcoinTransactions,24,101,65,0.65,0.5,5,0.05203525599732001,0.0,1.0,20.448946952819824
BitcoinTransactions,24,101,70,0.7,0.5,1,0.05203525599732001,0.0,1.0,20.465893507003784
BitcoinTransactions,24,101,70,0.7,0.5,2,0.05203525599732001,0.0,1.0,20.53184700012207
BitcoinTransactions,24,101,70,0.7,0.5,3,0.054161488304609276,0.008695652173913044,0.9985859364956935,20.306247234344482
BitcoinTransactions,24,101,70,0.7,0.5,4,0.0521511115559932,0.010309278350515464,1.0,20.46816658973694
BitcoinTransactions,24,101,70,0.7,0.5,5,0.05203525599732001,0.0,1.0,20.523008584976196
BitcoinTransactions,24,101,75,0.75,0.5,1,0.05203525599732001,0.0,1.0,20.512575387954712
BitcoinTransactions,24,101,75,0.75,0.5,2,0.05408891534065955,0.01694915254237288,1.0,20.215654373168945
BitcoinTransactions,24,101,75,0.75,0.5,3,0.05203525599732001,0.0,1.0,20.533551692962646
BitcoinTransactions,24,101,75,0.75,0.5,4,0.05203525599732001,0.0,1.0,20.537575483322144
BitcoinTransactions,24,101,75,0.75,0.5,5,0.05203525599732001,0.0,1.0,20.531127214431763
BitcoinTransactions,24,101,80,0.8,0.5,1,0.0544180036371978,0.018867924528301886,1.0,20.26244616508484
BitcoinTransactions,24,101,80,0.8,0.5,2,0.05204327932940069,0.0,0.9997428975446716,20.57032799720764
BitcoinTransactions,24,101,80,0.8,0.5,3,0.05203525599732001,0.0,1.0,20.55473232269287
BitcoinTransactions,24,101,80,0.8,0.5,4,0.0515722467928126,0.003367003367003367,0.9897159017868621,20.57458758354187
BitcoinTransactions,24,101,80,0.8,0.5,5,0.052101136027131914,0.0,0.9993572438616789,20.614702701568604
BitcoinTransactions,24,101,85,0.85,0.5,1,0.053137148304217216,0.0136986301369863,1.0,20.471192836761475
BitcoinTransactions,24,101,85,0.85,0.5,2,0.05203525599732001,0.0,1.0,20.61824131011963
BitcoinTransactions,24,101,85,0.85,0.5,3,0.05267009023240608,0.012048192771084338,1.0,20.445482969284058
BitcoinTransactions,24,101,85,0.85,0.5,4,0.05203525599732001,0.0,1.0,20.417343616485596
BitcoinTransactions,24,101,85,0.85,0.5,5,0.05203525599732001,0.0,1.0,20.50991654396057
BitcoinTransactions,24,101,90,0.9,0.5,1,0.05203525599732001,0.0,1.0,20.511830806732178
BitcoinTransactions,24,101,90,0.9,0.5,2,0.05203525599732001,0.0,1.0,20.51473116874695
BitcoinTransactions,24,101,90,0.9,0.5,3,0.05252885366897646,0.011764705882352941,1.0,20.302416801452637
BitcoinTransactions,24,101,90,0.9,0.5,4,0.05203525599732001,0.0,1.0,20.56242275238037
BitcoinTransactions,24,101,90,0.9,0.5,5,0.05203525599732001,0.0,1.0,20.497178077697754
BitcoinTransactions,24,101,95,0.95,0.5,1,0.05203525599732001,0.0,1.0,20.516443490982056
BitcoinTransactions,24,101,95,0.95,0.5,2,0.05203525599732001,0.0,1.0,20.516093015670776
BitcoinTransactions,24,101,95,0.95,0.5,3,0.05211906149084618,0.010309278350515464,1.0,20.519368648529053
BitcoinTransactions,24,101,95,0.95,0.5,4,0.05217428185285743,0.01282051282051282,1.0,20.493195295333862
BitcoinTransactions,24,101,95,0.95,0.5,5,0.05203525599732001,0.0,1.0,20.549904108047485
BitcoinTransactions,24,101,100,1,0.5,1,0.0530264056850042,0.011363636363636364,1.0,20.41405987739563
BitcoinTransactions,24,101,100,1,0.5,2,0.05203525599732001,0.0,1.0,20.526145696640015
BitcoinTransactions,24,101,100,1,0.5,3,0.05203525599732001,0.0,1.0,20.510966300964355
BitcoinTransactions,24,101,100,1,0.5,4,0.05203525599732001,0.0,1.0,20.529416799545288
BitcoinTransactions,24,101,100,1,0.5,5,0.05203525599732001,0.0,1.0,20.51809072494507
BitcoinTransactions,25,46,0,0,,1,0.8292797317305555,0.006993006993006993,0.3027827418943069,
BitcoinTransactions,25,46,0,0,,2,0.8650665929155604,0.0,0.05769721725810569,
BitcoinTransactions,25,46,0,0,,3,0.9217262297454292,0.0,0.0054888945621649225,
BitcoinTransactions,25,46,0,0,,4,0.8789827815923568,0.0,0.01327546591779423,
BitcoinTransactions,25,46,0,0,,5,0.9177469080696727,0.0,0.004212407454684708,
BitcoinTransactions,25,46,0,0.01,0.5,1,0.05203525599732001,0.0,1.0,20.498202562332153
BitcoinTransactions,25,46,0,0.01,0.5,2,0.05203525599732001,0.0,1.0,20.481549739837646
BitcoinTransactions,25,46,0,0.01,0.5,3,0.05203000715559306,0.0,0.999744702578504,20.47584557533264
BitcoinTransactions,25,46,0,0.01,0.5,4,0.05203525599732001,0.0,1.0,20.492354154586792
BitcoinTransactions,25,46,0,0.01,0.5,5,0.05322118363829092,0.037037037037037035,1.0,20.26835036277771
BitcoinTransactions,25,46,2,0.05,0.5,1,0.051794710275550944,0.0,0.9674495787592545,20.470547199249268
BitcoinTransactions,25,46,2,0.05,0.5,2,0.05203525599732001,0.0,1.0,20.524413585662842
BitcoinTransactions,25,46,2,0.05,0.5,3,0.05203525599732001,0.0,1.0,20.49544596672058
BitcoinTransactions,25,46,2,0.05,0.5,4,0.05203525599732001,0.0,1.0,20.443713665008545
BitcoinTransactions,25,46,2,0.05,0.5,5,0.05203525599732001,0.0,1.0,20.422924995422363
BitcoinTransactions,25,46,4,0.1,0.5,1,0.05203525599732001,0.0,1.0,20.408966302871704
BitcoinTransactions,25,46,4,0.1,0.5,2,0.05154752801452576,0.0,0.9860862905284656,20.92319631576538
BitcoinTransactions,25,46,4,0.1,0.5,3,0.0520927499183713,0.011363636363636364,0.9992341077355119,20.91759490966797
BitcoinTransactions,25,46,4,0.1,0.5,4,0.05201025097594775,0.0,0.9996170538677559,22.829784393310547
BitcoinTransactions,25,46,4,0.1,0.5,5,0.05349153901711533,0.04,1.0,20.528498649597168
BitcoinTransactions,25,46,7,0.15,0.5,1,0.05203525599732001,0.0,1.0,20.94342803955078
BitcoinTransactions,25,46,7,0.15,0.5,2,0.05203525599732001,0.0,1.0,20.461952686309814
BitcoinTransactions,25,46,7,0.15,0.5,3,0.05203525599732001,0.0,1.0,20.95785427093506
BitcoinTransactions,25,46,7,0.15,0.5,4,0.05203525599732001,0.0,1.0,20.870699644088745
BitcoinTransactions,25,46,7,0.15,0.5,5,0.05221129897529398,0.0,0.9477916773040592,22.757094383239746
BitcoinTransactions,25,46,9,0.2,0.5,1,0.053298940935172796,0.016666666666666666,0.9956599438345672,20.509066581726074
BitcoinTransactions,25,46,9,0.2,0.5,2,0.05203525599732001,0.0,1.0,20.70789909362793
BitcoinTransactions,25,46,9,0.2,0.5,3,0.05203525599732001,0.0,1.0,20.83954358100891
BitcoinTransactions,25,46,9,0.2,0.5,4,0.05203525599732001,0.0,1.0,20.739910364151
BitcoinTransactions,25,46,9,0.2,0.5,5,0.052853395058838785,0.011111111111111112,0.9911922389583865,20.836416959762573
BitcoinTransactions,25,46,11,0.25,0.5,1,0.05203525599732001,0.0,1.0,20.830862045288086
BitcoinTransactions,25,46,11,0.25,0.5,2,0.05203525599732001,0.0,1.0,21.38849902153015
BitcoinTransactions,25,46,11,0.25,0.5,3,0.05203525599732001,0.0,1.0,20.39033341407776
BitcoinTransactions,25,46,11,0.25,0.5,4,0.05198995460243988,0.0,0.9984682154710237,20.910470008850098
BitcoinTransactions,25,46,11,0.25,0.5,5,0.05327728333381217,0.023255813953488372,1.0,20.56807827949524
BitcoinTransactions,25,46,14,0.3,0.5,1,0.05200903033037674,0.0,0.9994894051570079,22.669265031814575
BitcoinTransactions,25,46,14,0.3,0.5,2,0.052055404802135136,0.0,0.9996170538677559,20.82466149330139
BitcoinTransactions,25,46,14,0.3,0.5,3,0.05203525599732001,0.0,1.0,20.782172918319702
BitcoinTransactions,25,46,14,0.3,0.5,4,0.05203525599732001,0.0,1.0,20.353780031204224
BitcoinTransactions,25,46,14,0.3,0.5,5,0.05203525599732001,0.0,1.0,20.881435871124268
BitcoinTransactions,25,46,16,0.35,0.5,1,0.05203525599732001,0.0,1.0,20.776594161987305
BitcoinTransactions,25,46,16,0.35,0.5,2,0.05518303449822406,0.027777777777777776,1.0,22.649672031402588
BitcoinTransactions,25,46,16,0.35,0.5,3,0.05435970541976941,0.023255813953488372,1.0,20.567426681518555
BitcoinTransactions,25,46,16,0.35,0.5,4,0.053693100340582986,0.02564102564102564,1.0,20.617095470428467
BitcoinTransactions,25,46,16,0.35,0.5,5,0.05291118465118228,0.029411764705882353,1.0,20.05567455291748
BitcoinTransactions,25,46,18,0.4,0.5,1,0.05203525599732001,0.0,1.0,20.4043128490448
BitcoinTransactions,25,46,18,0.4,0.5,2,0.05203525599732001,0.0,1.0,20.41574788093567
BitcoinTransactions,25,46,18,0.4,0.5,3,0.05204724295187083,0.0,0.999872351289252,20.412900686264038
BitcoinTransactions,25,46,18,0.4,0.5,4,0.053259537571466814,0.018518518518518517,0.999872351289252,20.056679487228394
BitcoinTransactions,25,46,18,0.4,0.5,5,0.05152433651549215,0.0,0.9619606841970896,20.919440746307373
BitcoinTransactions,25,46,20,0.45,0.5,1,0.05203525599732001,0.0,1.0,20.883252143859863
BitcoinTransactions,25,46,20,0.45,0.5,2,0.05203525599732001,0.0,1.0,20.971219062805176
BitcoinTransactions,25,46,20,0.45,0.5,3,0.051989266157363156,0.0,0.9851927495532296,20.877543926239014
BitcoinTransactions,25,46,20,0.45,0.5,4,0.05203525599732001,0.0,1.0,20.965253114700317
BitcoinTransactions,25,46,20,0.45,0.5,5,0.05203525599732001,0.0,1.0,20.359569549560547
BitcoinTransactions,25,46,22,0.5,0.5,1,0.05203525599732001,0.0,1.0,21.014662742614746
BitcoinTransactions,25,46,22,0.5,0.5,2,0.055301179208880155,0.014705882352941176,0.9993617564462599,20.603084087371826
BitcoinTransactions,25,46,22,0.5,0.5,3,0.05203525599732001,0.0,1.0,21.0165855884552
BitcoinTransactions,25,46,22,0.5,0.5,4,0.05203525599732001,0.0,1.0,20.85520029067993
BitcoinTransactions,25,46,22,0.5,0.5,5,0.05203525599732001,0.0,1.0,20.860445976257324
BitcoinTransactions,25,46,25,0.55,0.5,1,0.05203525599732001,0.0,1.0,20.4278781414032
BitcoinTransactions,25,46,25,0.55,0.5,2,0.05203525599732001,0.0,1.0,20.95524024963379
BitcoinTransactions,25,46,25,0.55,0.5,3,0.05203525599732001,0.0,1.0,20.919470071792603
BitcoinTransactions,25,46,25,0.55,0.5,4,0.05203525599732001,0.0,1.0,20.965251445770264
BitcoinTransactions,25,46,25,0.55,0.5,5,0.05206648951423196,0.0,0.9994894051570079,20.92710852622986
BitcoinTransactions,25,46,27,0.6,0.5,1,0.05203525599732001,0.0,1.0,20.834247589111328
BitcoinTransactions,25,46,27,0.6,0.5,2,0.05203525599732001,0.0,1.0,20.33903455734253
BitcoinTransactions,25,46,27,0.6,0.5,3,0.05401673778408378,0.030303030303030304,1.0,20.08373475074768
BitcoinTransactions,25,46,27,0.6,0.5,4,0.05203525599732001,0.0,1.0,20.385159730911255
BitcoinTransactions,25,46,27,0.6,0.5,5,0.05167022705840069,0.0,0.9816185856522849,20.354370594024658
BitcoinTransactions,25,46,29,0.65,0.5,1,0.05203525599732001,0.0,1.0,20.501224756240845
BitcoinTransactions,25,46,29,0.65,0.5,2,0.05203525599732001,0.0,1.0,20.451977252960205
BitcoinTransactions,25,46,29,0.65,0.5,3,0.052553532459294894,0.022727272727272728,1.0,20.309783458709717
BitcoinTransactions,25,46,29,0.65,0.5,4,0.05184174039424927,0.0,0.9961705386775593,20.479310512542725
BitcoinTransactions,25,46,29,0.65,0.5,5,0.051932479719951734,0.023255813953488372,1.0,20.437028408050537
BitcoinTransactions,25,46,31,0.7,0.5,1,0.05194895986859489,0.011111111111111112,0.999872351289252,21.10958194732666
BitcoinTransactions,25,46,31,0.7,0.5,2,0.05203525599732001,0.0,1.0,21.71981954574585
BitcoinTransactions,25,46,31,0.7,0.5,3,0.05203525599732001,0.0,1.0,20.959844827651978
BitcoinTransactions,25,46,31,0.7,0.5,4,0.05203525599732001,0.0,1.0,20.859582901000977
BitcoinTransactions,25,46,31,0.7,0.5,5,0.05203525599732001,0.0,1.0,20.88268542289734
BitcoinTransactions,25,46,34,0.75,0.5,1,0.052047478668954254,0.0,0.999744702578504,20.337058067321777
BitcoinTransactions,25,46,34,0.75,0.5,2,0.05203525599732001,0.0,1.0,20.339422702789307
BitcoinTransactions,25,46,34,0.75,0.5,3,0.051933382447236186,0.0,0.9971917283635435,20.308515548706055
BitcoinTransactions,25,46,34,0.75,0.5,4,0.05426593190176481,0.030303030303030304,1.0,19.961894273757935
BitcoinTransactions,25,46,34,0.75,0.5,5,0.05203525599732001,0.0,1.0,20.88154888153076
BitcoinTransactions,25,46,36,0.8,0.5,1,0.05209828025226667,0.0,0.9932346183303549,21.530412673950195
BitcoinTransactions,25,46,36,0.8,0.5,2,0.053298247881051745,0.027777777777777776,1.0,21.4846408367157
BitcoinTransactions,25,46,36,0.8,0.5,3,0.05203525599732001,0.0,1.0,20.790367126464844
BitcoinTransactions,25,46,36,0.8,0.5,4,0.05162728716326873,0.03225806451612903,1.0,20.780718564987183
BitcoinTransactions,25,46,36,0.8,0.5,5,0.05392572669491516,0.021739130434782608,0.9992341077355119,19.966106414794922
BitcoinTransactions,25,46,38,0.85,0.5,1,0.051956386531868216,0.023255813953488372,1.0,20.8189857006073
BitcoinTransactions,25,46,38,0.85,0.5,2,0.05203525599732001,0.0,1.0,21.55295491218567
BitcoinTransactions,25,46,38,0.85,0.5,3,0.05203525599732001,0.0,1.0,20.8965847492218
BitcoinTransactions,25,46,38,0.85,0.5,4,0.052023935425135365,0.0,0.999744702578504,21.029682159423828
BitcoinTransactions,25,46,38,0.85,0.5,5,0.05203525599732001,0.0,1.0,20.45387625694275
BitcoinTransactions,25,46,40,0.9,0.5,1,0.05203525599732001,0.0,1.0,20.882827043533325
BitcoinTransactions,25,46,40,0.9,0.5,2,0.05203525599732001,0.0,1.0,20.809196949005127
BitcoinTransactions,25,46,40,0.9,0.5,3,0.05203525599732001,0.0,1.0,20.916483640670776
BitcoinTransactions,25,46,40,0.9,0.5,4,0.056266467573162046,0.02702702702702703,1.0,20.6315815448761
BitcoinTransactions,25,46,40,0.9,0.5,5,0.05203525599732001,0.0,1.0,20.91574740409851
BitcoinTransactions,25,46,43,0.95,0.5,1,0.05200144397635696,0.0,0.9928516721981108,20.997457027435303
BitcoinTransactions,25,46,43,0.95,0.5,2,0.05203525599732001,0.0,1.0,20.832290172576904
BitcoinTransactions,25,46,43,0.95,0.5,3,0.05388775364774113,0.02702702702702703,1.0,20.68170714378357
BitcoinTransactions,25,46,43,0.95,0.5,4,0.05203525599732001,0.0,1.0,20.92222285270691
BitcoinTransactions,25,46,43,0.95,0.5,5,0.05203525599732001,0.0,1.0,20.984103202819824
BitcoinTransactions,25,46,45,1,0.5,1,0.05315767836898845,0.023809523809523808,1.0,20.28367328643799
BitcoinTransactions,25,46,45,1,0.5,2,0.05266824759594219,0.025,1.0,20.971599102020264
BitcoinTransactions,25,46,45,1,0.5,3,0.05203525599732001,0.0,1.0,21.046406984329224
BitcoinTransactions,25,46,45,1,0.5,4,0.05203525599732001,0.0,1.0,21.008118152618408
BitcoinTransactions,25,46,45,1,0.5,5,0.051714786871599965,0.0,0.9894051570079142,20.884997844696045
BitcoinTransactions,26,8,0,0,,1,0.9005738397805285,0.0,0.029217479674796747,
BitcoinTransactions,26,8,0,0,,2,0.8784724235521993,0.0,0.04763719512195122,
BitcoinTransactions,26,8,0,0,,3,0.7616128313358578,0.005952380952380952,0.07850609756097561,
BitcoinTransactions,26,8,0,0,,4,0.8557343264557562,0.017857142857142856,0.09641768292682927,
BitcoinTransactions,26,8,0,0,,5,0.8070673209664961,0.0,0.04331808943089431,
BitcoinTransactions,26,8,0,0.01,0.5,1,0.05353375625137476,0.16666666666666666,1.0,20.72546911239624
BitcoinTransactions,26,8,0,0.01,0.5,2,0.05204794348613071,0.0,0.9998729674796748,20.604785919189453
BitcoinTransactions,26,8,0,0.01,0.5,3,0.05208477077168801,0.0,0.9975863821138211,20.585939407348633
BitcoinTransactions,26,8,0,0.01,0.5,4,0.051933420660393415,0.0,0.9979674796747967,20.943657875061035
BitcoinTransactions,26,8,0,0.01,0.5,5,0.051754908761303016,0.0,0.9888211382113821,20.5288565158844
BitcoinTransactions,26,8,0,0.05,0.5,1,0.05203525599732001,0.0,1.0,20.959805488586426
BitcoinTransactions,26,8,0,0.05,0.5,2,0.05203525599732001,0.0,1.0,20.99200177192688
BitcoinTransactions,26,8,0,0.05,0.5,3,0.05203525599732001,0.0,1.0,20.934908628463745
BitcoinTransactions,26,8,0,0.05,0.5,4,0.05223960985143966,0.0,0.9983485772357723,20.623586416244507
BitcoinTransactions,26,8,0,0.05,0.5,5,0.05221246115513921,0.0,0.970020325203252,21.041921854019165
BitcoinTransactions,26,8,1,0.1,0.5,1,0.05195203995549769,0.0,0.9565548780487805,21.030550956726074
BitcoinTransactions,26,8,1,0.1,0.5,2,0.05203525599732001,0.0,1.0,20.982548236846924
BitcoinTransactions,26,8,1,0.1,0.5,3,0.05203525599732001,0.0,1.0,21.019423961639404
BitcoinTransactions,26,8,1,0.1,0.5,4,0.05203525599732001,0.0,1.0,20.391013145446777
BitcoinTransactions,26,8,1,0.1,0.5,5,0.05284509974799039,0.14285714285714285,1.0,20.273134231567383
BitcoinTransactions,26,8,1,0.15,0.5,1,0.05208912540683907,0.0,0.9983485772357723,20.397942066192627
BitcoinTransactions,26,8,1,0.15,0.5,2,0.05203525599732001,0.0,1.0,20.412617444992065
BitcoinTransactions,26,8,1,0.15,0.5,3,0.05203525599732001,0.0,1.0,20.41540265083313
BitcoinTransactions,26,8,1,0.15,0.5,4,0.05203525599732001,0.0,1.0,20.409202098846436
BitcoinTransactions,26,8,1,0.15,0.5,5,0.05190846749273124,0.0,0.9961890243902439,20.428416967391968
BitcoinTransactions,26,8,1,0.2,0.5,1,0.05203525599732001,0.0,1.0,20.42057752609253
BitcoinTransactions,26,8,1,0.2,0.5,2,0.05203525599732001,0.0,1.0,20.385086059570312
BitcoinTransactions,26,8,1,0.2,0.5,3,0.05203525599732001,0.0,1.0,20.409245252609253
BitcoinTransactions,26,8,1,0.2,0.5,4,0.05203525599732001,0.0,1.0,20.391897916793823
BitcoinTransactions,26,8,1,0.2,0.5,5,0.05200894377536425,0.0,0.998729674796748,20.40332007408142
BitcoinTransactions,26,8,2,0.25,0.5,1,0.052913894201082466,0.14285714285714285,1.0,20.339027643203735
BitcoinTransactions,26,8,2,0.25,0.5,2,0.05203525599732001,0.0,1.0,20.396294832229614
BitcoinTransactions,26,8,2,0.25,0.5,3,0.05203525599732001,0.0,1.0,20.392863988876343
BitcoinTransactions,26,8,2,0.25,0.5,4,0.052030851891984566,0.0,0.9997459349593496,20.394567012786865
BitcoinTransactions,26,8,2,0.25,0.5,5,0.05203525599732001,0.0,1.0,20.38052535057068
BitcoinTransactions,26,8,2,0.3,0.5,1,0.05203525599732001,0.0,1.0,20.419583320617676
BitcoinTransactions,26,8,2,0.3,0.5,2,0.05203525599732001,0.0,1.0,20.395166397094727
BitcoinTransactions,26,8,2,0.3,0.5,3,0.052037863969378984,0.0,0.9996189024390244,20.346715211868286
BitcoinTransactions,26,8,2,0.3,0.5,4,0.05203525599732001,0.0,1.0,20.372334957122803
BitcoinTransactions,26,8,2,0.3,0.5,5,0.05203525599732001,0.0,1.0,20.41054940223694
BitcoinTransactions,26,8,2,0.35,0.5,1,0.05203525599732001,0.0,1.0,20.415922164916992
BitcoinTransactions,26,8,2,0.35,0.5,2,0.05203525599732001,0.0,1.0,20.371957302093506
BitcoinTransactions,26,8,2,0.35,0.5,3,0.05203525599732001,0.0,1.0,20.411182641983032
BitcoinTransactions,26,8,2,0.35,0.5,4,0.05203525599732001,0.0,1.0,20.399369955062866
BitcoinTransactions,26,8,2,0.35,0.5,5,0.05198217548480676,0.0,0.9991107723577236,20.408475637435913
BitcoinTransactions,26,8,3,0.4,0.5,1,0.05203762625459438,0.0,0.999364837398374,20.40001392364502
BitcoinTransactions,26,8,3,0.4,0.5,2,0.05203525599732001,0.0,1.0,20.389221906661987
BitcoinTransactions,26,8,3,0.4,0.5,3,0.05203525599732001,0.0,1.0,20.397624015808105
BitcoinTransactions,26,8,3,0.4,0.5,4,0.05203525599732001,0.0,1.0,20.424124240875244
BitcoinTransactions,26,8,3,0.4,0.5,5,0.05335477185948606,0.125,0.9829776422764228,20.14536762237549
BitcoinTransactions,26,8,3,0.45,0.5,1,0.05203525599732001,0.0,1.0,20.410508394241333
BitcoinTransactions,26,8,3,0.45,0.5,2,0.05203525599732001,0.0,1.0,20.453047275543213
BitcoinTransactions,26,8,3,0.45,0.5,3,0.05361587642666167,0.125,0.9841209349593496,20.103291749954224
BitcoinTransactions,26,8,3,0.45,0.5,4,0.05203166167430437,0.0,0.9997459349593496,20.41560411453247
BitcoinTransactions,26,8,3,0.45,0.5,5,0.05203525599732001,0.0,1.0,20.401948928833008
BitcoinTransactions,26,8,4,0.5,0.5,1,0.05203525599732001,0.0,1.0,20.399672746658325
BitcoinTransactions,26,8,4,0.5,0.5,2,0.05203525599732001,0.0,1.0,20.3997004032135
BitcoinTransactions,26,8,4,0.5,0.5,3,0.05203525599732001,0.0,1.0,20.41543197631836
BitcoinTransactions,26,8,4,0.5,0.5,4,0.051989380174468136,0.0,0.9988567073170732,20.42936110496521
BitcoinTransactions,26,8,4,0.5,0.5,5,0.05203525599732001,0.0,1.0,20.41033959388733
BitcoinTransactions,26,8,4,0.55,0.5,1,0.0520504899568261,0.0,0.9998729674796748,20.51750636100769
BitcoinTransactions,26,8,4,0.55,0.5,2,0.05203525599732001,0.0,1.0,20.60736393928528
BitcoinTransactions,26,8,4,0.55,0.5,3,0.05203525599732001,0.0,1.0,20.6243417263031
BitcoinTransactions,26,8,4,0.55,0.5,4,0.05213427575383533,0.0,0.9734502032520326,20.606478691101074
BitcoinTransactions,26,8,4,0.55,0.5,5,0.05186295930270338,0.0,0.9704014227642277,20.612558603286743
BitcoinTransactions,26,8,4,0.6,0.5,1,0.0533305915368254,0.25,1.0,20.32552146911621
BitcoinTransactions,26,8,4,0.6,0.5,2,0.05203525599732001,0.0,1.0,20.587576150894165
BitcoinTransactions,26,8,4,0.6,0.5,3,0.05278782798513203,0.0,0.7948424796747967,20.39452886581421
BitcoinTransactions,26,8,4,0.6,0.5,4,0.05148599198962164,0.047619047619047616,0.9641768292682927,20.52551794052124
BitcoinTransactions,26,8,4,0.6,0.5,5,0.052008717320725005,0.0,0.998729674796748,20.527146816253662
BitcoinTransactions,26,8,5,0.65,0.5,1,0.05203525599732001,0.0,1.0,20.58445453643799
BitcoinTransactions,26,8,5,0.65,0.5,2,0.051835567090395496,0.0,0.9851371951219512,20.587998867034912
BitcoinTransactions,26,8,5,0.65,0.5,3,0.0521809600131076,0.04,0.904979674796748,20.38180184364319
BitcoinTransactions,26,8,5,0.65,0.5,4,0.05203525599732001,0.0,1.0,20.62978768348694
BitcoinTransactions,26,8,5,0.65,0.5,5,0.05577867377876057,0.1,0.8197408536585366,20.27645516395569
BitcoinTransactions,26,8,5,0.7,0.5,1,0.05206741352743696,0.0,0.9994918699186992,20.578108072280884
BitcoinTransactions,26,8,5,0.7,0.5,2,0.05422539226474286,0.14285714285714285,1.0,20.3227117061615
BitcoinTransactions,26,8,5,0.7,0.5,3,0.05203525599732001,0.0,1.0,20.61257028579712
BitcoinTransactions,26,8,5,0.7,0.5,4,0.05201934084723919,0.0,0.9939024390243902,20.62491536140442
BitcoinTransactions,26,8,5,0.7,0.5,5,0.05203525599732001,0.0,1.0,20.616070985794067
BitcoinTransactions,26,8,5,0.75,0.5,1,0.05193098535661203,0.0,0.993140243902439,20.59442448616028
BitcoinTransactions,26,8,5,0.75,0.5,2,0.05203525599732001,0.0,1.0,20.63712978363037
BitcoinTransactions,26,8,5,0.75,0.5,3,0.05200808364386642,0.2,1.0,20.6041362285614
BitcoinTransactions,26,8,5,0.75,0.5,4,0.05203525599732001,0.0,1.0,20.632505178451538
BitcoinTransactions,26,8,5,0.75,0.5,5,0.05203525599732001,0.0,1.0,20.65553593635559
BitcoinTransactions,26,8,6,0.8,0.5,1,0.05203525599732001,0.0,1.0,20.684993982315063
BitcoinTransactions,26,8,6,0.8,0.5,2,0.05203525599732001,0.0,1.0,20.653213024139404
BitcoinTransactions,26,8,6,0.8,0.5,3,0.05206334699871441,0.0,0.9992378048780488,20.66669464111328
BitcoinTransactions,26,8,6,0.8,0.5,4,0.05203525599732001,0.0,1.0,20.64289951324463
BitcoinTransactions,26,8,6,0.8,0.5,5,0.05203575105457015,0.0,0.9998729674796748,20.494240760803223
BitcoinTransactions,26,8,6,0.85,0.5,1,0.05194574448567591,0.0,0.9923780487804879,20.62681221961975
BitcoinTransactions,26,8,6,0.85,0.5,2,0.05252549837714476,0.0,0.9180640243902439,20.5598566532135
BitcoinTransactions,26,8,6,0.85,0.5,3,0.05203525599732001,0.0,1.0,20.657554388046265
BitcoinTransactions,26,8,6,0.85,0.5,4,0.05203525599732001,0.0,1.0,20.674537897109985
BitcoinTransactions,26,8,6,0.85,0.5,5,0.053033589643599915,0.0,0.9216209349593496,20.59058713912964
BitcoinTransactions,26,8,6,0.9,0.5,1,0.05203525599732001,0.0,1.0,20.650789976119995
BitcoinTransactions,26,8,6,0.9,0.5,2,0.05503771470363743,0.14285714285714285,1.0,20.329548597335815
BitcoinTransactions,26,8,6,0.9,0.5,3,0.05203525599732001,0.0,1.0,20.675563097000122
BitcoinTransactions,26,8,6,0.9,0.5,4,0.05203525599732001,0.0,1.0,20.6148841381073
BitcoinTransactions,26,8,6,0.9,0.5,5,0.05249168592537281,0.1,0.9832317073170732,20.566465854644775
BitcoinTransactions,26,8,7,0.95,0.5,1,0.05371396277701621,0.0,0.860010162601626,20.53074359893799
BitcoinTransactions,26,8,7,0.95,0.5,2,0.052041376103143,0.14285714285714285,1.0,20.661288499832153
BitcoinTransactions,26,8,7,0.95,0.5,3,0.05203092893504052,0.0,0.9997459349593496,20.653473377227783
BitcoinTransactions,26,8,7,0.95,0.5,4,0.05203525599732001,0.0,1.0,20.670738458633423
BitcoinTransactions,26,8,7,0.95,0.5,5,0.05203525599732001,0.0,1.0,20.652254581451416
BitcoinTransactions,26,8,7,1,0.5,1,0.051695980446416774,0.0,0.9851371951219512,20.653653144836426
BitcoinTransactions,26,8,7,1,0.5,2,0.05203525599732001,0.0,1.0,20.67161512374878
BitcoinTransactions,26,8,7,1,0.5,3,0.05203525599732001,0.0,1.0,20.62940239906311
BitcoinTransactions,26,8,7,1,0.5,4,0.05201852628921724,0.0,0.999364837398374,20.62997007369995
BitcoinTransactions,26,8,7,1,0.5,5,0.05343332154006714,0.25,1.0,20.45500683784485
BitcoinTransactions,27,9,0,0,,1,0.725457871624434,0.0035714285714285713,0.13467157921483927,
BitcoinTransactions,27,9,0,0,,2,0.8149417691361022,0.00980392156862745,0.1941303519247872,
BitcoinTransactions,27,9,0,0,,3,0.8683642160782586,0.004032258064516129,0.12247490788972176,
BitcoinTransactions,27,9,0,0,,4,0.933099901659161,0.01282051282051282,0.11739296150425613,
BitcoinTransactions,27,9,0,0,,5,0.7933193567035257,0.025,0.2680726718333122,
BitcoinTransactions,27,9,0,0.01,0.5,1,0.05255101099773342,0.0,0.9737009274552153,20.577326774597168
BitcoinTransactions,27,9,0,0.01,0.5,2,0.05203525599732001,0.0,1.0,20.64176034927368
BitcoinTransactions,27,9,0,0.01,0.5,3,0.053359145381236595,0.2,1.0,20.32824444770813
BitcoinTransactions,27,9,0,0.01,0.5,4,0.05203525599732001,0.0,1.0,20.647147178649902
BitcoinTransactions,27,9,0,0.01,0.5,5,0.05478892940247935,0.1,0.9006479481641468,20.249414682388306
BitcoinTransactions,27,9,0,0.05,0.5,1,0.05203525599732001,0.0,1.0,20.598912954330444
BitcoinTransactions,27,9,0,0.05,0.5,2,0.05203525599732001,0.0,1.0,20.58888053894043
BitcoinTransactions,27,9,0,0.05,0.5,3,0.05203525599732001,0.0,1.0,20.492268800735474
BitcoinTransactions,27,9,0,0.05,0.5,4,0.05203525599732001,0.0,1.0,20.765264749526978
BitcoinTransactions,27,9,0,0.05,0.5,5,0.05203525599732001,0.0,1.0,20.606128692626953
BitcoinTransactions,27,9,1,0.1,0.5,1,0.05202350905560474,0.0,0.9994918053614534,20.65985679626465
BitcoinTransactions,27,9,1,0.1,0.5,2,0.051793528742404824,0.0,0.9709058569432093,20.635270833969116
BitcoinTransactions,27,9,1,0.1,0.5,3,0.05199834309762131,0.0,0.9959344428916275,20.65161657333374
BitcoinTransactions,27,9,1,0.1,0.5,4,0.05203525599732001,0.0,1.0,20.666005849838257
BitcoinTransactions,27,9,1,0.1,0.5,5,0.05203525599732001,0.0,1.0,20.641584157943726
BitcoinTransactions,27,9,1,0.15,0.5,1,0.05203525599732001,0.0,1.0,20.502779006958008
BitcoinTransactions,27,9,1,0.15,0.5,2,0.05203525599732001,0.0,1.0,20.778958320617676
BitcoinTransactions,27,9,1,0.15,0.5,3,0.05203525599732001,0.0,1.0,20.66720747947693
BitcoinTransactions,27,9,1,0.15,0.5,4,0.05203525599732001,0.0,1.0,20.675074100494385
BitcoinTransactions,27,9,1,0.15,0.5,5,0.05203525599732001,0.0,1.0,20.641017198562622
BitcoinTransactions,27,9,2,0.2,0.5,1,0.05203525599732001,0.0,1.0,20.630467891693115
BitcoinTransactions,27,9,2,0.2,0.5,2,0.05203525599732001,0.0,1.0,20.62224054336548
BitcoinTransactions,27,9,2,0.2,0.5,3,0.051701306074790086,0.0,0.9897090585694321,20.624932527542114
BitcoinTransactions,27,9,2,0.2,0.5,4,0.05198550777380078,0.0,0.9992377080421802,20.646790504455566
BitcoinTransactions,27,9,2,0.2,0.5,5,0.05292861370567983,0.0,0.7141405158175581,20.39203929901123
BitcoinTransactions,27,9,2,0.25,0.5,1,0.05203525599732001,0.0,1.0,20.640724420547485
BitcoinTransactions,27,9,2,0.25,0.5,2,0.05289914227061947,0.125,1.0,20.496246337890625
BitcoinTransactions,27,9,2,0.25,0.5,3,0.051652025778289576,0.0,0.9623935967475543,20.608555793762207
BitcoinTransactions,27,9,2,0.25,0.5,4,0.05203525599732001,0.0,1.0,20.58595323562622
BitcoinTransactions,27,9,2,0.25,0.5,5,0.0513867780959767,0.09523809523809523,0.9992377080421802,20.570125341415405
BitcoinTransactions,27,9,2,0.3,0.5,1,0.05203525599732001,0.0,1.0,20.629527807235718
BitcoinTransactions,27,9,2,0.3,0.5,2,0.052376357847748335,0.0,0.9404141786304154,20.390613794326782
BitcoinTransactions,27,9,2,0.3,0.5,3,0.05203525599732001,0.0,1.0,20.774306535720825
BitcoinTransactions,27,9,2,0.3,0.5,4,0.05164900682146407,0.0,0.9697624190064795,20.598022937774658
BitcoinTransactions,27,9,2,0.3,0.5,5,0.053561266216995924,0.16666666666666666,1.0,20.194047212600708
BitcoinTransactions,27,9,3,0.35,0.5,1,0.05315160898396815,0.0,0.8787955787066446,20.653415203094482
BitcoinTransactions,27,9,3,0.35,0.5,2,0.05354998996382299,0.0625,0.9865328420785161,20.287519454956055
BitcoinTransactions,27,9,3,0.35,0.5,3,0.05203525599732001,0.0,1.0,20.637244701385498
BitcoinTransactions,27,9,3,0.35,0.5,4,0.052665379150687607,0.0,0.8500825816287638,20.50861144065857
BitcoinTransactions,27,9,3,0.35,0.5,5,0.05406309849010069,0.2,1.0,20.254799604415894
BitcoinTransactions,27,9,3,0.4,0.5,1,0.05203525599732001,0.0,1.0,20.669763326644897
BitcoinTransactions,27,9,3,0.4,0.5,2,0.05203525599732001,0.0,1.0,20.663042068481445
BitcoinTransactions,27,9,3,0.4,0.5,3,0.05203525599732001,0.0,1.0,20.693750619888306
BitcoinTransactions,27,9,3,0.4,0.5,4,0.0520504899568261,0.0,0.9998729513403634,20.632166862487793
BitcoinTransactions,27,9,3,0.4,0.5,5,0.05203525599732001,0.0,1.0,20.661267280578613
BitcoinTransactions,27,9,4,0.45,0.5,1,0.05203525599732001,0.0,1.0,20.64800763130188
BitcoinTransactions,27,9,4,0.45,0.5,2,0.05203525599732001,0.0,1.0,20.67015504837036
BitcoinTransactions,27,9,4,0.45,0.5,3,0.05407615019490135,0.2,1.0,20.47143292427063
BitcoinTransactions,27,9,4,0.45,0.5,4,0.05203525599732001,0.0,1.0,20.661162614822388
BitcoinTransactions,27,9,4,0.45,0.5,5,0.05203525599732001,0.0,1.0,20.677123308181763
BitcoinTransactions,27,9,4,0.5,0.5,1,0.05199208509279079,0.0,0.9983483674247237,20.6287944316864
BitcoinTransactions,27,9,4,0.5,0.5,2,0.05203525599732001,0.0,1.0,20.503596544265747
BitcoinTransactions,27,9,4,0.5,0.5,3,0.05203525599732001,0.0,1.0,20.79409670829773
BitcoinTransactions,27,9,4,0.5,0.5,4,0.051936182029872706,0.0,0.9956803455723542,20.662338972091675
BitcoinTransactions,27,9,4,0.5,0.5,5,0.0535292356438537,0.16666666666666666,1.0,20.423229932785034
BitcoinTransactions,27,9,4,0.55,0.5,1,0.05423279324195866,0.0,0.6074196417227798,20.352933645248413
BitcoinTransactions,27,9,4,0.55,0.5,2,0.05431464612212292,0.041666666666666664,0.9965696861898107,20.368045568466187
BitcoinTransactions,27,9,4,0.55,0.5,3,0.05203525599732001,0.0,1.0,20.62169313430786
BitcoinTransactions,27,9,4,0.55,0.5,4,0.05203525599732001,0.0,1.0,20.58692455291748
BitcoinTransactions,27,9,4,0.55,0.5,5,0.05203525599732001,0.0,1.0,20.603689908981323
BitcoinTransactions,27,9,5,0.6,0.5,1,0.05203525599732001,0.0,1.0,20.576350212097168
BitcoinTransactions,27,9,5,0.6,0.5,2,0.054292618838198275,0.14285714285714285,1.0,20.254701137542725
BitcoinTransactions,27,9,5,0.6,0.5,3,0.05203525599732001,0.0,1.0,20.566370964050293
BitcoinTransactions,27,9,5,0.6,0.5,4,0.05290455040836822,0.16666666666666666,1.0,20.276247262954712
BitcoinTransactions,27,9,5,0.6,0.5,5,0.05203525599732001,0.0,1.0,20.61085605621338
BitcoinTransactions,27,9,5,0.65,0.5,1,0.0536562960836863,0.2,1.0,20.32095956802368
BitcoinTransactions,27,9,5,0.65,0.5,2,0.05203525599732001,0.0,1.0,20.602131843566895
BitcoinTransactions,27,9,5,0.65,0.5,3,0.05203525599732001,0.0,1.0,20.600643634796143
BitcoinTransactions,27,9,5,0.65,0.5,4,0.05203525599732001,0.0,1.0,20.617207527160645
BitcoinTransactions,27,9,5,0.65,0.5,5,0.052049668789353944,0.0,0.9991106593825435,20.592193841934204
BitcoinTransactions,27,9,6,0.7,0.5,1,0.05203525599732001,0.0,1.0,20.576801300048828
BitcoinTransactions,27,9,6,0.7,0.5,2,0.052665754016637915,0.0,0.9191970524710964,20.4850332736969
BitcoinTransactions,27,9,6,0.7,0.5,3,0.05203525599732001,0.0,1.0,20.60872173309326
BitcoinTransactions,27,9,6,0.7,0.5,4,0.05499246264686034,0.2,1.0,20.259316444396973
BitcoinTransactions,27,9,6,0.7,0.5,5,0.05203525599732001,0.0,1.0,20.611924648284912
BitcoinTransactions,27,9,6,0.75,0.5,1,0.05373223301117644,0.1,0.9997459026807267,20.310659170150757
BitcoinTransactions,27,9,6,0.75,0.5,2,0.05203525599732001,0.0,1.0,20.624361991882324
BitcoinTransactions,27,9,6,0.75,0.5,3,0.05203525599732001,0.0,1.0,20.612579345703125
BitcoinTransactions,27,9,6,0.75,0.5,4,0.05468883621252498,0.0,0.8042180154999364,20.37836742401123
BitcoinTransactions,27,9,6,0.75,0.5,5,0.05203525599732001,0.0,1.0,20.600830078125
BitcoinTransactions,27,9,6,0.8,0.5,1,0.05204724295187085,0.0,0.9998729513403634,20.56966471672058
BitcoinTransactions,27,9,6,0.8,0.5,2,0.05203525599732001,0.0,1.0,20.569908380508423
BitcoinTransactions,27,9,6,0.8,0.5,3,0.05203525599732001,0.0,1.0,20.57651162147522
BitcoinTransactions,27,9,6,0.8,0.5,4,0.051871284803930724,0.0,0.9555329691271757,20.547168731689453
BitcoinTransactions,27,9,6,0.8,0.5,5,0.054229537217284476,0.0625,0.9997459026807267,20.32913827896118
BitcoinTransactions,27,9,7,0.85,0.5,1,0.052264323011194894,0.0,0.998221318765087,20.576072931289673
BitcoinTransactions,27,9,7,0.85,0.5,2,0.053263847140532714,0.1,0.9965696861898107,20.267231464385986
BitcoinTransactions,27,9,7,0.85,0.5,3,0.05203525599732001,0.0,1.0,20.72851300239563
BitcoinTransactions,27,9,7,0.85,0.5,4,0.05203525599732001,0.0,1.0,20.60788083076477
BitcoinTransactions,27,9,7,0.85,0.5,5,0.05203525599732001,0.0,1.0,20.603534698486328
BitcoinTransactions,27,9,7,0.9,0.5,1,0.05451225001888421,0.041666666666666664,0.7832549866598907,20.20643925666809
BitcoinTransactions,27,9,7,0.9,0.5,2,0.05203525599732001,0.0,1.0,20.622775554656982
BitcoinTransactions,27,9,7,0.9,0.5,3,0.05203525599732001,0.0,1.0,20.60845923423767
BitcoinTransactions,27,9,7,0.9,0.5,4,0.05203525599732001,0.0,1.0,20.617249011993408
BitcoinTransactions,27,9,7,0.9,0.5,5,0.053795191267225165,0.16666666666666666,1.0,20.291696548461914
BitcoinTransactions,27,9,8,0.95,0.5,1,0.05203525599732001,0.0,1.0,20.572152137756348
BitcoinTransactions,27,9,8,0.95,0.5,2,0.05203525599732001,0.0,1.0,20.589051485061646
BitcoinTransactions,27,9,8,0.95,0.5,3,0.05225356294444649,0.0,0.9789099225003176,20.59359383583069
BitcoinTransactions,27,9,8,0.95,0.5,4,0.0520988729063737,0.0,0.986913988057426,20.512866973876953
BitcoinTransactions,27,9,8,0.95,0.5,5,0.05203525599732001,0.0,1.0,20.58942484855652
BitcoinTransactions,27,9,8,1,0.5,1,0.0531469362332696,0.07142857142857142,0.9889467666116123,20.298844814300537
BitcoinTransactions,27,9,8,1,0.5,2,0.05203525599732001,0.0,1.0,20.586715698242188
BitcoinTransactions,27,9,8,1,0.5,3,0.05200231724927303,0.0,0.9996188540210901,20.600627660751343
BitcoinTransactions,27,9,8,1,0.5,4,0.05203525599732001,0.0,1.0,20.585242986679077
BitcoinTransactions,27,9,8,1,0.5,5,0.051776794979210915,0.0,0.986913988057426,21.076934337615967
BitcoinTransactions,28,15,0,0,,1,0.8338815448629112,0.018433179723502304,0.2530197075651621,
BitcoinTransactions,28,15,0,0,,2,0.8496908396278481,0.0,0.02301335028607756,
BitcoinTransactions,28,15,0,0,,3,0.8456451807008329,0.009216589861751152,0.1880483153210426,
BitcoinTransactions,28,15,0,0,,4,0.8313589913377738,0.019230769230769232,0.22250476795931343,
BitcoinTransactions,28,15,0,0,,5,0.8210788932597339,0.02,0.21869040050858232,
BitcoinTransactions,28,15,0,0.01,0.5,1,0.05203525599732001,0.0,1.0,20.91470217704773
BitcoinTransactions,28,15,0,0.01,0.5,2,0.05203525599732001,0.0,1.0,20.948824167251587
BitcoinTransactions,28,15,0,0.01,0.5,3,0.051858749490392944,0.0,0.9944055944055944,20.952886819839478
BitcoinTransactions,28,15,0,0.01,0.5,4,0.05203525599732001,0.0,1.0,20.365728616714478
BitcoinTransactions,28,15,0,0.01,0.5,5,0.05220407440066635,0.0,0.9832167832167832,20.497248649597168
BitcoinTransactions,28,15,1,0.05,0.5,1,0.0536712123487028,0.027777777777777776,0.996439923712651,20.476707458496094
BitcoinTransactions,28,15,1,0.05,0.5,2,0.05203525599732001,0.0,1.0,20.696784019470215
BitcoinTransactions,28,15,1,0.05,0.5,3,0.05203525599732001,0.0,1.0,20.691102981567383
BitcoinTransactions,28,15,1,0.05,0.5,4,0.05203525599732001,0.0,1.0,20.691231727600098
BitcoinTransactions,28,15,1,0.05,0.5,5,0.053717953235219454,0.045454545454545456,0.9590591226954863,20.326396703720093
BitcoinTransactions,28,15,1,0.1,0.5,1,0.05203525599732001,0.0,1.0,20.62060022354126
BitcoinTransactions,28,15,1,0.1,0.5,2,0.052321178636097636,0.125,1.0,20.396151065826416
BitcoinTransactions,28,15,1,0.1,0.5,3,0.05203525599732001,0.0,1.0,20.489518404006958
BitcoinTransactions,28,15,1,0.1,0.5,4,0.05203525599732001,0.0,1.0,20.544249534606934
BitcoinTransactions,28,15,1,0.1,0.5,5,0.05203525599732001,0.0,1.0,20.520652770996094
BitcoinTransactions,28,15,2,0.15,0.5,1,0.05203525599732001,0.0,1.0,20.53619885444641
BitcoinTransactions,28,15,2,0.15,0.5,2,0.05203525599732001,0.0,1.0,20.544925928115845
BitcoinTransactions,28,15,2,0.15,0.5,3,0.05197029802732241,0.0,0.9974570883661793,20.521321773529053
BitcoinTransactions,28,15,2,0.15,0.5,4,0.05447317291865548,0.0,0.7020979020979021,20.28083372116089
BitcoinTransactions,28,15,2,0.15,0.5,5,0.05203525599732001,0.0,1.0,20.53614854812622
BitcoinTransactions,28,15,3,0.2,0.5,1,0.05203525599732001,0.0,1.0,20.546347856521606
BitcoinTransactions,28,15,3,0.2,0.5,2,0.05203525599732001,0.0,1.0,20.526865482330322
BitcoinTransactions,28,15,3,0.2,0.5,3,0.05203525599732001,0.0,1.0,20.462319374084473
BitcoinTransactions,28,15,3,0.2,0.5,4,0.05203525599732001,0.0,1.0,20.447697639465332
BitcoinTransactions,28,15,3,0.2,0.5,5,0.05203525599732001,0.0,1.0,20.470155000686646
BitcoinTransactions,28,15,4,0.25,0.5,1,0.05203525599732001,0.0,1.0,20.44271731376648
BitcoinTransactions,28,15,4,0.25,0.5,2,0.05394596687778541,0.045454545454545456,0.9886840432294978,20.270137786865234
BitcoinTransactions,28,15,4,0.25,0.5,3,0.05203525599732001,0.0,1.0,20.454780340194702
BitcoinTransactions,28,15,4,0.25,0.5,4,0.05203395499924076,0.0,0.999872854418309,20.43398928642273
BitcoinTransactions,28,15,4,0.25,0.5,5,0.051948719600286714,0.0,0.9983471074380166,20.29000186920166
BitcoinTransactions,28,15,4,0.3,0.5,1,0.05203525599732001,0.0,1.0,20.539066553115845
BitcoinTransactions,28,15,4,0.3,0.5,2,0.05203525599732001,0.0,1.0,20.443650007247925
BitcoinTransactions,28,15,4,0.3,0.5,3,0.05203525599732001,0.0,1.0,20.425219774246216
BitcoinTransactions,28,15,4,0.3,0.5,4,0.051857988960945484,0.0,0.9869040050858233,20.428938627243042
BitcoinTransactions,28,15,4,0.3,0.5,5,0.05247113713164793,0.0,0.9980928162746344,20.4969322681427
BitcoinTransactions,28,15,5,0.35,0.5,1,0.05203525599732001,0.0,1.0,20.501499891281128
BitcoinTransactions,28,15,5,0.35,0.5,2,0.051907882157221856,0.0,0.9969485060394151,20.489096879959106
BitcoinTransactions,28,15,5,0.35,0.5,3,0.05203525599732001,0.0,1.0,20.498584985733032
BitcoinTransactions,28,15,5,0.35,0.5,4,0.05357387466126472,0.125,0.9993642720915448,20.20721125602722
BitcoinTransactions,28,15,5,0.35,0.5,5,0.05203525599732001,0.0,1.0,20.486196756362915
BitcoinTransactions,28,15,6,0.4,0.5,1,0.05203525599732001,0.0,1.0,20.625622510910034
BitcoinTransactions,28,15,6,0.4,0.5,2,0.052075578966657175,0.0,0.9994914176732359,20.439583778381348
BitcoinTransactions,28,15,6,0.4,0.5,3,0.05564797754192364,0.07142857142857142,1.0,20.16877293586731
BitcoinTransactions,28,15,6,0.4,0.5,4,0.05203525599732001,0.0,1.0,20.431586027145386
BitcoinTransactions,28,15,6,0.4,0.5,5,0.05203525599732001,0.0,1.0,20.305108547210693
BitcoinTransactions,28,15,6,0.45,0.5,1,0.05203525599732001,0.0,1.0,20.574256896972656
BitcoinTransactions,28,15,6,0.45,0.5,2,0.05203525599732001,0.0,1.0,20.422679901123047
BitcoinTransactions,28,15,6,0.45,0.5,3,0.051790537740966036,0.0,0.9922441195168468,20.433539628982544
BitcoinTransactions,28,15,6,0.45,0.5,4,0.05203525599732001,0.0,1.0,20.441646337509155
BitcoinTransactions,28,15,6,0.45,0.5,5,0.05203525599732001,0.0,1.0,20.44066548347473
BitcoinTransactions,28,15,7,0.5,0.5,1,0.05369448336289352,0.07692307692307693,1.0,20.334259033203125
BitcoinTransactions,28,15,7,0.5,0.5,2,0.052021253490445785,0.0,0.9989828353464717,20.453697681427002
BitcoinTransactions,28,15,7,0.5,0.5,3,0.05203525599732001,0.0,1.0,20.430946588516235
BitcoinTransactions,28,15,7,0.5,0.5,4,0.05239416565535453,0.0,0.9295613477431659,20.347076177597046
BitcoinTransactions,28,15,7,0.5,0.5,5,0.05203525599732001,0.0,1.0,20.422898769378662
BitcoinTransactions,28,15,8,0.55,0.5,1,0.055050270556365376,0.019230769230769232,0.9780038143674508,20.098469257354736
BitcoinTransactions,28,15,8,0.55,0.5,2,0.05209778484511591,0.07142857142857142,1.0,20.406378746032715
BitcoinTransactions,28,15,8,0.55,0.5,3,0.05203525599732001,0.0,1.0,20.46632695198059
BitcoinTransactions,28,15,8,0.55,0.5,4,0.05203525599732001,0.0,1.0,20.483239889144897
BitcoinTransactions,28,15,8,0.55,0.5,5,0.05203525599732001,0.0,1.0,20.47782874107361
BitcoinTransactions,28,15,8,0.6,0.5,1,0.05203525599732001,0.0,1.0,20.49231219291687
BitcoinTransactions,28,15,8,0.6,0.5,2,0.05209888790804697,0.07692307692307693,1.0,20.47872543334961
BitcoinTransactions,28,15,8,0.6,0.5,3,0.05203525599732001,0.0,1.0,20.488912343978882
BitcoinTransactions,28,15,8,0.6,0.5,4,0.05349033524118404,0.06060606060606061,0.999745708836618,20.304156064987183
BitcoinTransactions,28,15,8,0.6,0.5,5,0.05203525599732001,0.0,1.0,20.401750564575195
BitcoinTransactions,28,15,9,0.65,0.5,1,0.05203525599732001,0.0,1.0,20.40400743484497
BitcoinTransactions,28,15,9,0.65,0.5,2,0.051979727249575995,0.0,0.9969485060394151,20.40072774887085
BitcoinTransactions,28,15,9,0.65,0.5,3,0.05187955980788747,0.0,0.9856325492689129,20.35729670524597
BitcoinTransactions,28,15,9,0.65,0.5,4,0.05203525599732001,0.0,1.0,20.37315821647644
BitcoinTransactions,28,15,9,0.65,0.5,5,0.05203525599732001,0.0,1.0,20.361058712005615
BitcoinTransactions,28,15,10,0.7,0.5,1,0.05203525599732001,0.0,1.0,20.36856245994568
BitcoinTransactions,28,15,10,0.7,0.5,2,0.052963663509132855,0.0,0.9589319771137953,20.36497402191162
BitcoinTransactions,28,15,10,0.7,0.5,3,0.0520542857142899,0.038461538461538464,0.9989828353464717,20.387818336486816
BitcoinTransactions,28,15,10,0.7,0.5,4,0.05315762501713247,0.08333333333333333,1.0,20.185046672821045
BitcoinTransactions,28,15,10,0.7,0.5,5,0.05416154462136287,0.07692307692307693,1.0,20.192573308944702
BitcoinTransactions,28,15,10,0.75,0.5,1,0.05206632238802598,0.038461538461538464,0.9986013986013986,20.38743233680725
BitcoinTransactions,28,15,10,0.75,0.5,2,0.053345828286544786,0.0,0.9038779402415766,20.26290774345398
BitcoinTransactions,28,15,10,0.75,0.5,3,0.05205568687767395,0.0,0.999872854418309,20.36748433113098
BitcoinTransactions,28,15,10,0.75,0.5,4,0.05203525599732001,0.0,1.0,20.382877588272095
BitcoinTransactions,28,15,10,0.75,0.5,5,0.05204821255586336,0.0,0.9992371265098537,20.388543128967285
BitcoinTransactions,28,15,11,0.8,0.5,1,0.05204071644234468,0.0,0.9992371265098537,20.393735647201538
BitcoinTransactions,28,15,11,0.8,0.5,2,0.05203525599732001,0.0,1.0,20.374568223953247
BitcoinTransactions,28,15,11,0.8,0.5,3,0.05203525599732001,0.0,1.0,20.389325857162476
BitcoinTransactions,28,15,11,0.8,0.5,4,0.05203525599732001,0.0,1.0,20.401789665222168
BitcoinTransactions,28,15,11,0.8,0.5,5,0.05203525599732001,0.0,1.0,20.381040334701538
BitcoinTransactions,28,15,12,0.85,0.5,1,0.05341449806676247,0.07142857142857142,1.0,20.15766191482544
BitcoinTransactions,28,15,12,0.85,0.5,2,0.05181087560843426,0.0,0.9902097902097902,20.386775016784668
BitcoinTransactions,28,15,12,0.85,0.5,3,0.052942840306596094,0.125,1.0,20.008116960525513
BitcoinTransactions,28,15,12,0.85,0.5,4,0.05203525599732001,0.0,1.0,20.296886444091797
BitcoinTransactions,28,15,12,0.85,0.5,5,0.05203525599732001,0.0,1.0,20.26385259628296
BitcoinTransactions,28,15,13,0.9,0.5,1,0.05259454604738797,0.05555555555555555,0.999872854418309,20.136934995651245
BitcoinTransactions,28,15,13,0.9,0.5,2,0.05412923597903657,0.0,0.8611570247933884,20.099168300628662
BitcoinTransactions,28,15,13,0.9,0.5,3,0.051952042174473835,0.0,0.9717736808645899,20.230862379074097
BitcoinTransactions,28,15,13,0.9,0.5,4,0.05203525599732001,0.0,1.0,20.228638410568237
BitcoinTransactions,28,15,13,0.9,0.5,5,0.05328423494788909,0.05128205128205128,0.8039415130324221,20.009077310562134
BitcoinTransactions,28,15,13,0.95,0.5,1,0.05203525599732001,0.0,1.0,20.253824472427368
BitcoinTransactions,28,15,13,0.95,0.5,2,0.05203525599732001,0.0,1.0,20.26270866394043
BitcoinTransactions,28,15,13,0.95,0.5,3,0.05203525599732001,0.0,1.0,20.25330901145935
BitcoinTransactions,28,15,13,0.95,0.5,4,0.05203525599732001,0.0,1.0,20.275360107421875
BitcoinTransactions,28,15,13,0.95,0.5,5,0.052500566694177624,0.07692307692307693,1.0,20.494441270828247
BitcoinTransactions,28,15,14,1,0.5,1,0.052010382847137666,0.0,0.9992371265098537,20.088088274002075
BitcoinTransactions,28,15,14,1,0.5,2,0.05203525599732001,0.0,1.0,20.34053111076355
BitcoinTransactions,28,15,14,1,0.5,3,0.054573643482187656,0.05555555555555555,0.9950413223140496,19.880824089050293
BitcoinTransactions,28,15,14,1,0.5,4,0.05288742415279557,0.041666666666666664,0.999872854418309,20.109092712402344
BitcoinTransactions,28,15,14,1,0.5,5,0.051587682431135165,0.0,0.9736808645899555,20.19478178024292
BitcoinTransactions,29,21,0,0,,1,0.8550420682447437,0.007246376811594203,0.15956228527802518,
BitcoinTransactions,29,21,0,0,,2,0.7401720417064968,0.0,0.015141875556686602,
BitcoinTransactions,29,21,0,0,,3,0.8486948456284742,0.0,0.0010179412138948975,
BitcoinTransactions,29,21,0,0,,4,0.9049664731463068,0.007653061224489796,0.08398015014632905,
BitcoinTransactions,29,21,0,0,,5,0.8508073700716887,0.004464285714285714,0.14518386563175978,
BitcoinTransactions,29,21,0,0.01,0.5,1,0.05203525599732001,0.0,1.0,20.187746286392212
BitcoinTransactions,29,21,0,0.01,0.5,2,0.052281884593981524,0.0,0.9983458455274208,20.821537971496582
BitcoinTransactions,29,21,0,0.01,0.5,3,0.05203525599732001,0.0,1.0,20.74418592453003
BitcoinTransactions,29,21,0,0.01,0.5,4,0.05203065372482167,0.0,0.9993637867413157,20.673340797424316
BitcoinTransactions,29,21,0,0.01,0.5,5,0.05295055501514428,0.0,0.9111846290876702,20.051218271255493
BitcoinTransactions,29,21,1,0.05,0.5,1,0.05203525599732001,0.0,1.0,20.223987579345703
BitcoinTransactions,29,21,1,0.05,0.5,2,0.05203525599732001,0.0,1.0,20.220640182495117
BitcoinTransactions,29,21,1,0.05,0.5,3,0.054762324927540636,0.0392156862745098,0.9980913602239471,19.85467791557312
BitcoinTransactions,29,21,1,0.05,0.5,4,0.051478862257132246,0.08333333333333333,1.0,20.154690980911255
BitcoinTransactions,29,21,1,0.05,0.5,5,0.05175339915311852,0.0,0.9755694108665225,20.802676916122437
BitcoinTransactions,29,21,2,0.1,0.5,1,0.05592151980069358,0.0625,1.0,20.405833959579468
BitcoinTransactions,29,21,2,0.1,0.5,2,0.05180453265230339,0.05555555555555555,1.0,22.670162677764893
BitcoinTransactions,29,21,2,0.1,0.5,3,0.05203525599732001,0.0,1.0,22.661279916763306
BitcoinTransactions,29,21,2,0.1,0.5,4,0.051970971344368386,0.0,0.9816770581498918,20.68355655670166
BitcoinTransactions,29,21,2,0.1,0.5,5,0.05203525599732001,0.0,1.0,20.194294452667236
BitcoinTransactions,29,21,3,0.15,0.5,1,0.05203525599732001,0.0,1.0,20.189362049102783
BitcoinTransactions,29,21,3,0.15,0.5,2,0.052009133538640145,0.0,0.9996182720447894,20.096505880355835
BitcoinTransactions,29,21,3,0.15,0.5,3,0.05203525599732001,0.0,1.0,20.821035861968994
BitcoinTransactions,29,21,3,0.15,0.5,4,0.052824022910606894,0.0,0.9264537472960936,20.64583110809326
BitcoinTransactions,29,21,3,0.15,0.5,5,0.052812519801751445,0.07142857142857142,1.0,20.6383957862854
BitcoinTransactions,29,21,4,0.2,0.5,1,0.05203525599732001,0.0,1.0,20.19493818283081
BitcoinTransactions,29,21,4,0.2,0.5,2,0.05356672333983028,0.027777777777777776,0.9865122789158927,20.634573221206665
BitcoinTransactions,29,21,4,0.2,0.5,3,0.05203525599732001,0.0,1.0,20.746429443359375
BitcoinTransactions,29,21,4,0.2,0.5,4,0.05323863179004903,0.030303030303030304,0.9790049624634177,22.404480695724487
BitcoinTransactions,29,21,4,0.2,0.5,5,0.05203525599732001,0.0,1.0,22.66146159172058
BitcoinTransactions,29,21,5,0.25,0.5,1,0.05201951133226345,0.0,0.9997455146965263,20.755390167236328
BitcoinTransactions,29,21,5,0.25,0.5,2,0.05156460119864526,0.0,0.978750477159944,20.1923348903656
BitcoinTransactions,29,21,5,0.25,0.5,3,0.05203525599732001,0.0,1.0,20.180212259292603
BitcoinTransactions,29,21,5,0.25,0.5,4,0.05203525599732001,0.0,1.0,20.831341981887817
BitcoinTransactions,29,21,5,0.25,0.5,5,0.05203525599732001,0.0,1.0,20.742691040039062
BitcoinTransactions,29,21,6,0.3,0.5,1,0.05194625648316555,0.0,0.9970734190100522,22.620969772338867
BitcoinTransactions,29,21,6,0.3,0.5,2,0.05203525599732001,0.0,1.0,20.740635633468628
BitcoinTransactions,29,21,6,0.3,0.5,3,0.05191404061632377,0.0,0.9904568011197353,20.706397533416748
BitcoinTransactions,29,21,6,0.3,0.5,4,0.05210558428196266,0.05,1.0,20.825927257537842
BitcoinTransactions,29,21,6,0.3,0.5,5,0.05203525599732001,0.0,1.0,20.717880964279175
BitcoinTransactions,29,21,7,0.35,0.5,1,0.05362935737643977,0.05263157894736842,1.0,22.590977668762207
BitcoinTransactions,29,21,7,0.35,0.5,2,0.05203525599732001,0.0,1.0,20.274866819381714
BitcoinTransactions,29,21,7,0.35,0.5,3,0.05203525599732001,0.0,1.0,20.659834146499634
BitcoinTransactions,29,21,7,0.35,0.5,4,0.05203525599732001,0.0,1.0,20.750366926193237
BitcoinTransactions,29,21,7,0.35,0.5,5,0.05195702124155916,0.0,0.998218602875684,20.73679828643799
BitcoinTransactions,29,21,8,0.4,0.5,1,0.05248427702593074,0.017543859649122806,0.9886754039954193,22.584846258163452
BitcoinTransactions,29,21,8,0.4,0.5,2,0.05203525599732001,0.0,1.0,20.680037260055542
BitcoinTransactions,29,21,8,0.4,0.5,3,0.05203525599732001,0.0,1.0,20.864811182022095
BitcoinTransactions,29,21,8,0.4,0.5,4,0.05203525599732001,0.0,1.0,20.183045387268066
BitcoinTransactions,29,21,8,0.4,0.5,5,0.05203525599732001,0.0,1.0,20.81529450416565
BitcoinTransactions,29,21,9,0.45,0.5,1,0.05203525599732001,0.0,1.0,20.778629541397095
BitcoinTransactions,29,21,9,0.45,0.5,2,0.05203525599732001,0.0,1.0,22.681262731552124
BitcoinTransactions,29,21,9,0.45,0.5,3,0.05203525599732001,0.0,1.0,20.70549178123474
BitcoinTransactions,29,21,9,0.45,0.5,4,0.054054807538998106,0.03125,0.9992365440895788,20.57323932647705
BitcoinTransactions,29,21,9,0.45,0.5,5,0.05203525599732001,0.0,1.0,20.196324110031128
BitcoinTransactions,29,21,10,0.5,0.5,1,0.05203525599732001,0.0,1.0,20.20459246635437
BitcoinTransactions,29,21,10,0.5,0.5,2,0.05203525599732001,0.0,1.0,20.21549105644226
BitcoinTransactions,29,21,10,0.5,0.5,3,0.052627978667525326,0.05,1.0,20.172643184661865
BitcoinTransactions,29,21,10,0.5,0.5,4,0.05203525599732001,0.0,1.0,20.82490849494934
BitcoinTransactions,29,21,10,0.5,0.5,5,0.052071838646391366,0.0,0.9996182720447894,20.729564666748047
BitcoinTransactions,29,21,11,0.55,0.5,1,0.05214068012665809,0.0,0.9921109555923145,22.69290328025818
BitcoinTransactions,29,21,11,0.55,0.5,2,0.05203525599732001,0.0,1.0,20.752758026123047
BitcoinTransactions,29,21,11,0.55,0.5,3,0.05203525599732001,0.0,1.0,20.707542896270752
BitcoinTransactions,29,21,11,0.55,0.5,4,0.05203525599732001,0.0,1.0,20.83238172531128
BitcoinTransactions,29,21,11,0.55,0.5,5,0.052017845530145185,0.0,0.9997455146965263,20.74535346031189
BitcoinTransactions,29,21,12,0.6,0.5,1,0.05203525599732001,0.0,1.0,22.66058850288391
BitcoinTransactions,29,21,12,0.6,0.5,2,0.05203525599732001,0.0,1.0,20.230860471725464
BitcoinTransactions,29,21,12,0.6,0.5,3,0.05203525599732001,0.0,1.0,20.689587116241455
BitcoinTransactions,29,21,12,0.6,0.5,4,0.05404767625756966,0.08333333333333333,1.0,20.592515468597412
BitcoinTransactions,29,21,12,0.6,0.5,5,0.053811544634697554,0.07692307692307693,1.0,20.497055053710938
BitcoinTransactions,29,21,13,0.65,0.5,1,0.05198719101905183,0.05,1.0,22.749435663223267
BitcoinTransactions,29,21,13,0.65,0.5,2,0.05203525599732001,0.0,1.0,22.66906476020813
BitcoinTransactions,29,21,13,0.65,0.5,3,0.05203525599732001,0.0,1.0,20.690853595733643
BitcoinTransactions,29,21,13,0.65,0.5,4,0.05203525599732001,0.0,1.0,20.21874451637268
BitcoinTransactions,29,21,13,0.65,0.5,5,0.05203525599732001,0.0,1.0,20.765494346618652
BitcoinTransactions,29,21,14,0.7,0.5,1,0.05203525599732001,0.0,1.0,20.67084503173828
BitcoinTransactions,29,21,14,0.7,0.5,2,0.051962595579158055,0.0,0.9919837129405776,22.633538961410522
BitcoinTransactions,29,21,14,0.7,0.5,3,0.05203525599732001,0.0,1.0,20.762037754058838
BitcoinTransactions,29,21,14,0.7,0.5,4,0.0519462352308656,0.0,0.9980913602239471,20.684881448745728
BitcoinTransactions,29,21,14,0.7,0.5,5,0.0521581768009922,0.025,0.9988548161343682,20.753537893295288
BitcoinTransactions,29,21,15,0.75,0.5,1,0.05176638320797397,0.0,0.9809136022394707,20.64893412590027
BitcoinTransactions,29,21,15,0.75,0.5,2,0.05203466612290775,0.0,0.9993637867413157,22.78674864768982
BitcoinTransactions,29,21,15,0.75,0.5,3,0.05203525599732001,0.0,1.0,22.679242372512817
BitcoinTransactions,29,21,15,0.75,0.5,4,0.05203525599732001,0.0,1.0,20.75172233581543
BitcoinTransactions,29,21,15,0.75,0.5,5,0.05196118316109396,0.0,0.9983458455274208,20.232430458068848
BitcoinTransactions,29,21,16,0.8,0.5,1,0.05203525599732001,0.0,1.0,20.757981777191162
BitcoinTransactions,29,21,16,0.8,0.5,2,0.05203525599732001,0.0,1.0,20.69220995903015
BitcoinTransactions,29,21,16,0.8,0.5,3,0.05203525599732001,0.0,1.0,22.668939352035522
BitcoinTransactions,29,21,16,0.8,0.5,4,0.05203525599732001,0.0,1.0,20.72649049758911
BitcoinTransactions,29,21,16,0.8,0.5,5,0.05202822120332799,0.0,0.9998727573482631,20.843002796173096
BitcoinTransactions,29,21,17,0.85,0.5,1,0.05203525599732001,0.0,1.0,21.2065532207489
BitcoinTransactions,29,21,17,0.85,0.5,2,0.05203525599732001,0.0,1.0,21.07725238800049
BitcoinTransactions,29,21,17,0.85,0.5,3,0.05139434198516204,0.0,0.9740424990456801,21.079618453979492
BitcoinTransactions,29,21,17,0.85,0.5,4,0.05203525599732001,0.0,1.0,21.072986364364624
BitcoinTransactions,29,21,17,0.85,0.5,5,0.05204315337063009,0.0,0.9998727573482631,21.079858779907227
BitcoinTransactions,29,21,18,0.9,0.5,1,0.05203525599732001,0.0,1.0,20.56508708000183
BitcoinTransactions,29,21,18,0.9,0.5,2,0.0520504899568261,0.0,0.9998727573482631,21.114459991455078
BitcoinTransactions,29,21,18,0.9,0.5,3,0.05203439925705754,0.0,0.9998727573482631,21.09006690979004
BitcoinTransactions,29,21,18,0.9,0.5,4,0.05423289340597939,0.06060606060606061,0.9998727573482631,20.82572650909424
BitcoinTransactions,29,21,18,0.9,0.5,5,0.05330018071344529,0.08333333333333333,1.0,20.779460906982422
BitcoinTransactions,29,21,19,0.95,0.5,1,0.05203525599732001,0.0,1.0,21.06451964378357
BitcoinTransactions,29,21,19,0.95,0.5,2,0.05334485821012568,0.05,1.0,20.425353050231934
BitcoinTransactions,29,21,19,0.95,0.5,3,0.05203525599732001,0.0,1.0,20.599376678466797
BitcoinTransactions,29,21,19,0.95,0.5,4,0.05202004933467788,0.0,0.9996182720447894,20.6008563041687
BitcoinTransactions,29,21,19,0.95,0.5,5,0.05203525599732001,0.0,1.0,20.58217716217041
BitcoinTransactions,29,21,20,1,0.5,1,0.052978502117677885,0.05555555555555555,1.0,20.368616819381714
BitcoinTransactions,29,21,20,1,0.5,2,0.05203525599732001,0.0,1.0,20.567383766174316
BitcoinTransactions,29,21,20,1,0.5,3,0.0541914926472061,0.07692307692307693,1.0,20.23517918586731
BitcoinTransactions,29,21,20,1,0.5,4,0.05203525599732001,0.0,1.0,20.55810046195984
BitcoinTransactions,29,21,20,1,0.5,5,0.05203525599732001,0.0,1.0,20.582788228988647
BitcoinTransactions,30,19,0,0,,1,0.7940925102051237,0.005698005698005698,0.24208116015774075,
BitcoinTransactions,30,19,0,0,,2,0.803470297539879,0.00909090909090909,0.20544459992367384,
BitcoinTransactions,30,19,0,0,,3,0.8879869849680692,0.0,0.018063859559852437,
BitcoinTransactions,30,19,0,0,,4,0.7843111154556064,0.0,0.10291311537972268,
BitcoinTransactions,30,19,0,0,,5,0.8414857979940973,0.012096774193548387,0.1672815163465208,
BitcoinTransactions,30,19,0,0.01,0.5,1,0.052035833786357746,0.0,0.9950387991349701,20.53412413597107
BitcoinTransactions,30,19,0,0.01,0.5,2,0.051787809295106395,0.0,0.9921129627273884,20.505213260650635
BitcoinTransactions,30,19,0,0.01,0.5,3,0.05325645189393808,0.0625,1.0,20.421578645706177
BitcoinTransactions,30,19,0,0.01,0.5,4,0.05196927300385071,0.0,0.9977102149853708,20.56301736831665
BitcoinTransactions,30,19,0,0.01,0.5,5,0.05206302473146009,0.0,0.9992367383284569,20.601049423217773
BitcoinTransactions,30,19,1,0.05,0.5,1,0.05266435233912491,0.018518518518518517,0.9989823177712759,20.5224711894989
BitcoinTransactions,30,19,1,0.05,0.5,2,0.05203525599732001,0.0,1.0,20.597222328186035
BitcoinTransactions,30,19,1,0.05,0.5,3,0.05203525599732001,0.0,1.0,20.602253675460815
BitcoinTransactions,30,19,1,0.05,0.5,4,0.05203525599732001,0.0,1.0,20.52923059463501
BitcoinTransactions,30,19,1,0.05,0.5,5,0.05179377201231135,0.0,0.9876606029767205,20.557316780090332
BitcoinTransactions,30,19,2,0.1,0.5,1,0.05203525599732001,0.0,1.0,20.55665421485901
BitcoinTransactions,30,19,2,0.1,0.5,2,0.054679885211831245,0.08333333333333333,0.9959292710851037,20.21156072616577
BitcoinTransactions,30,19,2,0.1,0.5,3,0.05203525599732001,0.0,1.0,20.603538036346436
BitcoinTransactions,30,19,2,0.1,0.5,4,0.05203525599732001,0.0,1.0,20.601579666137695
BitcoinTransactions,30,19,2,0.1,0.5,5,0.05203525599732001,0.0,1.0,20.524941444396973
BitcoinTransactions,30,19,3,0.15,0.5,1,0.05203525599732001,0.0,1.0,20.587046146392822
BitcoinTransactions,30,19,3,0.15,0.5,2,0.0520408504870361,0.0,0.9996183691642284,20.60272240638733
BitcoinTransactions,30,19,3,0.15,0.5,3,0.053886884974038436,0.045454545454545456,0.9895687571555781,20.2671799659729
BitcoinTransactions,30,19,3,0.15,0.5,4,0.05266787218327126,0.0,0.8858923801043125,20.43039083480835
BitcoinTransactions,30,19,3,0.15,0.5,5,0.05197499699354254,0.0,0.9978374252639614,20.48394274711609
BitcoinTransactions,30,19,4,0.2,0.5,1,0.05203525599732001,0.0,1.0,20.463456869125366
BitcoinTransactions,30,19,4,0.2,0.5,2,0.05203525599732001,0.0,1.0,20.60014271736145
BitcoinTransactions,30,19,4,0.2,0.5,3,0.05203525599732001,0.0,1.0,20.579707622528076
BitcoinTransactions,30,19,4,0.2,0.5,4,0.05203525599732001,0.0,1.0,20.555917263031006
BitcoinTransactions,30,19,4,0.2,0.5,5,0.05203525599732001,0.0,1.0,20.57260251045227
BitcoinTransactions,30,19,4,0.25,0.5,1,0.05203525599732001,0.0,1.0,20.57452154159546
BitcoinTransactions,30,19,4,0.25,0.5,2,0.05203525599732001,0.0,1.0,20.60896348953247
BitcoinTransactions,30,19,4,0.25,0.5,3,0.05203525599732001,0.0,1.0,20.612634658813477
BitcoinTransactions,30,19,4,0.25,0.5,4,0.05203525599732001,0.0,1.0,20.589977264404297
BitcoinTransactions,30,19,4,0.25,0.5,5,0.05203525599732001,0.0,1.0,20.585214138031006
BitcoinTransactions,30,19,5,0.3,0.5,1,0.05363650666612445,0.017857142857142856,0.9963109019208752,20.368094205856323
BitcoinTransactions,30,19,5,0.3,0.5,2,0.051951763689642244,0.0,0.9952932196921511,20.489527940750122
BitcoinTransactions,30,19,5,0.3,0.5,3,0.05203525599732001,0.0,1.0,20.553422927856445
BitcoinTransactions,30,19,5,0.3,0.5,4,0.05203525599732001,0.0,1.0,20.597638845443726
BitcoinTransactions,30,19,5,0.3,0.5,5,0.05397706085034054,0.125,1.0,20.33521056175232
BitcoinTransactions,30,19,6,0.35,0.5,1,0.05203525599732001,0.0,1.0,20.612876176834106
BitcoinTransactions,30,19,6,0.35,0.5,2,0.05244934350711849,0.027777777777777776,0.9997455794428189,20.508524656295776
BitcoinTransactions,30,19,6,0.35,0.5,3,0.05203525599732001,0.0,1.0,20.548545122146606
BitcoinTransactions,30,19,6,0.35,0.5,4,0.05203525599732001,0.0,1.0,20.612029552459717
BitcoinTransactions,30,19,6,0.35,0.5,5,0.05203525599732001,0.0,1.0,20.583343029022217
BitcoinTransactions,30,19,7,0.4,0.5,1,0.05160726761305456,0.029411764705882353,0.9947843785777891,20.5368070602417
BitcoinTransactions,30,19,7,0.4,0.5,2,0.05203525599732001,0.0,1.0,20.553765535354614
BitcoinTransactions,30,19,7,0.4,0.5,3,0.053048567245636676,0.041666666666666664,0.9969469533138278,20.21390151977539
BitcoinTransactions,30,19,7,0.4,0.5,4,0.05203525599732001,0.0,1.0,20.630030393600464
BitcoinTransactions,30,19,7,0.4,0.5,5,0.053138435350807096,0.09090909090909091,1.0,20.403144121170044
BitcoinTransactions,30,19,8,0.45,0.5,1,0.05203525599732001,0.0,1.0,20.585262060165405
BitcoinTransactions,30,19,8,0.45,0.5,2,0.05203525599732001,0.0,1.0,20.58434247970581
BitcoinTransactions,30,19,8,0.45,0.5,3,0.05339461861374307,0.0,0.92520035618878,20.519964694976807
BitcoinTransactions,30,19,8,0.45,0.5,4,0.053589388070278986,0.1,1.0,20.301998376846313
BitcoinTransactions,30,19,8,0.45,0.5,5,0.051729496435250696,0.0,0.9786286731967943,20.564671277999878
BitcoinTransactions,30,19,9,0.5,0.5,1,0.051692421559386,0.0,0.9891871263198067,20.571162939071655
BitcoinTransactions,30,19,9,0.5,0.5,2,0.052128292884914974,0.0,0.999491158885638,20.579850912094116
BitcoinTransactions,30,19,9,0.5,0.5,3,0.05203525599732001,0.0,1.0,20.600480794906616
BitcoinTransactions,30,19,9,0.5,0.5,4,0.051849187664522046,0.0,0.9921129627273884,20.50685167312622
BitcoinTransactions,30,19,9,0.5,0.5,5,0.05257040486491292,0.0,0.9321969215112581,20.421899557113647
BitcoinTransactions,30,19,10,0.55,0.5,1,0.05449143933006272,0.075,0.9993639486070475,20.247207164764404
BitcoinTransactions,30,19,10,0.55,0.5,2,0.05203525599732001,0.0,1.0,20.598726511001587
BitcoinTransactions,30,19,10,0.55,0.5,3,0.052049193461550756,0.0,0.999491158885638,20.540348529815674
BitcoinTransactions,30,19,10,0.55,0.5,4,0.05203525599732001,0.0,1.0,20.57483696937561
BitcoinTransactions,30,19,10,0.55,0.5,5,0.05203525599732001,0.0,1.0,20.573153972625732
BitcoinTransactions,30,19,11,0.6,0.5,1,0.051724607743248115,0.0,0.9891871263198067,20.574294805526733
BitcoinTransactions,30,19,11,0.6,0.5,2,0.05203525599732001,0.0,1.0,20.571651458740234
BitcoinTransactions,30,19,11,0.6,0.5,3,0.05203525599732001,0.0,1.0,20.58497405052185
BitcoinTransactions,30,19,11,0.6,0.5,4,0.05203525599732001,0.0,1.0,20.530044555664062
BitcoinTransactions,30,19,11,0.6,0.5,5,0.05203525599732001,0.0,1.0,20.53059458732605
BitcoinTransactions,30,19,12,0.65,0.5,1,0.052046262017072575,0.0,0.999491158885638,20.407257556915283
BitcoinTransactions,30,19,12,0.65,0.5,2,0.05203525599732001,0.0,1.0,20.479451656341553
BitcoinTransactions,30,19,12,0.65,0.5,3,0.05202442216799867,0.0,0.9997455794428189,20.521759033203125
BitcoinTransactions,30,19,12,0.65,0.5,4,0.052757994739901524,0.0,0.8699910952804987,20.41930913925171
BitcoinTransactions,30,19,12,0.65,0.5,5,0.05203525599732001,0.0,1.0,20.563356161117554
BitcoinTransactions,30,19,13,0.7,0.5,1,0.05203525599732001,0.0,1.0,20.528973817825317
BitcoinTransactions,30,19,13,0.7,0.5,2,0.051660280227812855,0.029411764705882353,0.9998727897214095,20.41478395462036
BitcoinTransactions,30,19,13,0.7,0.5,3,0.05203525599732001,0.0,1.0,20.476711988449097
BitcoinTransactions,30,19,13,0.7,0.5,4,0.05203525599732001,0.0,1.0,20.54770588874817
BitcoinTransactions,30,19,13,0.7,0.5,5,0.0529450276707195,0.05555555555555555,1.0,20.474506378173828
BitcoinTransactions,30,19,14,0.75,0.5,1,0.05203525599732001,0.0,1.0,20.56728434562683
BitcoinTransactions,30,19,14,0.75,0.5,2,0.05203525599732001,0.0,1.0,20.585139751434326
BitcoinTransactions,30,19,14,0.75,0.5,3,0.05204520555257869,0.0,0.9996183691642284,20.542158603668213
BitcoinTransactions,30,19,14,0.75,0.5,4,0.05211975644017892,0.0,0.9970741635924183,20.489178895950317
BitcoinTransactions,30,19,14,0.75,0.5,5,0.051627659892949956,0.027777777777777776,0.9997455794428189,20.579525470733643
BitcoinTransactions,30,19,14,0.8,0.5,1,0.05401528214256268,0.08333333333333333,1.0,20.239463806152344
BitcoinTransactions,30,19,14,0.8,0.5,2,0.05200521910387316,0.0,0.9947843785777891,20.540260791778564
BitcoinTransactions,30,19,14,0.8,0.5,3,0.05203525599732001,0.0,1.0,20.557503700256348
BitcoinTransactions,30,19,14,0.8,0.5,4,0.054506611483342765,0.041666666666666664,0.9997455794428189,20.22011113166809
BitcoinTransactions,30,19,14,0.8,0.5,5,0.05203525599732001,0.0,1.0,20.52402138710022
BitcoinTransactions,30,19,15,0.85,0.5,1,0.05203525599732001,0.0,1.0,20.49503231048584
BitcoinTransactions,30,19,15,0.85,0.5,2,0.05203525599732001,0.0,1.0,20.49081563949585
BitcoinTransactions,30,19,15,0.85,0.5,3,0.05220220317764467,0.05555555555555555,1.0,20.493444681167603
BitcoinTransactions,30,19,15,0.85,0.5,4,0.05203525599732001,0.0,1.0,20.54869031906128
BitcoinTransactions,30,19,15,0.85,0.5,5,0.05204772190966633,0.0,0.9989823177712759,20.566660404205322
BitcoinTransactions,30,19,16,0.9,0.5,1,0.05203525599732001,0.0,1.0,20.454243183135986
BitcoinTransactions,30,19,16,0.9,0.5,2,0.05209360187181602,0.058823529411764705,1.0,20.558746099472046
BitcoinTransactions,30,19,16,0.9,0.5,3,0.05197574936963384,0.0,0.9938939066276555,20.57353639602661
BitcoinTransactions,30,19,16,0.9,0.5,4,0.05203525599732001,0.0,1.0,20.561325311660767
BitcoinTransactions,30,19,16,0.9,0.5,5,0.05203525599732001,0.0,1.0,20.56865668296814
BitcoinTransactions,30,19,17,0.95,0.5,1,0.0521394729328961,0.0,0.9951660094135606,20.572624444961548
BitcoinTransactions,30,19,17,0.95,0.5,2,0.05202691904821733,0.0,0.9997455794428189,20.566043853759766
BitcoinTransactions,30,19,17,0.95,0.5,3,0.05199260600583396,0.0,0.9991095280498664,20.565582990646362
BitcoinTransactions,30,19,17,0.95,0.5,4,0.05203525599732001,0.0,1.0,20.60469102859497
BitcoinTransactions,30,19,17,0.95,0.5,5,0.05203525599732001,0.0,1.0,20.581047534942627
BitcoinTransactions,30,19,18,1,0.5,1,0.05203525599732001,0.0,1.0,20.59357762336731
BitcoinTransactions,30,19,18,1,0.5,2,0.054992372208622825,0.027777777777777776,0.9281261925963618,20.311800241470337
BitcoinTransactions,30,19,18,1,0.5,3,0.052241484860892105,0.058823529411764705,1.0,20.524596452713013
BitcoinTransactions,30,19,18,1,0.5,4,0.05211539746285416,0.027777777777777776,0.9996183691642284,20.547013998031616
BitcoinTransactions,30,19,18,1,0.5,5,0.05203525599732001,0.0,1.0,20.561419248580933
BitcoinTransactions,31,14,0,0,,1,0.8964723261219386,0.0,0.06280193236714976,
BitcoinTransactions,31,14,0,0,,2,0.9167546780695321,0.008333333333333333,0.14200355962369693,
BitcoinTransactions,31,14,0,0,,3,0.7644813626009825,0.0027472527472527475,0.10068649885583524,
BitcoinTransactions,31,14,0,0,,4,0.841789560645369,0.017142857142857144,0.13323162979913553,
BitcoinTransactions,31,14,0,0,,5,0.8198898642132728,0.0033333333333333335,0.062039155860666155,
BitcoinTransactions,31,14,0,0.01,0.5,1,0.05212105368735872,0.0,0.9946605644546148,20.651321172714233
BitcoinTransactions,31,14,0,0.01,0.5,2,0.05203525599732001,0.0,1.0,20.56583833694458
BitcoinTransactions,31,14,0,0.01,0.5,3,0.05196526890308961,0.0,0.9982201881515382,20.41613793373108
BitcoinTransactions,31,14,0,0.01,0.5,4,0.05203525599732001,0.0,1.0,20.482776165008545
BitcoinTransactions,31,14,0,0.01,0.5,5,0.05203525599732001,0.0,1.0,20.67454171180725
BitcoinTransactions,31,14,1,0.05,0.5,1,0.05203525599732001,0.0,1.0,20.571836233139038
BitcoinTransactions,31,14,1,0.05,0.5,2,0.05203525599732001,0.0,1.0,20.559012413024902
BitcoinTransactions,31,14,1,0.05,0.5,3,0.05203525599732001,0.0,1.0,20.56395936012268
BitcoinTransactions,31,14,1,0.05,0.5,4,0.05204008860715953,0.0,0.9978387998982965,20.576685905456543
BitcoinTransactions,31,14,1,0.05,0.5,5,0.0520710255687371,0.0,0.999491482329011,20.56602120399475
BitcoinTransactions,31,14,1,0.1,0.5,1,0.05203525599732001,0.0,1.0,20.568987607955933
BitcoinTransactions,31,14,1,0.1,0.5,2,0.05203525599732001,0.0,1.0,20.554353713989258
BitcoinTransactions,31,14,1,0.1,0.5,3,0.05203525599732001,0.0,1.0,20.575072288513184
BitcoinTransactions,31,14,1,0.1,0.5,4,0.05203525599732001,0.0,1.0,20.578420639038086
BitcoinTransactions,31,14,1,0.1,0.5,5,0.05645032791312566,0.020833333333333332,0.8696923468090516,20.118528604507446
BitcoinTransactions,31,14,2,0.15,0.5,1,0.05492548422425563,0.041666666666666664,0.9829646580218663,20.312301635742188
BitcoinTransactions,31,14,2,0.15,0.5,2,0.05190724702663267,0.0,0.9902110348334605,20.471386194229126
BitcoinTransactions,31,14,2,0.15,0.5,3,0.052150264912620654,0.0,0.9595728451563692,20.536818981170654
BitcoinTransactions,31,14,2,0.15,0.5,4,0.05203525599732001,0.0,1.0,20.43954610824585
BitcoinTransactions,31,14,2,0.15,0.5,5,0.05203525599732001,0.0,1.0,20.71291422843933
BitcoinTransactions,31,14,3,0.2,0.5,1,0.052991255482553935,0.07692307692307693,1.0,20.648622274398804
BitcoinTransactions,31,14,3,0.2,0.5,2,0.05190705309013243,0.0,0.9909738113399441,20.678375005722046
BitcoinTransactions,31,14,3,0.2,0.5,3,0.05203525599732001,0.0,1.0,20.692918300628662
BitcoinTransactions,31,14,3,0.2,0.5,4,0.05203525599732001,0.0,1.0,20.680431842803955
BitcoinTransactions,31,14,3,0.2,0.5,5,0.055585606308664416,0.09090909090909091,1.0,20.364896059036255
BitcoinTransactions,31,14,3,0.25,0.5,1,0.05205768331616448,0.0,0.9997457411645054,20.654995679855347
BitcoinTransactions,31,14,3,0.25,0.5,2,0.05203525599732001,0.0,1.0,20.62878656387329
BitcoinTransactions,31,14,3,0.25,0.5,3,0.05203525599732001,0.0,1.0,20.6470205783844
BitcoinTransactions,31,14,3,0.25,0.5,4,0.05190891312850843,0.0,0.9970760233918129,20.632185459136963
BitcoinTransactions,31,14,3,0.25,0.5,5,0.05203525599732001,0.0,1.0,20.643447399139404
BitcoinTransactions,31,14,4,0.3,0.5,1,0.05203635243943983,0.0,0.9998728705822527,20.649731636047363
BitcoinTransactions,31,14,4,0.3,0.5,2,0.05170262736961905,0.07692307692307693,1.0,20.61453342437744
BitcoinTransactions,31,14,4,0.3,0.5,3,0.05203525599732001,0.0,1.0,20.656046867370605
BitcoinTransactions,31,14,4,0.3,0.5,4,0.0520115032361126,0.0,0.9996186117467581,20.661561727523804
BitcoinTransactions,31,14,4,0.3,0.5,5,0.0535847451689543,0.09090909090909091,1.0,20.40604877471924
BitcoinTransactions,31,14,5,0.35,0.5,1,0.05441379249252122,0.07692307692307693,1.0,20.475963354110718
BitcoinTransactions,31,14,5,0.35,0.5,2,0.05203525599732001,0.0,1.0,20.66418433189392
BitcoinTransactions,31,14,5,0.35,0.5,3,0.052022955454900065,0.0,0.9998728705822527,20.648287296295166
BitcoinTransactions,31,14,5,0.35,0.5,4,0.05535712097662241,0.09090909090909091,1.0,20.21415376663208
BitcoinTransactions,31,14,5,0.35,0.5,5,0.05204929246316266,0.0,0.9998728705822527,20.710761070251465
BitcoinTransactions,31,14,5,0.4,0.5,1,0.05331196876851398,0.038461538461538464,0.9642766336130181,20.339568376541138
BitcoinTransactions,31,14,5,0.4,0.5,2,0.05169943263001475,0.0,0.9852529875413171,20.562485933303833
BitcoinTransactions,31,14,5,0.4,0.5,3,0.05203525599732001,0.0,1.0,20.617671489715576
BitcoinTransactions,31,14,5,0.4,0.5,4,0.05203525599732001,0.0,1.0,20.62943983078003
BitcoinTransactions,31,14,5,0.4,0.5,5,0.05203525599732001,0.0,1.0,20.618997812271118
BitcoinTransactions,31,14,6,0.45,0.5,1,0.05203525599732001,0.0,1.0,20.637227058410645
BitcoinTransactions,31,14,6,0.45,0.5,2,0.05203525599732001,0.0,1.0,20.613985061645508
BitcoinTransactions,31,14,6,0.45,0.5,3,0.051623320305510347,0.038461538461538464,0.9730485634375795,20.551878452301025
BitcoinTransactions,31,14,6,0.45,0.5,4,0.05203525599732001,0.0,1.0,20.629852056503296
BitcoinTransactions,31,14,6,0.45,0.5,5,0.05203525599732001,0.0,1.0,20.560168504714966
BitcoinTransactions,31,14,6,0.5,0.5,1,0.05203525599732001,0.0,1.0,20.57306981086731
BitcoinTransactions,31,14,6,0.5,0.5,2,0.05203525599732001,0.0,1.0,20.613645553588867
BitcoinTransactions,31,14,6,0.5,0.5,3,0.05203525599732001,0.0,1.0,20.47003197669983
BitcoinTransactions,31,14,6,0.5,0.5,4,0.05335237071523976,0.0,0.9243579964403763,20.684810400009155
BitcoinTransactions,31,14,6,0.5,0.5,5,0.0519244198070889,0.07692307692307693,1.0,20.552921533584595
BitcoinTransactions,31,14,7,0.55,0.5,1,0.05203525599732001,0.0,1.0,20.620497465133667
BitcoinTransactions,31,14,7,0.55,0.5,2,0.052054362542726586,0.0,0.999491482329011,20.60955572128296
BitcoinTransactions,31,14,7,0.55,0.5,3,0.0517628777143809,0.0,0.9883040935672515,20.575745820999146
BitcoinTransactions,31,14,7,0.55,0.5,4,0.05203525599732001,0.0,1.0,20.6335232257843
BitcoinTransactions,31,14,7,0.55,0.5,5,0.05203525599732001,0.0,1.0,20.615113973617554
BitcoinTransactions,31,14,8,0.6,0.5,1,0.05203525599732001,0.0,1.0,20.568509578704834
BitcoinTransactions,31,14,8,0.6,0.5,2,0.05203525599732001,0.0,1.0,20.61792826652527
BitcoinTransactions,31,14,8,0.6,0.5,3,0.05202167100257857,0.0,0.999491482329011,20.60258722305298
BitcoinTransactions,31,14,8,0.6,0.5,4,0.05203525599732001,0.0,1.0,20.58774161338806
BitcoinTransactions,31,14,8,0.6,0.5,5,0.05203525599732001,0.0,1.0,20.616520404815674
BitcoinTransactions,31,14,8,0.65,0.5,1,0.05203525599732001,0.0,1.0,20.628216981887817
BitcoinTransactions,31,14,8,0.65,0.5,2,0.05203525599732001,0.0,1.0,20.633313179016113
BitcoinTransactions,31,14,8,0.65,0.5,3,0.05188499302471179,0.0,0.9945334350368675,20.589823484420776
BitcoinTransactions,31,14,8,0.65,0.5,4,0.05203525599732001,0.0,1.0,20.621936082839966
BitcoinTransactions,31,14,8,0.65,0.5,5,0.05203525599732001,0.0,1.0,20.614405155181885
BitcoinTransactions,31,14,9,0.7,0.5,1,0.05203525599732001,0.0,1.0,20.63601517677307
BitcoinTransactions,31,14,9,0.7,0.5,2,0.05358188973140272,0.0,0.8754131706076786,20.48425602912903
BitcoinTransactions,31,14,9,0.7,0.5,3,0.05203525599732001,0.0,1.0,20.613759517669678
BitcoinTransactions,31,14,9,0.7,0.5,4,0.05203525599732001,0.0,1.0,20.558406114578247
BitcoinTransactions,31,14,9,0.7,0.5,5,0.052430702569835126,0.0,0.9309687261632341,20.51053023338318
BitcoinTransactions,31,14,10,0.75,0.5,1,0.05203525599732001,0.0,1.0,20.597105264663696
BitcoinTransactions,31,14,10,0.75,0.5,2,0.05194117823616646,0.0,0.9987287058225274,20.589250087738037
BitcoinTransactions,31,14,10,0.75,0.5,3,0.05203525599732001,0.0,1.0,20.60674476623535
BitcoinTransactions,31,14,10,0.75,0.5,4,0.05203525599732001,0.0,1.0,20.64573359489441
BitcoinTransactions,31,14,10,0.75,0.5,5,0.05203525599732001,0.0,1.0,20.59245729446411
BitcoinTransactions,31,14,10,0.8,0.5,1,0.05617640953465214,0.09523809523809523,0.9298245614035088,20.206504821777344
BitcoinTransactions,31,14,10,0.8,0.5,2,0.05203525599732001,0.0,1.0,20.64396643638611
BitcoinTransactions,31,14,10,0.8,0.5,3,0.05185902310682782,0.0,0.9960589880498347,20.62583637237549
BitcoinTransactions,31,14,10,0.8,0.5,4,0.05203525599732001,0.0,1.0,20.630163431167603
BitcoinTransactions,31,14,10,0.8,0.5,5,0.05203525599732001,0.0,1.0,20.580622911453247
BitcoinTransactions,31,14,11,0.85,0.5,1,0.05203525599732001,0.0,1.0,20.583101749420166
BitcoinTransactions,31,14,11,0.85,0.5,2,0.052339939144640114,0.041666666666666664,0.9993643529112637,20.555988073349
BitcoinTransactions,31,14,11,0.85,0.5,3,0.05172692235415813,0.0,0.9913551995931859,20.589946031570435
BitcoinTransactions,31,14,11,0.85,0.5,4,0.05203525599732001,0.0,1.0,20.60130000114441
BitcoinTransactions,31,14,11,0.85,0.5,5,0.051987017762848586,0.0,0.9984744469870328,20.610880136489868
BitcoinTransactions,31,14,12,0.9,0.5,1,0.05203525599732001,0.0,1.0,20.60876226425171
BitcoinTransactions,31,14,12,0.9,0.5,2,0.05203525599732001,0.0,1.0,20.574970483779907
BitcoinTransactions,31,14,12,0.9,0.5,3,0.05203525599732001,0.0,1.0,20.608169555664062
BitcoinTransactions,31,14,12,0.9,0.5,4,0.05203525599732001,0.0,1.0,20.5890953540802
BitcoinTransactions,31,14,12,0.9,0.5,5,0.052253176402340375,0.0,0.9972031528095602,20.55817747116089
BitcoinTransactions,31,14,12,0.95,0.5,1,0.05184417994302829,0.038461538461538464,0.9978387998982965,20.566030979156494
BitcoinTransactions,31,14,12,0.95,0.5,2,0.05203525599732001,0.0,1.0,20.552356481552124
BitcoinTransactions,31,14,12,0.95,0.5,3,0.05205477459407642,0.07692307692307693,1.0,20.502575159072876
BitcoinTransactions,31,14,12,0.95,0.5,4,0.05538496945615915,0.07692307692307693,1.0,20.299391984939575
BitcoinTransactions,31,14,12,0.95,0.5,5,0.05203525599732001,0.0,1.0,20.60255455970764
BitcoinTransactions,31,14,13,1,0.5,1,0.05383307844873792,0.013888888888888888,0.996186117467582,20.25494146347046
BitcoinTransactions,31,14,13,1,0.5,2,0.052006846834643926,0.0,0.9993643529112637,20.575366735458374
BitcoinTransactions,31,14,13,1,0.5,3,0.05203525599732001,0.0,1.0,20.566810131072998
BitcoinTransactions,31,14,13,1,0.5,4,0.05200850688228045,0.0,0.999491482329011,20.541018962860107
BitcoinTransactions,31,14,13,1,0.5,5,0.05203525599732001,0.0,1.0,20.577345848083496
BitcoinTransactions,32,18,0,0,,1,0.9363160923465941,0.021164021164021163,0.19702365810226405,
BitcoinTransactions,32,18,0,0,,2,0.7820316643126345,0.02734375,0.3141694225387942,
BitcoinTransactions,32,18,0,0,,3,0.8794420985689444,0.019230769230769232,0.1559399643856525,
BitcoinTransactions,32,18,0,0,,4,0.8983153061965626,0.0,0.00737725769524294,
BitcoinTransactions,32,18,0,0,,5,0.8158924593283974,0.010714285714285714,0.2143220554566268,
BitcoinTransactions,32,18,0,0.01,0.5,1,0.053705207184150616,0.08333333333333333,1.0,20.328270435333252
BitcoinTransactions,32,18,0,0.01,0.5,2,0.051943340949127864,0.0,0.9944034596794709,21.063373565673828
BitcoinTransactions,32,18,0,0.01,0.5,3,0.05203525599732001,0.0,1.0,21.00971531867981
BitcoinTransactions,32,18,0,0.01,0.5,4,0.05199876651289294,0.0,0.999236835410837,21.223403453826904
BitcoinTransactions,32,18,0,0.01,0.5,5,0.05203525599732001,0.0,1.0,20.58074164390564
BitcoinTransactions,32,18,1,0.05,0.5,1,0.05243031653316339,0.08333333333333333,1.0,20.50013017654419
BitcoinTransactions,32,18,1,0.05,0.5,2,0.054576751912976645,0.0625,1.0,20.279629468917847
BitcoinTransactions,32,18,1,0.05,0.5,3,0.05203525599732001,0.0,1.0,20.601889848709106
BitcoinTransactions,32,18,1,0.05,0.5,4,0.05195589827970665,0.058823529411764705,1.0,20.640825986862183
BitcoinTransactions,32,18,1,0.05,0.5,5,0.051744531426278946,0.07142857142857142,1.0,20.569085597991943
BitcoinTransactions,32,18,2,0.1,0.5,1,0.05265964399247436,0.0,0.9956754006614094,20.4109890460968
BitcoinTransactions,32,18,2,0.1,0.5,2,0.05203525599732001,0.0,1.0,20.43057155609131
BitcoinTransactions,32,18,2,0.1,0.5,3,0.05203525599732001,0.0,1.0,20.41048812866211
BitcoinTransactions,32,18,2,0.1,0.5,4,0.05203525599732001,0.0,1.0,20.886098623275757
BitcoinTransactions,32,18,2,0.1,0.5,5,0.052445307794319274,0.029411764705882353,0.9936402950903078,20.741371154785156
BitcoinTransactions,32,18,3,0.15,0.5,1,0.05203525599732001,0.0,1.0,20.77455973625183
BitcoinTransactions,32,18,3,0.15,0.5,2,0.05203525599732001,0.0,1.0,20.390068769454956
BitcoinTransactions,32,18,3,0.15,0.5,3,0.051992785634534085,0.0,0.99834647672348,20.854068756103516
BitcoinTransactions,32,18,3,0.15,0.5,4,0.054302652620788615,0.0625,1.0,20.701714992523193
BitcoinTransactions,32,18,3,0.15,0.5,5,0.05203525599732001,0.0,1.0,22.687758445739746
BitcoinTransactions,32,18,3,0.2,0.5,1,0.05280165016427114,0.03333333333333333,0.9821928262528619,20.687241792678833
BitcoinTransactions,32,18,3,0.2,0.5,2,0.05203525599732001,0.0,1.0,20.81456160545349
BitcoinTransactions,32,18,3,0.2,0.5,3,0.05203525599732001,0.0,1.0,20.415446043014526
BitcoinTransactions,32,18,3,0.2,0.5,4,0.05137030976234261,0.03125,0.9772322564233019,20.36625576019287
BitcoinTransactions,32,18,3,0.2,0.5,5,0.05202803929691543,0.0,0.999236835410837,20.439568519592285
BitcoinTransactions,32,18,4,0.25,0.5,1,0.0520117987610901,0.0,0.9993640295090308,20.42537498474121
BitcoinTransactions,32,18,4,0.25,0.5,2,0.05203525599732001,0.0,1.0,20.37789511680603
BitcoinTransactions,32,18,4,0.25,0.5,3,0.05200363326797742,0.020833333333333332,0.9987280590180616,20.74736738204956
BitcoinTransactions,32,18,4,0.25,0.5,4,0.05210681441988127,0.0,0.997583312134317,20.768977165222168
BitcoinTransactions,32,18,4,0.25,0.5,5,0.05285209931882979,0.0625,1.0,22.633214473724365
BitcoinTransactions,32,18,5,0.3,0.5,1,0.05203525599732001,0.0,1.0,22.701438665390015
BitcoinTransactions,32,18,5,0.3,0.5,2,0.05203525599732001,0.0,1.0,20.75754475593567
BitcoinTransactions,32,18,5,0.3,0.5,3,0.05203525599732001,0.0,1.0,20.207280158996582
BitcoinTransactions,32,18,5,0.3,0.5,4,0.05203525599732001,0.0,1.0,20.814481258392334
BitcoinTransactions,32,18,5,0.3,0.5,5,0.05203525599732001,0.0,1.0,20.772342920303345
BitcoinTransactions,32,18,6,0.35,0.5,1,0.05203525599732001,0.0,1.0,22.703213930130005
BitcoinTransactions,32,18,6,0.35,0.5,2,0.052068294281316325,0.0,0.9997456118036123,20.73045301437378
BitcoinTransactions,32,18,6,0.35,0.5,3,0.05203525599732001,0.0,1.0,21.391575574874878
BitcoinTransactions,32,18,6,0.35,0.5,4,0.05221620515097725,0.0,0.9779954210124651,20.76909637451172
BitcoinTransactions,32,18,6,0.35,0.5,5,0.05521574168277703,0.0625,1.0,20.528306007385254
BitcoinTransactions,32,18,7,0.4,0.5,1,0.05203525599732001,0.0,1.0,22.737486124038696
BitcoinTransactions,32,18,7,0.4,0.5,2,0.05308937922277607,0.05,0.9998728059018062,22.322296857833862
BitcoinTransactions,32,18,7,0.4,0.5,3,0.05203525599732001,0.0,1.0,20.759435653686523
BitcoinTransactions,32,18,7,0.4,0.5,4,0.05177922026351225,0.0,0.9938946832866955,20.195870876312256
BitcoinTransactions,32,18,7,0.4,0.5,5,0.05203525599732001,0.0,1.0,20.79558539390564
BitcoinTransactions,32,18,8,0.45,0.5,1,0.05187635239314984,0.0,0.9912236072246248,20.777317762374878
BitcoinTransactions,32,18,8,0.45,0.5,2,0.05204724295187083,0.0,0.9998728059018062,22.628671646118164
BitcoinTransactions,32,18,8,0.45,0.5,3,0.05203525599732001,0.0,1.0,20.729698657989502
BitcoinTransactions,32,18,8,0.45,0.5,4,0.05203525599732001,0.0,1.0,20.225457668304443
BitcoinTransactions,32,18,8,0.45,0.5,5,0.05203525599732001,0.0,1.0,20.767086267471313
BitcoinTransactions,32,18,8,0.5,0.5,1,0.05203525599732001,0.0,1.0,20.778520107269287
BitcoinTransactions,32,18,8,0.5,0.5,2,0.05203525599732001,0.0,1.0,22.606830596923828
BitcoinTransactions,32,18,8,0.5,0.5,3,0.052030565816756476,0.0,0.9998728059018062,20.240071058273315
BitcoinTransactions,32,18,8,0.5,0.5,4,0.05203525599732001,0.0,1.0,20.687763214111328
BitcoinTransactions,32,18,8,0.5,0.5,5,0.05203525599732001,0.0,1.0,20.832826137542725
BitcoinTransactions,32,18,9,0.55,0.5,1,0.05203525599732001,0.0,1.0,21.702893018722534
BitcoinTransactions,32,18,9,0.55,0.5,2,0.05222526803745026,0.07692307692307693,1.0,22.7187397480011
BitcoinTransactions,32,18,9,0.55,0.5,3,0.05203525599732001,0.0,1.0,20.931975841522217
BitcoinTransactions,32,18,9,0.55,0.5,4,0.053341505189815064,0.07142857142857142,1.0,20.701956748962402
BitcoinTransactions,32,18,9,0.55,0.5,5,0.05344246035828767,0.1,1.0,20.52401828765869
BitcoinTransactions,32,18,10,0.6,0.5,1,0.05184148314552301,0.058823529411764705,1.0,20.955222129821777
BitcoinTransactions,32,18,10,0.6,0.5,2,0.05203525599732001,0.0,1.0,21.00656294822693
BitcoinTransactions,32,18,10,0.6,0.5,3,0.05203525599732001,0.0,1.0,21.011394500732422
BitcoinTransactions,32,18,10,0.6,0.5,4,0.05678779396414886,0.019230769230769232,0.6477995421012465,20.653279781341553
BitcoinTransactions,32,18,10,0.6,0.5,5,0.05203525599732001,0.0,1.0,20.425567388534546
BitcoinTransactions,32,18,11,0.65,0.5,1,0.05384203563312675,0.09090909090909091,1.0,20.30958104133606
BitcoinTransactions,32,18,11,0.65,0.5,2,0.05203525599732001,0.0,1.0,20.419543743133545
BitcoinTransactions,32,18,11,0.65,0.5,3,0.05408940142407217,0.029411764705882353,0.9439074026965149,20.34904718399048
BitcoinTransactions,32,18,11,0.65,0.5,4,0.05205915128535495,0.0,0.9996184177054185,20.489927768707275
BitcoinTransactions,32,18,11,0.65,0.5,5,0.05201439068873492,0.0,0.997583312134317,20.533142566680908
BitcoinTransactions,32,18,12,0.7,0.5,1,0.05203525599732001,0.0,1.0,20.465553283691406
BitcoinTransactions,32,18,12,0.7,0.5,2,0.05202223913636024,0.0,0.9998728059018062,21.052067518234253
BitcoinTransactions,32,18,12,0.7,0.5,3,0.05196281485240248,0.058823529411764705,1.0,20.845598936080933
BitcoinTransactions,32,18,12,0.7,0.5,4,0.052113724603745,0.0,0.9994912236072246,22.722364902496338
BitcoinTransactions,32,18,12,0.7,0.5,5,0.05203525599732001,0.0,1.0,20.884398221969604
BitcoinTransactions,32,18,13,0.75,0.5,1,0.053539396300930936,0.09090909090909091,1.0,20.672813892364502
BitcoinTransactions,32,18,13,0.75,0.5,2,0.05203525599732001,0.0,1.0,20.537562370300293
BitcoinTransactions,32,18,13,0.75,0.5,3,0.05203525599732001,0.0,1.0,20.492796659469604
BitcoinTransactions,32,18,13,0.75,0.5,4,0.05203525599732001,0.0,1.0,20.438578605651855
BitcoinTransactions,32,18,13,0.75,0.5,5,0.05203525599732001,0.0,1.0,20.508044242858887
BitcoinTransactions,32,18,14,0.8,0.5,1,0.05203525599732001,0.0,1.0,21.040043830871582
BitcoinTransactions,32,18,14,0.8,0.5,2,0.05203525599732001,0.0,1.0,20.823960781097412
BitcoinTransactions,32,18,14,0.8,0.5,3,0.05184343776313609,0.0,0.9868990078860341,22.717878818511963
BitcoinTransactions,32,18,14,0.8,0.5,4,0.05201154962844387,0.0,0.9991096413126431,20.90819787979126
BitcoinTransactions,32,18,14,0.8,0.5,5,0.05213465790865678,0.0,0.9984736708216738,21.093276262283325
BitcoinTransactions,32,18,14,0.85,0.5,1,0.05203525599732001,0.0,1.0,21.307313203811646
BitcoinTransactions,32,18,14,0.85,0.5,2,0.05203525599732001,0.0,1.0,21.88465166091919
BitcoinTransactions,32,18,14,0.85,0.5,3,0.05203525599732001,0.0,1.0,21.06644582748413
BitcoinTransactions,32,18,14,0.85,0.5,4,0.05203525599732001,0.0,1.0,21.04011344909668
BitcoinTransactions,32,18,14,0.85,0.5,5,0.052999690681963404,0.0625,1.0,20.536373615264893
BitcoinTransactions,32,18,15,0.9,0.5,1,0.05203525599732001,0.0,1.0,21.15464186668396
BitcoinTransactions,32,18,15,0.9,0.5,2,0.05266016916210168,0.03125,0.999236835410837,20.986912965774536
BitcoinTransactions,32,18,15,0.9,0.5,3,0.05320581348580971,0.0,0.9266090053421521,23.110139846801758
BitcoinTransactions,32,18,15,0.9,0.5,4,0.05327093798899908,0.05,0.9994912236072246,22.651376485824585
BitcoinTransactions,32,18,15,0.9,0.5,5,0.05203525599732001,0.0,1.0,21.76729702949524
BitcoinTransactions,32,18,16,0.95,0.5,1,0.051713108186888665,0.03333333333333333,0.9998728059018062,21.002103090286255
BitcoinTransactions,32,18,16,0.95,0.5,2,0.05203525599732001,0.0,1.0,20.37248396873474
BitcoinTransactions,32,18,16,0.95,0.5,3,0.05203525599732001,0.0,1.0,20.345107793807983
BitcoinTransactions,32,18,16,0.95,0.5,4,0.05204985344107971,0.0,0.9998728059018062,21.133809328079224
BitcoinTransactions,32,18,16,0.95,0.5,5,0.05196371541277956,0.0,0.99834647672348,20.955109357833862
BitcoinTransactions,32,18,17,1,0.5,1,0.05203525599732001,0.0,1.0,21.01467275619507
BitcoinTransactions,32,18,17,1,0.5,2,0.05203525599732001,0.0,1.0,20.28981590270996
BitcoinTransactions,32,18,17,1,0.5,3,0.05354099248969906,0.07142857142857142,1.0,20.852962255477905
BitcoinTransactions,32,18,17,1,0.5,4,0.05232527953334533,0.0,0.9634952938183668,20.937594413757324
BitcoinTransactions,32,18,17,1,0.5,5,0.05203525599732001,0.0,1.0,21.24310612678528
BitcoinTransactions,33,14,0,0,,1,0.807506063209871,0.0125,0.18166793796084413,
BitcoinTransactions,33,14,0,0,,2,0.8350156912950869,0.014778325123152709,0.16666666666666666,
BitcoinTransactions,33,14,0,0,,3,0.8154926392524059,0.0,0.04691075514874142,
BitcoinTransactions,33,14,0,0,,4,0.9454992257898696,0.0,0.0,
BitcoinTransactions,33,14,0,0,,5,0.908968702923992,0.015151515151515152,0.10704296974319857,
BitcoinTransactions,33,14,0,0.01,0.5,1,0.05203525599732001,0.0,1.0,20.910353422164917
BitcoinTransactions,33,14,0,0.01,0.5,2,0.05333720131190801,0.0,0.9345283498601576,20.90050458908081
BitcoinTransactions,33,14,0,0.01,0.5,3,0.05190824367850504,0.0,0.9963132468853293,20.985493898391724
BitcoinTransactions,33,14,0,0.01,0.5,4,0.05197203204579252,0.0,0.9987287058225274,20.341033220291138
BitcoinTransactions,33,14,0,0.01,0.5,5,0.05203525599732001,0.0,1.0,20.338159561157227
BitcoinTransactions,33,14,1,0.05,0.5,1,0.05391098322381886,0.030303030303030304,0.9874141876430206,19.957457065582275
BitcoinTransactions,33,14,1,0.05,0.5,2,0.0533056723236119,0.05,0.999491482329011,20.09326720237732
BitcoinTransactions,33,14,1,0.05,0.5,3,0.05203525599732001,0.0,1.0,20.271531581878662
BitcoinTransactions,33,14,1,0.05,0.5,4,0.054491816071224455,0.14285714285714285,1.0,19.947750568389893
BitcoinTransactions,33,14,1,0.05,0.5,5,0.05203525599732001,0.0,1.0,20.2647385597229
BitcoinTransactions,33,14,1,0.1,0.5,1,0.05241820077363876,0.08333333333333333,1.0,20.208779335021973
BitcoinTransactions,33,14,1,0.1,0.5,2,0.05203525599732001,0.0,1.0,20.25344681739807
BitcoinTransactions,33,14,1,0.1,0.5,3,0.05171235410074165,0.02564102564102564,0.9674548690566998,20.170267820358276
BitcoinTransactions,33,14,1,0.1,0.5,4,0.05203525599732001,0.0,1.0,20.24356985092163
BitcoinTransactions,33,14,1,0.1,0.5,5,0.05203525599732001,0.0,1.0,20.253508806228638
BitcoinTransactions,33,14,2,0.15,0.5,1,0.05203525599732001,0.0,1.0,20.318607568740845
BitcoinTransactions,33,14,2,0.15,0.5,2,0.05203525599732001,0.0,1.0,20.359156131744385
BitcoinTransactions,33,14,2,0.15,0.5,3,0.05203525599732001,0.0,1.0,20.37102460861206
BitcoinTransactions,33,14,2,0.15,0.5,4,0.052158839012924355,0.0,0.9977116704805492,20.361342906951904
BitcoinTransactions,33,14,2,0.15,0.5,5,0.05203525599732001,0.0,1.0,20.356932878494263
BitcoinTransactions,33,14,3,0.2,0.5,1,0.054461298389544124,0.04,0.9838545639460972,20.031933784484863
BitcoinTransactions,33,14,3,0.2,0.5,2,0.05190105597617242,0.0,0.998093058733791,20.367132663726807
BitcoinTransactions,33,14,3,0.2,0.5,3,0.05302922838214228,0.045454545454545456,0.9624968217645563,20.030269384384155
BitcoinTransactions,33,14,3,0.2,0.5,4,0.0525871975430968,0.08333333333333333,1.0,20.289035081863403
BitcoinTransactions,33,14,3,0.2,0.5,5,0.05222959860858682,0.0,0.9950419527078566,20.36277723312378
BitcoinTransactions,33,14,3,0.25,0.5,1,0.05203525599732001,0.0,1.0,20.33978581428528
BitcoinTransactions,33,14,3,0.25,0.5,2,0.052003759015353875,0.0,0.9997457411645054,20.294300079345703
BitcoinTransactions,33,14,3,0.25,0.5,3,0.05203525599732001,0.0,1.0,20.361137866973877
BitcoinTransactions,33,14,3,0.25,0.5,4,0.0521336811460469,0.0,0.9959318586320874,20.355754375457764
BitcoinTransactions,33,14,3,0.25,0.5,5,0.05203525599732001,0.0,1.0,20.341217041015625
BitcoinTransactions,33,14,4,0.3,0.5,1,0.05203525599732001,0.0,1.0,20.378509759902954
BitcoinTransactions,33,14,4,0.3,0.5,2,0.051995837716136334,0.0,0.998093058733791,20.367110013961792
BitcoinTransactions,33,14,4,0.3,0.5,3,0.05203525599732001,0.0,1.0,20.382132291793823
BitcoinTransactions,33,14,4,0.3,0.5,4,0.05203525599732001,0.0,1.0,20.361825942993164
BitcoinTransactions,33,14,4,0.3,0.5,5,0.05221148279815603,0.0,0.9986015764047801,20.364228010177612
BitcoinTransactions,33,14,5,0.35,0.5,1,0.05203525599732001,0.0,1.0,20.36005663871765
BitcoinTransactions,33,14,5,0.35,0.5,2,0.05203525599732001,0.0,1.0,20.357471466064453
BitcoinTransactions,33,14,5,0.35,0.5,3,0.05203525599732001,0.0,1.0,20.333207607269287
BitcoinTransactions,33,14,5,0.35,0.5,4,0.05203525599732001,0.0,1.0,20.35806107521057
BitcoinTransactions,33,14,5,0.35,0.5,5,0.05203525599732001,0.0,1.0,20.33950638771057
BitcoinTransactions,33,14,5,0.4,0.5,1,0.05203525599732001,0.0,1.0,20.261825799942017
BitcoinTransactions,33,14,5,0.4,0.5,2,0.05203525599732001,0.0,1.0,20.254335165023804
BitcoinTransactions,33,14,5,0.4,0.5,3,0.05203525599732001,0.0,1.0,20.255690097808838
BitcoinTransactions,33,14,5,0.4,0.5,4,0.05207714717096919,0.0,0.9996186117467581,20.26376461982727
BitcoinTransactions,33,14,5,0.4,0.5,5,0.05399442945265465,0.0,0.7037884566488686,19.99305033683777
BitcoinTransactions,33,14,6,0.45,0.5,1,0.051993010712062276,0.07692307692307693,1.0,20.20624041557312
BitcoinTransactions,33,14,6,0.45,0.5,2,0.05203525599732001,0.0,1.0,20.248598098754883
BitcoinTransactions,33,14,6,0.45,0.5,3,0.05203525599732001,0.0,1.0,20.265342473983765
BitcoinTransactions,33,14,6,0.45,0.5,4,0.05203525599732001,0.0,1.0,20.238566637039185
BitcoinTransactions,33,14,6,0.45,0.5,5,0.05203525599732001,0.0,1.0,20.266624927520752
BitcoinTransactions,33,14,6,0.5,0.5,1,0.05203525599732001,0.0,1.0,20.249788284301758
BitcoinTransactions,33,14,6,0.5,0.5,2,0.05203525599732001,0.0,1.0,20.251671314239502
BitcoinTransactions,33,14,6,0.5,0.5,3,0.05203525599732001,0.0,1.0,20.253249645233154
BitcoinTransactions,33,14,6,0.5,0.5,4,0.05243147952400113,0.0,0.9295703025680142,20.181560277938843
BitcoinTransactions,33,14,6,0.5,0.5,5,0.05203525599732001,0.0,1.0,20.25011944770813
BitcoinTransactions,33,14,7,0.55,0.5,1,0.05203525599732001,0.0,1.0,20.2342746257782
BitcoinTransactions,33,14,7,0.55,0.5,2,0.05203525599732001,0.0,1.0,20.270224571228027
BitcoinTransactions,33,14,7,0.55,0.5,3,0.05203525599732001,0.0,1.0,20.25119972229004
BitcoinTransactions,33,14,7,0.55,0.5,4,0.05530152818055529,0.05555555555555555,0.9862700228832952,19.955406188964844
BitcoinTransactions,33,14,7,0.55,0.5,5,0.05203525599732001,0.0,1.0,20.254695177078247
BitcoinTransactions,33,14,8,0.6,0.5,1,0.05203525599732001,0.0,1.0,20.236322164535522
BitcoinTransactions,33,14,8,0.6,0.5,2,0.05202528889260835,0.0,0.9991100940757691,20.27925419807434
BitcoinTransactions,33,14,8,0.6,0.5,3,0.05311425316772462,0.0,0.924230867022629,20.174816846847534
BitcoinTransactions,33,14,8,0.6,0.5,4,0.05203525599732001,0.0,1.0,20.28133773803711
BitcoinTransactions,33,14,8,0.6,0.5,5,0.05355720333517717,0.14285714285714285,1.0,19.958067655563354
BitcoinTransactions,33,14,8,0.65,0.5,1,0.05203525599732001,0.0,1.0,20.243828773498535
BitcoinTransactions,33,14,8,0.65,0.5,2,0.05203525599732001,0.0,1.0,20.248865842819214
BitcoinTransactions,33,14,8,0.65,0.5,3,0.05203525599732001,0.0,1.0,20.27768564224243
BitcoinTransactions,33,14,8,0.65,0.5,4,0.052057858710447616,0.041666666666666664,0.9796592931604373,20.157898426055908
BitcoinTransactions,33,14,8,0.65,0.5,5,0.05203525599732001,0.0,1.0,20.327041149139404
BitcoinTransactions,33,14,9,0.7,0.5,1,0.051970392323343446,0.0,0.9893211289092296,20.24096441268921
BitcoinTransactions,33,14,9,0.7,0.5,2,0.05203525599732001,0.0,1.0,20.273996353149414
BitcoinTransactions,33,14,9,0.7,0.5,3,0.05203525599732001,0.0,1.0,20.256550550460815
BitcoinTransactions,33,14,9,0.7,0.5,4,0.05201990036084364,0.0,0.9958047292143402,20.25015950202942
BitcoinTransactions,33,14,9,0.7,0.5,5,0.05204879369286976,0.0,0.9998728705822527,20.466541528701782
BitcoinTransactions,33,14,10,0.75,0.5,1,0.052039879347416926,0.0,0.9998728705822527,20.25642204284668
BitcoinTransactions,33,14,10,0.75,0.5,2,0.05204425052030078,0.0,0.9997457411645054,20.26778292655945
BitcoinTransactions,33,14,10,0.75,0.5,3,0.05477696408754791,0.022222222222222223,0.8960081362827358,19.917647123336792
BitcoinTransactions,33,14,10,0.75,0.5,4,0.052974642748846695,0.04,0.9806763285024155,20.03962206840515
BitcoinTransactions,33,14,10,0.75,0.5,5,0.05201931369412643,0.0,0.9998728705822527,20.27203392982483
BitcoinTransactions,33,14,10,0.8,0.5,1,0.052075601332638964,0.0,0.9996186117467581,20.278894186019897
BitcoinTransactions,33,14,10,0.8,0.5,2,0.05203525599732001,0.0,1.0,20.26572322845459
BitcoinTransactions,33,14,10,0.8,0.5,3,0.051622023446424664,0.1111111111111111,1.0,20.232006072998047
BitcoinTransactions,33,14,10,0.8,0.5,4,0.05393215614589857,0.020833333333333332,0.9443173150266971,20.069546461105347
BitcoinTransactions,33,14,10,0.8,0.5,5,0.05203525599732001,0.0,1.0,20.273865938186646
BitcoinTransactions,33,14,11,0.85,0.5,1,0.0549259012026975,0.2,1.0,19.92745614051819
BitcoinTransactions,33,14,11,0.85,0.5,2,0.05198438948443583,0.0,0.998093058733791,20.285412073135376
BitcoinTransactions,33,14,11,0.85,0.5,3,0.0520310974375162,0.0,0.9998728705822527,20.28985333442688
BitcoinTransactions,33,14,11,0.85,0.5,4,0.052094943387228386,0.0,0.9992372234935164,20.25085687637329
BitcoinTransactions,33,14,11,0.85,0.5,5,0.05201641443665533,0.0,0.9645308924485125,20.24973773956299
BitcoinTransactions,33,14,12,0.9,0.5,1,0.05203525599732001,0.0,1.0,20.299473762512207
BitcoinTransactions,33,14,12,0.9,0.5,2,0.05192066800021556,0.0,0.9698703279938978,20.28603506088257
BitcoinTransactions,33,14,12,0.9,0.5,3,0.05203525599732001,0.0,1.0,20.2967267036438
BitcoinTransactions,33,14,12,0.9,0.5,4,0.05226439073876514,0.08333333333333333,1.0,20.289593935012817
BitcoinTransactions,33,14,12,0.9,0.5,5,0.05203525599732001,0.0,1.0,20.28874158859253
BitcoinTransactions,33,14,12,0.95,0.5,1,0.05381738365740391,0.07692307692307693,1.0,19.999837160110474
BitcoinTransactions,33,14,12,0.95,0.5,2,0.0538397430123428,0.0625,0.9991100940757691,19.975548267364502
BitcoinTransactions,33,14,12,0.95,0.5,3,0.05203525599732001,0.0,1.0,20.28716778755188
BitcoinTransactions,33,14,12,0.95,0.5,4,0.05205022820432909,0.0,0.9989829646580218,20.27209758758545
BitcoinTransactions,33,14,12,0.95,0.5,5,0.05208061606978046,0.07692307692307693,1.0,20.23465323448181
BitcoinTransactions,33,14,13,1,0.5,1,0.05473229240856317,0.07142857142857142,0.9998728705822527,19.973283529281616
BitcoinTransactions,33,14,13,1,0.5,2,0.05203525599732001,0.0,1.0,20.296260118484497
BitcoinTransactions,33,14,13,1,0.5,3,0.05203525599732001,0.0,1.0,20.285385370254517
BitcoinTransactions,33,14,13,1,0.5,4,0.05198770413218401,0.0,0.9964403763030766,20.27268099784851
BitcoinTransactions,33,14,13,1,0.5,5,0.05202533774565796,0.0,0.9993643529112637,20.303417682647705
BitcoinTransactions,34,14,0,0,,1,0.8503617769099411,0.013824884792626729,0.1952707856598017,
BitcoinTransactions,34,14,0,0,,2,0.8377470864610063,0.01293103448275862,0.2042969743198576,
BitcoinTransactions,34,14,0,0,,3,0.8754226716820249,0.0,0.03241800152555301,
BitcoinTransactions,34,14,0,0,,4,0.883407111139762,0.0,0.03229087210780575,
BitcoinTransactions,34,14,0,0,,5,0.6507408954894903,0.0,0.09433002796847191,
BitcoinTransactions,34,14,0,0.01,0.5,1,0.05201703568459559,0.0,0.9993643529112637,20.24957585334778
BitcoinTransactions,34,14,0,0.01,0.5,2,0.05203525599732001,0.0,1.0,20.11708974838257
BitcoinTransactions,34,14,0,0.01,0.5,3,0.05203525599732001,0.0,1.0,20.279257774353027
BitcoinTransactions,34,14,0,0.01,0.5,4,0.052077041002455755,0.08333333333333333,1.0,20.328946828842163
BitcoinTransactions,34,14,0,0.01,0.5,5,0.05203525599732001,0.0,1.0,20.17267656326294
BitcoinTransactions,34,14,1,0.05,0.5,1,0.05203525599732001,0.0,1.0,20.35948348045349
BitcoinTransactions,34,14,1,0.05,0.5,2,0.05336823206776775,0.037037037037037035,0.999491482329011,20.059476137161255
BitcoinTransactions,34,14,1,0.05,0.5,3,0.05203525599732001,0.0,1.0,20.221582174301147
BitcoinTransactions,34,14,1,0.05,0.5,4,0.05203525599732001,0.0,1.0,20.076576232910156
BitcoinTransactions,34,14,1,0.05,0.5,5,0.0532532072035918,0.07692307692307693,1.0,20.166550874710083
BitcoinTransactions,34,14,1,0.1,0.5,1,0.05185707933740735,0.0,0.9936435291126366,20.195793628692627
BitcoinTransactions,34,14,1,0.1,0.5,2,0.05184200729800578,0.0,0.990465293668955,20.221866846084595
BitcoinTransactions,34,14,1,0.1,0.5,3,0.05210090118332428,0.0,0.9975845410628019,20.388604164123535
BitcoinTransactions,34,14,1,0.1,0.5,4,0.051551616865011175,0.0,0.9867785405542843,20.378621816635132
BitcoinTransactions,34,14,1,0.1,0.5,5,0.05203525599732001,0.0,1.0,20.40261721611023
BitcoinTransactions,34,14,2,0.15,0.5,1,0.0529999753708875,0.0,0.8282481566234426,20.223939895629883
BitcoinTransactions,34,14,2,0.15,0.5,2,0.05203525599732001,0.0,1.0,20.405359506607056
BitcoinTransactions,34,14,2,0.15,0.5,3,0.05203525599732001,0.0,1.0,20.449076890945435
BitcoinTransactions,34,14,2,0.15,0.5,4,0.05204623180133482,0.038461538461538464,0.9998728705822527,20.31956148147583
BitcoinTransactions,34,14,2,0.15,0.5,5,0.05150397855365845,0.0,0.9763539282990084,20.293817281723022
BitcoinTransactions,34,14,3,0.2,0.5,1,0.05203525599732001,0.0,1.0,20.333938121795654
BitcoinTransactions,34,14,3,0.2,0.5,2,0.05198513031388478,0.0,0.9979659293160438,20.328876733779907
BitcoinTransactions,34,14,3,0.2,0.5,3,0.053126260834264284,0.020833333333333332,0.6432748538011696,19.975505828857422
BitcoinTransactions,34,14,3,0.2,0.5,4,0.054027659016306726,0.1,1.0,20.161503553390503
BitcoinTransactions,34,14,3,0.2,0.5,5,0.05203525599732001,0.0,1.0,20.372499227523804
BitcoinTransactions,34,14,3,0.25,0.5,1,0.05203525599732001,0.0,1.0,20.36352801322937
BitcoinTransactions,34,14,3,0.25,0.5,2,0.05203525599732001,0.0,1.0,20.35785746574402
BitcoinTransactions,34,14,3,0.25,0.5,3,0.05203525599732001,0.0,1.0,20.362094163894653
BitcoinTransactions,34,14,3,0.25,0.5,4,0.05203525599732001,0.0,1.0,20.348957538604736
BitcoinTransactions,34,14,3,0.25,0.5,5,0.05203525599732001,0.0,1.0,20.35243034362793
BitcoinTransactions,34,14,4,0.3,0.5,1,0.052234776307000755,0.0,0.9724129163488431,20.31969690322876
BitcoinTransactions,34,14,4,0.3,0.5,2,0.05204135197207369,0.0,0.9992372234935164,20.361536502838135
BitcoinTransactions,34,14,4,0.3,0.5,3,0.05203525599732001,0.0,1.0,20.368303298950195
BitcoinTransactions,34,14,4,0.3,0.5,4,0.0528393624420931,0.07692307692307693,1.0,20.217016458511353
BitcoinTransactions,34,14,4,0.3,0.5,5,0.05203525599732001,0.0,1.0,20.348840951919556
BitcoinTransactions,34,14,5,0.35,0.5,1,0.05203525599732001,0.0,1.0,20.356562852859497
BitcoinTransactions,34,14,5,0.35,0.5,2,0.05203525599732001,0.0,1.0,20.353276252746582
BitcoinTransactions,34,14,5,0.35,0.5,3,0.05164335080666765,0.0,0.9619883040935673,20.30915594100952
BitcoinTransactions,34,14,5,0.35,0.5,4,0.0552276977877853,0.07142857142857142,0.9271548436308161,20.059650897979736
BitcoinTransactions,34,14,5,0.35,0.5,5,0.05203525599732001,0.0,1.0,20.359697103500366
BitcoinTransactions,34,14,5,0.4,0.5,1,0.052033108095215656,0.0,0.9988558352402745,20.35724425315857
BitcoinTransactions,34,14,5,0.4,0.5,2,0.05467586533911167,0.0625,0.9959318586320874,20.10019564628601
BitcoinTransactions,34,14,5,0.4,0.5,3,0.05200696967287787,0.0,0.9989829646580218,20.400893926620483
BitcoinTransactions,34,14,5,0.4,0.5,4,0.05203525599732001,0.0,1.0,20.397645235061646
BitcoinTransactions,34,14,5,0.4,0.5,5,0.05203525599732001,0.0,1.0,20.40191149711609
BitcoinTransactions,34,14,6,0.45,0.5,1,0.05203525599732001,0.0,1.0,20.407121181488037
BitcoinTransactions,34,14,6,0.45,0.5,2,0.052304775726061674,0.09090909090909091,1.0,20.29775595664978
BitcoinTransactions,34,14,6,0.45,0.5,3,0.05203525599732001,0.0,1.0,20.413726329803467
BitcoinTransactions,34,14,6,0.45,0.5,4,0.05203525599732001,0.0,1.0,20.388774633407593
BitcoinTransactions,34,14,6,0.45,0.5,5,0.05339286552094821,0.01282051282051282,0.9820747520976354,20.131512880325317
BitcoinTransactions,34,14,6,0.5,0.5,1,0.05200710006054276,0.0,0.9992372234935164,20.37773585319519
BitcoinTransactions,34,14,6,0.5,0.5,2,0.05199444679705441,0.0,0.9991100940757691,20.37348771095276
BitcoinTransactions,34,14,6,0.5,0.5,3,0.05203525599732001,0.0,1.0,20.38548183441162
BitcoinTransactions,34,14,6,0.5,0.5,4,0.05326790473750387,0.030303030303030304,0.9825832697686244,20.136571884155273
BitcoinTransactions,34,14,6,0.5,0.5,5,0.05203525599732001,0.0,1.0,20.322631120681763
BitcoinTransactions,34,14,7,0.55,0.5,1,0.05197745112595694,0.0,0.9992372234935164,20.43270254135132
BitcoinTransactions,34,14,7,0.55,0.5,2,0.05203525599732001,0.0,1.0,20.432587146759033
BitcoinTransactions,34,14,7,0.55,0.5,3,0.05175056815402222,0.09090909090909091,1.0,20.233569860458374
BitcoinTransactions,34,14,7,0.55,0.5,4,0.05203525599732001,0.0,1.0,20.563430309295654
BitcoinTransactions,34,14,7,0.55,0.5,5,0.05203525599732001,0.0,1.0,20.427924156188965
BitcoinTransactions,34,14,8,0.6,0.5,1,0.05203525599732001,0.0,1.0,20.429095029830933
BitcoinTransactions,34,14,8,0.6,0.5,2,0.0519447001515348,0.0,0.9977116704805492,20.432210206985474
BitcoinTransactions,34,14,8,0.6,0.5,3,0.05203525599732001,0.0,1.0,20.436697006225586
BitcoinTransactions,34,14,8,0.6,0.5,4,0.051734740836074475,0.07142857142857142,0.9992372234935164,20.38602375984192
BitcoinTransactions,34,14,8,0.6,0.5,5,0.05203525599732001,0.0,1.0,20.28287363052368
BitcoinTransactions,34,14,8,0.65,0.5,1,0.05203525599732001,0.0,1.0,20.56838893890381
BitcoinTransactions,34,14,8,0.65,0.5,2,0.05203086467261028,0.0,0.9998728705822527,20.418249368667603
BitcoinTransactions,34,14,8,0.65,0.5,3,0.05205977998812897,0.0,0.9998728705822527,20.422890663146973
BitcoinTransactions,34,14,8,0.65,0.5,4,0.05365379748419202,0.0625,0.9851258581235698,20.115665435791016
BitcoinTransactions,34,14,8,0.65,0.5,5,0.05203525599732001,0.0,1.0,20.424035787582397
BitcoinTransactions,34,14,9,0.7,0.5,1,0.05203525599732001,0.0,1.0,20.434762716293335
BitcoinTransactions,34,14,9,0.7,0.5,2,0.05203525599732001,0.0,1.0,20.43142604827881
BitcoinTransactions,34,14,9,0.7,0.5,3,0.05334469610247356,0.038461538461538464,0.9717772692601068,20.32195544242859
BitcoinTransactions,34,14,9,0.7,0.5,4,0.053352521667871265,0.07692307692307693,1.0,20.29009222984314
BitcoinTransactions,34,14,9,0.7,0.5,5,0.05203525599732001,0.0,1.0,20.437148332595825
BitcoinTransactions,34,14,10,0.75,0.5,1,0.05203525599732001,0.0,1.0,20.44302248954773
BitcoinTransactions,34,14,10,0.75,0.5,2,0.05203525599732001,0.0,1.0,20.42371416091919
BitcoinTransactions,34,14,10,0.75,0.5,3,0.05203525599732001,0.0,1.0,20.421968460083008
BitcoinTransactions,34,14,10,0.75,0.5,4,0.05199524711212082,0.0,0.9987287058225274,20.417264938354492
BitcoinTransactions,34,14,10,0.75,0.5,5,0.05203525599732001,0.0,1.0,20.429301261901855
BitcoinTransactions,34,14,10,0.8,0.5,1,0.05203525599732001,0.0,1.0,20.433849334716797
BitcoinTransactions,34,14,10,0.8,0.5,2,0.054103060958300496,0.125,1.0,20.26127791404724
BitcoinTransactions,34,14,10,0.8,0.5,3,0.05250773740736078,0.045454545454545456,0.9392321383168065,20.240823984146118
BitcoinTransactions,34,14,10,0.8,0.5,4,0.051901969580161716,0.0,0.9914823290109331,20.422899961471558
BitcoinTransactions,34,14,10,0.8,0.5,5,0.05203525599732001,0.0,1.0,20.420523643493652
BitcoinTransactions,34,14,11,0.85,0.5,1,0.05203525599732001,0.0,1.0,20.42534828186035
BitcoinTransactions,34,14,11,0.85,0.5,2,0.05450610870570605,0.1,1.0,20.204785108566284
BitcoinTransactions,34,14,11,0.85,0.5,3,0.052036935578038686,0.0,0.9988558352402745,20.47533893585205
BitcoinTransactions,34,14,11,0.85,0.5,4,0.051720879328425014,0.0,0.9907195525044495,20.460942268371582
BitcoinTransactions,34,14,11,0.85,0.5,5,0.05203837696989076,0.0,0.9989829646580218,20.485313653945923
BitcoinTransactions,34,14,12,0.9,0.5,1,0.05203525599732001,0.0,1.0,20.48254919052124
BitcoinTransactions,34,14,12,0.9,0.5,2,0.05273712897082814,0.09090909090909091,1.0,20.26224660873413
BitcoinTransactions,34,14,12,0.9,0.5,3,0.05203525599732001,0.0,1.0,20.488168239593506
BitcoinTransactions,34,14,12,0.9,0.5,4,0.05186919291230986,0.0,0.9958047292143402,20.457300186157227
BitcoinTransactions,34,14,12,0.9,0.5,5,0.05203525599732001,0.0,1.0,20.49422311782837
BitcoinTransactions,34,14,12,0.95,0.5,1,0.05203525599732001,0.0,1.0,20.340113639831543
BitcoinTransactions,34,14,12,0.95,0.5,2,0.0536466751815471,0.07142857142857142,0.9972031528095602,20.468133449554443
BitcoinTransactions,34,14,12,0.95,0.5,3,0.051798312505264586,0.0,0.9749555047037884,20.466946840286255
BitcoinTransactions,34,14,12,0.95,0.5,4,0.05203525599732001,0.0,1.0,20.492026567459106
BitcoinTransactions,34,14,12,0.95,0.5,5,0.05207532319413775,0.0,0.9972031528095602,20.438064098358154
BitcoinTransactions,34,14,13,1,0.5,1,0.05186048727838932,0.07692307692307693,1.0,20.46540403366089
BitcoinTransactions,34,14,13,1,0.5,2,0.05203525599732001,0.0,1.0,20.47609257698059
BitcoinTransactions,34,14,13,1,0.5,3,0.05203525599732001,0.0,1.0,20.478043794631958
BitcoinTransactions,34,14,13,1,0.5,4,0.05203525599732001,0.0,1.0,20.469665050506592
BitcoinTransactions,34,14,13,1,0.5,5,0.053026702027202784,0.02564102564102564,0.9848715992880752,20.3953537940979
BitcoinTransactions,35,17,0,0,,1,0.8315859527917959,0.0,0.010174233753020475,
BitcoinTransactions,35,17,0,0,,2,0.9256548485771483,0.0,0.04235024799694773,
BitcoinTransactions,35,17,0,0,,3,0.8332215131914638,0.0,0.026071473992114968,
BitcoinTransactions,35,17,0,0,,4,0.7757106252370617,0.0049382716049382715,0.12094620373903091,
BitcoinTransactions,35,17,0,0,,5,0.7638346917580341,0.002232142857142857,0.0704565687396668,
BitcoinTransactions,35,17,0,0.01,0.5,1,0.05203525599732001,0.0,1.0,20.405680418014526
BitcoinTransactions,35,17,0,0.01,0.5,2,0.05203525599732001,0.0,1.0,20.533495903015137
BitcoinTransactions,35,17,0,0.01,0.5,3,0.05203525599732001,0.0,1.0,20.407921314239502
BitcoinTransactions,35,17,0,0.01,0.5,4,0.05203525599732001,0.0,1.0,20.36169934272766
BitcoinTransactions,35,17,0,0.01,0.5,5,0.05203525599732001,0.0,1.0,20.391289949417114
BitcoinTransactions,35,17,1,0.05,0.5,1,0.05203525599732001,0.0,1.0,20.393677949905396
BitcoinTransactions,35,17,1,0.05,0.5,2,0.05203525599732001,0.0,1.0,20.395918607711792
BitcoinTransactions,35,17,1,0.05,0.5,3,0.05203525599732001,0.0,1.0,20.434291124343872
BitcoinTransactions,35,17,1,0.05,0.5,4,0.05203525599732001,0.0,1.0,20.451143980026245
BitcoinTransactions,35,17,1,0.05,0.5,5,0.05203525599732001,0.0,1.0,20.949002742767334
BitcoinTransactions,35,17,2,0.1,0.5,1,0.05203525599732001,0.0,1.0,20.89920997619629
BitcoinTransactions,35,17,2,0.1,0.5,2,0.05294845751306513,0.06666666666666667,1.0,22.36871027946472
BitcoinTransactions,35,17,2,0.1,0.5,3,0.0553083120871973,0.07692307692307693,1.0,20.558400869369507
BitcoinTransactions,35,17,2,0.1,0.5,4,0.05377724248256445,0.0625,1.0,20.602437496185303
BitcoinTransactions,35,17,2,0.1,0.5,5,0.05203525599732001,0.0,1.0,20.45005774497986
BitcoinTransactions,35,17,2,0.15,0.5,1,0.05312686986248571,0.08333333333333333,1.0,20.204870462417603
BitcoinTransactions,35,17,2,0.15,0.5,2,0.05203525599732001,0.0,1.0,20.483993768692017
BitcoinTransactions,35,17,2,0.15,0.5,3,0.05203525599732001,0.0,1.0,20.489441633224487
BitcoinTransactions,35,17,2,0.15,0.5,4,0.05203525599732001,0.0,1.0,20.46135139465332
BitcoinTransactions,35,17,2,0.15,0.5,5,0.054864379786303784,0.03571428571428571,0.999491288312349,20.170274257659912
BitcoinTransactions,35,17,3,0.2,0.5,1,0.051865769589237595,0.0625,1.0,20.451018810272217
BitcoinTransactions,35,17,3,0.2,0.5,2,0.05341961655308465,0.07142857142857142,1.0,20.303279161453247
BitcoinTransactions,35,17,3,0.2,0.5,3,0.053679708955225565,0.1,1.0,20.178515195846558
BitcoinTransactions,35,17,3,0.2,0.5,4,0.052911180960814846,0.05,0.9998728220780873,20.253702402114868
BitcoinTransactions,35,17,3,0.2,0.5,5,0.05203525599732001,0.0,1.0,20.48473834991455
BitcoinTransactions,35,17,4,0.25,0.5,1,0.05214957988129375,0.09090909090909091,1.0,20.49760937690735
BitcoinTransactions,35,17,4,0.25,0.5,2,0.052073622773051886,0.07142857142857142,1.0,20.436299324035645
BitcoinTransactions,35,17,4,0.25,0.5,3,0.05203525599732001,0.0,1.0,20.485498189926147
BitcoinTransactions,35,17,4,0.25,0.5,4,0.05203525599732001,0.0,1.0,20.48901081085205
BitcoinTransactions,35,17,4,0.25,0.5,5,0.05203525599732001,0.0,1.0,20.50273036956787
BitcoinTransactions,35,17,5,0.3,0.5,1,0.05203525599732001,0.0,1.0,20.468420028686523
BitcoinTransactions,35,17,5,0.3,0.5,2,0.05203525599732001,0.0,1.0,20.475056171417236
BitcoinTransactions,35,17,5,0.3,0.5,3,0.051933794052230906,0.0,0.9972020857179194,20.487520694732666
BitcoinTransactions,35,17,5,0.3,0.5,4,0.05403492782672083,0.0,0.7371232354063335,20.234722137451172
BitcoinTransactions,35,17,5,0.3,0.5,5,0.05203525599732001,0.0,1.0,20.486578226089478
BitcoinTransactions,35,17,6,0.35,0.5,1,0.05183094889980216,0.07692307692307693,1.0,20.45647621154785
BitcoinTransactions,35,17,6,0.35,0.5,2,0.05203525599732001,0.0,1.0,20.472492694854736
BitcoinTransactions,35,17,6,0.35,0.5,3,0.05203525599732001,0.0,1.0,20.493637323379517
BitcoinTransactions,35,17,6,0.35,0.5,4,0.05560281700639246,0.041666666666666664,0.9540887701894951,20.182003498077393
BitcoinTransactions,35,17,6,0.35,0.5,5,0.05203525599732001,0.0,1.0,20.490382432937622
BitcoinTransactions,35,17,6,0.4,0.5,1,0.05203525599732001,0.0,1.0,20.484384298324585
BitcoinTransactions,35,17,6,0.4,0.5,2,0.05203525599732001,0.0,1.0,20.476659774780273
BitcoinTransactions,35,17,6,0.4,0.5,3,0.05203525599732001,0.0,1.0,20.487552404403687
BitcoinTransactions,35,17,6,0.4,0.5,4,0.05375504591611002,0.05555555555555555,0.9987282207808724,20.165538787841797
BitcoinTransactions,35,17,6,0.4,0.5,5,0.05202223913636025,0.0,0.9998728220780873,20.477646350860596
BitcoinTransactions,35,17,7,0.45,0.5,1,0.05361917155511689,0.0,0.904616558565433,20.37904691696167
BitcoinTransactions,35,17,7,0.45,0.5,2,0.05203525599732001,0.0,1.0,20.484737396240234
BitcoinTransactions,35,17,7,0.45,0.5,3,0.05203525599732001,0.0,1.0,20.476006507873535
BitcoinTransactions,35,17,7,0.45,0.5,4,0.05204647390555457,0.0,0.9996184662342618,20.468584537506104
BitcoinTransactions,35,17,7,0.45,0.5,5,0.05203525599732001,0.0,1.0,20.475071907043457
BitcoinTransactions,35,17,8,0.5,0.5,1,0.05315903097841292,0.1111111111111111,1.0,20.10982871055603
BitcoinTransactions,35,17,8,0.5,0.5,2,0.05203525599732001,0.0,1.0,20.631265878677368
BitcoinTransactions,35,17,8,0.5,0.5,3,0.05433584285121347,0.022222222222222223,0.9946585272796642,20.26057720184326
BitcoinTransactions,35,17,8,0.5,0.5,4,0.05203603102850769,0.0625,1.0,20.418126106262207
BitcoinTransactions,35,17,8,0.5,0.5,5,0.052064073281390115,0.0,0.9993641103904363,20.462908267974854
BitcoinTransactions,35,17,9,0.55,0.5,1,0.05203525599732001,0.0,1.0,20.501980304718018
BitcoinTransactions,35,17,9,0.55,0.5,2,0.05203525599732001,0.0,1.0,20.49660849571228
BitcoinTransactions,35,17,9,0.55,0.5,3,0.05203525599732001,0.0,1.0,20.49601435661316
BitcoinTransactions,35,17,9,0.55,0.5,4,0.05190141221617096,0.0,0.9669337403026834,20.455527305603027
BitcoinTransactions,35,17,9,0.55,0.5,5,0.05225470757111869,0.0625,1.0,20.404196739196777
BitcoinTransactions,35,17,10,0.6,0.5,1,0.05203525599732001,0.0,1.0,20.489015817642212
BitcoinTransactions,35,17,10,0.6,0.5,2,0.05203525599732001,0.0,1.0,20.495449781417847
BitcoinTransactions,35,17,10,0.6,0.5,3,0.05284638722786916,0.027777777777777776,0.9997456441561745,20.396392822265625
BitcoinTransactions,35,17,10,0.6,0.5,4,0.05203525599732001,0.0,1.0,20.4730703830719
BitcoinTransactions,35,17,10,0.6,0.5,5,0.05204302118499383,0.0,0.9996184662342618,20.49010181427002
BitcoinTransactions,35,17,10,0.65,0.5,1,0.05203525599732001,0.0,1.0,20.473249197006226
BitcoinTransactions,35,17,10,0.65,0.5,2,0.05203525599732001,0.0,1.0,20.499586582183838
BitcoinTransactions,35,17,10,0.65,0.5,3,0.05203525599732001,0.0,1.0,20.50804829597473
BitcoinTransactions,35,17,10,0.65,0.5,4,0.05203525599732001,0.0,1.0,20.491528272628784
BitcoinTransactions,35,17,10,0.65,0.5,5,0.05203525599732001,0.0,1.0,20.48522639274597
BitcoinTransactions,35,17,11,0.7,0.5,1,0.05203525599732001,0.0,1.0,20.48616933822632
BitcoinTransactions,35,17,11,0.7,0.5,2,0.05203525599732001,0.0,1.0,20.48100519180298
BitcoinTransactions,35,17,11,0.7,0.5,3,0.0543726726973097,0.07692307692307693,1.0,20.09784460067749
BitcoinTransactions,35,17,11,0.7,0.5,4,0.052723903214941,0.0,0.9203866208826148,20.39809250831604
BitcoinTransactions,35,17,11,0.7,0.5,5,0.051986812088673055,0.0,0.9986010428589597,20.478449821472168
BitcoinTransactions,35,17,12,0.75,0.5,1,0.05275130989450736,0.1,1.0,20.38261342048645
BitcoinTransactions,35,17,12,0.75,0.5,2,0.052270692748059615,0.0625,1.0,20.4443359375
BitcoinTransactions,35,17,12,0.75,0.5,3,0.05284255353786332,0.0,0.9608292000508711,20.435470581054688
BitcoinTransactions,35,17,12,0.75,0.5,4,0.05203525599732001,0.0,1.0,20.47356867790222
BitcoinTransactions,35,17,12,0.75,0.5,5,0.05200389708757824,0.0,0.9978379753274832,20.448938608169556
BitcoinTransactions,35,17,13,0.8,0.5,1,0.05203525599732001,0.0,1.0,20.46812605857849
BitcoinTransactions,35,17,13,0.8,0.5,2,0.05456793114401728,0.03571428571428571,0.9149179702403663,20.21974205970764
BitcoinTransactions,35,17,13,0.8,0.5,3,0.05203525599732001,0.0,1.0,20.461516857147217
BitcoinTransactions,35,17,13,0.8,0.5,4,0.05203525599732001,0.0,1.0,20.41029381752014
BitcoinTransactions,35,17,13,0.8,0.5,5,0.05203525599732001,0.0,1.0,20.46383285522461
BitcoinTransactions,35,17,14,0.85,0.5,1,0.05203525599732001,0.0,1.0,20.46409273147583
BitcoinTransactions,35,17,14,0.85,0.5,2,0.05203525599732001,0.0,1.0,20.45507836341858
BitcoinTransactions,35,17,14,0.85,0.5,3,0.05203525599732001,0.0,1.0,20.472116470336914
BitcoinTransactions,35,17,14,0.85,0.5,4,0.05203525599732001,0.0,1.0,20.46513819694519
BitcoinTransactions,35,17,14,0.85,0.5,5,0.05169499892652261,0.14285714285714285,1.0,20.325769901275635
BitcoinTransactions,35,17,14,0.9,0.5,1,0.05203525599732001,0.0,1.0,20.487537384033203
BitcoinTransactions,35,17,14,0.9,0.5,2,0.05412353327756706,0.08333333333333333,1.0,20.1822829246521
BitcoinTransactions,35,17,14,0.9,0.5,3,0.05203525599732001,0.0,1.0,20.477109670639038
BitcoinTransactions,35,17,14,0.9,0.5,4,0.05203525599732001,0.0,1.0,20.465120792388916
BitcoinTransactions,35,17,14,0.9,0.5,5,0.05203525599732001,0.0,1.0,20.326419353485107
BitcoinTransactions,35,17,15,0.95,0.5,1,0.05189802914772065,0.0,0.9707490779600662,20.586300134658813
BitcoinTransactions,35,17,15,0.95,0.5,2,0.05203525599732001,0.0,1.0,20.48823308944702
BitcoinTransactions,35,17,15,0.95,0.5,3,0.05203525599732001,0.0,1.0,20.48074722290039
BitcoinTransactions,35,17,15,0.95,0.5,4,0.051937864668555093,0.0,0.9988553987027852,20.496423482894897
BitcoinTransactions,35,17,15,0.95,0.5,5,0.053619905920015136,0.09090909090909091,1.0,20.109952211380005
BitcoinTransactions,35,17,16,1,0.5,1,0.05203525599732001,0.0,1.0,20.48431658744812
BitcoinTransactions,35,17,16,1,0.5,2,0.05179620557110416,0.0,0.9908431896222816,20.468244314193726
BitcoinTransactions,35,17,16,1,0.5,3,0.05291642570126258,0.0625,1.0,20.408279418945312
BitcoinTransactions,35,17,16,1,0.5,4,0.05203525599732001,0.0,1.0,20.47286581993103
BitcoinTransactions,35,17,16,1,0.5,5,0.05203525599732001,0.0,1.0,20.494704961776733
BitcoinTransactions,36,21,0,0,,1,0.7922291312720258,0.012755102040816327,0.29991093014378417,
BitcoinTransactions,36,21,0,0,,2,0.9218896924307746,0.0,0.015141875556686602,
BitcoinTransactions,36,21,0,0,,3,0.8315467627838005,0.0,0.0,
BitcoinTransactions,36,21,0,0,,4,0.7058734691694528,0.008064516129032258,0.10421173177249014,
BitcoinTransactions,36,21,0,0,,5,0.7545358565271524,0.0,0.006998345845527421,
BitcoinTransactions,36,21,0,0.01,0.5,1,0.05203525599732001,0.0,1.0,20.356802701950073
BitcoinTransactions,36,21,0,0.01,0.5,2,0.05203525599732001,0.0,1.0,20.42565107345581
BitcoinTransactions,36,21,0,0.01,0.5,3,0.05203525599732001,0.0,1.0,20.452075958251953
BitcoinTransactions,36,21,0,0.01,0.5,4,0.05203205756552264,0.0,0.9979641175722102,20.44645404815674
BitcoinTransactions,36,21,0,0.01,0.5,5,0.05203525599732001,0.0,1.0,20.43817639350891
BitcoinTransactions,36,21,1,0.05,0.5,1,0.05337453835228147,0.0625,1.0,20.197251558303833
BitcoinTransactions,36,21,1,0.05,0.5,2,0.053572119924421166,0.038461538461538464,0.9358697035246214,20.220267295837402
BitcoinTransactions,36,21,1,0.05,0.5,3,0.05203525599732001,0.0,1.0,20.469372272491455
BitcoinTransactions,36,21,1,0.05,0.5,4,0.05203086467261028,0.0,0.9998727573482631,20.44217872619629
BitcoinTransactions,36,21,1,0.05,0.5,5,0.05556607899462951,0.013888888888888888,0.8653772744623998,20.522882223129272
BitcoinTransactions,36,21,2,0.1,0.5,1,0.05203525599732001,0.0,1.0,20.94039225578308
BitcoinTransactions,36,21,2,0.1,0.5,2,0.05345452029194127,0.05,1.0,20.748209238052368
BitcoinTransactions,36,21,2,0.1,0.5,3,0.05203525599732001,0.0,1.0,20.465336561203003
BitcoinTransactions,36,21,2,0.1,0.5,4,0.05203525599732001,0.0,1.0,20.467491149902344
BitcoinTransactions,36,21,2,0.1,0.5,5,0.05207557117082548,0.0,0.9918564702888408,20.443292140960693
BitcoinTransactions,36,21,3,0.15,0.5,1,0.05203525599732001,0.0,1.0,20.42207980155945
BitcoinTransactions,36,21,3,0.15,0.5,2,0.05337190756542458,0.05555555555555555,1.0,20.162714958190918
BitcoinTransactions,36,21,3,0.15,0.5,3,0.05203525599732001,0.0,1.0,20.400001525878906
BitcoinTransactions,36,21,3,0.15,0.5,4,0.05203525599732001,0.0,1.0,20.912678241729736
BitcoinTransactions,36,21,3,0.15,0.5,5,0.05563764881770338,0.041666666666666664,0.9315434533655681,20.466559648513794
BitcoinTransactions,36,21,4,0.2,0.5,1,0.05203525599732001,0.0,1.0,22.626856088638306
BitcoinTransactions,36,21,4,0.2,0.5,2,0.0535338162554666,0.030303030303030304,0.9969461763583153,20.58997344970703
BitcoinTransactions,36,21,4,0.2,0.5,3,0.05203525599732001,0.0,1.0,20.76426601409912
BitcoinTransactions,36,21,4,0.2,0.5,4,0.05189235342355804,0.05555555555555555,1.0,20.403432607650757
BitcoinTransactions,36,21,4,0.2,0.5,5,0.05249491117918269,0.0,0.9268354752513043,20.353718280792236
BitcoinTransactions,36,21,5,0.25,0.5,1,0.05179618285128181,0.017543859649122806,0.9975823896169996,20.383960247039795
BitcoinTransactions,36,21,5,0.25,0.5,2,0.051797475808746433,0.0,0.9917292276371039,20.45517373085022
BitcoinTransactions,36,21,5,0.25,0.5,3,0.05340397123454737,0.02631578947368421,0.997200661661789,20.4351167678833
BitcoinTransactions,36,21,5,0.25,0.5,4,0.05203525599732001,0.0,1.0,20.321593046188354
BitcoinTransactions,36,21,5,0.25,0.5,5,0.05165657699179559,0.02631578947368421,0.9998727573482631,21.012581825256348
BitcoinTransactions,36,21,6,0.3,0.5,1,0.05203525599732001,0.0,1.0,20.975157260894775
BitcoinTransactions,36,21,6,0.3,0.5,2,0.052066923474801366,0.0,0.9996182720447894,22.737078189849854
BitcoinTransactions,36,21,6,0.3,0.5,3,0.05203525599732001,0.0,1.0,22.62383460998535
BitcoinTransactions,36,21,6,0.3,0.5,4,0.05203525599732001,0.0,1.0,21.02016043663025
BitcoinTransactions,36,21,6,0.3,0.5,5,0.05203525599732001,0.0,1.0,20.26386833190918
BitcoinTransactions,36,21,7,0.35,0.5,1,0.05346823574094597,0.058823529411764705,1.0,20.881192207336426
BitcoinTransactions,36,21,7,0.35,0.5,2,0.05203525599732001,0.0,1.0,20.956947088241577
BitcoinTransactions,36,21,7,0.35,0.5,3,0.05226461684025018,0.0,0.9487212113500445,22.539974212646484
BitcoinTransactions,36,21,7,0.35,0.5,4,0.05203525599732001,0.0,1.0,20.9543616771698
BitcoinTransactions,36,21,7,0.35,0.5,5,0.05203525599732001,0.0,1.0,21.03808045387268
BitcoinTransactions,36,21,8,0.4,0.5,1,0.05203525599732001,0.0,1.0,20.293938159942627
BitcoinTransactions,36,21,8,0.4,0.5,2,0.05169308822982177,0.0,0.9844763964881028,21.071119785308838
BitcoinTransactions,36,21,8,0.4,0.5,3,0.05203525599732001,0.0,1.0,20.90231204032898
BitcoinTransactions,36,21,8,0.4,0.5,4,0.05203525599732001,0.0,1.0,22.624520540237427
BitcoinTransactions,36,21,8,0.4,0.5,5,0.05203525599732001,0.0,1.0,21.01728630065918
BitcoinTransactions,36,21,9,0.45,0.5,1,0.05399804237503673,0.05263157894736842,1.0,20.764185905456543
BitcoinTransactions,36,21,9,0.45,0.5,2,0.05203525599732001,0.0,1.0,21.039984703063965
BitcoinTransactions,36,21,9,0.45,0.5,3,0.05202283799515399,0.0,0.9997455146965263,21.04147171974182
BitcoinTransactions,36,21,9,0.45,0.5,4,0.05203525599732001,0.0,1.0,22.643149852752686
BitcoinTransactions,36,21,9,0.45,0.5,5,0.05203525599732001,0.0,1.0,20.994963884353638
BitcoinTransactions,36,21,10,0.5,0.5,1,0.05203525599732001,0.0,1.0,21.11626362800598
BitcoinTransactions,36,21,10,0.5,0.5,2,0.05203525599732001,0.0,1.0,21.07158660888672
BitcoinTransactions,36,21,10,0.5,0.5,3,0.052292841725131205,0.0,0.9399414683802011,20.840293645858765
BitcoinTransactions,36,21,10,0.5,0.5,4,0.05203525599732001,0.0,1.0,20.932435512542725
BitcoinTransactions,36,21,10,0.5,0.5,5,0.05203525599732001,0.0,1.0,20.906545400619507
BitcoinTransactions,36,21,11,0.55,0.5,1,0.05177251874628687,0.0,0.9918564702888408,20.921528816223145
BitcoinTransactions,36,21,11,0.55,0.5,2,0.05203525599732001,0.0,1.0,20.331068515777588
BitcoinTransactions,36,21,11,0.55,0.5,3,0.05236254978641943,0.05555555555555555,1.0,20.96443796157837
BitcoinTransactions,36,21,11,0.55,0.5,4,0.05203525599732001,0.0,1.0,20.862021684646606
BitcoinTransactions,36,21,11,0.55,0.5,5,0.05203525599732001,0.0,1.0,22.63495397567749
BitcoinTransactions,36,21,12,0.6,0.5,1,0.052019313694126434,0.0,0.9998727573482631,20.895169496536255
BitcoinTransactions,36,21,12,0.6,0.5,2,0.05192692679626321,0.05263157894736842,1.0,20.828568696975708
BitcoinTransactions,36,21,12,0.6,0.5,3,0.05417543305862981,0.07692307692307693,1.0,20.080975770950317
BitcoinTransactions,36,21,12,0.6,0.5,4,0.05203525599732001,0.0,1.0,20.43781304359436
BitcoinTransactions,36,21,12,0.6,0.5,5,0.05203525599732001,0.0,1.0,20.46180534362793
BitcoinTransactions,36,21,13,0.65,0.5,1,0.05203525599732001,0.0,1.0,20.425606727600098
BitcoinTransactions,36,21,13,0.65,0.5,2,0.05203525599732001,0.0,1.0,20.43575620651245
BitcoinTransactions,36,21,13,0.65,0.5,3,0.05203525599732001,0.0,1.0,21.043835878372192
BitcoinTransactions,36,21,13,0.65,0.5,4,0.052055295345338135,0.0,0.9993637867413157,20.89381432533264
BitcoinTransactions,36,21,13,0.65,0.5,5,0.05310021173179002,0.08333333333333333,1.0,22.332457542419434
BitcoinTransactions,36,21,14,0.7,0.5,1,0.05203525599732001,0.0,1.0,21.05411171913147
BitcoinTransactions,36,21,14,0.7,0.5,2,0.05203525599732001,0.0,1.0,21.062042236328125
BitcoinTransactions,36,21,14,0.7,0.5,3,0.05203525599732001,0.0,1.0,20.51050877571106
BitcoinTransactions,36,21,14,0.7,0.5,4,0.05342182783411879,0.05,1.0,20.25390124320984
BitcoinTransactions,36,21,14,0.7,0.5,5,0.052076839169381835,0.0,0.9994910293930526,20.513953685760498
BitcoinTransactions,36,21,15,0.75,0.5,1,0.05203525599732001,0.0,1.0,20.504820823669434
BitcoinTransactions,36,21,15,0.75,0.5,2,0.05362553211650071,0.023809523809523808,0.9605547779615727,20.349595069885254
BitcoinTransactions,36,21,15,0.75,0.5,3,0.05174186973572815,0.0,0.9792594477668914,20.487241744995117
BitcoinTransactions,36,21,15,0.75,0.5,4,0.05203525599732001,0.0,1.0,20.523568391799927
BitcoinTransactions,36,21,15,0.75,0.5,5,0.05203525599732001,0.0,1.0,20.514030933380127
BitcoinTransactions,36,21,16,0.8,0.5,1,0.05203525599732001,0.0,1.0,20.517058610916138
BitcoinTransactions,36,21,16,0.8,0.5,2,0.05203525599732001,0.0,1.0,20.50338053703308
BitcoinTransactions,36,21,16,0.8,0.5,3,0.05203525599732001,0.0,1.0,20.522892951965332
BitcoinTransactions,36,21,16,0.8,0.5,4,0.05203525599732001,0.0,1.0,20.49308133125305
BitcoinTransactions,36,21,16,0.8,0.5,5,0.05203525599732001,0.0,1.0,20.504758834838867
BitcoinTransactions,36,21,17,0.85,0.5,1,0.05203525599732001,0.0,1.0,20.50782608985901
BitcoinTransactions,36,21,17,0.85,0.5,2,0.05385116011746719,0.017543859649122806,0.9978368749204733,20.334531784057617
BitcoinTransactions,36,21,17,0.85,0.5,3,0.05203525599732001,0.0,1.0,20.51286816596985
BitcoinTransactions,36,21,17,0.85,0.5,4,0.051829637508953065,0.05263157894736842,1.0,20.443358182907104
BitcoinTransactions,36,21,17,0.85,0.5,5,0.05203525599732001,0.0,1.0,20.51996088027954
BitcoinTransactions,36,21,18,0.9,0.5,1,0.05203525599732001,0.0,1.0,20.520319938659668
BitcoinTransactions,36,21,18,0.9,0.5,2,0.05204693828905324,0.0,0.9977096322687364,20.527181386947632
BitcoinTransactions,36,21,18,0.9,0.5,3,0.05619577029799042,0.020833333333333332,0.8820460618399287,20.002020835876465
BitcoinTransactions,36,21,18,0.9,0.5,4,0.05203525599732001,0.0,1.0,20.6571204662323
BitcoinTransactions,36,21,18,0.9,0.5,5,0.05185385026383437,0.0,0.9927471688509989,20.505065441131592
BitcoinTransactions,36,21,19,0.95,0.5,1,0.05203525599732001,0.0,1.0,20.534589290618896
BitcoinTransactions,36,21,19,0.95,0.5,2,0.05257260247731207,0.05,1.0,20.48627257347107
BitcoinTransactions,36,21,19,0.95,0.5,3,0.05203525599732001,0.0,1.0,20.54961609840393
BitcoinTransactions,36,21,19,0.95,0.5,4,0.053034731473416356,0.05555555555555555,1.0,20.473998546600342
BitcoinTransactions,36,21,19,0.95,0.5,5,0.05203525599732001,0.0,1.0,20.52820086479187
BitcoinTransactions,36,21,20,1,0.5,1,0.054505490388756475,0.030303030303030304,0.9767145947321543,20.095524787902832
BitcoinTransactions,36,21,20,1,0.5,2,0.05203525599732001,0.0,1.0,20.693184852600098
BitcoinTransactions,36,21,20,1,0.5,3,0.05203525599732001,0.0,1.0,20.550446033477783
BitcoinTransactions,36,21,20,1,0.5,4,0.05203525599732001,0.0,1.0,20.547568798065186
BitcoinTransactions,36,21,20,1,0.5,5,0.05203525599732001,0.0,1.0,20.547154426574707
BitcoinTransactions,37,11,0,0,,1,0.7356049613171958,0.012903225806451613,0.15351378828313636,
BitcoinTransactions,37,11,0,0,,2,0.8997317250221635,0.01282051282051282,0.06354047528275511,
BitcoinTransactions,37,11,0,0,,3,0.7914599568170403,0.0030303030303030303,0.07141949421781675,
BitcoinTransactions,37,11,0,0,,4,0.8110983902164699,0.004032258064516129,0.12352268394967594,
BitcoinTransactions,37,11,0,0,,5,0.8954137100087691,0.015873015873015872,0.10865421273351125,
BitcoinTransactions,37,11,0,0.01,0.5,1,0.05203525599732001,0.0,1.0,20.488268613815308
BitcoinTransactions,37,11,0,0.01,0.5,2,0.05203525599732001,0.0,1.0,21.046013832092285
BitcoinTransactions,37,11,0,0.01,0.5,3,0.05203525599732001,0.0,1.0,21.083673238754272
BitcoinTransactions,37,11,0,0.01,0.5,4,0.05203525599732001,0.0,1.0,21.010433197021484
BitcoinTransactions,37,11,0,0.01,0.5,5,0.05281191748449051,0.05,0.9841148811793112,20.854804277420044
BitcoinTransactions,37,11,0,0.05,0.5,1,0.054127446149890054,0.0625,0.8644046257466006,20.926475763320923
BitcoinTransactions,37,11,0,0.05,0.5,2,0.05204724295187084,0.0,0.9998729190494345,21.064934968948364
BitcoinTransactions,37,11,0,0.05,0.5,3,0.053532250217526174,0.0,0.9223535392044733,20.34959077835083
BitcoinTransactions,37,11,0,0.05,0.5,4,0.05404306595494895,0.0,0.8406404879908502,20.274898529052734
BitcoinTransactions,37,11,0,0.05,0.5,5,0.05203525599732001,0.0,1.0,20.3465313911438
BitcoinTransactions,37,11,1,0.1,0.5,1,0.05470762679785768,0.09523809523809523,0.9984750285932139,20.092902421951294
BitcoinTransactions,37,11,1,0.1,0.5,2,0.0538208033580594,0.047619047619047616,0.994535519125683,20.146605491638184
BitcoinTransactions,37,11,1,0.1,0.5,3,0.05237534144761078,0.0,0.9650527385944847,20.363641023635864
BitcoinTransactions,37,11,1,0.1,0.5,4,0.05203525599732001,0.0,1.0,20.43310022354126
BitcoinTransactions,37,11,1,0.1,0.5,5,0.05430686499294503,0.25,1.0,20.068042039871216
BitcoinTransactions,37,11,2,0.15,0.5,1,0.05203525599732001,0.0,1.0,20.378713846206665
BitcoinTransactions,37,11,2,0.15,0.5,2,0.05203525599732001,0.0,1.0,20.40184712409973
BitcoinTransactions,37,11,2,0.15,0.5,3,0.05203525599732001,0.0,1.0,20.442830562591553
BitcoinTransactions,37,11,2,0.15,0.5,4,0.05203525599732001,0.0,1.0,20.398725032806396
BitcoinTransactions,37,11,2,0.15,0.5,5,0.05203525599732001,0.0,1.0,20.382902145385742
BitcoinTransactions,37,11,2,0.2,0.5,1,0.05218209338934501,0.0,0.9978396238403864,20.401139736175537
BitcoinTransactions,37,11,2,0.2,0.5,2,0.05314069954807915,0.1,1.0,20.329485416412354
BitcoinTransactions,37,11,2,0.2,0.5,3,0.053099727487477204,0.08333333333333333,0.9987291904943449,20.190985441207886
BitcoinTransactions,37,11,2,0.2,0.5,4,0.05203525599732001,0.0,1.0,20.418655157089233
BitcoinTransactions,37,11,2,0.2,0.5,5,0.05203525599732001,0.0,1.0,20.392846822738647
BitcoinTransactions,37,11,2,0.25,0.5,1,0.05203525599732001,0.0,1.0,20.451777696609497
BitcoinTransactions,37,11,2,0.25,0.5,2,0.052037492688622324,0.0,0.999745838098869,20.457091331481934
BitcoinTransactions,37,11,2,0.25,0.5,3,0.05419063674343179,0.1111111111111111,1.0,20.132493495941162
BitcoinTransactions,37,11,2,0.25,0.5,4,0.05203525599732001,0.0,1.0,20.587655782699585
BitcoinTransactions,37,11,2,0.25,0.5,5,0.05203525599732001,0.0,1.0,20.41665768623352
BitcoinTransactions,37,11,3,0.3,0.5,1,0.053359817431100603,0.046875,0.7798957936205363,20.09394907951355
BitcoinTransactions,37,11,3,0.3,0.5,2,0.05203525599732001,0.0,1.0,20.381550788879395
BitcoinTransactions,37,11,3,0.3,0.5,3,0.05379926616098965,0.125,1.0,20.09083390235901
BitcoinTransactions,37,11,3,0.3,0.5,4,0.051929157616333016,0.0,0.9954250857796416,20.409456491470337
BitcoinTransactions,37,11,3,0.3,0.5,5,0.05203525599732001,0.0,1.0,20.48718762397766
BitcoinTransactions,37,11,4,0.35,0.5,1,0.05203525599732001,0.0,1.0,20.482760190963745
BitcoinTransactions,37,11,4,0.35,0.5,2,0.05589179053451871,0.08333333333333333,0.8804168255178548,20.11486530303955
BitcoinTransactions,37,11,4,0.35,0.5,3,0.05203525599732001,0.0,1.0,20.486871004104614
BitcoinTransactions,37,11,4,0.35,0.5,4,0.05203525599732001,0.0,1.0,20.48898410797119
BitcoinTransactions,37,11,4,0.35,0.5,5,0.05203525599732001,0.0,1.0,20.49266219139099
BitcoinTransactions,37,11,4,0.4,0.5,1,0.05203525599732001,0.0,1.0,20.49883222579956
BitcoinTransactions,37,11,4,0.4,0.5,2,0.05194381902552386,0.0,0.974583809886898,20.463042974472046
BitcoinTransactions,37,11,4,0.4,0.5,3,0.05203525599732001,0.0,1.0,20.490289211273193
BitcoinTransactions,37,11,4,0.4,0.5,4,0.05303953104282926,0.0,0.7101283517600712,20.238553524017334
BitcoinTransactions,37,11,4,0.4,0.5,5,0.051899358620902995,0.0,0.9980937857415173,20.481943368911743
BitcoinTransactions,37,11,4,0.45,0.5,1,0.05368048251144731,0.05,0.9964417333841658,20.290608644485474
BitcoinTransactions,37,11,4,0.45,0.5,2,0.05199603137666149,0.0,0.9939001143728555,20.266193866729736
BitcoinTransactions,37,11,4,0.45,0.5,3,0.05203435941162044,0.0,0.9950438429279451,20.49604630470276
BitcoinTransactions,37,11,4,0.45,0.5,4,0.0538076571617695,0.08333333333333333,0.9998729190494345,20.250511646270752
BitcoinTransactions,37,11,4,0.45,0.5,5,0.05166819414331879,0.0,0.9715338670733257,20.326673984527588
BitcoinTransactions,37,11,5,0.5,0.5,1,0.05205068224387448,0.0,0.9989833523954759,20.34955906867981
BitcoinTransactions,37,11,5,0.5,0.5,2,0.05204946095166067,0.0,0.9994916761977379,20.356022357940674
BitcoinTransactions,37,11,5,0.5,0.5,3,0.05364351074716058,0.1111111111111111,1.0,20.19787907600403
BitcoinTransactions,37,11,5,0.5,0.5,4,0.053274796240748906,0.07142857142857142,0.9989833523954759,20.096978187561035
BitcoinTransactions,37,11,5,0.5,0.5,5,0.05203525599732001,0.0,1.0,20.34952211380005
BitcoinTransactions,37,11,6,0.55,0.5,1,0.05203525599732001,0.0,1.0,20.334909915924072
BitcoinTransactions,37,11,6,0.55,0.5,2,0.05203525599732001,0.0,1.0,20.356258630752563
BitcoinTransactions,37,11,6,0.55,0.5,3,0.05203525599732001,0.0,1.0,20.368875980377197
BitcoinTransactions,37,11,6,0.55,0.5,4,0.05203525599732001,0.0,1.0,20.347764253616333
BitcoinTransactions,37,11,6,0.55,0.5,5,0.05203525599732001,0.0,1.0,20.357812643051147
BitcoinTransactions,37,11,6,0.6,0.5,1,0.05498773035018376,0.0625,0.9162536535773288,20.049404859542847
BitcoinTransactions,37,11,6,0.6,0.5,2,0.05259719111728017,0.0,0.9471343245647478,20.30398154258728
BitcoinTransactions,37,11,6,0.6,0.5,3,0.05203525599732001,0.0,1.0,20.33235454559326
BitcoinTransactions,37,11,6,0.6,0.5,4,0.05477440531568958,0.125,1.0,20.047040700912476
BitcoinTransactions,37,11,6,0.6,0.5,5,0.052742338061505856,0.0,0.9523446435379337,20.247792959213257
BitcoinTransactions,37,11,6,0.65,0.5,1,0.05203525599732001,0.0,1.0,20.298431634902954
BitcoinTransactions,37,11,6,0.65,0.5,2,0.051502192787638824,0.14285714285714285,1.0,20.26910662651062
BitcoinTransactions,37,11,6,0.65,0.5,3,0.05337308611352737,0.14285714285714285,1.0,20.089611768722534
BitcoinTransactions,37,11,6,0.65,0.5,4,0.05203525599732001,0.0,1.0,20.309626579284668
BitcoinTransactions,37,11,6,0.65,0.5,5,0.05332327797425948,0.07142857142857142,0.9992375142966069,19.8485906124115
BitcoinTransactions,37,11,7,0.7,0.5,1,0.05203525599732001,0.0,1.0,20.426955699920654
BitcoinTransactions,37,11,7,0.7,0.5,2,0.05203525599732001,0.0,1.0,20.296024560928345
BitcoinTransactions,37,11,7,0.7,0.5,3,0.05203525599732001,0.0,1.0,20.289093494415283
BitcoinTransactions,37,11,7,0.7,0.5,4,0.05203525599732001,0.0,1.0,20.281911373138428
BitcoinTransactions,37,11,7,0.7,0.5,5,0.05203525599732001,0.0,1.0,20.286693334579468
BitcoinTransactions,37,11,8,0.75,0.5,1,0.05217160611374914,0.0,0.9988562714449104,20.31529402732849
BitcoinTransactions,37,11,8,0.75,0.5,2,0.052685103413565665,0.0,0.893887406277799,20.17679786682129
BitcoinTransactions,37,11,8,0.75,0.5,3,0.05203525599732001,0.0,1.0,20.297035932540894
BitcoinTransactions,37,11,8,0.75,0.5,4,0.05206473433576543,0.0,0.9987291904943449,20.295411348342896
BitcoinTransactions,37,11,8,0.75,0.5,5,0.05203525599732001,0.0,1.0,20.304816246032715
BitcoinTransactions,37,11,8,0.8,0.5,1,0.05203525599732001,0.0,1.0,20.2945294380188
BitcoinTransactions,37,11,8,0.8,0.5,2,0.05375124206758983,0.0,0.8848646587876478,20.179500341415405
BitcoinTransactions,37,11,8,0.8,0.5,3,0.05203525599732001,0.0,1.0,20.287240505218506
BitcoinTransactions,37,11,8,0.8,0.5,4,0.05203525599732001,0.0,1.0,20.307157039642334
BitcoinTransactions,37,11,8,0.8,0.5,5,0.05186789820012346,0.0,0.9843690430804423,20.268251419067383
BitcoinTransactions,37,11,8,0.85,0.5,1,0.05203525599732001,0.0,1.0,20.284739017486572
BitcoinTransactions,37,11,8,0.85,0.5,2,0.052256531091140354,0.0,0.9973313000381243,20.304741382598877
BitcoinTransactions,37,11,8,0.85,0.5,3,0.05276123403922217,0.125,1.0,20.012250900268555
BitcoinTransactions,37,11,8,0.85,0.5,4,0.05176179426049833,0.1,1.0,20.25867748260498
BitcoinTransactions,37,11,8,0.85,0.5,5,0.05345893611967104,0.05555555555555555,0.9814461812174355,20.149476289749146
BitcoinTransactions,37,11,9,0.9,0.5,1,0.05203525599732001,0.0,1.0,20.299128532409668
BitcoinTransactions,37,11,9,0.9,0.5,2,0.05426013442691214,0.0625,0.9814461812174355,20.041422367095947
BitcoinTransactions,37,11,9,0.9,0.5,3,0.053317022571311705,0.0,0.9082475536917016,20.196248531341553
BitcoinTransactions,37,11,9,0.9,0.5,4,0.05203525599732001,0.0,1.0,20.302390813827515
BitcoinTransactions,37,11,9,0.9,0.5,5,0.05203525599732001,0.0,1.0,20.294079065322876
BitcoinTransactions,37,11,10,0.95,0.5,1,0.05203525599732001,0.0,1.0,20.292668104171753
BitcoinTransactions,37,11,10,0.95,0.5,2,0.05349197709894826,0.0625,0.999745838098869,19.852193117141724
BitcoinTransactions,37,11,10,0.95,0.5,3,0.05203222378156066,0.0,0.9960604905324691,20.427567720413208
BitcoinTransactions,37,11,10,0.95,0.5,4,0.05197147896279845,0.1,1.0,20.24038863182068
BitcoinTransactions,37,11,10,0.95,0.5,5,0.05203525599732001,0.0,1.0,20.241899728775024
BitcoinTransactions,37,11,10,1,0.5,1,0.05203525599732001,0.0,1.0,20.22942090034485
BitcoinTransactions,37,11,10,1,0.5,2,0.05203525599732001,0.0,1.0,20.249951601028442
BitcoinTransactions,37,11,10,1,0.5,3,0.05203395499924073,0.0,0.9998729190494345,20.248050212860107
BitcoinTransactions,37,11,10,1,0.5,4,0.05203381880761668,0.0,0.9998729190494345,20.262707948684692
BitcoinTransactions,37,11,10,1,0.5,5,0.05203525599732001,0.0,1.0,20.230307579040527
BitcoinTransactions,38,18,0,0,,1,0.8855155770741748,0.0,0.005469346222335284,
BitcoinTransactions,38,18,0,0,,2,0.864191829888297,0.0,0.020987026201984227,
BitcoinTransactions,38,18,0,0,,3,0.8975904794995001,0.0,0.024294072755024168,
BitcoinTransactions,38,18,0,0,,4,0.9330078284908645,0.0,0.03535995929788858,
BitcoinTransactions,38,18,0,0,,5,0.9218336104351349,0.0,0.01437293309590435,
BitcoinTransactions,38,18,0,0.01,0.5,1,0.052786689304157454,0.0,0.8959552276774357,20.117571592330933
BitcoinTransactions,38,18,0,0.01,0.5,2,0.05200375901535386,0.0,0.9997456118036123,20.218364000320435
BitcoinTransactions,38,18,0,0.01,0.5,3,0.052757874470269174,0.045454545454545456,0.9998728059018062,20.068999528884888
BitcoinTransactions,38,18,0,0.01,0.5,4,0.053252885602373574,0.07407407407407407,0.9989824472144493,19.950624465942383
BitcoinTransactions,38,18,0,0.01,0.5,5,0.05200701203906074,0.0,0.9989824472144493,20.236496210098267
BitcoinTransactions,38,18,1,0.05,0.5,1,0.05203525599732001,0.0,1.0,20.253105401992798
BitcoinTransactions,38,18,1,0.05,0.5,2,0.05326508655870232,0.0625,1.0,20.084879159927368
BitcoinTransactions,38,18,1,0.05,0.5,3,0.05343619402315227,0.06666666666666667,1.0,20.078282356262207
BitcoinTransactions,38,18,1,0.05,0.5,4,0.05250299806898034,0.058823529411764705,1.0,20.214850664138794
BitcoinTransactions,38,18,1,0.05,0.5,5,0.053047095693187274,0.045454545454545456,0.9997456118036123,20.02032446861267
BitcoinTransactions,38,18,2,0.1,0.5,1,0.05203525599732001,0.0,1.0,20.279444694519043
BitcoinTransactions,38,18,2,0.1,0.5,2,0.05203525599732001,0.0,1.0,20.26684331893921
BitcoinTransactions,38,18,2,0.1,0.5,3,0.053454318734929854,0.029411764705882353,0.9968201475451539,20.158682584762573
BitcoinTransactions,38,18,2,0.1,0.5,4,0.05193406033713691,0.0,0.9886797252607479,20.351526021957397
BitcoinTransactions,38,18,2,0.1,0.5,5,0.05203525599732001,0.0,1.0,20.491336822509766
BitcoinTransactions,38,18,3,0.15,0.5,1,0.05203525599732001,0.0,1.0,20.474254369735718
BitcoinTransactions,38,18,3,0.15,0.5,2,0.05196379251215275,0.029411764705882353,0.9997456118036123,20.42400097846985
BitcoinTransactions,38,18,3,0.15,0.5,3,0.05203525599732001,0.0,1.0,20.405579328536987
BitcoinTransactions,38,18,3,0.15,0.5,4,0.05203525599732001,0.0,1.0,20.466581344604492
BitcoinTransactions,38,18,3,0.15,0.5,5,0.052439966980415316,0.0,0.9370389213940473,20.401636123657227
BitcoinTransactions,38,18,3,0.2,0.5,1,0.05203525599732001,0.0,1.0,20.43435311317444
BitcoinTransactions,38,18,3,0.2,0.5,2,0.05325849024782116,0.1111111111111111,1.0,20.863881587982178
BitcoinTransactions,38,18,3,0.2,0.5,3,0.053527797005949,0.0625,1.0,20.773761749267578
BitcoinTransactions,38,18,3,0.2,0.5,4,0.05203525599732001,0.0,1.0,22.958643913269043
BitcoinTransactions,38,18,3,0.2,0.5,5,0.05203525599732001,0.0,1.0,22.890014171600342
BitcoinTransactions,38,18,4,0.25,0.5,1,0.05195425985327163,0.0,0.9988552531162554,20.493961572647095
BitcoinTransactions,38,18,4,0.25,0.5,2,0.05410201254543377,0.01818181818181818,0.8293055202238616,20.052989721298218
BitcoinTransactions,38,18,4,0.25,0.5,3,0.05203525599732001,0.0,1.0,20.832645416259766
BitcoinTransactions,38,18,4,0.25,0.5,4,0.05203525599732001,0.0,1.0,20.77449059486389
BitcoinTransactions,38,18,4,0.25,0.5,5,0.05191928425430546,0.0,0.9954210124650216,23.0357768535614
BitcoinTransactions,38,18,5,0.3,0.5,1,0.05203525599732001,0.0,1.0,22.926701545715332
BitcoinTransactions,38,18,5,0.3,0.5,2,0.05203525599732001,0.0,1.0,20.500943183898926
BitcoinTransactions,38,18,5,0.3,0.5,3,0.05196037573841311,0.0,0.9931315186975325,20.42338514328003
BitcoinTransactions,38,18,5,0.3,0.5,4,0.05203525599732001,0.0,1.0,20.810582876205444
BitcoinTransactions,38,18,5,0.3,0.5,5,0.053260589279518114,0.06666666666666667,1.0,20.420597314834595
BitcoinTransactions,38,18,6,0.35,0.5,1,0.05207590177326458,0.0,0.9996184177054185,22.84512710571289
BitcoinTransactions,38,18,6,0.35,0.5,2,0.051894458159477935,0.0,0.9964385652505724,20.57530379295349
BitcoinTransactions,38,18,6,0.35,0.5,3,0.05325146111671758,0.0625,1.0,20.382679224014282
BitcoinTransactions,38,18,6,0.35,0.5,4,0.05203525599732001,0.0,1.0,20.425251483917236
BitcoinTransactions,38,18,6,0.35,0.5,5,0.05203525599732001,0.0,1.0,20.811189651489258
BitcoinTransactions,38,18,7,0.4,0.5,1,0.05203525599732001,0.0,1.0,20.80838179588318
BitcoinTransactions,38,18,7,0.4,0.5,2,0.05280516732826689,0.0196078431372549,0.9919867718137878,22.82431936264038
BitcoinTransactions,38,18,7,0.4,0.5,3,0.05203525599732001,0.0,1.0,20.311927318572998
BitcoinTransactions,38,18,7,0.4,0.5,4,0.054472477114327185,0.029411764705882353,0.9963113711523786,19.903337955474854
BitcoinTransactions,38,18,7,0.4,0.5,5,0.05203525599732001,0.0,1.0,20.30681586265564
BitcoinTransactions,38,18,8,0.45,0.5,1,0.05203525599732001,0.0,1.0,20.213276624679565
BitcoinTransactions,38,18,8,0.45,0.5,2,0.05203116571415521,0.0,0.9997456118036123,22.77795171737671
BitcoinTransactions,38,18,8,0.45,0.5,3,0.05203525599732001,0.0,1.0,22.687005043029785
BitcoinTransactions,38,18,8,0.45,0.5,4,0.05203525599732001,0.0,1.0,20.21554160118103
BitcoinTransactions,38,18,8,0.45,0.5,5,0.05483645311644936,0.1111111111111111,1.0,19.93771767616272
BitcoinTransactions,38,18,8,0.5,0.5,1,0.05203525599732001,0.0,1.0,20.523200511932373
BitcoinTransactions,38,18,8,0.5,0.5,2,0.05203525599732001,0.0,1.0,20.47098422050476
BitcoinTransactions,38,18,8,0.5,0.5,3,0.05237995481929323,0.0,0.9952938183668277,22.84282684326172
BitcoinTransactions,38,18,8,0.5,0.5,4,0.052670322626095945,0.0,0.9219028237089799,20.34108853340149
BitcoinTransactions,38,18,8,0.5,0.5,5,0.05203525599732001,0.0,1.0,20.474934339523315
BitcoinTransactions,38,18,9,0.55,0.5,1,0.05203525599732001,0.0,1.0,20.520201921463013
BitcoinTransactions,38,18,9,0.55,0.5,2,0.055348535424199555,0.03333333333333333,0.8649198677181379,20.184637546539307
BitcoinTransactions,38,18,9,0.55,0.5,3,0.050847041679904816,0.0,0.9336046807428136,22.718047380447388
BitcoinTransactions,38,18,9,0.55,0.5,4,0.052841355159813426,0.07692307692307693,1.0,22.54311513900757
BitcoinTransactions,38,18,9,0.55,0.5,5,0.05203525599732001,0.0,1.0,20.246211290359497
BitcoinTransactions,38,18,10,0.6,0.5,1,0.05203525599732001,0.0,1.0,20.43191933631897
BitcoinTransactions,38,18,10,0.6,0.5,2,0.05203525599732001,0.0,1.0,20.435570240020752
BitcoinTransactions,38,18,10,0.6,0.5,3,0.054629548135487,0.08333333333333333,1.0,20.10274577140808
BitcoinTransactions,38,18,10,0.6,0.5,4,0.05203525599732001,0.0,1.0,20.58785057067871
BitcoinTransactions,38,18,10,0.6,0.5,5,0.053532235564760604,0.047619047619047616,0.9998728059018062,20.197706699371338
BitcoinTransactions,38,18,11,0.65,0.5,1,0.05203525599732001,0.0,1.0,22.669339895248413
BitcoinTransactions,38,18,11,0.65,0.5,2,0.05203525599732001,0.0,1.0,20.27393627166748
BitcoinTransactions,38,18,11,0.65,0.5,3,0.05203525599732001,0.0,1.0,20.257323503494263
BitcoinTransactions,38,18,11,0.65,0.5,4,0.05203525599732001,0.0,1.0,20.40557050704956
BitcoinTransactions,38,18,11,0.65,0.5,5,0.05203525599732001,0.0,1.0,20.290806770324707
BitcoinTransactions,38,18,12,0.7,0.5,1,0.05203525599732001,0.0,1.0,22.679051637649536
BitcoinTransactions,38,18,12,0.7,0.5,2,0.0519133555029773,0.0196078431372549,0.9993640295090308,20.204240560531616
BitcoinTransactions,38,18,12,0.7,0.5,3,0.05203525599732001,0.0,1.0,20.251094102859497
BitcoinTransactions,38,18,12,0.7,0.5,4,0.05284118692904627,0.08333333333333333,1.0,20.521625995635986
BitcoinTransactions,38,18,12,0.7,0.5,5,0.05313364820367896,0.03333333333333333,0.9998728059018062,20.28374934196472
BitcoinTransactions,38,18,13,0.75,0.5,1,0.05441737266474912,0.1,1.0,22.50102424621582
BitcoinTransactions,38,18,13,0.75,0.5,2,0.05203525599732001,0.0,1.0,22.71302843093872
BitcoinTransactions,38,18,13,0.75,0.5,3,0.051991279892672757,0.0,0.9987280590180616,20.360228538513184
BitcoinTransactions,38,18,13,0.75,0.5,4,0.05203525599732001,0.0,1.0,20.32742404937744
BitcoinTransactions,38,18,13,0.75,0.5,5,0.05203525599732001,0.0,1.0,20.305668115615845
BitcoinTransactions,38,18,14,0.8,0.5,1,0.05202210507618721,0.0,0.9991096413126431,20.452043533325195
BitcoinTransactions,38,18,14,0.8,0.5,2,0.052878020406197525,0.07692307692307693,1.0,20.24386715888977
BitcoinTransactions,38,18,14,0.8,0.5,3,0.05203525599732001,0.0,1.0,22.651651859283447
BitcoinTransactions,38,18,14,0.8,0.5,4,0.056001282351448904,0.030303030303030304,0.9556092597303485,20.11207938194275
BitcoinTransactions,38,18,14,0.8,0.5,5,0.05203525599732001,0.0,1.0,20.265108823776245
BitcoinTransactions,38,18,14,0.85,0.5,1,0.05203525599732001,0.0,1.0,20.42114543914795
BitcoinTransactions,38,18,14,0.85,0.5,2,0.05203525599732001,0.0,1.0,20.291438817977905
BitcoinTransactions,38,18,14,0.85,0.5,3,0.05203525599732001,0.0,1.0,22.786844491958618
BitcoinTransactions,38,18,14,0.85,0.5,4,0.053143850835813286,0.029411764705882353,0.9998728059018062,22.41600799560547
BitcoinTransactions,38,18,14,0.85,0.5,5,0.05203525599732001,0.0,1.0,20.33303213119507
BitcoinTransactions,38,18,15,0.9,0.5,1,0.05167436529111445,0.029411764705882353,0.9996184177054185,20.360646963119507
BitcoinTransactions,38,18,15,0.9,0.5,2,0.05203525599732001,0.0,1.0,20.36183762550354
BitcoinTransactions,38,18,15,0.9,0.5,3,0.05203525599732001,0.0,1.0,20.465083360671997
BitcoinTransactions,38,18,15,0.9,0.5,4,0.05203525599732001,0.0,1.0,20.270095825195312
BitcoinTransactions,38,18,15,0.9,0.5,5,0.05203525599732001,0.0,1.0,22.661614894866943
BitcoinTransactions,38,18,16,0.95,0.5,1,0.05339523678487922,0.06666666666666667,1.0,20.042400121688843
BitcoinTransactions,38,18,16,0.95,0.5,2,0.05203525599732001,0.0,1.0,20.26312828063965
BitcoinTransactions,38,18,16,0.95,0.5,3,0.05203525599732001,0.0,1.0,20.355945348739624
BitcoinTransactions,38,18,16,0.95,0.5,4,0.05203525599732001,0.0,1.0,20.38883066177368
BitcoinTransactions,38,18,16,0.95,0.5,5,0.05341598794647786,0.08333333333333333,1.0,20.057559490203857
BitcoinTransactions,38,18,17,1,0.5,1,0.05204794348613071,0.0,0.9998728059018062,20.19633960723877
BitcoinTransactions,38,18,17,1,0.5,2,0.05203525599732001,0.0,1.0,20.456302404403687
BitcoinTransactions,38,18,17,1,0.5,3,0.055108542830128344,0.03333333333333333,0.9998728059018062,20.141595363616943
BitcoinTransactions,38,18,17,1,0.5,4,0.05203525599732001,0.0,1.0,22.610251426696777
BitcoinTransactions,38,18,17,1,0.5,5,0.05203525599732001,0.0,1.0,20.22224473953247
BitcoinTransactions,39,7,0,0,,1,0.9171326324423879,0.016,0.0743045852915026,
BitcoinTransactions,39,7,0,0,,2,0.8381761343402039,0.0,0.02680045725898641,
BitcoinTransactions,39,7,0,0,,3,0.8941809798700905,0.0,0.04166137431728693,
BitcoinTransactions,39,7,0,0,,4,0.87682097415549,0.0,0.01168550743045853,
BitcoinTransactions,39,7,0,0,,5,0.8321221848084236,0.016,0.13933697446970658,
BitcoinTransactions,39,7,0,0.01,0.5,1,0.05203525599732001,0.0,1.0,20.149694681167603
BitcoinTransactions,39,7,0,0.01,0.5,2,0.05203525599732001,0.0,1.0,20.51009750366211
BitcoinTransactions,39,7,0,0.01,0.5,3,0.05203525599732001,0.0,1.0,20.515580892562866
BitcoinTransactions,39,7,0,0.01,0.5,4,0.05203525599732001,0.0,1.0,22.770323753356934
BitcoinTransactions,39,7,0,0.01,0.5,5,0.054880493723124354,0.125,0.9998729836148863,22.403879642486572
BitcoinTransactions,39,7,0,0.05,0.5,1,0.0514727829901169,0.06666666666666667,0.9893306236504509,20.1380558013916
BitcoinTransactions,39,7,0,0.05,0.5,2,0.05203525599732001,0.0,1.0,20.182237148284912
BitcoinTransactions,39,7,0,0.05,0.5,3,0.05203525599732001,0.0,1.0,20.120325803756714
BitcoinTransactions,39,7,0,0.05,0.5,4,0.05203525599732001,0.0,1.0,20.083170652389526
BitcoinTransactions,39,7,0,0.05,0.5,5,0.05203525599732001,0.0,1.0,20.083348989486694
BitcoinTransactions,39,7,1,0.1,0.5,1,0.05203525599732001,0.0,1.0,20.117470026016235
BitcoinTransactions,39,7,1,0.1,0.5,2,0.05203525599732001,0.0,1.0,20.135282278060913
BitcoinTransactions,39,7,1,0.1,0.5,3,0.05203525599732001,0.0,1.0,20.127503395080566
BitcoinTransactions,39,7,1,0.1,0.5,4,0.05203525599732001,0.0,1.0,20.12676191329956
BitcoinTransactions,39,7,1,0.1,0.5,5,0.05203525599732001,0.0,1.0,20.133301973342896
BitcoinTransactions,39,7,1,0.15,0.5,1,0.05203525599732001,0.0,1.0,20.110984563827515
BitcoinTransactions,39,7,1,0.15,0.5,2,0.05203525599732001,0.0,1.0,20.10951566696167
BitcoinTransactions,39,7,1,0.15,0.5,3,0.051540184321033605,0.2,1.0,20.05952525138855
BitcoinTransactions,39,7,1,0.15,0.5,4,0.05167730692275875,0.0,0.9818366569287438,20.076828718185425
BitcoinTransactions,39,7,1,0.15,0.5,5,0.05203525599732001,0.0,1.0,20.565001010894775
BitcoinTransactions,39,7,1,0.2,0.5,1,0.05203525599732001,0.0,1.0,20.529571771621704
BitcoinTransactions,39,7,1,0.2,0.5,2,0.05199404887004589,0.0,0.9974596722977264,22.673221111297607
BitcoinTransactions,39,7,1,0.2,0.5,3,0.05203525599732001,0.0,1.0,20.281179428100586
BitcoinTransactions,39,7,1,0.2,0.5,4,0.05148629078265632,0.0,0.9813285913882891,20.16377305984497
BitcoinTransactions,39,7,1,0.2,0.5,5,0.05198577471024524,0.0,0.9987298361488632,20.570141553878784
BitcoinTransactions,39,7,2,0.25,0.5,1,0.05203525599732001,0.0,1.0,20.485201597213745
BitcoinTransactions,39,7,2,0.25,0.5,2,0.05178075443658143,0.0,0.9564333799060079,22.7813880443573
BitcoinTransactions,39,7,2,0.25,0.5,3,0.05203525599732001,0.0,1.0,22.770546913146973
BitcoinTransactions,39,7,2,0.25,0.5,4,0.05203525599732001,0.0,1.0,20.2334942817688
BitcoinTransactions,39,7,2,0.25,0.5,5,0.05414929235529642,0.0,0.7767051949701511,20.15721821784973
BitcoinTransactions,39,7,2,0.3,0.5,1,0.05457629596316189,0.125,0.8927981709640543,20.219499826431274
BitcoinTransactions,39,7,2,0.3,0.5,2,0.05203525599732001,0.0,1.0,20.614941358566284
BitcoinTransactions,39,7,2,0.3,0.5,3,0.05203525599732001,0.0,1.0,22.79906129837036
BitcoinTransactions,39,7,2,0.3,0.5,4,0.05203525599732001,0.0,1.0,20.32527780532837
BitcoinTransactions,39,7,2,0.3,0.5,5,0.05203525599732001,0.0,1.0,22.760170459747314
BitcoinTransactions,39,7,2,0.35,0.5,1,0.053386628187886254,0.0,0.3586942715610314,19.96238946914673
BitcoinTransactions,39,7,2,0.35,0.5,2,0.05203525599732001,0.0,1.0,20.245784282684326
BitcoinTransactions,39,7,2,0.35,0.5,3,0.05203525599732001,0.0,1.0,20.527655363082886
BitcoinTransactions,39,7,2,0.35,0.5,4,0.05225774239007078,0.0,0.9484313476438461,20.387171983718872
BitcoinTransactions,39,7,2,0.35,0.5,5,0.05203525599732001,0.0,1.0,22.786561012268066
BitcoinTransactions,39,7,2,0.4,0.5,1,0.05203525599732001,0.0,1.0,20.269853115081787
BitcoinTransactions,39,7,2,0.4,0.5,2,0.05190141408347362,0.0,0.9949193445954528,20.196049690246582
BitcoinTransactions,39,7,2,0.4,0.5,3,0.05203525599732001,0.0,1.0,20.168060779571533
BitcoinTransactions,39,7,2,0.4,0.5,4,0.05203525599732001,0.0,1.0,20.45325756072998
BitcoinTransactions,39,7,2,0.4,0.5,5,0.05200992344702826,0.0,0.9992379016893179,20.44644331932068
BitcoinTransactions,39,7,3,0.45,0.5,1,0.05203525599732001,0.0,1.0,22.761094570159912
BitcoinTransactions,39,7,3,0.45,0.5,2,0.05203525599732001,0.0,1.0,20.254469394683838
BitcoinTransactions,39,7,3,0.45,0.5,3,0.05203525599732001,0.0,1.0,20.2945237159729
BitcoinTransactions,39,7,3,0.45,0.5,4,0.05203525599732001,0.0,1.0,20.30856490135193
BitcoinTransactions,39,7,3,0.45,0.5,5,0.05203525599732001,0.0,1.0,20.292098999023438
BitcoinTransactions,39,7,3,0.5,0.5,1,0.05203525599732001,0.0,1.0,20.291142463684082
BitcoinTransactions,39,7,3,0.5,0.5,2,0.05203525599732001,0.0,1.0,20.2652587890625
BitcoinTransactions,39,7,3,0.5,0.5,3,0.05203525599732001,0.0,1.0,20.5278217792511
BitcoinTransactions,39,7,3,0.5,0.5,4,0.052038334117797104,0.16666666666666666,1.0,20.499242305755615
BitcoinTransactions,39,7,3,0.5,0.5,5,0.05203525599732001,0.0,1.0,22.854766130447388
BitcoinTransactions,39,7,3,0.55,0.5,1,0.05198621966632324,0.0,0.996824590372158,20.32585597038269
BitcoinTransactions,39,7,3,0.55,0.5,2,0.05203525599732001,0.0,1.0,20.165567874908447
BitcoinTransactions,39,7,3,0.55,0.5,3,0.051592627474880255,0.0,0.96824590372158,20.22556972503662
BitcoinTransactions,39,7,3,0.55,0.5,4,0.05203525599732001,0.0,1.0,20.232364654541016
BitcoinTransactions,39,7,3,0.55,0.5,5,0.05203525599732001,0.0,1.0,20.27753973007202
BitcoinTransactions,39,7,4,0.6,0.5,1,0.05203525599732001,0.0,1.0,20.21248960494995
BitcoinTransactions,39,7,4,0.6,0.5,2,0.05203525599732001,0.0,1.0,20.48408317565918
BitcoinTransactions,39,7,4,0.6,0.5,3,0.05203525599732001,0.0,1.0,20.480369806289673
BitcoinTransactions,39,7,4,0.6,0.5,4,0.05365095487564852,0.25,1.0,19.987061262130737
BitcoinTransactions,39,7,4,0.6,0.5,5,0.051996938476427536,0.0,0.9992379016893179,20.267986059188843
BitcoinTransactions,39,7,4,0.65,0.5,1,0.05203525599732001,0.0,1.0,20.288185596466064
BitcoinTransactions,39,7,4,0.65,0.5,2,0.05203525599732001,0.0,1.0,20.212585926055908
BitcoinTransactions,39,7,4,0.65,0.5,3,0.052991582784695124,0.0,0.8731106312714341,20.318703413009644
BitcoinTransactions,39,7,4,0.65,0.5,4,0.05203525599732001,0.0,1.0,20.44546413421631
BitcoinTransactions,39,7,4,0.65,0.5,5,0.05203525599732001,0.0,1.0,20.397157192230225
BitcoinTransactions,39,7,4,0.7,0.5,1,0.05203525599732001,0.0,1.0,20.19921326637268
BitcoinTransactions,39,7,4,0.7,0.5,2,0.05201336270491562,0.0,0.9991108853042042,20.18502116203308
BitcoinTransactions,39,7,4,0.7,0.5,3,0.05203525599732001,0.0,1.0,20.45572519302368
BitcoinTransactions,39,7,4,0.7,0.5,4,0.052020386028459965,0.0,0.9859011812523816,21.52764368057251
BitcoinTransactions,39,7,4,0.7,0.5,5,0.05203525599732001,0.0,1.0,20.29903221130371
BitcoinTransactions,39,7,4,0.75,0.5,1,0.052685009820496294,0.041666666666666664,0.9986028197637495,20.159775972366333
BitcoinTransactions,39,7,4,0.75,0.5,2,0.05203525599732001,0.0,1.0,20.4743549823761
BitcoinTransactions,39,7,4,0.75,0.5,3,0.05203525599732001,0.0,1.0,20.414209127426147
BitcoinTransactions,39,7,4,0.75,0.5,4,0.05203525599732001,0.0,1.0,20.261956453323364
BitcoinTransactions,39,7,4,0.75,0.5,5,0.051971696023039686,0.0,0.9892036072653372,22.784515857696533
BitcoinTransactions,39,7,5,0.8,0.5,1,0.0518960290251001,0.0,0.9940302298996571,20.278584003448486
BitcoinTransactions,39,7,5,0.8,0.5,2,0.054211285834182554,0.25,1.0,20.011415004730225
BitcoinTransactions,39,7,5,0.8,0.5,3,0.051915705749970655,0.0,0.9956814429061349,20.47042202949524
BitcoinTransactions,39,7,5,0.8,0.5,4,0.05353118563091836,0.16666666666666666,1.0,20.30936050415039
BitcoinTransactions,39,7,5,0.8,0.5,5,0.052503934494087114,0.0,0.9571954782166899,22.807913303375244
BitcoinTransactions,39,7,5,0.85,0.5,1,0.05203525599732001,0.0,1.0,22.764544010162354
BitcoinTransactions,39,7,5,0.85,0.5,2,0.052076206354090424,0.0,0.9982217706084084,20.26961374282837
BitcoinTransactions,39,7,5,0.85,0.5,3,0.052014060247586126,0.0,0.999618950844659,20.23809027671814
BitcoinTransactions,39,7,5,0.85,0.5,4,0.052028681979533385,0.0,0.9998729836148863,20.200310230255127
BitcoinTransactions,39,7,5,0.85,0.5,5,0.05203525599732001,0.0,1.0,20.532532215118408
BitcoinTransactions,39,7,5,0.9,0.5,1,0.05491713750116279,0.1,0.9953003937507938,19.91514301300049
BitcoinTransactions,39,7,5,0.9,0.5,2,0.05167085856249927,0.0,0.9870443287184046,20.871530771255493
BitcoinTransactions,39,7,5,0.9,0.5,3,0.05203525599732001,0.0,1.0,20.25945258140564
BitcoinTransactions,39,7,5,0.9,0.5,4,0.05203525599732001,0.0,1.0,20.230074882507324
BitcoinTransactions,39,7,5,0.9,0.5,5,0.05405990823808144,0.25,1.0,20.18839168548584
BitcoinTransactions,39,7,6,0.95,0.5,1,0.05203525599732001,0.0,1.0,20.469691038131714
BitcoinTransactions,39,7,6,0.95,0.5,2,0.05191663507805261,0.0,0.993268131588975,20.31573486328125
BitcoinTransactions,39,7,6,0.95,0.5,3,0.052030997645402415,0.0,0.9998729836148863,20.206685066223145
BitcoinTransactions,39,7,6,0.95,0.5,4,0.05207115913151015,0.0,0.9439857741648673,20.19708275794983
BitcoinTransactions,39,7,6,0.95,0.5,5,0.05213693326404851,0.0,0.9983487869935221,20.169276475906372
BitcoinTransactions,39,7,6,1,0.5,1,0.052479635978109104,0.16666666666666666,1.0,20.39248251914978
BitcoinTransactions,39,7,6,1,0.5,2,0.051764231189760014,0.0,0.9890765908802236,20.451629877090454
BitcoinTransactions,39,7,6,1,0.5,3,0.05203525599732001,0.0,1.0,20.347708702087402
BitcoinTransactions,39,7,6,1,0.5,4,0.05203525599732001,0.0,1.0,20.24909543991089
BitcoinTransactions,39,7,6,1,0.5,5,0.05203525599732001,0.0,1.0,20.308960437774658
