network_name,target_label,target_size,b,b_percentage,p,realization,ECS,M1,M2,elapsed_time_sec
BitcoinTransactions,1,428,0,0,,1,0.06009869940220169,0.001288659793814433,0.9690016103059581,
BitcoinTransactions,1,428,0,0,,2,0.07302410720564323,0.0007382798080472499,0.9632313472893183,
BitcoinTransactions,1,428,0,0,,3,0.06460073416483897,0.0009689922480620155,0.9547772410091251,
BitcoinTransactions,1,428,0,0,,4,0.07585072556040574,0.001637331150225133,0.984970477724101,
BitcoinTransactions,1,428,0,0,,5,0.07196385108098116,0.0013774104683195593,0.9860440150295223,
BitcoinTransactions,1,428,4,0.01,0.5,1,0.06569923616525956,0.0016778523489932886,0.9868491680085884,4.5358781814575195
BitcoinTransactions,1,428,4,0.01,0.5,2,0.060649896748950605,0.0010302197802197802,0.9762479871175523,4.655893087387085
BitcoinTransactions,1,428,4,0.01,0.5,3,0.0672563908675567,0.0012919896640826874,0.9883252818035426,4.673235893249512
BitcoinTransactions,1,428,4,0.01,0.5,4,0.07869511393304879,0.0017857142857142857,0.9947665056360708,4.592057228088379
BitcoinTransactions,1,428,4,0.01,0.5,5,0.06391927942049196,0.001098901098901099,0.9724906065485776,4.701130628585815
BitcoinTransactions,1,428,22,0.05,0.5,1,0.07210963650940777,0.0011074197120708748,0.976784755770263,4.670492649078369
BitcoinTransactions,1,428,22,0.05,0.5,2,0.06496465546796315,0.0012755102040816326,0.9877885131508319,4.718288421630859
BitcoinTransactions,1,428,22,0.05,0.5,3,0.08175104381833674,0.0026785714285714286,0.9710144927536232,4.416942358016968
BitcoinTransactions,1,428,22,0.05,0.5,4,0.0723316664760694,0.0014803849000740192,0.9738325281803543,4.546237230300903
BitcoinTransactions,1,428,22,0.05,0.5,5,0.0737295590793604,0.0015384615384615385,0.9911433172302737,4.685766220092773
BitcoinTransactions,1,428,43,0.1,0.5,1,0.07757850965969366,0.0016051364365971107,0.9840311325818573,4.5521016120910645
BitcoinTransactions,1,428,43,0.1,0.5,2,0.0737213887865301,0.0018779342723004694,0.9805421363392378,4.5230467319488525
BitcoinTransactions,1,428,43,0.1,0.5,3,0.08017559418509797,0.0011017260374586854,0.960950080515298,4.68806529045105
BitcoinTransactions,1,428,43,0.1,0.5,4,0.06889324906727208,0.0017316017316017316,0.9912775093934514,4.70168399810791
BitcoinTransactions,1,428,43,0.1,0.5,5,0.05412886413944511,0.0014742014742014742,0.9735641438539989,4.742333650588989
BitcoinTransactions,1,428,64,0.15,0.5,1,0.08716875502599124,0.0026109660574412533,1.0,4.663890600204468
BitcoinTransactions,1,428,64,0.15,0.5,2,0.06881542537573097,0.0012755102040816326,0.9730273752012882,4.728543281555176
BitcoinTransactions,1,428,64,0.15,0.5,3,0.06791411911903107,0.001484230055658627,0.986580783682233,4.695882081985474
BitcoinTransactions,1,428,64,0.15,0.5,4,0.06378013841875825,0.0014998125234345708,0.9896672034353193,4.655587911605835
BitcoinTransactions,1,428,64,0.15,0.5,5,0.07304739238276331,0.0007462686567164179,0.9477992485238862,4.541032314300537
BitcoinTransactions,1,428,86,0.2,0.5,1,0.058274912685625437,0.0004317789291882556,0.9685990338164251,4.719086170196533
BitcoinTransactions,1,428,86,0.2,0.5,2,0.06554661264543708,0.0018315018315018315,0.9985238862050456,4.566649913787842
BitcoinTransactions,1,428,86,0.2,0.5,3,0.06461229266187776,0.0012919896640826874,0.9702093397745571,4.688451051712036
BitcoinTransactions,1,428,86,0.2,0.5,4,0.06411394899278279,0.0010178117048346056,0.9761137949543747,4.703235387802124
BitcoinTransactions,1,428,86,0.2,0.5,5,0.07791328007158387,0.001534526854219949,0.9879227053140096,4.678281784057617
BitcoinTransactions,1,428,108,0.25,0.5,1,0.06397394508810404,0.0010471204188481676,0.9852388620504563,4.67496657371521
BitcoinTransactions,1,428,108,0.25,0.5,2,0.07316504312035793,0.0025575447570332483,1.0,4.6972410678863525
BitcoinTransactions,1,428,108,0.25,0.5,3,0.0671484017217254,0.0007125044531528322,0.965780998389694,4.695255517959595
BitcoinTransactions,1,428,108,0.25,0.5,4,0.0723994488799798,0.0014919806042521448,0.9852388620504563,4.695452928543091
BitcoinTransactions,1,428,108,0.25,0.5,5,0.07524110434252038,0.0020905923344947735,0.9773215244229737,4.448559284210205
BitcoinTransactions,1,428,129,0.3,0.5,1,0.07274073870831907,0.002072538860103627,0.9997316156736447,4.711976766586304
BitcoinTransactions,1,428,129,0.3,0.5,2,0.06906072901772208,0.0022002200220022,0.9907407407407407,4.5540571212768555
BitcoinTransactions,1,428,129,0.3,0.5,3,0.07119703419230311,0.0020460358056265983,0.9944981213097155,4.698454856872559
BitcoinTransactions,1,428,129,0.3,0.5,4,0.07051389783669773,0.0016042780748663102,0.9979871175523349,4.667264461517334
BitcoinTransactions,1,428,129,0.3,0.5,5,0.07216105155799454,0.0012987012987012987,0.9903381642512077,4.7138671875
BitcoinTransactions,1,428,150,0.35,0.5,1,0.07104840091315286,0.0020512820512820513,0.9970477724100912,4.705726146697998
BitcoinTransactions,1,428,150,0.35,0.5,2,0.07215879053987942,0.0007344840249724568,0.9739667203435319,4.551826477050781
BitcoinTransactions,1,428,150,0.35,0.5,3,0.07418675542041238,0.0008635578583765112,0.9731615673644659,4.6731202602386475
BitcoinTransactions,1,428,150,0.35,0.5,4,0.0712592072731311,0.001288659793814433,0.9863123993558777,4.69618821144104
BitcoinTransactions,1,428,150,0.35,0.5,5,0.05926732391510634,0.0010282776349614395,0.9781266774020397,4.699146270751953
BitcoinTransactions,1,428,172,0.4,0.5,1,0.0705885239123229,0.001965923984272608,0.9727589908749329,4.457691431045532
BitcoinTransactions,1,428,172,0.4,0.5,2,0.07121304003810047,0.001288659793814433,0.991411701556629,4.703105688095093
BitcoinTransactions,1,428,172,0.4,0.5,3,0.07226429794532897,0.001953125,0.9879227053140096,4.686582565307617
BitcoinTransactions,1,428,172,0.4,0.5,4,0.06460237540469745,0.0011102886750555144,0.9626945786366076,4.698749780654907
BitcoinTransactions,1,428,172,0.4,0.5,5,0.06822342112232502,0.001282051282051282,0.9785292538915727,4.697048187255859
BitcoinTransactions,1,428,194,0.45,0.5,1,0.07990601896717653,0.0018882175226586104,0.9877885131508319,4.51703405380249
BitcoinTransactions,1,428,194,0.45,0.5,2,0.07265617339109878,0.0011045655375552283,0.9828234031132582,4.670789003372192
BitcoinTransactions,1,428,194,0.45,0.5,3,0.060001468415780114,0.000856898029134533,0.9699409554482018,4.70751953125
BitcoinTransactions,1,428,194,0.45,0.5,4,0.07446384323062741,0.0016233766233766235,0.9834943639291466,4.448972702026367
BitcoinTransactions,1,428,194,0.45,0.5,5,0.08539736896554208,0.003132832080200501,0.9852388620504563,4.496356725692749
BitcoinTransactions,1,428,215,0.5,0.5,1,0.07238928713364005,0.001193792280143255,0.9420289855072463,4.641021490097046
BitcoinTransactions,1,428,215,0.5,0.5,2,0.06302438960127942,0.0004306632213608958,0.9534353193773484,4.7120420932769775
BitcoinTransactions,1,428,215,0.5,0.5,3,0.06256887493351514,0.0011102886750555144,0.988593666129898,4.731919288635254
BitcoinTransactions,1,428,215,0.5,0.5,4,0.06984096982398202,0.0010932944606413995,0.9834943639291466,4.705360174179077
BitcoinTransactions,1,428,215,0.5,0.5,5,0.06719336102002714,0.001840942562592047,0.9977187332259796,4.72006368637085
BitcoinTransactions,1,428,237,0.55,0.5,1,0.07462310027592577,0.0015831134564643799,0.9899355877616747,4.660628318786621
BitcoinTransactions,1,428,237,0.55,0.5,2,0.06977700881590443,0.002577319587628866,1.0,4.699785470962524
BitcoinTransactions,1,428,237,0.55,0.5,3,0.06824184048823424,0.0012919896640826874,0.9810789049919485,4.686452865600586
BitcoinTransactions,1,428,237,0.55,0.5,4,0.05825958775840409,0.0006493506493506494,0.9903381642512077,4.7472686767578125
BitcoinTransactions,1,428,237,0.55,0.5,5,0.07547482979322981,0.0015831134564643799,0.9930220075147611,4.689893960952759
BitcoinTransactions,1,428,258,0.6,0.5,1,0.08708740910605973,0.0013054830287206266,0.9821524422973699,4.667376756668091
BitcoinTransactions,1,428,258,0.6,0.5,2,0.06054638401687956,0.0012919896640826874,0.9800053676865271,4.711349248886108
BitcoinTransactions,1,428,258,0.6,0.5,3,0.07195309593874002,0.001953125,0.9997316156736447,4.685478925704956
BitcoinTransactions,1,428,258,0.6,0.5,4,0.07267150930905598,0.001953125,0.988593666129898,4.690067291259766
BitcoinTransactions,1,428,258,0.6,0.5,5,0.06992904321782445,0.0020387359836901123,0.990606548577563,4.594167709350586
BitcoinTransactions,1,428,280,0.65,0.5,1,0.06543423358934394,0.001272264631043257,0.9672571121846484,4.72885799407959
BitcoinTransactions,1,428,280,0.65,0.5,2,0.0715603676914869,0.0013123359580052493,0.9840311325818573,4.677873849868774
BitcoinTransactions,1,428,280,0.65,0.5,3,0.05889714322638956,0.0010152284263959391,0.988593666129898,4.742841482162476
BitcoinTransactions,1,428,280,0.65,0.5,4,0.07012848371807592,0.0018115942028985507,0.988996242619431,4.529749870300293
BitcoinTransactions,1,428,280,0.65,0.5,5,0.07349226026314792,0.0015384615384615385,0.9936929683306495,4.696054458618164
BitcoinTransactions,1,428,301,0.7,0.5,1,0.06500019331182369,0.0008726003490401396,0.9604133118625873,4.718688726425171
BitcoinTransactions,1,428,301,0.7,0.5,2,0.06645321446570733,0.001282051282051282,0.991009125067096,4.71457052230835
BitcoinTransactions,1,428,301,0.7,0.5,3,0.07644454300738404,0.0020408163265306124,0.9920826623725174,4.627845525741577
BitcoinTransactions,1,428,301,0.7,0.5,4,0.05998433348261353,0.0011102886750555144,0.9848362855609233,4.57227349281311
BitcoinTransactions,1,428,301,0.7,0.5,5,0.06849748548885672,0.001826817683595177,0.9957058507783145,4.698408126831055
BitcoinTransactions,1,428,322,0.75,0.5,1,0.081153867363447,0.0027100271002710027,1.0,4.649641990661621
BitcoinTransactions,1,428,322,0.75,0.5,2,0.06473126711622551,0.0011045655375552283,0.9847020933977456,4.717847585678101
BitcoinTransactions,1,428,322,0.75,0.5,3,0.05718461097752583,0.0018427518427518428,0.9891304347826086,4.880899667739868
BitcoinTransactions,1,428,322,0.75,0.5,4,0.08593972092242176,0.0020942408376963353,0.9955716586151369,4.524152994155884
BitcoinTransactions,1,428,322,0.75,0.5,5,0.0956677407293926,0.001685630004214075,0.9834943639291466,4.490454196929932
BitcoinTransactions,1,428,344,0.8,0.5,1,0.06932861961485635,0.0015873015873015873,0.9749060654857756,4.590362310409546
BitcoinTransactions,1,428,344,0.8,0.5,2,0.07285211324342891,0.0011773940345368916,0.9692699946323134,4.574378252029419
BitcoinTransactions,1,428,344,0.8,0.5,3,0.07822874873261998,0.0041841004184100415,1.0,4.432190656661987
BitcoinTransactions,1,428,344,0.8,0.5,4,0.06927935272387299,0.0022603978300180833,0.9965110037573806,4.512461185455322
BitcoinTransactions,1,428,344,0.8,0.5,5,0.06533820856374786,0.000974025974025974,0.964170692431562,4.7051074504852295
BitcoinTransactions,1,428,366,0.85,0.5,1,0.06600411952772972,0.002056555269922879,0.9957058507783145,4.733125925064087
BitcoinTransactions,1,428,366,0.85,0.5,2,0.07775730710127275,0.0030721966205837174,0.9861782071927,4.473798751831055
BitcoinTransactions,1,428,366,0.85,0.5,3,0.06579564630196323,0.0012919896640826874,0.9851046698872786,4.703349590301514
BitcoinTransactions,1,428,366,0.85,0.5,4,0.05803936250406874,0.001038961038961039,0.9694041867954911,4.718768835067749
BitcoinTransactions,1,428,366,0.85,0.5,5,0.057719192077408464,0.000992063492063492,0.9912775093934514,4.7257561683654785
BitcoinTransactions,1,428,387,0.9,0.5,1,0.06688376243104734,0.0013089005235602095,0.9792002147074611,4.688114404678345
BitcoinTransactions,1,428,387,0.9,0.5,2,0.07162770555272212,0.0021447721179624667,0.9953032742887815,4.641271114349365
BitcoinTransactions,1,428,387,0.9,0.5,3,0.06753796454745048,0.0012755102040816326,0.9656468062265163,4.7226927280426025
BitcoinTransactions,1,428,387,0.9,0.5,4,0.06483790419419584,0.001272264631043257,0.985373054213634,4.6942830085754395
BitcoinTransactions,1,428,387,0.9,0.5,5,0.07142823564968397,0.0017873100983020554,0.9951690821256038,4.672308921813965
BitcoinTransactions,1,428,408,0.95,0.5,1,0.07180086488965941,0.001736111111111111,0.9949006977992485,4.700679063796997
BitcoinTransactions,1,428,408,0.95,0.5,2,0.06651410695856029,0.0009517766497461929,0.9838969404186796,4.708021402359009
BitcoinTransactions,1,428,408,0.95,0.5,3,0.08097317606554184,0.001989389920424403,0.9957058507783145,4.65070104598999
BitcoinTransactions,1,428,408,0.95,0.5,4,0.07138024072734467,0.0015915119363395225,0.999597423510467,4.71098780632019
BitcoinTransactions,1,428,408,0.95,0.5,5,0.06429017983777685,0.0010178117048346056,0.9861782071927,4.755594968795776
BitcoinTransactions,1,428,430,1,0.5,1,0.0656797513513996,0.0015463917525773195,0.988191089640365,4.695764780044556
BitcoinTransactions,1,428,430,1,0.5,2,0.06425472109984705,0.001484230055658627,0.988191089640365,4.723587512969971
BitcoinTransactions,1,428,430,1,0.5,3,0.0734811523290453,0.001829268292682927,0.9830917874396136,4.524670600891113
BitcoinTransactions,1,428,430,1,0.5,4,0.07031836407646382,0.0031746031746031746,0.9830917874396136,4.250912189483643
BitcoinTransactions,1,428,430,1,0.5,5,0.0660279256657315,0.0015360983102918587,0.986580783682233,4.641786098480225
BitcoinTransactions,2,433,0,0,,1,0.06367761076025473,0.001176470588235294,0.9993285886934336,
BitcoinTransactions,2,433,0,0,,2,0.062320870966713474,0.001176470588235294,0.9916744997985766,
BitcoinTransactions,2,433,0,0,,3,0.07966102634565186,0.0025940337224383916,0.9899288304015039,
BitcoinTransactions,2,433,0,0,,4,0.06985213733557069,0.0031496062992125984,0.9997314354773734,
BitcoinTransactions,2,433,0,0,,5,0.06813369874685199,0.0011737089201877935,0.9903316771854438,
BitcoinTransactions,2,433,5,0.01,0.5,1,0.06676141071050258,0.0018912529550827422,0.9997314354773734,4.655791759490967
BitcoinTransactions,2,433,5,0.01,0.5,2,0.0662733522977008,0.0011792452830188679,0.9879145964818048,4.663506984710693
BitcoinTransactions,2,433,5,0.01,0.5,3,0.06872678059804378,0.0016025641025641025,0.9997314354773734,4.615613222122192
BitcoinTransactions,2,433,5,0.01,0.5,4,0.08022549692995341,0.001768867924528302,0.997582919296361,4.6794915199279785
BitcoinTransactions,2,433,5,0.01,0.5,5,0.07398530380633846,0.0013445378151260505,0.9880488787431181,4.750905275344849
BitcoinTransactions,2,433,23,0.05,0.5,1,0.07245676365475172,0.0010084033613445378,0.9906002417080704,4.671550750732422
BitcoinTransactions,2,433,23,0.05,0.5,2,0.07934062937250086,0.0024096385542168677,1.0,4.648436784744263
BitcoinTransactions,2,433,23,0.05,0.5,3,0.08241373997500123,0.0014251781472684087,0.9907345239693837,4.6648313999176025
BitcoinTransactions,2,433,23,0.05,0.5,4,0.06370052963912902,0.0017047391749062393,0.994225862763529,4.684983730316162
BitcoinTransactions,2,433,23,0.05,0.5,5,0.07625782269405555,0.001176470588235294,0.9885860077883711,4.702696800231934
BitcoinTransactions,2,433,46,0.1,0.5,1,0.0672349929860739,0.0014775413711583924,0.9888545723109977,4.695521354675293
BitcoinTransactions,2,433,46,0.1,0.5,2,0.07094978727574845,0.001182033096926714,0.9916744997985766,4.682563781738281
BitcoinTransactions,2,433,46,0.1,0.5,3,0.06423134476441773,0.0017857142857142857,0.9974486370350477,4.693743467330933
BitcoinTransactions,2,433,46,0.1,0.5,4,0.08524700206084992,0.001184834123222749,0.9911373707533235,4.5217344760894775
BitcoinTransactions,2,433,46,0.1,0.5,5,0.06429773247318445,0.0019654088050314465,0.9872431851752383,4.694861650466919
BitcoinTransactions,2,433,69,0.15,0.5,1,0.06958643961518093,0.0014218009478672985,0.9919430643212032,4.700613737106323
BitcoinTransactions,2,433,69,0.15,0.5,2,0.0639748437883115,0.0011682242990654205,0.9891231368336243,4.785159111022949
BitcoinTransactions,2,433,69,0.15,0.5,3,0.06673524805349253,0.001182033096926714,0.9963743789445414,4.692869424819946
BitcoinTransactions,2,433,69,0.15,0.5,4,0.06645959713246921,0.0015723270440251573,0.9907345239693837,4.691880464553833
BitcoinTransactions,2,433,69,0.15,0.5,5,0.06453721052439312,0.001970055161544523,0.9993285886934336,4.663985729217529
BitcoinTransactions,2,433,92,0.2,0.5,1,0.06727185494571783,0.0014150943396226414,0.9871089029139251,4.704796552658081
BitcoinTransactions,2,433,92,0.2,0.5,2,0.05877025313175,0.0012578616352201257,0.9881831610044313,4.592000484466553
BitcoinTransactions,2,433,92,0.2,0.5,3,0.0726509725179689,0.0011792452830188679,0.9842889754263462,4.701720714569092
BitcoinTransactions,2,433,92,0.2,0.5,4,0.061549093581498064,0.0017899761336515514,0.9997314354773734,4.695960521697998
BitcoinTransactions,2,433,92,0.2,0.5,5,0.0722729800208859,0.0013605442176870747,0.982274741506647,4.663750648498535
BitcoinTransactions,2,433,115,0.25,0.5,1,0.06700521007052808,0.0013477088948787063,0.985631798039479,4.716755390167236
BitcoinTransactions,2,433,115,0.25,0.5,2,0.07040121863030276,0.0013637913399249914,0.963609507184101,4.631380796432495
BitcoinTransactions,2,433,115,0.25,0.5,3,0.0833731485913619,0.001935483870967742,0.99140593527595,4.435350656509399
BitcoinTransactions,2,433,115,0.25,0.5,4,0.06436852636911555,0.00078064012490242,0.9662951524103666,4.716428756713867
BitcoinTransactions,2,433,115,0.25,0.5,5,0.07022596824762047,0.0009638554216867469,0.9881831610044313,4.621918201446533
BitcoinTransactions,2,433,138,0.3,0.5,1,0.07757284300368768,0.002570694087403599,1.0,4.5354673862457275
BitcoinTransactions,2,433,138,0.3,0.5,2,0.062122500695983233,0.0011792452830188679,0.9899288304015039,4.72742223739624
BitcoinTransactions,2,433,138,0.3,0.5,3,0.05171508497368663,0.000777000777000777,0.9891231368336243,4.87327241897583
BitcoinTransactions,2,433,138,0.3,0.5,4,0.07301783141561713,0.001583531274742676,0.9738149590439102,4.689213037490845
BitcoinTransactions,2,433,138,0.3,0.5,5,0.06544629624290668,0.0019002375296912114,0.9906002417080704,4.723422050476074
BitcoinTransactions,2,433,161,0.35,0.5,1,0.07469152643359887,0.0018957345971563982,0.9998657177386867,4.6997785568237305
BitcoinTransactions,2,433,161,0.35,0.5,2,0.06355866786282646,0.001176470588235294,0.9750234993957299,4.728720664978027
BitcoinTransactions,2,433,161,0.35,0.5,3,0.07366746110263755,0.001184834123222749,0.9864374916073587,4.569339990615845
BitcoinTransactions,2,433,161,0.35,0.5,4,0.05929545534173545,0.001583531274742676,0.9880488787431181,4.729536533355713
BitcoinTransactions,2,433,161,0.35,0.5,5,0.06432938675402118,0.0013477088948787063,0.9852289512555391,4.688176155090332
BitcoinTransactions,2,433,184,0.4,0.5,1,0.07326834848673809,0.0010179843909060061,0.9867060561299852,4.672001838684082
BitcoinTransactions,2,433,184,0.4,0.5,2,0.06360188697594352,0.003720238095238095,0.9719350073855244,4.42653489112854
BitcoinTransactions,2,433,184,0.4,0.5,3,0.06549289276812417,0.0011933174224343676,0.9948972740700953,4.698916435241699
BitcoinTransactions,2,433,184,0.4,0.5,4,0.07999020669841171,0.0017985611510791368,0.9871089029139251,4.666472434997559
BitcoinTransactions,2,433,184,0.4,0.5,5,0.07133394292195967,0.0010252904989747095,0.9849603867329125,4.644229412078857
BitcoinTransactions,2,433,207,0.45,0.5,1,0.07294124430235668,0.0031645569620253164,1.0,4.587797403335571
BitcoinTransactions,2,433,207,0.45,0.5,2,0.07723385997362217,0.001184834123222749,0.9842889754263462,4.696830987930298
BitcoinTransactions,2,433,207,0.45,0.5,3,0.06813774821404013,0.0022727272727272726,0.9864374916073587,4.48879075050354
BitcoinTransactions,2,433,207,0.45,0.5,4,0.06832298538332354,0.0013386880856760374,0.9861689270847321,4.6861090660095215
BitcoinTransactions,2,433,207,0.45,0.5,5,0.06554430619540058,0.0017142857142857142,0.9926144756277696,4.5709452629089355
BitcoinTransactions,2,433,230,0.5,0.5,1,0.06619562429151077,0.001579778830963665,0.993285886934336,4.681419610977173
BitcoinTransactions,2,433,230,0.5,0.5,2,0.07160580931100909,0.0015760441292356187,0.9875117496978649,4.693240404129028
BitcoinTransactions,2,433,230,0.5,0.5,3,0.07286034787676153,0.001176470588235294,0.9625352490935948,4.689805507659912
BitcoinTransactions,2,433,230,0.5,0.5,4,0.06496277269887259,0.00047732696897374703,0.9849603867329125,4.6651694774627686
BitcoinTransactions,2,433,230,0.5,0.5,5,0.07066926281611195,0.002398081534772182,1.0,4.662842273712158
BitcoinTransactions,2,433,253,0.55,0.5,1,0.06460032625456301,0.0009324009324009324,0.9828118705519001,4.741976499557495
BitcoinTransactions,2,433,253,0.55,0.5,2,0.0734030969144966,0.0034334763948497852,0.9997314354773734,4.565439939498901
BitcoinTransactions,2,433,253,0.55,0.5,3,0.0675435072424901,0.001015572105619499,0.985631798039479,4.712554454803467
BitcoinTransactions,2,433,253,0.55,0.5,4,0.07280333775291482,0.001184834123222749,0.9963743789445414,4.692450046539307
BitcoinTransactions,2,433,253,0.55,0.5,5,0.07243494639577656,0.001579778830963665,0.990868806230697,4.698196649551392
BitcoinTransactions,2,433,276,0.6,0.5,1,0.06115586607499284,0.001579778830963665,0.990868806230697,4.729339361190796
BitcoinTransactions,2,433,276,0.6,0.5,2,0.0803560580296609,0.0014388489208633094,0.9877803142204915,4.679802179336548
BitcoinTransactions,2,433,276,0.6,0.5,3,0.07500240163387209,0.0019093078758949881,0.9997314354773734,4.6863672733306885
BitcoinTransactions,2,433,276,0.6,0.5,4,0.06955777664491966,0.001949317738791423,0.9938230159795891,4.467980861663818
BitcoinTransactions,2,433,276,0.6,0.5,5,0.058141641501993975,0.000782472613458529,0.9990600241708071,4.786434888839722
BitcoinTransactions,2,433,299,0.65,0.5,1,0.07097173984111438,0.0019184652278177458,0.9911373707533235,4.707518577575684
BitcoinTransactions,2,433,299,0.65,0.5,2,0.06748574370626408,0.0011876484560570072,0.9869746206526118,4.712201118469238
BitcoinTransactions,2,433,299,0.65,0.5,3,0.08351783551830513,0.0010228435049437436,0.983751846381093,4.674800395965576
BitcoinTransactions,2,433,299,0.65,0.5,4,0.0684473052339667,0.0009456264775413711,0.9410500872834698,4.713606119155884
BitcoinTransactions,2,433,299,0.65,0.5,5,0.06789630148082948,0.0015318627450980392,0.9562239828118706,4.689161539077759
BitcoinTransactions,2,433,322,0.7,0.5,1,0.07414704461290296,0.0023923444976076554,1.0,4.702296018600464
BitcoinTransactions,2,433,322,0.7,0.5,2,0.0611481093521347,0.001547029702970297,0.9787834027125016,4.474573373794556
BitcoinTransactions,2,433,322,0.7,0.5,3,0.07706738433267453,0.0014285714285714286,0.9794548140190681,4.687223434448242
BitcoinTransactions,2,433,322,0.7,0.5,4,0.06632612468296266,0.0013605442176870747,0.9664294346716799,4.701536417007446
BitcoinTransactions,2,433,322,0.7,0.5,5,0.08093893323661255,0.0012048192771084338,0.9846918222102861,4.672020673751831
BitcoinTransactions,2,433,345,0.75,0.5,1,0.06985187589311435,0.0015910898965791568,0.9869746206526118,4.703672647476196
BitcoinTransactions,2,433,345,0.75,0.5,2,0.07108984104997139,0.000884433962264151,0.9738149590439102,4.689454793930054
BitcoinTransactions,2,433,345,0.75,0.5,3,0.0767877840361221,0.0009615384615384616,0.9743520880891634,4.676104784011841
BitcoinTransactions,2,433,345,0.75,0.5,4,0.0801789406143743,0.0028368794326241137,0.9899288304015039,4.527293682098389
BitcoinTransactions,2,433,345,0.75,0.5,5,0.0699798213321957,0.002369668246445498,1.0,4.7099432945251465
BitcoinTransactions,2,433,368,0.8,0.5,1,0.0598071844964195,0.0004807692307692308,0.9836175641197797,4.703606843948364
BitcoinTransactions,2,433,368,0.8,0.5,2,0.0715220923709413,0.0020359687818120122,0.9997314354773734,4.679816007614136
BitcoinTransactions,2,433,368,0.8,0.5,3,0.07028570299255325,0.0020804438280166435,0.9997314354773734,4.684640884399414
BitcoinTransactions,2,433,368,0.8,0.5,4,0.05669612332524921,0.0013196093956188968,0.9759634752249228,4.6990134716033936
BitcoinTransactions,2,433,368,0.8,0.5,5,0.0716116207200931,0.001610305958132045,0.9915402175372633,4.6746556758880615
BitcoinTransactions,2,433,391,0.85,0.5,1,0.06628044562089891,0.001579778830963665,0.9680408218074392,4.706653833389282
BitcoinTransactions,2,433,391,0.85,0.5,2,0.06680072896490542,0.0015910898965791568,0.9880488787431181,4.701144218444824
BitcoinTransactions,2,433,391,0.85,0.5,3,0.07707142220588434,0.0014527845036319612,0.9841546931650329,4.676914215087891
BitcoinTransactions,2,433,391,0.85,0.5,4,0.06338196688459322,0.0018248175182481751,0.9915402175372633,4.677435398101807
BitcoinTransactions,2,433,391,0.85,0.5,5,0.08301665302717082,0.001988862370723946,0.9876460319591782,4.675264120101929
BitcoinTransactions,2,433,414,0.9,0.5,1,0.07404065335838605,0.0015206812652068127,0.9769034510541158,4.629394054412842
BitcoinTransactions,2,433,414,0.9,0.5,2,0.062075410885475725,0.0017129153819801302,0.9680408218074392,4.695247650146484
BitcoinTransactions,2,433,414,0.9,0.5,3,0.07112195308685902,0.0019559902200488996,0.9997314354773734,4.675761699676514
BitcoinTransactions,2,433,414,0.9,0.5,4,0.056029196490883226,0.0019984012789768186,0.9845575399489728,4.7286217212677
BitcoinTransactions,2,433,414,0.9,0.5,5,0.0650760365714681,0.0011961722488038277,0.9860346448234188,4.669531583786011
BitcoinTransactions,2,433,437,0.95,0.5,1,0.06645338352674435,0.0017507002801120449,0.9953001208540352,4.680920839309692
BitcoinTransactions,2,433,437,0.95,0.5,2,0.05967581828791289,0.003686635944700461,0.9997314354773734,4.482864618301392
BitcoinTransactions,2,433,437,0.95,0.5,3,0.06971658722378908,0.0014251781472684087,0.9904659594467571,4.711842060089111
BitcoinTransactions,2,433,437,0.95,0.5,4,0.06217547128655052,0.0018115942028985507,0.983751846381093,4.720195531845093
BitcoinTransactions,2,433,437,0.95,0.5,5,0.07081156495753405,0.0014492753623188406,0.9864374916073587,4.564916372299194
BitcoinTransactions,2,433,460,1,0.5,1,0.060857094114098696,0.0010556875164951175,0.9614609910030885,4.70484471321106
BitcoinTransactions,2,433,460,1,0.5,2,0.06927283996616122,0.0017047391749062393,0.9907345239693837,4.705040693283081
BitcoinTransactions,2,433,460,1,0.5,3,0.0665734083017587,0.0028846153846153848,0.9738149590439102,4.4702229499816895
BitcoinTransactions,2,433,460,1,0.5,4,0.07403909825079237,0.001610305958132045,0.9986571773868672,4.658263921737671
BitcoinTransactions,2,433,460,1,0.5,5,0.0715647642941856,0.0023752969121140144,1.0,4.704015731811523
BitcoinTransactions,3,261,0,0,,1,0.061952808542847945,0.0017931858936043037,0.9947499671872949,
BitcoinTransactions,3,261,0,0,,2,0.05963417370683642,0.002564102564102564,0.9699435621472634,
BitcoinTransactions,3,261,0,0,,3,0.06854974857818329,0.002654867256637168,0.995799973749836,
BitcoinTransactions,3,261,0,0,,4,0.07005329477819044,0.002183406113537118,0.9404121275757974,
BitcoinTransactions,3,261,0,0,,5,0.07193476219577159,0.0025396825396825397,0.9910749442184014,
BitcoinTransactions,3,261,3,0.01,0.5,1,0.06272074138039026,0.002553191489361702,0.9959312245701536,4.728188991546631
BitcoinTransactions,3,261,3,0.01,0.5,2,0.07404152346069562,0.0047169811320754715,1.0,4.548892259597778
BitcoinTransactions,3,261,3,0.01,0.5,3,0.0688272438505662,0.0030864197530864196,0.993306208163801,4.617666959762573
BitcoinTransactions,3,261,3,0.01,0.5,4,0.06719131569383911,0.0030921459492888066,0.9828061425383908,4.712273836135864
BitcoinTransactions,3,261,3,0.01,0.5,5,0.08176322545367005,0.008064516129032258,1.0,4.45491361618042
BitcoinTransactions,3,261,16,0.05,0.5,1,0.07801578003090828,0.0040650406504065045,0.980312376952356,4.502541780471802
BitcoinTransactions,3,261,16,0.05,0.5,2,0.07539575796830898,0.004366812227074236,1.0,4.698988199234009
BitcoinTransactions,3,261,16,0.05,0.5,3,0.07874739548472265,0.006002400960384154,0.9808373802336264,4.450804710388184
BitcoinTransactions,3,261,16,0.05,0.5,4,0.06975068597045513,0.00303951367781155,0.9892374327339546,4.701497316360474
BitcoinTransactions,3,261,16,0.05,0.5,5,0.0691417566742755,0.002145922746781116,0.9885811786323665,4.699199199676514
BitcoinTransactions,3,261,33,0.1,0.5,1,0.07446324919958776,0.0041928721174004195,0.9961937262107888,4.30360221862793
BitcoinTransactions,3,261,33,0.1,0.5,2,0.062352332619575665,0.0028368794326241137,0.9952749704685654,4.693364858627319
BitcoinTransactions,3,261,33,0.1,0.5,3,0.06334193616768126,0.0026595744680851063,0.9625935162094763,4.699832201004028
BitcoinTransactions,3,261,33,0.1,0.5,4,0.07367917568618143,0.0028735632183908046,0.9753248457802861,4.698205232620239
BitcoinTransactions,3,261,33,0.1,0.5,5,0.07019290514311097,0.004310344827586207,1.0,4.695205211639404
BitcoinTransactions,3,261,49,0.15,0.5,1,0.06650621750612187,0.003418803418803419,0.9963249770311065,4.465904951095581
BitcoinTransactions,3,261,49,0.15,0.5,2,0.05877696240665592,0.006459948320413436,0.9997374983593648,4.473104000091553
BitcoinTransactions,3,261,49,0.15,0.5,3,0.05957039836606242,0.002127659574468085,0.9707310670691692,4.704667091369629
BitcoinTransactions,3,261,49,0.15,0.5,4,0.06631308835811438,0.0030525030525030525,0.9615435096469352,4.701141119003296
BitcoinTransactions,3,261,49,0.15,0.5,5,0.06345898145387924,0.0034934497816593887,0.9846436540228376,4.6977105140686035
BitcoinTransactions,3,261,65,0.2,0.5,1,0.06511154202141543,0.0022026431718061676,0.9943562147263421,4.699678421020508
BitcoinTransactions,3,261,65,0.2,0.5,2,0.05994673036567784,0.002586206896551724,0.9797873736710855,4.713191509246826
BitcoinTransactions,3,261,65,0.2,0.5,3,0.07560906492916154,0.002654867256637168,0.9715185719910749,4.702852725982666
BitcoinTransactions,3,261,65,0.2,0.5,4,0.07925200489840589,0.0023148148148148147,0.995799973749836,4.666183948516846
BitcoinTransactions,3,261,65,0.2,0.5,5,0.07225443461978658,0.003450655624568668,0.980312376952356,4.600611209869385
BitcoinTransactions,3,261,82,0.25,0.5,1,0.060310350517304524,0.0020242914979757085,0.9868749179682373,4.772378444671631
BitcoinTransactions,3,261,82,0.25,0.5,2,0.0715927384593132,0.002886002886002886,0.9992124950780943,4.704441785812378
BitcoinTransactions,3,261,82,0.25,0.5,3,0.06932845785749464,0.003078817733990148,0.9586559915999475,4.708508729934692
BitcoinTransactions,3,261,82,0.25,0.5,4,0.06645287687849104,0.003678724708767627,0.9976374852342828,4.7230446338653564
BitcoinTransactions,3,261,82,0.25,0.5,5,0.06725765526533217,0.003132832080200501,0.9828061425383908,4.70146369934082
BitcoinTransactions,3,261,98,0.3,0.5,1,0.06508646540095388,0.0033755274261603376,0.9997374983593648,4.731656074523926
BitcoinTransactions,3,261,98,0.3,0.5,2,0.07224425873346564,0.0035714285714285713,0.9564247276545479,4.457971572875977
BitcoinTransactions,3,261,98,0.3,0.5,3,0.08053517240416569,0.004424778761061947,1.0,4.682404041290283
BitcoinTransactions,3,261,98,0.3,0.5,4,0.07163885021126203,0.0034782608695652175,0.9998687491796824,4.698897361755371
BitcoinTransactions,3,261,98,0.3,0.5,5,0.07746179602159663,0.002242152466367713,0.9915999474996718,4.686316967010498
BitcoinTransactions,3,261,114,0.35,0.5,1,0.07308825903651776,0.004464285714285714,1.0,4.550715208053589
BitcoinTransactions,3,261,114,0.35,0.5,2,0.06862913082843784,0.0045662100456621,1.0,4.651618480682373
BitcoinTransactions,3,261,114,0.35,0.5,3,0.07099991430076616,0.0037926675094816687,0.9997374983593648,4.670396089553833
BitcoinTransactions,3,261,114,0.35,0.5,4,0.06653925398982527,0.0026785714285714286,0.9574747342170888,4.524156808853149
BitcoinTransactions,3,261,114,0.35,0.5,5,0.06997945975129503,0.002421307506053269,0.986612416327602,4.703033924102783
BitcoinTransactions,3,261,131,0.4,0.5,1,0.06856365806903877,0.002682403433476395,0.940149625935162,4.677330732345581
BitcoinTransactions,3,261,131,0.4,0.5,2,0.06643214707219906,0.0021645021645021645,0.9927812048825305,4.70073938369751
BitcoinTransactions,3,261,131,0.4,0.5,3,0.0698826565810618,0.003393665158371041,0.9948812180076125,4.695472478866577
BitcoinTransactions,3,261,131,0.4,0.5,4,0.07265940863973444,0.003720238095238095,0.9796561228507679,4.687117338180542
BitcoinTransactions,3,261,131,0.4,0.5,5,0.07635908051035827,0.0030656039239730227,0.9931749573434834,4.70117974281311
BitcoinTransactions,3,261,147,0.45,0.5,1,0.06691634715414255,0.0028368794326241137,0.9893686835542722,4.686303377151489
BitcoinTransactions,3,261,147,0.45,0.5,2,0.07221145986250373,0.0033783783783783786,0.9997374983593648,4.672924757003784
BitcoinTransactions,3,261,147,0.45,0.5,3,0.06580227833391447,0.003260869565217391,0.9908124425777661,4.681974411010742
BitcoinTransactions,3,261,147,0.45,0.5,4,0.06419888450242466,0.003078817733990148,0.9863499146869668,4.6788330078125
BitcoinTransactions,3,261,147,0.45,0.5,5,0.052193766083458944,0.0,0.9909436933980837,4.836109161376953
BitcoinTransactions,3,261,164,0.5,0.5,1,0.07449618254538105,0.0029239766081871343,0.9961937262107888,4.682496070861816
BitcoinTransactions,3,261,164,0.5,0.5,2,0.07538124083650768,0.004291845493562232,1.0,4.6930999755859375
BitcoinTransactions,3,261,164,0.5,0.5,3,0.061140773512952114,0.00363901018922853,0.9838561491009319,4.698243618011475
BitcoinTransactions,3,261,164,0.5,0.5,4,0.0809053333263926,0.004651162790697674,1.0,4.6706507205963135
BitcoinTransactions,3,261,164,0.5,0.5,5,0.0692743166188356,0.0022727272727272726,0.9950124688279302,4.66602897644043
BitcoinTransactions,3,261,180,0.55,0.5,1,0.08004231520985083,0.0037209302325581397,0.9956687229295184,4.684770345687866
BitcoinTransactions,3,261,180,0.55,0.5,2,0.08111718980729267,0.0029239766081871343,0.9940937130857068,4.690967082977295
BitcoinTransactions,3,261,180,0.55,0.5,3,0.0671370144675893,0.002484472049689441,0.9944874655466597,4.717981815338135
BitcoinTransactions,3,261,180,0.55,0.5,4,0.06945839210677868,0.0015889830508474577,0.9350308439427747,4.692078351974487
BitcoinTransactions,3,261,180,0.55,0.5,5,0.0777980585646273,0.0047169811320754715,1.0,4.666843414306641
BitcoinTransactions,3,261,196,0.6,0.5,1,0.08118515105893248,0.004419191919191919,0.975718598241239,4.454185962677002
BitcoinTransactions,3,261,196,0.6,0.5,2,0.05966376483116085,0.002962962962962963,0.9862186638666491,4.726853609085083
BitcoinTransactions,3,261,196,0.6,0.5,3,0.0585233451311791,0.0034934497816593887,0.9988187426171413,4.740443468093872
BitcoinTransactions,3,261,196,0.6,0.5,4,0.0788886729892659,0.002369668246445498,0.9894999343745898,4.6800456047058105
BitcoinTransactions,3,261,196,0.6,0.5,5,0.06540355722519549,0.0030864197530864196,0.9864811655072844,4.567446947097778
BitcoinTransactions,3,261,213,0.65,0.5,1,0.0608614673774776,0.0024316109422492403,0.9950124688279302,4.612359523773193
BitcoinTransactions,3,261,213,0.65,0.5,2,0.08173081510007499,0.00267379679144385,0.9763748523428272,4.592480182647705
BitcoinTransactions,3,261,213,0.65,0.5,3,0.07124085403089506,0.0035087719298245615,0.9997374983593648,4.702230930328369
BitcoinTransactions,3,261,213,0.65,0.5,4,0.05903864085499646,0.0014184397163120568,0.9728310801942512,4.706453561782837
BitcoinTransactions,3,261,213,0.65,0.5,5,0.0651603410537559,0.002136752136752137,0.974668591678698,4.719952344894409
BitcoinTransactions,3,261,229,0.7,0.5,1,0.06465081483292463,0.003771551724137931,0.9997374983593648,4.6871490478515625
BitcoinTransactions,3,261,229,0.7,0.5,2,0.07494907652054311,0.004545454545454545,1.0,4.6646459102630615
BitcoinTransactions,3,261,229,0.7,0.5,3,0.07738773213643636,0.002304147465437788,0.9551122194513716,4.654175758361816
BitcoinTransactions,3,261,229,0.7,0.5,4,0.06424198181951683,0.0043859649122807015,0.9783436146475916,4.471412897109985
BitcoinTransactions,3,261,229,0.7,0.5,5,0.06629180565384067,0.0027901785714285715,0.9787373671085444,4.645107269287109
BitcoinTransactions,3,261,245,0.75,0.5,1,0.06633823743916065,0.004464285714285714,1.0,4.696908473968506
BitcoinTransactions,3,261,245,0.75,0.5,2,0.07113481662577262,0.004347826086956522,1.0,4.704872131347656
BitcoinTransactions,3,261,245,0.75,0.5,3,0.06912934123200147,0.002127659574468085,0.9665310408190051,4.693368673324585
BitcoinTransactions,3,261,245,0.75,0.5,4,0.06759893860906559,0.003787878787878788,0.9980312376952356,4.658677339553833
BitcoinTransactions,3,261,245,0.75,0.5,5,0.07242401740274867,0.003894080996884735,0.9864811655072844,4.506881952285767
BitcoinTransactions,3,261,262,0.8,0.5,1,0.05995355758801444,0.0026086956521739132,0.9822811392571204,4.688082695007324
BitcoinTransactions,3,261,262,0.8,0.5,2,0.06436420241775752,0.0035087719298245615,0.9975062344139651,4.690167665481567
BitcoinTransactions,3,261,262,0.8,0.5,3,0.07324351168393656,0.0035087719298245615,0.9994749967187295,4.69702410697937
BitcoinTransactions,3,261,262,0.8,0.5,4,0.07769085641992274,0.005698005698005698,0.9799186244914031,4.4684507846832275
BitcoinTransactions,3,261,262,0.8,0.5,5,0.06395668003444879,0.0036231884057971015,0.9993437458984119,4.724103927612305
BitcoinTransactions,3,261,278,0.85,0.5,1,0.05856943447315117,0.0028735632183908046,0.9955374721092006,4.738450765609741
BitcoinTransactions,3,261,278,0.85,0.5,2,0.0641891604231083,0.004347826086956522,1.0,4.700951337814331
BitcoinTransactions,3,261,278,0.85,0.5,3,0.06454999849991451,0.004347826086956522,1.0,4.710148096084595
BitcoinTransactions,3,261,278,0.85,0.5,4,0.0697061859258206,0.00303951367781155,0.9862186638666491,4.725308418273926
BitcoinTransactions,3,261,278,0.85,0.5,5,0.06605716487753621,0.004464285714285714,1.0,4.687860727310181
BitcoinTransactions,3,261,294,0.9,0.5,1,0.07317813995839766,0.0035714285714285713,0.9946187163669773,4.687357187271118
BitcoinTransactions,3,261,294,0.9,0.5,2,0.0603428496127402,0.002442002442002442,0.9804436277726736,4.596924304962158
BitcoinTransactions,3,261,294,0.9,0.5,3,0.06833073931883274,0.0036199095022624436,0.9997374983593648,4.662424325942993
BitcoinTransactions,3,261,294,0.9,0.5,4,0.06526766256796324,0.0033783783783783786,0.9904186901168133,4.687018156051636
BitcoinTransactions,3,261,294,0.9,0.5,5,0.0719805305750472,0.004329004329004329,1.0,4.6967103481292725
BitcoinTransactions,3,261,311,0.95,0.5,1,0.06223258973275342,0.003587443946188341,0.9948812180076125,4.660581588745117
BitcoinTransactions,3,261,311,0.95,0.5,2,0.0681700527007106,0.00331858407079646,0.9753248457802861,4.691283464431763
BitcoinTransactions,3,261,311,0.95,0.5,3,0.0609351539303781,0.0044444444444444444,1.0,4.696863651275635
BitcoinTransactions,3,261,311,0.95,0.5,4,0.0645248226119358,0.003837719298245614,0.9994749967187295,4.7051191329956055
BitcoinTransactions,3,261,311,0.95,0.5,5,0.06569915356112448,0.004366812227074236,1.0,4.688879728317261
BitcoinTransactions,3,261,327,1,0.5,1,0.07373643934493058,0.004405286343612335,1.0,4.702153921127319
BitcoinTransactions,3,261,327,1,0.5,2,0.07252976823609492,0.003115264797507788,0.9992124950780943,4.6715288162231445
BitcoinTransactions,3,261,327,1,0.5,3,0.07502784016612778,0.004487179487179487,0.9950124688279302,4.602569103240967
BitcoinTransactions,3,261,327,1,0.5,4,0.060273930966436545,0.0017857142857142857,0.9768998556240976,4.7654407024383545
BitcoinTransactions,3,261,327,1,0.5,5,0.06347287917436645,0.0035087719298245615,0.995799973749836,4.711771249771118
BitcoinTransactions,4,489,0,0,,1,0.07743523381114709,0.001098901098901099,0.955757001758896,
BitcoinTransactions,4,489,0,0,,2,0.06686788579211562,0.0014275517487508922,0.9955351102692463,
BitcoinTransactions,4,489,0,0,,3,0.06759076380055999,0.0017130620985010706,0.9962116087133,
BitcoinTransactions,4,489,0,0,,4,0.05817973861656984,0.0014716703458425313,0.9955351102692463,
BitcoinTransactions,4,489,0,0,,5,0.06793326485815344,0.001564945226917058,0.9947233121363821,
BitcoinTransactions,4,489,5,0.01,0.5,1,0.06941076917563169,0.0022522522522522522,1.0,4.666829586029053
BitcoinTransactions,4,489,5,0.01,0.5,2,0.07801830040386341,0.0014367816091954023,0.9958057096468678,4.685617208480835
BitcoinTransactions,4,489,5,0.01,0.5,3,0.0636089231294479,0.001430615164520744,0.9945880124475713,4.566300392150879
BitcoinTransactions,4,489,5,0.01,0.5,4,0.06769515175637868,0.0012254901960784314,0.986199431741307,4.518720388412476
BitcoinTransactions,4,489,5,0.01,0.5,5,0.06566842212011867,0.0014245014245014246,0.9807874441888783,4.712699890136719
BitcoinTransactions,4,489,25,0.05,0.5,1,0.07808614578226854,0.0012903225806451613,0.990934920849682,4.679113388061523
BitcoinTransactions,4,489,25,0.05,0.5,2,0.06462328225756246,0.001293103448275862,0.9912055202273035,4.681853532791138
BitcoinTransactions,4,489,25,0.05,0.5,3,0.0653272914110768,0.0017921146953405018,0.9916114192937356,4.698690414428711
BitcoinTransactions,4,489,25,0.05,0.5,4,0.05925235755675185,0.001226241569589209,0.9943174130699499,4.726264715194702
BitcoinTransactions,4,489,25,0.05,0.5,5,0.07429015885030212,0.0018436578171091445,0.9997294006223786,4.699899435043335
BitcoinTransactions,4,489,49,0.1,0.5,1,0.06448879095433419,0.001819505094614265,0.9998647003111892,4.737937927246094
BitcoinTransactions,4,489,49,0.1,0.5,2,0.06263038061894291,0.0017582417582417582,0.9989176024895142,4.732129335403442
BitcoinTransactions,4,489,49,0.1,0.5,3,0.06621573271251793,0.001234186979327368,0.9948586118251928,4.687669992446899
BitcoinTransactions,4,489,49,0.1,0.5,4,0.07258181901899802,0.0012315270935960591,0.9952645108916249,4.698792457580566
BitcoinTransactions,4,489,49,0.1,0.5,5,0.06721678028119246,0.002544529262086514,0.9966175077797321,4.466556072235107
BitcoinTransactions,4,489,74,0.15,0.5,1,0.08467955347056305,0.0012919896640826874,0.9725341631714247,4.509810209274292
BitcoinTransactions,4,489,74,0.15,0.5,2,0.06731654691743268,0.0018058690744920992,0.9997294006223786,4.701256036758423
BitcoinTransactions,4,489,74,0.15,0.5,3,0.07160684320637903,0.0013440860215053765,0.9939115140035177,4.705678462982178
BitcoinTransactions,4,489,74,0.15,0.5,4,0.08379988850441489,0.0016339869281045752,0.9972940062237857,4.549797773361206
BitcoinTransactions,4,489,74,0.15,0.5,5,0.08959899009315983,0.0025252525252525255,0.9949939115140035,4.455733776092529
BitcoinTransactions,4,489,99,0.2,0.5,1,0.07221747690490468,0.002403846153846154,1.0,4.601716995239258
BitcoinTransactions,4,489,99,0.2,0.5,2,0.07143562718982872,0.0008602150537634409,0.9755107563252604,4.717552661895752
BitcoinTransactions,4,489,99,0.2,0.5,3,0.08005825052585024,0.0017226528854435831,0.9967528074685428,4.529802083969116
BitcoinTransactions,4,489,99,0.2,0.5,4,0.06417504445195563,0.0015733165512901196,0.9884995264510892,4.584815502166748
BitcoinTransactions,4,489,99,0.2,0.5,5,0.07489955923614396,0.001539408866995074,0.9913408199161142,4.678837299346924
BitcoinTransactions,4,489,123,0.25,0.5,1,0.0790504758026735,0.0016404199475065617,0.9856582329860641,4.50954794883728
BitcoinTransactions,4,489,123,0.25,0.5,2,0.06798763647194177,0.0018838304552590266,0.9995941009335678,4.67720627784729
BitcoinTransactions,4,489,123,0.25,0.5,3,0.06450371574480768,0.001430615164520744,0.999052902178325,4.71464467048645
BitcoinTransactions,4,489,123,0.25,0.5,4,0.07894960337522555,0.0016629711751662971,0.9997294006223786,4.616652011871338
BitcoinTransactions,4,489,123,0.25,0.5,5,0.07261072630866135,0.0014367816091954023,0.9955351102692463,4.704067945480347
BitcoinTransactions,4,489,148,0.3,0.5,1,0.07036314429432929,0.002867383512544803,0.9953998105804357,4.436584234237671
BitcoinTransactions,4,489,148,0.3,0.5,2,0.08021585740291368,0.001639344262295082,0.9544040048707888,4.458247900009155
BitcoinTransactions,4,489,148,0.3,0.5,3,0.06371135324291007,0.0018726591760299626,0.9805168448112569,4.539552927017212
BitcoinTransactions,4,489,148,0.3,0.5,4,0.06692725685047674,0.0018355359765051395,0.9730753619266675,4.698092937469482
BitcoinTransactions,4,489,148,0.3,0.5,5,0.05958060043075376,0.0014461315979754157,0.9714517656609389,4.726203441619873
BitcoinTransactions,4,489,173,0.35,0.5,1,0.07394923386644191,0.0013796909492273732,0.9943174130699499,4.70248556137085
BitcoinTransactions,4,489,173,0.35,0.5,2,0.08143316652317827,0.0014492753623188406,0.9917467189825463,4.68369722366333
BitcoinTransactions,4,489,173,0.35,0.5,3,0.0731097427351491,0.0016966406515100101,0.9921526180489785,4.655841112136841
BitcoinTransactions,4,489,173,0.35,0.5,4,0.06789340574890337,0.0014367816091954023,0.9953998105804357,4.7250285148620605
BitcoinTransactions,4,489,173,0.35,0.5,5,0.058789462376725325,0.001234186979327368,0.9967528074685428,4.733803749084473
BitcoinTransactions,4,489,197,0.4,0.5,1,0.06628545465586366,0.002574002574002574,0.9840346367203355,4.452070713043213
BitcoinTransactions,4,489,197,0.4,0.5,2,0.06111889915707821,0.0022271714922048997,1.0,4.747703790664673
BitcoinTransactions,4,489,197,0.4,0.5,3,0.06618440324322127,0.0018436578171091445,0.9935056149370857,4.6769959926605225
BitcoinTransactions,4,489,197,0.4,0.5,4,0.06885342475361268,0.0015802781289506952,0.9983764037342714,4.673462152481079
BitcoinTransactions,4,489,197,0.4,0.5,5,0.08795177440907248,0.001989389920424403,0.9997294006223786,4.503360748291016
BitcoinTransactions,4,489,222,0.45,0.5,1,0.0675933799942433,0.003968253968253968,1.0,4.306142807006836
BitcoinTransactions,4,489,222,0.45,0.5,2,0.06593278205072965,0.0016129032258064516,0.9966175077797321,4.8512163162231445
BitcoinTransactions,4,489,222,0.45,0.5,3,0.06502101644233291,0.0018306636155606408,0.9997294006223786,4.5246686935424805
BitcoinTransactions,4,489,222,0.45,0.5,4,0.0758352882961097,0.0025078369905956114,0.9995941009335678,4.33937406539917
BitcoinTransactions,4,489,222,0.45,0.5,5,0.0661965900058521,0.0017605633802816902,0.9870112298741713,4.453588962554932
BitcoinTransactions,4,489,246,0.5,0.5,1,0.0677924038269638,0.0014749262536873156,0.9967528074685428,4.67397665977478
BitcoinTransactions,4,489,246,0.5,0.5,2,0.067582884702763,0.0021691973969631237,1.0,4.690558433532715
BitcoinTransactions,4,489,246,0.5,0.5,3,0.06805253566291573,0.0015991471215351812,0.9998647003111892,4.702486276626587
BitcoinTransactions,4,489,246,0.5,0.5,4,0.07033138024178884,0.001644736842105263,0.9997294006223786,4.661101579666138
BitcoinTransactions,4,489,246,0.5,0.5,5,0.0758990859930051,0.001839587932303164,0.9995941009335678,4.678857326507568
BitcoinTransactions,4,489,271,0.55,0.5,1,0.06484551421818253,0.0016483516483516484,0.9978352049790286,4.689663887023926
BitcoinTransactions,4,489,271,0.55,0.5,2,0.059638208780668625,0.000911854103343465,0.9821404410769855,4.711099147796631
BitcoinTransactions,4,489,271,0.55,0.5,3,0.06460597448945526,0.0017467248908296944,0.9997294006223786,4.743540287017822
BitcoinTransactions,4,489,271,0.55,0.5,4,0.07390638937149177,0.0016853932584269663,0.9962116087133,4.692562818527222
BitcoinTransactions,4,489,271,0.55,0.5,5,0.07009767061133194,0.001556178026766262,0.9960763090244893,4.704626798629761
BitcoinTransactions,4,489,296,0.6,0.5,1,0.07523550719361013,0.002325581395348837,1.0,4.656014442443848
BitcoinTransactions,4,489,296,0.6,0.5,2,0.06816756375287808,0.0011135857461024498,0.9902584224056284,4.674132823944092
BitcoinTransactions,4,489,296,0.6,0.5,3,0.07125404301461548,0.00209570380719525,0.9901231227168178,4.604297399520874
BitcoinTransactions,4,489,296,0.6,0.5,4,0.05988217031446025,0.0007358351729212656,0.9756460560140712,4.708775758743286
BitcoinTransactions,4,489,296,0.6,0.5,5,0.059421779946499484,0.0013937282229965157,0.9849817345420105,4.6286780834198
BitcoinTransactions,4,489,320,0.65,0.5,1,0.06806958244202196,0.001693002257336343,0.9995941009335678,4.6896727085113525
BitcoinTransactions,4,489,320,0.65,0.5,2,0.07641836228753811,0.0009357454772301934,0.9910702205384928,4.690216064453125
BitcoinTransactions,4,489,320,0.65,0.5,3,0.078016875452774,0.001889644746787604,0.9917467189825463,4.6699864864349365
BitcoinTransactions,4,489,320,0.65,0.5,4,0.07195240094843611,0.0021551724137931034,1.0,4.715330123901367
BitcoinTransactions,4,489,320,0.65,0.5,5,0.06483371681182047,0.0017777777777777779,0.9997294006223786,4.701115369796753
BitcoinTransactions,4,489,345,0.7,0.5,1,0.05886870465457537,0.001312910284463895,0.9805168448112569,4.718782901763916
BitcoinTransactions,4,489,345,0.7,0.5,2,0.060793183399851215,0.002183406113537118,1.0,4.735025644302368
BitcoinTransactions,4,489,345,0.7,0.5,3,0.06884145022702749,0.0012368583797155227,0.9924232174265999,4.716627836227417
BitcoinTransactions,4,489,345,0.7,0.5,4,0.06706651827894365,0.0017429193899782135,0.9924232174265999,4.712135314941406
BitcoinTransactions,4,489,345,0.7,0.5,5,0.07543018312000256,0.0028169014084507044,1.0,4.495633363723755
BitcoinTransactions,4,489,370,0.75,0.5,1,0.06054211162492468,0.0013245033112582781,0.9876877283182248,4.699371576309204
BitcoinTransactions,4,489,370,0.75,0.5,2,0.0645219711480037,0.0018155410312273058,0.9995941009335678,4.719268560409546
BitcoinTransactions,4,489,370,0.75,0.5,3,0.06542009066508983,0.0016411378555798686,0.9960763090244893,4.689124584197998
BitcoinTransactions,4,489,370,0.75,0.5,4,0.08103990608959694,0.0017429193899782135,0.9997294006223786,4.551226615905762
BitcoinTransactions,4,489,370,0.75,0.5,5,0.06381119835175285,0.0014245014245014246,0.9994588012447572,4.758812427520752
BitcoinTransactions,4,489,394,0.8,0.5,1,0.0719192397864392,0.0017777777777777779,0.9997294006223786,4.696763277053833
BitcoinTransactions,4,489,394,0.8,0.5,2,0.06622354305544652,0.0021645021645021645,1.0,4.707051753997803
BitcoinTransactions,4,489,394,0.8,0.5,3,0.06168594841673065,0.0010799136069114472,0.9912055202273035,4.86688756942749
BitcoinTransactions,4,489,394,0.8,0.5,4,0.05945831033304861,0.0016198704103671706,0.9906643214720606,4.563178539276123
BitcoinTransactions,4,489,394,0.8,0.5,5,0.08352374325733633,0.0016666666666666668,0.9997294006223786,4.654508829116821
BitcoinTransactions,4,489,419,0.85,0.5,1,0.06644215988410686,0.0014492753623188406,0.9972940062237857,4.695664405822754
BitcoinTransactions,4,489,419,0.85,0.5,2,0.0638487789386332,0.0021551724137931034,1.0,4.892971992492676
BitcoinTransactions,4,489,419,0.85,0.5,3,0.06601497874852694,0.0018315018315018315,0.9998647003111892,4.5748162269592285
BitcoinTransactions,4,489,419,0.85,0.5,4,0.058543019418012245,0.0010822510822510823,0.9948586118251928,4.732111692428589
BitcoinTransactions,4,489,419,0.85,0.5,5,0.05865665226493164,0.001072961373390558,0.9814639426329319,4.725886821746826
BitcoinTransactions,4,489,444,0.9,0.5,1,0.07878829122200406,0.0017660044150110375,0.99810580435665,4.684215545654297
BitcoinTransactions,4,489,444,0.9,0.5,2,0.07600985215333987,0.0025887573964497044,0.9994588012447572,4.502521276473999
BitcoinTransactions,4,489,444,0.9,0.5,3,0.061951682304261416,0.0015527950310559005,0.985252333919632,4.680090427398682
BitcoinTransactions,4,489,444,0.9,0.5,4,0.08692847225749209,0.004761904761904762,1.0,4.397341251373291
BitcoinTransactions,4,489,444,0.9,0.5,5,0.062413623774923585,0.0010964912280701754,0.9783520497902854,4.731282949447632
BitcoinTransactions,4,489,468,0.95,0.5,1,0.07442897261534895,0.001098901098901099,0.9732106616154783,4.702912092208862
BitcoinTransactions,4,489,468,0.95,0.5,2,0.07491355278457422,0.0011261261261261261,0.9970234068461643,4.650304794311523
BitcoinTransactions,4,489,468,0.95,0.5,3,0.07230404218285534,0.0018037518037518038,0.9866053308077392,4.540353536605835
BitcoinTransactions,4,489,468,0.95,0.5,4,0.07432502452972949,0.00175054704595186,0.9997294006223786,4.685875177383423
BitcoinTransactions,4,489,468,0.95,0.5,5,0.06536303708059962,0.002207505518763797,1.0,4.6923675537109375
BitcoinTransactions,4,489,493,1,0.5,1,0.06687675409944824,0.0010822510822510823,0.9872818292517928,4.684955596923828
BitcoinTransactions,4,489,493,1,0.5,2,0.07806001087504809,0.0019083969465648854,0.9949939115140035,4.51080846786499
BitcoinTransactions,4,489,493,1,0.5,3,0.07056558015206828,0.0014492753623188406,0.9916114192937356,4.6608569622039795
BitcoinTransactions,4,489,493,1,0.5,4,0.07116059592285913,0.0018714909544603868,0.9995941009335678,4.716566801071167
BitcoinTransactions,4,489,493,1,0.5,5,0.07245986811599095,0.0014336917562724014,0.990934920849682,4.705960988998413
BitcoinTransactions,5,346,0,0,,1,0.07352780084373672,0.001287001287001287,0.9447836474648261,
BitcoinTransactions,5,346,0,0,,2,0.06908020692188645,0.0012121212121212121,0.9889832758162994,
BitcoinTransactions,5,346,0,0,,3,0.08434165208187053,0.0007507507507507507,0.9385452614812848,
BitcoinTransactions,5,346,0,0,,4,0.06381806670950609,0.0005797101449275362,0.9528802760817626,
BitcoinTransactions,5,346,0,0,,5,0.0879981056239421,0.0005159958720330237,0.9260684895142023,
BitcoinTransactions,5,346,4,0.01,0.5,1,0.06286037593316499,0.0011799410029498525,0.95619856649854,4.823703050613403
BitcoinTransactions,5,346,4,0.01,0.5,2,0.07072283488230637,0.0005988023952095808,0.9122644013804088,4.5449113845825195
BitcoinTransactions,5,346,4,0.01,0.5,3,0.06776054665730279,0.001201923076923077,0.9244757101141492,4.568562984466553
BitcoinTransactions,5,346,4,0.01,0.5,4,0.08234596168913459,0.000855431993156544,0.9556676400318556,4.679624319076538
BitcoinTransactions,5,346,4,0.01,0.5,5,0.07071242538055549,0.0011904761904761906,0.9872577647995753,4.685240983963013
BitcoinTransactions,5,346,18,0.05,0.5,1,0.06580081633305727,0.00041893590280687055,0.9190337138306345,4.701946258544922
BitcoinTransactions,5,346,18,0.05,0.5,2,0.059701639144083926,0.000998003992015968,0.9609769046986992,4.6790549755096436
BitcoinTransactions,5,346,18,0.05,0.5,3,0.07478411528387971,0.0011029411764705882,0.9690735333156358,4.696940898895264
BitcoinTransactions,5,346,18,0.05,0.5,4,0.07566745907626768,0.0016326530612244899,0.8947438279798248,4.495063543319702
BitcoinTransactions,5,346,18,0.05,0.5,5,0.060499543534067154,0.0009832841691248771,0.9681444119989382,4.705995798110962
BitcoinTransactions,5,346,36,0.1,0.5,1,0.06391267092203602,0.0008378718056137411,0.9307140960976905,4.699726819992065
BitcoinTransactions,5,346,36,0.1,0.5,2,0.06747162812938996,0.0011695906432748538,0.9378816033979294,4.704843759536743
BitcoinTransactions,5,346,36,0.1,0.5,3,0.07424163818959971,0.001171875,0.927130342447571,4.619733095169067
BitcoinTransactions,5,346,36,0.1,0.5,4,0.07485149748770359,0.0011799410029498525,0.9382797982479426,4.6967854499816895
BitcoinTransactions,5,346,36,0.1,0.5,5,0.06298354106963001,0.001176470588235294,0.9554021767985134,4.744135618209839
BitcoinTransactions,5,346,54,0.15,0.5,1,0.06657689987478901,0.0007530120481927711,0.943190868064773,4.677484750747681
BitcoinTransactions,5,346,54,0.15,0.5,2,0.0747490121926107,0.0012531328320802004,0.9644279267321476,4.509797096252441
BitcoinTransactions,5,346,54,0.15,0.5,3,0.06839774509458048,0.0005813953488372093,0.9276612689142554,4.709039926528931
BitcoinTransactions,5,346,54,0.15,0.5,4,0.08191118860058431,0.001996007984031936,0.9840722059994691,4.677240371704102
BitcoinTransactions,5,346,54,0.15,0.5,5,0.07796395282943908,0.0014970059880239522,0.9980090257499337,4.692669630050659
BitcoinTransactions,5,346,73,0.2,0.5,1,0.07034510863908032,0.0008403361344537816,0.9515529599150517,4.664935350418091
BitcoinTransactions,5,346,73,0.2,0.5,2,0.07217378618618348,0.0014619883040935672,0.9508893018316963,4.691967010498047
BitcoinTransactions,5,346,73,0.2,0.5,3,0.06548308685750603,0.0011869436201780415,0.9474382797982479,4.651929140090942
BitcoinTransactions,5,346,73,0.2,0.5,4,0.07368481578704583,0.0015060240963855422,0.9631006105654367,4.64652156829834
BitcoinTransactions,5,346,73,0.2,0.5,5,0.06782988882519128,0.001119402985074627,0.9856649853995222,4.639833927154541
BitcoinTransactions,5,346,91,0.25,0.5,1,0.06673765657983043,0.0012642225031605564,0.9698699230156623,4.69935417175293
BitcoinTransactions,5,346,91,0.25,0.5,2,0.05945582124761075,0.0011869436201780415,0.9611096363153703,4.662748575210571
BitcoinTransactions,5,346,91,0.25,0.5,3,0.0698348969342021,0.0011295180722891566,0.9175736660472524,4.652003765106201
BitcoinTransactions,5,346,91,0.25,0.5,4,0.06655436447999018,0.001483679525222552,0.9830103530661003,4.68027138710022
BitcoinTransactions,5,346,91,0.25,0.5,5,0.07061142788902117,0.0,0.913989912397133,4.708396673202515
BitcoinTransactions,5,346,109,0.3,0.5,1,0.07208068098993534,0.0012642225031605564,0.9790284045659676,4.681344270706177
BitcoinTransactions,5,346,109,0.3,0.5,2,0.059869536538164354,0.0024154589371980675,0.9729227501990975,4.56247353553772
BitcoinTransactions,5,346,109,0.3,0.5,3,0.06667386943476283,0.001183431952662722,0.9345633129811521,4.534095525741577
BitcoinTransactions,5,346,109,0.3,0.5,4,0.07488395810885576,0.0029585798816568047,1.0,4.664517641067505
BitcoinTransactions,5,346,109,0.3,0.5,5,0.06826040366011972,0.0010319917440660474,0.9389434563312982,4.605438709259033
BitcoinTransactions,5,346,127,0.35,0.5,1,0.08127029098161767,0.0017368649587494573,0.9641624634988054,4.623423099517822
BitcoinTransactions,5,346,127,0.35,0.5,2,0.06431203233957251,0.0014749262536873156,0.9583222723652774,4.668380975723267
BitcoinTransactions,5,346,127,0.35,0.5,3,0.08716499537174378,0.0018315018315018315,0.9741173347491372,4.536071062088013
BitcoinTransactions,5,346,127,0.35,0.5,4,0.07677921085461846,0.0008403361344537816,0.9474382797982479,4.665756702423096
BitcoinTransactions,5,346,127,0.35,0.5,5,0.07874071601753199,0.0033875338753387536,0.9665516325988851,4.434435606002808
BitcoinTransactions,5,346,145,0.4,0.5,1,0.08000657637961299,0.001287001287001287,0.9881868861162729,4.6433186531066895
BitcoinTransactions,5,346,145,0.4,0.5,2,0.0645793639588892,0.002416918429003021,0.9997345367666578,4.6540443897247314
BitcoinTransactions,5,346,145,0.4,0.5,3,0.061311184165097864,0.0005899705014749262,0.9662861693655429,4.706719636917114
BitcoinTransactions,5,346,145,0.4,0.5,4,0.07674659059603493,0.002307692307692308,0.9856649853995222,4.612536430358887
BitcoinTransactions,5,346,145,0.4,0.5,5,0.06249350956475084,0.0014705882352941176,0.94889832758163,4.70886754989624
BitcoinTransactions,5,346,163,0.45,0.5,1,0.06379865890022406,0.001466275659824047,0.9619060260153969,4.706949472427368
BitcoinTransactions,5,346,163,0.45,0.5,2,0.0784330710770948,0.0018461538461538461,0.9948234669498275,4.688899040222168
BitcoinTransactions,5,346,163,0.45,0.5,3,0.07378493981577176,0.0017421602787456446,0.9875232280329175,4.515934467315674
BitcoinTransactions,5,346,163,0.45,0.5,4,0.07632665378001081,0.0014792899408284023,0.9774356251659145,4.698977470397949
BitcoinTransactions,5,346,163,0.45,0.5,5,0.07154756527858051,0.0008378718056137411,0.9587204672152907,4.704612493515015
BitcoinTransactions,5,346,182,0.5,0.5,1,0.07318247121365598,0.0017595307917888563,0.9899123971329971,4.706476449966431
BitcoinTransactions,5,346,182,0.5,0.5,2,0.06053847066943095,0.001483679525222552,0.9686753384656225,4.702185869216919
BitcoinTransactions,5,346,182,0.5,0.5,3,0.06182773932499355,0.001466275659824047,0.9860631802495354,4.750916481018066
BitcoinTransactions,5,346,182,0.5,0.5,4,0.06464015176501363,0.00182370820668693,0.9872577647995753,4.693424224853516
BitcoinTransactions,5,346,182,0.5,0.5,5,0.07562231708819249,0.00267379679144385,0.9830103530661003,4.431748390197754
BitcoinTransactions,5,346,200,0.55,0.5,1,0.07539837001389993,0.001710863986313088,0.9847358640828245,4.684530019760132
BitcoinTransactions,5,346,200,0.55,0.5,2,0.07108664938576618,0.0014005602240896359,0.9506238385983541,4.49029016494751
BitcoinTransactions,5,346,200,0.55,0.5,3,0.06380983153411204,0.001267962806424345,0.9550039819485001,4.690779209136963
BitcoinTransactions,5,346,200,0.55,0.5,4,0.06357780601054502,0.001695633743111488,0.9952216617998407,4.707421779632568
BitcoinTransactions,5,346,200,0.55,0.5,5,0.07694482996199359,0.0022727272727272726,0.9950889301831697,4.658975124359131
BitcoinTransactions,5,346,218,0.6,0.5,1,0.0667432833771398,0.0016806722689075631,0.9585877355986195,4.717491149902344
BitcoinTransactions,5,346,218,0.6,0.5,2,0.06599189878593885,0.0007288629737609329,0.9336341916644545,4.716354608535767
BitcoinTransactions,5,346,218,0.6,0.5,3,0.06619950465025316,0.0016906170752324597,0.9454473055481816,4.703634262084961
BitcoinTransactions,5,346,218,0.6,0.5,4,0.057838630389381425,0.000980392156862745,0.9721263604990709,4.585667371749878
BitcoinTransactions,5,346,218,0.6,0.5,5,0.05839267527904283,0.0015015015015015015,0.9859304486328644,4.695104360580444
BitcoinTransactions,5,346,236,0.65,0.5,1,0.06534079748957607,0.0017964071856287425,0.9884523493496151,4.7226598262786865
BitcoinTransactions,5,346,236,0.65,0.5,2,0.07007220149888756,0.0024096385542168677,0.9672152906822405,4.704132318496704
BitcoinTransactions,5,346,236,0.65,0.5,3,0.06960953564726062,0.0018072289156626507,0.9916379081497213,4.6932971477508545
BitcoinTransactions,5,346,236,0.65,0.5,4,0.06569273556494076,0.0012605042016806723,0.9419962835147332,4.723134756088257
BitcoinTransactions,5,346,236,0.65,0.5,5,0.06828157456760915,0.0018768768768768769,0.9913724449163791,4.708898544311523
BitcoinTransactions,5,346,254,0.7,0.5,1,0.07035725658503234,0.0020768431983385254,0.9730554818157685,4.640895366668701
BitcoinTransactions,5,346,254,0.7,0.5,2,0.07793665215943696,0.000855431993156544,0.9584550039819485,4.680023431777954
BitcoinTransactions,5,346,254,0.7,0.5,3,0.06304726808054366,0.0004945598417408506,0.9555349084151845,4.701847076416016
BitcoinTransactions,5,346,254,0.7,0.5,4,0.07747885619580107,0.0010822510822510823,0.975311919299177,4.636749505996704
BitcoinTransactions,5,346,254,0.7,0.5,5,0.06962072262068336,0.0018726591760299626,0.9450491106981683,4.521827936172485
BitcoinTransactions,5,346,272,0.75,0.5,1,0.06186356792197822,0.001996007984031936,0.9945580037164853,4.687702655792236
BitcoinTransactions,5,346,272,0.75,0.5,2,0.06610193573854098,0.0017751479289940828,0.9757101141491903,4.707858562469482
BitcoinTransactions,5,346,272,0.75,0.5,3,0.06843311266575351,0.0030581039755351682,1.0,4.66949987411499
BitcoinTransactions,5,346,272,0.75,0.5,4,0.07256358738878914,0.001834862385321101,0.9674807539155826,4.662477970123291
BitcoinTransactions,5,346,272,0.75,0.5,5,0.06776582115824328,0.0024024024024024023,0.9997345367666578,4.714507818222046
BitcoinTransactions,5,346,290,0.8,0.5,1,0.07214905589573045,0.002259036144578313,0.9962835147332094,4.71102237701416
BitcoinTransactions,5,346,290,0.8,0.5,2,0.06192305615559298,0.002777777777777778,0.9755773825325192,4.4680335521698
BitcoinTransactions,5,346,290,0.8,0.5,3,0.06705139605509186,0.0014925373134328358,0.9427926732147598,4.706331968307495
BitcoinTransactions,5,346,290,0.8,0.5,4,0.06727521479077064,0.002136752136752137,0.9818157685160606,4.481221914291382
BitcoinTransactions,5,346,290,0.8,0.5,5,0.058332646884841355,0.0018181818181818182,0.9977435625165915,4.740074634552002
BitcoinTransactions,5,346,309,0.85,0.5,1,0.07652431347788516,0.001735106998264893,0.9559331032651978,4.590962648391724
BitcoinTransactions,5,346,309,0.85,0.5,2,0.06814429186296445,0.0008403361344537816,0.9650915848155031,4.748115539550781
BitcoinTransactions,5,346,309,0.85,0.5,3,0.0750622506583774,0.005319148936170213,1.0,4.500756740570068
BitcoinTransactions,5,346,309,0.85,0.5,4,0.07402244824640884,0.0030978934324659233,0.9682771436156092,4.342670917510986
BitcoinTransactions,5,346,309,0.85,0.5,5,0.08131597621235662,0.0018472906403940886,0.9779665516325989,4.517193078994751
BitcoinTransactions,5,346,327,0.9,0.5,1,0.07405487518451179,0.0015290519877675841,0.9916379081497213,4.68044114112854
BitcoinTransactions,5,346,327,0.9,0.5,2,0.05710235020126228,0.0014925373134328358,0.9859304486328644,4.727905511856079
BitcoinTransactions,5,346,327,0.9,0.5,3,0.0700245536479426,0.000835421888053467,0.9624369524820813,4.71889591217041
BitcoinTransactions,5,346,327,0.9,0.5,4,0.06573340683962885,0.001488095238095238,0.991239713299708,4.70339035987854
BitcoinTransactions,5,346,327,0.9,0.5,5,0.07633801418148835,0.001984126984126984,0.9993363419166446,4.704056978225708
BitcoinTransactions,5,346,345,0.95,0.5,1,0.06310734739734133,0.0010193679918450561,0.9580568091319352,4.675226449966431
BitcoinTransactions,5,346,345,0.95,0.5,2,0.06599911898026373,0.001271725307333616,0.9518184231483939,4.701111793518066
BitcoinTransactions,5,346,345,0.95,0.5,3,0.0654098985163375,0.00185459940652819,0.9470400849482347,4.691364049911499
BitcoinTransactions,5,346,345,0.95,0.5,4,0.05807182290278029,0.0015015015015015015,0.9992036102999734,4.726357460021973
BitcoinTransactions,5,346,345,0.95,0.5,5,0.08153819990157794,0.001519756838905775,0.9556676400318556,4.685645341873169
BitcoinTransactions,5,346,363,1,0.5,1,0.05974492067447389,0.0017474879860200961,0.9656225112821875,4.6982550621032715
BitcoinTransactions,5,346,363,1,0.5,2,0.06673186155518118,0.0022727272727272726,0.9915051765330501,4.699356555938721
BitcoinTransactions,5,346,363,1,0.5,3,0.06402884849092018,0.0017751479289940828,0.9905760552163525,4.75346040725708
BitcoinTransactions,5,346,363,1,0.5,4,0.06969691368773484,0.002238805970149254,0.9997345367666578,4.7066123485565186
BitcoinTransactions,5,346,363,1,0.5,5,0.06160391575779431,0.0026041666666666665,0.9997345367666578,4.686819553375244
BitcoinTransactions,6,594,0,0,,1,0.06632716566346489,0.0007259528130671506,0.9603348888278891,
BitcoinTransactions,6,594,0,0,,2,0.07462851970012714,0.0015655577299412916,0.962942629700796,
BitcoinTransactions,6,594,0,0,,3,0.07099726565630217,0.0014652014652014652,0.9632171287400494,
BitcoinTransactions,6,594,0,0,,4,0.06735465467750365,0.0014732965009208103,0.9628053801811693,
BitcoinTransactions,6,594,0,0,,5,0.07131959786945183,0.0014231499051233396,0.9958825144111996,
BitcoinTransactions,6,594,6,0.01,0.5,1,0.06937424417883394,0.002131287297527707,0.9637661268185561,4.45813775062561
BitcoinTransactions,6,594,6,0.01,0.5,2,0.058222169393837134,0.0009157509157509158,0.9718638484765303,4.712717294692993
BitcoinTransactions,6,594,6,0.01,0.5,3,0.06579090903697592,0.0012143290831815423,0.9636288772989294,4.700185298919678
BitcoinTransactions,6,594,6,0.01,0.5,4,0.07054132283785658,0.0014760147601476014,0.9987647543233599,4.699660539627075
BitcoinTransactions,6,594,6,0.01,0.5,5,0.0717295380549595,0.0018975332068311196,1.0,4.678595542907715
BitcoinTransactions,6,594,30,0.05,0.5,1,0.06598982038687011,0.0010761366693570083,0.9792753225363712,4.673663139343262
BitcoinTransactions,6,594,30,0.05,0.5,2,0.06824909997513867,0.001107011070110701,0.9522371671699149,4.691895246505737
BitcoinTransactions,6,594,30,0.05,0.5,3,0.07127012338740922,0.0012232415902140672,0.9640406258578095,4.705156326293945
BitcoinTransactions,6,594,30,0.05,0.5,4,0.06383850730590798,0.0012099213551119178,0.9880592917924788,4.672135591506958
BitcoinTransactions,6,594,30,0.05,0.5,5,0.07382820975392516,0.0013034410844629822,0.9843535547625584,4.518123388290405
BitcoinTransactions,6,594,61,0.1,0.5,1,0.07463310761880343,0.0015812776723592662,0.99958825144112,4.488644361495972
BitcoinTransactions,6,594,61,0.1,0.5,2,0.0719695853141743,0.001310615989515072,0.978040076859731,4.6841042041778564
BitcoinTransactions,6,594,61,0.1,0.5,3,0.07735620306717504,0.0019455252918287938,1.0,4.5635716915130615
BitcoinTransactions,6,594,61,0.1,0.5,4,0.07414262438428369,0.0010720986330742428,0.9571781498764754,4.710913896560669
BitcoinTransactions,6,594,61,0.1,0.5,5,0.06536021288528193,0.0013812154696132596,0.9938237716167994,4.734898328781128
BitcoinTransactions,6,594,91,0.15,0.5,1,0.07314377853539561,0.0015812776723592662,0.99958825144112,4.672690153121948
BitcoinTransactions,6,594,91,0.15,0.5,2,0.06658565872025735,0.0011173184357541898,0.9949217677738128,4.743987321853638
BitcoinTransactions,6,594,91,0.15,0.5,3,0.051643671006180204,0.0011716461628588166,0.99958825144112,4.775277614593506
BitcoinTransactions,6,594,91,0.15,0.5,4,0.06684351173282098,0.0014760147601476014,0.9960197639308263,4.620452404022217
BitcoinTransactions,6,594,91,0.15,0.5,5,0.07130177489664696,0.0013917884481558804,0.9954707658523195,4.397041320800781
BitcoinTransactions,6,594,122,0.2,0.5,1,0.05809308790418459,0.0009124087591240876,0.9774910787812243,4.432375907897949
BitcoinTransactions,6,594,122,0.2,0.5,2,0.06423156561933929,0.0012055455093429777,0.9942355201756794,4.467792272567749
BitcoinTransactions,6,594,122,0.2,0.5,3,0.07463712617252585,0.0013917884481558804,0.9409827065605271,4.299679756164551
BitcoinTransactions,6,594,122,0.2,0.5,4,0.06058826585142889,0.0009208103130755065,0.9752950864671973,4.417717456817627
BitcoinTransactions,6,594,122,0.2,0.5,5,0.05900947965780918,0.0012254901960784314,0.9921767773812792,4.28086519241333
BitcoinTransactions,6,594,152,0.25,0.5,1,0.06910099038953771,0.0021551724137931034,1.0,4.293617486953735
BitcoinTransactions,6,594,152,0.25,0.5,2,0.07383970582216938,0.001388888888888889,0.9961570134504529,4.402989864349365
BitcoinTransactions,6,594,152,0.25,0.5,3,0.06712865037918792,0.001893939393939394,1.0,4.401327610015869
BitcoinTransactions,6,594,152,0.25,0.5,4,0.07456265585338336,0.000931098696461825,0.9478451825418611,4.440398693084717
BitcoinTransactions,6,594,152,0.25,0.5,5,0.07859426186297608,0.0049504950495049506,1.0,4.12923526763916
BitcoinTransactions,6,594,183,0.3,0.5,1,0.06215841732333234,0.0012165450121654502,0.9636288772989294,4.444993019104004
BitcoinTransactions,6,594,183,0.3,0.5,2,0.0755202716843082,0.00273224043715847,1.0,4.1837992668151855
BitcoinTransactions,6,594,183,0.3,0.5,3,0.0653309162853489,0.0013812154696132596,0.9827065605270382,4.41028618812561
BitcoinTransactions,6,594,183,0.3,0.5,4,0.060639270861734915,0.0014787430683918669,0.9997255009607466,4.414003610610962
BitcoinTransactions,6,594,183,0.3,0.5,5,0.06943015676111769,0.0016326530612244899,0.9953335163326928,4.359787464141846
BitcoinTransactions,6,594,213,0.35,0.5,1,0.06969159962844045,0.0016509433962264152,0.9956080153719462,4.387653350830078
BitcoinTransactions,6,594,213,0.35,0.5,2,0.0802193457206275,0.0015655577299412916,0.9784518254186111,4.383466482162476
BitcoinTransactions,6,594,213,0.35,0.5,3,0.0703464031973765,0.001277139208173691,0.9912160307438924,4.385884046554565
BitcoinTransactions,6,594,213,0.35,0.5,4,0.06656136549666525,0.0014925373134328358,0.9950590172934395,4.411316156387329
BitcoinTransactions,6,594,213,0.35,0.5,5,0.06982058356230969,0.0014423076923076924,0.9916277793027725,4.395215034484863
BitcoinTransactions,6,594,244,0.4,0.5,1,0.07184607711149267,0.0016666666666666668,0.9906670326653857,4.317909002304077
BitcoinTransactions,6,594,244,0.4,0.5,2,0.060504000630982026,0.001221001221001221,0.9825693110074115,4.421109914779663
BitcoinTransactions,6,594,244,0.4,0.5,3,0.058074686489415134,0.001525165226232842,0.9913532802635191,4.400805950164795
BitcoinTransactions,6,594,244,0.4,0.5,4,0.06121862688327728,0.0012939958592132505,0.986686796596212,4.471011400222778
BitcoinTransactions,6,594,244,0.4,0.5,5,0.06674327064389354,0.0012461059190031153,0.9695306066428767,4.414262533187866
BitcoinTransactions,6,594,274,0.45,0.5,1,0.06609952285399695,0.0012322858903265558,0.990529783145759,4.431114912033081
BitcoinTransactions,6,594,274,0.45,0.5,2,0.07413113832173479,0.002109704641350211,1.0,4.445228815078735
BitcoinTransactions,6,594,274,0.45,0.5,3,0.07157453427396604,0.0014787430683918669,0.9964315124897063,4.425682306289673
BitcoinTransactions,6,594,274,0.45,0.5,4,0.06586318781775055,0.001869158878504673,1.0,4.401026964187622
BitcoinTransactions,6,594,274,0.45,0.5,5,0.0879477968490294,0.001397624039133473,0.9832555586055449,4.257919788360596
BitcoinTransactions,6,594,304,0.5,0.5,1,0.06635915881475124,0.0014467592592592592,0.9622563821026626,4.208166599273682
BitcoinTransactions,6,594,304,0.5,0.5,2,0.07281155067645577,0.0014652014652014652,0.9860005489980785,4.243598461151123
BitcoinTransactions,6,594,304,0.5,0.5,3,0.0703047493218596,0.0015932023366967605,0.9930002744990393,4.396849870681763
BitcoinTransactions,6,594,304,0.5,0.5,4,0.06088824271777822,0.0018796992481203006,1.0,4.401779651641846
BitcoinTransactions,6,594,304,0.5,0.5,5,0.06567745392902893,0.0011182555213866368,0.9943727696953061,4.363765716552734
BitcoinTransactions,6,594,335,0.55,0.5,1,0.07209777814640785,0.0013992537313432835,0.9930002744990393,4.399573564529419
BitcoinTransactions,6,594,335,0.55,0.5,2,0.06061342495390443,0.0015234613040828763,0.9954707658523195,4.422833681106567
BitcoinTransactions,6,594,335,0.55,0.5,3,0.0673338060283813,0.0013966480446927375,0.9947845182541861,4.408233165740967
BitcoinTransactions,6,594,335,0.55,0.5,4,0.06794266099106837,0.001851851851851852,1.0,4.4057252407073975
BitcoinTransactions,6,594,335,0.55,0.5,5,0.07078811200122863,0.0015873015873015873,0.996568762009333,4.387295961380005
BitcoinTransactions,6,594,365,0.6,0.5,1,0.06703504845904823,0.001443001443001443,0.9953335163326928,4.317364692687988
BitcoinTransactions,6,594,365,0.6,0.5,2,0.05963654568707922,0.0014787430683918669,0.9949217677738128,4.412916898727417
BitcoinTransactions,6,594,365,0.6,0.5,3,0.06437836237225136,0.0016540642722117202,0.9925885259401592,4.407948017120361
BitcoinTransactions,6,594,365,0.6,0.5,4,0.059894226707018605,0.0018975332068311196,1.0,4.379749536514282
BitcoinTransactions,6,594,365,0.6,0.5,5,0.08375266165087787,0.0015629884338855893,0.9833928081251716,4.253334283828735
BitcoinTransactions,6,594,396,0.65,0.5,1,0.05800327207085999,0.0013636363636363637,0.9967060115289597,4.439815998077393
BitcoinTransactions,6,594,396,0.65,0.5,2,0.07679657088062274,0.001265022137887413,0.9884710403513588,4.4153242111206055
BitcoinTransactions,6,594,396,0.65,0.5,3,0.06550800612108322,0.0012631578947368421,0.9908042821850124,4.282085180282593
BitcoinTransactions,6,594,396,0.65,0.5,4,0.066717900130275,0.0018587360594795538,1.0,4.410868406295776
BitcoinTransactions,6,594,396,0.65,0.5,5,0.0723464764464625,0.001941747572815534,1.0,4.376955270767212
BitcoinTransactions,6,594,426,0.7,0.5,1,0.07832899716953302,0.0012746972594008922,0.9847653033214384,4.391651153564453
BitcoinTransactions,6,594,426,0.7,0.5,2,0.06981557341784095,0.001851851851851852,1.0,4.4224817752838135
BitcoinTransactions,6,594,426,0.7,0.5,3,0.06343009193154939,0.0012987012987012987,0.9997255009607466,4.48365330696106
BitcoinTransactions,6,594,426,0.7,0.5,4,0.0734549486253745,0.0023228803716608595,0.9805105682130113,4.090324401855469
BitcoinTransactions,6,594,426,0.7,0.5,5,0.07637310218851358,0.0013579576317218902,0.9876475432335987,4.4261474609375
BitcoinTransactions,6,594,457,0.75,0.5,1,0.06577508242773429,0.0014897579143389199,0.9950590172934395,4.416053533554077
BitcoinTransactions,6,594,457,0.75,0.5,2,0.06727350962289501,0.001310615989515072,0.9908042821850124,4.427289724349976
BitcoinTransactions,6,594,457,0.75,0.5,3,0.07172583349526898,0.0013157894736842105,0.9645896239363162,4.326705455780029
BitcoinTransactions,6,594,457,0.75,0.5,4,0.06767873352578886,0.0016143911439114391,0.99958825144112,4.416087865829468
BitcoinTransactions,6,594,457,0.75,0.5,5,0.07215327335261755,0.0017655367231638418,0.9967060115289597,4.289298057556152
BitcoinTransactions,6,594,487,0.8,0.5,1,0.0712328841855659,0.0015460729746444033,0.9946472687345594,4.4247095584869385
BitcoinTransactions,6,594,487,0.8,0.5,2,0.07851775239219193,0.0019120458891013384,1.0,4.410201787948608
BitcoinTransactions,6,594,487,0.8,0.5,3,0.07639170912670466,0.001948051948051948,0.9928630249794126,4.260204553604126
BitcoinTransactions,6,594,487,0.8,0.5,4,0.06401358927874097,0.0015967153284671533,0.9962942629700796,4.462461233139038
BitcoinTransactions,6,594,487,0.8,0.5,5,0.06373278376677075,0.0019157088122605363,1.0,4.403968811035156
BitcoinTransactions,6,594,518,0.85,0.5,1,0.07707781326044737,0.0017618040873854828,0.9960197639308263,4.289138078689575
BitcoinTransactions,6,594,518,0.85,0.5,2,0.06301651839630919,0.0012414649286157666,0.9884710403513588,4.435290575027466
BitcoinTransactions,6,594,518,0.85,0.5,3,0.06218662492307895,0.001893939393939394,1.0,4.414236545562744
BitcoinTransactions,6,594,518,0.85,0.5,4,0.07806756068107028,0.0017146776406035665,0.9997255009607466,4.387202739715576
BitcoinTransactions,6,594,518,0.85,0.5,5,0.0789812062486254,0.0020408163265306124,1.0,4.358998775482178
BitcoinTransactions,6,594,548,0.9,0.5,1,0.07014942098366189,0.0010925976509150504,0.9920395278616525,4.403151988983154
BitcoinTransactions,6,594,548,0.9,0.5,2,0.06463891728034794,0.001557632398753894,0.9961570134504529,4.422372341156006
BitcoinTransactions,6,594,548,0.9,0.5,3,0.07732288367162712,0.0015180265654648956,0.9957452648915729,4.4087395668029785
BitcoinTransactions,6,594,548,0.9,0.5,4,0.07406694080983084,0.0016172506738544475,0.9921767773812792,4.422544479370117
BitcoinTransactions,6,594,548,0.9,0.5,5,0.07185837099306179,0.0011152416356877324,0.9847653033214384,4.421774864196777
BitcoinTransactions,6,594,579,0.95,0.5,1,0.07556413158435103,0.001876172607879925,1.0,4.440263509750366
BitcoinTransactions,6,594,579,0.95,0.5,2,0.0719374198286638,0.0014732965009208103,0.9960197639308263,4.426215171813965
BitcoinTransactions,6,594,579,0.95,0.5,3,0.06496997601248732,0.0012939958592132505,0.9842163052429317,4.4530699253082275
BitcoinTransactions,6,594,579,0.95,0.5,4,0.060214979237259235,0.0015873015873015873,0.9991765028822399,4.4234840869903564
BitcoinTransactions,6,594,579,0.95,0.5,5,0.07013299254362987,0.0013010668748373666,0.9997255009607466,4.458969593048096
BitcoinTransactions,6,594,609,1,0.5,1,0.07139356640370365,0.001725327812284334,0.9997255009607466,4.33361554145813
BitcoinTransactions,6,594,609,1,0.5,2,0.059919532697696565,0.0015518311607697084,0.9953335163326928,4.3036534786224365
BitcoinTransactions,6,594,609,1,0.5,3,0.0592380300523999,0.001654715940430226,0.9945100192149328,4.41945481300354
BitcoinTransactions,6,594,609,1,0.5,4,0.07556547507015741,0.0015044057597249087,0.981059566291518,4.387082576751709
BitcoinTransactions,6,594,609,1,0.5,5,0.07381341051179406,0.0016939582156973462,0.9960197639308263,4.371154308319092
BitcoinTransactions,7,706,0,0,,1,0.08613997620332782,0.001937984496124031,0.9620853080568721,
BitcoinTransactions,7,706,0,0,,2,0.07493638424831182,0.0011695906432748538,0.9567884025648173,
BitcoinTransactions,7,706,0,0,,3,0.07340358632279909,0.001201923076923077,0.9569277948146083,
BitcoinTransactions,7,706,0,0,,4,0.07093139992962053,0.0011467889908256881,0.9480066908279899,
BitcoinTransactions,7,706,0,0,,5,0.07690619697587338,0.0029239766081871343,1.0,
BitcoinTransactions,7,706,9,0.01,0.5,1,0.07035411404805254,0.0015743073047858943,0.9696124895455812,4.378079175949097
BitcoinTransactions,7,706,9,0.01,0.5,2,0.061185266797766674,0.002717391304347826,1.0,4.482041358947754
BitcoinTransactions,7,706,9,0.01,0.5,3,0.06449556131122836,0.0009874917709019092,0.9584611095623083,4.429753541946411
BitcoinTransactions,7,706,9,0.01,0.5,4,0.06399696614929265,0.001729106628242075,0.9997212155004181,4.40046763420105
BitcoinTransactions,7,706,9,0.01,0.5,5,0.06754351553585565,0.0014652014652014652,0.9620853080568721,4.428627252578735
BitcoinTransactions,7,706,45,0.05,0.5,1,0.06378648503200683,0.0014492753623188406,0.9877334820183997,4.400272369384766
BitcoinTransactions,7,706,45,0.05,0.5,2,0.09464112706326316,0.0018570102135561746,0.9691943127962085,4.222395896911621
BitcoinTransactions,7,706,45,0.05,0.5,3,0.07294278328693252,0.0018561484918793504,0.9654307220518539,4.3884642124176025
BitcoinTransactions,7,706,45,0.05,0.5,4,0.06334045361934311,0.000977198697068404,0.9967939782548091,4.3172101974487305
BitcoinTransactions,7,706,45,0.05,0.5,5,0.07513374609578877,0.004219409282700422,1.0,4.034008026123047
BitcoinTransactions,7,706,90,0.1,0.5,1,0.07363974671731319,0.001201923076923077,0.9481460830777809,4.402912616729736
BitcoinTransactions,7,706,90,0.1,0.5,2,0.07205560882564496,0.0022522522522522522,1.0,4.4059107303619385
BitcoinTransactions,7,706,90,0.1,0.5,3,0.061203536234336844,0.0007485029940119761,0.9958182325062727,4.5987937450408936
BitcoinTransactions,7,706,90,0.1,0.5,4,0.06207953602367211,0.0010273972602739725,0.9675216057987176,4.320577144622803
BitcoinTransactions,7,706,90,0.1,0.5,5,0.06342628168468063,0.0015733165512901196,0.9930303875104545,4.414730548858643
BitcoinTransactions,7,706,135,0.15,0.5,1,0.07472362501444951,0.0010804970286331713,0.9835517145246724,4.2790892124176025
BitcoinTransactions,7,706,135,0.15,0.5,2,0.06568350006129721,0.0018651745270450307,0.9944243100083635,4.400195598602295
BitcoinTransactions,7,706,135,0.15,0.5,3,0.06537687473987641,0.0017111567419575632,0.9928909952606635,4.423836708068848
BitcoinTransactions,7,706,135,0.15,0.5,4,0.06458707315628297,0.0013297872340425532,0.95413994981879,4.410283327102661
BitcoinTransactions,7,706,135,0.15,0.5,5,0.07064774016516667,0.0014035087719298245,0.960551993309172,4.229761600494385
BitcoinTransactions,7,706,180,0.2,0.5,1,0.06323521207482659,0.002560163850486431,0.9979091162531363,4.301346302032471
BitcoinTransactions,7,706,180,0.2,0.5,2,0.07046846616346414,0.0016268980477223427,0.9997212155004181,4.309905290603638
BitcoinTransactions,7,706,180,0.2,0.5,3,0.06296974357948922,0.00175054704595186,0.9997212155004181,4.445986270904541
BitcoinTransactions,7,706,180,0.2,0.5,4,0.05884585375997146,0.0014903129657228018,1.0,4.739761114120483
BitcoinTransactions,7,706,180,0.2,0.5,5,0.06623204922912,0.0013921113689095127,0.9945637022581545,4.561940431594849
BitcoinTransactions,7,706,226,0.25,0.5,1,0.06566055361746609,0.0014275517487508922,0.9836911067744634,4.581608772277832
BitcoinTransactions,7,706,226,0.25,0.5,2,0.06429133570920952,0.0012045290291496024,0.9601338165597992,4.601752042770386
BitcoinTransactions,7,706,226,0.25,0.5,3,0.07319456008282262,0.0013134851138353765,0.9993030387510454,4.437074422836304
BitcoinTransactions,7,706,226,0.25,0.5,4,0.07160737439117053,0.0013392857142857143,0.9771396710342904,4.593947410583496
BitcoinTransactions,7,706,226,0.25,0.5,5,0.08151602271952592,0.0012140833670578712,0.9570671870643992,4.58807373046875
BitcoinTransactions,7,706,271,0.3,0.5,1,0.061939471048125465,0.0016123831022250886,0.9940061332589908,4.484379768371582
BitcoinTransactions,7,706,271,0.3,0.5,2,0.07706173050772952,0.0014705882352941176,0.9959576247560635,4.47983193397522
BitcoinTransactions,7,706,271,0.3,0.5,3,0.05853210664183486,0.0016666666666666668,0.9944243100083635,4.474870204925537
BitcoinTransactions,7,706,271,0.3,0.5,4,0.07035492491366885,0.0014958863126402393,0.9572065793141902,4.398017883300781
BitcoinTransactions,7,706,271,0.3,0.5,5,0.07160640862473507,0.001098901098901099,0.9591580708112629,4.644901514053345
BitcoinTransactions,7,706,316,0.35,0.5,1,0.06525943510883686,0.0014033118158854898,0.9951212712573181,4.731780529022217
BitcoinTransactions,7,706,316,0.35,0.5,2,0.0690505699080311,0.0012351778656126482,0.9739336492890995,4.669302940368652
BitcoinTransactions,7,706,316,0.35,0.5,3,0.06981754039844729,0.0011855364552459987,0.9698912740451631,4.736658573150635
BitcoinTransactions,7,706,316,0.35,0.5,4,0.07105994690299328,0.0018315018315018315,0.9926122107610816,4.5100274085998535
BitcoinTransactions,7,706,316,0.35,0.5,5,0.06647771747363466,0.0022263450834879408,0.9997212155004181,4.669022560119629
BitcoinTransactions,7,706,361,0.4,0.5,1,0.07400875982612627,0.0007017543859649122,0.9570671870643992,4.734067916870117
BitcoinTransactions,7,706,361,0.4,0.5,2,0.06257860369569061,0.0018552875695732839,0.9921940340117089,4.749117851257324
BitcoinTransactions,7,706,361,0.4,0.5,3,0.06849279540718362,0.0016196954972465176,0.9951212712573181,4.838744640350342
BitcoinTransactions,7,706,361,0.4,0.5,4,0.07520498705592875,0.0015723270440251573,0.9831335377752997,4.469615697860718
BitcoinTransactions,7,706,361,0.4,0.5,5,0.06465530730223037,0.001429388221841052,0.9997212155004181,4.723925828933716
BitcoinTransactions,7,706,406,0.45,0.5,1,0.06936209040371916,0.001271186440677966,0.9991636465012546,4.715200901031494
BitcoinTransactions,7,706,406,0.45,0.5,2,0.06922382261778409,0.0014587892049598833,0.9626428770560357,4.442198276519775
BitcoinTransactions,7,706,406,0.45,0.5,3,0.062214198907912154,0.0010162601626016261,0.9995818232506273,4.622143268585205
BitcoinTransactions,7,706,406,0.45,0.5,4,0.0716345642987758,0.0017998560115190785,0.9970727627543908,4.4226768016815186
BitcoinTransactions,7,706,406,0.45,0.5,5,0.07485543616384521,0.0010799136069114472,0.9619459158070811,4.585734844207764
BitcoinTransactions,7,706,451,0.5,0.5,1,0.059425115822911906,0.0008992805755395684,0.9948424867577362,4.527917385101318
BitcoinTransactions,7,706,451,0.5,0.5,2,0.06328205786499487,0.001534683855125844,0.9966545860050181,4.52209210395813
BitcoinTransactions,7,706,451,0.5,0.5,3,0.08152275064766704,0.0013812154696132596,0.9627822693058266,4.446591138839722
BitcoinTransactions,7,706,451,0.5,0.5,4,0.06681161857151886,0.0011278195488721805,0.9924728185112908,4.508613109588623
BitcoinTransactions,7,706,451,0.5,0.5,5,0.059735649326424264,0.0015664160401002505,0.9988848620016727,4.463837623596191
BitcoinTransactions,7,706,496,0.55,0.5,1,0.05952776828937991,0.00211864406779661,1.0,4.4631876945495605
BitcoinTransactions,7,706,496,0.55,0.5,2,0.0644653241376542,0.0011677695601401323,0.9894061890158907,4.425659894943237
BitcoinTransactions,7,706,496,0.55,0.5,3,0.07881607175849033,0.0019329896907216496,0.9997212155004181,4.435156345367432
BitcoinTransactions,7,706,496,0.55,0.5,4,0.07182483255721256,0.0019723865877712033,1.0,4.344616889953613
BitcoinTransactions,7,706,496,0.55,0.5,5,0.06396549441809377,0.0013123359580052493,0.995260663507109,4.477837562561035
BitcoinTransactions,7,706,541,0.6,0.5,1,0.06845018524789565,0.0013136288998357964,0.9591580708112629,4.46571683883667
BitcoinTransactions,7,706,541,0.6,0.5,2,0.07083439756132558,0.0019665683382497543,0.9949818790075272,4.443001985549927
BitcoinTransactions,7,706,541,0.6,0.5,3,0.06046725417354157,0.0012042389210019267,0.9995818232506273,4.5262086391448975
BitcoinTransactions,7,706,541,0.6,0.5,4,0.0678402208549138,0.0016268980477223427,0.9909395037635907,4.48983097076416
BitcoinTransactions,7,706,541,0.6,0.5,5,0.07000929519773028,0.0019138755980861245,0.9965151937552272,4.459577798843384
BitcoinTransactions,7,706,586,0.65,0.5,1,0.06571635413726623,0.0012953367875647669,0.9998606077502091,4.476672887802124
BitcoinTransactions,7,706,586,0.65,0.5,2,0.052963558158243614,0.0015856236786469344,0.9848062447727907,4.508971691131592
BitcoinTransactions,7,706,586,0.65,0.5,3,0.05122177480939514,0.001788508830762352,0.9997212155004181,4.54138708114624
BitcoinTransactions,7,706,586,0.65,0.5,4,0.07070209700812324,0.0011614401858304297,0.9867577362698634,4.524065017700195
BitcoinTransactions,7,706,586,0.65,0.5,5,0.06468133414607492,0.0016276041666666667,0.9997212155004181,4.550874471664429
BitcoinTransactions,7,706,631,0.7,0.5,1,0.07278116654349606,0.0022471910112359553,1.0,4.556436777114868
BitcoinTransactions,7,706,631,0.7,0.5,2,0.06584509100252259,0.0016160310277957336,0.9895455812656816,4.486924648284912
BitcoinTransactions,7,706,631,0.7,0.5,3,0.05611031508490165,0.0009448818897637795,0.9926122107610816,4.6503565311431885
BitcoinTransactions,7,706,631,0.7,0.5,4,0.07563975221634306,0.001840942562592047,0.9974909395037636,4.629671096801758
BitcoinTransactions,7,706,631,0.7,0.5,5,0.06179015535708853,0.0015664160401002505,0.9997212155004181,4.743556261062622
BitcoinTransactions,7,706,676,0.75,0.5,1,0.06448072143610606,0.001539408866995074,0.9994424310008364,4.687256336212158
BitcoinTransactions,7,706,676,0.75,0.5,2,0.07104280711479548,0.0024005486968449933,0.9863395595204907,4.453410863876343
BitcoinTransactions,7,706,676,0.75,0.5,3,0.07254124823438052,0.0018963337547408343,0.9998606077502091,4.6472108364105225
BitcoinTransactions,7,706,676,0.75,0.5,4,0.06204806190686713,0.0019464720194647203,0.9998606077502091,4.695510387420654
BitcoinTransactions,7,706,676,0.75,0.5,5,0.0660846664379265,0.0017325017325017325,0.9998606077502091,4.784160137176514
BitcoinTransactions,7,706,722,0.8,0.5,1,0.06387226973910609,0.0013207131851199648,0.9997212155004181,4.874865293502808
BitcoinTransactions,7,706,722,0.8,0.5,2,0.07513935365595344,0.0023277467411545625,0.9997212155004181,4.4942827224731445
BitcoinTransactions,7,706,722,0.8,0.5,3,0.06779794007213967,0.0022893772893772895,0.9995818232506273,4.716573715209961
BitcoinTransactions,7,706,722,0.8,0.5,4,0.07063538764937656,0.0016025641025641025,0.9941455255087817,4.713007688522339
BitcoinTransactions,7,706,722,0.8,0.5,5,0.06011223101903899,0.0012121212121212121,0.9937273487594089,4.668182849884033
BitcoinTransactions,7,706,767,0.85,0.5,1,0.07271169974271095,0.001851851851851852,0.9997212155004181,4.5269551277160645
BitcoinTransactions,7,706,767,0.85,0.5,2,0.06832697124244169,0.002204030226700252,0.9942849177585726,4.454318046569824
BitcoinTransactions,7,706,767,0.85,0.5,3,0.07192614173134958,0.002380952380952381,1.0,4.471374034881592
BitcoinTransactions,7,706,767,0.85,0.5,4,0.06307960082645492,0.0017146776406035665,0.9997212155004181,4.479300022125244
BitcoinTransactions,7,706,767,0.85,0.5,5,0.06236703169673246,0.0016792611251049538,0.9997212155004181,4.461425065994263
BitcoinTransactions,7,706,812,0.9,0.5,1,0.06384605858887123,0.0009876543209876543,0.9974909395037636,4.535569190979004
BitcoinTransactions,7,706,812,0.9,0.5,2,0.06545371269845218,0.0007645259938837921,0.9951212712573181,4.518084526062012
BitcoinTransactions,7,706,812,0.9,0.5,3,0.06607113971421583,0.0013272658323852863,0.9991636465012546,4.488075017929077
BitcoinTransactions,7,706,812,0.9,0.5,4,0.07257479260313252,0.0017452006980802793,0.9949818790075272,4.447712659835815
BitcoinTransactions,7,706,812,0.9,0.5,5,0.05828284117538163,0.000980392156862745,0.9947030945079454,4.4917566776275635
BitcoinTransactions,7,706,857,0.95,0.5,1,0.06001460912108053,0.0009765625,0.9962364092556454,4.480274438858032
BitcoinTransactions,7,706,857,0.95,0.5,2,0.06870115469422071,0.0014577259475218659,0.9995818232506273,4.477183818817139
BitcoinTransactions,7,706,857,0.95,0.5,3,0.06673277194936027,0.0014619883040935672,0.9954000557568999,4.506568670272827
BitcoinTransactions,7,706,857,0.95,0.5,4,0.07918972670359899,0.0015151515151515152,0.9868971285196543,4.583760738372803
BitcoinTransactions,7,706,857,0.95,0.5,5,0.06621550113784672,0.001841620626151013,1.0,4.542636394500732
BitcoinTransactions,7,706,902,1,0.5,1,0.07275357816098899,0.0023148148148148147,0.9944243100083635,4.562779903411865
BitcoinTransactions,7,706,902,1,0.5,2,0.0763183330038046,0.0015424164524421595,0.9934485642598272,4.652708053588867
BitcoinTransactions,7,706,902,1,0.5,3,0.05939375762561255,0.0009560229445506692,0.9924728185112908,4.6879987716674805
BitcoinTransactions,7,706,902,1,0.5,4,0.06604877656371437,0.0037735849056603774,1.0,4.502662420272827
BitcoinTransactions,7,706,902,1,0.5,5,0.06965014356600885,0.0020990764063811922,0.9954000557568999,4.609585285186768
BitcoinTransactions,8,14,0,0,,1,0.07827053732349985,0.0,0.8624459699974574,
BitcoinTransactions,8,14,0,0,,2,0.0692368104050875,0.0,0.8788456648868548,
BitcoinTransactions,8,14,0,0,,3,0.07329556489290029,0.0,0.7987541317060768,
BitcoinTransactions,8,14,0,0,,4,0.06755431266062703,0.0,0.8796084413933384,
BitcoinTransactions,8,14,0,0,,5,0.07711322882178867,0.0,0.8296465802186626,
BitcoinTransactions,8,14,0,0.01,0.5,1,0.06416949025437728,0.0,0.8682939232138317,4.682204723358154
BitcoinTransactions,8,14,0,0.01,0.5,2,0.0632777797619247,0.0,0.8761759471141622,4.722137212753296
BitcoinTransactions,8,14,0,0.01,0.5,3,0.07225120327820587,0.0,0.8793541825578439,4.728632688522339
BitcoinTransactions,8,14,0,0.01,0.5,4,0.07751447605440571,0.0,0.8590134757182812,4.704503536224365
BitcoinTransactions,8,14,0,0.01,0.5,5,0.05662119674836661,0.0,0.9417747266717519,4.804044246673584
BitcoinTransactions,8,14,1,0.05,0.5,1,0.0771162126421083,0.0,0.858886346300534,4.69277024269104
BitcoinTransactions,8,14,1,0.05,0.5,2,0.07212923725659835,0.0,0.8690566997203153,4.678915500640869
BitcoinTransactions,8,14,1,0.05,0.5,3,0.07132721288227166,0.0,0.8852021357742181,4.661924123764038
BitcoinTransactions,8,14,1,0.05,0.5,4,0.06838459959423805,0.0,0.880371217899822,4.6162636280059814
BitcoinTransactions,8,14,1,0.05,0.5,5,0.06434334234195349,0.0,0.8703279938977879,4.620113849639893
BitcoinTransactions,8,14,1,0.1,0.5,1,0.06353779611286704,0.0,0.8982964658021866,4.789636611938477
BitcoinTransactions,8,14,1,0.1,0.5,2,0.06678112269958476,0.0,0.8797355708110857,4.721119165420532
BitcoinTransactions,8,14,1,0.1,0.5,3,0.08566569458157453,0.0,0.1966692092550216,4.524551868438721
BitcoinTransactions,8,14,1,0.1,0.5,4,0.07632890616270441,0.0,0.855580981439105,4.527911424636841
BitcoinTransactions,8,14,1,0.1,0.5,5,0.07536123727865353,0.016666666666666666,0.927027714213069,4.375880479812622
BitcoinTransactions,8,14,2,0.15,0.5,1,0.06498299029152368,0.019230769230769232,0.9349097381133994,4.3838160037994385
BitcoinTransactions,8,14,2,0.15,0.5,2,0.08096779494598128,0.0,0.8616831934909738,4.4499523639678955
BitcoinTransactions,8,14,2,0.15,0.5,3,0.07075245414232563,0.0,0.8333333333333334,4.442138671875
BitcoinTransactions,8,14,2,0.15,0.5,4,0.07539472452988304,0.0,0.6849733028222731,4.298234701156616
BitcoinTransactions,8,14,2,0.15,0.5,5,0.06848094376784956,0.0,0.8759216882786677,4.483595371246338
BitcoinTransactions,8,14,3,0.2,0.5,1,0.06816467296495396,0.0,0.9135519959318587,4.490922689437866
BitcoinTransactions,8,14,3,0.2,0.5,2,0.06112561300318422,0.0,0.9022374777523519,4.694876432418823
BitcoinTransactions,8,14,3,0.2,0.5,3,0.07537593718346963,0.0,0.8729977116704806,4.692517042160034
BitcoinTransactions,8,14,3,0.2,0.5,4,0.07697020814744128,0.0,0.8735062293414696,4.734685897827148
BitcoinTransactions,8,14,3,0.2,0.5,5,0.06086471142877377,0.0,0.8993135011441648,4.818885803222656
BitcoinTransactions,8,14,3,0.25,0.5,1,0.06563519655716299,0.0,0.8241800152555301,4.767415523529053
BitcoinTransactions,8,14,3,0.25,0.5,2,0.06616153072553817,0.0,0.8620645817442156,4.792864799499512
BitcoinTransactions,8,14,3,0.25,0.5,3,0.06332566915271604,0.0,0.9202898550724637,4.867360353469849
BitcoinTransactions,8,14,3,0.25,0.5,4,0.08227971319660428,0.0,0.8394355453852022,4.789111614227295
BitcoinTransactions,8,14,3,0.25,0.5,5,0.07026441600545384,0.0,0.43643529112636664,4.369012832641602
BitcoinTransactions,8,14,4,0.3,0.5,1,0.06537460553457417,0.0,0.8797355708110857,4.688034534454346
BitcoinTransactions,8,14,4,0.3,0.5,2,0.06294361032551624,0.0,0.9276633613018053,4.840834140777588
BitcoinTransactions,8,14,4,0.3,0.5,3,0.0699452613880128,0.0,0.8830409356725146,4.720324754714966
BitcoinTransactions,8,14,4,0.3,0.5,4,0.06615091526450272,0.0,0.8740147470124587,4.5959813594818115
BitcoinTransactions,8,14,4,0.3,0.5,5,0.07576322922926412,0.0,0.8679125349605898,4.4073357582092285
BitcoinTransactions,8,14,5,0.35,0.5,1,0.07391635643663279,0.0,0.8876175947114162,4.433475732803345
BitcoinTransactions,8,14,5,0.35,0.5,2,0.06548595870521517,0.0,0.8832951945080092,4.449229001998901
BitcoinTransactions,8,14,5,0.35,0.5,3,0.07229243821092268,0.0,0.23086702262903636,4.481231927871704
BitcoinTransactions,8,14,5,0.35,0.5,4,0.060214915303392444,0.015384615384615385,0.950419527078566,4.693713903427124
BitcoinTransactions,8,14,5,0.35,0.5,5,0.07055303636216526,0.0,0.8918128654970761,4.805199861526489
BitcoinTransactions,8,14,5,0.4,0.5,1,0.07058444391590771,0.0,0.8844393592677345,4.795078277587891
BitcoinTransactions,8,14,5,0.4,0.5,2,0.07078973717620811,0.0,0.8831680650902619,4.830398082733154
BitcoinTransactions,8,14,5,0.4,0.5,3,0.07143653816793613,0.0,0.8763030765319095,4.810525178909302
BitcoinTransactions,8,14,5,0.4,0.5,4,0.06691945337394577,0.0,0.8771929824561403,4.819842100143433
BitcoinTransactions,8,14,5,0.4,0.5,5,0.06285365837907346,0.0,0.8953724891939995,4.815221786499023
BitcoinTransactions,8,14,6,0.45,0.5,1,0.07929911953553732,0.0,0.6689549961861174,4.534036636352539
BitcoinTransactions,8,14,6,0.45,0.5,2,0.07283638701716198,0.0,0.8719806763285024,4.716083765029907
BitcoinTransactions,8,14,6,0.45,0.5,3,0.05955343153138177,0.0,0.20963640986524282,4.612436056137085
BitcoinTransactions,8,14,6,0.45,0.5,4,0.06433994231121137,0.0,0.8835494533435037,4.724009990692139
BitcoinTransactions,8,14,6,0.45,0.5,5,0.06833458817144926,0.0,0.853674040172896,4.556457042694092
BitcoinTransactions,8,14,6,0.5,0.5,1,0.08626563565294035,0.0,0.8006610729722858,4.420706748962402
BitcoinTransactions,8,14,6,0.5,0.5,2,0.0699150328824881,0.020833333333333332,0.8820239003305365,4.308615684509277
BitcoinTransactions,8,14,6,0.5,0.5,3,0.07623370430826293,0.0,0.8679125349605898,4.473251819610596
BitcoinTransactions,8,14,6,0.5,0.5,4,0.06738827086167208,0.01818181818181818,0.8939740655987796,4.258147954940796
BitcoinTransactions,8,14,6,0.5,0.5,5,0.07458491691093982,0.0,0.8508771929824561,4.453090190887451
BitcoinTransactions,8,14,7,0.55,0.5,1,0.06914849829563822,0.0,0.8839308415967455,4.479014873504639
BitcoinTransactions,8,14,7,0.55,0.5,2,0.07054660023779008,0.0,0.88558352402746,4.500607013702393
BitcoinTransactions,8,14,7,0.55,0.5,3,0.0654761582130277,0.0,0.8845664886854818,4.691406726837158
BitcoinTransactions,8,14,7,0.55,0.5,4,0.06824105191595348,0.0,0.8901601830663616,4.835756540298462
BitcoinTransactions,8,14,7,0.55,0.5,5,0.06694870676511624,0.0,0.8283752860411899,4.781266689300537
BitcoinTransactions,8,14,8,0.6,0.5,1,0.06355055925594644,0.0,0.8627002288329519,4.825138330459595
BitcoinTransactions,8,14,8,0.6,0.5,2,0.06770464625824138,0.0,0.8857106534452073,4.836406707763672
BitcoinTransactions,8,14,8,0.6,0.5,3,0.0651090943330684,0.0,0.8888888888888888,4.820754051208496
BitcoinTransactions,8,14,8,0.6,0.5,4,0.06758773716180294,0.009615384615384616,0.8676582761250954,4.5961384773254395
BitcoinTransactions,8,14,8,0.6,0.5,5,0.06878541371993384,0.0,0.9003305364861429,4.55019211769104
BitcoinTransactions,8,14,8,0.65,0.5,1,0.06068356479643837,0.0,0.8693109585558099,4.841525077819824
BitcoinTransactions,8,14,8,0.65,0.5,2,0.06006338038848418,0.0,0.8891431477243834,4.690020561218262
BitcoinTransactions,8,14,8,0.65,0.5,3,0.07307196089456532,0.0,0.8850750063564709,4.523435115814209
BitcoinTransactions,8,14,8,0.65,0.5,4,0.06959532382284112,0.0,0.8888888888888888,4.765995264053345
BitcoinTransactions,8,14,8,0.65,0.5,5,0.0592034469974491,0.0,0.8995677599796593,4.751710414886475
BitcoinTransactions,8,14,9,0.7,0.5,1,0.07487303324862309,0.0,0.8810068649885584,4.70252251625061
BitcoinTransactions,8,14,9,0.7,0.5,2,0.07362113740507767,0.0,0.8159166031019578,4.5538153648376465
BitcoinTransactions,8,14,9,0.7,0.5,3,0.07748962988118704,0.015384615384615385,0.9519450800915332,4.512523651123047
BitcoinTransactions,8,14,9,0.7,0.5,4,0.07179321137274422,0.0,0.429443173150267,4.283951282501221
BitcoinTransactions,8,14,9,0.7,0.5,5,0.0663923427346863,0.0,0.8868548182049326,4.478622674942017
BitcoinTransactions,8,14,10,0.75,0.5,1,0.06124445848061845,0.0,0.9272819730485634,4.518311977386475
BitcoinTransactions,8,14,10,0.75,0.5,2,0.06171556052757371,0.0,0.41495041952707856,4.275667905807495
BitcoinTransactions,8,14,10,0.75,0.5,3,0.06963681005711446,0.0,0.8824052885837783,4.489528179168701
BitcoinTransactions,8,14,10,0.75,0.5,4,0.07052111660655598,0.0,0.8849478769387236,4.4805121421813965
BitcoinTransactions,8,14,10,0.75,0.5,5,0.06697893511754352,0.0,0.8864734299516909,4.500294208526611
BitcoinTransactions,8,14,10,0.8,0.5,1,0.07091564255397047,0.01098901098901099,0.7031528095601323,4.432788372039795
BitcoinTransactions,8,14,10,0.8,0.5,2,0.06618152113290937,0.0,0.8463005339435545,4.673460006713867
BitcoinTransactions,8,14,10,0.8,0.5,3,0.0669801828192054,0.0,0.8614289346554793,4.67104697227478
BitcoinTransactions,8,14,10,0.8,0.5,4,0.06409243111108599,0.0,0.8770658530383931,4.701807498931885
BitcoinTransactions,8,14,10,0.8,0.5,5,0.0636248395472279,0.019230769230769232,0.8844393592677345,4.679075717926025
BitcoinTransactions,8,14,11,0.85,0.5,1,0.06541803774535503,0.0,0.8921942537503178,4.723571538925171
BitcoinTransactions,8,14,11,0.85,0.5,2,0.06248509927814627,0.0,0.8707093821510298,4.672417640686035
BitcoinTransactions,8,14,11,0.85,0.5,3,0.0666335154720141,0.01098901098901099,0.9174930078820239,4.695925235748291
BitcoinTransactions,8,14,11,0.85,0.5,4,0.058140014300148916,0.0,0.8946097126875159,4.734045505523682
BitcoinTransactions,8,14,11,0.85,0.5,5,0.06712408193386013,0.01282051282051282,0.9265191965420798,4.654202938079834
BitcoinTransactions,8,14,12,0.9,0.5,1,0.06857192796736633,0.012987012987012988,0.893719806763285,4.4382483959198
BitcoinTransactions,8,14,12,0.9,0.5,2,0.059423454204826316,0.0,0.8993135011441648,4.507512092590332
BitcoinTransactions,8,14,12,0.9,0.5,3,0.07374047772751227,0.0,0.8836765827612509,4.4934937953948975
BitcoinTransactions,8,14,12,0.9,0.5,4,0.072449099303206,0.015873015873015872,0.876557335367404,4.356112718582153
BitcoinTransactions,8,14,12,0.9,0.5,5,0.06992696399306665,0.0,0.8849478769387236,4.491767168045044
BitcoinTransactions,8,14,12,0.95,0.5,1,0.07017410372318143,0.01282051282051282,0.821256038647343,4.360782861709595
BitcoinTransactions,8,14,12,0.95,0.5,2,0.07180404492774796,0.0,0.8717264174930078,4.378657102584839
BitcoinTransactions,8,14,12,0.95,0.5,3,0.0637496852991911,0.01098901098901099,0.8624459699974574,4.441059350967407
BitcoinTransactions,8,14,12,0.95,0.5,4,0.06563483645264992,0.0,0.8807526061530638,4.702005386352539
BitcoinTransactions,8,14,12,0.95,0.5,5,0.07539649989800785,0.0,0.8812611238240529,4.696336984634399
BitcoinTransactions,8,14,13,1,0.5,1,0.0629614364539717,0.0,0.8703279938977879,4.756453275680542
BitcoinTransactions,8,14,13,1,0.5,2,0.07236935134336395,0.0,0.8220188151538266,4.6414794921875
BitcoinTransactions,8,14,13,1,0.5,3,0.06556379316407021,0.0,0.9106280193236715,4.720597505569458
BitcoinTransactions,8,14,13,1,0.5,4,0.07758850345115964,0.0,0.8133740147470124,4.584784269332886
BitcoinTransactions,8,14,13,1,0.5,5,0.06731528279471403,0.0,0.8813882532418001,4.782762050628662
BitcoinTransactions,9,265,0,0,,1,0.07049618255358381,0.0020491803278688526,0.963887065003283,
BitcoinTransactions,9,265,0,0,,2,0.0685691097985579,0.0025,0.9912015758371635,
BitcoinTransactions,9,265,0,0,,3,0.0624332284094598,0.0006693440428380187,0.9548260013131976,
BitcoinTransactions,9,265,0,0,,4,0.06619326694618977,0.0032520325203252032,0.9346027577150361,
BitcoinTransactions,9,265,0,0,,5,0.07091616434555377,0.0012004801920768306,0.9510177281680893,
BitcoinTransactions,9,265,3,0.01,0.5,1,0.06339992823672125,0.0017857142857142857,0.9792514773473407,4.655438661575317
BitcoinTransactions,9,265,3,0.01,0.5,2,0.0726946972552107,0.0013831258644536654,0.9487852921864741,4.587491989135742
BitcoinTransactions,9,265,3,0.01,0.5,3,0.057732434869779164,0.0018315018315018315,0.9686145764937623,4.583389759063721
BitcoinTransactions,9,265,3,0.01,0.5,4,0.0745910392830905,0.0014367816091954023,0.9561391989494419,4.407579183578491
BitcoinTransactions,9,265,3,0.01,0.5,5,0.06491188801882497,0.0006747638326585695,0.9389363099146422,4.493958473205566
BitcoinTransactions,9,265,14,0.05,0.5,1,0.06528994028225779,0.001443001443001443,0.9797767564018385,4.443108797073364
BitcoinTransactions,9,265,14,0.05,0.5,2,0.07528854059780532,0.0021929824561403508,0.9561391989494419,4.393696546554565
BitcoinTransactions,9,265,14,0.05,0.5,3,0.07214630845095948,0.0020833333333333333,0.9489166119500985,4.471834659576416
BitcoinTransactions,9,265,14,0.05,0.5,4,0.07688471758392083,0.0020920502092050207,0.9557452396585686,4.449242115020752
BitcoinTransactions,9,265,14,0.05,0.5,5,0.06706114073807974,0.0014367816091954023,0.9762311227839789,4.446024179458618
BitcoinTransactions,9,265,28,0.1,0.5,1,0.06895566163119304,0.0027272727272727275,0.9879185817465529,4.372610092163086
BitcoinTransactions,9,265,28,0.1,0.5,2,0.06428341073206902,0.002136752136752137,0.99198949441891,4.622983455657959
BitcoinTransactions,9,265,28,0.1,0.5,3,0.07948887347899979,0.0016877637130801688,0.9562705187130663,4.6467180252075195
BitcoinTransactions,9,265,28,0.1,0.5,4,0.06353847618864186,0.002232142857142857,0.9956664478003939,4.653472900390625
BitcoinTransactions,9,265,28,0.1,0.5,5,0.06238604132919881,0.001763668430335097,0.9422193040052528,4.661940097808838
BitcoinTransactions,9,265,42,0.15,0.5,1,0.0851332249618626,0.0011312217194570137,0.9388049901510177,4.565846681594849
BitcoinTransactions,9,265,42,0.15,0.5,2,0.07289011015615605,0.0013831258644536654,0.9527248850952068,4.677340269088745
BitcoinTransactions,9,265,42,0.15,0.5,3,0.06263188242469007,0.001366120218579235,0.9658568614576494,4.753098487854004
BitcoinTransactions,9,265,42,0.15,0.5,4,0.07463028527703375,0.0028011204481792717,0.9980302035456337,4.6612701416015625
BitcoinTransactions,9,265,42,0.15,0.5,5,0.07548872504145022,0.0026431718061674008,0.9627051871306632,4.7115867137908936
BitcoinTransactions,9,265,55,0.2,0.5,1,0.06663916666482343,0.002066115702479339,0.9556139198949442,4.715459108352661
BitcoinTransactions,9,265,55,0.2,0.5,2,0.0766885309793434,0.0017699115044247787,0.9751805646749836,4.644447565078735
BitcoinTransactions,9,265,55,0.2,0.5,3,0.06715914654276953,0.001388888888888889,0.9670387393302692,4.512908935546875
BitcoinTransactions,9,265,55,0.2,0.5,4,0.07445810563661634,0.0017094017094017094,0.9600787918581747,4.457320213317871
BitcoinTransactions,9,265,55,0.2,0.5,5,0.06943096277150897,0.0017857142857142857,0.9674326986211425,4.450259685516357
BitcoinTransactions,9,265,69,0.25,0.5,1,0.06605093091122502,0.0017699115044247787,0.9875246224556796,4.441049098968506
BitcoinTransactions,9,265,69,0.25,0.5,2,0.05996285375325665,0.0011806375442739079,0.9641497045305318,4.482661485671997
BitcoinTransactions,9,265,69,0.25,0.5,3,0.06608489181945457,0.001763668430335097,0.9696651346027577,4.4972569942474365
BitcoinTransactions,9,265,69,0.25,0.5,4,0.0738428615438656,0.002553191489361702,0.9943532501641497,4.472057819366455
BitcoinTransactions,9,265,69,0.25,0.5,5,0.06679760341709534,0.0020920502092050207,0.9713722915298753,4.531795024871826
BitcoinTransactions,9,265,83,0.3,0.5,1,0.07465249177854753,0.0021536252692031586,0.9872619829284307,4.508696556091309
BitcoinTransactions,9,265,83,0.3,0.5,2,0.06723656069222686,0.0018393623543838135,0.9758371634931057,4.660676956176758
BitcoinTransactions,9,265,83,0.3,0.5,3,0.06884931020469635,0.0031512605042016808,0.991332895600788,4.673172473907471
BitcoinTransactions,9,265,83,0.3,0.5,4,0.07223694369039989,0.0025210084033613447,0.9996060407091267,4.667865753173828
BitcoinTransactions,9,265,83,0.3,0.5,5,0.06364920109655497,0.001366120218579235,0.9637557452396586,4.69398045539856
BitcoinTransactions,9,265,97,0.35,0.5,1,0.06756017902408523,0.0036429872495446266,0.9868680236375574,4.562201261520386
BitcoinTransactions,9,265,97,0.35,0.5,2,0.07516306775262538,0.0006858710562414266,0.9502298095863427,4.767964839935303
BitcoinTransactions,9,265,97,0.35,0.5,3,0.06514020339235009,0.00211864406779661,0.9799080761654629,4.696330308914185
BitcoinTransactions,9,265,97,0.35,0.5,4,0.07050951388324335,0.0038819875776397515,0.9905449770190413,4.556469678878784
BitcoinTransactions,9,265,97,0.35,0.5,5,0.06492339404188419,0.0016597510373443983,0.9846355876559422,4.4390952587127686
BitcoinTransactions,9,265,111,0.4,0.5,1,0.07090822485691399,0.0012158054711246201,0.9661195009848982,4.4004106521606445
BitcoinTransactions,9,265,111,0.4,0.5,2,0.06821218342968335,0.0016519823788546256,0.9770190413657256,4.388599872589111
BitcoinTransactions,9,265,111,0.4,0.5,3,0.06700441169167748,0.002421307506053269,0.9791201575837164,4.402381658554077
BitcoinTransactions,9,265,111,0.4,0.5,4,0.06486267638408406,0.0020833333333333333,0.9565331582403152,4.648224115371704
BitcoinTransactions,9,265,111,0.4,0.5,5,0.06960972484305464,0.003486750348675035,0.9998686802363755,4.534495115280151
BitcoinTransactions,9,265,125,0.45,0.5,1,0.06788494389912265,0.00102880658436214,0.9499671700590939,4.478911876678467
BitcoinTransactions,9,265,125,0.45,0.5,2,0.07311858905620632,0.0020215633423180594,0.9806959947472095,4.353990077972412
BitcoinTransactions,9,265,125,0.45,0.5,3,0.0782007548577427,0.0018083182640144665,0.9556139198949442,4.526809930801392
BitcoinTransactions,9,265,125,0.45,0.5,4,0.0751647201014313,0.0020865936358894104,0.9554826001313198,4.349623680114746
BitcoinTransactions,9,265,125,0.45,0.5,5,0.05991972962492146,0.002976190476190476,0.9846355876559422,4.3076581954956055
BitcoinTransactions,9,265,138,0.5,0.5,1,0.0709771910735398,0.002824858757062147,0.991070256073539,4.486866474151611
BitcoinTransactions,9,265,138,0.5,0.5,2,0.0672215452613606,0.0014184397163120568,0.9600787918581747,4.542099237442017
BitcoinTransactions,9,265,138,0.5,0.5,3,0.05929131118174434,0.003472222222222222,0.9964543663821405,4.715125322341919
BitcoinTransactions,9,265,138,0.5,0.5,4,0.06135988181235583,0.0014619883040935672,0.9692711753118844,4.668809652328491
BitcoinTransactions,9,265,138,0.5,0.5,5,0.07396636936929928,0.0022522522522522522,0.9848982271831911,4.469078302383423
BitcoinTransactions,9,265,152,0.55,0.5,1,0.07343944122620244,0.002717391304347826,0.9738673670387393,4.554655313491821
BitcoinTransactions,9,265,152,0.55,0.5,2,0.0677808833763378,0.0028011204481792717,0.9906762967826658,4.698071241378784
BitcoinTransactions,9,265,152,0.55,0.5,3,0.07496997055099183,0.0016877637130801688,0.9676953381483914,4.676378965377808
BitcoinTransactions,9,265,152,0.55,0.5,4,0.06829966620130316,0.002976190476190476,0.9884438608010505,4.6217968463897705
BitcoinTransactions,9,265,152,0.55,0.5,5,0.0752633586811915,0.002136752136752137,0.9797767564018385,4.729170322418213
BitcoinTransactions,9,265,166,0.6,0.5,1,0.08134407681249436,0.0021551724137931034,0.9921208141825345,4.766464471817017
BitcoinTransactions,9,265,166,0.6,0.5,2,0.07306315533036195,0.000744047619047619,0.9653315824031516,4.752727031707764
BitcoinTransactions,9,265,166,0.6,0.5,3,0.07243569615105513,0.003316749585406302,0.9862114248194354,4.640883922576904
BitcoinTransactions,9,265,166,0.6,0.5,4,0.06655386607338899,0.0031779661016949155,0.9997373604727512,4.785194158554077
BitcoinTransactions,9,265,166,0.6,0.5,5,0.07416198338691314,0.003243243243243243,0.9933026920551543,4.539578437805176
BitcoinTransactions,9,265,180,0.65,0.5,1,0.057472069344253765,0.001735106998264893,0.9776756401838477,4.7462687492370605
BitcoinTransactions,9,265,180,0.65,0.5,2,0.07444588190155935,0.002531645569620253,0.9880499015101772,4.60884690284729
BitcoinTransactions,9,265,180,0.65,0.5,3,0.07271485710210304,0.003937007874015748,0.9523309258043335,4.34475564956665
BitcoinTransactions,9,265,180,0.65,0.5,4,0.07127279724050765,0.001388888888888889,0.9504924491135915,4.479477405548096
BitcoinTransactions,9,265,180,0.65,0.5,5,0.06851517879547228,0.0017094017094017094,0.9306631648063034,4.394932985305786
BitcoinTransactions,9,265,194,0.7,0.5,1,0.07735653932483597,0.002574002574002574,0.9478660538411031,4.435383319854736
BitcoinTransactions,9,265,194,0.7,0.5,2,0.0670770498785305,0.0020833333333333333,0.9838476690741956,4.481097459793091
BitcoinTransactions,9,265,194,0.7,0.5,3,0.06685372784652055,0.001800720288115246,0.9687458962573867,4.472639083862305
BitcoinTransactions,9,265,194,0.7,0.5,4,0.07474008048877363,0.0017709563164108619,0.9826657912015758,4.4821937084198
BitcoinTransactions,9,265,194,0.7,0.5,5,0.08023529277979942,0.002542372881355932,0.9562705187130663,4.454180002212524
BitcoinTransactions,9,265,208,0.75,0.5,1,0.05944376449837747,0.0020408163265306124,0.9510177281680893,4.514829874038696
BitcoinTransactions,9,265,208,0.75,0.5,2,0.06058346718244272,0.0016326530612244899,0.9964543663821405,4.643713712692261
BitcoinTransactions,9,265,208,0.75,0.5,3,0.07284075049520167,0.0014124293785310734,0.9845042678923178,4.669535160064697
BitcoinTransactions,9,265,208,0.75,0.5,4,0.07330304953210497,0.002145922746781116,0.9679579776756402,4.637838840484619
BitcoinTransactions,9,265,208,0.75,0.5,5,0.06833421556666075,0.0024896265560165973,0.9959290873276428,4.711580514907837
BitcoinTransactions,9,265,222,0.8,0.5,1,0.07049689377270112,0.0028735632183908046,0.9977675640183847,4.581610441207886
BitcoinTransactions,9,265,222,0.8,0.5,2,0.05777317455869327,0.0014124293785310734,0.9877872619829284,4.678775072097778
BitcoinTransactions,9,265,222,0.8,0.5,3,0.07579650481726172,0.002609262883235486,0.9590282337491792,4.609593868255615
BitcoinTransactions,9,265,222,0.8,0.5,4,0.06790491577933447,0.0028011204481792717,0.9869993434011819,4.6470582485198975
BitcoinTransactions,9,265,222,0.8,0.5,5,0.07484823779129815,0.0012531328320802004,0.9510177281680893,4.639946937561035
BitcoinTransactions,9,265,235,0.85,0.5,1,0.07360245277373005,0.0018674136321195146,0.9747866053841103,4.64243221282959
BitcoinTransactions,9,265,235,0.85,0.5,2,0.06874446165539982,0.0016163793103448276,0.9768877216021011,4.583911180496216
BitcoinTransactions,9,265,235,0.85,0.5,3,0.06934537627951949,0.0031645569620253164,0.998161523309258,4.598177909851074
BitcoinTransactions,9,265,235,0.85,0.5,4,0.07215016379502245,0.002542372881355932,0.9845042678923178,4.4874348640441895
BitcoinTransactions,9,265,235,0.85,0.5,5,0.07218390668042309,0.0022727272727272726,0.9947472094550229,4.3981146812438965
BitcoinTransactions,9,265,249,0.9,0.5,1,0.0666111983042003,0.0015690376569037657,0.9686145764937623,4.487873315811157
BitcoinTransactions,9,265,249,0.9,0.5,2,0.07110450120873316,0.0023515579071134627,0.9855548260013132,4.489678621292114
BitcoinTransactions,9,265,249,0.9,0.5,3,0.06778918546330881,0.0020920502092050207,0.991332895600788,4.355205774307251
BitcoinTransactions,9,265,249,0.9,0.5,4,0.07567203011313642,0.0028368794326241137,0.9927774130006566,4.469263792037964
BitcoinTransactions,9,265,249,0.9,0.5,5,0.05322331098076518,0.0006510416666666666,0.9810899540380827,4.542027235031128
BitcoinTransactions,9,265,263,0.95,0.5,1,0.05913007497681632,0.0021008403361344537,0.9851608667104399,4.474236488342285
BitcoinTransactions,9,265,263,0.95,0.5,2,0.07815542501098574,0.003205128205128205,0.9872619829284307,4.459969997406006
BitcoinTransactions,9,265,263,0.95,0.5,3,0.06672117355663607,0.002390914524805738,0.9636244254760341,4.6258018016815186
BitcoinTransactions,9,265,263,0.95,0.5,4,0.07286995021217162,0.0038461538461538464,0.9678266579120157,4.450285911560059
BitcoinTransactions,9,265,263,0.95,0.5,5,0.07992015638041589,0.002050580997949419,0.962967826657912,4.59390664100647
BitcoinTransactions,9,265,277,1,0.5,1,0.06311591419732464,0.0016597510373443983,0.990413657255417,4.73494815826416
BitcoinTransactions,9,265,277,1,0.5,2,0.07099224491801748,0.005434782608695652,0.992908732764281,4.417547702789307
BitcoinTransactions,9,265,277,1,0.5,3,0.05826496588559818,0.0016666666666666668,0.9733420879842416,4.904822111129761
BitcoinTransactions,9,265,277,1,0.5,4,0.06829858995240355,0.0033692722371967657,0.9923834537097833,4.5355308055877686
BitcoinTransactions,9,265,277,1,0.5,5,0.07181354433323017,0.004081632653061225,0.9864740643466842,4.517505168914795
BitcoinTransactions,10,46,0,0,,1,0.07281107004922834,0.0,0.8812866990043401,
BitcoinTransactions,10,46,0,0,,2,0.07266233277324106,0.0,0.8188664794485576,
BitcoinTransactions,10,46,0,0,,3,0.07425439107959941,0.0,0.875414858309931,
BitcoinTransactions,10,46,0,0,,4,0.06830787738781441,0.0,0.8433750319121777,
BitcoinTransactions,10,46,0,0,,5,0.0629884611234683,0.0,0.8715853969874904,
BitcoinTransactions,10,46,1,0.01,0.5,1,0.06163442188132239,0.0,0.8858820525912688,4.71076774597168
BitcoinTransactions,10,46,1,0.01,0.5,2,0.07654096004448094,0.0,0.8660965024253255,4.661730766296387
BitcoinTransactions,10,46,1,0.01,0.5,3,0.07323934416947776,0.0,0.8801378606076079,4.456593990325928
BitcoinTransactions,10,46,1,0.01,0.5,4,0.08120350379720782,0.003861003861003861,0.8359714066887924,4.484785079956055
BitcoinTransactions,10,46,1,0.01,0.5,5,0.06482925113330708,0.0,0.8427367883584376,4.668783903121948
BitcoinTransactions,10,46,3,0.05,0.5,1,0.07868324684652286,0.002631578947368421,0.8902221087567016,4.3752992153167725
BitcoinTransactions,10,46,3,0.05,0.5,2,0.07462571253751142,0.0,0.8838396732193005,4.48681378364563
BitcoinTransactions,10,46,3,0.05,0.5,3,0.07084080060370637,0.00625,0.8636711769211131,4.116498708724976
BitcoinTransactions,10,46,3,0.05,0.5,4,0.07706133782319524,0.0,0.8090375287209599,4.450955629348755
BitcoinTransactions,10,46,3,0.05,0.5,5,0.06677962798683958,0.0044444444444444444,0.9262190451876436,4.470656633377075
BitcoinTransactions,10,46,5,0.1,0.5,1,0.060460496498271434,0.0,0.8687771253510339,4.4550864696502686
BitcoinTransactions,10,46,5,0.1,0.5,2,0.05839760310917722,0.0,0.9152412560633137,4.5079076290130615
BitcoinTransactions,10,46,5,0.1,0.5,3,0.07169565341387432,0.0,0.8798825631861118,4.550551652908325
BitcoinTransactions,10,46,5,0.1,0.5,4,0.07337695335711603,0.0,0.8366096502425325,4.637761116027832
BitcoinTransactions,10,46,5,0.1,0.5,5,0.07557908654436932,0.0,0.7533826908348226,4.528550148010254
BitcoinTransactions,10,46,8,0.15,0.5,1,0.06840127594955597,0.0,0.8821802399795762,4.730113744735718
BitcoinTransactions,10,46,8,0.15,0.5,2,0.07813608502586948,0.0,0.8672453408220577,4.7416651248931885
BitcoinTransactions,10,46,8,0.15,0.5,3,0.06930999697917199,0.0,0.8830737809548124,4.682589054107666
BitcoinTransactions,10,46,8,0.15,0.5,4,0.07958408631461363,0.0,0.862905284656625,4.6766180992126465
BitcoinTransactions,10,46,8,0.15,0.5,5,0.0741281409049687,0.003472222222222222,0.8741383712024509,4.519441604614258
BitcoinTransactions,10,46,11,0.2,0.5,1,0.07124006207798379,0.0,0.8736277763594588,4.740756034851074
BitcoinTransactions,10,46,11,0.2,0.5,2,0.06855650779621332,0.0,0.8800102118968598,4.705723762512207
BitcoinTransactions,10,46,11,0.2,0.5,3,0.06343961782188061,0.003703703703703704,0.9071993872861884,4.721794605255127
BitcoinTransactions,10,46,11,0.2,0.5,4,0.07662382551370549,0.0,0.8373755425070207,4.618588209152222
BitcoinTransactions,10,46,11,0.2,0.5,5,0.06521374391350702,0.0044444444444444444,0.9493234618330355,4.536120176315308
BitcoinTransactions,10,46,14,0.25,0.5,1,0.0822860485333901,0.00975609756097561,0.6933877967832525,4.258175849914551
BitcoinTransactions,10,46,14,0.25,0.5,2,0.06851279106694427,0.0,0.8680112330865458,4.467241287231445
BitcoinTransactions,10,46,14,0.25,0.5,3,0.07152331567606542,0.0,0.8773295889711514,4.4879374504089355
BitcoinTransactions,10,46,14,0.25,0.5,4,0.06492326131036247,0.0,0.8714577482767424,4.474536895751953
BitcoinTransactions,10,46,14,0.25,0.5,5,0.0728070676125535,0.0,0.8788613735001276,4.483928203582764
BitcoinTransactions,10,46,16,0.3,0.5,1,0.06300188991113292,0.0,0.887030890988001,4.488666296005249
BitcoinTransactions,10,46,16,0.3,0.5,2,0.07799622834731519,0.0043859649122807015,0.8900944600459535,4.432587385177612
BitcoinTransactions,10,46,16,0.3,0.5,3,0.06053859123068932,0.0,0.8766913454174113,4.738101005554199
BitcoinTransactions,10,46,16,0.3,0.5,4,0.0738344078899854,0.004901960784313725,0.8934133265254021,4.610875129699707
BitcoinTransactions,10,46,16,0.3,0.5,5,0.06501521478587262,0.0,0.749936175644626,4.600093126296997
BitcoinTransactions,10,46,19,0.35,0.5,1,0.06848848725348676,0.0,0.8805208067398519,4.710450887680054
BitcoinTransactions,10,46,19,0.35,0.5,2,0.06699894826961551,0.0,0.8727342353842226,4.483103513717651
BitcoinTransactions,10,46,19,0.35,0.5,3,0.059011285837620386,0.0,0.9023487362777636,4.830963373184204
BitcoinTransactions,10,46,19,0.35,0.5,4,0.08037229916226674,0.0,0.8505233597140669,4.754689455032349
BitcoinTransactions,10,46,19,0.35,0.5,5,0.06377713985075573,0.0,0.8843502680622926,4.727006673812866
BitcoinTransactions,10,46,22,0.4,0.5,1,0.07939735671845309,0.004545454545454545,0.8662241511360735,4.722164869308472
BitcoinTransactions,10,46,22,0.4,0.5,2,0.06757817401160192,0.0031746031746031746,0.899029869798315,4.705898284912109
BitcoinTransactions,10,46,22,0.4,0.5,3,0.0693929209859436,0.0,0.8994128159305591,4.659073829650879
BitcoinTransactions,10,46,22,0.4,0.5,4,0.07407146250953689,0.0,0.8798825631861118,4.612400531768799
BitcoinTransactions,10,46,22,0.4,0.5,5,0.06027219848223683,0.0,0.8763083992851672,4.461708307266235
BitcoinTransactions,10,46,24,0.45,0.5,1,0.06998070728826507,0.0,0.8763083992851672,4.410601615905762
BitcoinTransactions,10,46,24,0.45,0.5,2,0.06799941840201498,0.0,0.8930303803931581,4.432086944580078
BitcoinTransactions,10,46,24,0.45,0.5,3,0.07400870017705466,0.00816326530612245,0.9536635179984683,4.278155326843262
BitcoinTransactions,10,46,24,0.45,0.5,4,0.07317490427851045,0.0,0.8819249425580802,4.584593296051025
BitcoinTransactions,10,46,24,0.45,0.5,5,0.0679048968964814,0.0031746031746031746,0.9230278274189431,4.5104851722717285
BitcoinTransactions,10,46,27,0.5,0.5,1,0.06566078468443103,0.0,0.8780954812356395,4.474415302276611
BitcoinTransactions,10,46,27,0.5,0.5,2,0.06554996711250764,0.0,0.8885626755169773,4.4910194873809814
BitcoinTransactions,10,46,27,0.5,0.5,3,0.060383299759916124,0.0,0.8819249425580802,4.4806578159332275
BitcoinTransactions,10,46,27,0.5,0.5,4,0.06416300254604194,0.0,0.887158539698749,4.483321905136108
BitcoinTransactions,10,46,27,0.5,0.5,5,0.06092843574194709,0.0,0.8849885116160326,4.486988067626953
BitcoinTransactions,10,46,30,0.55,0.5,1,0.06766256450464209,0.012195121951219513,0.9892775082971662,4.363314151763916
BitcoinTransactions,10,46,30,0.55,0.5,2,0.06638607337451352,0.002777777777777778,0.9231554761296911,4.482227325439453
BitcoinTransactions,10,46,30,0.55,0.5,3,0.06588246695893388,0.0,0.8714577482767424,4.612658739089966
BitcoinTransactions,10,46,30,0.55,0.5,4,0.07411380111510761,0.0,0.8830737809548124,4.699328660964966
BitcoinTransactions,10,46,30,0.55,0.5,5,0.0734165305517783,0.0,0.862649987235129,4.667524099349976
BitcoinTransactions,10,46,32,0.6,0.5,1,0.07250251491750918,0.0044444444444444444,0.9114117947408731,4.676054000854492
BitcoinTransactions,10,46,32,0.6,0.5,2,0.07599423513087786,0.0,0.8803931580291039,4.606433391571045
BitcoinTransactions,10,46,32,0.6,0.5,3,0.07078082154989815,0.0044444444444444444,0.9200919070717386,4.600762605667114
BitcoinTransactions,10,46,32,0.6,0.5,4,0.07370250296529933,0.007936507936507936,0.9239213683941793,4.427216291427612
BitcoinTransactions,10,46,32,0.6,0.5,5,0.06979662723173355,0.0037593984962406013,0.8538422261935155,4.1727564334869385
BitcoinTransactions,10,46,35,0.65,0.5,1,0.06656047574133242,0.007575757575757576,0.9706407965279551,4.4292309284210205
BitcoinTransactions,10,46,35,0.65,0.5,2,0.07838073851653668,0.006006006006006006,0.8686494766402859,4.2654709815979
BitcoinTransactions,10,46,35,0.65,0.5,3,0.06532572436268501,0.003703703703703704,0.9248149093694153,4.482131242752075
BitcoinTransactions,10,46,35,0.65,0.5,4,0.07363603679845787,0.008620689655172414,0.9060505488894562,4.287558555603027
BitcoinTransactions,10,46,35,0.65,0.5,5,0.07608545032229543,0.0024691358024691358,0.8543528210365076,4.4571473598480225
BitcoinTransactions,10,46,38,0.7,0.5,1,0.0839611279411068,0.006493506493506494,0.8793719683431197,4.5504889488220215
BitcoinTransactions,10,46,38,0.7,0.5,2,0.0650330020416464,0.0,0.9060505488894562,4.7133307456970215
BitcoinTransactions,10,46,38,0.7,0.5,3,0.07186297442989971,0.0,0.880903752872096,4.6939191818237305
BitcoinTransactions,10,46,38,0.7,0.5,4,0.06496087345829593,0.006493506493506494,0.9474087311718151,4.701789855957031
BitcoinTransactions,10,46,38,0.7,0.5,5,0.06168668084786922,0.003289473684210526,0.9036252233852438,4.4620678424835205
BitcoinTransactions,10,46,40,0.75,0.5,1,0.06619581796656003,0.0,0.8090375287209599,4.734021425247192
BitcoinTransactions,10,46,40,0.75,0.5,2,0.07001043788625039,0.0,0.8497574674495788,4.732354640960693
BitcoinTransactions,10,46,40,0.75,0.5,3,0.06565309859947639,0.0,0.9010722491702834,4.803438425064087
BitcoinTransactions,10,46,40,0.75,0.5,4,0.06897642606658479,0.004761904761904762,0.922644881286699,4.826905965805054
BitcoinTransactions,10,46,40,0.75,0.5,5,0.06721445797231511,0.0,0.8593311207556804,4.7717649936676025
BitcoinTransactions,10,46,43,0.8,0.5,1,0.07262388088554855,0.0024691358024691358,0.9064334950217002,4.762542009353638
BitcoinTransactions,10,46,43,0.8,0.5,2,0.07948164439616097,0.005555555555555556,0.8985192749553229,4.817140340805054
BitcoinTransactions,10,46,43,0.8,0.5,3,0.07800927790403964,0.006944444444444444,0.8815419964258361,4.365951776504517
BitcoinTransactions,10,46,43,0.8,0.5,4,0.05211664640229295,0.0044444444444444444,0.9799591524125606,4.839254140853882
BitcoinTransactions,10,46,43,0.8,0.5,5,0.07090416003321853,0.003703703703703704,0.9151136073525657,4.723390817642212
BitcoinTransactions,10,46,46,0.85,0.5,1,0.07262396206693769,0.0,0.8760531018636711,4.734772205352783
BitcoinTransactions,10,46,46,0.85,0.5,2,0.07357761713902597,0.0,0.8786060760786316,4.693988800048828
BitcoinTransactions,10,46,46,0.85,0.5,3,0.06903984805504512,0.005681818181818182,0.9691090119989788,4.642131328582764
BitcoinTransactions,10,46,46,0.85,0.5,4,0.06973371984908625,0.003703703703703704,0.8502680622925708,4.661544322967529
BitcoinTransactions,10,46,46,0.85,0.5,5,0.06643736720628549,0.0,0.8860097013020168,4.526099443435669
BitcoinTransactions,10,46,49,0.9,0.5,1,0.07188796895823957,0.004464285714285714,0.9175389328567781,4.328814268112183
BitcoinTransactions,10,46,49,0.9,0.5,2,0.06660810084315746,0.0,0.8770742915496553,4.467566728591919
BitcoinTransactions,10,46,49,0.9,0.5,3,0.06736737818635002,0.003703703703703704,0.8612458514169007,4.393240451812744
BitcoinTransactions,10,46,49,0.9,0.5,4,0.06107482413634573,0.01098901098901099,0.9608118458003574,4.461722135543823
BitcoinTransactions,10,46,49,0.9,0.5,5,0.06758280871719666,0.007575757575757576,0.9269849374521317,4.464945554733276
BitcoinTransactions,10,46,51,0.95,0.5,1,0.0743059402550072,0.006644518272425249,0.935026806229257,4.473528861999512
BitcoinTransactions,10,46,51,0.95,0.5,2,0.06531956745296144,0.0,0.8729895328057187,4.479616641998291
BitcoinTransactions,10,46,51,0.95,0.5,3,0.06768248020582728,0.0044444444444444444,0.9152412560633137,4.491220712661743
BitcoinTransactions,10,46,51,0.95,0.5,4,0.07157534871625439,0.0,0.881159050293592,4.640779733657837
BitcoinTransactions,10,46,51,0.95,0.5,5,0.06996624724020561,0.013937282229965157,0.9848098034209855,4.758386850357056
BitcoinTransactions,10,46,54,1,0.5,1,0.058193718858200086,0.0,0.898646923666071,4.5851593017578125
BitcoinTransactions,10,46,54,1,0.5,2,0.05965087795032784,0.0,0.9086035231044166,4.730465412139893
BitcoinTransactions,10,46,54,1,0.5,3,0.0870342144824239,0.0044444444444444444,0.9486852182792954,4.6918511390686035
BitcoinTransactions,10,46,54,1,0.5,4,0.07251774023985277,0.0,0.8777125351033954,4.65708327293396
BitcoinTransactions,10,46,54,1,0.5,5,0.06668752692207744,0.009966777408637873,0.9643860097013021,4.6979498863220215
BitcoinTransactions,11,209,0,0,,1,0.0698726748708293,0.0012345679012345679,0.9324729500716986,
BitcoinTransactions,11,209,0,0,,2,0.07402326646125633,0.0010351966873706005,0.9147438404380133,
BitcoinTransactions,11,209,0,0,,3,0.0702920991533847,0.0018552875695732839,0.9204797288489115,
BitcoinTransactions,11,209,0,0,,4,0.05307287589686858,0.0008726003490401396,0.9459001433972103,
BitcoinTransactions,11,209,0,0,,5,0.06219425006059586,0.004132231404958678,0.9930908616868727,
BitcoinTransactions,11,209,3,0.01,0.5,1,0.07354257414310583,0.00125,0.9071828966236475,4.636753797531128
BitcoinTransactions,11,209,3,0.01,0.5,2,0.07334321278128418,0.0022675736961451248,0.8366575413896493,4.568995237350464
BitcoinTransactions,11,209,3,0.01,0.5,3,0.06267245123465488,0.0011976047904191617,0.9395124494850736,4.673888683319092
BitcoinTransactions,11,209,3,0.01,0.5,4,0.09154539513373594,0.0026619343389529724,0.908616868726372,4.470427989959717
BitcoinTransactions,11,209,3,0.01,0.5,5,0.06654689566818867,0.0010548523206751054,0.9267370616608004,4.71295166015625
BitcoinTransactions,11,209,16,0.05,0.5,1,0.07743066069210941,0.0026845637583892616,0.9843566679702777,4.687610149383545
BitcoinTransactions,11,209,16,0.05,0.5,2,0.07151218432182255,0.0008928571428571428,0.911093729631078,4.70362114906311
BitcoinTransactions,11,209,16,0.05,0.5,3,0.06157506802154845,0.002688172043010753,0.9724938078477382,4.712597370147705
BitcoinTransactions,11,209,16,0.05,0.5,4,0.06690296628594332,0.0012578616352201257,0.8762873158649459,4.609967470169067
BitcoinTransactions,11,209,16,0.05,0.5,5,0.0657652312705579,0.0007911392405063291,0.9224351453526268,4.630494117736816
BitcoinTransactions,11,209,32,0.1,0.5,1,0.07325407968198905,0.0010416666666666667,0.9126580628340503,4.576710224151611
BitcoinTransactions,11,209,32,0.1,0.5,2,0.06547574198543964,0.00125,0.9482466432016686,4.534968376159668
BitcoinTransactions,11,209,32,0.1,0.5,3,0.06382328148707725,0.0010416666666666667,0.941858949289532,4.474790811538696
BitcoinTransactions,11,209,32,0.1,0.5,4,0.07092069587756038,0.0009746588693957114,0.895320036501108,4.214497804641724
BitcoinTransactions,11,209,32,0.1,0.5,5,0.07061965406174511,0.001075268817204301,0.9153956459392517,4.473588466644287
BitcoinTransactions,11,209,48,0.15,0.5,1,0.07064949093678223,0.004,0.9575022813192543,4.467609643936157
BitcoinTransactions,11,209,48,0.15,0.5,2,0.08065344904411796,0.0016778523489932886,0.8919306478946682,4.435785531997681
BitcoinTransactions,11,209,48,0.15,0.5,3,0.07039567416330604,0.0020833333333333333,0.957632642419502,4.512393236160278
BitcoinTransactions,11,209,48,0.15,0.5,4,0.06716603408630471,0.004878048780487805,0.9438143657932473,4.27169394493103
BitcoinTransactions,11,209,48,0.15,0.5,5,0.07281787555313216,0.0022675736961451248,0.959718420023465,4.394901514053345
BitcoinTransactions,11,209,64,0.2,0.5,1,0.07343584968944848,0.0008928571428571428,0.9066614522226567,4.6793036460876465
BitcoinTransactions,11,209,64,0.2,0.5,2,0.058853089637276146,0.0021645021645021645,0.986703167774736,4.713876485824585
BitcoinTransactions,11,209,64,0.2,0.5,3,0.06552496364725405,0.0024691358024691358,0.8955807587016035,4.657473564147949
BitcoinTransactions,11,209,64,0.2,0.5,4,0.05900669216848136,0.0012658227848101266,0.9692347803415461,4.732560157775879
BitcoinTransactions,11,209,64,0.2,0.5,5,0.07069337983248007,0.0050568900126422255,0.9444661712944857,4.5287439823150635
BitcoinTransactions,11,209,80,0.25,0.5,1,0.0685371539074814,0.0013333333333333333,0.9191761178464346,4.672547817230225
BitcoinTransactions,11,209,80,0.25,0.5,2,0.06555450172887899,0.0015822784810126582,0.9409464215877982,4.6548991203308105
BitcoinTransactions,11,209,80,0.25,0.5,3,0.065847597336242,0.0015337423312883436,0.941858949289532,4.705426454544067
BitcoinTransactions,11,209,80,0.25,0.5,4,0.06985542010963108,0.0023148148148148147,0.9259548950593143,4.783114194869995
BitcoinTransactions,11,209,80,0.25,0.5,5,0.06972118215559131,0.003205128205128205,0.9865728066744883,4.744682550430298
BitcoinTransactions,11,209,96,0.3,0.5,1,0.06880353838970463,0.0009157509157509158,0.910702646330335,4.6154632568359375
BitcoinTransactions,11,209,96,0.3,0.5,2,0.06166030264259436,0.0013245033112582781,0.9359926997783862,4.591115474700928
BitcoinTransactions,11,209,96,0.3,0.5,3,0.07278166118323265,0.004111842105263158,0.9809672793638379,4.550481557846069
BitcoinTransactions,11,209,96,0.3,0.5,4,0.07039161891275038,0.00303951367781155,0.9271281449615435,4.468647241592407
BitcoinTransactions,11,209,96,0.3,0.5,5,0.06345881180541782,0.001892147587511826,0.9310389779689741,4.475568771362305
BitcoinTransactions,11,209,112,0.35,0.5,1,0.06715529544984898,0.0024691358024691358,0.9417285881892843,4.463974475860596
BitcoinTransactions,11,209,112,0.35,0.5,2,0.06773085599907425,0.006265664160401002,0.9778386129578933,4.436833143234253
BitcoinTransactions,11,209,112,0.35,0.5,3,0.05656305169621083,0.0017241379310344827,0.9920479728848911,4.388534784317017
BitcoinTransactions,11,209,112,0.35,0.5,4,0.06600239829752357,0.0022371364653243847,0.9877460565767175,4.458084583282471
BitcoinTransactions,11,209,112,0.35,0.5,5,0.0721289848962303,0.0013245033112582781,0.9023595359144831,4.459805727005005
BitcoinTransactions,11,209,128,0.4,0.5,1,0.06833145437277123,0.00510204081632653,0.9907443618824143,4.429042816162109
BitcoinTransactions,11,209,128,0.4,0.5,2,0.062160657964004155,0.002857142857142857,0.9740581410507104,4.473588943481445
BitcoinTransactions,11,209,128,0.4,0.5,3,0.05874819134567361,0.002484472049689441,0.9455090600964672,4.593136787414551
BitcoinTransactions,11,209,128,0.4,0.5,4,0.07075172823188702,0.0024671052631578946,0.9400338938860644,4.596142292022705
BitcoinTransactions,11,209,128,0.4,0.5,5,0.05783377657597028,0.0016778523489932886,0.9861817233737453,4.700196743011475
BitcoinTransactions,11,209,144,0.45,0.5,1,0.06359020415492672,0.005357142857142857,0.988397862077956,4.667997598648071
BitcoinTransactions,11,209,144,0.45,0.5,2,0.06442626315739228,0.0017006802721088435,0.941467865988789,4.441546678543091
BitcoinTransactions,11,209,144,0.45,0.5,3,0.06342996853651202,0.005649717514124294,0.9950462781905879,4.7048962116241455
BitcoinTransactions,11,209,144,0.45,0.5,4,0.05520730860577007,0.0008771929824561404,0.9144831182375179,4.708242177963257
BitcoinTransactions,11,209,144,0.45,0.5,5,0.0692226204378821,0.002178649237472767,0.9151349237387564,4.424056053161621
BitcoinTransactions,11,209,160,0.5,0.5,1,0.06925003383866632,0.0017006802721088435,0.9512449485073654,4.414927959442139
BitcoinTransactions,11,209,160,0.5,0.5,2,0.06468891277703649,0.001984126984126984,0.8889323425889715,4.364731311798096
BitcoinTransactions,11,209,160,0.5,0.5,3,0.07430483966602683,0.0022222222222222222,0.9758831964541781,4.500499725341797
BitcoinTransactions,11,209,160,0.5,0.5,4,0.06940514655022946,0.0011037527593818985,0.9170903402424716,4.723888874053955
BitcoinTransactions,11,209,160,0.5,0.5,5,0.07182770436112318,0.0037735849056603774,0.9956980836918263,4.763882637023926
BitcoinTransactions,11,209,176,0.55,0.5,1,0.07703026436027256,0.0019305019305019305,0.9462912266979533,4.7140748500823975
BitcoinTransactions,11,209,176,0.55,0.5,2,0.06431030442637134,0.0009587727708533077,0.9160474514404902,4.689328908920288
BitcoinTransactions,11,209,176,0.55,0.5,3,0.06333230912283061,0.0016891891891891893,0.9498109764046408,4.645026922225952
BitcoinTransactions,11,209,176,0.55,0.5,4,0.05729774089363136,0.0013245033112582781,0.9747099465519489,4.637746810913086
BitcoinTransactions,11,209,176,0.55,0.5,5,0.0724116137079399,0.0035460992907801418,0.977186807456655,4.6777520179748535
BitcoinTransactions,11,209,192,0.6,0.5,1,0.062142689667135445,0.0010964912280701754,0.9701473080432799,4.558257579803467
BitcoinTransactions,11,209,192,0.6,0.5,2,0.06303656709239672,0.002777777777777778,0.957241559118759,4.488999366760254
BitcoinTransactions,11,209,192,0.6,0.5,3,0.06618389921638822,0.0058309037900874635,0.9483770043019163,4.464751720428467
BitcoinTransactions,11,209,192,0.6,0.5,4,0.0609052515472847,0.007233273056057866,0.9791422239603702,4.276272296905518
BitcoinTransactions,11,209,192,0.6,0.5,5,0.07575325464039548,0.0016233766233766235,0.8997523139095294,4.457816123962402
BitcoinTransactions,11,209,208,0.65,0.5,1,0.06878665079942307,0.003424657534246575,0.959718420023465,4.437741756439209
BitcoinTransactions,11,209,208,0.65,0.5,2,0.05898349449647416,0.00684931506849315,0.9417285881892843,4.50600004196167
BitcoinTransactions,11,209,208,0.65,0.5,3,0.0741441070945118,0.003105590062111801,0.9676704471385739,4.317694902420044
BitcoinTransactions,11,209,208,0.65,0.5,4,0.06539850136188068,0.0011337868480725624,0.9027506192152261,4.454932451248169
BitcoinTransactions,11,209,208,0.65,0.5,5,0.06962621805449278,0.00303951367781155,0.9827923347673054,4.479357004165649
BitcoinTransactions,11,209,224,0.7,0.5,1,0.07395981940609232,0.0025806451612903226,0.9337765610741755,4.4186296463012695
BitcoinTransactions,11,209,224,0.7,0.5,2,0.07123087921730936,0.0035971223021582736,0.9655846695346109,4.673722267150879
BitcoinTransactions,11,209,224,0.7,0.5,3,0.07067837143609502,0.0010893246187363835,0.9116151740320688,4.692610263824463
BitcoinTransactions,11,209,224,0.7,0.5,4,0.06244289248173111,0.00487012987012987,0.9582844479207404,4.581991910934448
BitcoinTransactions,11,209,224,0.7,0.5,5,0.057696125774673604,0.0017006802721088435,0.9805761960630948,4.737201690673828
BitcoinTransactions,11,209,240,0.75,0.5,1,0.06324526128059879,0.00516795865633075,0.9462912266979533,4.682940244674683
BitcoinTransactions,11,209,240,0.75,0.5,2,0.06299436915110089,0.0011037527593818985,0.9504627819058793,4.65043830871582
BitcoinTransactions,11,209,240,0.75,0.5,3,0.07072442070355409,0.005607476635514018,0.9885282231782037,4.505415678024292
BitcoinTransactions,11,209,240,0.75,0.5,4,0.07073224950223204,0.002758620689655172,0.9881371398774605,4.719686031341553
BitcoinTransactions,11,209,240,0.75,0.5,5,0.06851869880651817,0.00425531914893617,0.9611523921261895,4.751595497131348
BitcoinTransactions,11,209,256,0.8,0.5,1,0.0719113386712227,0.0035211267605633804,0.9778386129578933,4.712161540985107
BitcoinTransactions,11,209,256,0.8,0.5,2,0.07345094536267194,0.00411522633744856,0.9044453135184461,4.703824043273926
BitcoinTransactions,11,209,256,0.8,0.5,3,0.061081548349093545,0.0049382716049382715,0.9422500325902751,4.694387435913086
BitcoinTransactions,11,209,256,0.8,0.5,4,0.07077664349603646,0.0019704433497536944,0.9491591709034024,4.686017036437988
BitcoinTransactions,11,209,256,0.8,0.5,5,0.0638952625626054,0.0036231884057971015,0.9632381697301525,4.624451398849487
BitcoinTransactions,11,209,272,0.85,0.5,1,0.07343091799427685,0.013736263736263736,0.9916568895841481,4.29776406288147
BitcoinTransactions,11,209,272,0.85,0.5,2,0.06548415613280242,0.002506265664160401,0.9491591709034024,4.409265995025635
BitcoinTransactions,11,209,272,0.85,0.5,3,0.07426097459761799,0.0045045045045045045,0.9920479728848911,4.353087902069092
BitcoinTransactions,11,209,272,0.85,0.5,4,0.06773854823421233,0.0037593984962406013,0.9163081736409855,4.440612077713013
BitcoinTransactions,11,209,272,0.85,0.5,5,0.06050940133798848,0.004694835680751174,0.9996089166992569,4.478122234344482
BitcoinTransactions,11,209,288,0.9,0.5,1,0.06236433573315928,0.0011185682326621924,0.9528092817103376,4.460402250289917
BitcoinTransactions,11,209,288,0.9,0.5,2,0.0563616187522854,0.0017482517482517483,0.9778386129578933,4.493794202804565
BitcoinTransactions,11,209,288,0.9,0.5,3,0.061349782738606896,0.002758620689655172,0.9865728066744883,4.5210583209991455
BitcoinTransactions,11,209,288,0.9,0.5,4,0.06708652262136895,0.002737226277372263,0.9108330074305827,4.529232740402222
BitcoinTransactions,11,209,288,0.9,0.5,5,0.0666513882536249,0.004395604395604396,0.9711901968452614,4.671518325805664
BitcoinTransactions,11,209,304,0.95,0.5,1,0.06227683417002316,0.0016051364365971107,0.9474644766001825,4.4865617752075195
BitcoinTransactions,11,209,304,0.95,0.5,2,0.06786423274319688,0.0017985611510791368,0.9449876156954765,4.555913686752319
BitcoinTransactions,11,209,304,0.95,0.5,3,0.06732936297956833,0.006002400960384154,0.9956980836918263,4.689028024673462
BitcoinTransactions,11,209,304,0.95,0.5,4,0.07191785574936117,0.007936507936507936,0.9844870290705253,4.633533716201782
BitcoinTransactions,11,209,304,0.95,0.5,5,0.0641741246876972,0.0026246719160104987,0.9477251988006778,4.668612718582153
BitcoinTransactions,11,209,320,1,0.5,1,0.0676243669395865,0.002564102564102564,0.9503324208056316,4.599863767623901
BitcoinTransactions,11,209,320,1,0.5,2,0.05662089231211789,0.00641025641025641,0.9882675009777082,4.657961845397949
BitcoinTransactions,11,209,320,1,0.5,3,0.0659368925211881,0.004201680672268907,0.9714509190457568,4.52466893196106
BitcoinTransactions,11,209,320,1,0.5,4,0.07002780484676349,0.0008169934640522876,0.8938860643983835,4.711951732635498
BitcoinTransactions,11,209,320,1,0.5,5,0.05497022219848543,0.0014285714285714286,0.9834441402685439,4.838557243347168
BitcoinTransactions,12,206,0,0,,1,0.06564502696588251,0.0022598870056497176,0.9864477456346104,
BitcoinTransactions,12,206,0,0,,2,0.0732482024821654,0.005797101449275362,0.9874902267396404,
BitcoinTransactions,12,206,0,0,,3,0.08339385221308038,0.00390625,0.9631222309095647,
BitcoinTransactions,12,206,0,0,,4,0.06163920683507286,0.0022222222222222222,0.9837112327339067,
BitcoinTransactions,12,206,0,0,,5,0.06542651365317592,0.003766478342749529,0.9913995308835027,
BitcoinTransactions,12,206,2,0.01,0.5,1,0.06212209584406076,0.002421307506053269,0.9854052645295804,4.71006441116333
BitcoinTransactions,12,206,2,0.01,0.5,2,0.0769530597415676,0.002890173410404624,0.9769351055512119,4.655056715011597
BitcoinTransactions,12,206,2,0.01,0.5,3,0.07147794796958004,0.00211864406779661,0.9857961949439666,4.733658790588379
BitcoinTransactions,12,206,2,0.01,0.5,4,0.06683908209864829,0.0028089887640449437,0.9861871253583528,4.712169647216797
BitcoinTransactions,12,206,2,0.01,0.5,5,0.06627481155550186,0.004708097928436911,0.9920510815741465,4.599684953689575
BitcoinTransactions,12,206,10,0.05,0.5,1,0.06960219120632878,0.0032102728731942215,0.9898358092259578,4.607667446136475
BitcoinTransactions,12,206,10,0.05,0.5,2,0.07020539380545415,0.002407704654895666,0.9623403700807923,4.572168588638306
BitcoinTransactions,12,206,10,0.05,0.5,3,0.05984503299528437,0.0028089887640449437,0.9904873599166015,4.534393072128296
BitcoinTransactions,12,206,10,0.05,0.5,4,0.07099747945459221,0.00423728813559322,0.9997393797237425,4.475172281265259
BitcoinTransactions,12,206,10,0.05,0.5,5,0.06778257869948726,0.0070028011204481795,0.9884023977065416,4.195080518722534
BitcoinTransactions,12,206,21,0.1,0.5,1,0.0804126104631819,0.004519774011299435,0.9913995308835027,4.456321477890015
BitcoinTransactions,12,206,21,0.1,0.5,2,0.07999145562885498,0.002857142857142857,0.9921813917122753,4.4396445751190186
BitcoinTransactions,12,206,21,0.1,0.5,3,0.07142552111077242,0.00625,0.9826687516288767,4.242953777313232
BitcoinTransactions,12,206,21,0.1,0.5,4,0.06608436504869251,0.00423728813559322,0.9916601511597603,4.469245433807373
BitcoinTransactions,12,206,21,0.1,0.5,5,0.0692525599119771,0.002840909090909091,0.9857961949439666,4.465081453323364
BitcoinTransactions,12,206,31,0.15,0.5,1,0.06895117158184622,0.006493506493506494,0.9843627834245504,4.369560956954956
BitcoinTransactions,12,206,31,0.15,0.5,2,0.07464850187744568,0.0034482758620689655,0.9872296064633829,4.641247749328613
BitcoinTransactions,12,206,31,0.15,0.5,3,0.0658798908769866,0.003766478342749529,0.9997393797237425,4.69245171546936
BitcoinTransactions,12,206,31,0.15,0.5,4,0.06701610485295785,0.0033927056827820186,0.9870992963252541,4.486010313034058
BitcoinTransactions,12,206,31,0.15,0.5,5,0.06558095465870124,0.0022598870056497176,0.9860568152202241,4.756964921951294
BitcoinTransactions,12,206,41,0.2,0.5,1,0.07866556229090889,0.002840909090909091,0.9958300755798801,4.770772218704224
BitcoinTransactions,12,206,41,0.2,0.5,2,0.0729339365386449,0.002840909090909091,0.9953088350273651,4.728173017501831
BitcoinTransactions,12,206,41,0.2,0.5,3,0.0666132003328291,0.004058441558441558,0.9919207714360178,4.815001726150513
BitcoinTransactions,12,206,41,0.2,0.5,4,0.06384958091845874,0.0025252525252525255,0.9880114672921553,4.77209734916687
BitcoinTransactions,12,206,41,0.2,0.5,5,0.08008159869154112,0.0034285714285714284,0.9841021631482929,4.696980953216553
BitcoinTransactions,12,206,52,0.25,0.5,1,0.07688177455348814,0.005012531328320802,0.9844930935626792,4.553962469100952
BitcoinTransactions,12,206,52,0.25,0.5,2,0.0698670149584993,0.0028089887640449437,0.9653375032577535,4.693622827529907
BitcoinTransactions,12,206,52,0.25,0.5,3,0.07202822623264106,0.00423728813559322,0.9997393797237425,4.695615768432617
BitcoinTransactions,12,206,52,0.25,0.5,4,0.06492591571818221,0.0034285714285714284,0.9872296064633829,4.636788606643677
BitcoinTransactions,12,206,52,0.25,0.5,5,0.0674508031922591,0.003676470588235294,0.979932238728173,4.5031418800354
BitcoinTransactions,12,206,62,0.3,0.5,1,0.0668590792094147,0.001851851851851852,0.9868386760489967,4.499083757400513
BitcoinTransactions,12,206,62,0.3,0.5,2,0.06943325353708907,0.0028735632183908046,0.9903570497784727,4.4750237464904785
BitcoinTransactions,12,206,62,0.3,0.5,3,0.0745638208652544,0.004335260115606936,0.9882720875684128,4.463395357131958
BitcoinTransactions,12,206,62,0.3,0.5,4,0.06566635627186039,0.0019157088122605363,0.9911389106072452,4.4583580493927
BitcoinTransactions,12,206,62,0.3,0.5,5,0.05844486741051971,0.0013966480446927375,0.9877508470158979,4.5077056884765625
BitcoinTransactions,12,206,72,0.35,0.5,1,0.0753038495212132,0.0051440329218107,0.9880114672921553,4.111288070678711
BitcoinTransactions,12,206,72,0.35,0.5,2,0.06750147504844357,0.00436046511627907,0.9998696898618713,4.446537971496582
BitcoinTransactions,12,206,72,0.35,0.5,3,0.07157666917429628,0.004335260115606936,0.9876205368777691,4.459691047668457
BitcoinTransactions,12,206,72,0.35,0.5,4,0.08753187367413603,0.01020408163265306,1.0,4.370625257492065
BitcoinTransactions,12,206,72,0.35,0.5,5,0.06368710352326326,0.00186219739292365,0.9762835548605682,4.682979106903076
BitcoinTransactions,12,206,83,0.4,0.5,1,0.06489433908311816,0.0033149171270718232,0.9913995308835027,4.715872764587402
BitcoinTransactions,12,206,83,0.4,0.5,2,0.06340939916609428,0.0022471910112359553,0.9861871253583528,4.809894561767578
BitcoinTransactions,12,206,83,0.4,0.5,3,0.06734804583896441,0.002890173410404624,0.9889236382590566,4.713322162628174
BitcoinTransactions,12,206,83,0.4,0.5,4,0.06618934801001079,0.003766478342749529,0.9915298410216314,4.512988090515137
BitcoinTransactions,12,206,83,0.4,0.5,5,0.06414809696212867,0.002162162162162162,0.9885327078446703,4.809470176696777
BitcoinTransactions,12,206,93,0.45,0.5,1,0.07533489822626285,0.0031923383878691143,0.9839718530101642,4.751848936080933
BitcoinTransactions,12,206,93,0.45,0.5,2,0.06253787473677946,0.0022346368715083797,0.9585613760750586,4.822484731674194
BitcoinTransactions,12,206,93,0.45,0.5,3,0.06622839603371786,0.0034285714285714284,0.9885327078446703,4.769390106201172
BitcoinTransactions,12,206,93,0.45,0.5,4,0.08996998819312636,0.007183908045977011,0.9880114672921553,4.465875148773193
BitcoinTransactions,12,206,93,0.45,0.5,5,0.07512295026058011,0.003930817610062893,0.9822778212144905,4.575548410415649
BitcoinTransactions,12,206,104,0.5,0.5,1,0.06611484736763308,0.0046816479400749065,0.9997393797237425,4.666613340377808
BitcoinTransactions,12,206,104,0.5,0.5,2,0.06323866615989017,0.0021929824561403508,0.9854052645295804,4.599752187728882
BitcoinTransactions,12,206,104,0.5,0.5,3,0.06614481665255867,0.0033149171270718232,0.9949179046129789,4.628102779388428
BitcoinTransactions,12,206,104,0.5,0.5,4,0.07009215728745118,0.0022371364653243847,0.9848840239770654,4.343916893005371
BitcoinTransactions,12,206,104,0.5,0.5,5,0.07256843089965051,0.002824858757062147,0.9672921553296846,4.410497426986694
BitcoinTransactions,12,206,114,0.55,0.5,1,0.08381640352964928,0.0028735632183908046,0.9778472765181131,4.382476329803467
BitcoinTransactions,12,206,114,0.55,0.5,2,0.06285559698907747,0.0036144578313253013,0.9955694553036226,4.364751100540161
BitcoinTransactions,12,206,114,0.55,0.5,3,0.06872691138521636,0.004545454545454545,0.9998696898618713,4.6829893589019775
BitcoinTransactions,12,206,114,0.55,0.5,4,0.07116085795053985,0.0031746031746031746,0.9847537138389366,4.6120994091033936
BitcoinTransactions,12,206,114,0.55,0.5,5,0.06691969245205694,0.004166666666666667,0.9808444096950742,4.522596597671509
BitcoinTransactions,12,206,124,0.6,0.5,1,0.05562477571924613,0.0044444444444444444,0.9911389106072452,4.498804807662964
BitcoinTransactions,12,206,124,0.6,0.5,2,0.06173020803883058,0.003409090909090909,0.9816262705238468,4.450725555419922
BitcoinTransactions,12,206,124,0.6,0.5,3,0.07442723611351243,0.006591337099811676,0.9792806880375293,4.29228138923645
BitcoinTransactions,12,206,124,0.6,0.5,4,0.06700505167240836,0.0033149171270718232,0.9843627834245504,4.498627424240112
BitcoinTransactions,12,206,124,0.6,0.5,5,0.07288438703134252,0.004901960784313725,0.9876205368777691,4.35566258430481
BitcoinTransactions,12,206,135,0.65,0.5,1,0.0727478357866277,0.00558659217877095,1.0,4.457084894180298
BitcoinTransactions,12,206,135,0.65,0.5,2,0.06469123285742243,0.0033149171270718232,0.9881417774302841,4.520479440689087
BitcoinTransactions,12,206,135,0.65,0.5,3,0.07639425569519202,0.005087209302325582,0.9997393797237425,4.688138008117676
BitcoinTransactions,12,206,135,0.65,0.5,4,0.06436691785471864,0.003278688524590164,0.9900964295022153,4.753302097320557
BitcoinTransactions,12,206,135,0.65,0.5,5,0.0736518033561145,0.004519774011299435,0.9884023977065416,4.674619197845459
BitcoinTransactions,12,206,145,0.7,0.5,1,0.06941995894805619,0.002421307506053269,0.9659890539483972,4.734732151031494
BitcoinTransactions,12,206,145,0.7,0.5,2,0.08051497938133366,0.002976190476190476,0.9834506124576492,4.7438764572143555
BitcoinTransactions,12,206,145,0.7,0.5,3,0.07426866196812996,0.003409090909090909,0.9865780557727392,4.778449773788452
BitcoinTransactions,12,206,145,0.7,0.5,4,0.0673920297369785,0.002435064935064935,0.9877508470158979,4.793395519256592
BitcoinTransactions,12,206,145,0.7,0.5,5,0.0670839534939086,0.0044444444444444444,0.9953088350273651,4.571310520172119
BitcoinTransactions,12,206,155,0.75,0.5,1,0.06853864472573339,0.002717391304347826,0.9906176700547302,4.67899751663208
BitcoinTransactions,12,206,155,0.75,0.5,2,0.07972002890921348,0.0034285714285714284,0.9913995308835027,4.638393402099609
BitcoinTransactions,12,206,155,0.75,0.5,3,0.0728671588477248,0.0023942537909018356,0.9868386760489967,4.745963096618652
BitcoinTransactions,12,206,155,0.75,0.5,4,0.07607503316710011,0.004335260115606936,0.9960906958561376,4.708632946014404
BitcoinTransactions,12,206,155,0.75,0.5,5,0.06422844152906643,0.002793296089385475,0.9801928590044305,4.734119653701782
BitcoinTransactions,12,206,166,0.8,0.5,1,0.08172400590043512,0.006134969325153374,1.0,4.67761492729187
BitcoinTransactions,12,206,166,0.8,0.5,2,0.06851438079952964,0.003787878787878788,0.9912692207453739,4.790346145629883
BitcoinTransactions,12,206,166,0.8,0.5,3,0.06262354106000341,0.0035310734463276836,0.9954391451654939,4.7683045864105225
BitcoinTransactions,12,206,166,0.8,0.5,4,0.06951846113043356,0.003468208092485549,0.9921813917122753,4.797052383422852
BitcoinTransactions,12,206,166,0.8,0.5,5,0.0611819861416032,0.0028089887640449437,0.9873599166015116,4.735189199447632
BitcoinTransactions,12,206,176,0.85,0.5,1,0.060074041125796854,0.0037243947858473,0.9997393797237425,4.774747371673584
BitcoinTransactions,12,206,176,0.85,0.5,2,0.06758649157760932,0.0023677979479084454,0.9829293719051342,4.794408559799194
BitcoinTransactions,12,206,176,0.85,0.5,3,0.058948372645540176,0.0018726591760299626,0.9846234037008079,4.796955347061157
BitcoinTransactions,12,206,176,0.85,0.5,4,0.06447579305882783,0.0044444444444444444,0.9919207714360178,4.777237176895142
BitcoinTransactions,12,206,176,0.85,0.5,5,0.06891417229635934,0.004842615012106538,0.9997393797237425,4.760989427566528
BitcoinTransactions,12,206,186,0.9,0.5,1,0.06328274827132684,0.003138731952291274,0.9921813917122753,4.7589333057403564
BitcoinTransactions,12,206,186,0.9,0.5,2,0.07864146304591214,0.004873294346978557,0.9997393797237425,4.633534669876099
BitcoinTransactions,12,206,186,0.9,0.5,3,0.0757011384990945,0.007425742574257425,0.9921813917122753,4.459266185760498
BitcoinTransactions,12,206,186,0.9,0.5,4,0.07621390146813325,0.0033030553261767133,0.9894448788115715,4.689315319061279
BitcoinTransactions,12,206,186,0.9,0.5,5,0.07672747971089967,0.0031645569620253164,0.9745895230648944,4.491215705871582
BitcoinTransactions,12,206,197,0.95,0.5,1,0.058131087234952875,0.001893939393939394,0.9898358092259578,4.49668550491333
BitcoinTransactions,12,206,197,0.95,0.5,2,0.07050346188961212,0.0033149171270718232,0.992311701850404,4.451199054718018
BitcoinTransactions,12,206,197,0.95,0.5,3,0.061997186636178626,0.005681818181818182,1.0,4.437789678573608
BitcoinTransactions,12,206,197,0.95,0.5,4,0.07565399412999638,0.003898635477582846,0.991790461297889,4.49809193611145
BitcoinTransactions,12,206,197,0.95,0.5,5,0.06909867797276364,0.0032653061224489797,0.9929632525410477,4.4792492389678955
BitcoinTransactions,12,206,207,1,0.5,1,0.08529014285650854,0.00625,1.0,4.4178996086120605
BitcoinTransactions,12,206,207,1,0.5,2,0.0733740922656921,0.004081632653061225,0.9915298410216314,4.339478015899658
BitcoinTransactions,12,206,207,1,0.5,3,0.07088176683698956,0.003401360544217687,0.9865780557727392,4.4385905265808105
BitcoinTransactions,12,206,207,1,0.5,4,0.0630601406159301,0.0035310734463276836,0.9709408391972896,4.581532716751099
BitcoinTransactions,12,206,207,1,0.5,5,0.07789766673273946,0.005952380952380952,0.9906176700547302,4.406457901000977
BitcoinTransactions,13,506,0,0,,1,0.07474714091025714,0.0021929824561403508,1.0,
BitcoinTransactions,13,506,0,0,,2,0.06901077653401924,0.00130718954248366,0.9765391917548142,
BitcoinTransactions,13,506,0,0,,3,0.07119998275462147,0.0014524328249818446,0.9924057499321942,
BitcoinTransactions,13,506,0,0,,4,0.07603349936574333,0.0018155410312273058,0.9997287767832926,
BitcoinTransactions,13,506,0,0,,5,0.07885567503062078,0.002046663937781416,0.9974233794412801,
BitcoinTransactions,13,506,5,0.01,0.5,1,0.08205403624711734,0.0016411378555798686,0.9997287767832926,4.728989362716675
BitcoinTransactions,13,506,5,0.01,0.5,2,0.06859520068137741,0.0014461315979754157,0.9930838079739626,4.6781909465789795
BitcoinTransactions,13,506,5,0.01,0.5,3,0.06307166577559949,0.001091703056768559,0.9914564686737185,4.8307929039001465
BitcoinTransactions,13,506,5,0.01,0.5,4,0.06526774590107065,0.0014492753623188406,0.9957960401410361,4.7855002880096436
BitcoinTransactions,13,506,5,0.01,0.5,5,0.06625858949605738,0.0015494267121165168,0.9892866829400596,4.805784225463867
BitcoinTransactions,13,506,27,0.05,0.5,1,0.07123307032731468,0.0015494267121165168,0.9943043124491456,4.75629734992981
BitcoinTransactions,13,506,27,0.05,0.5,2,0.06854778325157043,0.001358695652173913,0.9869812855980472,4.746962547302246
BitcoinTransactions,13,506,27,0.05,0.5,3,0.07661933273780881,0.0025078369905956114,0.9997287767832926,4.542468309402466
BitcoinTransactions,13,506,27,0.05,0.5,4,0.07671279540828302,0.0023148148148148147,0.9758611337130458,4.49377703666687
BitcoinTransactions,13,506,27,0.05,0.5,5,0.06365622195667198,0.0021645021645021645,1.0,4.491054534912109
BitcoinTransactions,13,506,54,0.1,0.5,1,0.06104274164468573,0.0017353579175704988,0.9924057499321942,4.809334754943848
BitcoinTransactions,13,506,54,0.1,0.5,2,0.07162823618765372,0.002952029520295203,0.9997287767832926,4.416219472885132
BitcoinTransactions,13,506,54,0.1,0.5,3,0.07322266254878149,0.0012422360248447205,0.9975589910496339,4.691404581069946
BitcoinTransactions,13,506,54,0.1,0.5,4,0.07000086846954383,0.0013676148796498905,0.9934906427990235,4.595798492431641
BitcoinTransactions,13,506,54,0.1,0.5,5,0.06441941983652986,0.001516990291262136,0.9872525088147546,4.4103288650512695
BitcoinTransactions,13,506,81,0.15,0.5,1,0.06509000972640595,0.0016129032258064516,0.9997287767832926,4.534571886062622
BitcoinTransactions,13,506,81,0.15,0.5,2,0.06867366073142138,0.0018633540372670807,0.9948467588825604,4.458392143249512
BitcoinTransactions,13,506,81,0.15,0.5,3,0.06088588144509192,0.0016160310277957336,0.994575535665853,4.426181793212891
BitcoinTransactions,13,506,81,0.15,0.5,4,0.07496900326882372,0.0016304347826086956,0.9963384865744508,4.526281118392944
BitcoinTransactions,13,506,81,0.15,0.5,5,0.07247054281295083,0.0014461315979754157,0.9956604285326824,4.452965021133423
BitcoinTransactions,13,506,107,0.2,0.5,1,0.07290984675282884,0.0017937219730941704,0.9997287767832926,4.436850309371948
BitcoinTransactions,13,506,107,0.2,0.5,2,0.06592250948129162,0.0021598272138228943,1.0,4.503675937652588
BitcoinTransactions,13,506,107,0.2,0.5,3,0.0727821438206468,0.0017045454545454545,0.9971521562245729,4.402966260910034
BitcoinTransactions,13,506,107,0.2,0.5,4,0.07437006228138676,0.0017316017316017316,0.9997287767832926,4.529639720916748
BitcoinTransactions,13,506,107,0.2,0.5,5,0.06889857251303587,0.0019273127753303965,0.9994575535665853,4.655129671096802
BitcoinTransactions,13,506,134,0.25,0.5,1,0.06621069605806695,0.0018076644974692696,0.999593165174939,4.711167335510254
BitcoinTransactions,13,506,134,0.25,0.5,2,0.06652969170965863,0.001539408866995074,0.994575535665853,4.666629791259766
BitcoinTransactions,13,506,134,0.25,0.5,3,0.07345353630057688,0.0017812611328820805,0.9938974776240846,4.51284122467041
BitcoinTransactions,13,506,134,0.25,0.5,4,0.06941503799828412,0.0008733624454148472,0.9947111472742066,4.718505859375
BitcoinTransactions,13,506,134,0.25,0.5,5,0.0673638268922726,0.0017353579175704988,0.9997287767832926,4.7103681564331055
BitcoinTransactions,13,506,161,0.3,0.5,1,0.06816498913243686,0.0015595757953836558,0.9819636560889612,4.692711353302002
BitcoinTransactions,13,506,161,0.3,0.5,2,0.0805359553009901,0.000992063492063492,0.9784377542717657,4.574852228164673
BitcoinTransactions,13,506,161,0.3,0.5,3,0.07007826224094774,0.0023651844843897824,0.9915920802820721,4.488884449005127
BitcoinTransactions,13,506,161,0.3,0.5,4,0.07188389890868585,0.0015460729746444033,0.9933550311906699,4.599997520446777
BitcoinTransactions,13,506,161,0.3,0.5,5,0.06014026669875303,0.0017429193899782135,0.9922701383238405,4.497938871383667
BitcoinTransactions,13,506,188,0.35,0.5,1,0.07427755061958709,0.0016483516483516484,0.9997287767832926,4.461382150650024
BitcoinTransactions,13,506,188,0.35,0.5,2,0.07197392096919894,0.0017204301075268817,0.9959316517493898,4.475795030593872
BitcoinTransactions,13,506,188,0.35,0.5,3,0.07198693499353497,0.0014492753623188406,0.9924057499321942,4.478221893310547
BitcoinTransactions,13,506,188,0.35,0.5,4,0.07111375117966474,0.0018796992481203006,0.9998643883916464,4.3160412311553955
BitcoinTransactions,13,506,188,0.35,0.5,5,0.06688628219860386,0.0015629884338855893,0.9943043124491456,4.46960711479187
BitcoinTransactions,13,506,215,0.4,0.5,1,0.07358142623767251,0.0014524328249818446,0.9991863303498779,4.610595464706421
BitcoinTransactions,13,506,215,0.4,0.5,2,0.06750037230853966,0.0013422818791946308,0.9943043124491456,4.314840078353882
BitcoinTransactions,13,506,215,0.4,0.5,3,0.07897261707607814,0.0013363028953229399,0.979929481963656,4.44043493270874
BitcoinTransactions,13,506,215,0.4,0.5,4,0.05317182626663657,0.002053388090349076,1.0,4.710634708404541
BitcoinTransactions,13,506,215,0.4,0.5,5,0.07098186442762842,0.0018315018315018315,0.9997287767832926,4.656023263931274
BitcoinTransactions,13,506,242,0.45,0.5,1,0.06825086783433142,0.0013498920086393088,0.9671819907784106,4.740462064743042
BitcoinTransactions,13,506,242,0.45,0.5,2,0.07718100253377594,0.002242152466367713,1.0,4.6220526695251465
BitcoinTransactions,13,506,242,0.45,0.5,3,0.06663194845040382,0.0014587892049598833,0.9863032275562789,4.663339376449585
BitcoinTransactions,13,506,242,0.45,0.5,4,0.07373982182350466,0.0012156576707999028,0.9690805532953621,4.6759867668151855
BitcoinTransactions,13,506,242,0.45,0.5,5,0.07238250135584728,0.001702127659574468,0.9997287767832926,4.676229953765869
BitcoinTransactions,13,506,268,0.5,0.5,1,0.06570356945390428,0.0022471910112359553,1.0,4.697618722915649
BitcoinTransactions,13,506,268,0.5,0.5,2,0.07865409491814163,0.001762114537444934,0.9960672633577434,4.7162721157073975
BitcoinTransactions,13,506,268,0.5,0.5,3,0.06634208780210422,0.0019358407079646017,0.999593165174939,4.713191986083984
BitcoinTransactions,13,506,268,0.5,0.5,4,0.0727077326761913,0.0014492753623188406,0.994982370490914,4.75841760635376
BitcoinTransactions,13,506,268,0.5,0.5,5,0.07817616181345298,0.0017543859649122807,0.9997287767832926,4.774176836013794
BitcoinTransactions,13,506,295,0.55,0.5,1,0.07439438189705147,0.0014005602240896359,0.9938974776240846,4.657138109207153
BitcoinTransactions,13,506,295,0.55,0.5,2,0.06419313100693395,0.0014461315979754157,0.9971521562245729,4.7135233879089355
BitcoinTransactions,13,506,295,0.55,0.5,3,0.0651436741148608,0.0021691973969631237,1.0,4.427015781402588
BitcoinTransactions,13,506,295,0.55,0.5,4,0.06605535425935666,0.0023584905660377358,1.0,4.383050918579102
BitcoinTransactions,13,506,295,0.55,0.5,5,0.07238614726204681,0.0022038567493112946,0.9943043124491456,4.259278774261475
BitcoinTransactions,13,506,322,0.6,0.5,1,0.0733856234181507,0.0015460729746444033,0.9932194195823163,4.64491605758667
BitcoinTransactions,13,506,322,0.6,0.5,2,0.07154091077834672,0.0017817371937639199,0.9902359641985354,4.6598169803619385
BitcoinTransactions,13,506,322,0.6,0.5,3,0.07127755314711554,0.0015048908954100827,0.9932194195823163,4.622343301773071
BitcoinTransactions,13,506,322,0.6,0.5,4,0.07510255914075395,0.001554001554001554,0.9987794955248169,4.4038403034210205
BitcoinTransactions,13,506,322,0.6,0.5,5,0.07505908860257347,0.001293103448275862,0.9739625711960944,4.7272844314575195
BitcoinTransactions,13,506,349,0.65,0.5,1,0.07526133969406545,0.0016778523489932886,0.9917276918904259,4.379493474960327
BitcoinTransactions,13,506,349,0.65,0.5,2,0.06459249409938607,0.001098901098901099,0.994575535665853,4.50275731086731
BitcoinTransactions,13,506,349,0.65,0.5,3,0.07204049556706696,0.0017660044150110375,0.9959316517493898,4.463831663131714
BitcoinTransactions,13,506,349,0.65,0.5,4,0.06771284171425479,0.001644736842105263,0.9997287767832926,4.466455459594727
BitcoinTransactions,13,506,349,0.65,0.5,5,0.0743914174313022,0.002988643156007173,0.999593165174939,4.260782480239868
BitcoinTransactions,13,506,376,0.7,0.5,1,0.07380234836742233,0.0018355359765051395,0.9997287767832926,4.5215277671813965
BitcoinTransactions,13,506,376,0.7,0.5,2,0.06857674781207283,0.0009481668773704172,0.9854895579061568,4.4777727127075195
BitcoinTransactions,13,506,376,0.7,0.5,3,0.08231717410177243,0.001965923984272608,0.9968809330078655,4.441601276397705
BitcoinTransactions,13,506,376,0.7,0.5,4,0.07118233122018293,0.0015418502202643172,0.9929481963656089,4.469904184341431
BitcoinTransactions,13,506,376,0.7,0.5,5,0.06515408781356262,0.0011013215859030838,0.9957960401410361,4.553811550140381
BitcoinTransactions,13,506,403,0.75,0.5,1,0.07820461072999092,0.0010964912280701754,0.9863032275562789,4.648634672164917
BitcoinTransactions,13,506,403,0.75,0.5,2,0.06746094939393574,0.0018115942028985507,0.9940330892324383,4.689890623092651
BitcoinTransactions,13,506,403,0.75,0.5,3,0.07019609599495959,0.0016778523489932886,0.9955248169243287,4.628624439239502
BitcoinTransactions,13,506,403,0.75,0.5,4,0.07084581554515527,0.002183406113537118,1.0,4.669410228729248
BitcoinTransactions,13,506,403,0.75,0.5,5,0.06874024527850475,0.0017467248908296944,0.9997287767832926,4.675749063491821
BitcoinTransactions,13,506,430,0.8,0.5,1,0.06954546270555294,0.001234186979327368,0.9956604285326824,4.725844860076904
BitcoinTransactions,13,506,430,0.8,0.5,2,0.062064879165489494,0.0010683760683760685,0.9917276918904259,4.741641521453857
BitcoinTransactions,13,506,430,0.8,0.5,3,0.07037203264196595,0.0015527950310559005,0.9951179820992677,4.754287481307983
BitcoinTransactions,13,506,430,0.8,0.5,4,0.07310579922273311,0.0022123893805309734,1.0,4.720999002456665
BitcoinTransactions,13,506,430,0.8,0.5,5,0.06694813112125664,0.0014619883040935672,0.9990507187415243,4.7077319622039795
BitcoinTransactions,13,506,456,0.85,0.5,1,0.07813414895163545,0.001943634596695821,0.9997287767832926,4.67463231086731
BitcoinTransactions,13,506,456,0.85,0.5,2,0.06991642746746328,0.0014749262536873156,0.988744236506645,4.7066566944122314
BitcoinTransactions,13,506,456,0.85,0.5,3,0.06732399387752341,0.0015427337241592102,0.9932194195823163,4.76101016998291
BitcoinTransactions,13,506,456,0.85,0.5,4,0.07088111736628516,0.0018601190476190475,0.999593165174939,4.716282844543457
BitcoinTransactions,13,506,456,0.85,0.5,5,0.0669816103660147,0.0022535211267605635,0.9940330892324383,4.533265590667725
BitcoinTransactions,13,506,483,0.9,0.5,1,0.07113065180845311,0.002276867030965392,0.9997287767832926,4.412730932235718
BitcoinTransactions,13,506,483,0.9,0.5,2,0.06987507100170046,0.0019230769230769232,0.9944399240574994,4.475671768188477
BitcoinTransactions,13,506,483,0.9,0.5,3,0.06774225498843343,0.0018601190476190475,0.9997287767832926,4.451328754425049
BitcoinTransactions,13,506,483,0.9,0.5,4,0.05602404158500036,0.0020768431983385254,0.9955248169243287,4.290831565856934
BitcoinTransactions,13,506,483,0.9,0.5,5,0.07592214526789677,0.0018477457501847746,0.9957960401410361,4.469644069671631
BitcoinTransactions,13,506,510,0.95,0.5,1,0.06872953543580508,0.0017543859649122807,0.9997287767832926,4.463964462280273
BitcoinTransactions,13,506,510,0.95,0.5,2,0.07871240495497167,0.0015873015873015873,0.9971521562245729,4.41215181350708
BitcoinTransactions,13,506,510,0.95,0.5,3,0.0643836035328031,0.002257336343115124,1.0,4.332129716873169
BitcoinTransactions,13,506,510,0.95,0.5,4,0.07062611486322615,0.0016519823788546256,0.9911852454570111,4.5326244831085205
BitcoinTransactions,13,506,510,0.95,0.5,5,0.06483400084973831,0.002173913043478261,1.0,4.700347900390625
BitcoinTransactions,13,506,537,1,0.5,1,0.07045743477556754,0.001367053998632946,0.996202874966097,4.586018323898315
BitcoinTransactions,13,506,537,1,0.5,2,0.06950294068550134,0.0014269406392694063,0.9909140222403038,4.591371059417725
BitcoinTransactions,13,506,537,1,0.5,3,0.08846077223774869,0.004545454545454545,1.0,4.420424938201904
BitcoinTransactions,13,506,537,1,0.5,4,0.06858319316609857,0.00249003984063745,0.9957960401410361,4.4109344482421875
BitcoinTransactions,13,506,537,1,0.5,5,0.0521490722294656,0.0017730496453900709,0.9952535937076213,4.907654523849487
BitcoinTransactions,14,353,0,0,,1,0.06005570550849294,0.0004873294346978557,0.9489836588282184,
BitcoinTransactions,14,353,0,0,,2,0.07001837129408632,0.0008378718056137411,0.9416766307958018,
BitcoinTransactions,14,353,0,0,,3,0.06785998248850839,0.0009746588693957114,0.9404809352995881,
BitcoinTransactions,14,353,0,0,,4,0.07460241777511509,0.0015822784810126582,0.9678490766573669,
BitcoinTransactions,14,353,0,0,,5,0.0686717076621399,0.0005830903790087463,0.9133785040520792,
BitcoinTransactions,14,353,4,0.01,0.5,1,0.061885209115003635,0.0011094674556213018,0.9485850936628138,4.624748468399048
BitcoinTransactions,14,353,4,0.01,0.5,2,0.06159288018103611,0.0007309941520467836,0.9451308622293079,4.653865575790405
BitcoinTransactions,14,353,4,0.01,0.5,3,0.07783528381224447,0.0027906976744186047,0.9954829281254152,4.312591314315796
BitcoinTransactions,14,353,4,0.01,0.5,4,0.06835060092337392,0.0009775171065493646,0.9386209645277003,4.609864950180054
BitcoinTransactions,14,353,4,0.01,0.5,5,0.0675309218971846,0.0007309941520467836,0.9289225455028564,4.60083270072937
BitcoinTransactions,14,353,21,0.05,0.5,1,0.07594859814236353,0.0024968789013732834,0.9907001461405607,4.30096173286438
BitcoinTransactions,14,353,21,0.05,0.5,2,0.06439424858001974,0.0009746588693957114,0.9566892520260396,4.465506076812744
BitcoinTransactions,14,353,21,0.05,0.5,3,0.06208979593942923,0.0005847953216374269,0.952836455427129,4.474455118179321
BitcoinTransactions,14,353,21,0.05,0.5,4,0.0721133267863451,0.0013297872340425532,0.9703733227049289,4.248993635177612
BitcoinTransactions,14,353,21,0.05,0.5,5,0.06600517092113102,0.0005865102639296188,0.9434037465125548,4.471771955490112
BitcoinTransactions,14,353,42,0.1,0.5,1,0.07474514677386453,0.0005830903790087463,0.9198884017536867,4.462616682052612
BitcoinTransactions,14,353,42,0.1,0.5,2,0.07139358344752837,0.0009775171065493646,0.9715690182011425,4.440675973892212
BitcoinTransactions,14,353,42,0.1,0.5,3,0.06310534106145516,0.0007331378299120235,0.9596120632390063,4.467956066131592
BitcoinTransactions,14,353,42,0.1,0.5,4,0.07469700975440068,0.001466275659824047,0.9783446260130197,4.485091924667358
BitcoinTransactions,14,353,42,0.1,0.5,5,0.07019057640940465,0.0009861932938856016,0.9294539657233958,4.64441704750061
BitcoinTransactions,14,353,63,0.15,0.5,1,0.07081868442367055,0.0019665683382497543,0.9996014348345954,4.715384006500244
BitcoinTransactions,14,353,63,0.15,0.5,2,0.06633072565452043,0.0009775171065493646,0.9754218148000532,4.699530601501465
BitcoinTransactions,14,353,63,0.15,0.5,3,0.07386610295009605,0.0017647058823529412,0.9914972764713698,4.655319690704346
BitcoinTransactions,14,353,63,0.15,0.5,4,0.07245001544513846,0.0009746588693957114,0.9228112129666534,4.722099542617798
BitcoinTransactions,14,353,63,0.15,0.5,5,0.07121327971767213,0.000649772579597141,0.960674903680085,4.605594873428345
BitcoinTransactions,14,353,84,0.2,0.5,1,0.07210403975673826,0.0014749262536873156,0.9581506576325229,4.686412811279297
BitcoinTransactions,14,353,84,0.2,0.5,2,0.07694265805754984,0.0013026487190620929,0.927461139896373,4.5471580028533936
BitcoinTransactions,14,353,84,0.2,0.5,3,0.06647863243500768,0.0012642225031605564,0.9653248306098047,4.713748216629028
BitcoinTransactions,14,353,84,0.2,0.5,4,0.066782830247365,0.001267962806424345,0.9868473495416501,4.712663173675537
BitcoinTransactions,14,353,84,0.2,0.5,5,0.06738868593112658,0.0013110455588331695,0.9517736149860502,4.696771860122681
BitcoinTransactions,14,353,104,0.25,0.5,1,0.06548355686918968,0.001791044776119403,0.9978743191178424,4.583655834197998
BitcoinTransactions,14,353,104,0.25,0.5,2,0.07077049158956215,0.0011029411764705882,0.936229573535273,4.502241849899292
BitcoinTransactions,14,353,104,0.25,0.5,3,0.07141082344626501,0.0017647058823529412,0.9302510960542049,4.467583656311035
BitcoinTransactions,14,353,104,0.25,0.5,4,0.0697499996344541,0.0024582104228121925,0.9792746113989638,4.492286682128906
BitcoinTransactions,14,353,104,0.25,0.5,5,0.06558773412157516,0.002238805970149254,0.9997342898897303,4.464291334152222
BitcoinTransactions,14,353,125,0.3,0.5,1,0.0743310568917904,0.0012755102040816326,0.9613391789557593,4.445422172546387
BitcoinTransactions,14,353,125,0.3,0.5,2,0.06088592709388167,0.000649772579597141,0.918825561312608,4.483908414840698
BitcoinTransactions,14,353,125,0.3,0.5,3,0.06595408432831316,0.001466275659824047,0.9746246844692441,4.488323211669922
BitcoinTransactions,14,353,125,0.3,0.5,4,0.06314082605262802,0.001271725307333616,0.9730304238076258,4.339005708694458
BitcoinTransactions,14,353,125,0.3,0.5,5,0.07039073065712859,0.0005847953216374269,0.9463265577255214,4.637449502944946
BitcoinTransactions,14,353,146,0.35,0.5,1,0.06685546004416498,0.002768166089965398,0.9997342898897303,4.558930158615112
BitcoinTransactions,14,353,146,0.35,0.5,2,0.06537570372172778,0.0009861932938856016,0.9597449182941411,4.70965576171875
BitcoinTransactions,14,353,146,0.35,0.5,3,0.07037402412387803,0.001267962806424345,0.9557592666400957,4.668660402297974
BitcoinTransactions,14,353,146,0.35,0.5,4,0.06271960033709849,0.0014792899408284023,0.9848545237146273,4.7319016456604
BitcoinTransactions,14,353,146,0.35,0.5,5,0.07134484735852875,0.0007309941520467836,0.9165670253753155,4.698134660720825
BitcoinTransactions,14,353,167,0.4,0.5,1,0.06826251827371209,0.0019230769230769232,0.9670519463265578,4.745763540267944
BitcoinTransactions,14,353,167,0.4,0.5,2,0.07108713081691387,0.001483679525222552,0.9848545237146273,4.7832183837890625
BitcoinTransactions,14,353,167,0.4,0.5,3,0.064842227251893,0.0008453085376162299,0.9681147867676365,4.800595760345459
BitcoinTransactions,14,353,167,0.4,0.5,4,0.07178122131559991,0.001488095238095238,0.9582835126876578,4.821011781692505
BitcoinTransactions,14,353,167,0.4,0.5,5,0.0681285168003944,0.0019782393669634025,0.9867144944865152,4.819534063339233
BitcoinTransactions,14,353,188,0.45,0.5,1,0.07765578658774831,0.000858000858000858,0.9717018732562774,4.719559669494629
BitcoinTransactions,14,353,188,0.45,0.5,2,0.06624534559312695,0.0029585798816568047,1.0,4.77362322807312
BitcoinTransactions,14,353,188,0.45,0.5,3,0.05778475084687119,0.0004873294346978557,0.9671848013816926,4.810529947280884
BitcoinTransactions,14,353,188,0.45,0.5,4,0.06471084657923132,0.0004873294346978557,0.9561578318055002,4.832149505615234
BitcoinTransactions,14,353,188,0.45,0.5,5,0.06487094800942533,0.0011730205278592375,0.9910987113059652,4.728971719741821
BitcoinTransactions,14,353,209,0.5,0.5,1,0.07045888494390408,0.000591715976331361,0.9342367477082503,4.6923980712890625
BitcoinTransactions,14,353,209,0.5,0.5,2,0.07449999713255362,0.0019782393669634025,0.9960143483459546,4.702632427215576
BitcoinTransactions,14,353,209,0.5,0.5,3,0.06704178852454731,0.002472799208704253,0.9914972764713698,4.7427098751068115
BitcoinTransactions,14,353,209,0.5,0.5,4,0.07198726377925777,0.0010997067448680353,0.9516407599309153,4.5736894607543945
BitcoinTransactions,14,353,209,0.5,0.5,5,0.0711149392455264,0.000980392156862745,0.9278597050617776,4.490036964416504
BitcoinTransactions,14,353,230,0.55,0.5,1,0.06990594702822958,0.001271725307333616,0.972897568752491,4.454268217086792
BitcoinTransactions,14,353,230,0.55,0.5,2,0.06289308389703316,0.0009950248756218905,0.9756875249103228,4.443161964416504
BitcoinTransactions,14,353,230,0.55,0.5,3,0.07793703031800502,0.00202020202020202,0.9996014348345954,4.303150415420532
BitcoinTransactions,14,353,230,0.55,0.5,4,0.07257494195376872,0.0014792899408284023,0.9875116248173244,4.462963342666626
BitcoinTransactions,14,353,230,0.55,0.5,5,0.06739739463383551,0.0009775171065493646,0.9546964261990168,4.4765050411224365
BitcoinTransactions,14,353,251,0.6,0.5,1,0.06471040573120265,0.0017964071856287425,0.9977414640627076,4.3273606300354
BitcoinTransactions,14,353,251,0.6,0.5,2,0.06826601993407852,0.001984126984126984,0.9933572472432576,4.411572456359863
BitcoinTransactions,14,353,251,0.6,0.5,3,0.06175750473414852,0.0017543859649122807,0.9746246844692441,4.35107421875
BitcoinTransactions,14,353,251,0.6,0.5,4,0.07645561054650124,0.0019782393669634025,0.9713033080908728,4.433444261550903
BitcoinTransactions,14,353,251,0.6,0.5,5,0.07697292705628063,0.0018882175226586104,0.9814002922811212,4.350078582763672
BitcoinTransactions,14,353,272,0.65,0.5,1,0.05977069118829174,0.002789400278940028,0.9912315663611,4.3012917041778564
BitcoinTransactions,14,353,272,0.65,0.5,2,0.06332222319508658,0.001183431952662722,0.9533678756476683,4.627603769302368
BitcoinTransactions,14,353,272,0.65,0.5,3,0.06546272239357935,0.0005934718100890207,0.9455294273947124,4.6625306606292725
BitcoinTransactions,14,353,272,0.65,0.5,4,0.06642674204856555,0.000847816871555744,0.9422080510163412,4.687361717224121
BitcoinTransactions,14,353,272,0.65,0.5,5,0.07336793220423454,0.0024968789013732834,0.9817988574465258,4.604051113128662
BitcoinTransactions,14,353,293,0.7,0.5,1,0.0729319871804875,0.0022189349112426036,0.9917629865816394,4.681224584579468
BitcoinTransactions,14,353,293,0.7,0.5,2,0.06430092388316662,0.0011869436201780415,0.9549621363092866,4.674932956695557
BitcoinTransactions,14,353,293,0.7,0.5,3,0.06559638513727495,0.0018882175226586104,0.9869802045967849,4.714866399765015
BitcoinTransactions,14,353,293,0.7,0.5,4,0.06595491290447335,0.0015105740181268882,0.9957486382356848,4.6371893882751465
BitcoinTransactions,14,353,293,0.7,0.5,5,0.07563901755921598,0.0027056277056277055,0.9592134980736017,4.617099285125732
BitcoinTransactions,14,353,314,0.75,0.5,1,0.05803526420265855,0.0017699115044247787,0.9950843629600107,4.803739070892334
BitcoinTransactions,14,353,314,0.75,0.5,2,0.0837754632729627,0.0015105740181268882,0.986050219210841,4.6257545948028564
BitcoinTransactions,14,353,314,0.75,0.5,3,0.06586646471613627,0.0014705882352941176,0.9665205261060184,4.768327951431274
BitcoinTransactions,14,353,314,0.75,0.5,4,0.06005378883856262,0.000992063492063492,0.969443337318985,4.617132902145386
BitcoinTransactions,14,353,314,0.75,0.5,5,0.06289616238562667,0.001176470588235294,0.9949515079048757,4.625189542770386
BitcoinTransactions,14,353,334,0.8,0.5,1,0.06853577665557754,0.001279317697228145,0.9945529427394713,4.559673070907593
BitcoinTransactions,14,353,334,0.8,0.5,2,0.061393590066159354,0.0007485029940119761,0.9574863823568487,4.457343578338623
BitcoinTransactions,14,353,334,0.8,0.5,3,0.07919475947914571,0.0009891196834817012,0.9859173641557061,4.450055122375488
BitcoinTransactions,14,353,334,0.8,0.5,4,0.06844722281437797,0.001990049751243781,0.9960143483459546,4.469083070755005
BitcoinTransactions,14,353,334,0.8,0.5,5,0.07210530108276499,0.003003003003003003,1.0,4.219476222991943
BitcoinTransactions,14,353,355,0.85,0.5,1,0.07696194534919645,0.0014925373134328358,0.9754218148000532,4.451934337615967
BitcoinTransactions,14,353,355,0.85,0.5,2,0.06840169079838221,0.001949317738791423,0.9747575395243789,4.355640649795532
BitcoinTransactions,14,353,355,0.85,0.5,3,0.07829228743099795,0.0019782393669634025,0.9996014348345954,4.444445371627808
BitcoinTransactions,14,353,355,0.85,0.5,4,0.07028065510145697,0.00303951367781155,1.0,4.440970420837402
BitcoinTransactions,14,353,355,0.85,0.5,5,0.0679284949634003,0.003924646781789639,0.9723661485319517,4.264572858810425
BitcoinTransactions,14,353,376,0.9,0.5,1,0.07031614928599955,0.002178649237472767,0.9435366015676897,4.459668397903442
BitcoinTransactions,14,353,376,0.9,0.5,2,0.07178749386217556,0.0013066202090592336,0.9795403215092334,4.672956228256226
BitcoinTransactions,14,353,376,0.9,0.5,3,0.073532896707545,0.0015479876160990713,0.9824631327222001,4.5410661697387695
BitcoinTransactions,14,353,376,0.9,0.5,4,0.08052150674492928,0.001996007984031936,0.9944200876843364,4.655341625213623
BitcoinTransactions,14,353,376,0.9,0.5,5,0.0693589843385721,0.0014932802389248383,0.9666533811611532,4.608554124832153
BitcoinTransactions,14,353,397,0.95,0.5,1,0.058711894170486806,0.000741839762611276,0.9687790620433108,4.712286710739136
BitcoinTransactions,14,353,397,0.95,0.5,2,0.06921720701064113,0.0018825301204819277,0.9814002922811212,4.77838921546936
BitcoinTransactions,14,353,397,0.95,0.5,3,0.053766649378978466,0.001695633743111488,0.9699747575395243,4.760045766830444
BitcoinTransactions,14,353,397,0.95,0.5,4,0.06412847610557502,0.0034602076124567475,1.0,4.44756293296814
BitcoinTransactions,14,353,397,0.95,0.5,5,0.06616075821060187,0.0012605042016806723,0.9884416102032683,4.759082555770874
BitcoinTransactions,14,353,418,1,0.5,1,0.07181157296685083,0.001488095238095238,0.9896373056994818,4.6958441734313965
BitcoinTransactions,14,353,418,1,0.5,2,0.06973590335895276,0.001488095238095238,0.9549621363092866,4.653843641281128
BitcoinTransactions,14,353,418,1,0.5,3,0.05925668170530075,0.0005952380952380953,0.9504450644347018,4.683673858642578
BitcoinTransactions,14,353,418,1,0.5,4,0.0782982842908254,0.0018126888217522659,0.9960143483459546,4.493351936340332
BitcoinTransactions,14,353,418,1,0.5,5,0.07735878239330439,0.0022522522522522522,0.9957486382356848,4.458025217056274
BitcoinTransactions,15,349,0,0,,1,0.06533183909564742,0.0009718172983479105,0.9128933740539105,
BitcoinTransactions,15,349,0,0,,2,0.05919059992860801,0.0012461059190031153,0.9243128402602576,
BitcoinTransactions,15,349,0,0,,3,0.08170263892347814,0.0006478781988986071,0.9387863497543487,
BitcoinTransactions,15,349,0,0,,4,0.07213576069965709,0.0005747126436781609,0.9197981675740273,
BitcoinTransactions,15,349,0,0,,5,0.07686467022914246,0.000588235294117647,0.9241800557694861,
BitcoinTransactions,15,349,4,0.01,0.5,1,0.06561081089039267,0.0009718172983479105,0.9207276590094277,4.56471586227417
BitcoinTransactions,15,349,4,0.01,0.5,2,0.06594175305403327,0.0011527377521613833,0.9602974372593281,4.50691294670105
BitcoinTransactions,15,349,4,0.01,0.5,3,0.06998891164969438,0.0008378718056137411,0.9150179259062542,4.504820823669434
BitcoinTransactions,15,349,4,0.01,0.5,4,0.06626153659386348,0.0009718172983479105,0.9168769087770549,4.490422010421753
BitcoinTransactions,15,349,4,0.01,0.5,5,0.0762544591573901,0.0014619883040935672,0.9349355995219758,4.4184887409210205
BitcoinTransactions,15,349,18,0.05,0.5,1,0.07170081179769201,0.001299545159194282,0.952197583322268,4.392191648483276
BitcoinTransactions,15,349,18,0.05,0.5,2,0.06431483202033236,0.0029239766081871343,1.0,4.44059944152832
BitcoinTransactions,15,349,18,0.05,0.5,3,0.07299009654798753,0.0009689922480620155,0.922453857389457,4.4702231884002686
BitcoinTransactions,15,349,18,0.05,0.5,4,0.06325931798914854,0.0009775171065493646,0.9502058159606958,4.482826232910156
BitcoinTransactions,15,349,18,0.05,0.5,5,0.06562793085398466,0.002186588921282799,0.9998672155092285,4.536731004714966
BitcoinTransactions,15,349,37,0.1,0.5,1,0.06405272399692352,0.001749271137026239,0.9168769087770549,4.6078941822052
BitcoinTransactions,15,349,37,0.1,0.5,2,0.06860388287621189,0.001943634596695821,0.9871199043951666,4.695629119873047
BitcoinTransactions,15,349,37,0.1,0.5,3,0.0689342673996367,0.0016757436112274822,0.9749037312441907,4.796513319015503
BitcoinTransactions,15,349,37,0.1,0.5,4,0.0653348866330924,0.0019083969465648854,0.97304474837339,4.535120010375977
BitcoinTransactions,15,349,37,0.1,0.5,5,0.06651553893381697,0.0014534883720930232,0.9200637365555703,4.72560715675354
BitcoinTransactions,15,349,55,0.15,0.5,1,0.06747482548650491,0.0023734177215189874,0.9926968530075687,4.702070951461792
BitcoinTransactions,15,349,55,0.15,0.5,2,0.0661609634102823,0.0009606147934678194,0.9272340990572301,4.555209398269653
BitcoinTransactions,15,349,55,0.15,0.5,3,0.07393168235837573,0.0010997067448680353,0.948877971052981,4.666957378387451
BitcoinTransactions,15,349,55,0.15,0.5,4,0.06975627098665559,0.0010932944606413995,0.9314832027619174,4.680387258529663
BitcoinTransactions,15,349,55,0.15,0.5,5,0.08031492905640558,0.000980392156862745,0.9572433939715841,4.6474809646606445
BitcoinTransactions,15,349,74,0.2,0.5,1,0.06996309775574135,0.0014619883040935672,0.963617049528615,4.761311292648315
BitcoinTransactions,15,349,74,0.2,0.5,2,0.06771810887409677,0.0009746588693957114,0.922453857389457,4.760355710983276
BitcoinTransactions,15,349,74,0.2,0.5,3,0.06707539846989202,0.0007267441860465116,0.9281635904926304,4.799169063568115
BitcoinTransactions,15,349,74,0.2,0.5,4,0.05950250053092172,0.0019550342130987292,0.991369008099854,4.823225736618042
BitcoinTransactions,15,349,74,0.2,0.5,5,0.06692988008740211,0.0012386457473162675,0.9841986455981941,4.661600112915039
BitcoinTransactions,15,349,92,0.25,0.5,1,0.0733591851012838,0.0014577259475218659,0.9536582127207542,4.795043706893921
BitcoinTransactions,15,349,92,0.25,0.5,2,0.07436723315974239,0.002542372881355932,0.9621564201301288,4.576565742492676
BitcoinTransactions,15,349,92,0.25,0.5,3,0.06738885597446392,0.0017543859649122807,0.9800823263842783,4.777334213256836
BitcoinTransactions,15,349,92,0.25,0.5,4,0.07146001487684858,0.0012568077084206116,0.9398486256805205,4.676843881607056
BitcoinTransactions,15,349,92,0.25,0.5,5,0.06278750886481156,0.0017699115044247787,0.991369008099854,4.71878981590271
BitcoinTransactions,15,349,111,0.3,0.5,1,0.07790920809366479,0.002014098690835851,0.9670694462886735,4.682979106903076
BitcoinTransactions,15,349,111,0.3,0.5,2,0.06470513073562138,0.0009718172983479105,0.942769884477493,4.7125654220581055
BitcoinTransactions,15,349,111,0.3,0.5,3,0.06307331782739004,0.0014534883720930232,0.987783826849024,4.677371501922607
BitcoinTransactions,15,349,111,0.3,0.5,4,0.07013023254701986,0.001567398119122257,0.9606957907316426,4.645874738693237
BitcoinTransactions,15,349,111,0.3,0.5,5,0.06012824918452287,0.0022123893805309734,0.9998672155092285,4.510768175125122
BitcoinTransactions,15,349,129,0.35,0.5,1,0.06919134519882297,0.002207505518763797,0.9921657150444828,4.3726584911346436
BitcoinTransactions,15,349,129,0.35,0.5,2,0.07920059053267624,0.0007374631268436578,0.9517992298499536,4.434071779251099
BitcoinTransactions,15,349,129,0.35,0.5,3,0.06769116391858317,0.0020325203252032522,0.9507369539237817,4.451720476150513
BitcoinTransactions,15,349,129,0.35,0.5,4,0.08291970352725066,0.001736111111111111,0.9770282830965343,4.433252573013306
BitcoinTransactions,15,349,129,0.35,0.5,5,0.06871331240075396,0.0016806722689075631,0.9872526888859381,4.465158462524414
BitcoinTransactions,15,349,148,0.4,0.5,1,0.061025070247612105,0.0021321961620469083,0.9679989377240739,4.272456645965576
BitcoinTransactions,15,349,148,0.4,0.5,2,0.06940872105814272,0.000980392156862745,0.9345372460496614,4.458361387252808
BitcoinTransactions,15,349,148,0.4,0.5,3,0.06297712695772634,0.0029239766081871343,1.0,4.504739284515381
BitcoinTransactions,15,349,148,0.4,0.5,4,0.07701986889636897,0.001112759643916914,0.9553844111007834,4.598564147949219
BitcoinTransactions,15,349,148,0.4,0.5,5,0.07285370824553297,0.001827485380116959,0.9584384543885274,4.62970757484436
BitcoinTransactions,15,349,166,0.45,0.5,1,0.08372604309870263,0.001183431952662722,0.9512680918868676,4.625955581665039
BitcoinTransactions,15,349,166,0.45,0.5,2,0.06103645055938859,0.0009689922480620155,0.9537909972115257,4.676255226135254
BitcoinTransactions,15,349,166,0.45,0.5,3,0.06783614282841519,0.002225519287833828,0.991369008099854,4.623140335083008
BitcoinTransactions,15,349,166,0.45,0.5,4,0.07848737182332553,0.002232142857142857,0.9919001460629399,4.648473501205444
BitcoinTransactions,15,349,166,0.45,0.5,5,0.0670455164805098,0.003138731952291274,0.9897755942105962,4.387412071228027
BitcoinTransactions,15,349,184,0.5,0.5,1,0.06999016935470194,0.0011904761904761906,0.9953525428229982,4.75151801109314
BitcoinTransactions,15,349,184,0.5,0.5,2,0.0704092515662016,0.002446183953033268,0.9389191342451202,4.436081409454346
BitcoinTransactions,15,349,184,0.5,0.5,3,0.05818458677084816,0.0020964360587002098,0.990837870136768,4.727437257766724
BitcoinTransactions,15,349,184,0.5,0.5,4,0.06519247411080833,0.0015479876160990713,0.9679989377240739,4.7506585121154785
BitcoinTransactions,15,349,184,0.5,0.5,5,0.06210861865388904,0.0014749262536873156,0.9653432479086442,4.671224594116211
BitcoinTransactions,15,349,203,0.55,0.5,1,0.0767542997878538,0.001488095238095238,0.9893772407382818,4.630302667617798
BitcoinTransactions,15,349,203,0.55,0.5,2,0.07246563785446124,0.0029498525073746312,1.0,4.62925386428833
BitcoinTransactions,15,349,203,0.55,0.5,3,0.07167086748579622,0.001670843776106934,0.9751693002257337,4.577547073364258
BitcoinTransactions,15,349,203,0.55,0.5,4,0.0654550555630609,0.0014705882352941176,0.991369008099854,4.516091346740723
BitcoinTransactions,15,349,203,0.55,0.5,5,0.0647214405690362,0.0011594202898550724,0.9926968530075687,4.4771037101745605
BitcoinTransactions,15,349,221,0.6,0.5,1,0.06543840011414759,0.0005780346820809249,0.9487451865622095,4.4623122215271
BitcoinTransactions,15,349,221,0.6,0.5,2,0.06490076487423772,0.001266891891891892,0.9322799097065463,4.371246576309204
BitcoinTransactions,15,349,221,0.6,0.5,3,0.06894996341820427,0.0016906170752324597,0.9321471252157748,4.453422546386719
BitcoinTransactions,15,349,221,0.6,0.5,4,0.06691320440400765,0.001379310344827586,0.9838002921258797,4.318549156188965
BitcoinTransactions,15,349,221,0.6,0.5,5,0.06286899432762205,0.0013188262446422684,0.9670694462886735,4.468296766281128
BitcoinTransactions,15,349,240,0.65,0.5,1,0.08190022613439554,0.001267962806424345,0.9770282830965343,4.400707006454468
BitcoinTransactions,15,349,240,0.65,0.5,2,0.0655052100730383,0.002145002145002145,0.9869871199043951,4.4253551959991455
BitcoinTransactions,15,349,240,0.65,0.5,3,0.0654670304331277,0.0024390243902439024,0.999734431018457,4.42912483215332
BitcoinTransactions,15,349,240,0.65,0.5,4,0.06714566536063797,0.0022893772893772895,0.9836675076351082,4.418645620346069
BitcoinTransactions,15,349,240,0.65,0.5,5,0.06596234737341154,0.0016887137630171687,0.987783826849024,4.470073223114014
BitcoinTransactions,15,349,258,0.7,0.5,1,0.0699771645295141,0.0020695364238410598,0.9885805337936528,4.378169536590576
BitcoinTransactions,15,349,258,0.7,0.5,2,0.06713265773563983,0.0025025025025025025,0.9998672155092285,4.525203704833984
BitcoinTransactions,15,349,258,0.7,0.5,3,0.06704056563370188,0.001643655489809336,0.9709201965210463,4.665322780609131
BitcoinTransactions,15,349,258,0.7,0.5,4,0.07194370881167661,0.001466275659824047,0.9527287212853539,4.669450759887695
BitcoinTransactions,15,349,258,0.7,0.5,5,0.06520317903012883,0.0012494793835901709,0.98472978356128,4.699362516403198
BitcoinTransactions,15,349,277,0.75,0.5,1,0.06283498292295372,0.0017857142857142857,0.9840658611074227,4.668386697769165
BitcoinTransactions,15,349,277,0.75,0.5,2,0.06099636160423318,0.00249500998003992,0.999734431018457,4.617546081542969
BitcoinTransactions,15,349,277,0.75,0.5,3,0.06756258074811317,0.0019782393669634025,0.9868543354136237,4.669243335723877
BitcoinTransactions,15,349,277,0.75,0.5,4,0.06966140458692394,0.0017751479289940828,0.9872526888859381,4.729504585266113
BitcoinTransactions,15,349,277,0.75,0.5,5,0.06863495278624414,0.0030120481927710845,1.0,4.6961729526519775
BitcoinTransactions,15,349,295,0.8,0.5,1,0.06874051478934123,0.00196078431372549,0.9800823263842783,4.736967325210571
BitcoinTransactions,15,349,295,0.8,0.5,2,0.0650773958058696,0.003194888178913738,1.0,4.709385871887207
BitcoinTransactions,15,349,295,0.8,0.5,3,0.062340417901017596,0.0021994134897360706,0.999734431018457,4.741773843765259
BitcoinTransactions,15,349,295,0.8,0.5,4,0.0708044549099779,0.0027901785714285715,0.9867215509228522,4.60154390335083
BitcoinTransactions,15,349,295,0.8,0.5,5,0.058198991553256085,0.0009689922480620155,0.9693267826317886,4.7048118114471436
BitcoinTransactions,15,349,314,0.85,0.5,1,0.06147161298954674,0.0019782393669634025,0.9504713849422387,4.656342267990112
BitcoinTransactions,15,349,314,0.85,0.5,2,0.0521494024422771,0.0014534883720930232,0.9868543354136237,4.752560377120972
BitcoinTransactions,15,349,314,0.85,0.5,3,0.05670043764827251,0.0016196954972465176,0.9925640685167972,4.692508935928345
BitcoinTransactions,15,349,314,0.85,0.5,4,0.06542341842820017,0.0020134228187919465,0.976364360642677,4.459481477737427
BitcoinTransactions,15,349,314,0.85,0.5,5,0.07032006502071776,0.0017441860465116279,0.9856592749966804,4.471206903457642
BitcoinTransactions,15,349,332,0.9,0.5,1,0.06845734325872667,0.0035919540229885057,0.999734431018457,4.234161376953125
BitcoinTransactions,15,349,332,0.9,0.5,2,0.064176596017015,0.0012531328320802004,0.984995352542823,4.446821928024292
BitcoinTransactions,15,349,332,0.9,0.5,3,0.06230640400658931,0.0012422360248447205,0.9216571504448281,4.4360926151275635
BitcoinTransactions,15,349,332,0.9,0.5,4,0.08223733037450305,0.002523659305993691,0.999734431018457,4.416791915893555
BitcoinTransactions,15,349,332,0.9,0.5,5,0.06787489181405201,0.0013227513227513227,0.9754348692072766,4.476713418960571
BitcoinTransactions,15,349,351,0.95,0.5,1,0.06519620344247544,0.0024024024024024023,0.9998672155092285,4.3086748123168945
BitcoinTransactions,15,349,351,0.95,0.5,2,0.07325855404455467,0.0027472527472527475,0.9993360775461426,4.517251491546631
BitcoinTransactions,15,349,351,0.95,0.5,3,0.06418806456227093,0.001984126984126984,0.9860576284689948,4.694671154022217
BitcoinTransactions,15,349,351,0.95,0.5,4,0.06730116867474589,0.0029498525073746312,1.0,4.686075448989868
BitcoinTransactions,15,349,351,0.95,0.5,5,0.06507930763701104,0.0023323615160349854,0.9930952064798831,4.725121974945068
BitcoinTransactions,15,349,369,1,0.5,1,0.08248235697608333,0.0021514629948364886,0.9912362236090825,4.678042411804199
BitcoinTransactions,15,349,369,1,0.5,2,0.07256383622253582,0.0019665683382497543,0.9774266365688488,4.658204793930054
BitcoinTransactions,15,349,369,1,0.5,3,0.06772829718058648,0.0044943820224719105,0.9962820342583987,4.3902974128723145
BitcoinTransactions,15,349,369,1,0.5,4,0.07483399887902975,0.0019723865877712033,0.9976098791661134,4.763160705566406
BitcoinTransactions,15,349,369,1,0.5,5,0.07998853622249212,0.0024242424242424242,0.9921657150444828,4.668110132217407
BitcoinTransactions,16,419,0,0,,1,0.06718825793305422,0.0013020833333333333,0.9758745476477684,
BitcoinTransactions,16,419,0,0,,2,0.07092793586728036,0.0015,0.9908859402224903,
BitcoinTransactions,16,419,0,0,,3,0.07218139654769992,0.0020161290322580645,0.9928963945851762,
BitcoinTransactions,16,419,0,0,,4,0.0708820563678259,0.0016490765171503958,0.9926283340034848,
BitcoinTransactions,16,419,0,0,,5,0.08037926426283912,0.002208480565371025,0.9758745476477684,
BitcoinTransactions,16,419,4,0.01,0.5,1,0.07494155320554666,0.0017543859649122807,0.9867310012062727,4.736457109451294
BitcoinTransactions,16,419,4,0.01,0.5,2,0.06189789624234486,0.0014998125234345708,0.9839163650985122,4.769708633422852
BitcoinTransactions,16,419,4,0.01,0.5,3,0.07032500624360134,0.0017543859649122807,0.9958450609837823,4.772709608078003
BitcoinTransactions,16,419,4,0.01,0.5,4,0.07597879941501083,0.0013157894736842105,0.974534244739311,4.547692060470581
BitcoinTransactions,16,419,4,0.01,0.5,5,0.06902795608485039,0.0017873100983020554,0.9951749095295537,4.757838726043701
BitcoinTransactions,16,419,21,0.05,0.5,1,0.08274097170766931,0.0017029972752043597,0.9879372738238842,4.72901463508606
BitcoinTransactions,16,419,21,0.05,0.5,2,0.05290928087148771,0.001968503937007874,0.9927623642943305,4.871987819671631
BitcoinTransactions,16,419,21,0.05,0.5,3,0.07290786829867743,0.0019212295869356388,0.9927623642943305,4.7260987758636475
BitcoinTransactions,16,419,21,0.05,0.5,4,0.08728953810642798,0.0028517110266159697,0.9782870928829915,4.56873083114624
BitcoinTransactions,16,419,21,0.05,0.5,5,0.059683836288109596,0.0015444015444015444,0.991019970513336,4.647021770477295
BitcoinTransactions,16,419,42,0.1,0.5,1,0.06203442210859678,0.0013054830287206266,0.9978555153464683,4.741857051849365
BitcoinTransactions,16,419,42,0.1,0.5,2,0.06616130563023728,0.0021872265966754157,0.9998659697091543,4.629862308502197
BitcoinTransactions,16,419,42,0.1,0.5,3,0.07005219164054248,0.0023584905660377358,0.9937005763302507,4.344066619873047
BitcoinTransactions,16,419,42,0.1,0.5,4,0.06867172104105314,0.0017873100983020554,0.9954429701112452,4.435728549957275
BitcoinTransactions,16,419,42,0.1,0.5,5,0.06074643851794905,0.002105263157894737,0.995040879238708,4.457366228103638
BitcoinTransactions,16,419,64,0.15,0.5,1,0.06344853092864222,0.0013404825737265416,0.9951749095295537,4.453397274017334
BitcoinTransactions,16,419,64,0.15,0.5,2,0.06983640531057128,0.003820960698689956,0.9946387883661707,4.303842544555664
BitcoinTransactions,16,419,64,0.15,0.5,3,0.06437324963853315,0.0021108179419525065,0.9955770004020909,4.492435693740845
BitcoinTransactions,16,419,64,0.15,0.5,4,0.07288511728226102,0.0017497812773403325,0.993030424876022,4.497008800506592
BitcoinTransactions,16,419,64,0.15,0.5,5,0.06787198609289159,0.002270663033605813,0.971049457177322,4.448614835739136
BitcoinTransactions,16,419,85,0.2,0.5,1,0.06301960417577862,0.0019098548510313217,0.9947728186570165,4.469441175460815
BitcoinTransactions,16,419,85,0.2,0.5,2,0.0617668645509698,0.0021798365122615805,0.9997319394183085,4.6244893074035645
BitcoinTransactions,16,419,85,0.2,0.5,3,0.07507060126558292,0.0021777003484320556,0.9506768529687709,4.666485786437988
BitcoinTransactions,16,419,85,0.2,0.5,4,0.06793583021253942,0.0015117157974300832,0.999463878836617,4.736020088195801
BitcoinTransactions,16,419,85,0.2,0.5,5,0.0774280469031063,0.0022284122562674096,0.995040879238708,4.642025709152222
BitcoinTransactions,16,419,106,0.25,0.5,1,0.08116797838563915,0.0022535211267605635,0.9997319394183085,4.643321514129639
BitcoinTransactions,16,419,106,0.25,0.5,2,0.07158226008903107,0.0015037593984962407,0.9942366974936335,4.6451287269592285
BitcoinTransactions,16,419,106,0.25,0.5,3,0.06624487363640556,0.001864975755315181,0.980565607827369,4.727151870727539
BitcoinTransactions,16,419,106,0.25,0.5,4,0.06082085077917021,0.0013227513227513227,0.9723897600857794,4.710860967636108
BitcoinTransactions,16,419,106,0.25,0.5,5,0.07500858963237969,0.0027548209366391185,1.0,4.4205029010772705
BitcoinTransactions,16,419,128,0.3,0.5,1,0.06578961903601943,0.0020215633423180594,0.9975874547647768,4.693124055862427
BitcoinTransactions,16,419,128,0.3,0.5,2,0.05943374064518918,0.0015077271013946476,0.9857927891703525,4.6959264278411865
BitcoinTransactions,16,419,128,0.3,0.5,3,0.06359581912694073,0.0033467202141900937,0.9997319394183085,4.3961968421936035
BitcoinTransactions,16,419,128,0.3,0.5,4,0.060567054293738605,0.002652519893899204,1.0,4.498607397079468
BitcoinTransactions,16,419,128,0.3,0.5,5,0.06778312606667505,0.001763668430335097,0.9912880310950275,4.46159291267395
BitcoinTransactions,16,419,149,0.35,0.5,1,0.07510833131416617,0.0014393666786613889,0.9886074252781129,4.479633808135986
BitcoinTransactions,16,419,149,0.35,0.5,2,0.06693741571644451,0.0023703703703703703,0.9802975472456775,4.467692613601685
BitcoinTransactions,16,419,149,0.35,0.5,3,0.06442578502046142,0.0020215633423180594,0.9995979091274628,4.451805830001831
BitcoinTransactions,16,419,149,0.35,0.5,4,0.06697122871759906,0.002204585537918871,0.9997319394183085,4.488447666168213
BitcoinTransactions,16,419,149,0.35,0.5,5,0.07031130971521639,0.0022104332449160036,0.9997319394183085,4.46340799331665
BitcoinTransactions,16,419,170,0.4,0.5,1,0.07196485716423427,0.0020491803278688526,0.9906178796407988,4.333369493484497
BitcoinTransactions,16,419,170,0.4,0.5,2,0.06473161558023215,0.002168021680216802,0.9928963945851762,4.537839889526367
BitcoinTransactions,16,419,170,0.4,0.5,3,0.07341687571765383,0.0021108179419525065,0.995040879238708,4.650609016418457
BitcoinTransactions,16,419,170,0.4,0.5,4,0.06237339034763534,0.002234137622877569,0.995979091274628,4.674113035202026
BitcoinTransactions,16,419,170,0.4,0.5,5,0.06267506815477386,0.001152073732718894,0.985524728588661,4.651232481002808
BitcoinTransactions,16,419,191,0.45,0.5,1,0.06617494606007168,0.002204585537918871,0.9997319394183085,4.657160043716431
BitcoinTransactions,16,419,191,0.45,0.5,2,0.06625247107550104,0.0017992083483267362,0.9918241522584104,4.705098867416382
BitcoinTransactions,16,419,191,0.45,0.5,3,0.06378395778127985,0.0017045454545454545,0.9949068489478622,4.649825096130371
BitcoinTransactions,16,419,191,0.45,0.5,4,0.07253987482204098,0.001336898395721925,0.9947728186570165,4.666234970092773
BitcoinTransactions,16,419,191,0.45,0.5,5,0.06200299668468945,0.00125,0.999463878836617,4.72363543510437
BitcoinTransactions,16,419,212,0.5,0.5,1,0.06845830497286846,0.0017543859649122807,0.9764106688111513,4.6435418128967285
BitcoinTransactions,16,419,212,0.5,0.5,2,0.0751080216305501,0.001507537688442211,0.9887414555689585,4.601920127868652
BitcoinTransactions,16,419,212,0.5,0.5,3,0.07364071649829705,0.002484472049689441,0.993030424876022,4.347183704376221
BitcoinTransactions,16,419,212,0.5,0.5,4,0.07483650273813365,0.0015748031496062992,0.9796273957914489,4.471519708633423
BitcoinTransactions,16,419,212,0.5,0.5,5,0.0607511425862463,0.0012531328320802004,0.9934325157485592,4.460903167724609
BitcoinTransactions,16,419,234,0.55,0.5,1,0.06535283338811754,0.002027027027027027,0.9997319394183085,4.449079751968384
BitcoinTransactions,16,419,234,0.55,0.5,2,0.06778728819240598,0.002,0.993030424876022,4.4579362869262695
BitcoinTransactions,16,419,234,0.55,0.5,3,0.07750284665512591,0.0015873015873015873,0.9857927891703525,4.344919919967651
BitcoinTransactions,16,419,234,0.55,0.5,4,0.07610764192011638,0.0020604395604395605,0.9961131215654738,4.412706136703491
BitcoinTransactions,16,419,234,0.55,0.5,5,0.06663311046843921,0.0029342723004694834,0.9997319394183085,4.309850692749023
BitcoinTransactions,16,419,255,0.6,0.5,1,0.07501407520961607,0.0013623978201634877,0.9864629406245812,4.607140064239502
BitcoinTransactions,16,419,255,0.6,0.5,2,0.06611324078797098,0.0018796992481203006,0.9812357592815977,4.6646888256073
BitcoinTransactions,16,419,255,0.6,0.5,3,0.06957156866789711,0.0012987012987012987,0.9828441227717464,4.647889137268066
BitcoinTransactions,16,419,255,0.6,0.5,4,0.07246026147815188,0.0021447721179624667,0.9998659697091543,4.6404478549957275
BitcoinTransactions,16,419,255,0.6,0.5,5,0.07736109799897682,0.002,0.993030424876022,4.640197277069092
BitcoinTransactions,16,419,276,0.65,0.5,1,0.060911777515153316,0.002234137622877569,0.9998659697091543,4.65283203125
BitcoinTransactions,16,419,276,0.65,0.5,2,0.06824380429890367,0.002183406113537118,0.9894116070231872,4.286842584609985
BitcoinTransactions,16,419,276,0.65,0.5,3,0.06294950687683361,0.0021798365122615805,0.9995979091274628,4.672220468521118
BitcoinTransactions,16,419,276,0.65,0.5,4,0.06758947502549673,0.0016666666666666668,0.9845865165527409,4.650805950164795
BitcoinTransactions,16,419,276,0.65,0.5,5,0.07894033270523533,0.001694915254237288,0.9829781530625922,4.329004764556885
BitcoinTransactions,16,419,298,0.7,0.5,1,0.06983520702218814,0.0019098548510313217,0.9991958182549256,4.453019142150879
BitcoinTransactions,16,419,298,0.7,0.5,2,0.0724700956015345,0.0016085790884718498,0.9975874547647768,4.399744272232056
BitcoinTransactions,16,419,298,0.7,0.5,3,0.058915072755044796,0.001336898395721925,0.997989545637314,4.432387351989746
BitcoinTransactions,16,419,298,0.7,0.5,4,0.06871511588085502,0.0020325203252032522,0.9997319394183085,4.394148111343384
BitcoinTransactions,16,419,298,0.7,0.5,5,0.073129997559083,0.001989389920424403,0.9997319394183085,4.46057653427124
BitcoinTransactions,16,419,319,0.75,0.5,1,0.07085381975441805,0.0011838989739542227,0.9699772148505562,4.296145439147949
BitcoinTransactions,16,419,319,0.75,0.5,2,0.07987226288061526,0.0016891891891891893,0.978555153464683,4.421529054641724
BitcoinTransactions,16,419,319,0.75,0.5,3,0.06381603275240336,0.0019201228878648233,0.9949068489478622,4.440381288528442
BitcoinTransactions,16,419,319,0.75,0.5,4,0.06247400275500398,0.002240143369175627,0.9997319394183085,4.44258975982666
BitcoinTransactions,16,419,319,0.75,0.5,5,0.06770475744122299,0.0026595744680851063,1.0,4.445313453674316
BitcoinTransactions,16,419,340,0.8,0.5,1,0.07407111462449274,0.0023483365949119373,0.9997319394183085,4.440868854522705
BitcoinTransactions,16,419,340,0.8,0.5,2,0.0834644520996858,0.002886002886002886,0.993030424876022,4.311056613922119
BitcoinTransactions,16,419,340,0.8,0.5,3,0.07613847177890853,0.002259036144578313,0.9990617879640799,4.474575757980347
BitcoinTransactions,16,419,340,0.8,0.5,4,0.05783655623408835,0.0010178117048346056,0.9824420318992092,4.688185930252075
BitcoinTransactions,16,419,340,0.8,0.5,5,0.07049030259569151,0.0022893772893772895,0.9927623642943305,4.657328128814697
BitcoinTransactions,16,419,361,0.85,0.5,1,0.07157087055633721,0.0020512820512820513,0.9951749095295537,4.702505588531494
BitcoinTransactions,16,419,361,0.85,0.5,2,0.06360852824344213,0.002,0.9941026672027878,4.667543649673462
BitcoinTransactions,16,419,361,0.85,0.5,3,0.08087501074466616,0.001519756838905775,0.9914220613858732,4.5659589767456055
BitcoinTransactions,16,419,361,0.85,0.5,4,0.07074651252491775,0.0013123359580052493,0.992494303712639,4.765533685684204
BitcoinTransactions,16,419,361,0.85,0.5,5,0.07482952841180113,0.0019569471624266144,0.9977214850556225,4.695697546005249
BitcoinTransactions,16,419,382,0.9,0.5,1,0.07577860354133092,0.0035087719298245615,1.0,4.536717653274536
BitcoinTransactions,16,419,382,0.9,0.5,2,0.0658040990203972,0.0022522522522522522,0.9997319394183085,4.6907570362091064
BitcoinTransactions,16,419,382,0.9,0.5,3,0.06627935545144269,0.00202020202020202,0.9995979091274628,4.682668447494507
BitcoinTransactions,16,419,382,0.9,0.5,4,0.06752122349410879,0.004317789291882556,0.9997319394183085,4.395480155944824
BitcoinTransactions,16,419,382,0.9,0.5,5,0.06205589150793667,0.0006393861892583121,0.9934325157485592,4.4561357498168945
BitcoinTransactions,16,419,404,0.95,0.5,1,0.06763854642193647,0.0019409937888198758,0.9974534244739311,4.473472356796265
BitcoinTransactions,16,419,404,0.95,0.5,2,0.06273329147955015,0.0023458445040214475,0.9995979091274628,4.457640647888184
BitcoinTransactions,16,419,404,0.95,0.5,3,0.070376810878168,0.0016129032258064516,0.9746682750301568,4.454270124435425
BitcoinTransactions,16,419,404,0.95,0.5,4,0.07009506656802367,0.002758620689655172,0.9997319394183085,4.3497092723846436
BitcoinTransactions,16,419,404,0.95,0.5,5,0.0668635082275001,0.0017946877243359654,0.9983916365098512,4.47148323059082
BitcoinTransactions,16,419,425,1,0.5,1,0.05894448422594888,0.0020887728459530026,0.9954429701112452,4.538882255554199
BitcoinTransactions,16,419,425,1,0.5,2,0.0779805988040685,0.004201680672268907,0.9961131215654738,4.411170721054077
BitcoinTransactions,16,419,425,1,0.5,3,0.06574486827752037,0.0020671834625322996,0.9997319394183085,4.787484645843506
BitcoinTransactions,16,419,425,1,0.5,4,0.06894768219599705,0.0026595744680851063,1.0,4.777460098266602
BitcoinTransactions,16,419,425,1,0.5,5,0.06219991929461347,0.002173913043478261,0.9997319394183085,4.517530679702759
BitcoinTransactions,17,308,0,0,,1,0.07695561794441351,0.0022148394241417496,0.9997358689910195,
BitcoinTransactions,17,308,0,0,,2,0.061865258138695624,0.0011148272017837235,0.958135235076598,
BitcoinTransactions,17,308,0,0,,3,0.07202109294779371,0.0013422818791946308,0.9276281035393555,
BitcoinTransactions,17,308,0,0,,4,0.06271517039334035,0.0013245033112582781,0.9887744321183307,
BitcoinTransactions,17,308,0,0,,5,0.06646635107924424,0.0006622516556291391,0.9469096671949286,
BitcoinTransactions,17,308,3,0.01,0.5,1,0.06489234305146561,0.0008333333333333334,0.9841521394611727,4.519266128540039
BitcoinTransactions,17,308,3,0.01,0.5,2,0.07239405139803423,0.0006622516556291391,0.9086106708927628,4.669682502746582
BitcoinTransactions,17,308,3,0.01,0.5,3,0.06954217796097013,0.0008417508417508417,0.9759640781827786,4.618397235870361
BitcoinTransactions,17,308,3,0.01,0.5,4,0.07612093034842106,0.0006688963210702341,0.95932382461701,4.6883766651153564
BitcoinTransactions,17,308,3,0.01,0.5,5,0.0704140009753375,0.0005518763796909492,0.9142894875858426,4.601231098175049
BitcoinTransactions,17,308,16,0.05,0.5,1,0.07141657437484374,0.0005518763796909492,0.9064976228209192,4.648448467254639
BitcoinTransactions,17,308,16,0.05,0.5,2,0.06745997167006042,0.0004730368968779565,0.8507659799260433,4.499847173690796
BitcoinTransactions,17,308,16,0.05,0.5,3,0.0606704107635341,0.0008278145695364238,0.9375330163761225,4.5735578536987305
BitcoinTransactions,17,308,16,0.05,0.5,4,0.07704481927714481,0.0009523809523809524,0.9496830427892234,4.499457836151123
BitcoinTransactions,17,308,16,0.05,0.5,5,0.06257064690750473,0.0004730368968779565,0.9062334918119387,4.466034173965454
BitcoinTransactions,17,308,32,0.1,0.5,1,0.06921751511119592,0.0004730368968779565,0.9359482303222398,4.457781791687012
BitcoinTransactions,17,308,32,0.1,0.5,2,0.06669678253604969,0.0016181229773462784,0.9631537242472267,4.164041519165039
BitcoinTransactions,17,308,32,0.1,0.5,3,0.07462735486927356,0.0005518763796909492,0.9499471737982039,4.441429376602173
BitcoinTransactions,17,308,32,0.1,0.5,4,0.07598792942227667,0.0004730368968779565,0.8367670364500792,4.3819591999053955
BitcoinTransactions,17,308,32,0.1,0.5,5,0.0766972860105409,0.0008305647840531562,0.949418911780243,4.4517810344696045
BitcoinTransactions,17,308,48,0.15,0.5,1,0.07695116947887863,0.0022189349112426036,0.9173269941891178,4.342572450637817
BitcoinTransactions,17,308,48,0.15,0.5,2,0.07380238109735109,0.002197802197802198,0.9418911780243,4.521559238433838
BitcoinTransactions,17,308,48,0.15,0.5,3,0.06654222725581257,0.0013333333333333333,0.9776809297411516,4.664728403091431
BitcoinTransactions,17,308,48,0.15,0.5,4,0.06837087008806435,0.0005537098560354374,0.9082144743792921,4.607866287231445
BitcoinTransactions,17,308,48,0.15,0.5,5,0.06374834160524032,0.000664451827242525,0.9504754358161648,4.6802568435668945
BitcoinTransactions,17,308,65,0.2,0.5,1,0.07513516428650348,0.0009328358208955224,0.8223718964606445,4.294508457183838
BitcoinTransactions,17,308,65,0.2,0.5,2,0.06459503001069469,0.0011074197120708748,0.948230322239831,4.6791229248046875
BitcoinTransactions,17,308,65,0.2,0.5,3,0.06958823854072065,0.0013468013468013469,0.9486265187533016,4.720156192779541
BitcoinTransactions,17,308,65,0.2,0.5,4,0.059994712853713016,0.0005537098560354374,0.9484944532488114,4.683542251586914
BitcoinTransactions,17,308,65,0.2,0.5,5,0.07900176099209633,0.0006622516556291391,0.8878763866877971,4.661410808563232
BitcoinTransactions,17,308,81,0.25,0.5,1,0.06478092439509495,0.0008305647840531562,0.9212889593238246,4.645223617553711
BitcoinTransactions,17,308,81,0.25,0.5,2,0.06573293973160804,0.0008278145695364238,0.9462493396724776,4.4752562046051025
BitcoinTransactions,17,308,81,0.25,0.5,3,0.06711635408394406,0.0011074197120708748,0.944136291600634,4.459818124771118
BitcoinTransactions,17,308,81,0.25,0.5,4,0.06440353999464635,0.0016666666666666668,0.9607765451664025,4.465291261672974
BitcoinTransactions,17,308,81,0.25,0.5,5,0.0686991509243835,0.0014964459408903852,0.9433438985736925,4.3771302700042725
BitcoinTransactions,17,308,97,0.3,0.5,1,0.06706284248281283,0.0004152823920265781,0.9120443740095087,4.475912809371948
BitcoinTransactions,17,308,97,0.3,0.5,2,0.06743545662157276,0.001937046004842615,0.9846804014791336,4.351527452468872
BitcoinTransactions,17,308,97,0.3,0.5,3,0.07237006500173383,0.00132890365448505,0.9097992604331748,4.454112529754639
BitcoinTransactions,17,308,97,0.3,0.5,4,0.07328225292773487,0.0005518763796909492,0.9156101426307448,4.473067998886108
BitcoinTransactions,17,308,97,0.3,0.5,5,0.07682940271005777,0.0011074197120708748,0.9202324352879028,4.554037570953369
BitcoinTransactions,17,308,113,0.35,0.5,1,0.06140590355641291,0.0007482229704451926,0.9243264659270999,4.661635160446167
BitcoinTransactions,17,308,113,0.35,0.5,2,0.074560523379933,0.0013377926421404682,0.9866613840464871,4.683380603790283
BitcoinTransactions,17,308,113,0.35,0.5,3,0.06194721568050847,0.0008361204013377926,0.975567881669308,4.699737310409546
BitcoinTransactions,17,308,113,0.35,0.5,4,0.06416605202770705,0.0008361204013377926,0.9467776016904385,4.67862606048584
BitcoinTransactions,17,308,113,0.35,0.5,5,0.07443605383063148,0.0014238253440911248,0.93026941362916,4.670888185501099
BitcoinTransactions,17,308,129,0.4,0.5,1,0.06451372759982006,0.0005574136008918618,0.9483623877443211,4.659824848175049
BitcoinTransactions,17,308,129,0.4,0.5,2,0.0698405546870281,0.001282051282051282,0.9193079767564712,4.386847257614136
BitcoinTransactions,17,308,129,0.4,0.5,3,0.07596438227569904,0.0013468013468013469,0.9916798732171157,4.721126317977905
BitcoinTransactions,17,308,129,0.4,0.5,4,0.07128215882445982,0.0009492168960607499,0.9474379292128896,4.7444376945495605
BitcoinTransactions,17,308,129,0.4,0.5,5,0.06566473484686923,0.0017857142857142857,0.9812466983623878,4.618335008621216
BitcoinTransactions,17,308,145,0.45,0.5,1,0.06777890656784802,0.0016778523489932886,0.9541732699418912,4.5262181758880615
BitcoinTransactions,17,308,145,0.45,0.5,2,0.061329736405539514,0.0019502681618722574,0.9762282091917591,4.464078187942505
BitcoinTransactions,17,308,145,0.45,0.5,3,0.06088431578275756,0.0004730368968779565,0.9108557844690967,4.4755470752716064
BitcoinTransactions,17,308,145,0.45,0.5,4,0.06448277733936936,0.0013377926421404682,0.9413629160063391,4.460821628570557
BitcoinTransactions,17,308,145,0.45,0.5,5,0.06436835129261398,0.0011111111111111111,0.9408346539883783,4.2949793338775635
BitcoinTransactions,17,308,162,0.5,0.5,1,0.07662646449885276,0.002006688963210702,0.9939249867934495,4.464200019836426
BitcoinTransactions,17,308,162,0.5,0.5,2,0.06368067893550616,0.0011111111111111111,0.973851030110935,4.489559650421143
BitcoinTransactions,17,308,162,0.5,0.5,3,0.06715448865420576,0.0011261261261261261,0.9510036978341257,4.361949920654297
BitcoinTransactions,17,308,162,0.5,0.5,4,0.07380617960885427,0.0017064846416382253,0.9381933438985737,4.562342882156372
BitcoinTransactions,17,308,162,0.5,0.5,5,0.07455289741787455,0.0005537098560354374,0.9160063391442155,4.644438028335571
BitcoinTransactions,17,308,178,0.55,0.5,1,0.07559682759944163,0.0016778523489932886,0.9536450079239303,4.668907165527344
BitcoinTransactions,17,308,178,0.55,0.5,2,0.06634249700009483,0.001266891891891892,0.945324881141046,4.563960790634155
BitcoinTransactions,17,308,178,0.55,0.5,3,0.0732257135963427,0.0009492168960607499,0.9358161648177497,4.691128253936768
BitcoinTransactions,17,308,178,0.55,0.5,4,0.06319062488038515,0.0009492168960607499,0.9230058108821976,4.700579404830933
BitcoinTransactions,17,308,178,0.55,0.5,5,0.08045496275011466,0.0014285714285714286,0.9643423137876387,4.6200501918792725
BitcoinTransactions,17,308,194,0.6,0.5,1,0.06675135266240713,0.0008333333333333334,0.9323824617010037,4.679761171340942
BitcoinTransactions,17,308,194,0.6,0.5,2,0.06906522050032868,0.0011655011655011655,0.9219492868462758,4.463539361953735
BitcoinTransactions,17,308,194,0.6,0.5,3,0.07580054084340809,0.0016891891891891893,0.9862651875330164,4.7785117626190186
BitcoinTransactions,17,308,194,0.6,0.5,4,0.06681669586410059,0.0008417508417508417,0.9418911780243,4.78466534614563
BitcoinTransactions,17,308,194,0.6,0.5,5,0.0638350073934385,0.0013468013468013469,0.9539091389329107,4.831360340118408
BitcoinTransactions,17,308,210,0.65,0.5,1,0.07051260943697683,0.003484320557491289,0.9618330692023244,4.535109043121338
BitcoinTransactions,17,308,210,0.65,0.5,2,0.06471728079047054,0.0014527845036319612,0.9698890649762282,4.755372524261475
BitcoinTransactions,17,308,210,0.65,0.5,3,0.06475475909997822,0.0009492168960607499,0.9270998415213946,4.781414270401001
BitcoinTransactions,17,308,210,0.65,0.5,4,0.07337919088458875,0.0016835016835016834,0.9500792393026941,4.752435207366943
BitcoinTransactions,17,308,210,0.65,0.5,5,0.07085766943604466,0.000664451827242525,0.9115161119915478,4.767332077026367
BitcoinTransactions,17,308,226,0.7,0.5,1,0.07668144278396762,0.0018587360594795538,0.9780771262546223,4.530766010284424
BitcoinTransactions,17,308,226,0.7,0.5,2,0.07238624294875991,0.0022675736961451248,0.9931325937665082,4.6399595737457275
BitcoinTransactions,17,308,226,0.7,0.5,3,0.0582834906926187,0.0011037527593818985,0.9867934495509773,4.728862047195435
BitcoinTransactions,17,308,226,0.7,0.5,4,0.07773841725521562,0.0011074197120708748,0.9500792393026941,4.64043927192688
BitcoinTransactions,17,308,226,0.7,0.5,5,0.0637632277531762,0.0009555661729574773,0.9095351294241945,4.519445180892944
BitcoinTransactions,17,308,242,0.75,0.5,1,0.0758321440310325,0.0020629190304280558,0.9537770734284206,4.268696546554565
BitcoinTransactions,17,308,242,0.75,0.5,2,0.06560592920898108,0.0013333333333333333,0.9823032223983096,4.422729253768921
BitcoinTransactions,17,308,242,0.75,0.5,3,0.06557319473558505,0.0027303754266211604,0.9998679344955098,4.399772644042969
BitcoinTransactions,17,308,242,0.75,0.5,4,0.0740718892288716,0.0008333333333333334,0.9054410987849973,4.398487329483032
BitcoinTransactions,17,308,242,0.75,0.5,5,0.062004495355776054,0.0004139072847682119,0.9298732171156894,4.484808921813965
BitcoinTransactions,17,308,258,0.8,0.5,1,0.06200116623901916,0.000664451827242525,0.9396460644479662,4.4664154052734375
BitcoinTransactions,17,308,258,0.8,0.5,2,0.06974926271070694,0.001433349259436216,0.9471737982039091,4.330404281616211
BitcoinTransactions,17,308,258,0.8,0.5,3,0.06715780107692555,0.0019047619047619048,0.9515319598520866,4.478808403015137
BitcoinTransactions,17,308,258,0.8,0.5,4,0.06141170769657375,0.0013377926421404682,0.9836238774432118,4.496500015258789
BitcoinTransactions,17,308,258,0.8,0.5,5,0.06870062007671686,0.0016891891891891893,0.949418911780243,4.456009149551392
BitcoinTransactions,17,308,275,0.85,0.5,1,0.06486193463310724,0.0013377926421404682,0.9293449550977285,4.442119121551514
BitcoinTransactions,17,308,275,0.85,0.5,2,0.074861419152918,0.0011376564277588168,0.9642102482831485,4.4447009563446045
BitcoinTransactions,17,308,275,0.85,0.5,3,0.06810500148143406,0.002325581395348837,0.996566296883254,4.272408485412598
BitcoinTransactions,17,308,275,0.85,0.5,4,0.06891444772607941,0.0016778523489932886,0.9862651875330164,4.646112680435181
BitcoinTransactions,17,308,275,0.85,0.5,5,0.06604061875030386,0.0009523809523809524,0.9342313787638669,4.67822790145874
BitcoinTransactions,17,308,291,0.9,0.5,1,0.06316600711989671,0.002033898305084746,0.995905969360803,4.676959753036499
BitcoinTransactions,17,308,291,0.9,0.5,2,0.0662554156739541,0.0011111111111111111,0.9537770734284206,4.702486276626587
BitcoinTransactions,17,308,291,0.9,0.5,3,0.06544626935668875,0.0011111111111111111,0.9479661912308505,4.664022207260132
BitcoinTransactions,17,308,291,0.9,0.5,4,0.08111846720310972,0.0022675736961451248,0.991283676703645,4.650107145309448
BitcoinTransactions,17,308,291,0.9,0.5,5,0.08010257141688179,0.0016778523489932886,0.9923402007395669,4.625597715377808
BitcoinTransactions,17,308,307,0.95,0.5,1,0.06330083760820518,0.0005537098560354374,0.9309297411516112,4.731645107269287
BitcoinTransactions,17,308,307,0.95,0.5,2,0.05978350671798091,0.0011299435028248588,0.9601162176439514,4.682988405227661
BitcoinTransactions,17,308,307,0.95,0.5,3,0.06850992429974287,0.000946073793755913,0.9483623877443211,4.674889087677002
BitcoinTransactions,17,308,307,0.95,0.5,4,0.06531985313832418,0.0016891891891891893,0.9601162176439514,4.560956716537476
BitcoinTransactions,17,308,307,0.95,0.5,5,0.07133599595947708,0.0016778523489932886,0.9889064976228209,4.5730979442596436
BitcoinTransactions,17,308,323,1,0.5,1,0.07253551251265875,0.002551020408163265,0.9808505018489171,4.5356764793396
BitcoinTransactions,17,308,323,1,0.5,2,0.06958152894318859,0.0013745704467353953,0.9837559429477021,4.490160942077637
BitcoinTransactions,17,308,323,1,0.5,3,0.06275717115242843,0.0009337068160597573,0.9216851558372953,4.45671534538269
BitcoinTransactions,17,308,323,1,0.5,4,0.0638360801490201,0.0004730368968779565,0.9146856840993133,4.336540699005127
BitcoinTransactions,17,308,323,1,0.5,5,0.06896262276460777,0.0038461538461538464,0.9815108293713682,4.329481363296509
BitcoinTransactions,18,161,0,0,,1,0.06943804447545128,0.003246753246753247,0.9876927063091074,
BitcoinTransactions,18,161,0,0,,2,0.05990820209913295,0.0032520325203252032,0.9787537245757223,
BitcoinTransactions,18,161,0,0,,3,0.07193657053514026,0.0018552875695732839,0.9325042103899469,
BitcoinTransactions,18,161,0,0,,4,0.05869608576460275,0.0018796992481203006,0.9673532841041586,
BitcoinTransactions,18,161,0,0,,5,0.0644784070406811,0.003947368421052632,0.9835470915921751,
BitcoinTransactions,18,161,2,0.01,0.5,1,0.06995192654890149,0.0025684931506849314,0.9453297059204561,4.432240009307861
BitcoinTransactions,18,161,2,0.01,0.5,2,0.06592283486951503,0.003289473684210526,0.95893250421039,4.466585636138916
BitcoinTransactions,18,161,2,0.01,0.5,3,0.07054699670025998,0.004081632653061225,0.987304054929395,4.432481050491333
BitcoinTransactions,18,161,2,0.01,0.5,4,0.06921216836608457,0.0033112582781456954,0.9532322839746081,4.561077117919922
BitcoinTransactions,18,161,2,0.01,0.5,5,0.08419248279572208,0.0033783783783783786,0.9735717061795569,4.6258323192596436
BitcoinTransactions,18,161,8,0.05,0.5,1,0.06341405363137244,0.0016339869281045752,0.9326337608498511,4.663071632385254
BitcoinTransactions,18,161,8,0.05,0.5,2,0.06601367289522309,0.002631578947368421,0.9580256509910611,4.788247108459473
BitcoinTransactions,18,161,8,0.05,0.5,3,0.08071791693845327,0.004934210526315789,0.9923565228656561,4.758428573608398
BitcoinTransactions,18,161,8,0.05,0.5,4,0.08466601779646406,0.0047169811320754715,0.9902837155071901,4.528333425521851
BitcoinTransactions,18,161,8,0.05,0.5,5,0.062252013549775144,0.0028763183125599234,0.9604871097292396,4.666454315185547
BitcoinTransactions,18,161,16,0.1,0.5,1,0.06873844533353342,0.004166666666666667,0.9598393574297188,4.646296977996826
BitcoinTransactions,18,161,16,0.1,0.5,2,0.08548310337315125,0.0040650406504065045,0.9897655136675735,4.500208377838135
BitcoinTransactions,18,161,16,0.1,0.5,3,0.07284395603408944,0.0043859649122807015,0.9648918253659801,4.5754945278167725
BitcoinTransactions,18,161,16,0.1,0.5,4,0.07125667579878506,0.002150537634408602,0.9563414950123073,4.590059757232666
BitcoinTransactions,18,161,16,0.1,0.5,5,0.07126234951781615,0.00130718954248366,0.9137193937038477,4.494287729263306
BitcoinTransactions,18,161,24,0.15,0.5,1,0.0779063180770184,0.005050505050505051,0.9326337608498511,4.248494625091553
BitcoinTransactions,18,161,24,0.15,0.5,2,0.06305863134396963,0.004137931034482759,0.9702033942220495,4.443105936050415
BitcoinTransactions,18,161,24,0.15,0.5,3,0.06653678697374599,0.002631578947368421,0.9479207151185387,4.32818865776062
BitcoinTransactions,18,161,24,0.15,0.5,4,0.058550797863008416,0.0033783783783783786,0.9848425961912165,4.4768664836883545
BitcoinTransactions,18,161,24,0.15,0.5,5,0.078516772645458,0.004347826086956522,0.9856198989506413,4.420506954193115
BitcoinTransactions,18,161,32,0.2,0.5,1,0.07442012883961058,0.008223684210526315,0.9634667703070345,4.264881372451782
BitcoinTransactions,18,161,32,0.2,0.5,2,0.07286331004017543,0.004562043795620438,0.9756445135380231,4.577843427658081
BitcoinTransactions,18,161,32,0.2,0.5,3,0.06283321797026245,0.006802721088435374,1.0,4.728004455566406
BitcoinTransactions,18,161,32,0.2,0.5,4,0.06523060813882998,0.002435064935064935,0.936520274646975,4.716047763824463
BitcoinTransactions,18,161,32,0.2,0.5,5,0.06798677385031465,0.003289473684210526,0.9445524031610312,4.678418874740601
BitcoinTransactions,18,161,40,0.25,0.5,1,0.0692002637391545,0.004934210526315789,0.9970203394222049,4.6946940422058105
BitcoinTransactions,18,161,40,0.25,0.5,2,0.07156598373246124,0.004016064257028112,0.944293302241223,4.376201868057251
BitcoinTransactions,18,161,40,0.25,0.5,3,0.08017768984338432,0.005333333333333333,0.9997408990801917,4.6390345096588135
BitcoinTransactions,18,161,40,0.25,0.5,4,0.06660550607335775,0.0019569471624266144,0.93949993522477,4.736478805541992
BitcoinTransactions,18,161,40,0.25,0.5,5,0.06705023508680771,0.003289473684210526,0.9604871097292396,4.686812400817871
BitcoinTransactions,18,161,48,0.3,0.5,1,0.07388224428325625,0.0035971223021582736,0.9841948438916959,4.56482195854187
BitcoinTransactions,18,161,48,0.3,0.5,2,0.058336065371964674,0.00228310502283105,0.9766809172172561,4.560467004776001
BitcoinTransactions,18,161,48,0.3,0.5,3,0.07965687736878915,0.0037267080745341614,0.9278403938333981,4.319089412689209
BitcoinTransactions,18,161,48,0.3,0.5,4,0.07867558603625034,0.006578947368421052,1.0,4.424969673156738
BitcoinTransactions,18,161,48,0.3,0.5,5,0.07182900766893889,0.003401360544217687,0.9597098069698148,4.44953465461731
BitcoinTransactions,18,161,56,0.35,0.5,1,0.06281874927146489,0.0024834437086092716,0.9593211555901023,4.483736991882324
BitcoinTransactions,18,161,56,0.35,0.5,2,0.07826272526897124,0.003401360544217687,0.9380748801658246,4.450144529342651
BitcoinTransactions,18,161,56,0.35,0.5,3,0.07142180098418366,0.003355704697986577,0.9600984583495271,4.343882083892822
BitcoinTransactions,18,161,56,0.35,0.5,4,0.06627872643915925,0.0024509803921568627,0.9322451094701386,4.458365201950073
BitcoinTransactions,18,161,56,0.35,0.5,5,0.07999897789990061,0.006,0.9634667703070345,4.355465888977051
BitcoinTransactions,18,161,64,0.4,0.5,1,0.06913045595668578,0.0025,0.9258971369348361,4.659874677658081
BitcoinTransactions,18,161,64,0.4,0.5,2,0.07217057018247619,0.0032679738562091504,0.9705920456017619,4.654353141784668
BitcoinTransactions,18,161,64,0.4,0.5,3,0.06194980788196606,0.003246753246753247,0.9915792201062313,4.651602268218994
BitcoinTransactions,18,161,64,0.4,0.5,4,0.0767645956153555,0.006561679790026247,0.9722762015805156,4.594879627227783
BitcoinTransactions,18,161,64,0.4,0.5,5,0.06908752429522833,0.0041390728476821195,0.9676123850239668,4.802163362503052
BitcoinTransactions,18,161,72,0.45,0.5,1,0.06511617098933145,0.0029239766081871343,0.9547868894934577,4.789884090423584
BitcoinTransactions,18,161,72,0.45,0.5,2,0.06118411632679459,0.0010964912280701754,0.9450706050006478,4.786410093307495
BitcoinTransactions,18,161,72,0.45,0.5,3,0.06232102145749914,0.004901960784313725,0.9664464308848296,4.513359308242798
BitcoinTransactions,18,161,72,0.45,0.5,4,0.07019525926334572,0.004251700680272109,0.9593211555901023,4.671827077865601
BitcoinTransactions,18,161,72,0.45,0.5,5,0.06777829154570682,0.004137931034482759,0.9514185775359503,4.673947334289551
BitcoinTransactions,18,161,80,0.5,0.5,1,0.06885596325199306,0.0033112582781456954,0.9952066329835471,4.677283525466919
BitcoinTransactions,18,161,80,0.5,0.5,2,0.06771367793618452,0.0032679738562091504,0.9898950641274776,4.6811747550964355
BitcoinTransactions,18,161,80,0.5,0.5,3,0.07471974196956481,0.002435064935064935,0.942350045342661,4.7073142528533936
BitcoinTransactions,18,161,80,0.5,0.5,4,0.06732020517153671,0.0033112582781456954,0.9920974219458479,4.711540222167969
BitcoinTransactions,18,161,80,0.5,0.5,5,0.07055678536065228,0.006,0.9848425961912165,4.407940864562988
BitcoinTransactions,18,161,87,0.55,0.5,1,0.06998093260983446,0.0018674136321195146,0.9523254307552792,4.478608131408691
BitcoinTransactions,18,161,87,0.55,0.5,2,0.08064023027160397,0.0069124423963133645,0.9996113486202876,4.324148893356323
BitcoinTransactions,18,161,87,0.55,0.5,3,0.06416385956977103,0.003947368421052632,0.9749967612385024,4.471137762069702
BitcoinTransactions,18,161,87,0.55,0.5,4,0.0638906428326032,0.002331002331002331,0.9398885866044825,4.424292325973511
BitcoinTransactions,18,161,87,0.55,0.5,5,0.08192923955279291,0.0025,0.9885995595284364,4.456532001495361
BitcoinTransactions,18,161,95,0.6,0.5,1,0.06537668144333246,0.003947368421052632,0.9860085503303537,4.367945671081543
BitcoinTransactions,18,161,95,0.6,0.5,2,0.0680751351617447,0.0021929824561403508,0.9560823940924991,4.466794490814209
BitcoinTransactions,18,161,95,0.6,0.5,3,0.07387818727127808,0.004395604395604396,0.9869154035496825,4.423111915588379
BitcoinTransactions,18,161,95,0.6,0.5,4,0.06488587299243463,0.004429678848283499,0.9730535043399404,4.583948612213135
BitcoinTransactions,18,161,95,0.6,0.5,5,0.06786634308876062,0.004273504273504274,0.972664852960228,4.5171167850494385
BitcoinTransactions,18,161,103,0.65,0.5,1,0.06303089416234954,0.0028011204481792717,0.9884700090685322,4.6810712814331055
BitcoinTransactions,18,161,103,0.65,0.5,2,0.06628314985450949,0.007246376811594203,0.9588029537504859,4.360965967178345
BitcoinTransactions,18,161,103,0.65,0.5,3,0.06799819878334488,0.003913894324853229,0.952195880295375,4.775463342666626
BitcoinTransactions,18,161,103,0.65,0.5,4,0.05938378438642282,0.00130718954248366,0.9578961005311569,4.79911470413208
BitcoinTransactions,18,161,103,0.65,0.5,5,0.06647514393874078,0.0033333333333333335,0.9591916051301982,4.724392890930176
BitcoinTransactions,18,161,111,0.7,0.5,1,0.07115401533073826,0.0069767441860465115,0.9650213758258842,4.521618604660034
BitcoinTransactions,18,161,111,0.7,0.5,2,0.0817186419580551,0.005136986301369863,0.9924860733255603,4.6986119747161865
BitcoinTransactions,18,161,111,0.7,0.5,3,0.07808392481854524,0.004222972972972973,0.9878222567690115,4.611560821533203
BitcoinTransactions,18,161,111,0.7,0.5,4,0.06542240568122379,0.004934210526315789,0.9997408990801917,4.604036569595337
BitcoinTransactions,18,161,111,0.7,0.5,5,0.07157001845739076,0.004357298474945534,0.9547868894934577,4.502782106399536
BitcoinTransactions,18,161,119,0.75,0.5,1,0.0725246165327659,0.002819548872180451,0.9896359632076693,4.477550029754639
BitcoinTransactions,18,161,119,0.75,0.5,2,0.07292828139857213,0.005333333333333333,0.9655395776655007,4.4757397174835205
BitcoinTransactions,18,161,119,0.75,0.5,3,0.08207868629118265,0.006775067750677507,0.9959839357429718,4.3887200355529785
BitcoinTransactions,18,161,119,0.75,0.5,4,0.060256362082705586,0.0029154518950437317,0.9775877704365851,4.452929735183716
BitcoinTransactions,18,161,119,0.75,0.5,5,0.06809453214337306,0.0033783783783783786,0.950252623396813,4.461252450942993
BitcoinTransactions,18,161,127,0.8,0.5,1,0.07802423226622018,0.004,0.9525845316750875,4.314631938934326
BitcoinTransactions,18,161,127,0.8,0.5,2,0.06443399522106213,0.003424657534246575,0.9632076693872264,4.4437415599823
BitcoinTransactions,18,161,127,0.8,0.5,3,0.061902353880329726,0.002955665024630542,0.9708511465215701,4.41340184211731
BitcoinTransactions,18,161,127,0.8,0.5,4,0.076758004087647,0.0033783783783783786,0.9832879906723669,4.418282985687256
BitcoinTransactions,18,161,127,0.8,0.5,5,0.06627837740714833,0.0045045045045045045,0.9840652934317917,4.495059967041016
BitcoinTransactions,18,161,135,0.85,0.5,1,0.06379748568837282,0.004694835680751174,0.9817333851535173,4.4344329833984375
BitcoinTransactions,18,161,135,0.85,0.5,2,0.0722374921818682,0.005369127516778523,0.9997408990801917,4.334810495376587
BitcoinTransactions,18,161,135,0.85,0.5,3,0.07053834738580521,0.005681818181818182,0.935613421427646,4.263225317001343
BitcoinTransactions,18,161,135,0.85,0.5,4,0.07312458420378438,0.006802721088435374,1.0,4.612249374389648
BitcoinTransactions,18,161,135,0.85,0.5,5,0.07255883758279577,0.005194805194805195,0.9936520274646975,4.43852686882019
BitcoinTransactions,18,161,143,0.9,0.5,1,0.07984000933731196,0.00510204081632653,0.9958543852830678,4.667212963104248
BitcoinTransactions,18,161,143,0.9,0.5,2,0.06009046424181014,0.0028763183125599234,0.9739603575592694,4.811627149581909
BitcoinTransactions,18,161,143,0.9,0.5,3,0.0648367098826967,0.002631578947368421,0.9729239538800363,4.836614608764648
BitcoinTransactions,18,161,143,0.9,0.5,4,0.06201572903376762,0.0025,0.9812151833139008,4.795368671417236
BitcoinTransactions,18,161,143,0.9,0.5,5,0.07241582451339375,0.005442176870748299,0.9575074491514445,4.739546775817871
BitcoinTransactions,18,161,151,0.95,0.5,1,0.07567602020292201,0.0021929824561403508,0.9632076693872264,4.722299098968506
BitcoinTransactions,18,161,151,0.95,0.5,2,0.059198157649905526,0.0033333333333333335,0.9996113486202876,4.7911155223846436
BitcoinTransactions,18,161,151,0.95,0.5,3,0.07224012457464564,0.0033333333333333335,0.9595802565099106,4.734462738037109
BitcoinTransactions,18,161,151,0.95,0.5,4,0.06527330307222329,0.004658385093167702,0.9747376603186941,4.5141921043396
BitcoinTransactions,18,161,151,0.95,0.5,5,0.06970272810927677,0.002631578947368421,0.9930042751651769,4.823594093322754
BitcoinTransactions,18,161,159,1,0.5,1,0.06749039054202736,0.007407407407407408,0.9997408990801917,4.443978548049927
BitcoinTransactions,18,161,159,1,0.5,2,0.07260728451956665,0.004761904761904762,0.9893768622878611,4.678278207778931
BitcoinTransactions,18,161,159,1,0.5,3,0.07174014820702745,0.005,0.9952066329835471,4.714695692062378
BitcoinTransactions,18,161,159,1,0.5,4,0.07215004668498796,0.0029354207436399216,0.9875631558492033,4.578776121139526
BitcoinTransactions,18,161,159,1,0.5,5,0.0652650109779735,0.004054054054054054,0.9953361834434512,4.519987106323242
BitcoinTransactions,19,616,0,0,,1,0.06784080563598519,0.0006600660066006601,0.9585627753303965,
BitcoinTransactions,19,616,0,0,,2,0.07282640155241295,0.0007142857142857143,0.9585627753303965,
BitcoinTransactions,19,616,0,0,,3,0.0670294250621092,0.00055005500550055,0.9284140969162996,
BitcoinTransactions,19,616,0,0,,4,0.0678083296478646,0.0007747933884297521,0.9509911894273128,
BitcoinTransactions,19,616,0,0,,5,0.06571226576338736,0.00034153005464480874,0.9436949339207048,
BitcoinTransactions,19,616,7,0.01,0.5,1,0.06812160727714425,0.0007130972189208462,0.9776982378854625,4.653991460800171
BitcoinTransactions,19,616,7,0.01,0.5,2,0.06827418743281903,0.0006544502617801048,0.9375,4.707779407501221
BitcoinTransactions,19,616,7,0.01,0.5,3,0.07909309948882352,0.000664451827242525,0.9541574889867841,4.5573484897613525
BitcoinTransactions,19,616,7,0.01,0.5,4,0.06854179615762046,0.00055005500550055,0.9271751101321586,4.526064395904541
BitcoinTransactions,19,616,7,0.01,0.5,5,0.07429317360903162,0.00041254125412541255,0.9494768722466961,4.453178405761719
BitcoinTransactions,19,616,34,0.05,0.5,1,0.07326461816592728,0.0026666666666666666,0.9870594713656388,4.222308158874512
BitcoinTransactions,19,616,34,0.05,0.5,2,0.08149928142016312,0.00033057851239669424,0.9501651982378855,4.448645353317261
BitcoinTransactions,19,616,34,0.05,0.5,3,0.06930929327199914,0.0006600660066006601,0.9582874449339207,4.471200466156006
BitcoinTransactions,19,616,34,0.05,0.5,4,0.07398349839992319,0.0009517766497461929,0.9376376651982379,4.2388763427734375
BitcoinTransactions,19,616,34,0.05,0.5,5,0.0715960997966812,0.0005899705014749262,0.9368116740088106,4.400416135787964
BitcoinTransactions,19,616,67,0.1,0.5,1,0.07214603424856349,0.0003898635477582846,0.9068006607929515,4.42353367805481
BitcoinTransactions,19,616,67,0.1,0.5,2,0.0676857910982706,0.0006611570247933885,0.9754955947136564,4.649292945861816
BitcoinTransactions,19,616,67,0.1,0.5,3,0.06447459572360865,0.00048344210780759005,0.9675110132158591,4.787764310836792
BitcoinTransactions,19,616,67,0.1,0.5,4,0.07200560133273932,0.0004714757190004715,0.9478248898678414,4.6541748046875
BitcoinTransactions,19,616,67,0.1,0.5,5,0.06548736604046701,0.0012396694214876034,0.9998623348017621,4.814965486526489
BitcoinTransactions,19,616,101,0.15,0.5,1,0.0787567828669994,0.002911208151382824,0.9681993392070485,4.500781536102295
BitcoinTransactions,19,616,101,0.15,0.5,2,0.059625087817780226,0.00033003300330033004,0.961453744493392,4.707226991653442
BitcoinTransactions,19,616,101,0.15,0.5,3,0.06437582467685575,0.0006622516556291391,0.9906387665198237,4.675459146499634
BitcoinTransactions,19,616,101,0.15,0.5,4,0.07158127575569904,0.0004730368968779565,0.943419603524229,4.673861742019653
BitcoinTransactions,19,616,101,0.15,0.5,5,0.058599331380175396,0.0005509641873278236,0.9871971365638766,4.745496034622192
BitcoinTransactions,19,616,134,0.2,0.5,1,0.0686920448764685,0.0008278145695364238,0.9613160792951542,4.483721017837524
BitcoinTransactions,19,616,134,0.2,0.5,2,0.07261679624395567,0.0006622516556291391,0.9388766519823789,4.767224073410034
BitcoinTransactions,19,616,134,0.2,0.5,3,0.06676548344380662,0.0008237232289950577,0.9833425110132159,4.793215036392212
BitcoinTransactions,19,616,134,0.2,0.5,4,0.07338955102080363,0.0008835873647006848,0.9284140969162996,4.557766914367676
BitcoinTransactions,19,616,134,0.2,0.5,5,0.07044671908549267,0.0013245033112582781,0.9924284140969163,4.720422029495239
BitcoinTransactions,19,616,168,0.25,0.5,1,0.0673019677346088,0.001026694045174538,0.987885462555066,4.558684587478638
BitcoinTransactions,19,616,168,0.25,0.5,2,0.06964455641866354,0.0007119126720455624,0.980864537444934,4.567882299423218
BitcoinTransactions,19,616,168,0.25,0.5,3,0.07416911842641238,0.0009507962918944616,0.9658590308370044,4.523990869522095
BitcoinTransactions,19,616,168,0.25,0.5,4,0.07085483197163293,0.0008469791078486731,0.9950440528634361,4.41250467300415
BitcoinTransactions,19,616,168,0.25,0.5,5,0.0657229953583092,0.0006198347107438017,0.963931718061674,4.460673093795776
BitcoinTransactions,19,616,202,0.3,0.5,1,0.06473123463620532,0.0008291873963515755,0.9775605726872246,4.458190202713013
BitcoinTransactions,19,616,202,0.3,0.5,2,0.06672305268648893,0.0008291873963515755,0.9734306167400881,4.458343982696533
BitcoinTransactions,19,616,202,0.3,0.5,3,0.07142826772973104,0.0011924636298592892,0.9911894273127754,4.460699081420898
BitcoinTransactions,19,616,202,0.3,0.5,4,0.0750849347763225,0.0011037527593818985,0.9782488986784141,4.464146614074707
BitcoinTransactions,19,616,202,0.3,0.5,5,0.08855274019483401,0.0005537098560354374,0.965170704845815,4.432555198669434
BitcoinTransactions,19,616,235,0.35,0.5,1,0.07712406631373717,0.001851851851851852,0.992703744493392,4.396456956863403
BitcoinTransactions,19,616,235,0.35,0.5,2,0.07512617746148972,0.0004753981459472308,0.9501651982378855,4.61962366104126
BitcoinTransactions,19,616,235,0.35,0.5,3,0.0657822162429508,0.0009492168960607499,0.9775605726872246,4.62342643737793
BitcoinTransactions,19,616,235,0.35,0.5,4,0.0687263341958467,0.0007095553453169347,0.9816905286343612,4.820786714553833
BitcoinTransactions,19,616,235,0.35,0.5,5,0.0727250609883345,0.0016722408026755853,1.0,4.782233953475952
BitcoinTransactions,19,616,269,0.4,0.5,1,0.07261148573737855,0.0010050251256281408,0.9946310572687225,4.7583959102630615
BitcoinTransactions,19,616,269,0.4,0.5,2,0.08093165780563563,0.0008561643835616438,0.9873348017621145,4.666067838668823
BitcoinTransactions,19,616,269,0.4,0.5,3,0.07391958441025083,0.0009983361064891847,0.9825165198237885,4.671160459518433
BitcoinTransactions,19,616,269,0.4,0.5,4,0.06600581970496738,0.0011092623405435386,0.994080396475771,4.651062726974487
BitcoinTransactions,19,616,269,0.4,0.5,5,0.06634897314540587,0.0019801980198019802,0.9977973568281938,4.176929950714111
BitcoinTransactions,19,616,302,0.45,0.5,1,0.06873865262495206,0.0005546311702717693,0.9816905286343612,4.683703184127808
BitcoinTransactions,19,616,302,0.45,0.5,2,0.07695471685074935,0.0006756756756756757,0.9939427312775331,4.662152528762817
BitcoinTransactions,19,616,302,0.45,0.5,3,0.0701228385805043,0.0008264462809917355,0.960352422907489,4.582761287689209
BitcoinTransactions,19,616,302,0.45,0.5,4,0.07290680585059409,0.0009938382031405286,0.9873348017621145,4.498461008071899
BitcoinTransactions,19,616,302,0.45,0.5,5,0.06961680486883738,0.0009603841536614646,0.985545154185022,4.469407796859741
BitcoinTransactions,19,616,336,0.5,0.5,1,0.0693833162391491,0.0006229235880398671,0.9742566079295154,4.453652620315552
BitcoinTransactions,19,616,336,0.5,0.5,2,0.06672578368194196,0.0010084033613445378,0.9851321585903083,4.431623220443726
BitcoinTransactions,19,616,336,0.5,0.5,3,0.0687804048900468,0.0009507962918944616,0.9787995594713657,4.46165657043457
BitcoinTransactions,19,616,336,0.5,0.5,4,0.06464670580672778,0.0011092623405435386,0.996420704845815,4.47098183631897
BitcoinTransactions,19,616,336,0.5,0.5,5,0.06692388548363315,0.001325088339222615,0.9805892070484582,4.433023929595947
BitcoinTransactions,19,616,370,0.55,0.5,1,0.07057462155603568,0.0014506769825918763,0.9968337004405287,4.35256552696228
BitcoinTransactions,19,616,370,0.55,0.5,2,0.07420585841272542,0.0009025270758122744,0.9907764317180616,4.56140398979187
BitcoinTransactions,19,616,370,0.55,0.5,3,0.0844766678350017,0.0014005602240896359,0.9512665198237885,4.443596124649048
BitcoinTransactions,19,616,370,0.55,0.5,4,0.06256462082628313,0.0010050251256281408,0.9845814977973568,4.697239637374878
BitcoinTransactions,19,616,370,0.55,0.5,5,0.07394856183077682,0.0009492168960607499,0.9843061674008811,4.662696123123169
BitcoinTransactions,19,616,403,0.6,0.5,1,0.06662297225221195,0.0011924636298592892,0.9837555066079295,4.668183088302612
BitcoinTransactions,19,616,403,0.6,0.5,2,0.05934228555583315,0.0008333333333333334,0.9821035242290749,4.661820650100708
BitcoinTransactions,19,616,403,0.6,0.5,3,0.057676193896976445,0.0009603841536614646,0.992703744493392,4.722903251647949
BitcoinTransactions,19,616,403,0.6,0.5,4,0.06744051490426398,0.0008278145695364238,0.9829295154185022,4.670987367630005
BitcoinTransactions,19,616,403,0.6,0.5,5,0.07070589171866151,0.001059322033898305,0.9822411894273128,4.499814033508301
BitcoinTransactions,19,616,437,0.65,0.5,1,0.06845782215803686,0.0011964584828906438,0.9972466960352423,4.562682628631592
BitcoinTransactions,19,616,437,0.65,0.5,2,0.06564472141913219,0.0011185682326621924,0.9924284140969163,4.523258209228516
BitcoinTransactions,19,616,437,0.65,0.5,3,0.07260127750007331,0.0013422818791946308,0.9997246696035242,4.477710962295532
BitcoinTransactions,19,616,437,0.65,0.5,4,0.06470291033519239,0.0008291873963515755,0.9899504405286343,4.353552341461182
BitcoinTransactions,19,616,437,0.65,0.5,5,0.07926030702774464,0.0011661807580174927,0.979487885462555,4.267333269119263
BitcoinTransactions,19,616,470,0.7,0.5,1,0.0603916406760868,0.0010539629005059021,0.9844438325991189,4.4456212520599365
BitcoinTransactions,19,616,470,0.7,0.5,2,0.0721275353208922,0.0016722408026755853,1.0,4.476555585861206
BitcoinTransactions,19,616,470,0.7,0.5,3,0.0638652704496184,0.0008361204013377926,0.9749449339207048,4.450011491775513
BitcoinTransactions,19,616,470,0.7,0.5,4,0.06244462930937376,0.0006700167504187605,0.962830396475771,4.525455951690674
BitcoinTransactions,19,616,470,0.7,0.5,5,0.06665680540471404,0.0012165450121654502,0.9939427312775331,4.398061513900757
BitcoinTransactions,19,616,504,0.75,0.5,1,0.06598096929166147,0.0008445945945945946,0.995181718061674,4.532683372497559
BitcoinTransactions,19,616,504,0.75,0.5,2,0.06549453413615801,0.00101010101010101,0.9943557268722467,4.649966478347778
BitcoinTransactions,19,616,504,0.75,0.5,3,0.06741557144367004,0.0009734728644439036,0.9925660792951542,4.654665946960449
BitcoinTransactions,19,616,504,0.75,0.5,4,0.06474995107055351,0.0016778523489932886,1.0,4.727933168411255
BitcoinTransactions,19,616,504,0.75,0.5,5,0.06722760119529402,0.0013540961408259986,0.9849944933920705,4.512151002883911
BitcoinTransactions,19,616,538,0.8,0.5,1,0.07078599784358196,0.0009539709038874314,0.9893997797356828,4.629254579544067
BitcoinTransactions,19,616,538,0.8,0.5,2,0.08148213669971745,0.0012807377049180327,0.9902257709251101,4.512394905090332
BitcoinTransactions,19,616,538,0.8,0.5,3,0.0627190402750882,0.0013812154696132596,0.9922907488986784,4.683292865753174
BitcoinTransactions,19,616,538,0.8,0.5,4,0.0680353709378168,0.0006302521008403362,0.9823788546255506,4.683263540267944
BitcoinTransactions,19,616,538,0.8,0.5,5,0.07915628421527439,0.001053001053001053,0.9781112334801763,4.35342001914978
BitcoinTransactions,19,616,571,0.85,0.5,1,0.07147474879486614,0.0013513513513513514,0.9997246696035242,4.394070625305176
BitcoinTransactions,19,616,571,0.85,0.5,2,0.06333947771620038,0.0012147716229348883,0.9922907488986784,4.3928062915802
BitcoinTransactions,19,616,571,0.85,0.5,3,0.06464130833409579,0.0010084033613445378,0.9836178414096917,4.291404724121094
BitcoinTransactions,19,616,571,0.85,0.5,4,0.06750010672780206,0.0008361204013377926,0.9613160792951542,4.772037744522095
BitcoinTransactions,19,616,571,0.85,0.5,5,0.06911755561218132,0.0011574074074074073,0.9953193832599119,4.469653606414795
BitcoinTransactions,19,616,605,0.9,0.5,1,0.06844477646881832,0.0014780405405405406,0.9804515418502202,4.822565793991089
BitcoinTransactions,19,616,605,0.9,0.5,2,0.059872892768479596,0.0006270903010033445,0.9787995594713657,4.8062779903411865
BitcoinTransactions,19,616,605,0.9,0.5,3,0.0762230146462004,0.0010611205432937182,0.9909140969162996,4.694490671157837
BitcoinTransactions,19,616,605,0.9,0.5,4,0.06785724767915939,0.0011111111111111111,0.983204845814978,4.766696929931641
BitcoinTransactions,19,616,605,0.9,0.5,5,0.0850958436230648,0.0012709710218607015,0.9928414096916299,4.67193603515625
BitcoinTransactions,19,616,638,0.95,0.5,1,0.07845398109214959,0.001282051282051282,0.9950440528634361,4.695802688598633
BitcoinTransactions,19,616,638,0.95,0.5,2,0.08322619383882086,0.001488095238095238,0.9734306167400881,4.431540489196777
BitcoinTransactions,19,616,638,0.95,0.5,3,0.07373430370122837,0.001271186440677966,0.9955947136563876,4.737640380859375
BitcoinTransactions,19,616,638,0.95,0.5,4,0.07529952073616515,0.0010869565217391304,0.9995870044052864,4.720885276794434
BitcoinTransactions,19,616,638,0.95,0.5,5,0.05870435580348559,0.0011045655375552283,0.9778359030837004,4.378207445144653
BitcoinTransactions,19,616,672,1,0.5,1,0.07118024270491634,0.0014076576576576576,0.9997246696035242,4.8842809200286865
BitcoinTransactions,19,616,672,1,0.5,2,0.07554739849680353,0.0013186813186813187,0.9870594713656388,4.427043437957764
BitcoinTransactions,19,616,672,1,0.5,3,0.07197972561199574,0.001943634596695821,0.9977973568281938,4.506800174713135
BitcoinTransactions,19,616,672,1,0.5,4,0.0837036162179495,0.0015957446808510637,0.9973843612334802,4.503507137298584
BitcoinTransactions,19,616,672,1,0.5,5,0.06083094731045596,0.0009734728644439036,0.9911894273127754,4.463230609893799
BitcoinTransactions,20,248,0,0,,1,0.07829605523393161,0.00312256049960968,0.977856394129979,
BitcoinTransactions,20,248,0,0,,2,0.059139305574214866,0.0036231884057971015,0.9926624737945493,
BitcoinTransactions,20,248,0,0,,3,0.07647044259449218,0.002793296089385475,0.9996069182389937,
BitcoinTransactions,20,248,0,0,,4,0.08259952076574589,0.004285714285714286,0.9998689727463312,
BitcoinTransactions,20,248,0,0,,5,0.07981316476234483,0.00558659217877095,1.0,
BitcoinTransactions,20,248,3,0.01,0.5,1,0.06970590252050492,0.005714285714285714,0.9997379454926625,4.512298107147217
BitcoinTransactions,20,248,3,0.01,0.5,2,0.06371375084501113,0.003799392097264438,0.9959381551362684,4.777251958847046
BitcoinTransactions,20,248,3,0.01,0.5,3,0.06204455727229828,0.0033333333333333335,0.9989517819706499,4.7269673347473145
BitcoinTransactions,20,248,3,0.01,0.5,4,0.0662141855679821,0.0030721966205837174,0.9920073375262054,4.851246356964111
BitcoinTransactions,20,248,3,0.01,0.5,5,0.0737072084383038,0.004143646408839779,0.9997379454926625,4.762831211090088
BitcoinTransactions,20,248,14,0.05,0.5,1,0.07013704140259051,0.0045045045045045045,0.9997379454926625,4.823888063430786
BitcoinTransactions,20,248,14,0.05,0.5,2,0.07353088829117513,0.004528985507246377,0.9925314465408805,4.707988023757935
BitcoinTransactions,20,248,14,0.05,0.5,3,0.06490141222768846,0.00312256049960968,0.9908280922431866,4.73686671257019
BitcoinTransactions,20,248,14,0.05,0.5,4,0.07273604288709198,0.005847953216374269,1.0,4.590491056442261
BitcoinTransactions,20,248,14,0.05,0.5,5,0.06571534324746327,0.0034285714285714284,0.9925314465408805,4.697950601577759
BitcoinTransactions,20,248,27,0.1,0.5,1,0.07170573393199223,0.002955082742316785,0.9716981132075472,4.752803087234497
BitcoinTransactions,20,248,27,0.1,0.5,2,0.07716204424572898,0.004815409309791332,0.9926624737945493,4.6455724239349365
BitcoinTransactions,20,248,27,0.1,0.5,3,0.07356253738237843,0.0038402457757296467,0.9929245283018868,4.651678562164307
BitcoinTransactions,20,248,27,0.1,0.5,4,0.07407757662091602,0.004553734061930784,0.9996069182389937,4.716747522354126
BitcoinTransactions,20,248,27,0.1,0.5,5,0.06751974712684515,0.0027624309392265192,0.977856394129979,4.610822916030884
BitcoinTransactions,20,248,41,0.15,0.5,1,0.08031109594197212,0.0052585451358457495,0.9998689727463312,4.520026683807373
BitcoinTransactions,20,248,41,0.15,0.5,2,0.07773390530134204,0.008695652173913044,1.0,4.342337608337402
BitcoinTransactions,20,248,41,0.15,0.5,3,0.06386815966775473,0.004432624113475178,0.9998689727463312,4.472379207611084
BitcoinTransactions,20,248,41,0.15,0.5,4,0.07630347629944915,0.00312256049960968,0.9770702306079665,4.4726173877716064
BitcoinTransactions,20,248,41,0.15,0.5,5,0.06753501023292006,0.0033967391304347825,0.9785115303983228,4.305827617645264
BitcoinTransactions,20,248,55,0.2,0.5,1,0.06462160185104762,0.005714285714285714,1.0,4.407109260559082
BitcoinTransactions,20,248,55,0.2,0.5,2,0.08058952918729237,0.005390835579514825,0.9997379454926625,4.278790235519409
BitcoinTransactions,20,248,55,0.2,0.5,3,0.06748506007607875,0.003946329913180742,0.9965932914046122,4.449666261672974
BitcoinTransactions,20,248,55,0.2,0.5,4,0.07044049074373356,0.0038197097020626434,0.9963312368972747,4.43069863319397
BitcoinTransactions,20,248,55,0.2,0.5,5,0.07755249173748666,0.003663003663003663,0.9996069182389937,4.434414386749268
BitcoinTransactions,20,248,68,0.25,0.5,1,0.05729283438305276,0.004432624113475178,0.9828354297693921,4.412718772888184
BitcoinTransactions,20,248,68,0.25,0.5,2,0.06859842550023171,0.003924646781789639,0.9954140461215933,4.451482534408569
BitcoinTransactions,20,248,68,0.25,0.5,3,0.07324193149316503,0.0046816479400749065,0.9997379454926625,4.52713418006897
BitcoinTransactions,20,248,68,0.25,0.5,4,0.07015033033953205,0.004815409309791332,0.9998689727463312,4.640777349472046
BitcoinTransactions,20,248,68,0.25,0.5,5,0.06470457670088574,0.005434782608695652,1.0,4.655762672424316
BitcoinTransactions,20,248,82,0.3,0.5,1,0.07038001835443103,0.00558659217877095,1.0,4.668736696243286
BitcoinTransactions,20,248,82,0.3,0.5,2,0.06891423700744224,0.0037593984962406013,0.999475890985325,4.680856704711914
BitcoinTransactions,20,248,82,0.3,0.5,3,0.06346612934928933,0.00427715996578272,0.9990828092243187,4.62334418296814
BitcoinTransactions,20,248,82,0.3,0.5,4,0.065241714786463,0.0038819875776397515,0.9997379454926625,4.678492069244385
BitcoinTransactions,20,248,82,0.3,0.5,5,0.07073024127656359,0.003720238095238095,0.9997379454926625,4.68192982673645
BitcoinTransactions,20,248,96,0.35,0.5,1,0.07876842453953176,0.00558659217877095,1.0,4.61027717590332
BitcoinTransactions,20,248,96,0.35,0.5,2,0.07255185280353603,0.006802721088435374,1.0,4.49025559425354
BitcoinTransactions,20,248,96,0.35,0.5,3,0.06870077303230784,0.005263157894736842,1.0,4.649299144744873
BitcoinTransactions,20,248,96,0.35,0.5,4,0.08241001049170298,0.004492362982929021,0.9711740041928721,4.461414337158203
BitcoinTransactions,20,248,96,0.35,0.5,5,0.06321577413984192,0.004035512510088781,0.9914832285115304,4.5828282833099365
BitcoinTransactions,20,248,109,0.4,0.5,1,0.06505681884720674,0.004120879120879121,0.984538784067086,4.55536150932312
BitcoinTransactions,20,248,109,0.4,0.5,2,0.07515389712102973,0.003745318352059925,0.9913522012578616,4.3513264656066895
BitcoinTransactions,20,248,109,0.4,0.5,3,0.0641483891285718,0.005,0.9998689727463312,4.420873165130615
BitcoinTransactions,20,248,109,0.4,0.5,4,0.06439705195434269,0.00558659217877095,1.0,4.445701837539673
BitcoinTransactions,20,248,109,0.4,0.5,5,0.0765400805020853,0.00558659217877095,1.0,4.422544956207275
BitcoinTransactions,20,248,123,0.45,0.5,1,0.07410344135180803,0.004432624113475178,0.9929245283018868,4.437184810638428
BitcoinTransactions,20,248,123,0.45,0.5,2,0.05998957607178379,0.005668934240362812,0.9997379454926625,4.399349212646484
BitcoinTransactions,20,248,123,0.45,0.5,3,0.062208874401099325,0.004480286738351254,0.9997379454926625,4.4400036334991455
BitcoinTransactions,20,248,123,0.45,0.5,4,0.0636866447064451,0.0042780748663101605,0.9996069182389937,4.468638181686401
BitcoinTransactions,20,248,123,0.45,0.5,5,0.07649619081741743,0.006521739130434782,0.9848008385744235,4.254023551940918
BitcoinTransactions,20,248,136,0.5,0.5,1,0.0750453815971278,0.004545454545454545,0.9955450733752621,4.430064678192139
BitcoinTransactions,20,248,136,0.5,0.5,2,0.06199809382385054,0.003968253968253968,0.9868972746331237,4.566381931304932
BitcoinTransactions,20,248,136,0.5,0.5,3,0.07280548657781401,0.005868544600938967,0.9997379454926625,4.486438512802124
BitcoinTransactions,20,248,136,0.5,0.5,4,0.07223390398838465,0.004480286738351254,0.9997379454926625,4.696671724319458
BitcoinTransactions,20,248,136,0.5,0.5,5,0.06384330119899614,0.004301075268817204,0.9997379454926625,4.7258172035217285
BitcoinTransactions,20,248,150,0.55,0.5,1,0.07210957205274111,0.005952380952380952,1.0,4.540106773376465
BitcoinTransactions,20,248,150,0.55,0.5,2,0.08880654279925285,0.006666666666666667,0.9997379454926625,4.456260442733765
BitcoinTransactions,20,248,150,0.55,0.5,3,0.0678950468118922,0.005175983436853002,0.9896488469601677,4.457995414733887
BitcoinTransactions,20,248,150,0.55,0.5,4,0.0836375929292404,0.006779661016949152,0.9997379454926625,4.4490065574646
BitcoinTransactions,20,248,150,0.55,0.5,5,0.05962935949298008,0.0036231884057971015,0.9997379454926625,4.533822536468506
BitcoinTransactions,20,248,164,0.6,0.5,1,0.05837729392300077,0.0031746031746031746,0.9929245283018868,4.5477564334869385
BitcoinTransactions,20,248,164,0.6,0.5,2,0.07417251752755413,0.0038314176245210726,0.9921383647798742,4.445164442062378
BitcoinTransactions,20,248,164,0.6,0.5,3,0.06705741561345138,0.00495458298926507,0.9997379454926625,4.448115348815918
BitcoinTransactions,20,248,164,0.6,0.5,4,0.07615556401870688,0.0031746031746031746,0.9766771488469602,4.436800003051758
BitcoinTransactions,20,248,164,0.6,0.5,5,0.06689272248863438,0.004395604395604396,0.9997379454926625,4.4507715702056885
BitcoinTransactions,20,248,177,0.65,0.5,1,0.07552196871986663,0.0044943820224719105,0.9927935010482181,4.310971975326538
BitcoinTransactions,20,248,177,0.65,0.5,2,0.0609909739756353,0.004371584699453552,0.9996069182389937,4.4454216957092285
BitcoinTransactions,20,248,177,0.65,0.5,3,0.0668914548324741,0.002824858757062147,0.992269392033543,4.436230659484863
BitcoinTransactions,20,248,177,0.65,0.5,4,0.07162249627371822,0.003663003663003663,0.9955450733752621,4.4470601081848145
BitcoinTransactions,20,248,177,0.65,0.5,5,0.05815226833711053,0.004166666666666667,0.9837526205450734,4.436089754104614
BitcoinTransactions,20,248,191,0.7,0.5,1,0.06252157463825117,0.005681818181818182,1.0,4.42008900642395
BitcoinTransactions,20,248,191,0.7,0.5,2,0.06602028279123039,0.003243243243243243,0.999475890985325,4.588364839553833
BitcoinTransactions,20,248,191,0.7,0.5,3,0.06719298091030107,0.004491017964071856,0.9929245283018868,4.568175792694092
BitcoinTransactions,20,248,191,0.7,0.5,4,0.05910133859418932,0.0036036036036036037,0.9836215932914046,4.721868991851807
BitcoinTransactions,20,248,191,0.7,0.5,5,0.07252124884811037,0.004761904761904762,1.0,4.712193489074707
BitcoinTransactions,20,248,205,0.75,0.5,1,0.06931684538156112,0.004658385093167702,0.9997379454926625,4.681788444519043
BitcoinTransactions,20,248,205,0.75,0.5,2,0.06934456034634337,0.003779289493575208,0.9989517819706499,4.702783107757568
BitcoinTransactions,20,248,205,0.75,0.5,3,0.07892271904763236,0.004678362573099415,0.9997379454926625,4.6286680698394775
BitcoinTransactions,20,248,205,0.75,0.5,4,0.07954692124737635,0.004120879120879121,0.9997379454926625,4.606520414352417
BitcoinTransactions,20,248,205,0.75,0.5,5,0.06200737078320032,0.003700962250185048,0.9927935010482181,4.666779518127441
BitcoinTransactions,20,248,218,0.8,0.5,1,0.06921840976968707,0.0045351473922902496,0.997248427672956,4.692695379257202
BitcoinTransactions,20,248,218,0.8,0.5,2,0.07773063708774978,0.00546448087431694,1.0,4.676992416381836
BitcoinTransactions,20,248,218,0.8,0.5,3,0.057926281238699584,0.006535947712418301,1.0,4.406700372695923
BitcoinTransactions,20,248,218,0.8,0.5,4,0.07299955047547459,0.0035310734463276836,0.9726153039832285,4.623371362686157
BitcoinTransactions,20,248,218,0.8,0.5,5,0.07318741081562818,0.00422654268808115,0.9996069182389937,4.475621938705444
BitcoinTransactions,20,248,232,0.85,0.5,1,0.06758296313083656,0.004098360655737705,0.9971174004192872,4.53200364112854
BitcoinTransactions,20,248,232,0.85,0.5,2,0.058071805610335876,0.004456327985739751,0.9917452830188679,4.457751274108887
BitcoinTransactions,20,248,232,0.85,0.5,3,0.07829351526282703,0.006493506493506494,1.0,4.3166234493255615
BitcoinTransactions,20,248,232,0.85,0.5,4,0.07527580417909291,0.004379562043795621,0.9996069182389937,4.241243362426758
BitcoinTransactions,20,248,232,0.85,0.5,5,0.06600180487688724,0.004076086956521739,0.9997379454926625,4.4142162799835205
BitcoinTransactions,20,248,246,0.9,0.5,1,0.07178838994895982,0.004371584699453552,0.9998689727463312,4.401964426040649
BitcoinTransactions,20,248,246,0.9,0.5,2,0.07248936721357609,0.007608695652173913,0.9997379454926625,4.0629777908325195
BitcoinTransactions,20,248,246,0.9,0.5,3,0.07102929960043441,0.0045045045045045045,0.9998689727463312,4.4448957443237305
BitcoinTransactions,20,248,246,0.9,0.5,4,0.06664404533003318,0.004301075268817204,0.9997379454926625,4.423537731170654
BitcoinTransactions,20,248,246,0.9,0.5,5,0.06447086641100336,0.0045045045045045045,0.9998689727463312,4.435092210769653
BitcoinTransactions,20,248,259,0.95,0.5,1,0.07852159804933437,0.0056179775280898875,1.0,4.388206958770752
BitcoinTransactions,20,248,259,0.95,0.5,2,0.07057688201333867,0.005154639175257732,1.0,4.454851150512695
BitcoinTransactions,20,248,259,0.95,0.5,3,0.061905179585282945,0.003766478342749529,0.9929245283018868,4.408890008926392
BitcoinTransactions,20,248,259,0.95,0.5,4,0.06700513159419272,0.005128205128205128,1.0,4.511612176895142
BitcoinTransactions,20,248,259,0.95,0.5,5,0.06552308342346351,0.004098360655737705,0.9996069182389937,4.56838059425354
BitcoinTransactions,20,248,273,1,0.5,1,0.07500199153684266,0.007246376811594203,1.0,4.4229631423950195
BitcoinTransactions,20,248,273,1,0.5,2,0.0637823573001161,0.0030303030303030303,0.9927935010482181,4.7290122509002686
BitcoinTransactions,20,248,273,1,0.5,3,0.07264783787608443,0.004456327985739751,0.9997379454926625,4.680599689483643
BitcoinTransactions,20,248,273,1,0.5,4,0.07127663065383388,0.004553734061930784,0.9997379454926625,4.676084041595459
BitcoinTransactions,20,248,273,1,0.5,5,0.0659008200012071,0.005050505050505051,1.0,4.659593105316162
BitcoinTransactions,21,16,0,0,,1,0.07420126877348049,0.011904761904761904,0.883265513733469,
BitcoinTransactions,21,16,0,0,,2,0.06995314030786863,0.0,0.8435910478128179,
BitcoinTransactions,21,16,0,0,,3,0.06495747988535912,0.0,0.9081892166836215,
BitcoinTransactions,21,16,0,0,,4,0.07294957610587356,0.0,0.8784333672431333,
BitcoinTransactions,21,16,0,0,,5,0.06733348411178885,0.0,0.8690233977619533,
BitcoinTransactions,21,16,0,0.01,0.5,1,0.07345625770612764,0.0,0.8051881993896236,4.366500377655029
BitcoinTransactions,21,16,0,0.01,0.5,2,0.07187461550854146,0.0,0.8741098677517802,4.430450201034546
BitcoinTransactions,21,16,0,0.01,0.5,3,0.06799847376001747,0.0,0.8809766022380467,4.447508811950684
BitcoinTransactions,21,16,0,0.01,0.5,4,0.06908737851757231,0.0,0.887970498474059,4.432015419006348
BitcoinTransactions,21,16,0,0.01,0.5,5,0.0646679664879815,0.011904761904761904,0.8713123092573754,4.439310312271118
BitcoinTransactions,21,16,1,0.05,0.5,1,0.07702473963482159,0.0,0.866353001017294,4.657382965087891
BitcoinTransactions,21,16,1,0.05,0.5,2,0.0790627511552651,0.013888888888888888,0.8743641912512716,4.483880281448364
BitcoinTransactions,21,16,1,0.05,0.5,3,0.06760606001099256,0.0,0.8845371312309257,4.599916219711304
BitcoinTransactions,21,16,1,0.05,0.5,4,0.06873517818341533,0.0,0.8765259409969481,4.6009204387664795
BitcoinTransactions,21,16,1,0.05,0.5,5,0.06772124641229549,0.0,0.8850457782299085,4.643121957778931
BitcoinTransactions,21,16,2,0.1,0.5,1,0.07546427171897846,0.01282051282051282,0.7369023397761953,4.408127307891846
BitcoinTransactions,21,16,2,0.1,0.5,2,0.07392271954522973,0.007142857142857143,0.8672431332655137,4.448434114456177
BitcoinTransactions,21,16,2,0.1,0.5,3,0.07008678163361975,0.011111111111111112,0.8485503560528993,4.656094789505005
BitcoinTransactions,21,16,2,0.1,0.5,4,0.06589711715307621,0.0,0.8853001017293998,4.788044452667236
BitcoinTransactions,21,16,2,0.1,0.5,5,0.07608208972799604,0.013333333333333334,0.9231943031536114,4.780624151229858
BitcoinTransactions,21,16,2,0.15,0.5,1,0.0744607981166473,0.0,0.8823753814852492,4.752293109893799
BitcoinTransactions,21,16,2,0.15,0.5,2,0.0702371524668798,0.0,0.8823753814852492,4.748367786407471
BitcoinTransactions,21,16,2,0.15,0.5,3,0.07037054280178934,0.0,0.8823753814852492,4.712640285491943
BitcoinTransactions,21,16,2,0.15,0.5,4,0.05859384019583905,0.0,0.9141658189216684,4.744458436965942
BitcoinTransactions,21,16,2,0.15,0.5,5,0.06499349921916696,0.0,0.8854272634791455,4.750292062759399
BitcoinTransactions,21,16,3,0.2,0.5,1,0.06331132588041206,0.0,0.8805951169888098,4.7143919467926025
BitcoinTransactions,21,16,3,0.2,0.5,2,0.06170089641498591,0.009523809523809525,0.9385808748728383,4.529606580734253
BitcoinTransactions,21,16,3,0.2,0.5,3,0.0631399629568237,0.0,0.8809766022380467,4.552149772644043
BitcoinTransactions,21,16,3,0.2,0.5,4,0.07000123852875813,0.0,0.8739827060020345,4.554301023483276
BitcoinTransactions,21,16,3,0.2,0.5,5,0.07136567950231684,0.02197802197802198,0.8410478128179044,4.215760707855225
BitcoinTransactions,21,16,4,0.25,0.5,1,0.06843817016032111,0.018518518518518517,0.8924211597151577,4.33318305015564
BitcoinTransactions,21,16,4,0.25,0.5,2,0.07817774247196922,0.05357142857142857,0.9598168870803663,4.2656121253967285
BitcoinTransactions,21,16,4,0.25,0.5,3,0.0693794082797818,0.0,0.8805951169888098,4.453758955001831
BitcoinTransactions,21,16,4,0.25,0.5,4,0.07187074184035991,0.0,0.8808494404883012,4.43914794921875
BitcoinTransactions,21,16,4,0.25,0.5,5,0.06906413890817216,0.0,0.8943285859613428,4.463876485824585
BitcoinTransactions,21,16,4,0.3,0.5,1,0.07684949538710358,0.015873015873015872,0.8807222787385555,4.232190132141113
BitcoinTransactions,21,16,4,0.3,0.5,2,0.07253886807864758,0.0,0.8907680569684638,4.324989080429077
BitcoinTransactions,21,16,4,0.3,0.5,3,0.08099525134951471,0.013888888888888888,0.8818667344862665,4.399099826812744
BitcoinTransactions,21,16,4,0.3,0.5,4,0.07333463756499888,0.011111111111111112,0.8654628687690743,4.589625120162964
BitcoinTransactions,21,16,4,0.3,0.5,5,0.06401170836946336,0.0,0.957909460834181,4.771253347396851
BitcoinTransactions,21,16,5,0.35,0.5,1,0.0620201140035644,0.0,0.9051373346897253,4.700344085693359
BitcoinTransactions,21,16,5,0.35,0.5,2,0.06385626826209237,0.0,0.8819938962360122,4.681369781494141
BitcoinTransactions,21,16,5,0.35,0.5,3,0.07694267169528383,0.0,0.8434638860630722,4.666984558105469
BitcoinTransactions,21,16,5,0.35,0.5,4,0.08423336611581553,0.0,0.858087487283825,4.661014795303345
BitcoinTransactions,21,16,5,0.35,0.5,5,0.06397587113038462,0.0,0.8660986775178027,4.666646718978882
BitcoinTransactions,21,16,6,0.4,0.5,1,0.0738606509784633,0.0,0.8673702950152594,4.672428369522095
BitcoinTransactions,21,16,6,0.4,0.5,2,0.06267760008860127,0.0,0.8584689725330621,4.67626953125
BitcoinTransactions,21,16,6,0.4,0.5,3,0.06908949055962733,0.0,0.8415564598168871,4.635212659835815
BitcoinTransactions,21,16,6,0.4,0.5,4,0.07076791406492135,0.0,0.8839013224821973,4.686717510223389
BitcoinTransactions,21,16,6,0.4,0.5,5,0.0649354276832848,0.0,0.884028484231943,4.714762210845947
BitcoinTransactions,21,16,7,0.45,0.5,1,0.07517491318634781,0.02197802197802198,0.9230671414038657,4.625882625579834
BitcoinTransactions,21,16,7,0.45,0.5,2,0.06337394940801967,0.0,0.8915310274669379,4.701571941375732
BitcoinTransactions,21,16,7,0.45,0.5,3,0.07288402023267339,0.011111111111111112,0.8744913530010173,4.583606958389282
BitcoinTransactions,21,16,7,0.45,0.5,4,0.061591352792868134,0.0,0.8260427263479145,4.589038372039795
BitcoinTransactions,21,16,7,0.45,0.5,5,0.06609464314580832,0.0,0.8866988809766022,4.673642873764038
BitcoinTransactions,21,16,8,0.5,0.5,1,0.076536838112894,0.0,0.8737283825025433,4.660137891769409
BitcoinTransactions,21,16,8,0.5,0.5,2,0.058658427911701894,0.0,0.9151831129196337,4.7388176918029785
BitcoinTransactions,21,16,8,0.5,0.5,3,0.06902255434094441,0.0,0.8853001017293998,4.725602388381958
BitcoinTransactions,21,16,8,0.5,0.5,4,0.06983740944363295,0.0,0.8601220752797558,4.6463141441345215
BitcoinTransactions,21,16,8,0.5,0.5,5,0.0633447677409737,0.016666666666666666,0.9107324516785351,4.693224668502808
BitcoinTransactions,21,16,8,0.55,0.5,1,0.06817487696069591,0.016666666666666666,0.9805442522889115,4.688322067260742
BitcoinTransactions,21,16,8,0.55,0.5,2,0.05867793044313044,0.0,0.9148016276703967,4.718549966812134
BitcoinTransactions,21,16,8,0.55,0.5,3,0.06448812467506647,0.0,0.8736012207527976,4.649265766143799
BitcoinTransactions,21,16,8,0.55,0.5,4,0.05801447528706794,0.016666666666666666,0.9881739572736521,4.489501714706421
BitcoinTransactions,21,16,8,0.55,0.5,5,0.05834483719081137,0.0,0.9050101729399797,5.001291036605835
BitcoinTransactions,21,16,9,0.6,0.5,1,0.07086346477691445,0.0,0.8639369277721262,4.407371520996094
BitcoinTransactions,21,16,9,0.6,0.5,2,0.07435898047390758,0.0,0.8860630722278738,4.743724584579468
BitcoinTransactions,21,16,9,0.6,0.5,3,0.06854236185787937,0.009615384615384616,0.8958545269582909,4.473905563354492
BitcoinTransactions,21,16,9,0.6,0.5,4,0.07177411311021177,0.0,0.7906917599186165,4.510481595993042
BitcoinTransactions,21,16,9,0.6,0.5,5,0.06698859410686983,0.0,0.8680061037639878,4.533306121826172
BitcoinTransactions,21,16,10,0.65,0.5,1,0.06875243727821911,0.008333333333333333,0.8655900305188199,4.451152801513672
BitcoinTransactions,21,16,10,0.65,0.5,2,0.06600499492304007,0.0,0.8800864699898271,4.435769557952881
BitcoinTransactions,21,16,10,0.65,0.5,3,0.06452345758234553,0.0,0.8734740590030519,4.436647176742554
BitcoinTransactions,21,16,10,0.65,0.5,4,0.07348400576309866,0.008333333333333333,0.9242115971515769,4.4858667850494385
BitcoinTransactions,21,16,10,0.65,0.5,5,0.06962160497493618,0.01098901098901099,0.8816124109867752,4.2901082038879395
BitcoinTransactions,21,16,10,0.7,0.5,1,0.06561597119564296,0.0,0.8790691759918616,4.438842535018921
BitcoinTransactions,21,16,10,0.7,0.5,2,0.07822472271992612,0.0,0.8218463886063072,4.403402090072632
BitcoinTransactions,21,16,10,0.7,0.5,3,0.07104919304711081,0.0,0.8821210579857579,4.4377524852752686
BitcoinTransactions,21,16,10,0.7,0.5,4,0.06279447616807954,0.017857142857142856,0.8915310274669379,4.393508195877075
BitcoinTransactions,21,16,10,0.7,0.5,5,0.07044858000870804,0.009523809523809525,0.9098423194303153,4.526796102523804
BitcoinTransactions,21,16,11,0.75,0.5,1,0.0822298839051263,0.011111111111111112,0.8894964394710071,4.632027864456177
BitcoinTransactions,21,16,11,0.75,0.5,2,0.07521286178239603,0.013333333333333334,0.8925483214649034,4.6296539306640625
BitcoinTransactions,21,16,11,0.75,0.5,3,0.07125221438356348,0.020833333333333332,0.8924211597151577,4.542384147644043
BitcoinTransactions,21,16,11,0.75,0.5,4,0.06272603697087765,0.0,0.9411241098677517,4.693175554275513
BitcoinTransactions,21,16,11,0.75,0.5,5,0.06609636001227777,0.009615384615384616,0.8330366225839267,4.535783290863037
BitcoinTransactions,21,16,12,0.8,0.5,1,0.07135107566106645,0.023809523809523808,0.9385808748728383,4.638706684112549
BitcoinTransactions,21,16,12,0.8,0.5,2,0.06437277571458933,0.0,0.884028484231943,4.668647766113281
BitcoinTransactions,21,16,12,0.8,0.5,3,0.07523167299883114,0.03571428571428571,0.9649033570701933,4.650752544403076
BitcoinTransactions,21,16,12,0.8,0.5,4,0.07226921886806915,0.0,0.8863173957273652,4.6942548751831055
BitcoinTransactions,21,16,12,0.8,0.5,5,0.07550857494476751,0.015873015873015872,0.8869532044760936,4.37130069732666
BitcoinTransactions,21,16,13,0.85,0.5,1,0.06974475574282643,0.0,0.7694557477110885,4.576801776885986
BitcoinTransactions,21,16,13,0.85,0.5,2,0.06535968864571289,0.0,0.8967446592065107,4.722196340560913
BitcoinTransactions,21,16,13,0.85,0.5,3,0.08048017250446449,0.02857142857142857,0.9317141403865717,4.4017767906188965
BitcoinTransactions,21,16,13,0.85,0.5,4,0.06402088204536388,0.022222222222222223,0.9881739572736521,4.421661138534546
BitcoinTransactions,21,16,13,0.85,0.5,5,0.07052004956661603,0.0,0.8940742624618515,4.483569145202637
BitcoinTransactions,21,16,14,0.9,0.5,1,0.06223613509677208,0.0,0.917853509664293,4.494156837463379
BitcoinTransactions,21,16,14,0.9,0.5,2,0.08058888472632096,0.009523809523809525,0.844735503560529,4.37783145904541
BitcoinTransactions,21,16,14,0.9,0.5,3,0.06428570008406694,0.0,0.8958545269582909,4.423038005828857
BitcoinTransactions,21,16,14,0.9,0.5,4,0.08453882935403287,0.015384615384615385,0.8507121057985758,4.091506481170654
BitcoinTransactions,21,16,14,0.9,0.5,5,0.06551440171655977,0.0,0.8935656154628687,4.397514581680298
BitcoinTransactions,21,16,14,0.95,0.5,1,0.07418218041433117,0.0,0.8699135300101729,4.443409442901611
BitcoinTransactions,21,16,14,0.95,0.5,2,0.07026177987795013,0.0,0.8516022380467956,4.416733980178833
BitcoinTransactions,21,16,14,0.95,0.5,3,0.07659596892814542,0.0,0.8504577822990844,4.422415018081665
BitcoinTransactions,21,16,14,0.95,0.5,4,0.07086403371673886,0.013333333333333334,0.9234486266531028,4.446641445159912
BitcoinTransactions,21,16,14,0.95,0.5,5,0.06628025735165288,0.0,0.8894964394710071,4.521907806396484
BitcoinTransactions,21,16,15,1,0.5,1,0.06434669400200715,0.0,0.8853001017293998,4.455248832702637
BitcoinTransactions,21,16,15,1,0.5,2,0.06422691851169443,0.0,0.8640640895218719,4.459409475326538
BitcoinTransactions,21,16,15,1,0.5,3,0.07561490335935621,0.017857142857142856,0.9018311291963378,4.281663417816162
BitcoinTransactions,21,16,15,1,0.5,4,0.07028198272687529,0.011111111111111112,0.9144201424211598,4.48645544052124
BitcoinTransactions,21,16,15,1,0.5,5,0.08225948621799294,0.016666666666666666,0.8866988809766022,4.525619268417358
BitcoinTransactions,22,362,0,0,,1,0.07870822521803486,0.0019292604501607716,0.9676775738228253,
BitcoinTransactions,22,362,0,0,,2,0.07349290352378106,0.001443001443001443,0.9584996009577015,
BitcoinTransactions,22,362,0,0,,3,0.0626430913431821,0.002171552660152009,0.9646182495344506,
BitcoinTransactions,22,362,0,0,,4,0.06568170775359226,0.0019111323459149545,0.9638201649374833,
BitcoinTransactions,22,362,0,0,,5,0.07295744935628903,0.0028469750889679717,0.9643522213354616,
BitcoinTransactions,22,362,4,0.01,0.5,1,0.06789987505491155,0.00130718954248366,0.9638201649374833,4.478769302368164
BitcoinTransactions,22,362,4,0.01,0.5,2,0.07257128313539872,0.002586206896551724,0.964219207235967,4.457575798034668
BitcoinTransactions,22,362,4,0.01,0.5,3,0.07524900838781326,0.0027292576419213972,0.9888268156424581,4.210227727890015
BitcoinTransactions,22,362,4,0.01,0.5,4,0.07952363980704823,0.0009090909090909091,0.9634211226389997,4.649230241775513
BitcoinTransactions,22,362,4,0.01,0.5,5,0.06788188557973933,0.003389830508474576,1.0,4.671954154968262
BitcoinTransactions,22,362,19,0.05,0.5,1,0.0668935979365391,0.0026288117770767614,0.9996009577015164,4.6426544189453125
BitcoinTransactions,22,362,19,0.05,0.5,2,0.06921030011520055,0.0014144271570014145,0.966879489225858,4.687319278717041
BitcoinTransactions,22,362,19,0.05,0.5,3,0.06611473998222948,0.0027491408934707906,0.9993349295025272,4.662632942199707
BitcoinTransactions,22,362,19,0.05,0.5,4,0.07132328900315077,0.0027210884353741495,0.9643522213354616,4.682302236557007
BitcoinTransactions,22,362,19,0.05,0.5,5,0.06768537791130895,0.002542372881355932,0.9996009577015164,4.686846494674683
BitcoinTransactions,22,362,38,0.1,0.5,1,0.06489050502932894,0.002702702702702703,0.9972067039106145,4.689023971557617
BitcoinTransactions,22,362,38,0.1,0.5,2,0.0676903241448363,0.0015015015015015015,0.9592976855546688,4.710411310195923
BitcoinTransactions,22,362,38,0.1,0.5,3,0.07315409382072141,0.002054794520547945,0.9744612928970471,4.680922985076904
BitcoinTransactions,22,362,38,0.1,0.5,4,0.06055302052685788,0.0022148394241417496,0.9953445065176909,4.667456150054932
BitcoinTransactions,22,362,38,0.1,0.5,5,0.06361889139277077,0.003289473684210526,1.0,4.662139415740967
BitcoinTransactions,22,362,57,0.15,0.5,1,0.06884582061280595,0.002830188679245283,0.9997339718010109,4.580549478530884
BitcoinTransactions,22,362,57,0.15,0.5,2,0.06435589040762034,0.0027412280701754384,0.9997339718010109,4.695769786834717
BitcoinTransactions,22,362,57,0.15,0.5,3,0.07191455629384978,0.002559726962457338,0.9817770683692472,4.738995313644409
BitcoinTransactions,22,362,57,0.15,0.5,4,0.06576840560667128,0.0022598870056497176,0.9820430965682362,4.68462061882019
BitcoinTransactions,22,362,57,0.15,0.5,5,0.06441292412896736,0.0020764119601328905,0.9570364458632615,4.731874465942383
BitcoinTransactions,22,362,76,0.2,0.5,1,0.0698194975633536,0.0020050125313283208,0.9521149241819633,4.626189947128296
BitcoinTransactions,22,362,76,0.2,0.5,2,0.06986823481775892,0.002844141069397042,0.9930832668262836,4.785402059555054
BitcoinTransactions,22,362,76,0.2,0.5,3,0.07432149046413283,0.0017605633802816902,0.9632881085395052,4.788267135620117
BitcoinTransactions,22,362,76,0.2,0.5,4,0.06731963117594582,0.0021404109589041095,0.9824421388667198,4.765678405761719
BitcoinTransactions,22,362,76,0.2,0.5,5,0.065929559806327,0.0022222222222222222,0.9530460228784251,4.762109041213989
BitcoinTransactions,22,362,95,0.25,0.5,1,0.07590850021975555,0.0026578073089701,0.985634477254589,4.776349782943726
BitcoinTransactions,22,362,95,0.25,0.5,2,0.05905785623802456,0.0018984337921214998,0.9925512104283054,4.823672533035278
BitcoinTransactions,22,362,95,0.25,0.5,3,0.07625978947959915,0.00228310502283105,0.964219207235967,4.780413627624512
BitcoinTransactions,22,362,95,0.25,0.5,4,0.07187722034116016,0.0026041666666666665,0.9997339718010109,4.524705171585083
BitcoinTransactions,22,362,95,0.25,0.5,5,0.06810515306264793,0.0027491408934707906,0.9997339718010109,4.661530494689941
BitcoinTransactions,22,362,114,0.3,0.5,1,0.07013845910822096,0.0024509803921568627,0.9962756052141527,4.576513290405273
BitcoinTransactions,22,362,114,0.3,0.5,2,0.06504561530094892,0.002311604253351826,0.9924181963288109,4.635745048522949
BitcoinTransactions,22,362,114,0.3,0.5,3,0.06280888461780842,0.0035211267605633804,1.0,4.664081335067749
BitcoinTransactions,22,362,114,0.3,0.5,4,0.07074657738901613,0.002105263157894737,0.9960095770151636,4.67006516456604
BitcoinTransactions,22,362,114,0.3,0.5,5,0.09453050740880824,0.002551020408163265,0.9634211226389997,4.4526331424713135
BitcoinTransactions,22,362,133,0.35,0.5,1,0.07054262238462457,0.0028636884306987398,0.9997339718010109,4.864831447601318
BitcoinTransactions,22,362,133,0.35,0.5,2,0.0649231622564886,0.0018256503879507074,0.9640861931364725,4.724103212356567
BitcoinTransactions,22,362,133,0.35,0.5,3,0.07263343746222894,0.0012779552715654952,0.9559723330673051,4.508204460144043
BitcoinTransactions,22,362,133,0.35,0.5,4,0.06725123444029668,0.0020191822311963654,0.9893588720404363,4.675100326538086
BitcoinTransactions,22,362,133,0.35,0.5,5,0.06482507361368714,0.0031746031746031746,1.0,4.765194654464722
BitcoinTransactions,22,362,152,0.4,0.5,1,0.06697645305306875,0.0022002200220022,0.9920191540303273,4.646106481552124
BitcoinTransactions,22,362,152,0.4,0.5,2,0.06801591325806275,0.0017691287041132243,0.9682096302208034,4.761318683624268
BitcoinTransactions,22,362,152,0.4,0.5,3,0.06288645944275849,0.001694915254237288,0.9640861931364725,4.684702634811401
BitcoinTransactions,22,362,152,0.4,0.5,4,0.07243422850483461,0.0020554984583761563,0.9952114924181963,4.663437604904175
BitcoinTransactions,22,362,152,0.4,0.5,5,0.053295521830475326,0.0027685492801771874,0.9981378026070763,4.771145343780518
BitcoinTransactions,22,362,171,0.45,0.5,1,0.07121874497403671,0.0012626262626262627,0.9578345304602288,4.7389233112335205
BitcoinTransactions,22,362,171,0.45,0.5,2,0.06749034870339889,0.0024295432458697765,0.9990689013035382,4.852226972579956
BitcoinTransactions,22,362,171,0.45,0.5,3,0.06674048434869233,0.0030381944444444445,0.9954775206171854,4.677236795425415
BitcoinTransactions,22,362,171,0.45,0.5,4,0.06816022969584414,0.0020689655172413794,0.992950252726789,4.663754463195801
BitcoinTransactions,22,362,171,0.45,0.5,5,0.07901749686001686,0.0026595744680851063,0.9636871508379888,4.628086090087891
BitcoinTransactions,22,362,190,0.5,0.5,1,0.06380471138301837,0.004784688995215311,1.0,4.388978004455566
BitcoinTransactions,22,362,190,0.5,0.5,2,0.06500016424010152,0.002601263470828688,0.9996009577015164,4.56999135017395
BitcoinTransactions,22,362,190,0.5,0.5,3,0.07366671503861948,0.0033396946564885495,0.9666134610268688,4.264601707458496
BitcoinTransactions,22,362,190,0.5,0.5,4,0.065147174039317,0.003472222222222222,1.0,4.468171119689941
BitcoinTransactions,22,362,190,0.5,0.5,5,0.06468546222513852,0.0013914656771799629,0.9521149241819633,4.470439910888672
BitcoinTransactions,22,362,210,0.55,0.5,1,0.06235273193087152,0.002857142857142857,0.991487097632349,4.438355922698975
BitcoinTransactions,22,362,210,0.55,0.5,2,0.07120433220435655,0.002952755905511811,0.9996009577015164,4.41036057472229
BitcoinTransactions,22,362,210,0.55,0.5,3,0.07108609064204242,0.0023969319271332696,0.9635541367384943,4.303529262542725
BitcoinTransactions,22,362,210,0.55,0.5,4,0.0671436899647394,0.0034482758620689655,1.0,4.408832550048828
BitcoinTransactions,22,362,210,0.55,0.5,5,0.07047876819151896,0.003787878787878788,0.966879489225858,4.259329319000244
BitcoinTransactions,22,362,229,0.6,0.5,1,0.07489698941713148,0.002290950744558992,0.967145517424847,4.421942472457886
BitcoinTransactions,22,362,229,0.6,0.5,2,0.07348859020503455,0.001984126984126984,0.9711359404096834,4.418908596038818
BitcoinTransactions,22,362,229,0.6,0.5,3,0.0717630521292587,0.003703703703703704,0.9767225325884544,4.242010116577148
BitcoinTransactions,22,362,229,0.6,0.5,4,0.07468878299253771,0.002834467120181406,0.9997339718010109,4.544886112213135
BitcoinTransactions,22,362,229,0.6,0.5,5,0.06956436454251774,0.0033444816053511705,1.0,4.7235589027404785
BitcoinTransactions,22,362,248,0.65,0.5,1,0.06755802425365794,0.0026371308016877636,0.9998669859005055,4.783528804779053
BitcoinTransactions,22,362,248,0.65,0.5,2,0.07085580441673553,0.0027262813522355507,0.9961425911146582,4.511635780334473
BitcoinTransactions,22,362,248,0.65,0.5,3,0.07064233930275918,0.0022988505747126436,0.9952114924181963,4.703925132751465
BitcoinTransactions,22,362,248,0.65,0.5,4,0.0721443695719323,0.0023148148148148147,0.9996009577015164,4.719564914703369
BitcoinTransactions,22,362,248,0.65,0.5,5,0.06624199433586837,0.0033333333333333335,1.0,4.704585790634155
BitcoinTransactions,22,362,267,0.7,0.5,1,0.0621854080362113,0.002070393374741201,0.9680766161213089,4.734908103942871
BitcoinTransactions,22,362,267,0.7,0.5,2,0.07179989771218837,0.0019111323459149545,0.9648842777334398,4.640786647796631
BitcoinTransactions,22,362,267,0.7,0.5,3,0.07204124251212268,0.0033783783783783786,1.0,4.651273012161255
BitcoinTransactions,22,362,267,0.7,0.5,4,0.07563431990497396,0.0030637254901960784,0.9994679436020218,4.558809995651245
BitcoinTransactions,22,362,267,0.7,0.5,5,0.06826896861056671,0.0025167785234899327,0.9998669859005055,4.677449703216553
BitcoinTransactions,22,362,286,0.75,0.5,1,0.06467828126128486,0.0022222222222222222,0.9884277733439745,4.6461522579193115
BitcoinTransactions,22,362,286,0.75,0.5,2,0.0636161430908037,0.0027491408934707906,0.9960095770151636,4.668745279312134
BitcoinTransactions,22,362,286,0.75,0.5,3,0.0678981785702355,0.002421307506053269,0.9831072093641926,4.673673868179321
BitcoinTransactions,22,362,286,0.75,0.5,4,0.07591802010828626,0.002777777777777778,0.9690077148177707,4.717097043991089
BitcoinTransactions,22,362,286,0.75,0.5,5,0.06558885488920149,0.0025684931506849314,0.9996009577015164,4.798886299133301
BitcoinTransactions,22,362,305,0.8,0.5,1,0.0650061108354177,0.002824858757062147,0.9997339718010109,4.6589274406433105
BitcoinTransactions,22,362,305,0.8,0.5,2,0.06537922132612967,0.0028476506881822496,0.9997339718010109,4.798130750656128
BitcoinTransactions,22,362,305,0.8,0.5,3,0.07435534160069583,0.0020761245674740486,0.961292897047087,4.745787858963013
BitcoinTransactions,22,362,305,0.8,0.5,4,0.06957740942878077,0.0029055690072639223,0.9997339718010109,4.748861789703369
BitcoinTransactions,22,362,305,0.8,0.5,5,0.07068563449646502,0.0026690391459074734,0.9753923915935089,4.673884630203247
BitcoinTransactions,22,362,324,0.85,0.5,1,0.0699020778562401,0.002326663564448581,0.9996009577015164,4.701647996902466
BitcoinTransactions,22,362,324,0.85,0.5,2,0.07590564490733431,0.003205128205128205,1.0,4.576307773590088
BitcoinTransactions,22,362,324,0.85,0.5,3,0.07429617591906221,0.0013605442176870747,0.9602287842511307,4.696876525878906
BitcoinTransactions,22,362,324,0.85,0.5,4,0.08510159044376353,0.0040453074433656954,0.9997339718010109,4.463677406311035
BitcoinTransactions,22,362,324,0.85,0.5,5,0.06751120104314463,0.0032590983161325366,0.9996009577015164,4.541060924530029
BitcoinTransactions,22,362,343,0.9,0.5,1,0.07805059812946664,0.002158273381294964,0.9996009577015164,4.754523754119873
BitcoinTransactions,22,362,343,0.9,0.5,2,0.07415807506750606,0.0047169811320754715,1.0,4.6366400718688965
BitcoinTransactions,22,362,343,0.9,0.5,3,0.05938658334803168,0.0024378352023403218,0.9990689013035382,4.896517038345337
BitcoinTransactions,22,362,343,0.9,0.5,4,0.06034838889033242,0.002508361204013378,0.9928172386272945,4.702592849731445
BitcoinTransactions,22,362,343,0.9,0.5,5,0.06143323354745615,0.0021436227224008574,0.9994679436020218,4.6247570514678955
BitcoinTransactions,22,362,362,0.95,0.5,1,0.06738136193414422,0.0035087719298245615,1.0,4.5352208614349365
BitcoinTransactions,22,362,362,0.95,0.5,2,0.07302620990199513,0.0009886307464162135,0.9630220803405161,4.611192226409912
BitcoinTransactions,22,362,362,0.95,0.5,3,0.07143460574762195,0.003094059405940594,0.9784517158818835,4.519079923629761
BitcoinTransactions,22,362,362,0.95,0.5,4,0.06635973957255296,0.002613240418118467,0.9997339718010109,4.835273504257202
BitcoinTransactions,22,362,362,0.95,0.5,5,0.06006847522123986,0.0027412280701754384,0.9997339718010109,4.796723127365112
BitcoinTransactions,22,362,381,1,0.5,1,0.07522068116749206,0.0027874564459930314,0.9928172386272945,4.716772079467773
BitcoinTransactions,22,362,381,1,0.5,2,0.07904671316174924,0.0034129692832764505,1.0,4.851355075836182
BitcoinTransactions,22,362,381,1,0.5,3,0.0728024799119755,0.00234192037470726,0.9928172386272945,4.717718124389648
BitcoinTransactions,22,362,381,1,0.5,4,0.06594394857223758,0.003401360544217687,1.0,4.739398717880249
BitcoinTransactions,22,362,381,1,0.5,5,0.06480169265103503,0.003236245954692557,1.0,4.566920042037964
BitcoinTransactions,23,192,0,0,,1,0.07201332240862487,0.0045045045045045045,0.9548647242455776,
BitcoinTransactions,23,192,0,0,,2,0.07082439179674012,0.003067484662576687,0.9627991675338189,
BitcoinTransactions,23,192,0,0,,3,0.07588657267178703,0.002026342451874367,0.9497918834547346,
BitcoinTransactions,23,192,0,0,,4,0.06495666607450203,0.0008605851979345956,0.9274193548387096,
BitcoinTransactions,23,192,0,0,,5,0.06081198554768925,0.00202020202020202,0.9730749219562955,
BitcoinTransactions,23,192,2,0.01,0.5,1,0.06386439170442146,0.0030303030303030303,0.9879032258064516,4.666438817977905
BitcoinTransactions,23,192,2,0.01,0.5,2,0.06698149267687917,0.004819277108433735,0.9998699271592092,4.605252504348755
BitcoinTransactions,23,192,2,0.01,0.5,3,0.07303238561304884,0.003601440576230492,0.9513527575442248,4.45746636390686
BitcoinTransactions,23,192,2,0.01,0.5,4,0.08284604465699026,0.0017528483786152498,0.956165452653486,4.5211241245269775
BitcoinTransactions,23,192,2,0.01,0.5,5,0.06767065402486266,0.00202020202020202,0.9712539021852237,4.625225782394409
BitcoinTransactions,23,192,10,0.05,0.5,1,0.07090801242745276,0.0040650406504065045,0.9996097814776275,4.550293922424316
BitcoinTransactions,23,192,10,0.05,0.5,2,0.06712646349973592,0.001488095238095238,0.9573361082206036,4.723423004150391
BitcoinTransactions,23,192,10,0.05,0.5,3,0.059008961899685,0.0024096385542168677,0.9915452653485952,4.790528774261475
BitcoinTransactions,23,192,10,0.05,0.5,4,0.07554558371540555,0.0024691358024691358,0.9840010405827263,4.833662033081055
BitcoinTransactions,23,192,10,0.05,0.5,5,0.06894514879333209,0.0027472527472527475,0.9858220603537982,4.7460572719573975
BitcoinTransactions,23,192,19,0.1,0.5,1,0.06551546384488593,0.002551020408163265,0.9427679500520292,4.785988092422485
BitcoinTransactions,23,192,19,0.1,0.5,2,0.060007865397059296,0.0010615711252653928,0.9538241415192508,4.784038305282593
BitcoinTransactions,23,192,19,0.1,0.5,3,0.07110717617266392,0.0031446540880503146,0.9622788761706556,4.677889585494995
BitcoinTransactions,23,192,19,0.1,0.5,4,0.0721576097025793,0.001182033096926714,0.9397762747138397,4.821442604064941
BitcoinTransactions,23,192,19,0.1,0.5,5,0.06955919116602303,0.0015151515151515152,0.9142819979188346,4.6869330406188965
BitcoinTransactions,23,192,29,0.15,0.5,1,0.06495127196729333,0.002982848620432513,0.9821800208116546,4.605223178863525
BitcoinTransactions,23,192,29,0.15,0.5,2,0.07219508664693652,0.00408997955010225,0.979318418314256,4.54487156867981
BitcoinTransactions,23,192,29,0.15,0.5,3,0.07285477697004697,0.001996007984031936,0.9585067637877211,4.705326080322266
BitcoinTransactions,23,192,29,0.15,0.5,4,0.07100130701372176,0.0023952095808383233,0.9559053069719042,4.659463882446289
BitcoinTransactions,23,192,29,0.15,0.5,5,0.0716146966007061,0.0020833333333333333,0.9530437044745057,4.677450656890869
BitcoinTransactions,23,192,39,0.2,0.5,1,0.07220775441024523,0.001710863986313088,0.9566857440166493,4.423653602600098
BitcoinTransactions,23,192,39,0.2,0.5,2,0.07204232043482023,0.001710863986313088,0.9470603537981269,4.706652641296387
BitcoinTransactions,23,192,39,0.2,0.5,3,0.07305796936510167,0.003787878787878788,0.9767169614984391,4.458402872085571
BitcoinTransactions,23,192,39,0.2,0.5,4,0.06924909606687442,0.0012345679012345679,0.9392559833506764,4.868682622909546
BitcoinTransactions,23,192,39,0.2,0.5,5,0.06505051551050946,0.0024390243902439024,0.9530437044745057,4.7387309074401855
BitcoinTransactions,23,192,48,0.25,0.5,1,0.06946330632769036,0.0015822784810126582,0.9894640998959418,4.757629156112671
BitcoinTransactions,23,192,48,0.25,0.5,2,0.06635002966895577,0.0029940119760479044,0.9490114464099896,4.8229405879974365
BitcoinTransactions,23,192,48,0.25,0.5,3,0.07390800896475742,0.001710863986313088,0.956945889698231,4.803978204727173
BitcoinTransactions,23,192,48,0.25,0.5,4,0.06933162713663654,0.003105590062111801,0.9869927159209158,4.793301820755005
BitcoinTransactions,23,192,48,0.25,0.5,5,0.074292443429459,0.0026292725679228747,0.9815296566077003,4.72833514213562
BitcoinTransactions,23,192,58,0.3,0.5,1,0.07042935036695834,0.004545454545454545,0.9634495317377731,4.742786884307861
BitcoinTransactions,23,192,58,0.3,0.5,2,0.08147311450087365,0.0026292725679228747,0.9587669094693028,4.589320421218872
BitcoinTransactions,23,192,58,0.3,0.5,3,0.07706993794538995,0.00411522633744856,0.9651404786680541,4.633234024047852
BitcoinTransactions,23,192,58,0.3,0.5,4,0.06698327326948603,0.0022189349112426036,0.9430280957336108,4.599146127700806
BitcoinTransactions,23,192,58,0.3,0.5,5,0.07560512028381937,0.005,0.9998699271592092,4.670197248458862
BitcoinTransactions,23,192,68,0.35,0.5,1,0.06746636713200775,0.0029940119760479044,0.9803590010405827,4.5851733684539795
BitcoinTransactions,23,192,68,0.35,0.5,2,0.06034498963534039,0.0012195121951219512,0.9555150884495317,4.670184373855591
BitcoinTransactions,23,192,68,0.35,0.5,3,0.07578011122337877,0.0017421602787456446,0.9522632674297606,4.58684778213501
BitcoinTransactions,23,192,68,0.35,0.5,4,0.07535531522089095,0.001670843776106934,0.9504422476586889,4.457251310348511
BitcoinTransactions,23,192,68,0.35,0.5,5,0.0694553432832877,0.004362050163576881,0.9595473465140478,4.5386643409729
BitcoinTransactions,23,192,78,0.4,0.5,1,0.074066562597731,0.001004016064257028,0.9490114464099896,4.8683600425720215
BitcoinTransactions,23,192,78,0.4,0.5,2,0.06743162837314975,0.0035211267605633804,0.9872528616024974,4.780333518981934
BitcoinTransactions,23,192,78,0.4,0.5,3,0.06681252678121871,0.001710863986313088,0.9297606659729448,4.809389352798462
BitcoinTransactions,23,192,78,0.4,0.5,4,0.08332032292458143,0.002070393374741201,0.9599375650364204,4.583103656768799
BitcoinTransactions,23,192,78,0.4,0.5,5,0.06658867807867187,0.0038109756097560975,0.956165452653486,4.912272691726685
BitcoinTransactions,23,192,87,0.45,0.5,1,0.06591284962148433,0.0025662959794696323,0.9820499479708636,4.785771131515503
BitcoinTransactions,23,192,87,0.45,0.5,2,0.07339634368174548,0.0015151515151515152,0.9522632674297606,4.892878532409668
BitcoinTransactions,23,192,87,0.45,0.5,3,0.06845777904070728,0.0030303030303030303,0.9713839750260146,4.818016052246094
BitcoinTransactions,23,192,87,0.45,0.5,4,0.06412683984212422,0.0024096385542168677,0.9866024973985432,4.793236017227173
BitcoinTransactions,23,192,87,0.45,0.5,5,0.07191692501627228,0.002380952380952381,0.9907648283038502,4.690939903259277
BitcoinTransactions,23,192,97,0.5,0.5,1,0.08067368055990748,0.002531645569620253,0.977627471383975,4.721126079559326
BitcoinTransactions,23,192,97,0.5,0.5,2,0.08182739533439712,0.0015723270440251573,0.9581165452653486,4.615814208984375
BitcoinTransactions,23,192,97,0.5,0.5,3,0.06777633808501103,0.002380952380952381,0.9566857440166493,4.7084269523620605
BitcoinTransactions,23,192,97,0.5,0.5,4,0.06831267247116272,0.0046875,0.9997398543184183,4.638617515563965
BitcoinTransactions,23,192,97,0.5,0.5,5,0.06549423304740612,0.0036363636363636364,0.9802289281997919,4.727123975753784
BitcoinTransactions,23,192,107,0.55,0.5,1,0.0708739302535283,0.002613240418118467,0.9409469302809573,4.628556251525879
BitcoinTransactions,23,192,107,0.55,0.5,2,0.07357475081865253,0.002173913043478261,0.951092611862643,4.511837959289551
BitcoinTransactions,23,192,107,0.55,0.5,3,0.07361534894724624,0.003592814371257485,0.9674817898022893,4.654366970062256
BitcoinTransactions,23,192,107,0.55,0.5,4,0.0731094119563627,0.0020964360587002098,0.9670915712799167,4.699870347976685
BitcoinTransactions,23,192,107,0.55,0.5,5,0.06257728047959277,0.00404040404040404,0.9881633714880333,4.6211302280426025
BitcoinTransactions,23,192,116,0.6,0.5,1,0.061988277256293536,0.004140786749482402,0.9820499479708636,4.860154628753662
BitcoinTransactions,23,192,116,0.6,0.5,2,0.07165655910505052,0.004464285714285714,0.9888137356919875,4.824780702590942
BitcoinTransactions,23,192,116,0.6,0.5,3,0.07343095035327891,0.003658536585365854,0.9750260145681582,4.927657604217529
BitcoinTransactions,23,192,116,0.6,0.5,4,0.06407729314131011,0.0037593984962406013,0.9932362122788762,4.634563684463501
BitcoinTransactions,23,192,116,0.6,0.5,5,0.07253272520330868,0.003105590062111801,0.9929760665972945,4.878436803817749
BitcoinTransactions,23,192,126,0.65,0.5,1,0.0884946701612092,0.003246753246753247,0.9804890738813735,4.5162060260772705
BitcoinTransactions,23,192,126,0.65,0.5,2,0.06266000988717116,0.004016064257028112,0.9669614984391259,4.932984352111816
BitcoinTransactions,23,192,126,0.65,0.5,3,0.06032413672117681,0.00245398773006135,0.9707336108220603,4.799006700515747
BitcoinTransactions,23,192,126,0.65,0.5,4,0.06276817553349477,0.006818181818181818,0.9951873048907388,4.622737169265747
BitcoinTransactions,23,192,126,0.65,0.5,5,0.08411776709988339,0.0031645569620253164,0.9877731529656608,4.69229531288147
BitcoinTransactions,23,192,136,0.7,0.5,1,0.08247445595476018,0.0027124773960217,0.981009365244537,4.623247385025024
BitcoinTransactions,23,192,136,0.7,0.5,2,0.06895008007353762,0.0026619343389529724,0.9791883454734651,4.639185190200806
BitcoinTransactions,23,192,136,0.7,0.5,3,0.06444886212697856,0.00205761316872428,0.9866024973985432,4.630227565765381
BitcoinTransactions,23,192,136,0.7,0.5,4,0.0626046192064539,0.0029940119760479044,0.9963579604578564,4.578443765640259
BitcoinTransactions,23,192,136,0.7,0.5,5,0.06797797652325292,0.004132231404958678,0.9802289281997919,4.43320631980896
BitcoinTransactions,23,192,146,0.75,0.5,1,0.07149697236400265,0.0030864197530864196,0.9836108220603538,4.558673858642578
BitcoinTransactions,23,192,146,0.75,0.5,2,0.06676188810799251,0.0030303030303030303,0.9875130072840791,4.663955211639404
BitcoinTransactions,23,192,146,0.75,0.5,3,0.08607186830991947,0.005341880341880342,0.9968782518210197,4.4938788414001465
BitcoinTransactions,23,192,146,0.75,0.5,4,0.0735410090459009,0.0033482142857142855,0.9582466181061394,4.658525705337524
BitcoinTransactions,23,192,146,0.75,0.5,5,0.06510115705179595,0.006211180124223602,1.0,4.743682861328125
BitcoinTransactions,23,192,155,0.8,0.5,1,0.06836036832240949,0.00375,0.9924557752341311,4.813265085220337
BitcoinTransactions,23,192,155,0.8,0.5,2,0.08250099557554466,0.002777777777777778,0.9590270551508845,4.448816299438477
BitcoinTransactions,23,192,155,0.8,0.5,3,0.06569976872469654,0.0037425149700598802,0.9760665972944849,4.760847806930542
BitcoinTransactions,23,192,155,0.8,0.5,4,0.06606203907421507,0.00375,0.9830905306971904,4.672648191452026
BitcoinTransactions,23,192,155,0.8,0.5,5,0.0841709575805901,0.0015723270440251573,0.953563995837669,4.687310695648193
BitcoinTransactions,23,192,165,0.85,0.5,1,0.0673450683842359,0.003083247687564234,0.986732570239334,4.456019878387451
BitcoinTransactions,23,192,165,0.85,0.5,2,0.07070054692074144,0.002613240418118467,0.9858220603537982,4.698197364807129
BitcoinTransactions,23,192,165,0.85,0.5,3,0.06784872476819846,0.003401360544217687,0.9819198751300728,4.599948406219482
BitcoinTransactions,23,192,165,0.85,0.5,4,0.06060399470114929,0.0022727272727272726,0.9858220603537982,4.715202808380127
BitcoinTransactions,23,192,165,0.85,0.5,5,0.07951121235930302,0.003125,0.9849115504682622,4.414782762527466
BitcoinTransactions,23,192,175,0.9,0.5,1,0.06519113449634195,0.0023952095808383233,0.9765868886576483,4.706047058105469
BitcoinTransactions,23,192,175,0.9,0.5,2,0.06696036127192177,0.002613240418118467,0.9513527575442248,4.558632850646973
BitcoinTransactions,23,192,175,0.9,0.5,3,0.060511568350574925,0.003125,0.9708636836628513,4.749924182891846
BitcoinTransactions,23,192,175,0.9,0.5,4,0.07380469793674767,0.007017543859649123,0.9996097814776275,4.515890598297119
BitcoinTransactions,23,192,175,0.9,0.5,5,0.0699059511599154,0.008888888888888889,0.9998699271592092,4.539466142654419
BitcoinTransactions,23,192,184,0.95,0.5,1,0.06669737452261001,0.00253592561284869,0.951092611862643,4.815525531768799
BitcoinTransactions,23,192,184,0.95,0.5,2,0.07638290340915026,0.004658385093167702,0.9915452653485952,4.95419979095459
BitcoinTransactions,23,192,184,0.95,0.5,3,0.07311648947480863,0.0022727272727272726,0.9748959417273674,4.811463832855225
BitcoinTransactions,23,192,184,0.95,0.5,4,0.07416702637219297,0.0036144578313253013,0.991675338189386,4.822596073150635
BitcoinTransactions,23,192,184,0.95,0.5,5,0.06449141385635176,0.003048780487804878,0.9815296566077003,4.819906711578369
BitcoinTransactions,23,192,194,1,0.5,1,0.07998273361972752,0.0038461538461538464,0.9953173777315296,4.610602855682373
BitcoinTransactions,23,192,194,1,0.5,2,0.06486638829465305,0.00245398773006135,0.9704734651404787,4.586203098297119
BitcoinTransactions,23,192,194,1,0.5,3,0.06351767626807657,0.0027266530334014998,0.9858220603537982,4.63599419593811
BitcoinTransactions,23,192,194,1,0.5,4,0.08011141102278124,0.00205761316872428,0.9492715920915713,4.575867652893066
BitcoinTransactions,23,192,194,1,0.5,5,0.062118912971967734,0.0034285714285714284,0.9745057232049948,4.515413284301758
BitcoinTransactions,24,101,0,0,,1,0.07053291998132784,0.006666666666666667,0.976475125337447,
BitcoinTransactions,24,101,0,0,,2,0.06871233875272513,0.0,0.9064147062604447,
BitcoinTransactions,24,101,0,0,,3,0.07363895883112333,0.0,0.8827612803702275,
BitcoinTransactions,24,101,0,0,,4,0.07585675144249146,0.004629629629629629,0.88648926597249,
BitcoinTransactions,24,101,0,0,,5,0.0612113898823611,0.0020833333333333333,0.9660624758966448,
BitcoinTransactions,24,101,1,0.01,0.5,1,0.07540619713060616,0.0,0.8795474996786219,4.631807327270508
BitcoinTransactions,24,101,1,0.01,0.5,2,0.06703324722420766,0.0,0.8701632600591336,4.580776929855347
BitcoinTransactions,24,101,1,0.01,0.5,3,0.07206397963135905,0.003703703703703704,0.9192698290268672,4.409107208251953
BitcoinTransactions,24,101,1,0.01,0.5,4,0.07046455855553684,0.002,0.9161845995629259,4.591692686080933
BitcoinTransactions,24,101,1,0.01,0.5,5,0.0656292990970445,0.0,0.890474354030081,4.5950376987457275
BitcoinTransactions,24,101,5,0.05,0.5,1,0.06141091054153619,0.0,0.9043578866178172,4.634114742279053
BitcoinTransactions,24,101,5,0.05,0.5,2,0.07063042368227096,0.0014285714285714286,0.8834040365085487,4.546941041946411
BitcoinTransactions,24,101,5,0.05,0.5,3,0.07765710695076039,0.0,0.8696490551484767,4.849035024642944
BitcoinTransactions,24,101,5,0.05,0.5,4,0.07259621497818974,0.0030864197530864196,0.9346959763465741,4.657042980194092
BitcoinTransactions,24,101,5,0.05,0.5,5,0.0671101451529381,0.0017730496453900709,0.9102712430903716,4.77402663230896
BitcoinTransactions,24,101,10,0.1,0.5,1,0.06174270037559746,0.002,0.8358400822727857,4.724609851837158
BitcoinTransactions,24,101,10,0.1,0.5,2,0.07438603372472719,0.001122334455667789,0.8821185242319064,4.591348171234131
BitcoinTransactions,24,101,10,0.1,0.5,3,0.06905297114965575,0.004166666666666667,0.9578351973261344,4.6212146282196045
BitcoinTransactions,24,101,10,0.1,0.5,4,0.07504448118312262,0.0,0.8735055919784034,4.596031188964844
BitcoinTransactions,24,101,10,0.1,0.5,5,0.07222566217060372,0.0,0.8774906800359944,4.650550842285156
BitcoinTransactions,24,101,15,0.15,0.5,1,0.07015941362742838,0.0033333333333333335,0.8675922355058491,4.571319580078125
BitcoinTransactions,24,101,15,0.15,0.5,2,0.06762923606744271,0.00125,0.8960020568196426,4.483517646789551
BitcoinTransactions,24,101,15,0.15,0.5,3,0.06074429947314522,0.0016666666666666668,0.9457513819256974,4.590508222579956
BitcoinTransactions,24,101,15,0.15,0.5,4,0.06821498341261327,0.002,0.9528216994472297,4.641773462295532
BitcoinTransactions,24,101,15,0.15,0.5,5,0.06600552469367346,0.0,0.8746625530273814,4.6171159744262695
BitcoinTransactions,24,101,20,0.2,0.5,1,0.07157661583665709,0.0,0.8489523074945365,4.699281930923462
BitcoinTransactions,24,101,20,0.2,0.5,2,0.06074529022174142,0.0,0.8733770407507392,4.845329523086548
BitcoinTransactions,24,101,20,0.2,0.5,3,0.07917922944228827,0.0,0.8633500449929297,4.783380031585693
BitcoinTransactions,24,101,20,0.2,0.5,4,0.05875813481214711,0.0,0.9172130093842397,4.840979099273682
BitcoinTransactions,24,101,20,0.2,0.5,5,0.06714892605564168,0.0,0.8846895487851909,4.890040874481201
BitcoinTransactions,24,101,25,0.25,0.5,1,0.06483589874741791,0.0,0.8801902558169431,4.743524551391602
BitcoinTransactions,24,101,25,0.25,0.5,2,0.08092521406415641,0.00404040404040404,0.943823113510734,4.950054883956909
BitcoinTransactions,24,101,25,0.25,0.5,3,0.068173055526784,0.0012755102040816326,0.8854608561511762,4.589999198913574
BitcoinTransactions,24,101,25,0.25,0.5,4,0.07159303875282279,0.0029154518950437317,0.8854608561511762,4.851549863815308
BitcoinTransactions,24,101,25,0.25,0.5,5,0.07229027874006932,0.0,0.8804473582722715,4.822945594787598
BitcoinTransactions,24,101,30,0.3,0.5,1,0.07613945021952893,0.002,0.9511505334875948,4.834909200668335
BitcoinTransactions,24,101,30,0.3,0.5,2,0.07727703256496947,0.0025,0.8834040365085487,4.657417297363281
BitcoinTransactions,24,101,30,0.3,0.5,3,0.08207184877110037,0.002070393374741201,0.8666923769121995,4.521847486495972
BitcoinTransactions,24,101,30,0.3,0.5,4,0.06513076804125288,0.0,0.8607790204396452,4.656323671340942
BitcoinTransactions,24,101,30,0.3,0.5,5,0.07134411709341583,0.0020833333333333333,0.897930325234606,4.476199626922607
BitcoinTransactions,24,101,35,0.35,0.5,1,0.06670713998095479,0.0,0.8726057333847538,4.645660161972046
BitcoinTransactions,24,101,35,0.35,0.5,2,0.06333074518408456,0.005050505050505051,0.9845738526802931,4.716331481933594
BitcoinTransactions,24,101,35,0.35,0.5,3,0.06484553682101811,0.0025,0.9924154775678108,4.6364381313323975
BitcoinTransactions,24,101,35,0.35,0.5,4,0.07185718041975724,0.002551020408163265,0.9241547756781078,4.731862783432007
BitcoinTransactions,24,101,35,0.35,0.5,5,0.06881688554277504,0.005154639175257732,0.9798174572567168,4.770063161849976
BitcoinTransactions,24,101,40,0.4,0.5,1,0.05998920018803798,0.0,0.9364956935338733,4.8162713050842285
BitcoinTransactions,24,101,40,0.4,0.5,2,0.07549987676151021,0.00819672131147541,0.9897159017868621,4.462572813034058
BitcoinTransactions,24,101,40,0.4,0.5,3,0.07419735452372328,0.0,0.8529373955521276,4.870703458786011
BitcoinTransactions,24,101,40,0.4,0.5,4,0.06049872379089032,0.0,0.8832754852808844,4.732072114944458
BitcoinTransactions,24,101,40,0.4,0.5,5,0.07303108295473565,0.0,0.8825041779148991,4.978869915008545
BitcoinTransactions,24,101,45,0.45,0.5,1,0.06386126433373743,0.0,0.8912456613960663,4.813760280609131
BitcoinTransactions,24,101,45,0.45,0.5,2,0.06448650920026693,0.002,0.9503792261216094,5.02862286567688
BitcoinTransactions,24,101,45,0.45,0.5,3,0.0682574278633352,0.00125,0.9157989458799332,4.824305772781372
BitcoinTransactions,24,101,45,0.45,0.5,4,0.06942295992581211,0.0,0.8961306080473068,4.815162658691406
BitcoinTransactions,24,101,45,0.45,0.5,5,0.07339164834753126,0.0,0.873248489523075,4.811628103256226
BitcoinTransactions,24,101,50,0.5,0.5,1,0.06203722039213506,0.0014285714285714286,0.9151561897416121,4.715556383132935
BitcoinTransactions,24,101,50,0.5,0.5,2,0.07167510244991114,0.0014285714285714286,0.9159274971075974,4.616901636123657
BitcoinTransactions,24,101,50,0.5,0.5,3,0.06876190700878693,0.0014285714285714286,0.9114282041393496,4.684942960739136
BitcoinTransactions,24,101,50,0.5,0.5,4,0.06703347732009725,0.006872852233676976,0.9859879161845996,4.588410377502441
BitcoinTransactions,24,101,50,0.5,0.5,5,0.07880561996773461,0.004081632653061225,0.9241547756781078,4.586453199386597
BitcoinTransactions,24,101,55,0.55,0.5,1,0.06189139065756652,0.002976190476190476,0.9580922997814629,4.484925985336304
BitcoinTransactions,24,101,55,0.55,0.5,2,0.071345830256512,0.0029455081001472753,0.9445944208767194,4.725836753845215
BitcoinTransactions,24,101,55,0.55,0.5,3,0.07221231505236736,0.0016666666666666668,0.9134850237819772,4.623345851898193
BitcoinTransactions,24,101,55,0.55,0.5,4,0.08660527786648745,0.012,0.9472939966576681,4.480733156204224
BitcoinTransactions,24,101,55,0.55,0.5,5,0.060862209493352665,0.002061855670103093,0.9652911685306594,4.8628013134002686
BitcoinTransactions,24,101,60,0.6,0.5,1,0.06325658410934436,0.0,0.8846895487851909,4.967700481414795
BitcoinTransactions,24,101,60,0.6,0.5,2,0.058602949755345426,0.0,0.8687491965548271,4.613106727600098
BitcoinTransactions,24,101,60,0.6,0.5,3,0.07245900649505434,0.0,0.8785190898573081,4.826339960098267
BitcoinTransactions,24,101,60,0.6,0.5,4,0.07465309944452252,0.0029154518950437317,0.950122123666281,4.838415622711182
BitcoinTransactions,24,101,60,0.6,0.5,5,0.06877765347505517,0.001122334455667789,0.9249260830440931,4.934623718261719
BitcoinTransactions,24,101,65,0.65,0.5,1,0.07140261436967013,0.0,0.8813472168659211,4.831147909164429
BitcoinTransactions,24,101,65,0.65,0.5,2,0.07218637528502123,0.006349206349206349,0.9573209924154775,4.665725946426392
BitcoinTransactions,24,101,65,0.65,0.5,3,0.06782195192563395,0.003472222222222222,0.9762180228821186,4.719459295272827
BitcoinTransactions,24,101,65,0.65,0.5,4,0.08098476473735114,0.004081632653061225,0.9757038179714617,4.637483358383179
BitcoinTransactions,24,101,65,0.65,0.5,5,0.07675590644292604,0.006593406593406593,0.9681192955392725,4.503250360488892
BitcoinTransactions,24,101,70,0.7,0.5,1,0.07356667835547252,0.0,0.8759480653040237,4.590344667434692
BitcoinTransactions,24,101,70,0.7,0.5,2,0.07833985412727042,0.0020408163265306124,0.9559069289111711,4.572319507598877
BitcoinTransactions,24,101,70,0.7,0.5,3,0.06860287660442722,0.006578947368421052,0.941509191412778,4.422398090362549
BitcoinTransactions,24,101,70,0.7,0.5,4,0.059984645844858145,0.002886002886002886,0.9606633243347474,4.589360475540161
BitcoinTransactions,24,101,70,0.7,0.5,5,0.07334377433358576,0.004123711340206186,0.9868877747782492,4.610712766647339
BitcoinTransactions,24,101,75,0.75,0.5,1,0.06606258258078865,0.0,0.8810901144105926,4.8788042068481445
BitcoinTransactions,24,101,75,0.75,0.5,2,0.06844470015324788,0.00510204081632653,0.9604062218794189,4.763033151626587
BitcoinTransactions,24,101,75,0.75,0.5,3,0.07204848809546027,0.00510204081632653,0.9199125851651884,4.725985527038574
BitcoinTransactions,24,101,75,0.75,0.5,4,0.07432479444100785,0.0,0.8607790204396452,4.704287528991699
BitcoinTransactions,24,101,75,0.75,0.5,5,0.06743247783920193,0.003401360544217687,0.9857308137292711,4.853905916213989
BitcoinTransactions,24,101,80,0.8,0.5,1,0.07909002563834804,0.002061855670103093,0.9584779534644556,4.487243175506592
BitcoinTransactions,24,101,80,0.8,0.5,2,0.06213118836568674,0.00510204081632653,0.95526417277285,4.833180665969849
BitcoinTransactions,24,101,80,0.8,0.5,3,0.06960175667829628,0.00404040404040404,0.9625915927497107,4.702336311340332
BitcoinTransactions,24,101,80,0.8,0.5,4,0.07314768907737082,0.0014285714285714286,0.914513433603291,4.677117109298706
BitcoinTransactions,24,101,80,0.8,0.5,5,0.07274661478688398,0.005263157894736842,0.9872734284612418,4.574248790740967
BitcoinTransactions,24,101,85,0.85,0.5,1,0.0668867483320969,0.003436426116838488,0.9452371770150405,4.609917402267456
BitcoinTransactions,24,101,85,0.85,0.5,2,0.0665167666853112,0.0,0.8823756266872349,4.578057050704956
BitcoinTransactions,24,101,85,0.85,0.5,3,0.08031576801111057,0.006756756756756757,0.9456228306980332,4.4607179164886475
BitcoinTransactions,24,101,85,0.85,0.5,4,0.05892411232873115,0.004166666666666667,0.9884303895102198,4.634708642959595
BitcoinTransactions,24,101,85,0.85,0.5,5,0.06901901904957776,0.004559270516717325,0.9712045250032137,4.593466758728027
BitcoinTransactions,24,101,90,0.9,0.5,1,0.061179113678463716,0.004081632653061225,0.9582208510091271,4.653542518615723
BitcoinTransactions,24,101,90,0.9,0.5,2,0.06526150980155399,0.0016666666666666668,0.957578094870806,4.8134589195251465
BitcoinTransactions,24,101,90,0.9,0.5,3,0.06516477720818749,0.0025,0.9377812058105155,4.70719838142395
BitcoinTransactions,24,101,90,0.9,0.5,4,0.06649710704190391,0.005050505050505051,0.9699190127265715,4.862167835235596
BitcoinTransactions,24,101,90,0.9,0.5,5,0.06738763512947603,0.005154639175257732,0.9812315207610233,4.872454881668091
BitcoinTransactions,24,101,95,0.95,0.5,1,0.06019623887980799,0.0,0.8813472168659211,4.80099630355835
BitcoinTransactions,24,101,95,0.95,0.5,2,0.07535935498528164,0.001443001443001443,0.9271114539143849,4.82064962387085
BitcoinTransactions,24,101,95,0.95,0.5,3,0.06654412158495344,0.003472222222222222,0.9510219822599306,4.796310663223267
BitcoinTransactions,24,101,95,0.95,0.5,4,0.07152365010436587,0.005154639175257732,0.9907443116081759,4.83305287361145
BitcoinTransactions,24,101,95,0.95,0.5,5,0.06443474364330475,0.005263157894736842,0.9502506748939452,4.796237468719482
BitcoinTransactions,24,101,100,1,0.5,1,0.05991686794891689,0.002,0.9550070703175215,4.807812213897705
BitcoinTransactions,24,101,100,1,0.5,2,0.0756338141120797,0.0075,0.9251831854994215,4.3878679275512695
BitcoinTransactions,24,101,100,1,0.5,3,0.07359274295669294,0.0,0.8837896901915413,4.677292108535767
BitcoinTransactions,24,101,100,1,0.5,4,0.07886281788907532,0.004081632653061225,0.9588636071474482,4.6246888637542725
BitcoinTransactions,24,101,100,1,0.5,5,0.07181147428152432,0.005154639175257732,0.9893302481038694,4.658518075942993
BitcoinTransactions,25,46,0,0,,1,0.06271949601083115,0.002777777777777778,0.8890732703599694,
BitcoinTransactions,25,46,0,0,,2,0.07049018821397254,0.0,0.886903242277253,
BitcoinTransactions,25,46,0,0,,3,0.07229274913324454,0.0,0.7690834822568292,
BitcoinTransactions,25,46,0,0,,4,0.06797342967353172,0.0,0.9162624457492979,
BitcoinTransactions,25,46,0,0,,5,0.0803074318393432,0.0,0.862777635945877,
BitcoinTransactions,25,46,0,0.01,0.5,1,0.06896507730810361,0.0,0.8793719683431197,4.675694704055786
BitcoinTransactions,25,46,0,0.01,0.5,2,0.07770965713971872,0.0,0.7957620628031656,4.614123821258545
BitcoinTransactions,25,46,0,0.01,0.5,3,0.07430104638724716,0.0,0.8801378606076079,4.704781770706177
BitcoinTransactions,25,46,0,0.01,0.5,4,0.07336216927037725,0.0,0.8662241511360735,4.688845872879028
BitcoinTransactions,25,46,0,0.01,0.5,5,0.06798261394483632,0.006097560975609756,0.8263977533826908,4.510113716125488
BitcoinTransactions,25,46,2,0.05,0.5,1,0.060078984539208416,0.007407407407407408,0.9559611947919326,4.7142932415008545
BitcoinTransactions,25,46,2,0.05,0.5,2,0.06468968958795465,0.0,0.8797549144753638,4.8414435386657715
BitcoinTransactions,25,46,2,0.05,0.5,3,0.07447513969756629,0.0,0.8792443196323717,4.8748393058776855
BitcoinTransactions,25,46,2,0.05,0.5,4,0.07157548265819275,0.0,0.8830737809548124,4.90432596206665
BitcoinTransactions,25,46,2,0.05,0.5,5,0.06691121065396573,0.0,0.8791166709216237,4.869791507720947
BitcoinTransactions,25,46,4,0.1,0.5,1,0.06752132410938888,0.0,0.8821802399795762,4.799712896347046
BitcoinTransactions,25,46,4,0.1,0.5,2,0.06478242070118524,0.0,0.9218789890222109,4.814279079437256
BitcoinTransactions,25,46,4,0.1,0.5,3,0.06369401093182545,0.0,0.881159050293592,4.736779451370239
BitcoinTransactions,25,46,4,0.1,0.5,4,0.06564581812163522,0.0,0.8805208067398519,4.708291053771973
BitcoinTransactions,25,46,4,0.1,0.5,5,0.07082267486808713,0.0,0.8838396732193005,4.71200704574585
BitcoinTransactions,25,46,7,0.15,0.5,1,0.07157358071890517,0.0,0.8823078886903243,4.707829713821411
BitcoinTransactions,25,46,7,0.15,0.5,2,0.06405746986008741,0.0,0.881159050293592,4.713176250457764
BitcoinTransactions,25,46,7,0.15,0.5,3,0.07422519941443648,0.0,0.8667347459790656,4.7011635303497314
BitcoinTransactions,25,46,7,0.15,0.5,4,0.06966714283525426,0.0031746031746031746,0.9152412560633137,4.7241058349609375
BitcoinTransactions,25,46,7,0.15,0.5,5,0.06917559453115023,0.003703703703703704,0.9191983660965024,4.7181620597839355
BitcoinTransactions,25,46,9,0.2,0.5,1,0.07147937634787295,0.0025252525252525255,0.881159050293592,4.510019540786743
BitcoinTransactions,25,46,9,0.2,0.5,2,0.06408249531138718,0.0,0.8865202961450089,4.986813306808472
BitcoinTransactions,25,46,9,0.2,0.5,3,0.06573562497478738,0.004651162790697674,0.9214960428899668,4.618710994720459
BitcoinTransactions,25,46,9,0.2,0.5,4,0.06518417050536932,0.0,0.8736277763594588,4.701361179351807
BitcoinTransactions,25,46,9,0.2,0.5,5,0.07193424542140084,0.003703703703703704,0.9089864692366607,4.572283506393433
BitcoinTransactions,25,46,11,0.25,0.5,1,0.06642947828571125,0.005555555555555556,0.9382180239979576,4.716979742050171
BitcoinTransactions,25,46,11,0.25,0.5,2,0.07831239896073383,0.003703703703703704,0.9274955322951238,4.685499906539917
BitcoinTransactions,25,46,11,0.25,0.5,3,0.05269340876177973,0.0,0.9111564973193771,4.732978582382202
BitcoinTransactions,25,46,11,0.25,0.5,4,0.080086091091922,0.0033222591362126247,0.8846055654837887,4.549465894699097
BitcoinTransactions,25,46,11,0.25,0.5,5,0.06436715425481826,0.0,0.8757978044421751,4.874439239501953
BitcoinTransactions,25,46,14,0.3,0.5,1,0.06486092946128402,0.0,0.8543528210365076,4.879853963851929
BitcoinTransactions,25,46,14,0.3,0.5,2,0.05170339344246099,0.0,0.9754914475363798,4.854475021362305
BitcoinTransactions,25,46,14,0.3,0.5,3,0.06315662803017737,0.0,0.8460556548378861,4.779386281967163
BitcoinTransactions,25,46,14,0.3,0.5,4,0.06854827998889512,0.0,0.8849885116160326,4.767296075820923
BitcoinTransactions,25,46,14,0.3,0.5,5,0.07301627353537986,0.0,0.8815419964258361,4.779919147491455
BitcoinTransactions,25,46,16,0.35,0.5,1,0.0682053900282399,0.006944444444444444,0.9248149093694153,4.557250499725342
BitcoinTransactions,25,46,16,0.35,0.5,2,0.0678835317260362,0.0,0.8055910135307633,4.626100301742554
BitcoinTransactions,25,46,16,0.35,0.5,3,0.07487625959873313,0.0,0.8796272657646158,4.702326059341431
BitcoinTransactions,25,46,16,0.35,0.5,4,0.06704914104709475,0.006968641114982578,0.9061781976002042,4.432065963745117
BitcoinTransactions,25,46,16,0.35,0.5,5,0.08671957491481752,0.0044444444444444444,0.9544294102629564,4.870545148849487
BitcoinTransactions,25,46,18,0.4,0.5,1,0.06954085715743764,0.0,0.9064334950217002,4.793914318084717
BitcoinTransactions,25,46,18,0.4,0.5,2,0.058648732348372166,0.0,0.8798825631861118,4.754440546035767
BitcoinTransactions,25,46,18,0.4,0.5,3,0.06491920472781884,0.0,0.8779678325248915,4.586288928985596
BitcoinTransactions,25,46,18,0.4,0.5,4,0.06273056966095644,0.0,0.8560122542762318,4.672361612319946
BitcoinTransactions,25,46,18,0.4,0.5,5,0.06549639161828803,0.0,0.8777125351033954,4.701102256774902
BitcoinTransactions,25,46,20,0.45,0.5,1,0.06629417061378133,0.0031746031746031746,0.9181771764105182,4.7116546630859375
BitcoinTransactions,25,46,20,0.45,0.5,2,0.06389694981558926,0.005813953488372093,0.9397498085269339,4.722736597061157
BitcoinTransactions,25,46,20,0.45,0.5,3,0.06667304937883611,0.0,0.8801378606076079,4.8683929443359375
BitcoinTransactions,25,46,20,0.45,0.5,4,0.06612957384990983,0.0,0.8815419964258361,4.791016340255737
BitcoinTransactions,25,46,20,0.45,0.5,5,0.06741903217143654,0.0,0.8634158794996171,4.864112854003906
BitcoinTransactions,25,46,22,0.5,0.5,1,0.06640169022529584,0.0,0.8794996170538678,4.837972164154053
BitcoinTransactions,25,46,22,0.5,0.5,2,0.07109827231593235,0.0,0.8686494766402859,4.718261003494263
BitcoinTransactions,25,46,22,0.5,0.5,3,0.06484527034354468,0.0,0.9068164411539443,4.734051942825317
BitcoinTransactions,25,46,22,0.5,0.5,4,0.06976200396998804,0.0,0.8829461322440644,4.698769807815552
BitcoinTransactions,25,46,22,0.5,0.5,5,0.07193378935654468,0.0,0.8816696451365841,4.705887794494629
BitcoinTransactions,25,46,25,0.55,0.5,1,0.058580971688489185,0.0,0.9143477150880777,4.789269208908081
BitcoinTransactions,25,46,25,0.55,0.5,2,0.07644106445403635,0.0,0.8742660199131989,4.800528526306152
BitcoinTransactions,25,46,25,0.55,0.5,3,0.05961209885311248,0.0,0.8741383712024509,4.831509113311768
BitcoinTransactions,25,46,25,0.55,0.5,4,0.060121490056258844,0.0,0.8916262445749298,4.831428050994873
BitcoinTransactions,25,46,25,0.55,0.5,5,0.059140602822753734,0.007407407407407408,0.9840439111564974,4.8127663135528564
BitcoinTransactions,25,46,27,0.6,0.5,1,0.07092536930104783,0.0,0.8764360479959152,4.722789764404297
BitcoinTransactions,25,46,27,0.6,0.5,2,0.07466615720457523,0.0,0.881159050293592,4.707942247390747
BitcoinTransactions,25,46,27,0.6,0.5,3,0.08448941344177141,0.0044444444444444444,0.9357926984937452,4.672303915023804
BitcoinTransactions,25,46,27,0.6,0.5,4,0.07031415338742501,0.003703703703703704,0.9162624457492979,4.697517395019531
BitcoinTransactions,25,46,27,0.6,0.5,5,0.06650871447521575,0.0031746031746031746,0.9203472044932346,4.709150314331055
BitcoinTransactions,25,46,29,0.65,0.5,1,0.07929108167600514,0.0,0.8412050038294613,4.815578460693359
BitcoinTransactions,25,46,29,0.65,0.5,2,0.05710892021929164,0.0,0.9130712279805974,4.878848075866699
BitcoinTransactions,25,46,29,0.65,0.5,3,0.0690155512541855,0.0,0.8655859075823334,4.587409496307373
BitcoinTransactions,25,46,29,0.65,0.5,4,0.06478307885908763,0.0,0.8875414858309931,4.882237434387207
BitcoinTransactions,25,46,29,0.65,0.5,5,0.07234846702935663,0.0,0.8780954812356395,4.892954111099243
BitcoinTransactions,25,46,31,0.7,0.5,1,0.07060474862218057,0.006493506493506494,0.8954557058973704,4.711862087249756
BitcoinTransactions,25,46,31,0.7,0.5,2,0.06850308099336216,0.011428571428571429,0.9154965534848098,4.4879066944122314
BitcoinTransactions,25,46,31,0.7,0.5,3,0.06432964064161088,0.011363636363636364,0.964258360990554,4.700684547424316
BitcoinTransactions,25,46,31,0.7,0.5,4,0.0682315047403294,0.0,0.8862649987235129,4.708674192428589
BitcoinTransactions,25,46,31,0.7,0.5,5,0.06826377265566543,0.0031746031746031746,0.9326014807250447,4.718655109405518
BitcoinTransactions,25,46,34,0.75,0.5,1,0.0639496376907211,0.0,0.8792443196323717,4.843963146209717
BitcoinTransactions,25,46,34,0.75,0.5,2,0.07052800416075035,0.0,0.8431197344906817,4.866828203201294
BitcoinTransactions,25,46,34,0.75,0.5,3,0.068201014519044,0.0,0.8796272657646158,4.81610369682312
BitcoinTransactions,25,46,34,0.75,0.5,4,0.07770665930945754,0.0,0.8676282869543017,4.841789245605469
BitcoinTransactions,25,46,34,0.75,0.5,5,0.0670313059408412,0.0,0.8803931580291039,4.883082389831543
BitcoinTransactions,25,46,36,0.8,0.5,1,0.07880346754051978,0.003703703703703704,0.8923921368394179,4.709694862365723
BitcoinTransactions,25,46,36,0.8,0.5,2,0.06676017347658716,0.0,0.8778401838141435,4.702609300613403
BitcoinTransactions,25,46,36,0.8,0.5,3,0.07431535574931848,0.004166666666666667,0.8352055144243044,4.441932201385498
BitcoinTransactions,25,46,36,0.8,0.5,4,0.07188735889731493,0.002777777777777778,0.8853714577482767,4.692206144332886
BitcoinTransactions,25,46,36,0.8,0.5,5,0.07092644708725432,0.0,0.8892009190707174,4.719228029251099
BitcoinTransactions,25,46,38,0.85,0.5,1,0.06205152860673777,0.003246753246753247,0.9431963237171305,4.927398920059204
BitcoinTransactions,25,46,38,0.85,0.5,2,0.07226696596136799,0.007722007722007722,0.9735767168751596,4.698354721069336
BitcoinTransactions,25,46,38,0.85,0.5,3,0.06632329406747119,0.0,0.8842226193515446,4.737304925918579
BitcoinTransactions,25,46,38,0.85,0.5,4,0.07023019320783859,0.002777777777777778,0.9031146285422518,4.703587770462036
BitcoinTransactions,25,46,38,0.85,0.5,5,0.0709202252853415,0.0,0.8835843757978045,4.727302551269531
BitcoinTransactions,25,46,40,0.9,0.5,1,0.06593124684837896,0.0,0.8875414858309931,4.716462850570679
BitcoinTransactions,25,46,40,0.9,0.5,2,0.07225993422428051,0.0,0.8834567270870565,4.707535266876221
BitcoinTransactions,25,46,40,0.9,0.5,3,0.06107631514094489,0.003787878787878788,0.9217513403114629,4.681166172027588
BitcoinTransactions,25,46,40,0.9,0.5,4,0.06485225770136914,0.003703703703703704,0.9212407454684708,4.688941955566406
BitcoinTransactions,25,46,40,0.9,0.5,5,0.06612933105858254,0.002777777777777778,0.892519785550166,4.779826641082764
BitcoinTransactions,25,46,43,0.95,0.5,1,0.07098237807866588,0.0,0.8875414858309931,4.83640193939209
BitcoinTransactions,25,46,43,0.95,0.5,2,0.06327992588847386,0.005555555555555556,0.9625989277508297,4.897310733795166
BitcoinTransactions,25,46,43,0.95,0.5,3,0.06558417315591401,0.013513513513513514,0.9886392647434261,4.541886329650879
BitcoinTransactions,25,46,43,0.95,0.5,4,0.06271141825936224,0.0,0.8704365585907582,4.695812940597534
BitcoinTransactions,25,46,43,0.95,0.5,5,0.06619355250738165,0.0031746031746031746,0.9259637477661475,4.749878644943237
BitcoinTransactions,25,46,45,1,0.5,1,0.07446082920914342,0.0,0.8815419964258361,4.707007884979248
BitcoinTransactions,25,46,45,1,0.5,2,0.07366672290951407,0.0,0.8812866990043401,4.714860677719116
BitcoinTransactions,25,46,45,1,0.5,3,0.07220910765624237,0.003787878787878788,0.9148583099310696,4.85555100440979
BitcoinTransactions,25,46,45,1,0.5,4,0.06273604526071656,0.0,0.8639264743426092,4.858998537063599
BitcoinTransactions,25,46,45,1,0.5,5,0.07711878093875876,0.011627906976744186,0.9954046464130712,4.761074781417847
BitcoinTransactions,26,8,0,0,,1,0.0634540983935417,0.04,0.976880081300813,
BitcoinTransactions,26,8,0,0,,2,0.06713067056730647,0.0,0.8798272357723578,
BitcoinTransactions,26,8,0,0,,3,0.07313245286570291,0.023809523809523808,0.9170477642276422,
BitcoinTransactions,26,8,0,0,,4,0.0626706361896602,0.04,0.9203506097560976,
BitcoinTransactions,26,8,0,0,,5,0.06398252875080881,0.0,0.6727642276422764,
BitcoinTransactions,26,8,0,0.01,0.5,1,0.06598806906352964,0.08333333333333333,0.9731961382113821,4.694666862487793
BitcoinTransactions,26,8,0,0.01,0.5,2,0.07211348948683094,0.025,0.9181910569105691,4.67754864692688
BitcoinTransactions,26,8,0,0.01,0.5,3,0.07450300769019436,0.023809523809523808,0.9179369918699187,4.566390514373779
BitcoinTransactions,26,8,0,0.01,0.5,4,0.06386048334558356,0.0,0.9028201219512195,4.723526239395142
BitcoinTransactions,26,8,0,0.01,0.5,5,0.07022154366450378,0.02857142857142857,0.9190802845528455,4.861498594284058
BitcoinTransactions,26,8,0,0.05,0.5,1,0.07960418697090255,0.09523809523809523,0.9109502032520326,4.5370032787323
BitcoinTransactions,26,8,0,0.05,0.5,2,0.07346330821197934,0.02857142857142857,0.9232723577235772,4.672019004821777
BitcoinTransactions,26,8,0,0.05,0.5,3,0.07236009803118446,0.023809523809523808,0.9226371951219512,4.739173650741577
BitcoinTransactions,26,8,0,0.05,0.5,4,0.07692617065226506,0.027777777777777776,0.9564278455284553,4.69755744934082
BitcoinTransactions,26,8,0,0.05,0.5,5,0.07618249825189873,0.017857142857142856,0.853785569105691,4.43358039855957
BitcoinTransactions,26,8,1,0.1,0.5,1,0.06784744985231528,0.0,0.8949441056910569,4.723822355270386
BitcoinTransactions,26,8,1,0.1,0.5,2,0.06473473219326516,0.02857142857142857,0.9192073170731707,4.696840047836304
BitcoinTransactions,26,8,1,0.1,0.5,3,0.06661506834855282,0.027777777777777776,0.900660569105691,4.676238298416138
BitcoinTransactions,26,8,1,0.1,0.5,4,0.07457852510135984,0.023809523809523808,0.9222560975609756,4.705941677093506
BitcoinTransactions,26,8,1,0.1,0.5,5,0.06608519103370092,0.0,0.8826219512195121,4.70166802406311
BitcoinTransactions,26,8,1,0.15,0.5,1,0.059060857091528925,0.0,0.8996443089430894,4.719023704528809
BitcoinTransactions,26,8,1,0.15,0.5,2,0.06725190622926625,0.0,0.8904979674796748,4.8688249588012695
BitcoinTransactions,26,8,1,0.15,0.5,3,0.08008649171972526,0.03333333333333333,0.9547764227642277,4.832219123840332
BitcoinTransactions,26,8,1,0.15,0.5,4,0.06751873267157596,0.023809523809523808,0.9189532520325203,4.864126920700073
BitcoinTransactions,26,8,1,0.15,0.5,5,0.061452248358450104,0.027777777777777776,0.9386432926829268,4.88450026512146
BitcoinTransactions,26,8,1,0.2,0.5,1,0.06511936274577822,0.05,0.9043445121951219,4.558035850524902
BitcoinTransactions,26,8,1,0.2,0.5,2,0.07078934269638777,0.0,0.6538363821138211,4.508105754852295
BitcoinTransactions,26,8,1,0.2,0.5,3,0.07315068122291987,0.02040816326530612,0.9114583333333334,4.6892828941345215
BitcoinTransactions,26,8,1,0.2,0.5,4,0.060403266971840196,0.02040816326530612,0.9081554878048781,4.657125234603882
BitcoinTransactions,26,8,1,0.2,0.5,5,0.06631893556640389,0.03333333333333333,0.9867886178861789,4.747246026992798
BitcoinTransactions,26,8,2,0.25,0.5,1,0.059368072399704805,0.0,0.9096798780487805,4.882296562194824
BitcoinTransactions,26,8,2,0.25,0.5,2,0.05527037930066086,0.0,0.9058689024390244,4.914129972457886
BitcoinTransactions,26,8,2,0.25,0.5,3,0.06704953725392143,0.02040816326530612,0.9034552845528455,4.818741798400879
BitcoinTransactions,26,8,2,0.25,0.5,4,0.06642215964570797,0.06666666666666667,0.9352134146341463,4.7561094760894775
BitcoinTransactions,26,8,2,0.25,0.5,5,0.06730533291732858,0.0,0.6490091463414634,4.567949056625366
BitcoinTransactions,26,8,2,0.3,0.5,1,0.07450115104764723,0.023809523809523808,0.916920731707317,4.70015025138855
BitcoinTransactions,26,8,2,0.3,0.5,2,0.08035449294649251,0.023809523809523808,0.7272611788617886,4.539126634597778
BitcoinTransactions,26,8,2,0.3,0.5,3,0.06758154424427822,0.02857142857142857,0.9367378048780488,4.7132728099823
BitcoinTransactions,26,8,2,0.3,0.5,4,0.05877610400950008,0.0,0.9226371951219512,4.766866207122803
BitcoinTransactions,26,8,2,0.3,0.5,5,0.07078553478789684,0.047619047619047616,0.9232723577235772,4.716434478759766
BitcoinTransactions,26,8,2,0.35,0.5,1,0.06752635278781262,0.0,0.8464176829268293,4.822943687438965
BitcoinTransactions,26,8,2,0.35,0.5,2,0.06594867722483991,0.044444444444444446,0.9176829268292683,4.4995832443237305
BitcoinTransactions,26,8,2,0.35,0.5,3,0.06732139192106769,0.041666666666666664,0.9394054878048781,4.562864542007446
BitcoinTransactions,26,8,2,0.35,0.5,4,0.0629256952943955,0.02040816326530612,0.8998983739837398,4.708815813064575
BitcoinTransactions,26,8,2,0.35,0.5,5,0.070790389403615,0.0,0.8734756097560976,4.690600633621216
BitcoinTransactions,26,8,3,0.4,0.5,1,0.0666663391764065,0.0,0.8722052845528455,4.689591646194458
BitcoinTransactions,26,8,3,0.4,0.5,2,0.0685279803302365,0.06666666666666667,0.946265243902439,4.702693939208984
BitcoinTransactions,26,8,3,0.4,0.5,3,0.0606401218326338,0.0,0.9128556910569106,4.77068018913269
BitcoinTransactions,26,8,3,0.4,0.5,4,0.063509628151805,0.0,0.9061229674796748,4.908656358718872
BitcoinTransactions,26,8,3,0.4,0.5,5,0.06569913989086622,0.02857142857142857,0.9126016260162602,4.83594822883606
BitcoinTransactions,26,8,3,0.45,0.5,1,0.06438420426953252,0.04,0.9286077235772358,4.639282464981079
BitcoinTransactions,26,8,3,0.45,0.5,2,0.07584473494025289,0.015873015873015872,0.8492123983739838,4.809676170349121
BitcoinTransactions,26,8,3,0.45,0.5,3,0.05793735216970948,0.023809523809523808,0.8892276422764228,4.7426698207855225
BitcoinTransactions,26,8,3,0.45,0.5,4,0.06472054681315977,0.0,0.8629319105691057,4.695077657699585
BitcoinTransactions,26,8,3,0.45,0.5,5,0.05861126769588367,0.0,0.9256859756097561,4.761595249176025
BitcoinTransactions,26,8,4,0.5,0.5,1,0.06958070336396498,0.023809523809523808,0.9033282520325203,4.675912857055664
BitcoinTransactions,26,8,4,0.5,0.5,2,0.07966242572445435,0.027777777777777776,0.9495680894308943,4.689892768859863
BitcoinTransactions,26,8,4,0.5,0.5,3,0.0585134935832438,0.0,0.9209857723577236,4.758514642715454
BitcoinTransactions,26,8,4,0.5,0.5,4,0.07023983866852919,0.12,0.9872967479674797,4.656529664993286
BitcoinTransactions,26,8,4,0.5,0.5,5,0.06746431705350955,0.0,0.8793191056910569,5.004190921783447
BitcoinTransactions,26,8,4,0.55,0.5,1,0.06276791893635628,0.03333333333333333,0.9061229674796748,4.889046907424927
BitcoinTransactions,26,8,4,0.55,0.5,2,0.0704316311736218,0.02040816326530612,0.7408536585365854,4.699531316757202
BitcoinTransactions,26,8,4,0.55,0.5,3,0.0771608415332248,0.05,0.9347052845528455,4.745793581008911
BitcoinTransactions,26,8,4,0.55,0.5,4,0.0675810248092983,0.02040816326530612,0.8408282520325203,4.706676244735718
BitcoinTransactions,26,8,4,0.55,0.5,5,0.06519992048131851,0.03333333333333333,0.9245426829268293,4.5823869705200195
BitcoinTransactions,26,8,4,0.6,0.5,1,0.06948534145146668,0.02040816326530612,0.9128556910569106,4.710193634033203
BitcoinTransactions,26,8,4,0.6,0.5,2,0.07536395630716286,0.027777777777777776,0.9203506097560976,4.695282220840454
BitcoinTransactions,26,8,4,0.6,0.5,3,0.06856428936012193,0.1,0.9846290650406504,4.60002326965332
BitcoinTransactions,26,8,4,0.6,0.5,4,0.07768385047049894,0.017857142857142856,0.7038871951219512,4.490616321563721
BitcoinTransactions,26,8,4,0.6,0.5,5,0.06650174886149755,0.023809523809523808,0.9228912601626016,4.865006923675537
BitcoinTransactions,26,8,5,0.65,0.5,1,0.07426005107458575,0.023809523809523808,0.9208587398373984,4.864656209945679
BitcoinTransactions,26,8,5,0.65,0.5,2,0.07227943846220838,0.023809523809523808,0.9240345528455285,4.8125433921813965
BitcoinTransactions,26,8,5,0.65,0.5,3,0.07093442722100674,0.03333333333333333,0.8753810975609756,4.681436061859131
BitcoinTransactions,26,8,5,0.65,0.5,4,0.0655191322519357,0.0625,0.9829776422764228,4.777611255645752
BitcoinTransactions,26,8,5,0.65,0.5,5,0.06488256582125256,0.06666666666666667,0.9861534552845529,4.754139184951782
BitcoinTransactions,26,8,5,0.7,0.5,1,0.06223858515343538,0.05555555555555555,0.9728150406504065,4.685547351837158
BitcoinTransactions,26,8,5,0.7,0.5,2,0.06900817326418526,0.0,0.7915396341463414,4.619322061538696
BitcoinTransactions,26,8,5,0.7,0.5,3,0.06325324015442448,0.0,0.9208587398373984,4.752479314804077
BitcoinTransactions,26,8,5,0.7,0.5,4,0.06770918575359658,0.041666666666666664,0.9917428861788617,4.663874864578247
BitcoinTransactions,26,8,5,0.7,0.5,5,0.07078025702658311,0.023809523809523808,0.9303861788617886,4.864492416381836
BitcoinTransactions,26,8,5,0.75,0.5,1,0.07321457497247423,0.047619047619047616,0.9358485772357723,4.731737852096558
BitcoinTransactions,26,8,5,0.75,0.5,2,0.07114172148938909,0.02040816326530612,0.9476626016260162,4.82943320274353
BitcoinTransactions,26,8,5,0.75,0.5,3,0.06617733306364117,0.023809523809523808,0.9113313008130082,4.857077360153198
BitcoinTransactions,26,8,5,0.75,0.5,4,0.07754651716770669,0.047619047619047616,0.9545223577235772,4.870564222335815
BitcoinTransactions,26,8,5,0.75,0.5,5,0.062279404154770984,0.023809523809523808,0.9198424796747967,4.758882999420166
BitcoinTransactions,26,8,6,0.8,0.5,1,0.06227607778277917,0.0,0.9241615853658537,4.7552900314331055
BitcoinTransactions,26,8,6,0.8,0.5,2,0.07102662153817736,0.0,0.8930386178861789,4.728986024856567
BitcoinTransactions,26,8,6,0.8,0.5,3,0.07829946896215227,0.08333333333333333,0.9349593495934959,4.612845182418823
BitcoinTransactions,26,8,6,0.8,0.5,4,0.06998805796348792,0.02040816326530612,0.8959603658536586,4.665418386459351
BitcoinTransactions,26,8,6,0.8,0.5,5,0.05806091730880783,0.0,0.8664888211382114,4.761393070220947
BitcoinTransactions,26,8,6,0.85,0.5,1,0.06329387291757714,0.02040816326530612,0.8963414634146342,4.947035551071167
BitcoinTransactions,26,8,6,0.85,0.5,2,0.07853998054476317,0.02857142857142857,0.7107469512195121,4.692650318145752
BitcoinTransactions,26,8,6,0.85,0.5,3,0.07944681417697867,0.03333333333333333,0.9512195121951219,4.8327226638793945
BitcoinTransactions,26,8,6,0.85,0.5,4,0.06749233162774577,0.0,0.889354674796748,4.85085654258728
BitcoinTransactions,26,8,6,0.85,0.5,5,0.0659531795664204,0.06666666666666667,0.9663363821138211,4.585661172866821
BitcoinTransactions,26,8,6,0.9,0.5,1,0.06686416325085452,0.02857142857142857,0.7374237804878049,4.584892988204956
BitcoinTransactions,26,8,6,0.9,0.5,2,0.0728475614915648,0.027777777777777776,0.9184451219512195,4.703037977218628
BitcoinTransactions,26,8,6,0.9,0.5,3,0.07197462800230178,0.02040816326530612,0.9264481707317073,4.692330360412598
BitcoinTransactions,26,8,6,0.9,0.5,4,0.06698169772461353,0.0,0.8701727642276422,4.6876540184021
BitcoinTransactions,26,8,6,0.9,0.5,5,0.06260600732152587,0.023809523809523808,0.8864329268292683,4.647038459777832
BitcoinTransactions,26,8,7,0.95,0.5,1,0.05788292827428455,0.015873015873015872,0.9339430894308943,4.732091903686523
BitcoinTransactions,26,8,7,0.95,0.5,2,0.06928964748563865,0.02857142857142857,0.819359756097561,4.696499586105347
BitcoinTransactions,26,8,7,0.95,0.5,3,0.07271783986454891,0.047619047619047616,0.9214939024390244,4.760236024856567
BitcoinTransactions,26,8,7,0.95,0.5,4,0.06673758444552254,0.023809523809523808,0.9253048780487805,4.8147406578063965
BitcoinTransactions,26,8,7,0.95,0.5,5,0.0643287913204996,0.02,0.9034552845528455,4.905059814453125
BitcoinTransactions,26,8,7,1,0.5,1,0.06958405465955615,0.02040816326530612,0.9127286585365854,4.8544182777404785
BitcoinTransactions,26,8,7,1,0.5,2,0.07559235265380587,0.03333333333333333,0.8755081300813008,4.716571569442749
BitcoinTransactions,26,8,7,1,0.5,3,0.07202893411044903,0.02857142857142857,0.9211128048780488,4.744245290756226
BitcoinTransactions,26,8,7,1,0.5,4,0.06759925729900194,0.02857142857142857,0.9335619918699187,4.705114364624023
BitcoinTransactions,26,8,7,1,0.5,5,0.060540359980037435,0.023809523809523808,0.9418191056910569,4.688292980194092
BitcoinTransactions,27,9,0,0,,1,0.05956220345735472,0.020833333333333332,0.8930250285859485,
BitcoinTransactions,27,9,0,0,,2,0.07258358381531124,0.04081632653061224,0.9601067208740948,
BitcoinTransactions,27,9,0,0,,3,0.0614147274667669,0.02857142857142857,0.952610849955533,
BitcoinTransactions,27,9,0,0,,4,0.06280035977688543,0.03125,0.8631685935713378,
BitcoinTransactions,27,9,0,0,,5,0.06783093438405534,0.017857142857142856,0.8761275568542752,
BitcoinTransactions,27,9,0,0.01,0.5,1,0.07517303798012669,0.02040816326530612,0.9242789988565621,4.716113090515137
BitcoinTransactions,27,9,0,0.01,0.5,2,0.06993650799291516,0.02040816326530612,0.8955660017786813,4.886995077133179
BitcoinTransactions,27,9,0,0.01,0.5,3,0.06936686283979324,0.023809523809523808,0.8761275568542752,4.828988790512085
BitcoinTransactions,27,9,0,0.01,0.5,4,0.06843866198159593,0.023809523809523808,0.9208486850463727,4.70746374130249
BitcoinTransactions,27,9,0,0.01,0.5,5,0.06995029719575058,0.023809523809523808,0.9162749332994536,4.840165138244629
BitcoinTransactions,27,9,0,0.05,0.5,1,0.06165503710233423,0.023809523809523808,0.8888324228179393,4.762818098068237
BitcoinTransactions,27,9,0,0.05,0.5,2,0.06871989418711295,0.023809523809523808,0.9451149790369712,4.702770948410034
BitcoinTransactions,27,9,0,0.05,0.5,3,0.06562040269145548,0.023809523809523808,0.9171642739169101,4.684385061264038
BitcoinTransactions,27,9,0,0.05,0.5,4,0.07529660373006987,0.017857142857142856,0.9204675390674628,4.6781933307647705
BitcoinTransactions,27,9,0,0.05,0.5,5,0.07159720294337318,0.02857142857142857,0.6704357769025536,4.479734659194946
BitcoinTransactions,27,9,1,0.1,0.5,1,0.07564124379693835,0.02857142857142857,0.7667386609071274,4.630697011947632
BitcoinTransactions,27,9,1,0.1,0.5,2,0.07308668325372529,0.020833333333333332,0.7521280650489137,4.70557713508606
BitcoinTransactions,27,9,1,0.1,0.5,3,0.07280580427090685,0.015625,0.9180536145343666,4.824389457702637
BitcoinTransactions,27,9,1,0.1,0.5,4,0.0642047436632731,0.07142857142857142,0.960360818193368,4.708046913146973
BitcoinTransactions,27,9,1,0.1,0.5,5,0.0676695834393233,0.017857142857142856,0.9233896582391056,4.728615760803223
BitcoinTransactions,27,9,1,0.15,0.5,1,0.07149229379930848,0.02857142857142857,0.9533731419133528,4.716943264007568
BitcoinTransactions,27,9,1,0.15,0.5,2,0.08217870491820035,0.02857142857142857,0.9503239740820735,4.662592887878418
BitcoinTransactions,27,9,1,0.15,0.5,3,0.07343394474551923,0.02857142857142857,0.9462584169737009,4.671864748001099
BitcoinTransactions,27,9,1,0.15,0.5,4,0.06008691772457952,0.017857142857142856,0.9024266293990598,4.689323425292969
BitcoinTransactions,27,9,1,0.15,0.5,5,0.07139157180622564,0.023809523809523808,0.9250412908143819,4.808431148529053
BitcoinTransactions,27,9,2,0.2,0.5,1,0.07069300222857175,0.03571428571428571,0.9009020454834201,4.6486663818359375
BitcoinTransactions,27,9,2,0.2,0.5,2,0.0752581862671403,0.02040816326530612,0.9181806631940033,4.686266899108887
BitcoinTransactions,27,9,2,0.2,0.5,3,0.06869899481578326,0.015873015873015872,0.9212298310252827,4.698872327804565
BitcoinTransactions,27,9,2,0.2,0.5,4,0.06792623540692047,0.017857142857142856,0.9039512133146995,4.731703519821167
BitcoinTransactions,27,9,2,0.2,0.5,5,0.06571043551749929,0.03571428571428571,0.9164019819590903,4.882024526596069
BitcoinTransactions,27,9,2,0.25,0.5,1,0.0764914054457228,0.047619047619047616,0.9501969254224368,4.729862451553345
BitcoinTransactions,27,9,2,0.25,0.5,2,0.059508718259921406,0.020833333333333332,0.8974717316732308,4.8326709270477295
BitcoinTransactions,27,9,2,0.25,0.5,3,0.06573410026000846,0.03571428571428571,0.9174183712361834,4.876701354980469
BitcoinTransactions,27,9,2,0.25,0.5,4,0.07665189779366023,0.020833333333333332,0.9221191716427392,4.709894180297852
BitcoinTransactions,27,9,2,0.25,0.5,5,0.06860694346427121,0.017857142857142856,0.914750349383814,4.723093509674072
BitcoinTransactions,27,9,2,0.3,0.5,1,0.06028522934548771,0.02040816326530612,0.8791767246855545,4.685863018035889
BitcoinTransactions,27,9,2,0.3,0.5,2,0.06840276920657927,0.013888888888888888,0.7569559141151061,4.571988582611084
BitcoinTransactions,27,9,2,0.3,0.5,3,0.06425826998630157,0.03125,0.9198322957692796,4.935620546340942
BitcoinTransactions,27,9,2,0.3,0.5,4,0.06920132658615372,0.020833333333333332,0.8584677931647822,4.904893398284912
BitcoinTransactions,27,9,2,0.3,0.5,5,0.06525986468793173,0.020833333333333332,0.9183077118536399,4.708475828170776
BitcoinTransactions,27,9,3,0.35,0.5,1,0.06438011862738685,0.03125,0.9164019819590903,4.834010601043701
BitcoinTransactions,27,9,3,0.35,0.5,2,0.0697500375405764,0.025,0.9274552153474781,4.746264696121216
BitcoinTransactions,27,9,3,0.35,0.5,3,0.06378056125448557,0.02857142857142857,0.9307584804980308,4.670543909072876
BitcoinTransactions,27,9,3,0.35,0.5,4,0.06392209679964314,0.017857142857142856,0.916147884639817,4.70932149887085
BitcoinTransactions,27,9,3,0.35,0.5,5,0.06910800820301201,0.03571428571428571,0.9035700673357896,4.643139839172363
BitcoinTransactions,27,9,3,0.4,0.5,1,0.08018036668517577,0.017857142857142856,0.9176724685554567,4.684412956237793
BitcoinTransactions,27,9,3,0.4,0.5,2,0.054942988575002766,0.02857142857142857,0.9682378350908398,4.635662078857422
BitcoinTransactions,27,9,3,0.4,0.5,3,0.06722918298536772,0.023809523809523808,0.9194511497903697,4.801173686981201
BitcoinTransactions,27,9,3,0.4,0.5,4,0.06669325187706204,0.02857142857142857,0.9700165163257528,4.822911500930786
BitcoinTransactions,27,9,3,0.4,0.5,5,0.07421671068395788,0.023809523809523808,0.9186888578325498,4.844011068344116
BitcoinTransactions,27,9,4,0.45,0.5,1,0.07734023672857478,0.047619047619047616,0.866980053360437,4.462576150894165
BitcoinTransactions,27,9,4,0.45,0.5,2,0.06604462986253964,0.03125,0.9283445559649346,4.703073024749756
BitcoinTransactions,27,9,4,0.45,0.5,3,0.06922536603377846,0.015625,0.9053487485707026,4.697362661361694
BitcoinTransactions,27,9,4,0.45,0.5,4,0.06594566746408533,0.04081632653061224,0.9315207724558506,4.712251663208008
BitcoinTransactions,27,9,4,0.45,0.5,5,0.0656925450905632,0.0625,0.942319908524965,4.7281575202941895
BitcoinTransactions,27,9,4,0.5,0.5,1,0.05865019705365431,0.023809523809523808,0.9785287765214077,4.8829169273376465
BitcoinTransactions,27,9,4,0.5,0.5,2,0.06769512197200407,0.020833333333333332,0.9125905221699911,4.788275718688965
BitcoinTransactions,27,9,4,0.5,0.5,3,0.07190395486932007,0.025,0.9162749332994536,4.74270486831665
BitcoinTransactions,27,9,4,0.5,0.5,4,0.0661290863988966,0.03571428571428571,0.9086520137212553,4.723801136016846
BitcoinTransactions,27,9,4,0.5,0.5,5,0.06989991557897056,0.017857142857142856,0.9218650743234659,4.571957111358643
BitcoinTransactions,27,9,4,0.55,0.5,1,0.07064343630303586,0.025,0.9199593444289162,4.7056121826171875
BitcoinTransactions,27,9,4,0.55,0.5,2,0.07061717794560228,0.025,0.9199593444289162,4.712980270385742
BitcoinTransactions,27,9,4,0.55,0.5,3,0.07823928715939796,0.023809523809523808,0.9103036462965316,4.67723274230957
BitcoinTransactions,27,9,4,0.55,0.5,4,0.06812664397226884,0.020833333333333332,0.9334265023504003,4.883209228515625
BitcoinTransactions,27,9,4,0.55,0.5,5,0.07044339857465877,0.023809523809523808,0.9241519501969254,4.869775056838989
BitcoinTransactions,27,9,5,0.6,0.5,1,0.058176234500426756,0.02040816326530612,0.9569305043831787,4.8620641231536865
BitcoinTransactions,27,9,5,0.6,0.5,2,0.08062695548498833,0.05555555555555555,0.9576927963409986,4.868484735488892
BitcoinTransactions,27,9,5,0.6,0.5,3,0.06858032200010337,0.017857142857142856,0.9130987168085377,4.867730617523193
BitcoinTransactions,27,9,5,0.6,0.5,4,0.06515196631272382,0.017857142857142856,0.9078897217634354,4.761496543884277
BitcoinTransactions,27,9,5,0.6,0.5,5,0.07056701271089523,0.06666666666666667,0.9334265023504003,4.464131116867065
BitcoinTransactions,27,9,5,0.65,0.5,1,0.0638521769363105,0.015625,0.895311904459408,4.705373287200928
BitcoinTransactions,27,9,5,0.65,0.5,2,0.07063153537787675,0.02040816326530612,0.875492313556092,4.684510946273804
BitcoinTransactions,27,9,5,0.65,0.5,3,0.06540656466180282,0.0,0.9273281666878415,4.840193033218384
BitcoinTransactions,27,9,5,0.65,0.5,4,0.0674351974371433,0.020833333333333332,0.9396518866725956,4.688798189163208
BitcoinTransactions,27,9,5,0.65,0.5,5,0.06857476429902318,0.0,0.8472875111167577,4.8054258823394775
BitcoinTransactions,27,9,6,0.7,0.5,1,0.06833930360720675,0.017857142857142856,0.9203404904078262,4.783722162246704
BitcoinTransactions,27,9,6,0.7,0.5,2,0.06743973567874517,0.020833333333333332,0.9303773345191209,4.766710042953491
BitcoinTransactions,27,9,6,0.7,0.5,3,0.06862471833797885,0.03571428571428571,0.9598526235548215,4.685515642166138
BitcoinTransactions,27,9,6,0.7,0.5,4,0.08355883435608431,0.03125,0.9223732689620124,4.530322313308716
BitcoinTransactions,27,9,6,0.7,0.5,5,0.07593185180251567,0.027777777777777776,0.9658239105577436,4.657332181930542
BitcoinTransactions,27,9,6,0.75,0.5,1,0.06818552976900993,0.02857142857142857,0.9254224367932918,4.705217599868774
BitcoinTransactions,27,9,6,0.75,0.5,2,0.06768520755606688,0.03125,0.9160208359801804,4.69110107421875
BitcoinTransactions,27,9,6,0.75,0.5,3,0.07304409266630495,0.020833333333333332,0.9306314318383941,4.837393283843994
BitcoinTransactions,27,9,6,0.75,0.5,4,0.061402964525282336,0.0,0.9226273662812857,4.875282287597656
BitcoinTransactions,27,9,6,0.75,0.5,5,0.06955284751046162,0.025,0.9044594079532461,4.83463716506958
BitcoinTransactions,27,9,6,0.8,0.5,1,0.06297581244240114,0.020833333333333332,0.9177995172150933,4.828534841537476
BitcoinTransactions,27,9,6,0.8,0.5,2,0.06443915730748878,0.025,0.910176597636895,4.819967985153198
BitcoinTransactions,27,9,6,0.8,0.5,3,0.07259645511179195,0.015625,0.9217380256638292,4.7108495235443115
BitcoinTransactions,27,9,6,0.8,0.5,4,0.07433069753392645,0.04081632653061224,0.9678566891119299,4.709049940109253
BitcoinTransactions,27,9,6,0.8,0.5,5,0.06451019698197143,0.03125,0.8883242281793927,4.684497356414795
BitcoinTransactions,27,9,7,0.85,0.5,1,0.0713441613916776,0.017857142857142856,0.9255494854529285,4.7211267948150635
BitcoinTransactions,27,9,7,0.85,0.5,2,0.06736517964305655,0.025,0.8941684665226782,4.702621936798096
BitcoinTransactions,27,9,7,0.85,0.5,3,0.066434619194817,0.03571428571428571,0.8881971795197561,4.820191383361816
BitcoinTransactions,27,9,7,0.85,0.5,4,0.06158148088948563,0.025,0.9035700673357896,4.879248857498169
BitcoinTransactions,27,9,7,0.85,0.5,5,0.0828980563758321,0.02040816326530612,0.9134798627874476,4.727298259735107
BitcoinTransactions,27,9,7,0.9,0.5,1,0.06644170123563035,0.03333333333333333,0.9207216363867361,4.780402898788452
BitcoinTransactions,27,9,7,0.9,0.5,2,0.07393626808686209,0.02857142857142857,0.9517215093380765,4.867533922195435
BitcoinTransactions,27,9,7,0.9,0.5,3,0.06602480637099846,0.02040816326530612,0.919324101130733,4.728626251220703
BitcoinTransactions,27,9,7,0.9,0.5,4,0.06744673585554378,0.020833333333333332,0.8948037098208614,4.702876567840576
BitcoinTransactions,27,9,7,0.9,0.5,5,0.06644168272127718,0.041666666666666664,0.9687460297293864,4.669437646865845
BitcoinTransactions,27,9,8,0.95,0.5,1,0.06271292475294804,0.0,0.927836361326388,4.762572765350342
BitcoinTransactions,27,9,8,0.95,0.5,2,0.07837854195096847,0.023809523809523808,0.9236437555583789,4.55102276802063
BitcoinTransactions,27,9,8,0.95,0.5,3,0.08352245927124329,0.025,0.9538813365518993,4.8661949634552
BitcoinTransactions,27,9,8,0.95,0.5,4,0.059492614725127284,0.017857142857142856,0.9022995807394232,4.9097206592559814
BitcoinTransactions,27,9,8,0.95,0.5,5,0.06876181616277056,0.025,0.9824672849701436,4.886967420578003
BitcoinTransactions,27,9,8,1,0.5,1,0.07816147753969338,0.02857142857142857,0.9489264388260704,4.936221599578857
BitcoinTransactions,27,9,8,1,0.5,2,0.07312678270568455,0.04,0.9310125778173041,4.835675477981567
BitcoinTransactions,27,9,8,1,0.5,3,0.07418351451309994,0.05,0.9142421547452675,4.605310678482056
BitcoinTransactions,27,9,8,1,0.5,4,0.0707680829665555,0.025,0.9255494854529285,4.723398208618164
BitcoinTransactions,27,9,8,1,0.5,5,0.054039931892577706,0.023809523809523808,0.9372379621394994,4.730508804321289
BitcoinTransactions,28,15,0,0,,1,0.05817249470097518,0.0,0.8938334392879848,
BitcoinTransactions,28,15,0,0,,2,0.07249386291726724,0.015873015873015872,0.8537825810553084,
BitcoinTransactions,28,15,0,0,,3,0.07002791763444602,0.0,0.8500953591862683,
BitcoinTransactions,28,15,0,0,,4,0.06454863699362483,0.0,0.905403687221869,
BitcoinTransactions,28,15,0,0,,5,0.06400822267026773,0.0,0.9279084551811825,
BitcoinTransactions,28,15,0,0.01,0.5,1,0.07097155271724868,0.0,0.8862047043865225,4.964614152908325
BitcoinTransactions,28,15,0,0.01,0.5,2,0.06699669008935467,0.0,0.9130324221233312,4.84797739982605
BitcoinTransactions,28,15,0,0.01,0.5,3,0.062014205802359,0.0,0.863318499682136,4.714832067489624
BitcoinTransactions,28,15,0,0.01,0.5,4,0.07376869857563591,0.037037037037037035,0.8343293070565798,4.55078649520874
BitcoinTransactions,28,15,0,0.01,0.5,5,0.06441253944674737,0.0,0.8726001271455817,4.5556066036224365
BitcoinTransactions,28,15,1,0.05,0.5,1,0.06586729101022704,0.016666666666666666,0.908582326764145,4.460453510284424
BitcoinTransactions,28,15,1,0.05,0.5,2,0.06038437979762133,0.0,0.8731087094723459,4.681945323944092
BitcoinTransactions,28,15,1,0.05,0.5,3,0.08716599036128785,0.018518518518518517,0.8625556261919898,4.6833271980285645
BitcoinTransactions,28,15,1,0.05,0.5,4,0.06724629688590979,0.0,0.8792116973935156,4.807607889175415
BitcoinTransactions,28,15,1,0.05,0.5,5,0.06589646069366316,0.0,0.8546726001271456,4.8393394947052
BitcoinTransactions,28,15,1,0.1,0.5,1,0.0644038133539223,0.0,0.8990464081373172,4.878816366195679
BitcoinTransactions,28,15,1,0.1,0.5,2,0.06959249122333012,0.0,0.8849332485696122,4.751766204833984
BitcoinTransactions,28,15,1,0.1,0.5,3,0.05812187107001108,0.0,0.9005721551176097,4.715265274047852
BitcoinTransactions,28,15,1,0.1,0.5,4,0.06308835142810554,0.025,0.9323585505403688,4.526089668273926
BitcoinTransactions,28,15,1,0.1,0.5,5,0.06736620557388086,0.0,0.8858232676414495,4.696435213088989
BitcoinTransactions,28,15,2,0.15,0.5,1,0.06694544971554325,0.0,0.8499682136045772,4.662927865982056
BitcoinTransactions,28,15,2,0.15,0.5,2,0.07200188381227844,0.0,0.8792116973935156,4.791079759597778
BitcoinTransactions,28,15,2,0.15,0.5,3,0.07391085885664216,0.0,0.8691671964399237,4.855301380157471
BitcoinTransactions,28,15,2,0.15,0.5,4,0.07135690724892105,0.030303030303030304,0.8221233312142403,4.6030755043029785
BitcoinTransactions,28,15,2,0.15,0.5,5,0.07106989308532193,0.0,0.8811188811188811,4.826958656311035
BitcoinTransactions,28,15,3,0.2,0.5,1,0.07323263228939236,0.0,0.8766687857596949,4.733582496643066
BitcoinTransactions,28,15,3,0.2,0.5,2,0.06464970409297215,0.0,0.8853146853146853,4.704807996749878
BitcoinTransactions,28,15,3,0.2,0.5,3,0.07055096289125222,0.0,0.8644628099173554,4.685547590255737
BitcoinTransactions,28,15,3,0.2,0.5,4,0.06493424531642997,0.017857142857142856,0.9424030514939605,4.731966733932495
BitcoinTransactions,28,15,3,0.2,0.5,5,0.06938751715175769,0.0,0.8757787666878576,4.6960608959198
BitcoinTransactions,28,15,4,0.25,0.5,1,0.06913902805084443,0.0,0.8850603941513032,4.7053306102752686
BitcoinTransactions,28,15,4,0.25,0.5,2,0.07655655724593,0.0,0.8728544183089637,4.841119766235352
BitcoinTransactions,28,15,4,0.25,0.5,3,0.07461528094582431,0.017857142857142856,0.9632549268912906,4.876725912094116
BitcoinTransactions,28,15,4,0.25,0.5,4,0.07470690980610269,0.017857142857142856,0.8872218690400508,4.611646890640259
BitcoinTransactions,28,15,4,0.25,0.5,5,0.06829784433511814,0.0,0.8761602034329307,4.8144590854644775
BitcoinTransactions,28,15,4,0.3,0.5,1,0.06572769938953843,0.0,0.8878575969485061,4.8403894901275635
BitcoinTransactions,28,15,4,0.3,0.5,2,0.06293971262154936,0.0,0.9060394151303243,4.752888917922974
BitcoinTransactions,28,15,4,0.3,0.5,3,0.06576493730422912,0.0,0.8775588048315321,4.700438499450684
BitcoinTransactions,28,15,4,0.3,0.5,4,0.06818221473924518,0.0,0.8831532104259378,4.699087619781494
BitcoinTransactions,28,15,4,0.3,0.5,5,0.08162328895443281,0.007936507936507936,0.7571519389701208,4.572777986526489
BitcoinTransactions,28,15,5,0.35,0.5,1,0.06100692296793289,0.0,0.8769230769230769,4.692425966262817
BitcoinTransactions,28,15,5,0.35,0.5,2,0.07531854431586385,0.0,0.880737444373808,4.697038888931274
BitcoinTransactions,28,15,5,0.35,0.5,3,0.07042217941805169,0.0,0.8858232676414495,4.538761377334595
BitcoinTransactions,28,15,5,0.35,0.5,4,0.06598655985330554,0.0,0.8689129052765416,4.6837804317474365
BitcoinTransactions,28,15,5,0.35,0.5,5,0.062081301173771905,0.0,0.8845518118245391,4.733059644699097
BitcoinTransactions,28,15,6,0.4,0.5,1,0.07429354220917576,0.0,0.859376986649714,4.834512233734131
BitcoinTransactions,28,15,6,0.4,0.5,2,0.07955556867597363,0.0,0.821360457724094,4.814235210418701
BitcoinTransactions,28,15,6,0.4,0.5,3,0.06481097174205035,0.0,0.8694214876033057,4.795073509216309
BitcoinTransactions,28,15,6,0.4,0.5,4,0.07296901118266015,0.0,0.8718372536554355,4.806638479232788
BitcoinTransactions,28,15,6,0.4,0.5,5,0.07042274677653113,0.0,0.8870947234583598,4.87302303314209
BitcoinTransactions,28,15,6,0.45,0.5,1,0.07071652619665604,0.0,0.8823903369357915,4.718588590621948
BitcoinTransactions,28,15,6,0.45,0.5,2,0.06842856258750701,0.0,0.8837889383343929,4.715829610824585
BitcoinTransactions,28,15,6,0.45,0.5,3,0.07079317355625786,0.0,0.8650985378258106,4.678672552108765
BitcoinTransactions,28,15,6,0.45,0.5,4,0.06848602959998566,0.0,0.8415766052129688,4.653109312057495
BitcoinTransactions,28,15,6,0.45,0.5,5,0.06286714632777807,0.0,0.8695486331849969,4.687510013580322
BitcoinTransactions,28,15,7,0.5,0.5,1,0.06652505298401036,0.011904761904761904,0.9172282263191354,4.7120184898376465
BitcoinTransactions,28,15,7,0.5,0.5,2,0.059347536349211596,0.022222222222222223,0.9308328035600762,4.683096885681152
BitcoinTransactions,28,15,7,0.5,0.5,3,0.07292973116827407,0.0,0.8799745708836618,4.878408432006836
BitcoinTransactions,28,15,7,0.5,0.5,4,0.060636613812824085,0.0,0.852383979656707,4.772288084030151
BitcoinTransactions,28,15,7,0.5,0.5,5,0.06414954440752224,0.0,0.8727272727272727,4.836971282958984
BitcoinTransactions,28,15,8,0.55,0.5,1,0.0758518244606028,0.0,0.8722186904005086,4.760167121887207
BitcoinTransactions,28,15,8,0.55,0.5,2,0.06303038264235859,0.008928571428571428,0.8488239033693579,4.6147849559783936
BitcoinTransactions,28,15,8,0.55,0.5,3,0.07025021537031766,0.0,0.8579783852511125,4.674028396606445
BitcoinTransactions,28,15,8,0.55,0.5,4,0.06948230086183645,0.01282051282051282,0.8832803560076288,4.644437313079834
BitcoinTransactions,28,15,8,0.55,0.5,5,0.08488024008135367,0.0,0.8310235219326129,4.64917254447937
BitcoinTransactions,28,15,8,0.6,0.5,1,0.07544485999325509,0.01020408163265306,0.7966942148760331,4.7065589427948
BitcoinTransactions,28,15,8,0.6,0.5,2,0.08002502291151989,0.01020408163265306,0.9197711379529562,4.909142017364502
BitcoinTransactions,28,15,8,0.6,0.5,3,0.05993886226323481,0.0,0.8532739987285441,4.666224479675293
BitcoinTransactions,28,15,8,0.6,0.5,4,0.0748132542680161,0.0,0.8785759694850604,4.826647520065308
BitcoinTransactions,28,15,8,0.6,0.5,5,0.06091871199287229,0.0,0.8795931341385886,4.873183727264404
BitcoinTransactions,28,15,9,0.65,0.5,1,0.07177369108539734,0.013888888888888888,0.9076923076923077,4.6032702922821045
BitcoinTransactions,28,15,9,0.65,0.5,2,0.07479820717846557,0.0,0.8821360457724094,4.698475122451782
BitcoinTransactions,28,15,9,0.65,0.5,3,0.07058269035768332,0.0,0.8709472345835982,4.684671878814697
BitcoinTransactions,28,15,9,0.65,0.5,4,0.06941963019699193,0.020833333333333332,0.9212968849332486,4.464636325836182
BitcoinTransactions,28,15,9,0.65,0.5,5,0.0656761654722828,0.0,0.8600127145581691,4.682251453399658
BitcoinTransactions,28,15,10,0.7,0.5,1,0.07293927577586665,0.0,0.873744437380801,4.846657991409302
BitcoinTransactions,28,15,10,0.7,0.5,2,0.07882770294947193,0.0,0.8726001271455817,4.805227041244507
BitcoinTransactions,28,15,10,0.7,0.5,3,0.08472931129090333,0.01020408163265306,0.9420216147488875,4.77448034286499
BitcoinTransactions,28,15,10,0.7,0.5,4,0.07443876590165134,0.0,0.8769230769230769,4.837564706802368
BitcoinTransactions,28,15,10,0.7,0.5,5,0.07469147742036948,0.0,0.8606484424666243,4.704087018966675
BitcoinTransactions,28,15,10,0.75,0.5,1,0.06661991143170018,0.0,0.8828989192625556,4.70173454284668
BitcoinTransactions,28,15,10,0.75,0.5,2,0.06978235570511718,0.0,0.8795931341385886,4.6938862800598145
BitcoinTransactions,28,15,10,0.75,0.5,3,0.06749863659704644,0.0,0.8684043229497775,4.679299592971802
BitcoinTransactions,28,15,10,0.75,0.5,4,0.07447667892882731,0.0,0.8694214876033057,4.6869425773620605
BitcoinTransactions,28,15,10,0.75,0.5,5,0.07406512294669773,0.016666666666666666,0.8614113159567705,4.67363715171814
BitcoinTransactions,28,15,11,0.8,0.5,1,0.06867871502374984,0.008928571428571428,0.9082008900190718,4.7990570068359375
BitcoinTransactions,28,15,11,0.8,0.5,2,0.07659919023523772,0.018518518518518517,0.8363636363636363,4.56577467918396
BitcoinTransactions,28,15,11,0.8,0.5,3,0.06548748325401461,0.0,0.8817546090273363,4.856519460678101
BitcoinTransactions,28,15,11,0.8,0.5,4,0.06894290449973123,0.0,0.8774316592498411,4.708896636962891
BitcoinTransactions,28,15,11,0.8,0.5,5,0.07063028042590708,0.017857142857142856,0.9286713286713286,4.709534168243408
BitcoinTransactions,28,15,12,0.85,0.5,1,0.07088922354889247,0.0,0.8828989192625556,4.709499835968018
BitcoinTransactions,28,15,12,0.85,0.5,2,0.07609560781740701,0.020202020202020204,0.9020979020979021,4.458590030670166
BitcoinTransactions,28,15,12,0.85,0.5,3,0.062817983922845,0.0,0.8775588048315321,4.856197357177734
BitcoinTransactions,28,15,12,0.85,0.5,4,0.06840677371429814,0.0,0.9103623649078194,4.914106845855713
BitcoinTransactions,28,15,12,0.85,0.5,5,0.07491845002992954,0.01098901098901099,0.912269548633185,4.5754475593566895
BitcoinTransactions,28,15,13,0.9,0.5,1,0.07104754616647226,0.015151515151515152,0.9057851239669421,4.6307618618011475
BitcoinTransactions,28,15,13,0.9,0.5,2,0.07352896826721776,0.0,0.8820089001907184,4.7330100536346436
BitcoinTransactions,28,15,13,0.9,0.5,3,0.07487458598219135,0.014285714285714285,0.8647171010807374,4.647742509841919
BitcoinTransactions,28,15,13,0.9,0.5,4,0.07267632075165756,0.0,0.8753973299427845,4.701470613479614
BitcoinTransactions,28,15,13,0.9,0.5,5,0.07723645950090322,0.014285714285714285,0.901716465352829,4.689536809921265
BitcoinTransactions,28,15,13,0.95,0.5,1,0.06895519395092944,0.0,0.859376986649714,4.586673021316528
BitcoinTransactions,28,15,13,0.95,0.5,2,0.06970020725166175,0.0,0.8765416401780038,4.841807126998901
BitcoinTransactions,28,15,13,0.95,0.5,3,0.07411714968280429,0.0,0.862937062937063,4.708583116531372
BitcoinTransactions,28,15,13,0.95,0.5,4,0.05232822506589605,0.0,0.9627463445645263,5.023840427398682
BitcoinTransactions,28,15,13,0.95,0.5,5,0.07283817404068017,0.0,0.8823903369357915,4.897346019744873
BitcoinTransactions,28,15,14,1,0.5,1,0.06624007062734931,0.017857142857142856,0.9669421487603306,4.818720579147339
BitcoinTransactions,28,15,14,1,0.5,2,0.06836958112412896,0.01020408163265306,0.9230769230769231,4.7161171436309814
BitcoinTransactions,28,15,14,1,0.5,3,0.0821567218393428,0.011904761904761904,0.9323585505403688,4.683452606201172
BitcoinTransactions,28,15,14,1,0.5,4,0.07022751976910135,0.0,0.8831532104259378,4.710195302963257
BitcoinTransactions,28,15,14,1,0.5,5,0.07488559981430096,0.0,0.8845518118245391,4.708873748779297
BitcoinTransactions,29,21,0,0,,1,0.06662492369742665,0.009259259259259259,0.933452093141621,
BitcoinTransactions,29,21,0,0,,2,0.06659377162675345,0.006172839506172839,0.9180557322814608,
BitcoinTransactions,29,21,0,0,,3,0.07758699528127129,0.014705882352941176,0.9134749968189337,
BitcoinTransactions,29,21,0,0,,4,0.06297740458604995,0.014705882352941176,0.9502481231708869,
BitcoinTransactions,29,21,0,0,,5,0.05849435045053083,0.014705882352941176,0.987911948084998,
BitcoinTransactions,29,21,0,0.01,0.5,1,0.06407581202876318,0.011764705882352941,0.9519022776434661,4.791710376739502
BitcoinTransactions,29,21,0,0.01,0.5,2,0.07228823158771612,0.011111111111111112,0.9094032319633542,4.7488603591918945
BitcoinTransactions,29,21,0,0.01,0.5,3,0.07492378709798178,0.009259259259259259,0.9174195190227764,4.708516359329224
BitcoinTransactions,29,21,0,0.01,0.5,4,0.08384264558816719,0.046875,0.8945158417101412,4.253117084503174
BitcoinTransactions,29,21,0,0.01,0.5,5,0.06912549417308463,0.011695906432748537,0.9442677185392544,4.694559574127197
BitcoinTransactions,29,21,1,0.05,0.5,1,0.06618521648048538,0.006172839506172839,0.9148746659880392,4.6863853931427
BitcoinTransactions,29,21,1,0.05,0.5,2,0.07572365716944081,0.014705882352941176,0.9156381218984604,4.588169574737549
BitcoinTransactions,29,21,1,0.05,0.5,3,0.07934148117611128,0.014705882352941176,0.959409594095941,4.843608140945435
BitcoinTransactions,29,21,1,0.05,0.5,4,0.07154825366376302,0.031746031746031744,0.9099122025703016,4.44797420501709
BitcoinTransactions,29,21,1,0.05,0.5,5,0.06400003947505979,0.005050505050505051,0.9183102175849345,4.8530378341674805
BitcoinTransactions,29,21,2,0.1,0.5,1,0.07103990714757354,0.011111111111111112,0.9300165415447258,4.684658765792847
BitcoinTransactions,29,21,2,0.1,0.5,2,0.07343919834056069,0.022222222222222223,0.9136022394706705,4.657224416732788
BitcoinTransactions,29,21,2,0.1,0.5,3,0.06970999732854555,0.009259259259259259,0.9161470925054078,4.725798606872559
BitcoinTransactions,29,21,2,0.1,0.5,4,0.058872841659124965,0.013888888888888888,0.9717521313144166,4.745080471038818
BitcoinTransactions,29,21,2,0.1,0.5,5,0.06675141941991292,0.018518518518518517,0.9488484540017814,4.768496036529541
BitcoinTransactions,29,21,3,0.15,0.5,1,0.06519866044775613,0.011764705882352941,0.9488484540017814,4.889881134033203
BitcoinTransactions,29,21,3,0.15,0.5,2,0.06160636973016872,0.011111111111111112,0.9485939686983077,4.862311840057373
BitcoinTransactions,29,21,3,0.15,0.5,3,0.07104748574067349,0.009259259259259259,0.9172922763710396,4.891136169433594
BitcoinTransactions,29,21,3,0.15,0.5,4,0.08396498914326574,0.014705882352941176,0.9577554396233617,4.870365619659424
BitcoinTransactions,29,21,3,0.15,0.5,5,0.0759279471383282,0.013888888888888888,0.9571192263646774,4.9170448780059814
BitcoinTransactions,29,21,4,0.2,0.5,1,0.06674717969555789,0.011111111111111112,0.9380328286041482,4.901471853256226
BitcoinTransactions,29,21,4,0.2,0.5,2,0.07504749963952623,0.009259259259259259,0.9148746659880392,4.776142358779907
BitcoinTransactions,29,21,4,0.2,0.5,3,0.0602601637863433,0.00980392156862745,0.9459218730118336,4.725919246673584
BitcoinTransactions,29,21,4,0.2,0.5,4,0.06508505797554207,0.009259259259259259,0.935360732917674,4.756668329238892
BitcoinTransactions,29,21,4,0.2,0.5,5,0.071586053412827,0.011111111111111112,0.9298892988929889,4.707785129547119
BitcoinTransactions,29,21,5,0.25,0.5,1,0.06282586345018784,0.00980392156862745,0.9357424608728846,4.7498250007629395
BitcoinTransactions,29,21,5,0.25,0.5,2,0.0638398008628599,0.011111111111111112,0.9484667260465708,4.739238977432251
BitcoinTransactions,29,21,5,0.25,0.5,3,0.08148936732616337,0.013888888888888888,0.9516477923399924,4.709791421890259
BitcoinTransactions,29,21,5,0.25,0.5,4,0.07057253000930495,0.015037593984962405,0.9399414683802011,4.838813543319702
BitcoinTransactions,29,21,5,0.25,0.5,5,0.06811248042756705,0.013888888888888888,0.9002417610383,4.980028867721558
BitcoinTransactions,29,21,6,0.3,0.5,1,0.06503851572070722,0.013888888888888888,0.9245451075200407,5.0362160205841064
BitcoinTransactions,29,21,6,0.3,0.5,2,0.06636434719321642,0.007936507936507936,0.9116935996946176,5.040590524673462
BitcoinTransactions,29,21,6,0.3,0.5,3,0.05853332012526153,0.009259259259259259,0.988039190736735,5.0491273403167725
BitcoinTransactions,29,21,6,0.3,0.5,4,0.06735323247249664,0.02857142857142857,0.9664079399414683,4.8043365478515625
BitcoinTransactions,29,21,6,0.3,0.5,5,0.0738570702889259,0.015873015873015872,0.9548288586334139,4.86461877822876
BitcoinTransactions,29,21,7,0.35,0.5,1,0.07415557399751901,0.009259259259259259,0.9568647410612037,4.683751821517944
BitcoinTransactions,29,21,7,0.35,0.5,2,0.06719600388584025,0.013888888888888888,0.9380328286041482,4.896142482757568
BitcoinTransactions,29,21,7,0.35,0.5,3,0.07222850481457802,0.013888888888888888,0.9127115409085126,4.765172481536865
BitcoinTransactions,29,21,7,0.35,0.5,4,0.06842513295039068,0.02040816326530612,0.9170377910675659,4.541581392288208
BitcoinTransactions,29,21,7,0.35,0.5,5,0.06640564873303768,0.006944444444444444,0.9193281587988293,4.723581075668335
BitcoinTransactions,29,21,8,0.4,0.5,1,0.06793989015317727,0.03125,0.9916019849853671,4.724515914916992
BitcoinTransactions,29,21,8,0.4,0.5,2,0.07498339775109195,0.047619047619047616,0.9544471306782033,4.504796028137207
BitcoinTransactions,29,21,8,0.4,0.5,3,0.0800962242043923,0.014705882352941176,0.9543198880264665,4.680525302886963
BitcoinTransactions,29,21,8,0.4,0.5,4,0.06471124616734791,0.0196078431372549,0.9830767273189973,4.7404327392578125
BitcoinTransactions,29,21,8,0.4,0.5,5,0.07936623279294469,0.011111111111111112,0.8847181575264028,4.691646099090576
BitcoinTransactions,29,21,9,0.45,0.5,1,0.07719164657905284,0.008403361344537815,0.8432370530601858,4.611657381057739
BitcoinTransactions,29,21,9,0.45,0.5,2,0.0603681386790709,0.014705882352941176,0.9706069474487848,4.755352735519409
BitcoinTransactions,29,21,9,0.45,0.5,3,0.06503345153545209,0.00980392156862745,0.9166560631123553,4.687757253646851
BitcoinTransactions,29,21,9,0.45,0.5,4,0.06900727750287053,0.013888888888888888,0.9236544089578826,4.7287514209747314
BitcoinTransactions,29,21,9,0.45,0.5,5,0.07637460457526853,0.0625,0.9890571319506298,4.572684049606323
BitcoinTransactions,29,21,10,0.5,0.5,1,0.07145316203630164,0.03636363636363636,0.9526657335538873,4.630659818649292
BitcoinTransactions,29,21,10,0.5,0.5,2,0.05745268339154286,0.010416666666666666,0.9389235271663061,4.843806028366089
BitcoinTransactions,29,21,10,0.5,0.5,3,0.06566063625087395,0.011111111111111112,0.9382873139076219,4.923512935638428
BitcoinTransactions,29,21,10,0.5,0.5,4,0.08006827658065178,0.006944444444444444,0.893879628451457,4.939059495925903
BitcoinTransactions,29,21,10,0.5,0.5,5,0.0718924506311072,0.016666666666666666,0.9036773126351954,4.797981023788452
BitcoinTransactions,29,21,11,0.55,0.5,1,0.05990759557207196,0.009259259259259259,0.9505026084743606,4.759041786193848
BitcoinTransactions,29,21,11,0.55,0.5,2,0.06733645735879226,0.007352941176470588,0.8998600330830895,4.715418577194214
BitcoinTransactions,29,21,11,0.55,0.5,3,0.06990943137589367,0.007936507936507936,0.9078763201425117,4.739094972610474
BitcoinTransactions,29,21,11,0.55,0.5,4,0.061567559179169534,0.01680672268907563,0.9387962845145693,4.690435171127319
BitcoinTransactions,29,21,11,0.55,0.5,5,0.07530538964811274,0.011764705882352941,0.914111210077618,4.692530155181885
BitcoinTransactions,29,21,12,0.6,0.5,1,0.06887152614064387,0.007936507936507936,0.8931161725410357,4.685123443603516
BitcoinTransactions,29,21,12,0.6,0.5,2,0.06863360174295378,0.006944444444444444,0.9521567629469398,4.904517889022827
BitcoinTransactions,29,21,12,0.6,0.5,3,0.06221346196967965,0.006944444444444444,0.9244178648683039,4.916074514389038
BitcoinTransactions,29,21,12,0.6,0.5,4,0.0692445563843705,0.015873015873015872,0.9543198880264665,5.013887405395508
BitcoinTransactions,29,21,12,0.6,0.5,5,0.0720710424787658,0.022222222222222223,0.9497391525639395,5.023130893707275
BitcoinTransactions,29,21,13,0.65,0.5,1,0.07625989727016297,0.027777777777777776,0.9158926072019341,4.800699472427368
BitcoinTransactions,29,21,13,0.65,0.5,2,0.059136851189660486,0.022222222222222223,0.976969080035628,4.737197399139404
BitcoinTransactions,29,21,13,0.65,0.5,3,0.06715536663154473,0.023529411764705882,0.976969080035628,5.0025794506073
BitcoinTransactions,29,21,13,0.65,0.5,4,0.058430731789039084,0.011764705882352941,0.9731518004835221,4.978675603866577
BitcoinTransactions,29,21,13,0.65,0.5,5,0.07539511424014246,0.009259259259259259,0.9281079017686729,4.911332368850708
BitcoinTransactions,29,21,14,0.7,0.5,1,0.072583530060081,0.018518518518518517,0.9463036009670441,4.9044506549835205
BitcoinTransactions,29,21,14,0.7,0.5,2,0.06062295099284705,0.0196078431372549,0.9697162488866268,4.76267147064209
BitcoinTransactions,29,21,14,0.7,0.5,3,0.06875021431376757,0.014705882352941176,0.9681893370657845,4.70297646522522
BitcoinTransactions,29,21,14,0.7,0.5,4,0.06178278780245371,0.022222222222222223,0.9913474996818934,4.79987359046936
BitcoinTransactions,29,21,14,0.7,0.5,5,0.07302512046017516,0.01680672268907563,0.9161470925054078,4.606963872909546
BitcoinTransactions,29,21,15,0.75,0.5,1,0.0744934044455952,0.03333333333333333,0.9924926835475252,4.540417194366455
BitcoinTransactions,29,21,15,0.75,0.5,2,0.06570977878127852,0.023529411764705882,0.9561012851507825,4.749049425125122
BitcoinTransactions,29,21,15,0.75,0.5,3,0.06827636104158666,0.017857142857142856,0.9569919837129406,4.552025079727173
BitcoinTransactions,29,21,15,0.75,0.5,4,0.06213230703878077,0.008403361344537815,0.9086397760529329,4.88433837890625
BitcoinTransactions,29,21,15,0.75,0.5,5,0.07751090470153482,0.013888888888888888,0.9539381600712559,4.907616376876831
BitcoinTransactions,29,21,16,0.8,0.5,1,0.05607167001311035,0.03636363636363636,0.9679348517623108,4.622530698776245
BitcoinTransactions,29,21,16,0.8,0.5,2,0.07010229337110323,0.013888888888888888,0.9114391143911439,4.821051120758057
BitcoinTransactions,29,21,16,0.8,0.5,3,0.06341464000826509,0.018518518518518517,0.945540145056623,4.931753396987915
BitcoinTransactions,29,21,16,0.8,0.5,4,0.05212130282000004,0.01,0.9811680875429444,4.88234806060791
BitcoinTransactions,29,21,16,0.8,0.5,5,0.05236130932443779,0.010526315789473684,0.9693345209314163,4.8203465938568115
BitcoinTransactions,29,21,17,0.85,0.5,1,0.06522685413886321,0.007936507936507936,0.9339610637485685,4.756295919418335
BitcoinTransactions,29,21,17,0.85,0.5,2,0.06491496855087163,0.0392156862745098,0.9922381982440515,4.728298187255859
BitcoinTransactions,29,21,17,0.85,0.5,3,0.06656669488563942,0.011764705882352941,0.907621834839038,4.701498031616211
BitcoinTransactions,29,21,17,0.85,0.5,4,0.06266829169261363,0.015384615384615385,0.9749331976078381,4.554937839508057
BitcoinTransactions,29,21,17,0.85,0.5,5,0.06986982565720964,0.027777777777777776,0.9928744115027357,4.644943475723267
BitcoinTransactions,29,21,18,0.9,0.5,1,0.0635858698379303,0.020833333333333332,0.9451584171014124,4.880385398864746
BitcoinTransactions,29,21,18,0.9,0.5,2,0.07358658530159695,0.03125,0.9614454765237308,4.945000886917114
BitcoinTransactions,29,21,18,0.9,0.5,3,0.067031844227133,0.0196078431372549,0.9994910293930526,4.841491460800171
BitcoinTransactions,29,21,18,0.9,0.5,4,0.07470146510889443,0.011111111111111112,0.9391780124697798,4.839453458786011
BitcoinTransactions,29,21,18,0.9,0.5,5,0.06852300145713523,0.018518518518518517,0.9581371675785724,4.797005891799927
BitcoinTransactions,29,21,19,0.95,0.5,1,0.08097900797636122,0.047619047619047616,0.9068583789286169,4.546774387359619
BitcoinTransactions,29,21,19,0.95,0.5,2,0.06854771463351805,0.018518518518518517,0.9349790049624634,4.732607841491699
BitcoinTransactions,29,21,19,0.95,0.5,3,0.06439035488546485,0.015625,0.9567374984094669,4.602278232574463
BitcoinTransactions,29,21,19,0.95,0.5,4,0.05972966856373626,0.0,0.9330703651864105,4.927173852920532
BitcoinTransactions,29,21,19,0.95,0.5,5,0.07701551141585367,0.022222222222222223,0.941850108156254,4.562121868133545
BitcoinTransactions,29,21,20,1,0.5,1,0.06188037003637319,0.011111111111111112,0.962208932434152,4.78283953666687
BitcoinTransactions,29,21,20,1,0.5,2,0.07822065549492355,0.007936507936507936,0.8345845527420791,4.645447492599487
BitcoinTransactions,29,21,20,1,0.5,3,0.0694063468218927,0.011111111111111112,0.9202188573609874,4.879692077636719
BitcoinTransactions,29,21,20,1,0.5,4,0.07032367832239673,0.0196078431372549,0.9478305127878865,4.8862292766571045
BitcoinTransactions,29,21,20,1,0.5,5,0.06305512632177232,0.011764705882352941,0.936251431479832,4.879481792449951
BitcoinTransactions,30,19,0,0,,1,0.07114889455726311,0.0,0.8566340160284951,
BitcoinTransactions,30,19,0,0,,2,0.0744643655773015,0.0,0.8575244879786287,
BitcoinTransactions,30,19,0,0,,3,0.07051474436900357,0.0,0.8758427680956621,
BitcoinTransactions,30,19,0,0,,4,0.07247596535080537,0.0,0.8484925581987025,
BitcoinTransactions,30,19,0,0,,5,0.06856879711190922,0.0,0.8694822541661367,
BitcoinTransactions,30,19,0,0.01,0.5,1,0.07335239674614712,0.0,0.8660475766441929,4.812209367752075
BitcoinTransactions,30,19,0,0.01,0.5,2,0.08128309167367827,0.0,0.8582877496501717,4.795645475387573
BitcoinTransactions,30,19,0,0.01,0.5,3,0.06433103619813606,0.0,0.5705380994784378,4.569896697998047
BitcoinTransactions,30,19,0,0.01,0.5,4,0.07688453130229866,0.0078125,0.8596870627146673,4.4864301681518555
BitcoinTransactions,30,19,0,0.01,0.5,5,0.07344048765900439,0.0,0.8829665436967307,4.722005128860474
BitcoinTransactions,30,19,1,0.05,0.5,1,0.07048701657585049,0.009259259259259259,0.8159267268795318,4.483470678329468
BitcoinTransactions,30,19,1,0.05,0.5,2,0.07183438695180948,0.0,0.8783869736674723,4.7196574211120605
BitcoinTransactions,30,19,1,0.05,0.5,3,0.06478920484787398,0.0,0.8908535809693423,4.608799934387207
BitcoinTransactions,30,19,1,0.05,0.5,4,0.07396680850829704,0.011111111111111112,0.842640885383539,4.63981032371521
BitcoinTransactions,30,19,1,0.05,0.5,5,0.0660477563139101,0.0,0.8500190815417886,4.821996688842773
BitcoinTransactions,30,19,2,0.1,0.5,1,0.06612106359328715,0.0,0.8703727261162701,4.941421985626221
BitcoinTransactions,30,19,2,0.1,0.5,2,0.07391628198248375,0.0,0.8413687825976339,4.85607123374939
BitcoinTransactions,30,19,2,0.1,0.5,3,0.07224076160614468,0.0,0.879531866174787,4.921144962310791
BitcoinTransactions,30,19,2,0.1,0.5,4,0.07150948736472486,0.0,0.8769876606029767,4.8341875076293945
BitcoinTransactions,30,19,2,0.1,0.5,5,0.06805941196181549,0.0,0.7720391807658059,4.6693220138549805
BitcoinTransactions,30,19,3,0.15,0.5,1,0.07664174269224035,0.010416666666666666,0.8253402874952296,4.470312595367432
BitcoinTransactions,30,19,3,0.15,0.5,2,0.07557344844868312,0.0,0.8327184836534792,4.674068927764893
BitcoinTransactions,30,19,3,0.15,0.5,3,0.06348251396466123,0.0,0.886782852054446,4.732724189758301
BitcoinTransactions,30,19,3,0.15,0.5,4,0.06729789930292741,0.0,0.8829665436967307,4.7331602573394775
BitcoinTransactions,30,19,3,0.15,0.5,5,0.0719644602362996,0.0,0.5532375015901285,4.598308324813843
BitcoinTransactions,30,19,4,0.2,0.5,1,0.06750233458747087,0.0,0.8869100623330365,4.916836738586426
BitcoinTransactions,30,19,4,0.2,0.5,2,0.0649095655665406,0.0,0.9190942628164356,4.921093702316284
BitcoinTransactions,30,19,4,0.2,0.5,3,0.0684339567439476,0.0,0.8851291184327693,4.873389720916748
BitcoinTransactions,30,19,4,0.2,0.5,4,0.06980146196943927,0.0,0.8708815672306323,4.825725317001343
BitcoinTransactions,30,19,4,0.2,0.5,5,0.06254426570723852,0.0,0.9272357206462282,4.830713748931885
BitcoinTransactions,30,19,4,0.25,0.5,1,0.06997203896058378,0.0,0.805241063477929,4.658769369125366
BitcoinTransactions,30,19,4,0.25,0.5,2,0.06171226881705995,0.0,0.9148963236229487,4.766449689865112
BitcoinTransactions,30,19,4,0.25,0.5,3,0.06036895380263544,0.0,0.8490013993130645,4.689176797866821
BitcoinTransactions,30,19,4,0.25,0.5,4,0.06492315760445115,0.0,0.8851291184327693,4.705920457839966
BitcoinTransactions,30,19,4,0.25,0.5,5,0.07606087372237576,0.0,0.8810583895178731,4.5811378955841064
BitcoinTransactions,30,19,5,0.3,0.5,1,0.0654523648467876,0.0,0.861849637450706,4.684368371963501
BitcoinTransactions,30,19,5,0.3,0.5,2,0.07575683269915894,0.0,0.7879404655896196,4.753807067871094
BitcoinTransactions,30,19,5,0.3,0.5,3,0.06417004171257754,0.0,0.8584149599287623,4.864989995956421
BitcoinTransactions,30,19,5,0.3,0.5,4,0.0724391195062395,0.0,0.8759699783742526,4.845569372177124
BitcoinTransactions,30,19,5,0.3,0.5,5,0.06591171119049723,0.0,0.9038290293855743,4.886364936828613
BitcoinTransactions,30,19,6,0.35,0.5,1,0.07291874826350604,0.0,0.8781325531102913,4.9553937911987305
BitcoinTransactions,30,19,6,0.35,0.5,2,0.06627269165779634,0.0,0.8764788194886147,4.899775266647339
BitcoinTransactions,30,19,6,0.35,0.5,3,0.0715756649564928,0.0,0.8815672306322351,4.811073541641235
BitcoinTransactions,30,19,6,0.35,0.5,4,0.06383788125483025,0.0,0.7323495738455668,4.589981555938721
BitcoinTransactions,30,19,6,0.35,0.5,5,0.05962978381829214,0.0,0.8874189034473986,4.7155866622924805
BitcoinTransactions,30,19,7,0.4,0.5,1,0.06357962968246594,0.0,0.8782597633888818,4.706739664077759
BitcoinTransactions,30,19,7,0.4,0.5,2,0.0810634550702563,0.0,0.8325912733748887,4.661244869232178
BitcoinTransactions,30,19,7,0.4,0.5,3,0.062406646038140036,0.0,0.9157867955730823,4.745961427688599
BitcoinTransactions,30,19,7,0.4,0.5,4,0.06828356988834547,0.0,0.8843658567612263,4.714691400527954
BitcoinTransactions,30,19,7,0.4,0.5,5,0.0724507806906665,0.016666666666666666,0.8781325531102913,4.6048524379730225
BitcoinTransactions,30,19,8,0.45,0.5,1,0.06719920657315934,0.007936507936507936,0.9229105711741509,4.870820999145508
BitcoinTransactions,30,19,8,0.45,0.5,2,0.07592187383877701,0.009259259259259259,0.8969596743416868,4.826957941055298
BitcoinTransactions,30,19,8,0.45,0.5,3,0.0666490919527537,0.0,0.8833481745325023,4.821506977081299
BitcoinTransactions,30,19,8,0.45,0.5,4,0.07858418045281944,0.014705882352941176,0.6725607429080269,4.506366491317749
BitcoinTransactions,30,19,8,0.45,0.5,5,0.0676863123137762,0.00980392156862745,0.9071364966289276,4.537249565124512
BitcoinTransactions,30,19,9,0.5,0.5,1,0.06405076513845746,0.0,0.8749522961455286,4.710015058517456
BitcoinTransactions,30,19,9,0.5,0.5,2,0.07759224924912032,0.011111111111111112,0.8394606284187762,4.590560674667358
BitcoinTransactions,30,19,9,0.5,0.5,3,0.06981146152133584,0.0,0.8776237119959293,4.706694602966309
BitcoinTransactions,30,19,9,0.5,0.5,4,0.0628705187886047,0.007936507936507936,0.9080269685790612,4.717142581939697
BitcoinTransactions,30,19,9,0.5,0.5,5,0.07021504015710915,0.0,0.8926345248696095,4.7183473110198975
BitcoinTransactions,30,19,10,0.55,0.5,1,0.06476801355031896,0.0,0.9178221600305305,4.6975181102752686
BitcoinTransactions,30,19,10,0.55,0.5,2,0.06983306779960358,0.0,0.8631217402366111,4.678507566452026
BitcoinTransactions,30,19,10,0.55,0.5,3,0.06860788316472716,0.014285714285714285,0.8902175295763898,4.57657527923584
BitcoinTransactions,30,19,10,0.55,0.5,4,0.08530175104547082,0.0,0.8338633761607938,4.686968564987183
BitcoinTransactions,30,19,10,0.55,0.5,5,0.06604745383733014,0.009259259259259259,0.9221473095026078,4.744353771209717
BitcoinTransactions,30,19,11,0.6,0.5,1,0.07041118890826337,0.0,0.811983208243226,5.049115419387817
BitcoinTransactions,30,19,11,0.6,0.5,2,0.06968330324027734,0.04,0.9487342577280244,4.609480142593384
BitcoinTransactions,30,19,11,0.6,0.5,3,0.06664360121737883,0.0,0.874570665309757,4.922090768814087
BitcoinTransactions,30,19,11,0.6,0.5,4,0.05202268306500239,0.0,0.9338506551329347,5.0157434940338135
BitcoinTransactions,30,19,11,0.6,0.5,5,0.06316207143158706,0.0,0.8739346139168045,4.909228324890137
BitcoinTransactions,30,19,12,0.65,0.5,1,0.0654348739095833,0.0,0.8576516982572192,4.9161248207092285
BitcoinTransactions,30,19,12,0.65,0.5,2,0.06280917646137062,0.0,0.8843658567612263,4.766307830810547
BitcoinTransactions,30,19,12,0.65,0.5,3,0.06543124110446073,0.009259259259259259,0.9385574354407836,4.741553068161011
BitcoinTransactions,30,19,12,0.65,0.5,4,0.0714830625230488,0.0,0.8822032820251876,4.7063164710998535
BitcoinTransactions,30,19,12,0.65,0.5,5,0.07498844286654066,0.0,0.8773692914387482,4.70741605758667
BitcoinTransactions,30,19,13,0.7,0.5,1,0.06130710103975374,0.011111111111111112,0.8806767586821015,4.669274091720581
BitcoinTransactions,30,19,13,0.7,0.5,2,0.06398384020652034,0.0,0.9277445617605903,4.764698028564453
BitcoinTransactions,30,19,13,0.7,0.5,3,0.0687470036256203,0.0,0.8792774456176059,4.710613250732422
BitcoinTransactions,30,19,13,0.7,0.5,4,0.06909923547334293,0.0,0.8837298053682737,4.756977796554565
BitcoinTransactions,30,19,13,0.7,0.5,5,0.06249173340272287,0.013888888888888888,0.9825721918331001,4.88114595413208
BitcoinTransactions,30,19,14,0.75,0.5,1,0.07296438921982289,0.0,0.7655514565576899,4.80585241317749
BitcoinTransactions,30,19,14,0.75,0.5,2,0.07268594895073426,0.0,0.8871644828902175,4.827014684677124
BitcoinTransactions,30,19,14,0.75,0.5,3,0.0711323992752667,0.0,0.8655387355298308,4.818590402603149
BitcoinTransactions,30,19,14,0.75,0.5,4,0.07190575474029154,0.0,0.8389517873044142,4.853768587112427
BitcoinTransactions,30,19,14,0.75,0.5,5,0.06488489312893948,0.0,0.7829792647245898,4.796025276184082
BitcoinTransactions,30,19,14,0.8,0.5,1,0.06781094210540692,0.0,0.8727897214094898,4.846417665481567
BitcoinTransactions,30,19,14,0.8,0.5,2,0.0709418755754567,0.0,0.8816944409108256,4.7370922565460205
BitcoinTransactions,30,19,14,0.8,0.5,3,0.06660553014762233,0.0,0.8829665436967307,4.7135231494903564
BitcoinTransactions,30,19,14,0.8,0.5,4,0.06739402219734247,0.0,0.8834753848110928,4.717546701431274
BitcoinTransactions,30,19,14,0.8,0.5,5,0.06821758325921383,0.011363636363636364,0.9175677394733495,4.5804283618927
BitcoinTransactions,30,19,15,0.85,0.5,1,0.06775810196483013,0.008333333333333333,0.9021752957638978,4.658220291137695
BitcoinTransactions,30,19,15,0.85,0.5,2,0.07113695172299021,0.0,0.8344994275537464,4.728065490722656
BitcoinTransactions,30,19,15,0.85,0.5,3,0.06404977365007346,0.0,0.9092990713649662,4.776413440704346
BitcoinTransactions,30,19,15,0.85,0.5,4,0.0630252252144684,0.0,0.8660475766441929,4.892956495285034
BitcoinTransactions,30,19,15,0.85,0.5,5,0.07935189132364177,0.009259259259259259,0.8979773565704109,4.805704832077026
BitcoinTransactions,30,19,16,0.9,0.5,1,0.0638775166903497,0.009259259259259259,0.9432642157486325,4.877652645111084
BitcoinTransactions,30,19,16,0.9,0.5,2,0.07470424806271327,0.0,0.868082941101641,4.870450973510742
BitcoinTransactions,30,19,16,0.9,0.5,3,0.07539848073910455,0.009259259259259259,0.8847474875969978,4.679669380187988
BitcoinTransactions,30,19,16,0.9,0.5,4,0.06861677513573876,0.0,0.8762243989314337,4.765222072601318
BitcoinTransactions,30,19,16,0.9,0.5,5,0.05914148561757375,0.0,0.9059916041216131,4.748345375061035
BitcoinTransactions,30,19,17,0.95,0.5,1,0.06294089107633787,0.009259259259259259,0.9077725480218801,4.738090753555298
BitcoinTransactions,30,19,17,0.95,0.5,2,0.06389877792115481,0.0,0.8959419921129628,4.730550765991211
BitcoinTransactions,30,19,17,0.95,0.5,3,0.07159620775783432,0.0,0.879531866174787,4.7026355266571045
BitcoinTransactions,30,19,17,0.95,0.5,4,0.06748402564607475,0.0,0.8649026841368782,4.697346925735474
BitcoinTransactions,30,19,17,0.95,0.5,5,0.07134226518123665,0.0,0.8575244879786287,4.6872828006744385
BitcoinTransactions,30,19,18,1,0.5,1,0.06543107583400702,0.0,0.8702455158376797,4.698421239852905
BitcoinTransactions,30,19,18,1,0.5,2,0.06934079366305901,0.009259259259259259,0.880803968960692,4.809093952178955
BitcoinTransactions,30,19,18,1,0.5,3,0.071678095749962,0.0,0.8841114362040453,4.889388084411621
BitcoinTransactions,30,19,18,1,0.5,4,0.0615612459736695,0.0,0.8760971886528431,4.884490251541138
BitcoinTransactions,30,19,18,1,0.5,5,0.06303760430808042,0.006944444444444444,0.9023025060424882,4.810396909713745
BitcoinTransactions,31,14,0,0,,1,0.07722068977359188,0.015384615384615385,0.9207983727434529,
BitcoinTransactions,31,14,0,0,,2,0.05795372906497135,0.015384615384615385,0.9674548690566998,
BitcoinTransactions,31,14,0,0,,3,0.07667523725807324,0.01098901098901099,0.9525807271802695,
BitcoinTransactions,31,14,0,0,,4,0.06686184397144182,0.01282051282051282,0.9082125603864735,
BitcoinTransactions,31,14,0,0,,5,0.0605055175205497,0.0,0.9144419018560895,
BitcoinTransactions,31,14,0,0.01,0.5,1,0.059127999234930874,0.01282051282051282,0.8773201118738876,4.901236534118652
BitcoinTransactions,31,14,0,0.01,0.5,2,0.07057195158981068,0.01282051282051282,0.9565217391304348,5.0382609367370605
BitcoinTransactions,31,14,0,0.01,0.5,3,0.06899115251618572,0.015384615384615385,0.8883803712178998,4.605217456817627
BitcoinTransactions,31,14,0,0.01,0.5,4,0.06086232576639676,0.0,0.8854563946097127,4.764724254608154
BitcoinTransactions,31,14,0,0.01,0.5,5,0.0730733865427803,0.0,0.8592677345537757,4.685500144958496
BitcoinTransactions,31,14,1,0.05,0.5,1,0.06610243336183291,0.01098901098901099,0.9050343249427918,4.701480150222778
BitcoinTransactions,31,14,1,0.05,0.5,2,0.06970627769291726,0.01098901098901099,0.9238494787693873,4.685963869094849
BitcoinTransactions,31,14,1,0.05,0.5,3,0.07784684505812532,0.0,0.8504958047292144,4.666545152664185
BitcoinTransactions,31,14,1,0.05,0.5,4,0.0635932037129744,0.009615384615384616,0.8976608187134503,4.680583238601685
BitcoinTransactions,31,14,1,0.05,0.5,5,0.060298121490654534,0.0,0.8863463005339436,4.720584392547607
BitcoinTransactions,31,14,1,0.1,0.5,1,0.06458045031663884,0.0,0.919908466819222,4.919389486312866
BitcoinTransactions,31,14,1,0.1,0.5,2,0.07934139815164376,0.01098901098901099,0.8531655225019069,4.763553619384766
BitcoinTransactions,31,14,1,0.1,0.5,3,0.06337598551382244,0.0,0.8789727943046021,4.818303346633911
BitcoinTransactions,31,14,1,0.1,0.5,4,0.08944115192977972,0.013888888888888888,0.8635901347571828,4.747720241546631
BitcoinTransactions,31,14,1,0.1,0.5,5,0.058534602227299753,0.0,0.9124078311721332,4.946852922439575
BitcoinTransactions,31,14,2,0.15,0.5,1,0.06393616658552712,0.009615384615384616,0.7772692601067888,4.677832126617432
BitcoinTransactions,31,14,2,0.15,0.5,2,0.06810744148565877,0.009615384615384616,0.9249936435291126,4.755701780319214
BitcoinTransactions,31,14,2,0.15,0.5,3,0.07363874173929887,0.015384615384615385,0.9295703025680142,4.731831312179565
BitcoinTransactions,31,14,2,0.15,0.5,4,0.0713630392497068,0.01098901098901099,0.8953724891939995,4.665867805480957
BitcoinTransactions,31,14,2,0.15,0.5,5,0.06512449183181684,0.0,0.8954996186117468,4.743447780609131
BitcoinTransactions,31,14,3,0.2,0.5,1,0.06995912761092082,0.01282051282051282,0.899440630561912,4.728518962860107
BitcoinTransactions,31,14,3,0.2,0.5,2,0.06943757076001857,0.0,0.8318077803203662,4.827251672744751
BitcoinTransactions,31,14,3,0.2,0.5,3,0.07191994123222652,0.019230769230769232,0.9909738113399441,4.920323848724365
BitcoinTransactions,31,14,3,0.2,0.5,4,0.05324467143886452,0.01098901098901099,0.9359267734553776,4.9458348751068115
BitcoinTransactions,31,14,3,0.2,0.5,5,0.08136986130275724,0.01098901098901099,0.8053648614289347,4.622473239898682
BitcoinTransactions,31,14,3,0.25,0.5,1,0.06800330882384036,0.015384615384615385,0.8999491482329011,4.795644998550415
BitcoinTransactions,31,14,3,0.25,0.5,2,0.05892497029937422,0.009615384615384616,0.9171116196287821,4.7981297969818115
BitcoinTransactions,31,14,3,0.25,0.5,3,0.06673501401485751,0.015384615384615385,0.8282481566234426,4.509561538696289
BitcoinTransactions,31,14,3,0.25,0.5,4,0.06787037961528668,0.0,0.8806254767353165,4.868209600448608
BitcoinTransactions,31,14,3,0.25,0.5,5,0.06490062983277463,0.025,0.9129163488431223,4.357577562332153
BitcoinTransactions,31,14,4,0.3,0.5,1,0.053572491760247705,0.0,0.9239766081871345,4.772071838378906
BitcoinTransactions,31,14,4,0.3,0.5,2,0.08480752873671683,0.01282051282051282,0.9583015509788965,4.686610221862793
BitcoinTransactions,31,14,4,0.3,0.5,3,0.07593408741571035,0.013888888888888888,0.8816425120772947,4.646301031112671
BitcoinTransactions,31,14,4,0.3,0.5,4,0.08423906695989235,0.01282051282051282,0.9402491736587847,4.880450010299683
BitcoinTransactions,31,14,4,0.3,0.5,5,0.06506711022464229,0.015384615384615385,0.8957538774472413,4.894792795181274
BitcoinTransactions,31,14,5,0.35,0.5,1,0.08443567030444954,0.011363636363636364,0.8733790999237223,4.817830801010132
BitcoinTransactions,31,14,5,0.35,0.5,2,0.06023976816800087,0.0,0.8844393592677345,4.905559062957764
BitcoinTransactions,31,14,5,0.35,0.5,3,0.0597491652243204,0.0,0.8854563946097127,5.036097288131714
BitcoinTransactions,31,14,5,0.35,0.5,4,0.07157363791088386,0.015384615384615385,0.9148232901093313,4.997157573699951
BitcoinTransactions,31,14,5,0.35,0.5,5,0.06589764746735023,0.015384615384615385,0.9176201372997712,4.944020509719849
BitcoinTransactions,31,14,5,0.4,0.5,1,0.06447660123068813,0.0,0.8544368166793797,4.896220922470093
BitcoinTransactions,31,14,5,0.4,0.5,2,0.07388919228970464,0.01098901098901099,0.9136791253496059,4.7485949993133545
BitcoinTransactions,31,14,5,0.4,0.5,3,0.06396284297367803,0.05555555555555555,0.9740655987795576,4.724402189254761
BitcoinTransactions,31,14,5,0.4,0.5,4,0.08054211911684948,0.015384615384615385,0.7058225273328248,4.53368353843689
BitcoinTransactions,31,14,5,0.4,0.5,5,0.06067825670953106,0.0,0.8763030765319095,4.721015691757202
BitcoinTransactions,31,14,6,0.45,0.5,1,0.059876747553468036,0.0,0.8827866768370201,4.723478555679321
BitcoinTransactions,31,14,6,0.45,0.5,2,0.06563154823052543,0.0,0.9049071955250445,4.753596305847168
BitcoinTransactions,31,14,6,0.45,0.5,3,0.06628196146847164,0.01282051282051282,0.9129163488431223,4.740787506103516
BitcoinTransactions,31,14,6,0.45,0.5,4,0.0596028917537951,0.0,0.9091024663107043,4.695616006851196
BitcoinTransactions,31,14,6,0.45,0.5,5,0.06889502460959167,0.013888888888888888,0.9163488431222985,4.901012420654297
BitcoinTransactions,31,14,6,0.5,0.5,1,0.06916438159951052,0.01098901098901099,0.9304602084922451,4.926652669906616
BitcoinTransactions,31,14,6,0.5,0.5,2,0.07063810555641357,0.0,0.8292651919654208,4.824556589126587
BitcoinTransactions,31,14,6,0.5,0.5,3,0.07635258623385578,0.0,0.853674040172896,4.840249300003052
BitcoinTransactions,31,14,6,0.5,0.5,4,0.07752633134780783,0.0,0.8682939232138317,4.908933639526367
BitcoinTransactions,31,14,6,0.5,0.5,5,0.06430072600441888,0.013888888888888888,0.933765573353674,4.963592767715454
BitcoinTransactions,31,14,7,0.55,0.5,1,0.0709470826137109,0.015384615384615385,0.9040172896008136,4.861943244934082
BitcoinTransactions,31,14,7,0.55,0.5,2,0.07367067166082972,0.0,0.88418510043224,4.772398948669434
BitcoinTransactions,31,14,7,0.55,0.5,3,0.0730746012495874,0.01098901098901099,0.9042715484363082,4.725107431411743
BitcoinTransactions,31,14,7,0.55,0.5,4,0.0737211048092749,0.015384615384615385,0.9454614797864226,4.738934278488159
BitcoinTransactions,31,14,7,0.55,0.5,5,0.06010385029860776,0.01282051282051282,0.9007119247393847,4.755948305130005
BitcoinTransactions,31,14,8,0.6,0.5,1,0.060563529411164885,0.015384615384615385,0.907576913297737,4.7354161739349365
BitcoinTransactions,31,14,8,0.6,0.5,2,0.07481926744770964,0.01282051282051282,0.8391812865497076,4.613068342208862
BitcoinTransactions,31,14,8,0.6,0.5,3,0.07265956557402027,0.015384615384615385,0.6707348080345792,4.485430479049683
BitcoinTransactions,31,14,8,0.6,0.5,4,0.06431915972664846,0.0,0.8576150521230613,4.685665130615234
BitcoinTransactions,31,14,8,0.6,0.5,5,0.0799446724832318,0.01098901098901099,0.6971777269260107,4.525922775268555
BitcoinTransactions,31,14,8,0.65,0.5,1,0.0749586021378951,0.01282051282051282,0.9521993389270277,4.731839895248413
BitcoinTransactions,31,14,8,0.65,0.5,2,0.06141269752071481,0.0,0.8663869819476226,4.886841535568237
BitcoinTransactions,31,14,8,0.65,0.5,3,0.06653570710145962,0.03333333333333333,0.9777523518942284,4.95375394821167
BitcoinTransactions,31,14,8,0.65,0.5,4,0.065758210690695,0.0,0.8990592423086702,5.0525970458984375
BitcoinTransactions,31,14,8,0.65,0.5,5,0.07745708604411823,0.020833333333333332,0.8463005339435545,4.416855335235596
BitcoinTransactions,31,14,9,0.7,0.5,1,0.07672659259624101,0.0,0.8643529112636664,4.967393636703491
BitcoinTransactions,31,14,9,0.7,0.5,2,0.06669517420215133,0.0,0.8754131706076786,4.924192190170288
BitcoinTransactions,31,14,9,0.7,0.5,3,0.06740630613150358,0.0,0.8629544876684465,4.925321578979492
BitcoinTransactions,31,14,9,0.7,0.5,4,0.06949935548216778,0.01098901098901099,0.9336384439359268,4.871143102645874
BitcoinTransactions,31,14,9,0.7,0.5,5,0.07045068500438108,0.0,0.8516399694889397,4.735516309738159
BitcoinTransactions,31,14,10,0.75,0.5,1,0.07170708365459014,0.01098901098901099,0.9079583015509789,4.7182457447052
BitcoinTransactions,31,14,10,0.75,0.5,2,0.06862394972427198,0.019230769230769232,0.9176201372997712,4.71197772026062
BitcoinTransactions,31,14,10,0.75,0.5,3,0.06544438947696164,0.01282051282051282,0.907068395626748,4.732138156890869
BitcoinTransactions,31,14,10,0.75,0.5,4,0.060467464909476056,0.01282051282051282,0.9051614543605391,4.7347798347473145
BitcoinTransactions,31,14,10,0.75,0.5,5,0.07803113063765293,0.011904761904761904,0.9215611492499365,4.713573694229126
BitcoinTransactions,31,14,10,0.8,0.5,1,0.07178995068911871,0.03333333333333333,0.9363081617086194,4.695342779159546
BitcoinTransactions,31,14,10,0.8,0.5,2,0.07446550081252828,0.01282051282051282,0.8895245359776253,4.650707721710205
BitcoinTransactions,31,14,10,0.8,0.5,3,0.058791933722263955,0.0,0.9031273836765827,4.926821231842041
BitcoinTransactions,31,14,10,0.8,0.5,4,0.06673423189370753,0.015384615384615385,0.865624205441139,4.837365627288818
BitcoinTransactions,31,14,10,0.8,0.5,5,0.06091495864382191,0.0,0.886600559369438,4.843748092651367
BitcoinTransactions,31,14,11,0.85,0.5,1,0.06605362069420032,0.019230769230769232,0.9216882786676837,4.8994293212890625
BitcoinTransactions,31,14,11,0.85,0.5,2,0.08024604707033674,0.0,0.8630816170861938,4.766017913818359
BitcoinTransactions,31,14,11,0.85,0.5,3,0.06656710291096915,0.01098901098901099,0.914187643020595,4.756428480148315
BitcoinTransactions,31,14,11,0.85,0.5,4,0.06038332682998951,0.019230769230769232,0.8988049834731757,4.704266548156738
BitcoinTransactions,31,14,11,0.85,0.5,5,0.06405535052738619,0.0,0.8848207475209764,4.7128801345825195
BitcoinTransactions,31,14,12,0.9,0.5,1,0.06742642492476218,0.01282051282051282,0.8951182303585049,4.720096111297607
BitcoinTransactions,31,14,12,0.9,0.5,2,0.08010177682921807,0.0,0.8376557335367404,4.667611598968506
BitcoinTransactions,31,14,12,0.9,0.5,3,0.06603017641970767,0.0,0.6816679379608441,4.537895917892456
BitcoinTransactions,31,14,12,0.9,0.5,4,0.05801760265885621,0.0,0.952834986015764,4.81678032875061
BitcoinTransactions,31,14,12,0.9,0.5,5,0.06589965718671571,0.0,0.9056699720315281,4.858175754547119
BitcoinTransactions,31,14,12,0.95,0.5,1,0.06955792711985165,0.01098901098901099,0.9118993135011442,4.734879016876221
BitcoinTransactions,31,14,12,0.95,0.5,2,0.0606598270827653,0.015384615384615385,0.9079583015509789,4.892488479614258
BitcoinTransactions,31,14,12,0.95,0.5,3,0.06661170385320372,0.008547008547008548,0.9045258072718027,4.8565075397491455
BitcoinTransactions,31,14,12,0.95,0.5,4,0.07965267269781007,0.015384615384615385,0.935163996948894,4.838879108428955
BitcoinTransactions,31,14,12,0.95,0.5,5,0.06432273760273846,0.0,0.8868548182049326,5.001551389694214
BitcoinTransactions,31,14,13,1,0.5,1,0.06695301836047028,0.01282051282051282,0.9035087719298246,4.966111898422241
BitcoinTransactions,31,14,13,1,0.5,2,0.061395601723572564,0.027777777777777776,0.9290617848970252,4.904877424240112
BitcoinTransactions,31,14,13,1,0.5,3,0.06721704884857833,0.01098901098901099,0.9201627256547165,4.88052225112915
BitcoinTransactions,31,14,13,1,0.5,4,0.0730782303375339,0.01098901098901099,0.8988049834731757,4.563157320022583
BitcoinTransactions,31,14,13,1,0.5,5,0.06454158819767247,0.027777777777777776,0.9207983727434529,4.647523880004883
BitcoinTransactions,32,18,0,0,,1,0.07020565530311397,0.0,0.8740778427880946,
BitcoinTransactions,32,18,0,0,,2,0.08110777703619444,0.011764705882352941,0.6808700076316458,
BitcoinTransactions,32,18,0,0,,3,0.06531742150076031,0.007352941176470588,0.8683541083693717,
BitcoinTransactions,32,18,0,0,,4,0.06778677210450991,0.0,0.8771305011447469,
BitcoinTransactions,32,18,0,0,,5,0.08229138295447527,0.00980392156862745,0.9465784787585856,
BitcoinTransactions,32,18,0,0.01,0.5,1,0.07037872537385623,0.0,0.8525820401933351,4.669626474380493
BitcoinTransactions,32,18,0,0.01,0.5,2,0.06566302441931487,0.0,0.911218519460697,4.742358684539795
BitcoinTransactions,32,18,0,0.01,0.5,3,0.08233791019626435,0.00980392156862745,0.9388196387687612,4.675213813781738
BitcoinTransactions,32,18,0,0.01,0.5,4,0.06566241563234174,0.0,0.8343932841516154,4.657815933227539
BitcoinTransactions,32,18,0,0.01,0.5,5,0.06778311824058401,0.0,0.9062579496311371,4.740373134613037
BitcoinTransactions,32,18,1,0.05,0.5,1,0.06997268921798343,0.0,0.8805647417959807,4.635051250457764
BitcoinTransactions,32,18,1,0.05,0.5,2,0.06862164090465639,0.0,0.8838717883490206,4.865988254547119
BitcoinTransactions,32,18,1,0.05,0.5,3,0.0716471068152112,0.0,0.8796743831086238,4.892298698425293
BitcoinTransactions,32,18,1,0.05,0.5,4,0.0662654231117135,0.0,0.7177562961078606,4.669284105300903
BitcoinTransactions,32,18,1,0.05,0.5,5,0.06854138790976942,0.0,0.8833630119562452,4.946130275726318
BitcoinTransactions,32,18,2,0.1,0.5,1,0.07504518624946077,0.016666666666666666,0.9507758839989825,4.765300273895264
BitcoinTransactions,32,18,2,0.1,0.5,2,0.07158864678993695,0.0,0.8809463240905622,4.77104926109314
BitcoinTransactions,32,18,2,0.1,0.5,3,0.06520960356996766,0.0,0.9068939201221063,4.766664505004883
BitcoinTransactions,32,18,2,0.1,0.5,4,0.06756714535848689,0.0,0.8913762401424574,4.7327353954315186
BitcoinTransactions,32,18,2,0.1,0.5,5,0.06789622936315352,0.0,0.6788349020605444,4.5357747077941895
BitcoinTransactions,32,18,3,0.15,0.5,1,0.06175599081052225,0.0,0.8597049096921903,4.699814558029175
BitcoinTransactions,32,18,3,0.15,0.5,2,0.06816635915455727,0.0,0.8912490460442636,4.722820520401001
BitcoinTransactions,32,18,3,0.15,0.5,3,0.0724066342734201,0.0,0.8794199949122361,4.711602210998535
BitcoinTransactions,32,18,3,0.15,0.5,4,0.07021733934551956,0.0,0.6783261256677691,4.663088321685791
BitcoinTransactions,32,18,3,0.15,0.5,5,0.06435411187616549,0.0,0.8888323581785805,4.906163930892944
BitcoinTransactions,32,18,3,0.2,0.5,1,0.06502566258956721,0.0,0.9074026965148817,4.884514808654785
BitcoinTransactions,32,18,3,0.2,0.5,2,0.07053983033560514,0.006944444444444444,0.8983719155431188,4.79141902923584
BitcoinTransactions,32,18,3,0.2,0.5,3,0.07128770211266156,0.0,0.8834902060544391,4.925442695617676
BitcoinTransactions,32,18,3,0.2,0.5,4,0.06642092961717953,0.0,0.8581785805138642,4.879090785980225
BitcoinTransactions,32,18,3,0.2,0.5,5,0.07155349172086321,0.011764705882352941,0.8920122106334266,4.762420654296875
BitcoinTransactions,32,18,4,0.25,0.5,1,0.059226702544063946,0.0,0.9049860086491986,4.740737438201904
BitcoinTransactions,32,18,4,0.25,0.5,2,0.06746664009835772,0.0,0.8687356906639532,4.691594839096069
BitcoinTransactions,32,18,4,0.25,0.5,3,0.0658703082650981,0.00980392156862745,0.9337318748410074,4.702632904052734
BitcoinTransactions,32,18,4,0.25,0.5,4,0.07123775731974323,0.01282051282051282,0.9643856525057237,4.522063255310059
BitcoinTransactions,32,18,4,0.25,0.5,5,0.06543143986249143,0.0,0.8766217247519715,4.806751489639282
BitcoinTransactions,32,18,5,0.3,0.5,1,0.06642091239443897,0.0,0.8794199949122361,4.77111554145813
BitcoinTransactions,32,18,5,0.3,0.5,2,0.06224821786908106,0.0,0.8784024421266853,4.771535634994507
BitcoinTransactions,32,18,5,0.3,0.5,3,0.07496094231572217,0.00980392156862745,0.919358941745103,4.692373514175415
BitcoinTransactions,32,18,5,0.3,0.5,4,0.070210309203395,0.011764705882352941,0.9131264309336047,4.668525457382202
BitcoinTransactions,32,18,5,0.3,0.5,5,0.07573354600152397,0.0,0.8748410073772577,4.7256858348846436
BitcoinTransactions,32,18,6,0.35,0.5,1,0.0786152778715457,0.0,0.7211905367590944,4.620152235031128
BitcoinTransactions,32,18,6,0.35,0.5,2,0.07527280979533689,0.0,0.8508013228186212,4.848274230957031
BitcoinTransactions,32,18,6,0.35,0.5,3,0.07375230852801565,0.0,0.877003307046553,4.826775789260864
BitcoinTransactions,32,18,6,0.35,0.5,4,0.0686168492678281,0.007352941176470588,0.9094378020859832,4.768592119216919
BitcoinTransactions,32,18,6,0.35,0.5,5,0.06671520320407653,0.0,0.8766217247519715,4.569911003112793
BitcoinTransactions,32,18,7,0.4,0.5,1,0.073026499648859,0.013333333333333334,0.9286441109132536,4.633166790008545
BitcoinTransactions,32,18,7,0.4,0.5,2,0.0688505303639151,0.0,0.8801831595013991,4.70328426361084
BitcoinTransactions,32,18,7,0.4,0.5,3,0.08046805768044113,0.015625,0.9406003561434749,4.689387083053589
BitcoinTransactions,32,18,7,0.4,0.5,4,0.06149274008476885,0.0,0.8812007122869498,4.862619876861572
BitcoinTransactions,32,18,7,0.4,0.5,5,0.07374705230782452,0.00980392156862745,0.8855253116255406,4.659937620162964
BitcoinTransactions,32,18,8,0.45,0.5,1,0.07139856891421117,0.0,0.8412617654540829,4.7952399253845215
BitcoinTransactions,32,18,8,0.45,0.5,2,0.06042064839618808,0.0,0.9004070211142203,4.784258127212524
BitcoinTransactions,32,18,8,0.45,0.5,3,0.06488102184080193,0.0,0.8862884762147036,4.751127481460571
BitcoinTransactions,32,18,8,0.45,0.5,4,0.06230576506228292,0.0,0.8698804375476978,4.698453187942505
BitcoinTransactions,32,18,8,0.45,0.5,5,0.07183692346089122,0.00980392156862745,0.9058763673365556,4.719483375549316
BitcoinTransactions,32,18,8,0.5,0.5,1,0.05907155121060802,0.0,0.8576698041210887,4.6889379024505615
BitcoinTransactions,32,18,8,0.5,0.5,2,0.06072039438729947,0.0,0.8864156703128975,4.717480659484863
BitcoinTransactions,32,18,8,0.5,0.5,3,0.0657261990339625,0.02197802197802198,0.9099465784787586,4.7491455078125
BitcoinTransactions,32,18,8,0.5,0.5,4,0.06549021950153226,0.0,0.8833630119562452,4.894359111785889
BitcoinTransactions,32,18,8,0.5,0.5,5,0.0592073859648832,0.008403361344537815,0.9021877384889341,4.8568949699401855
BitcoinTransactions,32,18,9,0.55,0.5,1,0.058083938433149886,0.0,0.9188501653523277,4.961177110671997
BitcoinTransactions,32,18,9,0.55,0.5,2,0.06656944861830774,0.0,0.886034088018316,4.857467889785767
BitcoinTransactions,32,18,9,0.55,0.5,3,0.07819358090756122,0.0,0.8679725260747901,4.90141224861145
BitcoinTransactions,32,18,9,0.55,0.5,4,0.07447959207183945,0.0,0.8691172729585347,4.7433388233184814
BitcoinTransactions,32,18,9,0.55,0.5,5,0.06455225959935253,0.0,0.8916306283388451,4.7329511642456055
BitcoinTransactions,32,18,10,0.6,0.5,1,0.07090418102676099,0.0,0.8833630119562452,4.718907594680786
BitcoinTransactions,32,18,10,0.6,0.5,2,0.0673570467015714,0.0,0.9113457135588908,4.7469000816345215
BitcoinTransactions,32,18,10,0.6,0.5,3,0.06102820444881576,0.0,0.8474942762655813,4.682583332061768
BitcoinTransactions,32,18,10,0.6,0.5,4,0.06613470523037544,0.0,0.8653014500127194,4.676896810531616
BitcoinTransactions,32,18,10,0.6,0.5,5,0.07811701039324384,0.0,0.8384634952938184,4.823251247406006
BitcoinTransactions,32,18,11,0.65,0.5,1,0.06474981586193121,0.0,0.8663190027982701,4.730870723724365
BitcoinTransactions,32,18,11,0.65,0.5,2,0.06261305337503616,0.0,0.8443144238107352,4.719802141189575
BitcoinTransactions,32,18,11,0.65,0.5,3,0.07345048882837812,0.008403361344537815,0.9113457135588908,4.690476894378662
BitcoinTransactions,32,18,11,0.65,0.5,4,0.06423416493817008,0.0,0.8898499109641312,4.722010374069214
BitcoinTransactions,32,18,11,0.65,0.5,5,0.07983005213671983,0.0,0.8577969982192827,4.691565752029419
BitcoinTransactions,32,18,12,0.7,0.5,1,0.07112650533514847,0.0,0.8702620198422794,4.666778326034546
BitcoinTransactions,32,18,12,0.7,0.5,2,0.06911282585377482,0.009523809523809525,0.8806919358941745,4.537208557128906
BitcoinTransactions,32,18,12,0.7,0.5,3,0.06723671983816105,0.0,0.8547443398626303,4.661161661148071
BitcoinTransactions,32,18,12,0.7,0.5,4,0.07495952605883296,0.011764705882352941,0.9245738997710506,4.675559997558594
BitcoinTransactions,32,18,12,0.7,0.5,5,0.07260096243808901,0.0,0.868099720172984,4.691758871078491
BitcoinTransactions,32,18,13,0.75,0.5,1,0.07048360221468068,0.00980392156862745,0.9058763673365556,4.901905059814453
BitcoinTransactions,32,18,13,0.75,0.5,2,0.06358842526778129,0.0,0.881963876876113,4.874478340148926
BitcoinTransactions,32,18,13,0.75,0.5,3,0.06513280829320801,0.011904761904761904,0.8828542355634699,4.4695048332214355
BitcoinTransactions,32,18,13,0.75,0.5,4,0.0672723678103037,0.0,0.8865428644110913,4.957553386688232
BitcoinTransactions,32,18,13,0.75,0.5,5,0.06784098812045974,0.0,0.8911218519460697,4.801287889480591
BitcoinTransactions,32,18,14,0.8,0.5,1,0.06529124514211641,0.0,0.9194861358432969,4.787461757659912
BitcoinTransactions,32,18,14,0.8,0.5,2,0.061888547211073903,0.0,0.8960824217756296,4.742515325546265
BitcoinTransactions,32,18,14,0.8,0.5,3,0.06936806008089304,0.007352941176470588,0.8836174001526329,4.690444231033325
BitcoinTransactions,32,18,14,0.8,0.5,4,0.06796692715725688,0.0,0.8794199949122361,4.715970039367676
BitcoinTransactions,32,18,14,0.8,0.5,5,0.07598453914792484,0.0,0.8791656067158484,4.712974548339844
BitcoinTransactions,32,18,14,0.85,0.5,1,0.0758107442917089,0.015625,0.9235563469854998,4.705408334732056
BitcoinTransactions,32,18,14,0.85,0.5,2,0.08599504333566955,0.0125,0.9187229712541338,4.854412794113159
BitcoinTransactions,32,18,14,0.85,0.5,3,0.071742739394979,0.0,0.8758585601628085,4.903420686721802
BitcoinTransactions,32,18,14,0.85,0.5,4,0.08141277819059665,0.00980392156862745,0.95764436530145,4.837070465087891
BitcoinTransactions,32,18,14,0.85,0.5,5,0.05952103117782621,0.0,0.7024930043245994,4.619994163513184
BitcoinTransactions,32,18,15,0.9,0.5,1,0.07213578440877076,0.01904761904761905,0.919358941745103,4.501701831817627
BitcoinTransactions,32,18,15,0.9,0.5,2,0.059508443574020894,0.0,0.8725515136097685,4.707227945327759
BitcoinTransactions,32,18,15,0.9,0.5,3,0.06512925835941158,0.0,0.9150343424065124,4.760883808135986
BitcoinTransactions,32,18,15,0.9,0.5,4,0.07602713462956516,0.020833333333333332,0.9165606715848384,4.50860857963562
BitcoinTransactions,32,18,15,0.9,0.5,5,0.06847171645128677,0.011764705882352941,0.8992622742304757,4.677001476287842
BitcoinTransactions,32,18,16,0.95,0.5,1,0.06723299776591363,0.00980392156862745,0.9244467056728568,4.722468376159668
BitcoinTransactions,32,18,16,0.95,0.5,2,0.07221567981134552,0.0,0.6521241414398372,4.659129858016968
BitcoinTransactions,32,18,16,0.95,0.5,3,0.07816797275626675,0.0,0.8216738743322309,4.7873992919921875
BitcoinTransactions,32,18,16,0.95,0.5,4,0.06244344351015753,0.0,0.9060035614347495,4.9172303676605225
BitcoinTransactions,32,18,16,0.95,0.5,5,0.067203836906845,0.0,0.7261511065886543,4.76542067527771
BitcoinTransactions,32,18,17,1,0.5,1,0.07790783799888748,0.007352941176470588,0.8186212159755787,4.626004219055176
BitcoinTransactions,32,18,17,1,0.5,2,0.06353619998162198,0.0,0.8692444670567285,4.706705808639526
BitcoinTransactions,32,18,17,1,0.5,3,0.06364877085225497,0.0,0.888450775883999,4.718787431716919
BitcoinTransactions,32,18,17,1,0.5,4,0.06497045552549684,0.0,0.8625031798524548,4.689387083053589
BitcoinTransactions,32,18,17,1,0.5,5,0.07507473431103887,0.0,0.8747138132790638,4.699307203292847
BitcoinTransactions,33,14,0,0,,1,0.06670559510299029,0.0,0.9063056191202644,
BitcoinTransactions,33,14,0,0,,2,0.06804320121208687,0.0,0.8799898296465802,
BitcoinTransactions,33,14,0,0,,3,0.07901747525605186,0.015384615384615385,0.9533435036867531,
BitcoinTransactions,33,14,0,0,,4,0.05198701506478007,0.0,0.9551233155352149,
BitcoinTransactions,33,14,0,0,,5,0.07168853730177985,0.0,0.831299262649377,
BitcoinTransactions,33,14,0,0.01,0.5,1,0.07175573330780859,0.0,0.882278159166031,4.710601806640625
BitcoinTransactions,33,14,0,0.01,0.5,2,0.06739029021058915,0.009615384615384616,0.9066870073735063,4.622840166091919
BitcoinTransactions,33,14,0,0.01,0.5,3,0.06692557358996293,0.0,0.8962623951182304,5.042094469070435
BitcoinTransactions,33,14,0,0.01,0.5,4,0.06305520628132612,0.0,0.8830409356725146,4.900486707687378
BitcoinTransactions,33,14,0,0.01,0.5,5,0.06740243940087666,0.01098901098901099,0.8755403000254259,4.400627613067627
BitcoinTransactions,33,14,1,0.05,0.5,1,0.06962974830220643,0.01282051282051282,0.9078311721332316,4.882495403289795
BitcoinTransactions,33,14,1,0.05,0.5,2,0.06452145736882886,0.0,0.9117721840833969,4.813586711883545
BitcoinTransactions,33,14,1,0.05,0.5,3,0.06857307025585031,0.0,0.6619628782100178,4.5042243003845215
BitcoinTransactions,33,14,1,0.05,0.5,4,0.06509007195082284,0.0,0.901347571828121,4.728778600692749
BitcoinTransactions,33,14,1,0.05,0.5,5,0.06451480897793416,0.0,0.6147978642257819,4.486782789230347
BitcoinTransactions,33,14,1,0.1,0.5,1,0.07059101838804385,0.0,0.8774472412916349,4.6967856884002686
BitcoinTransactions,33,14,1,0.1,0.5,2,0.08055338255481274,0.0,0.8583778286295449,4.685869455337524
BitcoinTransactions,33,14,1,0.1,0.5,3,0.06747484678766344,0.0,0.6926010678871091,4.603846788406372
BitcoinTransactions,33,14,1,0.1,0.5,4,0.07188998417523125,0.015151515151515152,0.8808797355708111,4.746544599533081
BitcoinTransactions,33,14,1,0.1,0.5,5,0.06581881181394966,0.015873015873015872,0.9014747012458683,4.555978059768677
BitcoinTransactions,33,14,2,0.15,0.5,1,0.07347225371188541,0.0,0.859394863971523,4.8699116706848145
BitcoinTransactions,33,14,2,0.15,0.5,2,0.06489658087947428,0.0,0.859394863971523,4.860769510269165
BitcoinTransactions,33,14,2,0.15,0.5,3,0.06107404867696644,0.0,0.8710907704042715,4.7220518589019775
BitcoinTransactions,33,14,2,0.15,0.5,4,0.07238707096795469,0.01098901098901099,0.8271039918637173,4.602505922317505
BitcoinTransactions,33,14,2,0.15,0.5,5,0.07159301374145936,0.0,0.8674040172896008,4.7014994621276855
BitcoinTransactions,33,14,3,0.2,0.5,1,0.06639740919954283,0.0,0.8816425120772947,4.714267015457153
BitcoinTransactions,33,14,3,0.2,0.5,2,0.06417404355871327,0.0,0.9050343249427918,4.671170473098755
BitcoinTransactions,33,14,3,0.2,0.5,3,0.07616519940740214,0.015873015873015872,0.8826595474192728,4.598671913146973
BitcoinTransactions,33,14,3,0.2,0.5,4,0.06443819270215523,0.01282051282051282,0.8386727688787186,4.858692646026611
BitcoinTransactions,33,14,3,0.2,0.5,5,0.06823246531160788,0.0,0.8150266971777269,4.830690383911133
BitcoinTransactions,33,14,3,0.25,0.5,1,0.07890785593383356,0.019230769230769232,0.9685990338164251,4.824612855911255
BitcoinTransactions,33,14,3,0.25,0.5,2,0.07744171518455294,0.0,0.868421052631579,4.8705220222473145
BitcoinTransactions,33,14,3,0.25,0.5,3,0.062050153365576274,0.0,0.9438087973557081,4.88466215133667
BitcoinTransactions,33,14,3,0.25,0.5,4,0.0640024139499567,0.027777777777777776,0.9052885837782862,4.5918943881988525
BitcoinTransactions,33,14,3,0.25,0.5,5,0.0653953546935358,0.0,0.8862191711161963,4.696909427642822
BitcoinTransactions,33,14,4,0.3,0.5,1,0.08524935536858139,0.01282051282051282,0.7009916094584286,4.523207902908325
BitcoinTransactions,33,14,4,0.3,0.5,2,0.06410690199770963,0.0,0.909865242817188,4.602877616882324
BitcoinTransactions,33,14,4,0.3,0.5,3,0.060082075738757006,0.0,0.9135519959318587,4.74155068397522
BitcoinTransactions,33,14,4,0.3,0.5,4,0.07460233130809939,0.0,0.873251970505975,4.700783014297485
BitcoinTransactions,33,14,4,0.3,0.5,5,0.07942108366584685,0.0,0.8546910755148741,4.780030250549316
BitcoinTransactions,33,14,5,0.35,0.5,1,0.0700317807987343,0.012987012987012988,0.9084668192219679,4.7656333446502686
BitcoinTransactions,33,14,5,0.35,0.5,2,0.06215534281720336,0.0,0.9256292906178489,4.91920018196106
BitcoinTransactions,33,14,5,0.35,0.5,3,0.06650361236946256,0.014285714285714285,0.9041444190185609,4.526374816894531
BitcoinTransactions,33,14,5,0.35,0.5,4,0.06353583777408442,0.0,0.920416984490211,4.858031511306763
BitcoinTransactions,33,14,5,0.35,0.5,5,0.0720681311366014,0.0,0.8835494533435037,4.7712061405181885
BitcoinTransactions,33,14,5,0.4,0.5,1,0.07155757311878791,0.01282051282051282,0.9056699720315281,4.713550329208374
BitcoinTransactions,33,14,5,0.4,0.5,2,0.07499389664875197,0.0,0.8836765827612509,4.710408449172974
BitcoinTransactions,33,14,5,0.4,0.5,3,0.060234487469479875,0.0,0.9078311721332316,4.7351601123809814
BitcoinTransactions,33,14,5,0.4,0.5,4,0.07131950498386089,0.0,0.867022629036359,4.692109107971191
BitcoinTransactions,33,14,5,0.4,0.5,5,0.06004203918620693,0.0,0.8911772184083397,4.710122585296631
BitcoinTransactions,33,14,6,0.45,0.5,1,0.06851448841394861,0.01098901098901099,0.8918128654970761,4.516005039215088
BitcoinTransactions,33,14,6,0.45,0.5,2,0.05938559609232291,0.0,0.8888888888888888,4.884921550750732
BitcoinTransactions,33,14,6,0.45,0.5,3,0.07071601182026499,0.015151515151515152,0.8883803712178998,4.6595680713653564
BitcoinTransactions,33,14,6,0.45,0.5,4,0.06255321983144249,0.0,0.8703279938977879,4.832840442657471
BitcoinTransactions,33,14,6,0.45,0.5,5,0.07203675287749788,0.015384615384615385,0.9150775489448258,4.771913051605225
BitcoinTransactions,33,14,6,0.5,0.5,1,0.06538724697088355,0.0625,0.9911009407576913,4.660317659378052
BitcoinTransactions,33,14,6,0.5,0.5,2,0.07627784572570176,0.0,0.8710907704042715,4.713646411895752
BitcoinTransactions,33,14,6,0.5,0.5,3,0.0749787787375227,0.0,0.6885329265191965,4.563668489456177
BitcoinTransactions,33,14,6,0.5,0.5,4,0.06471639922046173,0.016666666666666666,0.8831680650902619,4.545125484466553
BitcoinTransactions,33,14,6,0.5,0.5,5,0.07005445909674306,0.0,0.8342232392575643,4.753781318664551
BitcoinTransactions,33,14,7,0.55,0.5,1,0.07378182034402828,0.0,0.881769641495042,4.772722959518433
BitcoinTransactions,33,14,7,0.55,0.5,2,0.07885622625563594,0.0,0.851767098906687,4.510483980178833
BitcoinTransactions,33,14,7,0.55,0.5,3,0.0593916712664771,0.0,0.8986778540554284,4.734468460083008
BitcoinTransactions,33,14,7,0.55,0.5,4,0.0705919936631278,0.0,0.8918128654970761,4.791366100311279
BitcoinTransactions,33,14,7,0.55,0.5,5,0.05376634972892189,0.0,0.9265191965420798,4.841648817062378
BitcoinTransactions,33,14,8,0.6,0.5,1,0.07387537177787513,0.0,0.8793541825578439,4.829571008682251
BitcoinTransactions,33,14,8,0.6,0.5,2,0.07397327116322829,0.0,0.8590134757182812,4.724535226821899
BitcoinTransactions,33,14,8,0.6,0.5,3,0.0686033169739337,0.0,0.876048817696415,4.711539268493652
BitcoinTransactions,33,14,8,0.6,0.5,4,0.06569159905000904,0.0,0.9005847953216374,4.740433216094971
BitcoinTransactions,33,14,8,0.6,0.5,5,0.07007566615461644,0.0,0.8461734045258072,4.867685079574585
BitcoinTransactions,33,14,8,0.65,0.5,1,0.06425920001319119,0.0,0.8490973811339944,4.794449806213379
BitcoinTransactions,33,14,8,0.65,0.5,2,0.06978127728131422,0.0,0.8743961352657005,4.789174556732178
BitcoinTransactions,33,14,8,0.65,0.5,3,0.06233866736015661,0.0,0.9169844902110348,4.755914926528931
BitcoinTransactions,33,14,8,0.65,0.5,4,0.08612972978687791,0.030303030303030304,0.931350114416476,4.607968330383301
BitcoinTransactions,33,14,8,0.65,0.5,5,0.0682314559393924,0.011904761904761904,0.9122807017543859,4.5837273597717285
BitcoinTransactions,33,14,9,0.7,0.5,1,0.06858082369368404,0.015384615384615385,0.9071955250444953,4.882714748382568
BitcoinTransactions,33,14,9,0.7,0.5,2,0.07228450030380766,0.0,0.8924485125858124,4.748704195022583
BitcoinTransactions,33,14,9,0.7,0.5,3,0.07341213220920265,0.0,0.8688024408848207,4.680025100708008
BitcoinTransactions,33,14,9,0.7,0.5,4,0.07107473614454346,0.0,0.8742690058479532,4.673372745513916
BitcoinTransactions,33,14,9,0.7,0.5,5,0.06953449011342039,0.0,0.8457920162725655,4.672577142715454
BitcoinTransactions,33,14,10,0.75,0.5,1,0.06560142973441957,0.0,0.8913043478260869,4.725999355316162
BitcoinTransactions,33,14,10,0.75,0.5,2,0.06496413253924066,0.0,0.868421052631579,4.852704286575317
BitcoinTransactions,33,14,10,0.75,0.5,3,0.06925412564070592,0.019230769230769232,0.9349097381133994,4.596355676651001
BitcoinTransactions,33,14,10,0.75,0.5,4,0.07014653350276202,0.0,0.8873633358759216,4.765105485916138
BitcoinTransactions,33,14,10,0.75,0.5,5,0.07042671633695556,0.0,0.8850750063564709,4.712002754211426
BitcoinTransactions,33,14,10,0.8,0.5,1,0.06660454025654196,0.0,0.8768115942028986,4.711712121963501
BitcoinTransactions,33,14,10,0.8,0.5,2,0.06440471844301486,0.0,0.9296974319857615,4.934328556060791
BitcoinTransactions,33,14,10,0.8,0.5,3,0.076926702018137,0.0,0.8490973811339944,4.80764102935791
BitcoinTransactions,33,14,10,0.8,0.5,4,0.07350369231575747,0.0,0.8621917111619629,4.792720556259155
BitcoinTransactions,33,14,10,0.8,0.5,5,0.06624931948155903,0.0,0.881769641495042,4.745817184448242
BitcoinTransactions,33,14,11,0.85,0.5,1,0.06491445643976308,0.0,0.8511314518179507,4.62886118888855
BitcoinTransactions,33,14,11,0.85,0.5,2,0.06744072017587219,0.0,0.879862700228833,4.716455698013306
BitcoinTransactions,33,14,11,0.85,0.5,3,0.07169542313210256,0.0,0.8840579710144928,4.7413671016693115
BitcoinTransactions,33,14,11,0.85,0.5,4,0.07136054678517699,0.0,0.8873633358759216,4.709749460220337
BitcoinTransactions,33,14,11,0.85,0.5,5,0.06583762685946368,0.0,0.8672768878718535,4.81769871711731
BitcoinTransactions,33,14,12,0.9,0.5,1,0.06283654719932037,0.0,0.8569794050343249,4.822555065155029
BitcoinTransactions,33,14,12,0.9,0.5,2,0.0681030649929867,0.0,0.9050343249427918,4.825484991073608
BitcoinTransactions,33,14,12,0.9,0.5,3,0.06699263250113152,0.015384615384615385,0.9271548436308161,4.72574520111084
BitcoinTransactions,33,14,12,0.9,0.5,4,0.0574665413127607,0.0,0.8751589117721841,4.7186279296875
BitcoinTransactions,33,14,12,0.9,0.5,5,0.06707875480908636,0.0,0.9206712433257056,4.767271041870117
BitcoinTransactions,33,14,12,0.95,0.5,1,0.06096604570812282,0.015384615384615385,0.958047292143402,4.865494728088379
BitcoinTransactions,33,14,12,0.95,0.5,2,0.07014317111907374,0.0,0.8592677345537757,4.853900909423828
BitcoinTransactions,33,14,12,0.95,0.5,3,0.06668428123233923,0.015384615384615385,0.8539282990083905,4.658203363418579
BitcoinTransactions,33,14,12,0.95,0.5,4,0.05661882531938386,0.0,0.9019832189168574,4.778157711029053
BitcoinTransactions,33,14,12,0.95,0.5,5,0.07658363171394084,0.015384615384615385,0.906559877955759,4.709436655044556
BitcoinTransactions,33,14,13,1,0.5,1,0.08188443179664613,0.0,0.8546910755148741,4.687297105789185
BitcoinTransactions,33,14,13,1,0.5,2,0.061726587053155035,0.0,0.864607170099161,4.800387382507324
BitcoinTransactions,33,14,13,1,0.5,3,0.06659543440911539,0.0,0.8769387236206458,4.923711776733398
BitcoinTransactions,33,14,13,1,0.5,4,0.06369714999552933,0.0,0.84464785151284,4.534092903137207
BitcoinTransactions,33,14,13,1,0.5,5,0.07547237400774504,0.04081632653061224,0.9110094075769133,4.598311185836792
BitcoinTransactions,34,14,0,0,,1,0.0724540383553437,0.037037037037037035,0.9539791507754894,
BitcoinTransactions,34,14,0,0,,2,0.06905730098563906,0.027777777777777776,0.949021103483346,
BitcoinTransactions,34,14,0,0,,3,0.05944945919132687,0.018518518518518517,0.9571573862191711,
BitcoinTransactions,34,14,0,0,,4,0.06621082589924,0.018518518518518517,0.9350368675311467,
BitcoinTransactions,34,14,0,0,,5,0.05900088397228542,0.037037037037037035,0.969488939740656,
BitcoinTransactions,34,14,0,0.01,0.5,1,0.06735879157608912,0.05555555555555555,0.9731756928553267,4.798872470855713
BitcoinTransactions,34,14,0,0.01,0.5,2,0.07943957342332104,0.023809523809523808,0.9538520213577422,4.715375661849976
BitcoinTransactions,34,14,0,0.01,0.5,3,0.07678956779872154,0.023809523809523808,0.937070938215103,4.6983935832977295
BitcoinTransactions,34,14,0,0.01,0.5,4,0.06536037364069669,0.03125,0.9863971523010424,4.696598291397095
BitcoinTransactions,34,14,0,0.01,0.5,5,0.07095767369486847,0.03125,0.935163996948894,4.673393249511719
BitcoinTransactions,34,14,1,0.05,0.5,1,0.07898572560271391,0.018518518518518517,0.6716247139588101,4.758402109146118
BitcoinTransactions,34,14,1,0.05,0.5,2,0.06534761486182795,0.031746031746031744,0.9772438342232392,4.721606492996216
BitcoinTransactions,34,14,1,0.05,0.5,3,0.0667796160802185,0.061224489795918366,0.6750572082379863,4.529041051864624
BitcoinTransactions,34,14,1,0.05,0.5,4,0.08486770921607661,0.015873015873015872,0.7086193745232647,4.49623966217041
BitcoinTransactions,34,14,1,0.05,0.5,5,0.07710666895116257,0.07142857142857142,0.9619883040935673,4.689487457275391
BitcoinTransactions,34,14,1,0.1,0.5,1,0.06630405065432794,0.05555555555555555,0.9834731756928553,4.703346014022827
BitcoinTransactions,34,14,1,0.1,0.5,2,0.0721029005478834,0.027777777777777776,0.9632595982710399,4.810964822769165
BitcoinTransactions,34,14,1,0.1,0.5,3,0.06777453104369828,0.037037037037037035,0.9519450800915332,4.77446436882019
BitcoinTransactions,34,14,1,0.1,0.5,4,0.05749828462806522,0.022222222222222223,0.5956013221459445,4.503927707672119
BitcoinTransactions,34,14,1,0.1,0.5,5,0.06780036042582346,0.037037037037037035,0.9455886092041699,4.697241306304932
BitcoinTransactions,34,14,2,0.15,0.5,1,0.06807783450688687,0.05555555555555555,0.9658021866259853,4.704784870147705
BitcoinTransactions,34,14,2,0.15,0.5,2,0.06295481198176049,0.027777777777777776,0.9276633613018053,4.707611560821533
BitcoinTransactions,34,14,2,0.15,0.5,3,0.07277948524133353,0.022222222222222223,0.9115179252479023,4.665380954742432
BitcoinTransactions,34,14,2,0.15,0.5,4,0.07761739787150475,0.017857142857142856,0.9162217137045512,4.658019065856934
BitcoinTransactions,34,14,2,0.15,0.5,5,0.06592401298414809,0.031746031746031744,0.9510551741673023,4.7941014766693115
BitcoinTransactions,34,14,3,0.2,0.5,1,0.06358823855126444,0.0,0.9289346554792779,4.931162118911743
BitcoinTransactions,34,14,3,0.2,0.5,2,0.07204937446057494,0.044444444444444446,0.9496567505720824,4.900696039199829
BitcoinTransactions,34,14,3,0.2,0.5,3,0.06616572895171172,0.031746031746031744,0.9382151029748284,4.889807224273682
BitcoinTransactions,34,14,3,0.2,0.5,4,0.05800965748491781,0.044444444444444446,0.9815662344266464,4.896667003631592
BitcoinTransactions,34,14,3,0.2,0.5,5,0.07201562845882345,0.031746031746031744,0.7832443427409103,4.612133979797363
BitcoinTransactions,34,14,3,0.25,0.5,1,0.06483051255117686,0.018518518518518517,0.937070938215103,4.952054023742676
BitcoinTransactions,34,14,3,0.25,0.5,2,0.06774348526928275,0.025,0.987159928807526,5.103824138641357
BitcoinTransactions,34,14,3,0.25,0.5,3,0.07504474044879118,0.024691358024691357,0.7641749300788202,4.898393392562866
BitcoinTransactions,34,14,3,0.25,0.5,4,0.07746294873716528,0.013888888888888888,0.800788202390033,4.890517234802246
BitcoinTransactions,34,14,3,0.25,0.5,5,0.07681190640156325,0.037037037037037035,0.7051868802440885,4.675527334213257
BitcoinTransactions,34,14,4,0.3,0.5,1,0.07861018314233799,0.017857142857142856,0.9513094330027968,4.905532360076904
BitcoinTransactions,34,14,4,0.3,0.5,2,0.061530664362770625,0.046875,0.9566488685481821,4.831566095352173
BitcoinTransactions,34,14,4,0.3,0.5,3,0.06546427319780826,0.031746031746031744,0.9467327739638952,4.919963359832764
BitcoinTransactions,34,14,4,0.3,0.5,4,0.06603881321598665,0.017857142857142856,0.9178743961352657,4.628093719482422
BitcoinTransactions,34,14,4,0.3,0.5,5,0.0679158542910607,0.02857142857142857,0.9665649631324689,4.636895179748535
BitcoinTransactions,34,14,5,0.35,0.5,1,0.06607430225753766,0.047619047619047616,0.9874141876430206,4.611835241317749
BitcoinTransactions,34,14,5,0.35,0.5,2,0.0658362571134706,0.05555555555555555,0.9748283752860412,4.737492561340332
BitcoinTransactions,34,14,5,0.35,0.5,3,0.06570405872764509,0.037037037037037035,0.9424103737604882,4.797615051269531
BitcoinTransactions,34,14,5,0.35,0.5,4,0.06726338210917364,0.027777777777777776,0.9511823035850496,4.890127658843994
BitcoinTransactions,34,14,5,0.35,0.5,5,0.07263003330951634,0.031746031746031744,0.9514365624205441,4.89288330078125
BitcoinTransactions,34,14,5,0.4,0.5,1,0.05236672956410636,0.016666666666666666,0.9734299516908212,4.899726867675781
BitcoinTransactions,34,14,5,0.4,0.5,2,0.061656126679456066,0.05555555555555555,0.9914823290109331,4.954095840454102
BitcoinTransactions,34,14,5,0.4,0.5,3,0.0686787087967715,0.03571428571428571,0.984744469870328,4.902156829833984
BitcoinTransactions,34,14,5,0.4,0.5,4,0.07080081825074218,0.03571428571428571,0.9192728197304856,4.889495134353638
BitcoinTransactions,34,14,5,0.4,0.5,5,0.06330692224517893,0.01818181818181818,0.9434274091024664,4.980124473571777
BitcoinTransactions,34,14,6,0.45,0.5,1,0.07068830606196178,0.0,0.7799389778794813,4.796943187713623
BitcoinTransactions,34,14,6,0.45,0.5,2,0.06733884241257898,0.07142857142857142,0.968980422069667,4.653871059417725
BitcoinTransactions,34,14,6,0.45,0.5,3,0.07761510347431812,0.041666666666666664,0.948004068141368,4.669365644454956
BitcoinTransactions,34,14,6,0.45,0.5,4,0.06724484479185465,0.027777777777777776,0.9881769641495042,4.6740148067474365
BitcoinTransactions,34,14,6,0.45,0.5,5,0.06447837722759038,0.015873015873015872,0.9445715738621917,4.769408464431763
BitcoinTransactions,34,14,6,0.5,0.5,1,0.07802260223182833,0.05357142857142857,0.9569031273836766,4.447098970413208
BitcoinTransactions,34,14,6,0.5,0.5,2,0.07299122120710543,0.015873015873015872,0.7025171624713958,4.53315806388855
BitcoinTransactions,34,14,6,0.5,0.5,3,0.06116492039327191,0.05,0.9658021866259853,4.93534517288208
BitcoinTransactions,34,14,6,0.5,0.5,4,0.06949255536043022,0.041666666666666664,0.9302059496567505,4.995271921157837
BitcoinTransactions,34,14,6,0.5,0.5,5,0.06767898938878295,0.05,0.9819476226798881,4.953922271728516
BitcoinTransactions,34,14,7,0.55,0.5,1,0.07195746614437101,0.024691358024691357,0.9495296211543351,4.946489334106445
BitcoinTransactions,34,14,7,0.55,0.5,2,0.08509874372616724,0.047619047619047616,0.9894482583269769,4.613125801086426
BitcoinTransactions,34,14,7,0.55,0.5,3,0.05863706053238741,0.015151515151515152,0.9652936689549961,4.937645673751831
BitcoinTransactions,34,14,7,0.55,0.5,4,0.07125305028492496,0.03333333333333333,0.9478769387236207,4.8774683475494385
BitcoinTransactions,34,14,7,0.55,0.5,5,0.06295978069378905,0.047619047619047616,0.9257564200355962,4.793491363525391
BitcoinTransactions,34,14,8,0.6,0.5,1,0.06850146189545565,0.022727272727272728,0.9307144673277397,4.454653978347778
BitcoinTransactions,34,14,8,0.6,0.5,2,0.06629976607716441,0.031746031746031744,0.937070938215103,4.716395139694214
BitcoinTransactions,34,14,8,0.6,0.5,3,0.060880252372062495,0.044444444444444446,0.9692346809051614,4.693483591079712
BitcoinTransactions,34,14,8,0.6,0.5,4,0.0735612708139759,0.07142857142857142,0.9884312229849987,4.671005964279175
BitcoinTransactions,34,14,8,0.6,0.5,5,0.07116393237427636,0.017857142857142856,0.9406305619120264,4.713811635971069
BitcoinTransactions,34,14,8,0.65,0.5,1,0.06035353044329165,0.037037037037037035,0.9727943046020849,4.717239141464233
BitcoinTransactions,34,14,8,0.65,0.5,2,0.07588070105190298,0.05714285714285714,0.9862700228832952,4.723632097244263
BitcoinTransactions,34,14,8,0.65,0.5,3,0.07426499014832538,0.04081632653061224,0.9538520213577422,4.915389060974121
BitcoinTransactions,34,14,8,0.65,0.5,4,0.0665436073102002,0.027777777777777776,0.9344012204424104,4.878435850143433
BitcoinTransactions,34,14,8,0.65,0.5,5,0.06563155868247432,0.044444444444444446,0.9825832697686244,4.798785209655762
BitcoinTransactions,34,14,9,0.7,0.5,1,0.06134832595338872,0.02,0.9693618103229087,5.007126331329346
BitcoinTransactions,34,14,9,0.7,0.5,2,0.07277777043880869,0.0625,0.9880498347317569,4.917453765869141
BitcoinTransactions,34,14,9,0.7,0.5,3,0.07637095449613834,0.044444444444444446,0.9576659038901602,4.88805627822876
BitcoinTransactions,34,14,9,0.7,0.5,4,0.05844817479127337,0.031746031746031744,0.973302822273074,4.906332969665527
BitcoinTransactions,34,14,9,0.7,0.5,5,0.08125461304776267,0.02040816326530612,0.9333841851004322,4.693512439727783
BitcoinTransactions,34,14,10,0.75,0.5,1,0.05838165664337371,0.027777777777777776,0.9773709636409865,4.754553556442261
BitcoinTransactions,34,14,10,0.75,0.5,2,0.07484786749148464,0.046875,0.9427917620137299,4.550137996673584
BitcoinTransactions,34,14,10,0.75,0.5,3,0.06731076116550554,0.044444444444444446,0.9612255275870837,4.733831882476807
BitcoinTransactions,34,14,10,0.75,0.5,4,0.07151015939244772,0.047619047619047616,0.9521993389270277,4.70350456237793
BitcoinTransactions,34,14,10,0.75,0.5,5,0.07248337582881158,0.05,0.9602084922451055,4.643683433532715
BitcoinTransactions,34,14,10,0.8,0.5,1,0.07299335266565347,0.041666666666666664,0.9551233155352149,4.699942350387573
BitcoinTransactions,34,14,10,0.8,0.5,2,0.0710201709889611,0.027777777777777776,0.9257564200355962,4.864242315292358
BitcoinTransactions,34,14,10,0.8,0.5,3,0.07186507935770907,0.025,0.9458428680396643,4.963645935058594
BitcoinTransactions,34,14,10,0.8,0.5,4,0.07724861831366786,0.025,0.7557843885075006,4.647321462631226
BitcoinTransactions,34,14,10,0.8,0.5,5,0.0643131804450997,0.037037037037037035,0.9572845156369184,4.878281831741333
BitcoinTransactions,34,14,11,0.85,0.5,1,0.07138488385148299,0.05555555555555555,0.9944063056191202,4.9276204109191895
BitcoinTransactions,34,14,11,0.85,0.5,2,0.0653315767727062,0.05,0.9865242817187897,4.887340545654297
BitcoinTransactions,34,14,11,0.85,0.5,3,0.0716911430941517,0.044444444444444446,0.9551233155352149,4.7989821434021
BitcoinTransactions,34,14,11,0.85,0.5,4,0.0736993849538174,0.022222222222222223,0.9532163742690059,4.745573282241821
BitcoinTransactions,34,14,11,0.85,0.5,5,0.07515667244686391,0.047619047619047616,0.9607170099160945,4.623830556869507
BitcoinTransactions,34,14,12,0.9,0.5,1,0.058815806165672224,0.018518518518518517,0.9731756928553267,4.741848468780518
BitcoinTransactions,34,14,12,0.9,0.5,2,0.06240952030051516,0.022222222222222223,0.952834986015764,4.716815233230591
BitcoinTransactions,34,14,12,0.9,0.5,3,0.06383996129262073,0.037037037037037035,0.9539791507754894,4.722970247268677
BitcoinTransactions,34,14,12,0.9,0.5,4,0.06692193892564414,0.05357142857142857,0.9810577167556572,4.702931642532349
BitcoinTransactions,34,14,12,0.9,0.5,5,0.06837296983523533,0.05357142857142857,0.9444444444444444,4.593333005905151
BitcoinTransactions,34,14,12,0.95,0.5,1,0.07256275867624729,0.031746031746031744,0.9328756674294432,4.858994007110596
BitcoinTransactions,34,14,12,0.95,0.5,2,0.07919787111411422,0.04081632653061224,0.9612255275870837,4.556824445724487
BitcoinTransactions,34,14,12,0.95,0.5,3,0.06029805950410703,0.017857142857142856,0.9491482329010933,4.694820404052734
BitcoinTransactions,34,14,12,0.95,0.5,4,0.07074259617615596,0.03571428571428571,0.9553775743707094,4.606233358383179
BitcoinTransactions,34,14,12,0.95,0.5,5,0.07278182890838206,0.05,0.9579201627256547,4.719678640365601
BitcoinTransactions,34,14,13,1,0.5,1,0.06420865597055464,0.016666666666666666,0.8811339944063056,4.872538328170776
BitcoinTransactions,34,14,13,1,0.5,2,0.06206427877082178,0.041666666666666664,0.97953216374269,4.911290407180786
BitcoinTransactions,34,14,13,1,0.5,3,0.0699103934762041,0.022222222222222223,0.9575387744724129,4.894406318664551
BitcoinTransactions,34,14,13,1,0.5,4,0.07979808213872637,0.027777777777777776,0.8067632850241546,4.6496422290802
BitcoinTransactions,34,14,13,1,0.5,5,0.06888621462460841,0.03571428571428571,0.9614797864225781,4.807454586029053
BitcoinTransactions,35,17,0,0,,1,0.07740051272566974,0.0,0.8528551443469413,
BitcoinTransactions,35,17,0,0,,2,0.07044559010372903,0.0,0.8815973546992242,
BitcoinTransactions,35,17,0,0,,3,0.0650614500447007,0.0,0.8616304209589215,
BitcoinTransactions,35,17,0,0,,4,0.06318001928686597,0.0,0.8856670482004324,
BitcoinTransactions,35,17,0,0,,5,0.0706258627285971,0.0,0.8794353300267074,
BitcoinTransactions,35,17,0,0.01,0.5,1,0.07739334110737756,0.0,0.8728220780872441,4.781027793884277
BitcoinTransactions,35,17,0,0.01,0.5,2,0.06598726817422794,0.0,0.8836322014498283,4.767075300216675
BitcoinTransactions,35,17,0,0.01,0.5,3,0.06993533109530262,0.0,0.8833778456060027,4.720386505126953
BitcoinTransactions,35,17,0,0.01,0.5,4,0.06736200494568804,0.0,0.8669718936792573,4.6941914558410645
BitcoinTransactions,35,17,0,0.01,0.5,5,0.07439299020072535,0.0,0.8813429988553987,4.714025497436523
BitcoinTransactions,35,17,1,0.05,0.5,1,0.06706605831808685,0.0,0.8767645936665395,4.693015813827515
BitcoinTransactions,35,17,1,0.05,0.5,2,0.07156739200262789,0.0,0.8592140404425792,4.678936719894409
BitcoinTransactions,35,17,1,0.05,0.5,3,0.07142314655648001,0.0,0.8906269871550299,4.705419063568115
BitcoinTransactions,35,17,1,0.05,0.5,4,0.07332264062376934,0.0,0.8871931832633855,4.7798638343811035
BitcoinTransactions,35,17,1,0.05,0.5,5,0.060587726145937014,0.0,0.8808342871677477,4.8758063316345215
BitcoinTransactions,35,17,2,0.1,0.5,1,0.0701028068646023,0.01818181818181818,0.9300521429479842,4.740621089935303
BitcoinTransactions,35,17,2,0.1,0.5,2,0.06771165633975819,0.008928571428571428,0.8692610962736869,4.707419157028198
BitcoinTransactions,35,17,2,0.1,0.5,3,0.06851459544173127,0.0,0.910339565051507,4.8637542724609375
BitcoinTransactions,35,17,2,0.1,0.5,4,0.0736571735780258,0.0,0.8737123235406333,4.7758989334106445
BitcoinTransactions,35,17,2,0.1,0.5,5,0.07799858154913852,0.0,0.848912628767646,4.724960565567017
BitcoinTransactions,35,17,2,0.15,0.5,1,0.07411201354366354,0.0,0.8818517105430497,4.675086975097656
BitcoinTransactions,35,17,2,0.15,0.5,2,0.07391570430121226,0.0,0.8840137352155666,4.575949668884277
BitcoinTransactions,35,17,2,0.15,0.5,3,0.06666767637707217,0.0,0.8887193183263385,4.713180780410767
BitcoinTransactions,35,17,2,0.15,0.5,4,0.07025222098283712,0.010416666666666666,0.9085590741447285,4.711291551589966
BitcoinTransactions,35,17,2,0.15,0.5,5,0.06800022764119724,0.0,0.8706600534147272,4.698267698287964
BitcoinTransactions,35,17,3,0.2,0.5,1,0.06485638749745104,0.0,0.9075416507694264,4.736414194107056
BitcoinTransactions,35,17,3,0.2,0.5,2,0.06466496136106697,0.0,0.8696426300394251,4.762083292007446
BitcoinTransactions,35,17,3,0.2,0.5,3,0.06398402227865604,0.0,0.8866844715757345,4.874377965927124
BitcoinTransactions,35,17,3,0.2,0.5,4,0.06397493876040784,0.0,0.8648098690067404,4.856381893157959
BitcoinTransactions,35,17,3,0.2,0.5,5,0.06909838232833158,0.0,0.8849039806689558,4.900653839111328
BitcoinTransactions,35,17,4,0.25,0.5,1,0.07802250835072155,0.0,0.8518377209716393,4.811454772949219
BitcoinTransactions,35,17,4,0.25,0.5,2,0.06904160996199307,0.0,0.8868116494976472,4.887622117996216
BitcoinTransactions,35,17,4,0.25,0.5,3,0.06517871894745837,0.0,0.9014371105176141,4.967836141586304
BitcoinTransactions,35,17,4,0.25,0.5,4,0.06323484019906304,0.0,0.8752384586035864,4.919369459152222
BitcoinTransactions,35,17,4,0.25,0.5,5,0.05986577134912459,0.0,0.9116113442706346,4.848011255264282
BitcoinTransactions,35,17,5,0.3,0.5,1,0.06452730877966717,0.0,0.9283988299631184,4.793931722640991
BitcoinTransactions,35,17,5,0.3,0.5,2,0.06451786359576424,0.0,0.667048200432405,4.553454160690308
BitcoinTransactions,35,17,5,0.3,0.5,3,0.058176201806039,0.0,0.876510237822714,4.718742847442627
BitcoinTransactions,35,17,5,0.3,0.5,4,0.07171458134572807,0.0,0.8812158209334859,4.72686505317688
BitcoinTransactions,35,17,5,0.3,0.5,5,0.08676438863475729,0.0078125,0.7260587561999237,4.532243251800537
BitcoinTransactions,35,17,6,0.35,0.5,1,0.059659252180969215,0.0125,0.9375556403408368,4.75851035118103
BitcoinTransactions,35,17,6,0.35,0.5,2,0.05364166581251632,0.0,0.9121200559582856,4.777939081192017
BitcoinTransactions,35,17,6,0.35,0.5,3,0.06218560174845679,0.0,0.8804527534020095,4.978899717330933
BitcoinTransactions,35,17,6,0.35,0.5,4,0.06662640970254577,0.0078125,0.897367417016406,4.9978978633880615
BitcoinTransactions,35,17,6,0.35,0.5,5,0.06673789957019427,0.0,0.8609945313493578,4.981928586959839
BitcoinTransactions,35,17,6,0.4,0.5,1,0.06476843923906196,0.0,0.9194963754292255,4.961742639541626
BitcoinTransactions,35,17,6,0.4,0.5,2,0.08156431926206467,0.015384615384615385,0.8726949001653312,4.73038387298584
BitcoinTransactions,35,17,6,0.4,0.5,3,0.07194846201829479,0.0,0.866590359913519,4.624565362930298
BitcoinTransactions,35,17,6,0.4,0.5,4,0.07282999591588785,0.0,0.5908686252066642,4.641042232513428
BitcoinTransactions,35,17,6,0.4,0.5,5,0.07762161422932948,0.0,0.8805799313239222,4.709185838699341
BitcoinTransactions,35,17,7,0.45,0.5,1,0.0584321937662191,0.0,0.9151723260841917,4.679666519165039
BitcoinTransactions,35,17,7,0.45,0.5,2,0.06434599036180247,0.0,0.88325066768409,4.717336893081665
BitcoinTransactions,35,17,7,0.45,0.5,3,0.07268073386560292,0.010416666666666666,0.8738395014625461,4.602311611175537
BitcoinTransactions,35,17,7,0.45,0.5,4,0.0775455136030616,0.0,0.8603586417397939,4.6823296546936035
BitcoinTransactions,35,17,7,0.45,0.5,5,0.08149183084585875,0.0,0.8538725677222434,4.677801609039307
BitcoinTransactions,35,17,8,0.5,0.5,1,0.06537338298827486,0.0,0.8804527534020095,4.71913480758667
BitcoinTransactions,35,17,8,0.5,0.5,2,0.07019981751332631,0.0,0.8823604222307008,4.863619089126587
BitcoinTransactions,35,17,8,0.5,0.5,3,0.06544823056246371,0.0,0.8779091949637543,4.860677003860474
BitcoinTransactions,35,17,8,0.5,0.5,4,0.06519253608433435,0.0,0.9206409767264403,4.90811562538147
BitcoinTransactions,35,17,8,0.5,0.5,5,0.07497180754587293,0.0,0.8684980287422104,4.799635410308838
BitcoinTransactions,35,17,9,0.55,0.5,1,0.0658364777946324,0.0,0.8929161897494595,4.882938623428345
BitcoinTransactions,35,17,9,0.55,0.5,2,0.06689772250835331,0.0,0.8799440417143584,4.831920623779297
BitcoinTransactions,35,17,9,0.55,0.5,3,0.05664585352797714,0.0,0.9526898130484548,4.860309600830078
BitcoinTransactions,35,17,9,0.55,0.5,4,0.07250163816964486,0.010416666666666666,0.9055068040188223,4.72631573677063
BitcoinTransactions,35,17,9,0.55,0.5,5,0.0614422450639917,0.0,0.872313366399593,4.700082063674927
BitcoinTransactions,35,17,10,0.6,0.5,1,0.0682440933556533,0.0,0.8696426300394251,4.557534217834473
BitcoinTransactions,35,17,10,0.6,0.5,2,0.07413366695409647,0.0078125,0.8873203611852982,4.6979804039001465
BitcoinTransactions,35,17,10,0.6,0.5,3,0.06596597531068249,0.0,0.846750604095129,4.680393218994141
BitcoinTransactions,35,17,10,0.6,0.5,4,0.057548000568616996,0.010416666666666666,0.8767645936665395,4.709571838378906
BitcoinTransactions,35,17,10,0.6,0.5,5,0.06336925706911929,0.0,0.929670609182246,4.714197874069214
BitcoinTransactions,35,17,10,0.65,0.5,1,0.06305490404973209,0.0,0.8840137352155666,4.880181789398193
BitcoinTransactions,35,17,10,0.65,0.5,2,0.06771742439289913,0.0,0.8826147780745263,4.886192321777344
BitcoinTransactions,35,17,10,0.65,0.5,3,0.06427070935971524,0.0,0.920768154648353,4.946647644042969
BitcoinTransactions,35,17,10,0.65,0.5,4,0.0700176373218308,0.008333333333333333,0.9015642884395269,4.804861068725586
BitcoinTransactions,35,17,10,0.65,0.5,5,0.07515067494541605,0.0,0.8813429988553987,4.8535284996032715
BitcoinTransactions,35,17,11,0.7,0.5,1,0.06580777783461374,0.0,0.8805799313239222,4.856977701187134
BitcoinTransactions,35,17,11,0.7,0.5,2,0.06103714898301962,0.0,0.9024545338929162,4.92650842666626
BitcoinTransactions,35,17,11,0.7,0.5,3,0.06629078279616392,0.0,0.876510237822714,4.903580665588379
BitcoinTransactions,35,17,11,0.7,0.5,4,0.05849865235537505,0.0,0.9165712832252321,4.839481830596924
BitcoinTransactions,35,17,11,0.7,0.5,5,0.07403886783912636,0.008928571428571428,0.85094747551825,4.701901435852051
BitcoinTransactions,35,17,12,0.75,0.5,1,0.07391680488716024,0.0,0.8821060663868753,4.733078718185425
BitcoinTransactions,35,17,12,0.75,0.5,2,0.06693554269237513,0.0,0.9342490143711052,4.791736125946045
BitcoinTransactions,35,17,12,0.75,0.5,3,0.0714249752237639,0.0,0.8445885794226122,4.689943313598633
BitcoinTransactions,35,17,12,0.75,0.5,4,0.067986778455544,0.0,0.869769807961338,4.713135242462158
BitcoinTransactions,35,17,12,0.75,0.5,5,0.06010382652754148,0.0,0.920768154648353,4.708695888519287
BitcoinTransactions,35,17,13,0.8,0.5,1,0.07013726632300421,0.0,0.8725677222434185,4.479118824005127
BitcoinTransactions,35,17,13,0.8,0.5,2,0.07361878471837985,0.0,0.8840137352155666,4.85835075378418
BitcoinTransactions,35,17,13,0.8,0.5,3,0.07248476527493362,0.0,0.8812158209334859,4.8568360805511475
BitcoinTransactions,35,17,13,0.8,0.5,4,0.07388945440089428,0.02,0.898384840391708,4.689901351928711
BitcoinTransactions,35,17,13,0.8,0.5,5,0.05942493569522656,0.0,0.9025817118148289,4.906522274017334
BitcoinTransactions,35,17,14,0.85,0.5,1,0.06244230537767789,0.0,0.8632837339437873,4.907034873962402
BitcoinTransactions,35,17,14,0.85,0.5,2,0.06204666421434941,0.0,0.8831234897621772,4.922406911849976
BitcoinTransactions,35,17,14,0.85,0.5,3,0.06326526772798328,0.0,0.9030904235024799,4.9292378425598145
BitcoinTransactions,35,17,14,0.85,0.5,4,0.06521199703880054,0.010416666666666666,0.9200050871168766,4.836016416549683
BitcoinTransactions,35,17,14,0.85,0.5,5,0.06768425384191275,0.0,0.8852855144346942,4.759063959121704
BitcoinTransactions,35,17,14,0.9,0.5,1,0.08209774963788351,0.010416666666666666,0.8683708508202976,4.601947784423828
BitcoinTransactions,35,17,14,0.9,0.5,2,0.07067692348601179,0.0,0.8414091313747933,4.66685938835144
BitcoinTransactions,35,17,14,0.9,0.5,3,0.0668140421720535,0.0,0.8828691339183518,4.708979606628418
BitcoinTransactions,35,17,14,0.9,0.5,4,0.07445760461278111,0.0,0.8800712196362711,4.710694313049316
BitcoinTransactions,35,17,14,0.9,0.5,5,0.07562183770035086,0.01904761904761905,0.8918987663741574,4.621764183044434
BitcoinTransactions,35,17,15,0.95,0.5,1,0.07314077496469808,0.0,0.8897367417016406,4.8090596199035645
BitcoinTransactions,35,17,15,0.95,0.5,2,0.06630981486348982,0.0,0.887447539107211,5.031080484390259
BitcoinTransactions,35,17,15,0.95,0.5,3,0.06996398116336763,0.0,0.8682436728983849,4.906633615493774
BitcoinTransactions,35,17,15,0.95,0.5,4,0.07006260847218426,0.0,0.8849039806689558,4.82538628578186
BitcoinTransactions,35,17,15,0.95,0.5,5,0.0686730033942616,0.0,0.8845224469032176,4.764223098754883
BitcoinTransactions,35,17,16,1,0.5,1,0.06514846789195404,0.0,0.8891008520920768,4.636070966720581
BitcoinTransactions,35,17,16,1,0.5,2,0.0707236747940787,0.0,0.7994404171435838,4.633107662200928
BitcoinTransactions,35,17,16,1,0.5,3,0.08234443375849512,0.0,0.861376065115096,4.689940929412842
BitcoinTransactions,35,17,16,1,0.5,4,0.0753133674855434,0.0,0.5238458603586418,4.45161771774292
BitcoinTransactions,35,17,16,1,0.5,5,0.08235244187106393,0.0,0.6866336004069693,4.523782014846802
BitcoinTransactions,36,21,0,0,,1,0.06599044508777142,0.0,0.9185647028884082,
BitcoinTransactions,36,21,0,0,,2,0.06998993317289763,0.016666666666666666,0.8578699580099249,
BitcoinTransactions,36,21,0,0,,3,0.06727084095384593,0.0,0.8634686346863468,
BitcoinTransactions,36,21,0,0,,4,0.06731296892616576,0.0,0.9060949230181957,
BitcoinTransactions,36,21,0,0,,5,0.07269002589369561,0.0,0.8900623488993511,
BitcoinTransactions,36,21,0,0.01,0.5,1,0.06711013775764335,0.011904761904761904,0.883700216312508,4.459126234054565
BitcoinTransactions,36,21,0,0.01,0.5,2,0.0755806174491948,0.0,0.8796284514569284,4.632492303848267
BitcoinTransactions,36,21,0,0.01,0.5,3,0.08544176666687564,0.025974025974025976,0.9175467616745133,4.595142602920532
BitcoinTransactions,36,21,0,0.01,0.5,4,0.08139020141501868,0.011904761904761904,0.8803919073673495,4.690961837768555
BitcoinTransactions,36,21,0,0.01,0.5,5,0.06851806491430636,0.0,0.8607965389998727,4.648361444473267
BitcoinTransactions,36,21,1,0.05,0.5,1,0.08257923895084693,0.0,0.8522712813335029,4.805651426315308
BitcoinTransactions,36,21,1,0.05,0.5,2,0.06481672599158737,0.0,0.9036773126351954,4.7524518966674805
BitcoinTransactions,36,21,1,0.05,0.5,3,0.06035182093119321,0.006944444444444444,0.880010179412139,4.701143980026245
BitcoinTransactions,36,21,1,0.05,0.5,4,0.06873461633484064,0.0,0.8582516859651355,4.672977924346924
BitcoinTransactions,36,21,1,0.05,0.5,5,0.0731930889433956,0.0,0.8522712813335029,4.610764265060425
BitcoinTransactions,36,21,2,0.1,0.5,1,0.0704984458949588,0.0,0.8551978623234509,4.737931251525879
BitcoinTransactions,36,21,2,0.1,0.5,2,0.08555248082944669,0.0,0.8372566484285533,4.798335075378418
BitcoinTransactions,36,21,2,0.1,0.5,3,0.0612766926122852,0.0,0.8987148492174577,4.927919864654541
BitcoinTransactions,36,21,2,0.1,0.5,4,0.07264955483518483,0.0,0.8781015396360861,4.912216901779175
BitcoinTransactions,36,21,2,0.1,0.5,5,0.06988590353336195,0.008333333333333333,0.9213640412266192,4.901143550872803
BitcoinTransactions,36,21,3,0.15,0.5,1,0.07747654118370459,0.0,0.8725028629596641,4.721996307373047
BitcoinTransactions,36,21,3,0.15,0.5,2,0.06512801630109437,0.0,0.8242778979513933,4.659860610961914
BitcoinTransactions,36,21,3,0.15,0.5,3,0.07404575686200564,0.0,0.8843364295711923,4.647098064422607
BitcoinTransactions,36,21,3,0.15,0.5,4,0.06822033034470422,0.008928571428571428,0.8941341137549307,4.593573093414307
BitcoinTransactions,36,21,3,0.15,0.5,5,0.08584124989556582,0.0,0.8415828985876066,4.902618408203125
BitcoinTransactions,36,21,4,0.2,0.5,1,0.07057993835644195,0.008333333333333333,0.9186919455401451,5.0280396938323975
BitcoinTransactions,36,21,4,0.2,0.5,2,0.07223359190540216,0.01282051282051282,0.9046952538490902,4.626136541366577
BitcoinTransactions,36,21,4,0.2,0.5,3,0.06744401877329866,0.0,0.917801246977987,4.848274230957031
BitcoinTransactions,36,21,4,0.2,0.5,4,0.0694641133789599,0.0,0.8731390762183484,4.622213363647461
BitcoinTransactions,36,21,4,0.2,0.5,5,0.07787110745465635,0.019230769230769232,0.837511133732027,4.518978118896484
BitcoinTransactions,36,21,5,0.25,0.5,1,0.06832402418624438,0.0,0.8876447385163507,4.69816517829895
BitcoinTransactions,36,21,5,0.25,0.5,2,0.0679508163174678,0.008333333333333333,0.9081308054459855,4.7047717571258545
BitcoinTransactions,36,21,5,0.25,0.5,3,0.06636416015369943,0.01,0.971370403359206,4.6916913986206055
BitcoinTransactions,36,21,5,0.25,0.5,4,0.06023220686711725,0.0,0.8926072019340883,4.895559549331665
BitcoinTransactions,36,21,5,0.25,0.5,5,0.07784163124221406,0.015151515151515152,0.8601603257411884,4.636716365814209
BitcoinTransactions,36,21,6,0.3,0.5,1,0.06760470084600652,0.0,0.8702124952284006,4.836948871612549
BitcoinTransactions,36,21,6,0.3,0.5,2,0.06657903200492792,0.008333333333333333,0.9525384909021504,4.7922186851501465
BitcoinTransactions,36,21,6,0.3,0.5,3,0.07294368888819909,0.0,0.8571065020995038,4.702988862991333
BitcoinTransactions,36,21,6,0.3,0.5,4,0.07634217803581715,0.012987012987012988,0.8833184883572973,4.527732610702515
BitcoinTransactions,36,21,6,0.3,0.5,5,0.06427181243293062,0.0,0.9246723501717776,4.767563343048096
BitcoinTransactions,36,21,7,0.35,0.5,1,0.07002442527495724,0.0,0.8793739661534546,4.802030801773071
BitcoinTransactions,36,21,7,0.35,0.5,2,0.07001323696426857,0.0,0.8684310981040845,4.911985874176025
BitcoinTransactions,36,21,7,0.35,0.5,3,0.07166976674503484,0.0,0.8810281206260339,4.784087896347046
BitcoinTransactions,36,21,7,0.35,0.5,4,0.061244761231250694,0.005847953216374269,0.8903168342028248,4.766155242919922
BitcoinTransactions,36,21,7,0.35,0.5,5,0.067034959152245,0.014285714285714285,0.8840819442677186,4.690863609313965
BitcoinTransactions,36,21,8,0.4,0.5,1,0.06736450246060027,0.0,0.8728845909148747,4.703483581542969
BitcoinTransactions,36,21,8,0.4,0.5,2,0.07511406894453404,0.0125,0.8931161725410357,4.704341411590576
BitcoinTransactions,36,21,8,0.4,0.5,3,0.07392690255387208,0.0,0.8788649955465072,4.713120460510254
BitcoinTransactions,36,21,8,0.4,0.5,4,0.07096383173214818,0.0,0.8859905840437715,4.721359014511108
BitcoinTransactions,36,21,8,0.4,0.5,5,0.07805018879423226,0.014285714285714285,0.8525257666369768,4.841944932937622
BitcoinTransactions,36,21,9,0.45,0.5,1,0.07461399133851876,0.0,0.8797556941086653,4.7140607833862305
BitcoinTransactions,36,21,9,0.45,0.5,2,0.05882332548668199,0.0,0.8810281206260339,4.840391397476196
BitcoinTransactions,36,21,9,0.45,0.5,3,0.07602374073548807,0.03333333333333333,0.9708614327522586,4.7099082469940186
BitcoinTransactions,36,21,9,0.45,0.5,4,0.0648089387674072,0.0,0.8758111719048225,4.78339147567749
BitcoinTransactions,36,21,9,0.45,0.5,5,0.07007975114226554,0.0,0.8454001781397125,4.713547468185425
BitcoinTransactions,36,21,10,0.5,0.5,1,0.07114358965565061,0.0,0.8816643338847182,4.719218730926514
BitcoinTransactions,36,21,10,0.5,0.5,2,0.08036849586342332,0.010416666666666666,0.8657590024176104,4.494375944137573
BitcoinTransactions,36,21,10,0.5,0.5,3,0.06850604364959216,0.0,0.8646138185519786,4.684655427932739
BitcoinTransactions,36,21,10,0.5,0.5,4,0.06925966215270782,0.0,0.8858633413920346,4.71306037902832
BitcoinTransactions,36,21,10,0.5,0.5,5,0.07484771398705803,0.006172839506172839,0.8834457310090342,4.79936671257019
BitcoinTransactions,36,21,11,0.55,0.5,1,0.08437524751100013,0.013888888888888888,0.8387835602493956,4.6740264892578125
BitcoinTransactions,36,21,11,0.55,0.5,2,0.06504107647349568,0.0,0.8942613564066675,4.8576979637146
BitcoinTransactions,36,21,11,0.55,0.5,3,0.07687004971613982,0.038461538461538464,0.9862577936124188,4.756005048751831
BitcoinTransactions,36,21,11,0.55,0.5,4,0.07807068481704085,0.007142857142857143,0.928871357679094,4.814242362976074
BitcoinTransactions,36,21,11,0.55,0.5,5,0.0641871595471328,0.0,0.9102939305255121,4.778332233428955
BitcoinTransactions,36,21,12,0.6,0.5,1,0.06253066606348238,0.0,0.9064766509734062,4.745262861251831
BitcoinTransactions,36,21,12,0.6,0.5,2,0.07584914476067504,0.0,0.8823005471434024,4.712287425994873
BitcoinTransactions,36,21,12,0.6,0.5,3,0.07502291128253227,0.0,0.8765746278152436,4.698793411254883
BitcoinTransactions,36,21,12,0.6,0.5,4,0.06320956176710493,0.0,0.8871357679094032,4.713447332382202
BitcoinTransactions,36,21,12,0.6,0.5,5,0.06128839059878678,0.0,0.9167833057640922,4.895933389663696
BitcoinTransactions,36,21,13,0.65,0.5,1,0.07900159244897129,0.0,0.8599058404377147,4.857710361480713
BitcoinTransactions,36,21,13,0.65,0.5,2,0.06805935703066106,0.007352941176470588,0.8917165033719303,4.8173768520355225
BitcoinTransactions,36,21,13,0.65,0.5,3,0.07458763416822782,0.008333333333333333,0.9077490774907749,4.906418085098267
BitcoinTransactions,36,21,13,0.65,0.5,4,0.06674145364580322,0.0,0.883700216312508,4.909709453582764
BitcoinTransactions,36,21,13,0.65,0.5,5,0.0746455957379862,0.0,0.8793739661534546,4.741955995559692
BitcoinTransactions,36,21,14,0.7,0.5,1,0.05928771670787479,0.0,0.8834457310090342,4.720190048217773
BitcoinTransactions,36,21,14,0.7,0.5,2,0.0713231340995164,0.0,0.8639776052932943,4.715948820114136
BitcoinTransactions,36,21,14,0.7,0.5,3,0.06827352641707674,0.0,0.8072273826186538,4.626494407653809
BitcoinTransactions,36,21,14,0.7,0.5,4,0.07451041871343443,0.0,0.8497264282987658,4.676362037658691
BitcoinTransactions,36,21,14,0.7,0.5,5,0.07695686912083735,0.0,0.8520167960300292,4.727571725845337
BitcoinTransactions,36,21,15,0.75,0.5,1,0.06839748422562204,0.011111111111111112,0.8926072019340883,4.686720848083496
BitcoinTransactions,36,21,15,0.75,0.5,2,0.06454701546652858,0.0,0.8535437078508716,4.826088905334473
BitcoinTransactions,36,21,15,0.75,0.5,3,0.05872944084915447,0.0,0.9396869830767273,4.865362644195557
BitcoinTransactions,36,21,15,0.75,0.5,4,0.060478525293606554,0.0,0.8875174958646138,4.831557273864746
BitcoinTransactions,36,21,15,0.75,0.5,5,0.07403547385260068,0.00625,0.8858633413920346,4.64540433883667
BitcoinTransactions,36,21,16,0.8,0.5,1,0.07787270304404521,0.0,0.8688128260592951,4.699100732803345
BitcoinTransactions,36,21,16,0.8,0.5,2,0.0761803020230194,0.0,0.8628324214276626,4.698063850402832
BitcoinTransactions,36,21,16,0.8,0.5,3,0.06713933208846513,0.01,0.9520295202952029,4.582651615142822
BitcoinTransactions,36,21,16,0.8,0.5,4,0.07219596487852772,0.008333333333333333,0.9199643720575137,4.7006516456604
BitcoinTransactions,36,21,16,0.8,0.5,5,0.07314982789696986,0.0,0.8833184883572973,4.859903812408447
BitcoinTransactions,36,21,17,0.85,0.5,1,0.0797928785679294,0.0,0.8574882300547143,4.828568696975708
BitcoinTransactions,36,21,17,0.85,0.5,2,0.06890874694277468,0.0,0.8567247741442932,4.726895332336426
BitcoinTransactions,36,21,17,0.85,0.5,3,0.07388463362589881,0.008333333333333333,0.9283623870721466,4.890934228897095
BitcoinTransactions,36,21,17,0.85,0.5,4,0.06966773564328252,0.020833333333333332,0.9199643720575137,4.579877614974976
BitcoinTransactions,36,21,17,0.85,0.5,5,0.06932237477816541,0.02631578947368421,0.9854943377019977,4.742359161376953
BitcoinTransactions,36,21,18,0.9,0.5,1,0.06832117134684554,0.0,0.8751749586461381,4.704181909561157
BitcoinTransactions,36,21,18,0.9,0.5,2,0.06869629531022005,0.0,0.8725028629596641,4.709639072418213
BitcoinTransactions,36,21,18,0.9,0.5,3,0.08492650447257322,0.011904761904761904,0.8515078254230818,4.448028802871704
BitcoinTransactions,36,21,18,0.9,0.5,4,0.06244107790246992,0.0,0.8849726428298765,4.8138837814331055
BitcoinTransactions,36,21,18,0.9,0.5,5,0.08401246147796632,0.007142857142857143,0.8763201425117699,4.794905185699463
BitcoinTransactions,36,21,19,0.95,0.5,1,0.08038365323435503,0.0,0.8558340755821351,4.812798023223877
BitcoinTransactions,36,21,19,0.95,0.5,2,0.07889191589278274,0.01,0.9074945921873012,4.777678728103638
BitcoinTransactions,36,21,19,0.95,0.5,3,0.058250839130893524,0.01,0.9709886754039955,4.793744087219238
BitcoinTransactions,36,21,19,0.95,0.5,4,0.06785977658169641,0.0,0.8922254739788777,4.747535705566406
BitcoinTransactions,36,21,19,0.95,0.5,5,0.06500802114371945,0.022222222222222223,0.8816643338847182,4.593849420547485
BitcoinTransactions,36,21,20,1,0.5,1,0.06278922690451835,0.01,0.9113118717394071,4.6803576946258545
BitcoinTransactions,36,21,20,1,0.5,2,0.08468065985587497,0.0,0.7471688509988548,4.602980375289917
BitcoinTransactions,36,21,20,1,0.5,3,0.058413770381573096,0.0,0.9239088942613564,4.763563871383667
BitcoinTransactions,36,21,20,1,0.5,4,0.07382493622165945,0.007142857142857143,0.9124570556050388,4.9421303272247314
BitcoinTransactions,36,21,20,1,0.5,5,0.06519939121158226,0.0,0.8821733044916656,4.892079591751099
BitcoinTransactions,37,11,0,0,,1,0.0741958731440817,0.018518518518518517,0.9266742915237006,
BitcoinTransactions,37,11,0,0,,2,0.06716851139114424,0.02,0.9132037107637565,
BitcoinTransactions,37,11,0,0,,3,0.06530545715987876,0.022222222222222223,0.8755877493963655,
BitcoinTransactions,37,11,0,0,,4,0.06403735356832561,0.016666666666666666,0.9259118058203075,
BitcoinTransactions,37,11,0,0,,5,0.07255309864642286,0.016666666666666666,0.9442114627017411,
BitcoinTransactions,37,11,0,0.01,0.5,1,0.06213293954099096,0.016666666666666666,0.9152370059728047,4.865336656570435
BitcoinTransactions,37,11,0,0.01,0.5,2,0.06451991287167527,0.022222222222222223,0.9124412250603634,4.823333263397217
BitcoinTransactions,37,11,0,0.01,0.5,3,0.07271840906518613,0.022222222222222223,0.9451010293556996,4.736336708068848
BitcoinTransactions,37,11,0,0.01,0.5,4,0.06347997515714852,0.014285714285714285,0.932011691447452,4.7131969928741455
BitcoinTransactions,37,11,0,0.01,0.5,5,0.06338891456013988,0.022222222222222223,0.9268013724742661,4.704131841659546
BitcoinTransactions,37,11,0,0.05,0.5,1,0.07111637144668666,0.018518518518518517,0.9260388867708731,4.70427393913269
BitcoinTransactions,37,11,0,0.05,0.5,2,0.06478336084959985,0.0,0.9223535392044733,4.752430438995361
BitcoinTransactions,37,11,0,0.05,0.5,3,0.08057059326263147,0.018518518518518517,0.7507942559410344,4.497450828552246
BitcoinTransactions,37,11,0,0.05,0.5,4,0.06330921030141998,0.0125,0.9073579870377431,4.686278343200684
BitcoinTransactions,37,11,0,0.05,0.5,5,0.064279563159503,0.037037037037037035,0.9104079298513152,4.65187668800354
BitcoinTransactions,37,11,1,0.1,0.5,1,0.06486434601742669,0.014285714285714285,0.8964290252891092,4.721268177032471
BitcoinTransactions,37,11,1,0.1,0.5,2,0.06758059927971347,0.037037037037037035,0.9862752573389248,4.892418384552002
BitcoinTransactions,37,11,1,0.1,0.5,3,0.05828443307579756,0.016666666666666666,0.9055788537298259,4.853572368621826
BitcoinTransactions,37,11,1,0.1,0.5,4,0.05979374609427845,0.016666666666666666,0.9254034820180455,4.871812105178833
BitcoinTransactions,37,11,1,0.1,0.5,5,0.0665716830867142,0.016666666666666666,0.8928707586732749,4.659384250640869
BitcoinTransactions,37,11,2,0.15,0.5,1,0.06737675113839746,0.0,0.9175244630829839,4.782292366027832
BitcoinTransactions,37,11,2,0.15,0.5,2,0.06320863123622106,0.018518518518518517,0.9329012581014106,4.697009563446045
BitcoinTransactions,37,11,2,0.15,0.5,3,0.06866888826584171,0.015873015873015872,0.9179057059346803,4.712615489959717
BitcoinTransactions,37,11,2,0.15,0.5,4,0.06802974997501826,0.03571428571428571,0.9481509721692718,4.703526496887207
BitcoinTransactions,37,11,2,0.15,0.5,5,0.07388359793634482,0.013888888888888888,0.8825772016774686,4.70514702796936
BitcoinTransactions,37,11,2,0.2,0.5,1,0.0769854440840885,0.022222222222222223,0.9585716101156436,4.6245176792144775
BitcoinTransactions,37,11,2,0.2,0.5,2,0.06651524562184931,0.014285714285714285,0.9532342101918923,4.842359781265259
BitcoinTransactions,37,11,2,0.2,0.5,3,0.07264500440005796,0.015873015873015872,0.9166348964290253,4.834033966064453
BitcoinTransactions,37,11,2,0.2,0.5,4,0.08025129463615452,0.027777777777777776,0.9313762866946245,4.849071264266968
BitcoinTransactions,37,11,2,0.2,0.5,5,0.0670606739650348,0.013888888888888888,0.8949040538823231,4.830332040786743
BitcoinTransactions,37,11,2,0.25,0.5,1,0.07883838896032447,0.010101010101010102,0.6319735671622824,4.481848239898682
BitcoinTransactions,37,11,2,0.25,0.5,2,0.07424604634197994,0.022222222222222223,0.9148557631211082,4.694990158081055
BitcoinTransactions,37,11,2,0.25,0.5,3,0.06523705375876863,0.041666666666666664,0.9806836955140424,4.702686071395874
BitcoinTransactions,37,11,2,0.25,0.5,4,0.07210913269512016,0.02,0.9301054771889694,4.72591495513916
BitcoinTransactions,37,11,2,0.25,0.5,5,0.07069340317627737,0.016666666666666666,0.9026559918668192,4.848237752914429
BitcoinTransactions,37,11,3,0.3,0.5,1,0.06773950818181414,0.02857142857142857,0.9589528529673402,4.86365270614624
BitcoinTransactions,37,11,3,0.3,0.5,2,0.058431317448304994,0.0,0.9010039395094676,4.81447958946228
BitcoinTransactions,37,11,3,0.3,0.5,3,0.07064617967365795,0.018518518518518517,0.8815605540729444,4.87150502204895
BitcoinTransactions,37,11,3,0.3,0.5,4,0.07817899473740815,0.037037037037037035,0.9257847248697421,4.689186096191406
BitcoinTransactions,37,11,3,0.3,0.5,5,0.06245158718736746,0.018518518518518517,0.8978269157453298,4.699288606643677
BitcoinTransactions,37,11,4,0.35,0.5,1,0.06477282509280143,0.015873015873015872,0.9372220104206379,4.731524467468262
BitcoinTransactions,37,11,4,0.35,0.5,2,0.06061895951073981,0.02,0.8797814207650273,4.701033353805542
BitcoinTransactions,37,11,4,0.35,0.5,3,0.07021732038016486,0.015873015873015872,0.9208285677976872,4.9642653465271
BitcoinTransactions,37,11,4,0.35,0.5,4,0.06281658125006098,0.037037037037037035,0.9196848392425976,4.948809385299683
BitcoinTransactions,37,11,4,0.35,0.5,5,0.07051687842460191,0.016666666666666666,0.9079933917905706,4.678108215332031
BitcoinTransactions,37,11,4,0.4,0.5,1,0.07200772003681706,0.018518518518518517,0.9201931630448595,4.979637622833252
BitcoinTransactions,37,11,4,0.4,0.5,2,0.06003948065666358,0.0,0.9077392298894396,4.936399698257446
BitcoinTransactions,37,11,4,0.4,0.5,3,0.08170356051861252,0.016666666666666666,0.7073325708476299,4.710100889205933
BitcoinTransactions,37,11,4,0.4,0.5,4,0.08517024520440505,0.018518518518518517,0.4338543652306519,4.458861351013184
BitcoinTransactions,37,11,4,0.4,0.5,5,0.0612494090843158,0.016666666666666666,0.9187952725886389,4.72617244720459
BitcoinTransactions,37,11,4,0.45,0.5,1,0.0652480541570872,0.02,0.9259118058203075,4.735576629638672
BitcoinTransactions,37,11,4,0.45,0.5,2,0.0637632398616986,0.022222222222222223,0.9846232049815733,4.7109386920928955
BitcoinTransactions,37,11,4,0.45,0.5,3,0.07020193037359349,0.018518518518518517,0.9542508577964163,4.7135748863220215
BitcoinTransactions,37,11,4,0.45,0.5,4,0.0711984722258758,0.016666666666666666,0.9134578726648875,4.676150560379028
BitcoinTransactions,37,11,4,0.45,0.5,5,0.061243840652870876,0.02,0.441352141314017,4.470795392990112
BitcoinTransactions,37,11,5,0.5,0.5,1,0.07085517339821301,0.016666666666666666,0.918541110687508,4.758004188537598
BitcoinTransactions,37,11,5,0.5,0.5,2,0.08165095671675347,0.018518518518518517,0.9580632863133817,4.850188493728638
BitcoinTransactions,37,11,5,0.5,0.5,3,0.06926193465338107,0.03333333333333333,0.9294700724361418,4.761622428894043
BitcoinTransactions,37,11,5,0.5,0.5,4,0.06587627655988215,0.022222222222222223,0.9179057059346803,4.823972463607788
BitcoinTransactions,37,11,5,0.5,0.5,5,0.07322612721942451,0.037037037037037035,0.888168763502351,4.521478652954102
BitcoinTransactions,37,11,6,0.55,0.5,1,0.06511849881328113,0.0,0.919303596390901,4.7616987228393555
BitcoinTransactions,37,11,6,0.55,0.5,2,0.07603260933492721,0.018518518518518517,0.8476299402719533,4.691214561462402
BitcoinTransactions,37,11,6,0.55,0.5,3,0.08189632681004044,0.05714285714285714,0.8802897445672894,4.576732635498047
BitcoinTransactions,37,11,6,0.55,0.5,4,0.06810969951862597,0.0125,0.9491676197737959,4.743993282318115
BitcoinTransactions,37,11,6,0.55,0.5,5,0.0636413009887193,0.08571428571428572,0.9692464099631465,4.619535446166992
BitcoinTransactions,37,11,6,0.6,0.5,1,0.07132614360028812,0.014285714285714285,0.540221120853984,4.343343734741211
BitcoinTransactions,37,11,6,0.6,0.5,2,0.06640473358276733,0.0125,0.9024018299656882,4.714669227600098
BitcoinTransactions,37,11,6,0.6,0.5,3,0.06680596767140214,0.0,0.9177786249841149,4.795746326446533
BitcoinTransactions,37,11,6,0.6,0.5,4,0.07306682431711091,0.022222222222222223,0.9245139153640869,4.833193302154541
BitcoinTransactions,37,11,6,0.6,0.5,5,0.08172796081998923,0.014285714285714285,0.7566399796670479,4.6768012046813965
BitcoinTransactions,37,11,6,0.65,0.5,1,0.06720326185023999,0.013888888888888888,0.9031643156690812,4.871627569198608
BitcoinTransactions,37,11,6,0.65,0.5,2,0.07497866355735128,0.022222222222222223,0.9293429914855763,4.823941707611084
BitcoinTransactions,37,11,6,0.65,0.5,3,0.06498128771596695,0.022222222222222223,0.8776210446054137,4.80182147026062
BitcoinTransactions,37,11,6,0.65,0.5,4,0.07579821073788366,0.037037037037037035,0.9646714957427882,4.971716642379761
BitcoinTransactions,37,11,6,0.65,0.5,5,0.0817774530006183,0.014285714285714285,0.9209556487482526,4.957552671432495
BitcoinTransactions,37,11,7,0.7,0.5,1,0.0688074461187036,0.0125,0.9241326725123904,4.91838002204895
BitcoinTransactions,37,11,7,0.7,0.5,2,0.0643838350462694,0.016666666666666666,0.9152370059728047,4.895900249481201
BitcoinTransactions,37,11,7,0.7,0.5,3,0.07024142544244799,0.027777777777777776,0.8777481255559791,4.772643327713013
BitcoinTransactions,37,11,7,0.7,0.5,4,0.0662255889921104,0.027777777777777776,0.9146016012199771,4.695225238800049
BitcoinTransactions,37,11,7,0.7,0.5,5,0.06876258051990412,0.044444444444444446,0.6937349091371203,4.50182580947876
BitcoinTransactions,37,11,8,0.75,0.5,1,0.05936852955718207,0.014285714285714285,0.8871521158978269,4.62934136390686
BitcoinTransactions,37,11,8,0.75,0.5,2,0.07081167973817788,0.018518518518518517,0.6717499046892871,4.507104158401489
BitcoinTransactions,37,11,8,0.75,0.5,3,0.060437011058639176,0.016666666666666666,0.8910916253653577,4.714686632156372
BitcoinTransactions,37,11,8,0.75,0.5,4,0.06688504870386794,0.027777777777777776,0.8969373490913712,4.70492148399353
BitcoinTransactions,37,11,8,0.75,0.5,5,0.06325872450928041,0.014285714285714285,0.919557758292032,4.885496616363525
BitcoinTransactions,37,11,8,0.8,0.5,1,0.07443553497104614,0.014285714285714285,0.8956665395857161,4.844536781311035
BitcoinTransactions,37,11,8,0.8,0.5,2,0.07236938370945295,0.022222222222222223,0.9275638581776592,5.01163911819458
BitcoinTransactions,37,11,8,0.8,0.5,3,0.07141671145363482,0.037037037037037035,0.7568941415681789,4.774662017822266
BitcoinTransactions,37,11,8,0.8,0.5,4,0.07288812158850891,0.013888888888888888,0.9177786249841149,4.851289510726929
BitcoinTransactions,37,11,8,0.8,0.5,5,0.06389102320632102,0.0625,0.9331554200025416,4.836442708969116
BitcoinTransactions,37,11,8,0.85,0.5,1,0.0687957971224113,0.0,0.757656627271572,4.662283182144165
BitcoinTransactions,37,11,8,0.85,0.5,2,0.07165462310306005,0.025,0.9162536535773288,4.750832796096802
BitcoinTransactions,37,11,8,0.85,0.5,3,0.06835063686485932,0.0125,0.875968992248062,4.554933071136475
BitcoinTransactions,37,11,8,0.85,0.5,4,0.07186808315580871,0.015873015873015872,0.918541110687508,4.710322380065918
BitcoinTransactions,37,11,8,0.85,0.5,5,0.07641640363809041,0.031746031746031744,0.9456093531579616,4.660502672195435
BitcoinTransactions,37,11,9,0.9,0.5,1,0.08360559179727778,0.022222222222222223,0.9264201296225696,4.683237791061401
BitcoinTransactions,37,11,9,0.9,0.5,2,0.06592008728102655,0.018518518518518517,0.9180327868852459,4.715618371963501
BitcoinTransactions,37,11,9,0.9,0.5,3,0.07288920177338665,0.044444444444444446,0.9542508577964163,4.7101335525512695
BitcoinTransactions,37,11,9,0.9,0.5,4,0.07459084137352008,0.025,0.9143474393188461,4.6661293506622314
BitcoinTransactions,37,11,9,0.9,0.5,5,0.06217767648389421,0.0125,0.8980810776464608,4.7532172203063965
BitcoinTransactions,37,11,10,0.95,0.5,1,0.07190250143563268,0.015873015873015872,0.9200660820942941,4.8784871101379395
BitcoinTransactions,37,11,10,0.95,0.5,2,0.06686812423926775,0.014285714285714285,0.9194306773414666,4.900282382965088
BitcoinTransactions,37,11,10,0.95,0.5,3,0.06601696324540042,0.017857142857142856,0.9029101537679501,4.652163743972778
BitcoinTransactions,37,11,10,0.95,0.5,4,0.07063901002027574,0.011111111111111112,0.9189223535392045,4.949925661087036
BitcoinTransactions,37,11,10,0.95,0.5,5,0.06349946773744512,0.027777777777777776,0.9269284534248317,4.92095685005188
BitcoinTransactions,37,11,10,1,0.5,1,0.07455335548957102,0.014285714285714285,0.8396238403863261,4.806195497512817
BitcoinTransactions,37,11,10,1,0.5,2,0.08295596860186776,0.018518518518518517,0.7420256703520143,4.724585056304932
BitcoinTransactions,37,11,10,1,0.5,3,0.0581369409292695,0.0,0.900622696657771,4.845749378204346
BitcoinTransactions,37,11,10,1,0.5,4,0.07230484254206182,0.0125,0.9227347820561698,4.735318660736084
BitcoinTransactions,37,11,10,1,0.5,5,0.06736480699027264,0.016666666666666666,0.9763629431948151,4.702112197875977
BitcoinTransactions,38,18,0,0,,1,0.07528585344072915,0.013333333333333334,0.9150343424065124,
BitcoinTransactions,38,18,0,0,,2,0.06785066631183778,0.0,0.7258967183922665,
BitcoinTransactions,38,18,0,0,,3,0.08798778675692129,0.025974025974025976,0.9479776138387179,
BitcoinTransactions,38,18,0,0,,4,0.07029359469505625,0.011764705882352941,0.8792928008140423,
BitcoinTransactions,38,18,0,0,,5,0.06403203641843402,0.020833333333333332,0.9018061561943526,
BitcoinTransactions,38,18,0,0.01,0.5,1,0.0728043552726702,0.027777777777777776,0.967438310862376,4.459994554519653
BitcoinTransactions,38,18,0,0.01,0.5,2,0.06458093645391064,0.00980392156862745,0.9215212414143984,4.691693305969238
BitcoinTransactions,38,18,0,0.01,0.5,3,0.06506966977306437,0.007352941176470588,0.9033324853726787,4.7372353076934814
BitcoinTransactions,38,18,0,0.01,0.5,4,0.07168640470842526,0.014705882352941176,0.9278809463240906,4.865957736968994
BitcoinTransactions,38,18,0,0.01,0.5,5,0.06468598354005715,0.008403361344537815,0.9229203764945306,4.884879112243652
BitcoinTransactions,38,18,1,0.05,0.5,1,0.06169051586097194,0.012987012987012988,0.9180870007631646,4.851233959197998
BitcoinTransactions,38,18,1,0.05,0.5,2,0.06520695727403207,0.011764705882352941,0.91694225387942,4.844308853149414
BitcoinTransactions,38,18,1,0.05,0.5,3,0.07035723850737093,0.027777777777777776,0.901424573899771,4.803175210952759
BitcoinTransactions,38,18,1,0.05,0.5,4,0.06267461841585995,0.00980392156862745,0.7794454337318748,4.8039655685424805
BitcoinTransactions,38,18,1,0.05,0.5,5,0.062383851103991084,0.011764705882352941,0.9166878656830323,4.799508333206177
BitcoinTransactions,38,18,2,0.1,0.5,1,0.08151770926593543,0.008928571428571428,0.9208852709234292,4.67106032371521
BitcoinTransactions,38,18,2,0.1,0.5,2,0.06628994086977662,0.008403361344537815,0.8917578224370389,4.690366983413696
BitcoinTransactions,38,18,2,0.1,0.5,3,0.06109508332462902,0.008403361344537815,0.900661409310608,4.7420008182525635
BitcoinTransactions,38,18,2,0.1,0.5,4,0.0612134669402811,0.0,0.9154159247010939,4.759932279586792
BitcoinTransactions,38,18,2,0.1,0.5,5,0.07277442519827051,0.011764705882352941,0.923429152887306,4.705324649810791
BitcoinTransactions,38,18,3,0.15,0.5,1,0.07130449035506774,0.008928571428571428,0.8946832866954973,4.683852672576904
BitcoinTransactions,38,18,3,0.15,0.5,2,0.0675744090210915,0.008928571428571428,0.912108878148054,4.6636857986450195
BitcoinTransactions,38,18,3,0.15,0.5,3,0.06436643842368638,0.0125,0.8812007122869498,4.630568742752075
BitcoinTransactions,38,18,3,0.15,0.5,4,0.06749086035691437,0.016666666666666666,0.9198677181378784,4.584529161453247
BitcoinTransactions,38,18,3,0.15,0.5,5,0.07197973942923937,0.008403361344537815,0.919358941745103,4.6939756870269775
BitcoinTransactions,38,18,3,0.2,0.5,1,0.06232855515863403,0.014705882352941176,0.9131264309336047,4.716293573379517
BitcoinTransactions,38,18,3,0.2,0.5,2,0.06468756899104933,0.015625,0.8913762401424574,4.709317207336426
BitcoinTransactions,38,18,3,0.2,0.5,3,0.08147687729031894,0.011764705882352941,0.9492495548206563,4.836395502090454
BitcoinTransactions,38,18,3,0.2,0.5,4,0.06250256764590953,0.0,0.9355125922157211,4.95262336730957
BitcoinTransactions,38,18,3,0.2,0.5,5,0.07207077420476249,0.011764705882352941,0.924319511574663,4.893079519271851
BitcoinTransactions,38,18,4,0.25,0.5,1,0.07429038526089757,0.011764705882352941,0.9573899771050624,4.863447189331055
BitcoinTransactions,38,18,4,0.25,0.5,2,0.05940765003691618,0.0,0.8968455863647927,4.842463493347168
BitcoinTransactions,38,18,4,0.25,0.5,3,0.06606383430276858,0.00980392156862745,0.8887051640803867,4.959936141967773
BitcoinTransactions,38,18,4,0.25,0.5,4,0.07463344601436576,0.007352941176470588,0.9294072755024166,4.913179874420166
BitcoinTransactions,38,18,4,0.25,0.5,5,0.07133186373786538,0.00980392156862745,0.9179598066649708,4.871448516845703
BitcoinTransactions,38,18,5,0.3,0.5,1,0.06877600101569654,0.00980392156862745,0.923429152887306,4.852337121963501
BitcoinTransactions,38,18,5,0.3,0.5,2,0.06605542519178535,0.011764705882352941,0.9199949122360722,4.739376783370972
BitcoinTransactions,38,18,5,0.3,0.5,3,0.07178105093416796,0.00980392156862745,0.9231747646909183,4.721548318862915
BitcoinTransactions,38,18,5,0.3,0.5,4,0.05853768241341879,0.0,0.9086746374968201,4.745629787445068
BitcoinTransactions,38,18,5,0.3,0.5,5,0.06403943744214134,0.00980392156862745,0.9090562197914017,4.708461046218872
BitcoinTransactions,38,18,6,0.35,0.5,1,0.06987116719137247,0.007352941176470588,0.9253370643602137,4.714630603790283
BitcoinTransactions,38,18,6,0.35,0.5,2,0.07468007500873161,0.011764705882352941,0.9515390485881455,4.7164905071258545
BitcoinTransactions,38,18,6,0.35,0.5,3,0.06715093162955367,0.008403361344537815,0.9085474433986263,4.7493815422058105
BitcoinTransactions,38,18,6,0.35,0.5,4,0.0713972182312377,0.011764705882352941,0.9299160518951921,4.840162038803101
BitcoinTransactions,38,18,6,0.35,0.5,5,0.06079446259117222,0.007352941176470588,0.904731620452811,4.961261034011841
BitcoinTransactions,38,18,7,0.4,0.5,1,0.0776274027330493,0.025974025974025976,0.9259730348511829,4.882684946060181
BitcoinTransactions,38,18,7,0.4,0.5,2,0.06905396863640466,0.011764705882352941,0.9156703128974816,4.959296226501465
BitcoinTransactions,38,18,7,0.4,0.5,3,0.07718625715656996,0.00980392156862745,0.9207580768252354,4.96619176864624
BitcoinTransactions,38,18,7,0.4,0.5,4,0.06876841087183741,0.037037037037037035,0.9196133299414907,4.64195704460144
BitcoinTransactions,38,18,7,0.4,0.5,5,0.06573535961668009,0.00980392156862745,0.91859577715594,4.94700813293457
BitcoinTransactions,38,18,8,0.45,0.5,1,0.0619429651186038,0.00980392156862745,0.899898244721445,4.911701679229736
BitcoinTransactions,38,18,8,0.45,0.5,2,0.07829041157967596,0.025974025974025976,0.9414907148308318,4.77163290977478
BitcoinTransactions,38,18,8,0.45,0.5,3,0.0732424242219521,0.008403361344537815,0.9030780971762911,4.7270684242248535
BitcoinTransactions,38,18,8,0.45,0.5,4,0.07835481266286676,0.0125,0.9325871279572627,4.714066982269287
BitcoinTransactions,38,18,8,0.45,0.5,5,0.05830073075457786,0.0,0.8984991096413126,4.705841302871704
BitcoinTransactions,38,18,8,0.5,0.5,1,0.07623923035813276,0.0375,0.9248282879674383,4.497586965560913
BitcoinTransactions,38,18,8,0.5,0.5,2,0.0658298059245404,0.015625,0.9011701857033834,4.694749355316162
BitcoinTransactions,38,18,8,0.5,0.5,3,0.06032187495016397,0.00980392156862745,0.9049860086491986,4.735133171081543
BitcoinTransactions,38,18,8,0.5,0.5,4,0.07075404763122098,0.007352941176470588,0.927499364029509,4.888229131698608
BitcoinTransactions,38,18,8,0.5,0.5,5,0.07214020676574422,0.008403361344537815,0.9119816840498601,4.8848512172698975
BitcoinTransactions,38,18,9,0.55,0.5,1,0.07245370046433479,0.014705882352941176,0.9337318748410074,4.876150131225586
BitcoinTransactions,38,18,9,0.55,0.5,2,0.06477546307449554,0.0,0.9188501653523277,4.8800764083862305
BitcoinTransactions,38,18,9,0.55,0.5,3,0.072017623707547,0.008403361344537815,0.6783261256677691,4.682479381561279
BitcoinTransactions,38,18,9,0.55,0.5,4,0.07084755749280754,0.027777777777777776,0.9179598066649708,4.893542528152466
BitcoinTransactions,38,18,9,0.55,0.5,5,0.07479699250188482,0.0125,0.9033324853726787,4.8669798374176025
BitcoinTransactions,38,18,10,0.6,0.5,1,0.07049508875261229,0.008928571428571428,0.8968455863647927,4.740427494049072
BitcoinTransactions,38,18,10,0.6,0.5,2,0.07888842037173681,0.03125,0.9632409056219792,4.669317245483398
BitcoinTransactions,38,18,10,0.6,0.5,3,0.06499878929354685,0.0125,0.9221572119053676,4.6694653034210205
BitcoinTransactions,38,18,10,0.6,0.5,4,0.07239526673223882,0.008403361344537815,0.9254642584584075,4.7296648025512695
BitcoinTransactions,38,18,10,0.6,0.5,5,0.06642724566753404,0.014705882352941176,0.9090562197914017,4.700971841812134
BitcoinTransactions,38,18,11,0.65,0.5,1,0.07105028292104788,0.0058823529411764705,0.7634189773594505,4.609139919281006
BitcoinTransactions,38,18,11,0.65,0.5,2,0.072498227925458,0.008928571428571428,0.9196133299414907,4.839082479476929
BitcoinTransactions,38,18,11,0.65,0.5,3,0.06664949218312416,0.0,0.9053675909437802,4.956139087677002
BitcoinTransactions,38,18,11,0.65,0.5,4,0.06965868099579132,0.00980392156862745,0.8852709234291529,4.983494997024536
BitcoinTransactions,38,18,11,0.65,0.5,5,0.08144708203606871,0.008928571428571428,0.9302976341897736,5.022078275680542
BitcoinTransactions,38,18,12,0.7,0.5,1,0.06845583150817464,0.06666666666666667,0.9500127194098194,4.998341083526611
BitcoinTransactions,38,18,12,0.7,0.5,2,0.07590264283921976,0.031746031746031744,0.9276265581277029,4.756486654281616
BitcoinTransactions,38,18,12,0.7,0.5,3,0.07560538374489913,0.08163265306122448,0.9586619180870007,4.470679759979248
BitcoinTransactions,38,18,12,0.7,0.5,4,0.06772108044948659,0.025,0.9253370643602137,4.867252588272095
BitcoinTransactions,38,18,12,0.7,0.5,5,0.07133191713496358,0.013888888888888888,0.9175782243703892,4.748973369598389
BitcoinTransactions,38,18,13,0.75,0.5,1,0.060628476184089605,0.0,0.9203764945306537,4.80423903465271
BitcoinTransactions,38,18,13,0.75,0.5,2,0.06498853668565442,0.0,0.9174510302721953,4.784593105316162
BitcoinTransactions,38,18,13,0.75,0.5,3,0.06632311753398629,0.037037037037037035,0.9215212414143984,4.688888788223267
BitcoinTransactions,38,18,13,0.75,0.5,4,0.0653912242071142,0.03333333333333333,0.9945306537776647,4.68942403793335
BitcoinTransactions,38,18,13,0.75,0.5,5,0.06693055130467404,0.015625,0.9356397863139151,4.7211010456085205
BitcoinTransactions,38,18,14,0.8,0.5,1,0.06365093243972399,0.008928571428571428,0.9432714322055457,4.636538982391357
BitcoinTransactions,38,18,14,0.8,0.5,2,0.05569256636270418,0.0,0.9489951666242686,4.756648778915405
BitcoinTransactions,38,18,14,0.8,0.5,3,0.06292287146468481,0.025,0.9123632663444416,4.738529205322266
BitcoinTransactions,38,18,14,0.8,0.5,4,0.06775088067696508,0.00980392156862745,0.9081658611040447,4.855292558670044
BitcoinTransactions,38,18,14,0.8,0.5,5,0.06696426932440654,0.0,0.9180870007631646,4.926392316818237
BitcoinTransactions,38,18,14,0.85,0.5,1,0.07446260231305914,0.02857142857142857,0.9539557364538286,4.8618004322052
BitcoinTransactions,38,18,14,0.85,0.5,2,0.06655769597789088,0.008403361344537815,0.8963368099720173,4.834230899810791
BitcoinTransactions,38,18,14,0.85,0.5,3,0.06895166049878873,0.00980392156862745,0.9141439837191554,4.873084783554077
BitcoinTransactions,38,18,14,0.85,0.5,4,0.06804490018074909,0.007352941176470588,0.9109641312643093,4.469299554824829
BitcoinTransactions,38,18,14,0.85,0.5,5,0.06687882492819272,0.020833333333333332,0.9123632663444416,4.7789928913116455
BitcoinTransactions,38,18,15,0.9,0.5,1,0.05782137359820584,0.0,0.8889595522767744,4.750403642654419
BitcoinTransactions,38,18,15,0.9,0.5,2,0.06598550845132864,0.00980392156862745,0.8430424828287968,4.629241704940796
BitcoinTransactions,38,18,15,0.9,0.5,3,0.06745671974579384,0.011764705882352941,0.9842279318239634,4.691201686859131
BitcoinTransactions,38,18,15,0.9,0.5,4,0.05920618729045444,0.0,0.9231747646909183,4.767172574996948
BitcoinTransactions,38,18,15,0.9,0.5,5,0.07704436067856582,0.009523809523809525,0.9453065377766472,4.5442187786102295
BitcoinTransactions,38,18,16,0.95,0.5,1,0.07166862454394347,0.008403361344537815,0.7991605189519206,4.601532936096191
BitcoinTransactions,38,18,16,0.95,0.5,2,0.060121759239614485,0.011764705882352941,0.9483591961332994,4.738267660140991
BitcoinTransactions,38,18,16,0.95,0.5,3,0.05889035622915107,0.0,0.9118544899516663,4.825502157211304
BitcoinTransactions,38,18,16,0.95,0.5,4,0.06284093760944134,0.008928571428571428,0.9440345967947087,4.8521575927734375
BitcoinTransactions,38,18,16,0.95,0.5,5,0.06859622265807143,0.011764705882352941,0.9212668532180107,4.8944878578186035
BitcoinTransactions,38,18,17,1,0.5,1,0.06769276936094216,0.011764705882352941,0.9229203764945306,4.865324974060059
BitcoinTransactions,38,18,17,1,0.5,2,0.059336580409379634,0.0,0.8960824217756296,4.925356149673462
BitcoinTransactions,38,18,17,1,0.5,3,0.05881392757924282,0.0,0.9299160518951921,5.001181125640869
BitcoinTransactions,38,18,17,1,0.5,4,0.06539026217276801,0.011764705882352941,0.9109641312643093,4.998755216598511
BitcoinTransactions,38,18,17,1,0.5,5,0.0681673160053225,0.011764705882352941,0.7663444416179089,4.852825403213501
BitcoinTransactions,39,7,0,0,,1,0.06484599742161162,0.0,0.902070367077353,
BitcoinTransactions,39,7,0,0,,2,0.06406430707773367,0.027777777777777776,0.9121046615013336,
BitcoinTransactions,39,7,0,0,,3,0.08383164937939175,0.1,0.9433506922392989,
BitcoinTransactions,39,7,0,0,,4,0.07631995845367734,0.06666666666666667,0.7192937888987679,
BitcoinTransactions,39,7,0,0,,5,0.06346904713863909,0.0,0.9030864981582624,
BitcoinTransactions,39,7,0,0.01,0.5,1,0.06450538417265347,0.0,0.921884923155087,4.821835041046143
BitcoinTransactions,39,7,0,0.01,0.5,2,0.057344789223069306,0.0,0.8814937126889368,4.761269807815552
BitcoinTransactions,39,7,0,0.01,0.5,3,0.07088823578928065,0.0,0.7855963419281087,4.593790531158447
BitcoinTransactions,39,7,0,0.01,0.5,4,0.06214354048700356,0.0,0.8954655150514417,4.73515248298645
BitcoinTransactions,39,7,0,0.01,0.5,5,0.06822452629735784,0.03333333333333333,0.9051187603200813,4.728306531906128
BitcoinTransactions,39,7,0,0.05,0.5,1,0.0783944630124824,0.027777777777777776,0.8784453194462085,4.531004428863525
BitcoinTransactions,39,7,0,0.05,0.5,2,0.06407006496166896,0.023809523809523808,0.9276006604852026,4.718902349472046
BitcoinTransactions,39,7,0,0.05,0.5,3,0.07008120562883122,0.023809523809523808,0.9184554807570177,4.7019078731536865
BitcoinTransactions,39,7,0,0.05,0.5,4,0.07247273037773723,0.027777777777777776,0.9340784961260002,4.7046897411346436
BitcoinTransactions,39,7,0,0.05,0.5,5,0.06799706938112744,0.03333333333333333,0.9752318049028325,4.724783420562744
BitcoinTransactions,39,7,1,0.1,0.5,1,0.07689539807594917,0.03333333333333333,0.9571954782166899,4.773610830307007
BitcoinTransactions,39,7,1,0.1,0.5,2,0.07177975743069384,0.03333333333333333,0.9241712180871332,4.881361722946167
BitcoinTransactions,39,7,1,0.1,0.5,3,0.06953233532518373,0.0,0.8827638765400737,4.873878002166748
BitcoinTransactions,39,7,1,0.1,0.5,4,0.07652133260746725,0.025,0.8969897116728058,4.651136636734009
BitcoinTransactions,39,7,1,0.1,0.5,5,0.0719392916882497,0.027777777777777776,0.9237901689317922,4.937300682067871
BitcoinTransactions,39,7,1,0.15,0.5,1,0.06893974760669064,0.041666666666666664,0.9291248571065668,4.9221110343933105
BitcoinTransactions,39,7,1,0.15,0.5,2,0.061349665721742115,0.0,0.8630763368474533,4.905614137649536
BitcoinTransactions,39,7,1,0.15,0.5,3,0.0689699554294481,0.03333333333333333,0.9358567255175918,4.848683834075928
BitcoinTransactions,39,7,1,0.15,0.5,4,0.07821536792945813,0.027777777777777776,0.9192175790676997,4.678375005722046
BitcoinTransactions,39,7,1,0.15,0.5,5,0.064551893612522,0.0,0.9089292518734917,4.73553466796875
BitcoinTransactions,39,7,1,0.2,0.5,1,0.07129258086493653,0.027777777777777776,0.9220119395402007,4.712321996688843
BitcoinTransactions,39,7,1,0.2,0.5,2,0.0704764175951869,0.03333333333333333,0.9244252508573606,4.708197116851807
BitcoinTransactions,39,7,1,0.2,0.5,3,0.08538984743299773,0.027777777777777776,0.7563825733519624,4.383855819702148
BitcoinTransactions,39,7,1,0.2,0.5,4,0.08037561287468292,0.027777777777777776,0.7822939159151531,4.5072855949401855
BitcoinTransactions,39,7,1,0.2,0.5,5,0.06717560169899389,0.05,0.9030864981582624,4.6596999168396
BitcoinTransactions,39,7,2,0.25,0.5,1,0.06851079056838856,0.020833333333333332,0.9358567255175918,4.699746370315552
BitcoinTransactions,39,7,2,0.25,0.5,2,0.06892159787150139,0.023809523809523808,0.9023243998475803,4.671136379241943
BitcoinTransactions,39,7,2,0.25,0.5,3,0.07428035684748154,0.03333333333333333,0.9216308903848597,4.701614856719971
BitcoinTransactions,39,7,2,0.25,0.5,4,0.08247977975641883,0.027777777777777776,0.8712053854947288,4.650120735168457
BitcoinTransactions,39,7,2,0.25,0.5,5,0.06478364791983468,0.0,0.9138828908929252,4.893519639968872
BitcoinTransactions,39,7,2,0.3,0.5,1,0.06153361708335089,0.027777777777777776,0.9135018417375842,4.962641000747681
BitcoinTransactions,39,7,2,0.3,0.5,2,0.06607466164277095,0.027777777777777776,0.9086752191032643,4.894043445587158
BitcoinTransactions,39,7,2,0.3,0.5,3,0.06668175014901906,0.027777777777777776,0.915534103899403,4.860381841659546
BitcoinTransactions,39,7,2,0.3,0.5,4,0.07322835419067618,0.018518518518518517,0.6879207417756891,4.674850702285767
BitcoinTransactions,39,7,2,0.3,0.5,5,0.07216783632611466,0.041666666666666664,0.9146449892036073,4.895596265792847
BitcoinTransactions,39,7,2,0.35,0.5,1,0.07592147582140206,0.027777777777777776,0.912358694271561,4.696248769760132
BitcoinTransactions,39,7,2,0.35,0.5,2,0.07692359977520226,0.023809523809523808,0.9538930522037343,4.719432353973389
BitcoinTransactions,39,7,2,0.35,0.5,3,0.07894293455801712,0.07142857142857142,0.931411152038613,4.483616828918457
BitcoinTransactions,39,7,2,0.35,0.5,4,0.07616137430917154,0.03333333333333333,0.9540200685888479,4.696840524673462
BitcoinTransactions,39,7,2,0.35,0.5,5,0.06556865184891865,0.1,0.987679410643973,4.9041337966918945
BitcoinTransactions,39,7,2,0.4,0.5,1,0.06965019190750038,0.027777777777777776,0.9115965959608789,4.88278865814209
BitcoinTransactions,39,7,2,0.4,0.5,2,0.07416183533601632,0.03333333333333333,0.9131207925822431,4.889331817626953
BitcoinTransactions,39,7,2,0.4,0.5,3,0.06199951631886496,0.0,0.9066429569414455,4.643957614898682
BitcoinTransactions,39,7,2,0.4,0.5,4,0.07974802522546597,0.03333333333333333,0.9654515432490791,4.722330570220947
BitcoinTransactions,39,7,2,0.4,0.5,5,0.06744954823153278,0.0,0.9021973834624667,4.738604784011841
BitcoinTransactions,39,7,3,0.45,0.5,1,0.06551788222843657,0.027777777777777776,0.9077861044074685,4.697763204574585
BitcoinTransactions,39,7,3,0.45,0.5,2,0.07872797202378055,0.03333333333333333,0.9517337736568017,4.688299179077148
BitcoinTransactions,39,7,3,0.45,0.5,3,0.06560345165566867,0.027777777777777776,0.8816207290740505,4.661845445632935
BitcoinTransactions,39,7,3,0.45,0.5,4,0.06934278791797871,0.03333333333333333,0.8451670265464245,4.543771266937256
BitcoinTransactions,39,7,3,0.45,0.5,5,0.07133455333657505,0.027777777777777776,0.9185824971421314,4.901278018951416
BitcoinTransactions,39,7,3,0.5,0.5,1,0.07673562768423998,0.027777777777777776,0.9235361361615648,4.888095140457153
BitcoinTransactions,39,7,3,0.5,0.5,2,0.06766528259716617,0.0,0.912358694271561,4.9159674644470215
BitcoinTransactions,39,7,3,0.5,0.5,3,0.06619717352138507,0.03333333333333333,0.9206147593039502,4.850576162338257
BitcoinTransactions,39,7,3,0.5,0.5,4,0.07097640918504813,0.03333333333333333,0.9277276768703163,4.898204565048218
BitcoinTransactions,39,7,3,0.5,0.5,5,0.06448903249342519,0.03333333333333333,0.9152800711291756,4.948695421218872
BitcoinTransactions,39,7,3,0.55,0.5,1,0.06034149414251617,0.0,0.885812269782802,4.779484987258911
BitcoinTransactions,39,7,3,0.55,0.5,2,0.06445055882325786,0.08333333333333333,0.9883144925695415,4.861041784286499
BitcoinTransactions,39,7,3,0.55,0.5,3,0.07279229399458663,0.03333333333333333,0.924679283627588,4.870887517929077
BitcoinTransactions,39,7,3,0.55,0.5,4,0.06533895206780607,0.041666666666666664,0.9008002032262162,4.839621305465698
BitcoinTransactions,39,7,3,0.55,0.5,5,0.06389386997133291,0.06666666666666667,0.9230280706211101,4.890352487564087
BitcoinTransactions,39,7,4,0.6,0.5,1,0.05939648979120944,0.023809523809523808,0.9044836783945129,5.006382703781128
BitcoinTransactions,39,7,4,0.6,0.5,2,0.0697871470254821,0.0,0.885812269782802,5.057729959487915
BitcoinTransactions,39,7,4,0.6,0.5,3,0.07176344170774815,0.0,0.8607900419154071,4.909558296203613
BitcoinTransactions,39,7,4,0.6,0.5,4,0.08748279869749186,0.023809523809523808,0.9456369871713451,5.000445365905762
BitcoinTransactions,39,7,4,0.6,0.5,5,0.07543435866150175,0.07142857142857142,0.8934332528896227,4.945153713226318
BitcoinTransactions,39,7,4,0.65,0.5,1,0.0662490987896797,0.041666666666666664,0.9173123332909945,5.173767566680908
BitcoinTransactions,39,7,4,0.65,0.5,2,0.06750267873999419,0.027777777777777776,0.9212498412295186,5.090096950531006
BitcoinTransactions,39,7,4,0.65,0.5,3,0.07251111722154316,0.027777777777777776,0.915153054744062,5.084624767303467
BitcoinTransactions,39,7,4,0.65,0.5,4,0.06233957226668249,0.020833333333333332,0.9027054490029214,5.128152370452881
BitcoinTransactions,39,7,4,0.65,0.5,5,0.06680075284408449,0.027777777777777776,0.9193445954528134,4.931879758834839
BitcoinTransactions,39,7,4,0.7,0.5,1,0.06000017610631774,0.03333333333333333,0.8986409246792836,5.110066175460815
BitcoinTransactions,39,7,4,0.7,0.5,2,0.06139940592414231,0.03333333333333333,0.928235742410771,5.106638193130493
BitcoinTransactions,39,7,4,0.7,0.5,3,0.07070940961717687,0.0,0.8814937126889368,5.081933259963989
BitcoinTransactions,39,7,4,0.7,0.5,4,0.07483981464990491,0.041666666666666664,0.9230280706211101,4.964432001113892
BitcoinTransactions,39,7,4,0.7,0.5,5,0.06287845948982546,0.02857142857142857,0.8817477454591642,4.794783592224121
BitcoinTransactions,39,7,4,0.75,0.5,1,0.07028379197144574,0.027777777777777776,0.9080401371776959,5.036670923233032
BitcoinTransactions,39,7,4,0.75,0.5,2,0.0755840952998394,0.0,0.8747618442779118,4.907528877258301
BitcoinTransactions,39,7,4,0.75,0.5,3,0.070916784944018,0.05555555555555555,0.9301409881874761,4.920862436294556
BitcoinTransactions,39,7,4,0.75,0.5,4,0.07935015916977502,0.03333333333333333,0.9307760701130445,4.973179817199707
BitcoinTransactions,39,7,4,0.75,0.5,5,0.06537794005712617,0.05555555555555555,0.912358694271561,5.018353700637817
BitcoinTransactions,39,7,5,0.8,0.5,1,0.07256407012143586,0.07142857142857142,0.9103264321097422,4.767460584640503
BitcoinTransactions,39,7,5,0.8,0.5,2,0.06760447808086593,0.027777777777777776,0.9063889241712181,5.009399175643921
BitcoinTransactions,39,7,5,0.8,0.5,3,0.08077275632383275,0.03333333333333333,0.9281087260256573,5.035840034484863
BitcoinTransactions,39,7,5,0.8,0.5,4,0.07424132297154573,0.020833333333333332,0.9165502349803124,5.1008195877075195
BitcoinTransactions,39,7,5,0.8,0.5,5,0.06623840987311529,0.023809523809523808,0.9048647275498539,4.983792304992676
BitcoinTransactions,39,7,5,0.85,0.5,1,0.06621154607658743,0.03333333333333333,0.9085482027181506,5.130510330200195
BitcoinTransactions,39,7,5,0.85,0.5,2,0.06489535842630513,0.041666666666666664,0.9096913501841738,5.10748028755188
BitcoinTransactions,39,7,5,0.85,0.5,3,0.07671890405699983,0.023809523809523808,0.8887336466404167,5.0352702140808105
BitcoinTransactions,39,7,5,0.85,0.5,4,0.0666347052048417,0.0,0.8792074177568906,5.121746778488159
BitcoinTransactions,39,7,5,0.85,0.5,5,0.07263564402720633,0.023809523809523808,0.9281087260256573,5.160360336303711
BitcoinTransactions,39,7,5,0.9,0.5,1,0.07082562779230386,0.023809523809523808,0.9236631525466785,5.150609016418457
BitcoinTransactions,39,7,5,0.9,0.5,2,0.08407097107396527,0.05714285714285714,0.9315381684237266,4.858279228210449
BitcoinTransactions,39,7,5,0.9,0.5,3,0.06690990763526204,0.0,0.9168042677505398,5.093188524246216
BitcoinTransactions,39,7,5,0.9,0.5,4,0.07459763972491633,0.023809523809523808,0.9131207925822431,5.038879632949829
BitcoinTransactions,39,7,5,0.9,0.5,5,0.07031668664341027,0.023809523809523808,0.9202337101486092,4.966282844543457
BitcoinTransactions,39,7,6,0.95,0.5,1,0.059450854024902355,0.03333333333333333,0.9593547567636225,5.050343990325928
BitcoinTransactions,39,7,6,0.95,0.5,2,0.06997020474628204,0.02857142857142857,0.8898767941064397,4.812966823577881
BitcoinTransactions,39,7,6,0.95,0.5,3,0.06861548378790903,0.027777777777777776,0.9070240060967865,5.004122257232666
BitcoinTransactions,39,7,6,0.95,0.5,4,0.07254438446460239,0.06666666666666667,0.9777721326051061,4.943337678909302
BitcoinTransactions,39,7,6,0.95,0.5,5,0.07129583066705508,0.023809523809523808,0.921884923155087,5.0449841022491455
BitcoinTransactions,39,7,6,1,0.5,1,0.07446379917995528,0.02857142857142857,0.8855582370125746,4.984571218490601
BitcoinTransactions,39,7,6,1,0.5,2,0.0772773488115545,0.03333333333333333,0.9259494474787248,4.9819231033325195
BitcoinTransactions,39,7,6,1,0.5,3,0.06488005854842681,0.027777777777777776,0.9744697065921504,4.996567964553833
BitcoinTransactions,39,7,6,1,0.5,4,0.06968211427159453,0.03333333333333333,0.9776451162199924,5.028046607971191
BitcoinTransactions,39,7,6,1,0.5,5,0.058195919057943926,0.0,0.9128667598120157,5.15298318862915
