network_name,target_label,target_size,b,b_percentage,p,realization,ECS,M1,M2,elapsed_time_sec
BitcoinTransactions,1,428,0,0,,1,0.05203525599732001,0.0,1.0,
BitcoinTransactions,1,428,0,0,,2,0.05203525599732001,0.0,1.0,
BitcoinTransactions,1,428,0,0,,3,0.05203525599732001,0.0,1.0,
BitcoinTransactions,1,428,0,0,,4,0.05203525599732001,0.0,1.0,
BitcoinTransactions,1,428,0,0,,5,0.05203525599732001,0.0,1.0,
BitcoinTransactions,1,428,4,0.01,0.5,1,0.051499838661563574,0.002380952380952381,1.0,87.27867603302002
BitcoinTransactions,1,428,4,0.01,0.5,2,0.05203525599732001,0.0,1.0,85.51474642753601
BitcoinTransactions,1,428,4,0.01,0.5,3,0.05203525599732001,0.0,1.0,69.51199865341187
BitcoinTransactions,1,428,4,0.01,0.5,4,0.05203525599732001,0.0,1.0,36.40473222732544
BitcoinTransactions,1,428,4,0.01,0.5,5,0.05203525599732001,0.0,1.0,35.31468629837036
BitcoinTransactions,1,428,22,0.05,0.5,1,0.05203525599732001,0.0,1.0,36.24748158454895
BitcoinTransactions,1,428,22,0.05,0.5,2,0.05203525599732001,0.0,1.0,34.62565302848816
BitcoinTransactions,1,428,22,0.05,0.5,3,0.05313421921012822,0.0024752475247524753,1.0,34.799164056777954
BitcoinTransactions,1,428,22,0.05,0.5,4,0.05203525599732001,0.0,1.0,36.775352239608765
BitcoinTransactions,1,428,22,0.05,0.5,5,0.05203525599732001,0.0,1.0,56.56996989250183
BitcoinTransactions,1,428,43,0.1,0.5,1,0.051715057133884586,0.002421307506053269,1.0,56.51435303688049
BitcoinTransactions,1,428,43,0.1,0.5,2,0.05270807194238042,0.0024813895781637717,1.0,39.59976243972778
BitcoinTransactions,1,428,43,0.1,0.5,3,0.05203525599732001,0.0,1.0,35.89450693130493
BitcoinTransactions,1,428,43,0.1,0.5,4,0.052022955454900065,0.0,0.9998658078368223,35.29106068611145
BitcoinTransactions,1,428,43,0.1,0.5,5,0.05203525599732001,0.0,1.0,35.99780821800232
BitcoinTransactions,1,428,64,0.15,0.5,1,0.05203525599732001,0.0,1.0,35.485957622528076
BitcoinTransactions,1,428,64,0.15,0.5,2,0.05203525599732001,0.0,1.0,35.985429525375366
BitcoinTransactions,1,428,64,0.15,0.5,3,0.05249672929765636,0.0035587188612099642,1.0,35.48313927650452
BitcoinTransactions,1,428,64,0.15,0.5,4,0.05203525599732001,0.0,1.0,33.70006203651428
BitcoinTransactions,1,428,64,0.15,0.5,5,0.05203525599732001,0.0,1.0,33.544679403305054
BitcoinTransactions,1,428,86,0.2,0.5,1,0.05199965711608467,0.0,0.999194847020934,33.232770681381226
BitcoinTransactions,1,428,86,0.2,0.5,2,0.05172724097842698,0.002544529262086514,1.0,33.40412664413452
BitcoinTransactions,1,428,86,0.2,0.5,3,0.05203525599732001,0.0,1.0,33.23848104476929
BitcoinTransactions,1,428,86,0.2,0.5,4,0.05268228759349596,0.0028735632183908046,1.0,33.212196826934814
BitcoinTransactions,1,428,86,0.2,0.5,5,0.05203525599732001,0.0,1.0,33.58215618133545
BitcoinTransactions,1,428,108,0.25,0.5,1,0.05265594529485182,0.0025252525252525255,1.0,34.978070974349976
BitcoinTransactions,1,428,108,0.25,0.5,2,0.05203525599732001,0.0,1.0,34.66444158554077
BitcoinTransactions,1,428,108,0.25,0.5,3,0.05203525599732001,0.0,1.0,34.46163630485535
BitcoinTransactions,1,428,108,0.25,0.5,4,0.05203525599732001,0.0,1.0,34.51352262496948
BitcoinTransactions,1,428,108,0.25,0.5,5,0.051669778396632574,0.002347417840375587,1.0,34.52913975715637
BitcoinTransactions,1,428,129,0.3,0.5,1,0.05203525599732001,0.0,1.0,34.67772316932678
BitcoinTransactions,1,428,129,0.3,0.5,2,0.05203525599732001,0.0,1.0,34.945685148239136
BitcoinTransactions,1,428,129,0.3,0.5,3,0.05203525599732001,0.0,1.0,34.73514151573181
BitcoinTransactions,1,428,129,0.3,0.5,4,0.05191438990108654,0.002347417840375587,1.0,34.453779220581055
BitcoinTransactions,1,428,129,0.3,0.5,5,0.052847803565152895,0.0022675736961451248,0.9982555018786903,34.30358290672302
BitcoinTransactions,1,428,150,0.35,0.5,1,0.05192728922143102,0.00117096018735363,0.9997316156736447,35.104897260665894
BitcoinTransactions,1,428,150,0.35,0.5,2,0.05203525599732001,0.0,1.0,34.897226095199585
BitcoinTransactions,1,428,150,0.35,0.5,3,0.051426212673248754,0.0023923444976076554,1.0,35.49211239814758
BitcoinTransactions,1,428,150,0.35,0.5,4,0.05203525599732001,0.0,1.0,34.86726379394531
BitcoinTransactions,1,428,150,0.35,0.5,5,0.05203525599732001,0.0,1.0,35.81338930130005
BitcoinTransactions,1,428,172,0.4,0.5,1,0.05203525599732001,0.0,1.0,35.054508686065674
BitcoinTransactions,1,428,172,0.4,0.5,2,0.051969427041085,0.0,0.9985238862050456,35.21786856651306
BitcoinTransactions,1,428,172,0.4,0.5,3,0.05143919564635931,0.0016299918500407497,0.9997316156736447,35.45852470397949
BitcoinTransactions,1,428,172,0.4,0.5,4,0.05197110821172608,0.0,0.998792270531401,34.43023991584778
BitcoinTransactions,1,428,172,0.4,0.5,5,0.05198763404273246,0.0,0.998389694041868,34.920169830322266
BitcoinTransactions,1,428,194,0.45,0.5,1,0.05182872387651085,0.002369668246445498,1.0,34.60768532752991
BitcoinTransactions,1,428,194,0.45,0.5,2,0.05203525599732001,0.0,1.0,34.25978088378906
BitcoinTransactions,1,428,194,0.45,0.5,3,0.05203525599732001,0.0,1.0,34.802656173706055
BitcoinTransactions,1,428,194,0.45,0.5,4,0.05203525599732001,0.0,1.0,33.20700025558472
BitcoinTransactions,1,428,194,0.45,0.5,5,0.05203525599732001,0.0,1.0,34.91939330101013
BitcoinTransactions,1,428,215,0.5,0.5,1,0.05203525599732001,0.0,1.0,32.7134325504303
BitcoinTransactions,1,428,215,0.5,0.5,2,0.05203525599732001,0.0,1.0,34.168025970458984
BitcoinTransactions,1,428,215,0.5,0.5,3,0.05203525599732001,0.0,1.0,33.623544692993164
BitcoinTransactions,1,428,215,0.5,0.5,4,0.05203525599732001,0.0,1.0,44.550060749053955
BitcoinTransactions,1,428,215,0.5,0.5,5,0.05203525599732001,0.0,1.0,44.66332507133484
BitcoinTransactions,1,428,237,0.55,0.5,1,0.05203525599732001,0.0,1.0,45.19174265861511
BitcoinTransactions,1,428,237,0.55,0.5,2,0.05203525599732001,0.0,1.0,44.159279584884644
BitcoinTransactions,1,428,237,0.55,0.5,3,0.05203525599732001,0.0,1.0,43.44070219993591
BitcoinTransactions,1,428,237,0.55,0.5,4,0.05203525599732001,0.0,1.0,41.02902102470398
BitcoinTransactions,1,428,237,0.55,0.5,5,0.05203525599732001,0.0,1.0,34.832683086395264
BitcoinTransactions,1,428,258,0.6,0.5,1,0.05203525599732001,0.0,1.0,32.598952531814575
BitcoinTransactions,1,428,258,0.6,0.5,2,0.052850315720994426,0.001973684210526316,0.9982555018786903,34.48036980628967
BitcoinTransactions,1,428,258,0.6,0.5,3,0.05203525599732001,0.0,1.0,32.43408203125
BitcoinTransactions,1,428,258,0.6,0.5,4,0.05203525599732001,0.0,1.0,35.67883253097534
BitcoinTransactions,1,428,258,0.6,0.5,5,0.05203525599732001,0.0,1.0,32.89816665649414
BitcoinTransactions,1,428,280,0.65,0.5,1,0.05203525599732001,0.0,1.0,35.341567516326904
BitcoinTransactions,1,428,280,0.65,0.5,2,0.05203525599732001,0.0,1.0,35.04125189781189
BitcoinTransactions,1,428,280,0.65,0.5,3,0.05360027649464012,0.0031847133757961785,1.0,34.326894760131836
BitcoinTransactions,1,428,280,0.65,0.5,4,0.05203525599732001,0.0,1.0,35.93335175514221
BitcoinTransactions,1,428,280,0.65,0.5,5,0.05203525599732001,0.0,1.0,34.64367055892944
BitcoinTransactions,1,428,301,0.7,0.5,1,0.05203525599732001,0.0,1.0,33.377246379852295
BitcoinTransactions,1,428,301,0.7,0.5,2,0.051729569636889655,0.0024630541871921183,1.0,35.83821749687195
BitcoinTransactions,1,428,301,0.7,0.5,3,0.05273996036300452,0.003048780487804878,1.0,32.69701433181763
BitcoinTransactions,1,428,301,0.7,0.5,4,0.052215500089127134,0.002512562814070352,1.0,33.20646286010742
BitcoinTransactions,1,428,301,0.7,0.5,5,0.051343838882704565,0.0023584905660377358,1.0,36.48712921142578
BitcoinTransactions,1,428,322,0.75,0.5,1,0.05203525599732001,0.0,1.0,35.14114451408386
BitcoinTransactions,1,428,322,0.75,0.5,2,0.05327088257905964,0.002861230329041488,0.9998658078368223,35.166850328445435
BitcoinTransactions,1,428,322,0.75,0.5,3,0.05203525599732001,0.0,1.0,35.12360620498657
BitcoinTransactions,1,428,322,0.75,0.5,4,0.05203525599732001,0.0,1.0,36.48330783843994
BitcoinTransactions,1,428,322,0.75,0.5,5,0.05203525599732001,0.0,1.0,36.70653295516968
BitcoinTransactions,1,428,344,0.8,0.5,1,0.05203525599732001,0.0,1.0,35.24498414993286
BitcoinTransactions,1,428,344,0.8,0.5,2,0.05200917483650733,0.0,0.9982555018786903,36.87713170051575
BitcoinTransactions,1,428,344,0.8,0.5,3,0.05242530979016615,0.0025380710659898475,1.0,35.076828479766846
BitcoinTransactions,1,428,344,0.8,0.5,4,0.05203525599732001,0.0,1.0,35.720988273620605
BitcoinTransactions,1,428,344,0.8,0.5,5,0.05203525599732001,0.0,1.0,32.97094440460205
BitcoinTransactions,1,428,366,0.85,0.5,1,0.05203525599732001,0.0,1.0,32.817668437957764
BitcoinTransactions,1,428,366,0.85,0.5,2,0.05203525599732001,0.0,1.0,35.66912388801575
BitcoinTransactions,1,428,366,0.85,0.5,3,0.05201148226734306,0.0,0.999597423510467,34.895822048187256
BitcoinTransactions,1,428,366,0.85,0.5,4,0.05203525599732001,0.0,1.0,35.571768283843994
BitcoinTransactions,1,428,366,0.85,0.5,5,0.05203525599732001,0.0,1.0,35.51965141296387
BitcoinTransactions,1,428,387,0.9,0.5,1,0.05203525599732001,0.0,1.0,35.53461217880249
BitcoinTransactions,1,428,387,0.9,0.5,2,0.05203525599732001,0.0,1.0,36.02252817153931
BitcoinTransactions,1,428,387,0.9,0.5,3,0.05203525599732001,0.0,1.0,36.185479402542114
BitcoinTransactions,1,428,387,0.9,0.5,4,0.05340355213211421,0.0027100271002710027,1.0,35.074416160583496
BitcoinTransactions,1,428,387,0.9,0.5,5,0.05203525599732001,0.0,1.0,35.288774728775024
BitcoinTransactions,1,428,408,0.95,0.5,1,0.05203236678700673,0.0,0.9998658078368223,34.64349102973938
BitcoinTransactions,1,428,408,0.95,0.5,2,0.05202562850947084,0.0,0.9989264626945786,35.23368978500366
BitcoinTransactions,1,428,408,0.95,0.5,3,0.05196229128422603,0.0,0.9989264626945786,35.821561336517334
BitcoinTransactions,1,428,408,0.95,0.5,4,0.05200641660323723,0.0,0.999597423510467,34.34632635116577
BitcoinTransactions,1,428,408,0.95,0.5,5,0.051702044580482553,0.002369668246445498,1.0,35.417468786239624
BitcoinTransactions,1,428,430,1,0.5,1,0.05203525599732001,0.0,1.0,35.47499871253967
BitcoinTransactions,1,428,430,1,0.5,2,0.05203525599732001,0.0,1.0,34.884552240371704
BitcoinTransactions,1,428,430,1,0.5,3,0.051973486104917546,0.0,0.9989264626945786,35.406498670578
BitcoinTransactions,1,428,430,1,0.5,4,0.05203525599732001,0.0,1.0,34.74036717414856
BitcoinTransactions,1,428,430,1,0.5,5,0.05274470172930895,0.0025906735751295338,1.0,35.34752941131592
BitcoinTransactions,2,433,0,0,,1,0.05698684164646383,0.003424657534246575,1.0,
BitcoinTransactions,2,433,0,0,,2,0.05203525599732001,0.0,1.0,
BitcoinTransactions,2,433,0,0,,3,0.05203525599732001,0.0,1.0,
BitcoinTransactions,2,433,0,0,,4,0.05203525599732001,0.0,1.0,
BitcoinTransactions,2,433,0,0,,5,0.0534131012296567,0.002380952380952381,1.0,
BitcoinTransactions,2,433,5,0.01,0.5,1,0.05203525599732001,0.0,1.0,35.04431438446045
BitcoinTransactions,2,433,5,0.01,0.5,2,0.05203525599732001,0.0,1.0,35.232072591781616
BitcoinTransactions,2,433,5,0.01,0.5,3,0.05203525599732001,0.0,1.0,35.202669858932495
BitcoinTransactions,2,433,5,0.01,0.5,4,0.05280124746136079,0.0027247956403269754,1.0,35.198853969573975
BitcoinTransactions,2,433,5,0.01,0.5,5,0.05203525599732001,0.0,1.0,35.45905327796936
BitcoinTransactions,2,433,23,0.05,0.5,1,0.051942720702711116,0.0011574074074074073,0.9998657177386867,34.9958279132843
BitcoinTransactions,2,433,23,0.05,0.5,2,0.05203525599732001,0.0,1.0,35.37535381317139
BitcoinTransactions,2,433,23,0.05,0.5,3,0.05203525599732001,0.0,1.0,34.99467897415161
BitcoinTransactions,2,433,23,0.05,0.5,4,0.05203525599732001,0.0,1.0,36.66258454322815
BitcoinTransactions,2,433,23,0.05,0.5,5,0.05294442807196799,0.0025380710659898475,1.0,35.90649604797363
BitcoinTransactions,2,433,46,0.1,0.5,1,0.05258899601497519,0.0028011204481792717,1.0,35.94806528091431
BitcoinTransactions,2,433,46,0.1,0.5,2,0.05203525599732001,0.0,1.0,36.30757451057434
BitcoinTransactions,2,433,46,0.1,0.5,3,0.05203525599732001,0.0,1.0,35.600712060928345
BitcoinTransactions,2,433,46,0.1,0.5,4,0.05203525599732001,0.0,1.0,32.68973898887634
BitcoinTransactions,2,433,46,0.1,0.5,5,0.05166832589498724,0.002320185614849188,1.0,35.56426548957825
BitcoinTransactions,2,433,69,0.15,0.5,1,0.05155742080388794,0.002386634844868735,1.0,32.1125910282135
BitcoinTransactions,2,433,69,0.15,0.5,2,0.05295124765086633,0.0015151515151515152,0.9987914596481805,35.447466135025024
BitcoinTransactions,2,433,69,0.15,0.5,3,0.05181049490350284,0.0024630541871921183,1.0,32.58858513832092
BitcoinTransactions,2,433,69,0.15,0.5,4,0.05203525599732001,0.0,1.0,34.98926138877869
BitcoinTransactions,2,433,69,0.15,0.5,5,0.05203525599732001,0.0,1.0,35.596917390823364
BitcoinTransactions,2,433,92,0.2,0.5,1,0.05197198947620932,0.0023148148148148147,1.0,34.8782217502594
BitcoinTransactions,2,433,92,0.2,0.5,2,0.05286115850359086,0.002512562814070352,1.0,35.45950698852539
BitcoinTransactions,2,433,92,0.2,0.5,3,0.05203525599732001,0.0,1.0,35.55597758293152
BitcoinTransactions,2,433,92,0.2,0.5,4,0.05264730944202967,0.0026666666666666666,1.0,34.492377281188965
BitcoinTransactions,2,433,92,0.2,0.5,5,0.05203525599732001,0.0,1.0,32.92325973510742
BitcoinTransactions,2,433,115,0.25,0.5,1,0.051820287963162785,0.0023148148148148147,1.0,34.561402320861816
BitcoinTransactions,2,433,115,0.25,0.5,2,0.052542817778539676,0.0024875621890547263,1.0,34.97940969467163
BitcoinTransactions,2,433,115,0.25,0.5,3,0.05201768546518066,0.0,0.9994628709547468,36.09284067153931
BitcoinTransactions,2,433,115,0.25,0.5,4,0.051671696307172894,0.0033112582781456954,1.0,32.19012379646301
BitcoinTransactions,2,433,115,0.25,0.5,5,0.05203525599732001,0.0,1.0,35.644731760025024
BitcoinTransactions,2,433,138,0.3,0.5,1,0.05203525599732001,0.0,1.0,35.00345492362976
BitcoinTransactions,2,433,138,0.3,0.5,2,0.051875672976113216,0.0,0.9977172015576742,35.450401306152344
BitcoinTransactions,2,433,138,0.3,0.5,3,0.05203525599732001,0.0,1.0,32.678858280181885
BitcoinTransactions,2,433,138,0.3,0.5,4,0.052037973535775314,0.0,0.9997314354773734,35.58677649497986
BitcoinTransactions,2,433,138,0.3,0.5,5,0.05203525599732001,0.0,1.0,32.84993314743042
BitcoinTransactions,2,433,161,0.35,0.5,1,0.051769122305716654,0.002386634844868735,1.0,34.599148750305176
BitcoinTransactions,2,433,161,0.35,0.5,2,0.05203525599732001,0.0,1.0,40.870017766952515
BitcoinTransactions,2,433,161,0.35,0.5,3,0.051121836180386106,0.0024691358024691358,1.0,45.53061127662659
BitcoinTransactions,2,433,161,0.35,0.5,4,0.052372136323792666,0.0006097560975609756,0.9965086612058547,34.77492880821228
BitcoinTransactions,2,433,161,0.35,0.5,5,0.05203525599732001,0.0,1.0,35.31647992134094
BitcoinTransactions,2,433,184,0.4,0.5,1,0.052019313694126434,0.0,0.9998657177386867,34.16487097740173
BitcoinTransactions,2,433,184,0.4,0.5,2,0.0520103148999242,0.0023148148148148147,1.0,35.69217228889465
BitcoinTransactions,2,433,184,0.4,0.5,3,0.0519775385868795,0.0023148148148148147,1.0,35.538111448287964
BitcoinTransactions,2,433,184,0.4,0.5,4,0.05203525599732001,0.0,1.0,35.47153425216675
BitcoinTransactions,2,433,184,0.4,0.5,5,0.05200742494480688,0.0023148148148148147,1.0,35.17701816558838
BitcoinTransactions,2,433,207,0.45,0.5,1,0.05244516545252378,0.002457002457002457,1.0,34.259671449661255
BitcoinTransactions,2,433,207,0.45,0.5,2,0.05203525599732001,0.0,1.0,35.18128681182861
BitcoinTransactions,2,433,207,0.45,0.5,3,0.05203525599732001,0.0,1.0,35.16593313217163
BitcoinTransactions,2,433,207,0.45,0.5,4,0.05203086467261028,0.0,0.9998657177386867,35.67806339263916
BitcoinTransactions,2,433,207,0.45,0.5,5,0.05203525599732001,0.0,1.0,36.039164781570435
BitcoinTransactions,2,433,230,0.5,0.5,1,0.05203525599732001,0.0,1.0,35.92277264595032
BitcoinTransactions,2,433,230,0.5,0.5,2,0.05203525599732001,0.0,1.0,35.046135902404785
BitcoinTransactions,2,433,230,0.5,0.5,3,0.05201608265207353,0.0,0.9997314354773734,35.555471897125244
BitcoinTransactions,2,433,230,0.5,0.5,4,0.05203525599732001,0.0,1.0,35.17765736579895
BitcoinTransactions,2,433,230,0.5,0.5,5,0.05203525599732001,0.0,1.0,35.651681423187256
BitcoinTransactions,2,433,253,0.55,0.5,1,0.05203525599732001,0.0,1.0,35.94025707244873
BitcoinTransactions,2,433,253,0.55,0.5,2,0.05203525599732001,0.0,1.0,33.26647877693176
BitcoinTransactions,2,433,253,0.55,0.5,3,0.052576913535948296,0.002793296089385475,1.0,33.543572425842285
BitcoinTransactions,2,433,253,0.55,0.5,4,0.05203525599732001,0.0,1.0,35.166537284851074
BitcoinTransactions,2,433,253,0.55,0.5,5,0.05217426099640323,0.0016025641025641025,0.9985228951255539,35.52276372909546
BitcoinTransactions,2,433,276,0.6,0.5,1,0.05203525599732001,0.0,1.0,35.30405020713806
BitcoinTransactions,2,433,276,0.6,0.5,2,0.05349978702977064,0.0030959752321981426,1.0,33.95879411697388
BitcoinTransactions,2,433,276,0.6,0.5,3,0.05203525599732001,0.0,1.0,35.06342816352844
BitcoinTransactions,2,433,276,0.6,0.5,4,0.05203525599732001,0.0,1.0,34.31880331039429
BitcoinTransactions,2,433,276,0.6,0.5,5,0.05203525599732001,0.0,1.0,35.65219831466675
BitcoinTransactions,2,433,299,0.65,0.5,1,0.05203525599732001,0.0,1.0,36.09248614311218
BitcoinTransactions,2,433,299,0.65,0.5,2,0.05172490954101801,0.002421307506053269,1.0,35.808857440948486
BitcoinTransactions,2,433,299,0.65,0.5,3,0.05203525599732001,0.0,1.0,34.83480381965637
BitcoinTransactions,2,433,299,0.65,0.5,4,0.05203525599732001,0.0,1.0,35.37628173828125
BitcoinTransactions,2,433,299,0.65,0.5,5,0.05203525599732001,0.0,1.0,34.72855567932129
BitcoinTransactions,2,433,322,0.7,0.5,1,0.05270992780307571,0.0013966480446927375,0.9998657177386867,32.529449224472046
BitcoinTransactions,2,433,322,0.7,0.5,2,0.05203525599732001,0.0,1.0,32.92413115501404
BitcoinTransactions,2,433,322,0.7,0.5,3,0.05198206920289566,0.0,0.9987914596481805,35.09723472595215
BitcoinTransactions,2,433,322,0.7,0.5,4,0.05203525599732001,0.0,1.0,34.99852228164673
BitcoinTransactions,2,433,322,0.7,0.5,5,0.05305142057017629,0.002777777777777778,1.0,34.169031381607056
BitcoinTransactions,2,433,345,0.75,0.5,1,0.05203525599732001,0.0,1.0,35.10054349899292
BitcoinTransactions,2,433,345,0.75,0.5,2,0.05203525599732001,0.0,1.0,35.02696466445923
BitcoinTransactions,2,433,345,0.75,0.5,3,0.05203525599732001,0.0,1.0,35.51670026779175
BitcoinTransactions,2,433,345,0.75,0.5,4,0.05203525599732001,0.0,1.0,36.1245801448822
BitcoinTransactions,2,433,345,0.75,0.5,5,0.05202199061883282,0.0,0.9997314354773734,32.82766628265381
BitcoinTransactions,2,433,368,0.8,0.5,1,0.05203525599732001,0.0,1.0,33.006325006484985
BitcoinTransactions,2,433,368,0.8,0.5,2,0.05203525599732001,0.0,1.0,35.29633140563965
BitcoinTransactions,2,433,368,0.8,0.5,3,0.05184640487757542,0.0,0.9951658385927219,34.341633796691895
BitcoinTransactions,2,433,368,0.8,0.5,4,0.05203525599732001,0.0,1.0,35.26036477088928
BitcoinTransactions,2,433,368,0.8,0.5,5,0.05203525599732001,0.0,1.0,34.93624305725098
BitcoinTransactions,2,433,391,0.85,0.5,1,0.05203525599732001,0.0,1.0,32.911261558532715
BitcoinTransactions,2,433,391,0.85,0.5,2,0.05203525599732001,0.0,1.0,34.89671969413757
BitcoinTransactions,2,433,391,0.85,0.5,3,0.05203525599732001,0.0,1.0,35.75455832481384
BitcoinTransactions,2,433,391,0.85,0.5,4,0.05203525599732001,0.0,1.0,35.15112853050232
BitcoinTransactions,2,433,391,0.85,0.5,5,0.05203525599732001,0.0,1.0,35.18550157546997
BitcoinTransactions,2,433,414,0.9,0.5,1,0.052346593783392154,0.0013550135501355014,0.9998657177386867,35.40977168083191
BitcoinTransactions,2,433,414,0.9,0.5,2,0.05203525599732001,0.0,1.0,34.946250915527344
BitcoinTransactions,2,433,414,0.9,0.5,3,0.05364474265348074,0.0016891891891891893,0.9998657177386867,34.95872473716736
BitcoinTransactions,2,433,414,0.9,0.5,4,0.05203525599732001,0.0,1.0,35.14993619918823
BitcoinTransactions,2,433,414,0.9,0.5,5,0.05203525599732001,0.0,1.0,34.87575602531433
BitcoinTransactions,2,433,437,0.95,0.5,1,0.05273279321999665,0.002617801047120419,1.0,35.040210008621216
BitcoinTransactions,2,433,437,0.95,0.5,2,0.05322224076132712,0.0037593984962406013,1.0,34.31645488739014
BitcoinTransactions,2,433,437,0.95,0.5,3,0.05203525599732001,0.0,1.0,34.98325562477112
BitcoinTransactions,2,433,437,0.95,0.5,4,0.05203525599732001,0.0,1.0,35.33420252799988
BitcoinTransactions,2,433,437,0.95,0.5,5,0.05196150327423317,0.0,0.9986571773868672,34.66158938407898
BitcoinTransactions,2,433,460,1,0.5,1,0.05210009319129443,0.0024271844660194173,1.0,35.275572061538696
BitcoinTransactions,2,433,460,1,0.5,2,0.051988457885277006,0.0,0.9991943064321204,34.716015577316284
BitcoinTransactions,2,433,460,1,0.5,3,0.05203525599732001,0.0,1.0,35.22101640701294
BitcoinTransactions,2,433,460,1,0.5,4,0.051558499678159155,0.0023923444976076554,1.0,32.24028944969177
BitcoinTransactions,2,433,460,1,0.5,5,0.05381299203465085,0.00510204081632653,1.0,34.07531762123108
BitcoinTransactions,3,261,0,0,,1,0.05203525599732001,0.0,1.0,
BitcoinTransactions,3,261,0,0,,2,0.05203525599732001,0.0,1.0,
BitcoinTransactions,3,261,0,0,,3,0.05203525599732001,0.0,1.0,
BitcoinTransactions,3,261,0,0,,4,0.05203525599732001,0.0,1.0,
BitcoinTransactions,3,261,0,0,,5,0.05446996885729636,0.001976284584980237,0.9972437327733298,
BitcoinTransactions,3,261,3,0.01,0.5,1,0.05203525599732001,0.0,1.0,35.133755922317505
BitcoinTransactions,3,261,3,0.01,0.5,2,0.05203525599732001,0.0,1.0,35.256192207336426
BitcoinTransactions,3,261,3,0.01,0.5,3,0.05266509973720897,0.004366812227074236,1.0,34.54756784439087
BitcoinTransactions,3,261,3,0.01,0.5,4,0.05203525599732001,0.0,1.0,35.39067029953003
BitcoinTransactions,3,261,3,0.01,0.5,5,0.05203525599732001,0.0,1.0,35.177574634552
BitcoinTransactions,3,261,16,0.05,0.5,1,0.05203525599732001,0.0,1.0,34.61550784111023
BitcoinTransactions,3,261,16,0.05,0.5,2,0.05203525599732001,0.0,1.0,35.68917798995972
BitcoinTransactions,3,261,16,0.05,0.5,3,0.05251832348965743,0.004329004329004329,1.0,34.428725242614746
BitcoinTransactions,3,261,16,0.05,0.5,4,0.05203525599732001,0.0,1.0,35.26630449295044
BitcoinTransactions,3,261,16,0.05,0.5,5,0.05203525599732001,0.0,1.0,35.31166315078735
BitcoinTransactions,3,261,33,0.1,0.5,1,0.05203525599732001,0.0,1.0,34.44341778755188
BitcoinTransactions,3,261,33,0.1,0.5,2,0.05156360637685179,0.001287001287001287,0.9938312114450716,35.17171239852905
BitcoinTransactions,3,261,33,0.1,0.5,3,0.05203525599732001,0.0,1.0,34.18715786933899
BitcoinTransactions,3,261,33,0.1,0.5,4,0.05203525599732001,0.0,1.0,35.03496813774109
BitcoinTransactions,3,261,33,0.1,0.5,5,0.05203525599732001,0.0,1.0,35.385822057724
BitcoinTransactions,3,261,49,0.15,0.5,1,0.05203525599732001,0.0,1.0,34.364343881607056
BitcoinTransactions,3,261,49,0.15,0.5,2,0.05203525599732001,0.0,1.0,35.346346378326416
BitcoinTransactions,3,261,49,0.15,0.5,3,0.05203525599732001,0.0,1.0,35.113662004470825
BitcoinTransactions,3,261,49,0.15,0.5,4,0.05202926395196455,0.0038461538461538464,1.0,35.19826149940491
BitcoinTransactions,3,261,49,0.15,0.5,5,0.05203525599732001,0.0,1.0,35.335683822631836
BitcoinTransactions,3,261,65,0.2,0.5,1,0.05203525599732001,0.0,1.0,34.521403789520264
BitcoinTransactions,3,261,65,0.2,0.5,2,0.05203525599732001,0.0,1.0,35.31481385231018
BitcoinTransactions,3,261,65,0.2,0.5,3,0.05158977525142933,0.003968253968253968,1.0,35.16349458694458
BitcoinTransactions,3,261,65,0.2,0.5,4,0.052201052263670715,0.003738317757009346,0.9992124950780943,34.237987756729126
BitcoinTransactions,3,261,65,0.2,0.5,5,0.05203525599732001,0.0,1.0,35.29476046562195
BitcoinTransactions,3,261,82,0.25,0.5,1,0.05186711674798457,0.0,0.9975062344139651,34.62422776222229
BitcoinTransactions,3,261,82,0.25,0.5,2,0.0535124313789316,0.005025125628140704,1.0,34.88399648666382
BitcoinTransactions,3,261,82,0.25,0.5,3,0.05175278032136302,0.0,0.9934374589841186,35.265697717666626
BitcoinTransactions,3,261,82,0.25,0.5,4,0.05203525599732001,0.0,1.0,34.39496874809265
BitcoinTransactions,3,261,82,0.25,0.5,5,0.05435109274097074,0.005813953488372093,1.0,34.97851538658142
BitcoinTransactions,3,261,98,0.3,0.5,1,0.05168253061463562,0.0019230769230769232,0.9980312376952356,34.7275915145874
BitcoinTransactions,3,261,98,0.3,0.5,2,0.05203525599732001,0.0,1.0,35.34732913970947
BitcoinTransactions,3,261,98,0.3,0.5,3,0.05203525599732001,0.0,1.0,35.247902154922485
BitcoinTransactions,3,261,98,0.3,0.5,4,0.052828111905421596,0.004761904761904762,1.0,34.24796175956726
BitcoinTransactions,3,261,98,0.3,0.5,5,0.05203525599732001,0.0,1.0,35.22053599357605
BitcoinTransactions,3,261,114,0.35,0.5,1,0.05203525599732001,0.0,1.0,35.23427200317383
BitcoinTransactions,3,261,114,0.35,0.5,2,0.05203525599732001,0.0,1.0,34.72859835624695
BitcoinTransactions,3,261,114,0.35,0.5,3,0.05203525599732001,0.0,1.0,35.28990817070007
BitcoinTransactions,3,261,114,0.35,0.5,4,0.05203525599732001,0.0,1.0,34.570046186447144
BitcoinTransactions,3,261,114,0.35,0.5,5,0.05203525599732001,0.0,1.0,35.156553983688354
BitcoinTransactions,3,261,131,0.4,0.5,1,0.05203525599732001,0.0,1.0,35.276267290115356
BitcoinTransactions,3,261,131,0.4,0.5,2,0.05196087523572667,0.0,0.9975062344139651,34.53988862037659
BitcoinTransactions,3,261,131,0.4,0.5,3,0.05203525599732001,0.0,1.0,35.25469899177551
BitcoinTransactions,3,261,131,0.4,0.5,4,0.05203525599732001,0.0,1.0,34.239118814468384
BitcoinTransactions,3,261,131,0.4,0.5,5,0.05300786377362375,0.004878048780487805,1.0,34.75599694252014
BitcoinTransactions,3,261,147,0.45,0.5,1,0.05222997312333189,0.0017094017094017094,0.9989499934374589,35.19851517677307
BitcoinTransactions,3,261,147,0.45,0.5,2,0.05203525599732001,0.0,1.0,34.40967631340027
BitcoinTransactions,3,261,147,0.45,0.5,3,0.05201211473859506,0.0,0.9994749967187295,34.94977307319641
BitcoinTransactions,3,261,147,0.45,0.5,4,0.05203525599732001,0.0,1.0,34.82915663719177
BitcoinTransactions,3,261,147,0.45,0.5,5,0.0520310974375162,0.0,0.9998687491796824,33.95210361480713
BitcoinTransactions,3,261,164,0.5,0.5,1,0.05203525599732001,0.0,1.0,34.81296634674072
BitcoinTransactions,3,261,164,0.5,0.5,2,0.05203525599732001,0.0,1.0,34.317265033721924
BitcoinTransactions,3,261,164,0.5,0.5,3,0.05222627079234883,0.003952569169960474,1.0,35.25110864639282
BitcoinTransactions,3,261,164,0.5,0.5,4,0.05203525599732001,0.0,1.0,35.65425896644592
BitcoinTransactions,3,261,164,0.5,0.5,5,0.05203525599732001,0.0,1.0,35.77631163597107
BitcoinTransactions,3,261,180,0.55,0.5,1,0.05184473110952765,0.00392156862745098,1.0,34.14226770401001
BitcoinTransactions,3,261,180,0.55,0.5,2,0.05174687394348783,0.0,0.9925187032418953,34.9393470287323
BitcoinTransactions,3,261,180,0.55,0.5,3,0.05203525599732001,0.0,1.0,34.01610088348389
BitcoinTransactions,3,261,180,0.55,0.5,4,0.05203525599732001,0.0,1.0,35.34255123138428
BitcoinTransactions,3,261,180,0.55,0.5,5,0.05203525599732001,0.0,1.0,35.64299917221069
BitcoinTransactions,3,261,196,0.6,0.5,1,0.05167896995279396,0.003861003861003861,1.0,34.77305269241333
BitcoinTransactions,3,261,196,0.6,0.5,2,0.05203525599732001,0.0,1.0,35.60909581184387
BitcoinTransactions,3,261,196,0.6,0.5,3,0.05203525599732001,0.0,1.0,34.8073205947876
BitcoinTransactions,3,261,196,0.6,0.5,4,0.05204629347059444,0.0038461538461538464,1.0,35.79746651649475
BitcoinTransactions,3,261,196,0.6,0.5,5,0.05251962419417662,0.0045871559633027525,1.0,35.82416319847107
BitcoinTransactions,3,261,213,0.65,0.5,1,0.05275648018843899,0.004132231404958678,1.0,35.71834754943848
BitcoinTransactions,3,261,213,0.65,0.5,2,0.05203525599732001,0.0,1.0,35.71065306663513
BitcoinTransactions,3,261,213,0.65,0.5,3,0.05203525599732001,0.0,1.0,34.99306535720825
BitcoinTransactions,3,261,213,0.65,0.5,4,0.05295367003732481,0.004081632653061225,1.0,35.723925828933716
BitcoinTransactions,3,261,213,0.65,0.5,5,0.05203525599732001,0.0,1.0,35.86353421211243
BitcoinTransactions,3,261,229,0.7,0.5,1,0.05239536593967822,0.0045045045045045045,1.0,34.51814365386963
BitcoinTransactions,3,261,229,0.7,0.5,2,0.05289431332437997,0.004081632653061225,1.0,35.39661693572998
BitcoinTransactions,3,261,229,0.7,0.5,3,0.05203525599732001,0.0,1.0,35.406033515930176
BitcoinTransactions,3,261,229,0.7,0.5,4,0.05203525599732001,0.0,1.0,35.10042643547058
BitcoinTransactions,3,261,229,0.7,0.5,5,0.05203525599732001,0.0,1.0,35.23843812942505
BitcoinTransactions,3,261,245,0.75,0.5,1,0.05203575105457015,0.0,0.9998687491796824,34.29500412940979
BitcoinTransactions,3,261,245,0.75,0.5,2,0.05322142102322512,0.005649717514124294,1.0,35.00343632698059
BitcoinTransactions,3,261,245,0.75,0.5,3,0.05203525599732001,0.0,1.0,35.28893494606018
BitcoinTransactions,3,261,245,0.75,0.5,4,0.05203525599732001,0.0,1.0,34.701831579208374
BitcoinTransactions,3,261,245,0.75,0.5,5,0.05203525599732001,0.0,1.0,35.61374092102051
BitcoinTransactions,3,261,262,0.8,0.5,1,0.05203525599732001,0.0,1.0,34.391424894332886
BitcoinTransactions,3,261,262,0.8,0.5,2,0.05203525599732001,0.0,1.0,35.36201763153076
BitcoinTransactions,3,261,262,0.8,0.5,3,0.05203525599732001,0.0,1.0,34.987719774246216
BitcoinTransactions,3,261,262,0.8,0.5,4,0.05203525599732001,0.0,1.0,34.23316931724548
BitcoinTransactions,3,261,262,0.8,0.5,5,0.0517041461600736,0.00390625,1.0,35.15220522880554
BitcoinTransactions,3,261,278,0.85,0.5,1,0.05203525599732001,0.0,1.0,34.4480676651001
BitcoinTransactions,3,261,278,0.85,0.5,2,0.052035751054570145,0.0,0.9998687491796824,35.63307476043701
BitcoinTransactions,3,261,278,0.85,0.5,3,0.05203525599732001,0.0,1.0,35.25382876396179
BitcoinTransactions,3,261,278,0.85,0.5,4,0.05181105223334445,0.0,0.9956687229295184,35.23569059371948
BitcoinTransactions,3,261,278,0.85,0.5,5,0.05138513440769342,0.0019230769230769232,0.9996062475390471,34.931795835494995
BitcoinTransactions,3,261,294,0.9,0.5,1,0.05203525599732001,0.0,1.0,34.125344038009644
BitcoinTransactions,3,261,294,0.9,0.5,2,0.05203525599732001,0.0,1.0,34.748652935028076
BitcoinTransactions,3,261,294,0.9,0.5,3,0.05203525599732001,0.0,1.0,35.22880220413208
BitcoinTransactions,3,261,294,0.9,0.5,4,0.05203525599732001,0.0,1.0,34.77119040489197
BitcoinTransactions,3,261,294,0.9,0.5,5,0.05203525599732001,0.0,1.0,34.838109254837036
BitcoinTransactions,3,261,311,0.95,0.5,1,0.05203525599732001,0.0,1.0,34.81852412223816
BitcoinTransactions,3,261,311,0.95,0.5,2,0.05202747904399077,0.0,0.9997374983593648,34.8748996257782
BitcoinTransactions,3,261,311,0.95,0.5,3,0.051556464642509556,0.003875968992248062,1.0,35.19204044342041
BitcoinTransactions,3,261,311,0.95,0.5,4,0.05303709159500708,0.0041841004184100415,1.0,34.20844483375549
BitcoinTransactions,3,261,311,0.95,0.5,5,0.05203525599732001,0.0,1.0,30.516889095306396
BitcoinTransactions,3,261,327,1,0.5,1,0.05283712952383592,0.004784688995215311,1.0,19.889629125595093
BitcoinTransactions,3,261,327,1,0.5,2,0.05203086467261028,0.0,0.9998687491796824,20.20663833618164
BitcoinTransactions,3,261,327,1,0.5,3,0.0516675330193764,0.003875968992248062,1.0,20.366599559783936
BitcoinTransactions,3,261,327,1,0.5,4,0.05203525599732001,0.0,1.0,20.491448402404785
BitcoinTransactions,3,261,327,1,0.5,5,0.05203525599732001,0.0,1.0,20.62814712524414
BitcoinTransactions,4,489,0,0,,1,0.05466077844544823,0.0014204545454545455,0.9983764037342714,
BitcoinTransactions,4,489,0,0,,2,0.05203525599732001,0.0,1.0,
BitcoinTransactions,4,489,0,0,,3,0.05203525599732001,0.0,1.0,
BitcoinTransactions,4,489,0,0,,4,0.05203525599732001,0.0,1.0,
BitcoinTransactions,4,489,0,0,,5,0.05203525599732001,0.0,1.0,
BitcoinTransactions,4,489,5,0.01,0.5,1,0.05181091017281555,0.0020491803278688526,1.0,20.429013967514038
BitcoinTransactions,4,489,5,0.01,0.5,2,0.0516589288164914,0.002066115702479339,1.0,20.339591026306152
BitcoinTransactions,4,489,5,0.01,0.5,3,0.05203525599732001,0.0,1.0,20.437071323394775
BitcoinTransactions,4,489,5,0.01,0.5,4,0.05203525599732001,0.0,1.0,20.815213680267334
BitcoinTransactions,4,489,5,0.01,0.5,5,0.052730441862391876,0.00273224043715847,1.0,20.28629493713379
BitcoinTransactions,4,489,25,0.05,0.5,1,0.052448900960271196,0.002288329519450801,1.0,20.26315712928772
BitcoinTransactions,4,489,25,0.05,0.5,2,0.05188289023240278,0.001026694045174538,0.9991882018671358,20.429431200027466
BitcoinTransactions,4,489,25,0.05,0.5,3,0.05203525599732001,0.0,1.0,20.44235134124756
BitcoinTransactions,4,489,25,0.05,0.5,4,0.05203525599732001,0.0,1.0,20.591362953186035
BitcoinTransactions,4,489,25,0.05,0.5,5,0.05203525599732001,0.0,1.0,20.9387104511261
BitcoinTransactions,4,489,49,0.1,0.5,1,0.05203525599732001,0.0,1.0,20.56286644935608
BitcoinTransactions,4,489,49,0.1,0.5,2,0.05133820154795125,0.0021008403361344537,1.0,20.57912588119507
BitcoinTransactions,4,489,49,0.1,0.5,3,0.05203525599732001,0.0,1.0,21.096944332122803
BitcoinTransactions,4,489,49,0.1,0.5,4,0.05203525599732001,0.0,1.0,20.89841628074646
BitcoinTransactions,4,489,49,0.1,0.5,5,0.051816640604310266,0.0006858710562414266,0.9991882018671358,20.49016261100769
BitcoinTransactions,4,489,74,0.15,0.5,1,0.05203525599732001,0.0,1.0,20.62429165840149
BitcoinTransactions,4,489,74,0.15,0.5,2,0.05203525599732001,0.0,1.0,20.89906930923462
BitcoinTransactions,4,489,74,0.15,0.5,3,0.05165852275793916,0.002061855670103093,1.0,20.639989614486694
BitcoinTransactions,4,489,74,0.15,0.5,4,0.05203525599732001,0.0,1.0,20.63862442970276
BitcoinTransactions,4,489,74,0.15,0.5,5,0.05159176551747418,0.0020833333333333333,1.0,20.659488439559937
BitcoinTransactions,4,489,99,0.2,0.5,1,0.05201660641299558,0.0,0.9993235015559464,20.639318227767944
BitcoinTransactions,4,489,99,0.2,0.5,2,0.05203525599732001,0.0,1.0,20.481729745864868
BitcoinTransactions,4,489,99,0.2,0.5,3,0.0517093968884428,0.002053388090349076,1.0,20.933488368988037
BitcoinTransactions,4,489,99,0.2,0.5,4,0.05203525599732001,0.0,1.0,20.68598771095276
BitcoinTransactions,4,489,99,0.2,0.5,5,0.05203525599732001,0.0,1.0,20.458913803100586
BitcoinTransactions,4,489,123,0.25,0.5,1,0.05203525599732001,0.0,1.0,20.501232624053955
BitcoinTransactions,4,489,123,0.25,0.5,2,0.05348852484719411,0.002652519893899204,1.0,20.26728892326355
BitcoinTransactions,4,489,123,0.25,0.5,3,0.05203525599732001,0.0,1.0,20.548246145248413
BitcoinTransactions,4,489,123,0.25,0.5,4,0.05203525599732001,0.0,1.0,21.12541127204895
BitcoinTransactions,4,489,123,0.25,0.5,5,0.05203525599732001,0.0,1.0,20.76140570640564
BitcoinTransactions,4,489,148,0.3,0.5,1,0.05203525599732001,0.0,1.0,21.371962308883667
BitcoinTransactions,4,489,148,0.3,0.5,2,0.05203525599732001,0.0,1.0,21.144354343414307
BitcoinTransactions,4,489,148,0.3,0.5,3,0.05203525599732001,0.0,1.0,20.920192003250122
BitcoinTransactions,4,489,148,0.3,0.5,4,0.051930336618551315,0.00205761316872428,1.0,20.58272671699524
BitcoinTransactions,4,489,148,0.3,0.5,5,0.05203525599732001,0.0,1.0,20.901371717453003
BitcoinTransactions,4,489,173,0.35,0.5,1,0.05203525599732001,0.0,1.0,20.867438316345215
BitcoinTransactions,4,489,173,0.35,0.5,2,0.05203525599732001,0.0,1.0,21.222280025482178
BitcoinTransactions,4,489,173,0.35,0.5,3,0.05203525599732001,0.0,1.0,20.811713218688965
BitcoinTransactions,4,489,173,0.35,0.5,4,0.05196118320977836,0.0,0.9983764037342714,20.565872192382812
BitcoinTransactions,4,489,173,0.35,0.5,5,0.05203525599732001,0.0,1.0,21.409700870513916
BitcoinTransactions,4,489,197,0.4,0.5,1,0.05203525599732001,0.0,1.0,20.578224182128906
BitcoinTransactions,4,489,197,0.4,0.5,2,0.05203525599732001,0.0,1.0,20.49544930458069
BitcoinTransactions,4,489,197,0.4,0.5,3,0.05203525599732001,0.0,1.0,20.800553560256958
BitcoinTransactions,4,489,197,0.4,0.5,4,0.05299414804510711,0.003861003861003861,1.0,20.73699188232422
BitcoinTransactions,4,489,197,0.4,0.5,5,0.051970752512070444,0.0,0.9986470031118928,20.534228801727295
BitcoinTransactions,4,489,222,0.45,0.5,1,0.05203525599732001,0.0,1.0,20.361315488815308
BitcoinTransactions,4,489,222,0.45,0.5,2,0.05301593400394598,0.0026666666666666666,1.0,20.42702889442444
BitcoinTransactions,4,489,222,0.45,0.5,3,0.05203525599732001,0.0,1.0,20.43530821800232
BitcoinTransactions,4,489,222,0.45,0.5,4,0.05203525599732001,0.0,1.0,20.413861989974976
BitcoinTransactions,4,489,222,0.45,0.5,5,0.05203525599732001,0.0,1.0,20.481390714645386
BitcoinTransactions,4,489,246,0.5,0.5,1,0.05203525599732001,0.0,1.0,20.962236642837524
BitcoinTransactions,4,489,246,0.5,0.5,2,0.052424865603854016,0.002386634844868735,1.0,20.396266222000122
BitcoinTransactions,4,489,246,0.5,0.5,3,0.05203525599732001,0.0,1.0,20.649411916732788
BitcoinTransactions,4,489,246,0.5,0.5,4,0.05203525599732001,0.0,1.0,20.487952947616577
BitcoinTransactions,4,489,246,0.5,0.5,5,0.05325682615522583,0.0024449877750611247,1.0,20.396628379821777
BitcoinTransactions,4,489,271,0.55,0.5,1,0.05156860329111011,0.0021008403361344537,1.0,20.487235069274902
BitcoinTransactions,4,489,271,0.55,0.5,2,0.05203525599732001,0.0,1.0,20.724311590194702
BitcoinTransactions,4,489,271,0.55,0.5,3,0.05203525599732001,0.0,1.0,20.71153473854065
BitcoinTransactions,4,489,271,0.55,0.5,4,0.05291298667386004,0.0027397260273972603,1.0,20.34524130821228
BitcoinTransactions,4,489,271,0.55,0.5,5,0.05203525599732001,0.0,1.0,20.459787368774414
BitcoinTransactions,4,489,296,0.6,0.5,1,0.05203525599732001,0.0,1.0,20.626418352127075
BitcoinTransactions,4,489,296,0.6,0.5,2,0.05203525599732001,0.0,1.0,20.826879262924194
BitcoinTransactions,4,489,296,0.6,0.5,3,0.051675580990291764,0.0021598272138228943,1.0,21.301844596862793
BitcoinTransactions,4,489,296,0.6,0.5,4,0.05203525599732001,0.0,1.0,20.74286675453186
BitcoinTransactions,4,489,296,0.6,0.5,5,0.05247154569097815,0.0023094688221709007,1.0,20.40338921546936
BitcoinTransactions,4,489,320,0.65,0.5,1,0.05203525599732001,0.0,1.0,20.58238959312439
BitcoinTransactions,4,489,320,0.65,0.5,2,0.05186214638175843,0.0020491803278688526,1.0,20.729163646697998
BitcoinTransactions,4,489,320,0.65,0.5,3,0.05203525599732001,0.0,1.0,20.740418672561646
BitcoinTransactions,4,489,320,0.65,0.5,4,0.05203525599732001,0.0,1.0,20.31605315208435
BitcoinTransactions,4,489,320,0.65,0.5,5,0.05203525599732001,0.0,1.0,20.571218967437744
BitcoinTransactions,4,489,345,0.7,0.5,1,0.05203525599732001,0.0,1.0,20.39727234840393
BitcoinTransactions,4,489,345,0.7,0.5,2,0.05203525599732001,0.0,1.0,20.61715006828308
BitcoinTransactions,4,489,345,0.7,0.5,3,0.05203525599732001,0.0,1.0,20.895303964614868
BitcoinTransactions,4,489,345,0.7,0.5,4,0.05203525599732001,0.0,1.0,20.680136919021606
BitcoinTransactions,4,489,345,0.7,0.5,5,0.053751109556597655,0.003968253968253968,1.0,20.05643653869629
BitcoinTransactions,4,489,370,0.75,0.5,1,0.051939878798528655,0.0,0.9982411040454607,20.33946204185486
BitcoinTransactions,4,489,370,0.75,0.5,2,0.05203525599732001,0.0,1.0,20.15345001220703
BitcoinTransactions,4,489,370,0.75,0.5,3,0.05221901396798029,0.0022471910112359553,1.0,20.053718090057373
BitcoinTransactions,4,489,370,0.75,0.5,4,0.051962275524019955,0.0,0.9987823028007036,20.496243238449097
BitcoinTransactions,4,489,370,0.75,0.5,5,0.052028385692715604,0.0,0.9998647003111892,20.44453763961792
BitcoinTransactions,4,489,394,0.8,0.5,1,0.05291485116475431,0.0035087719298245615,1.0,20.811625957489014
BitcoinTransactions,4,489,394,0.8,0.5,2,0.05203525599732001,0.0,1.0,20.41237187385559
BitcoinTransactions,4,489,394,0.8,0.5,3,0.05275202383705097,0.0024509803921568627,1.0,20.023059129714966
BitcoinTransactions,4,489,394,0.8,0.5,4,0.05203525599732001,0.0,1.0,20.561925411224365
BitcoinTransactions,4,489,394,0.8,0.5,5,0.05203525599732001,0.0,1.0,20.67203187942505
BitcoinTransactions,4,489,419,0.85,0.5,1,0.05203381880761668,0.0,0.9998647003111892,20.349335193634033
BitcoinTransactions,4,489,419,0.85,0.5,2,0.053552883913763366,0.0026109660574412533,1.0,20.021787881851196
BitcoinTransactions,4,489,419,0.85,0.5,3,0.05203525599732001,0.0,1.0,20.288018703460693
BitcoinTransactions,4,489,419,0.85,0.5,4,0.05203525599732001,0.0,1.0,20.28128170967102
BitcoinTransactions,4,489,419,0.85,0.5,5,0.051934483758093404,0.0021551724137931034,1.0,20.79473638534546
BitcoinTransactions,4,489,444,0.9,0.5,1,0.052032366787006734,0.0,0.9998647003111892,21.744029998779297
BitcoinTransactions,4,489,444,0.9,0.5,2,0.05203525599732001,0.0,1.0,21.61558508872986
BitcoinTransactions,4,489,444,0.9,0.5,3,0.05203525599732001,0.0,1.0,21.60502552986145
BitcoinTransactions,4,489,444,0.9,0.5,4,0.05203525599732001,0.0,1.0,21.874518632888794
BitcoinTransactions,4,489,444,0.9,0.5,5,0.05203525599732001,0.0,1.0,21.679794788360596
BitcoinTransactions,4,489,468,0.95,0.5,1,0.05203525599732001,0.0,1.0,22.07626724243164
BitcoinTransactions,4,489,468,0.95,0.5,2,0.05203525599732001,0.0,1.0,22.088298082351685
BitcoinTransactions,4,489,468,0.95,0.5,3,0.05314725427175826,0.00234192037470726,1.0,20.191500902175903
BitcoinTransactions,4,489,468,0.95,0.5,4,0.05308070708270402,0.002688172043010753,1.0,20.388418674468994
BitcoinTransactions,4,489,468,0.95,0.5,5,0.05203525599732001,0.0,1.0,21.134913206100464
BitcoinTransactions,4,489,493,1,0.5,1,0.05203525599732001,0.0,1.0,20.277294397354126
BitcoinTransactions,4,489,493,1,0.5,2,0.05203525599732001,0.0,1.0,20.300807237625122
BitcoinTransactions,4,489,493,1,0.5,3,0.05203525599732001,0.0,1.0,20.22923731803894
BitcoinTransactions,4,489,493,1,0.5,4,0.0520310974375162,0.0,0.9998647003111892,20.84927988052368
BitcoinTransactions,4,489,493,1,0.5,5,0.05203525599732001,0.0,1.0,20.852284908294678
BitcoinTransactions,5,346,0,0,,1,0.05203525599732001,0.0,1.0,
BitcoinTransactions,5,346,0,0,,2,0.05203525599732001,0.0,1.0,
BitcoinTransactions,5,346,0,0,,3,0.05203525599732001,0.0,1.0,
BitcoinTransactions,5,346,0,0,,4,0.05203525599732001,0.0,1.0,
BitcoinTransactions,5,346,0,0,,5,0.051746490539477046,0.0014619883040935672,0.9984072205999469,
BitcoinTransactions,5,346,4,0.01,0.5,1,0.05163804228209932,0.002898550724637681,1.0,20.572827577590942
BitcoinTransactions,5,346,4,0.01,0.5,2,0.05201931369412643,0.0,0.999867268383329,20.326905965805054
BitcoinTransactions,5,346,4,0.01,0.5,3,0.053361280056981854,0.00392156862745098,1.0,20.09914803504944
BitcoinTransactions,5,346,4,0.01,0.5,4,0.05203525599732001,0.0,1.0,20.869962453842163
BitcoinTransactions,5,346,4,0.01,0.5,5,0.05146521524845304,0.002898550724637681,1.0,20.58566451072693
BitcoinTransactions,5,346,18,0.05,0.5,1,0.05203525599732001,0.0,1.0,20.36270523071289
BitcoinTransactions,5,346,18,0.05,0.5,2,0.05203525599732001,0.0,1.0,20.30865216255188
BitcoinTransactions,5,346,18,0.05,0.5,3,0.05140572133611085,0.002967359050445104,1.0,20.252512454986572
BitcoinTransactions,5,346,18,0.05,0.5,4,0.05203525599732001,0.0,1.0,20.66234517097473
BitcoinTransactions,5,346,18,0.05,0.5,5,0.05203525599732001,0.0,1.0,20.77935218811035
BitcoinTransactions,5,346,36,0.1,0.5,1,0.05203525599732001,0.0,1.0,20.39435076713562
BitcoinTransactions,5,346,36,0.1,0.5,2,0.05203525599732001,0.0,1.0,20.440855979919434
BitcoinTransactions,5,346,36,0.1,0.5,3,0.051944215625622715,0.0029069767441860465,1.0,20.415709972381592
BitcoinTransactions,5,346,36,0.1,0.5,4,0.05152962763278321,0.0029585798816568047,1.0,20.387348175048828
BitcoinTransactions,5,346,36,0.1,0.5,5,0.051832763486637796,0.0030864197530864196,1.0,20.841524362564087
BitcoinTransactions,5,346,54,0.15,0.5,1,0.05203525599732001,0.0,1.0,20.799651384353638
BitcoinTransactions,5,346,54,0.15,0.5,2,0.05203525599732001,0.0,1.0,20.474105834960938
BitcoinTransactions,5,346,54,0.15,0.5,3,0.05203525599732001,0.0,1.0,20.396040201187134
BitcoinTransactions,5,346,54,0.15,0.5,4,0.05203525599732001,0.0,1.0,20.518940448760986
BitcoinTransactions,5,346,54,0.15,0.5,5,0.05203525599732001,0.0,1.0,20.703495740890503
BitcoinTransactions,5,346,73,0.2,0.5,1,0.05203525599732001,0.0,1.0,20.85410976409912
BitcoinTransactions,5,346,73,0.2,0.5,2,0.05203525599732001,0.0,1.0,20.644763708114624
BitcoinTransactions,5,346,73,0.2,0.5,3,0.05298396793388096,0.005235602094240838,1.0,19.98815655708313
BitcoinTransactions,5,346,73,0.2,0.5,4,0.05203525599732001,0.0,1.0,20.20735216140747
BitcoinTransactions,5,346,73,0.2,0.5,5,0.05203525599732001,0.0,1.0,20.31131935119629
BitcoinTransactions,5,346,91,0.25,0.5,1,0.05203525599732001,0.0,1.0,20.350271463394165
BitcoinTransactions,5,346,91,0.25,0.5,2,0.05203525599732001,0.0,1.0,20.715019464492798
BitcoinTransactions,5,346,91,0.25,0.5,3,0.05203525599732001,0.0,1.0,20.574124097824097
BitcoinTransactions,5,346,91,0.25,0.5,4,0.052830808931072545,0.0031645569620253164,1.0,20.272136688232422
BitcoinTransactions,5,346,91,0.25,0.5,5,0.051840783050348754,0.0029585798816568047,1.0,20.47949981689453
BitcoinTransactions,5,346,109,0.3,0.5,1,0.05203525599732001,0.0,1.0,20.354855060577393
BitcoinTransactions,5,346,109,0.3,0.5,2,0.05203525599732001,0.0,1.0,20.508049726486206
BitcoinTransactions,5,346,109,0.3,0.5,3,0.05203525599732001,0.0,1.0,20.880826234817505
BitcoinTransactions,5,346,109,0.3,0.5,4,0.05203525599732001,0.0,1.0,21.437745571136475
BitcoinTransactions,5,346,109,0.3,0.5,5,0.05203525599732001,0.0,1.0,20.707236528396606
BitcoinTransactions,5,346,127,0.35,0.5,1,0.05157876045900593,0.0030211480362537764,1.0,20.679943323135376
BitcoinTransactions,5,346,127,0.35,0.5,2,0.0520310063240665,0.0,0.9997345367666578,20.52685809135437
BitcoinTransactions,5,346,127,0.35,0.5,3,0.05203525599732001,0.0,1.0,20.31960654258728
BitcoinTransactions,5,346,127,0.35,0.5,4,0.052920639674915844,0.0033003300330033004,1.0,20.300745964050293
BitcoinTransactions,5,346,127,0.35,0.5,5,0.05203525599732001,0.0,1.0,20.60263466835022
BitcoinTransactions,5,346,145,0.4,0.5,1,0.05203525599732001,0.0,1.0,20.26191520690918
BitcoinTransactions,5,346,145,0.4,0.5,2,0.05203525599732001,0.0,1.0,21.22049641609192
BitcoinTransactions,5,346,145,0.4,0.5,3,0.05139623818657844,0.003003003003003003,1.0,21.208751916885376
BitcoinTransactions,5,346,145,0.4,0.5,4,0.05199517902596621,0.0,0.9992036102999734,21.40397334098816
BitcoinTransactions,5,346,145,0.4,0.5,5,0.05203525599732001,0.0,1.0,21.285222053527832
BitcoinTransactions,5,346,163,0.45,0.5,1,0.05203525599732001,0.0,1.0,20.006467580795288
BitcoinTransactions,5,346,163,0.45,0.5,2,0.05203525599732001,0.0,1.0,19.970696449279785
BitcoinTransactions,5,346,163,0.45,0.5,3,0.05203525599732001,0.0,1.0,19.98992657661438
BitcoinTransactions,5,346,163,0.45,0.5,4,0.05202293650589055,0.0,0.9997345367666578,20.778346061706543
BitcoinTransactions,5,346,163,0.45,0.5,5,0.05201697704892793,0.0,0.9996018051499868,20.318381547927856
BitcoinTransactions,5,346,182,0.5,0.5,1,0.05203525599732001,0.0,1.0,20.73426055908203
BitcoinTransactions,5,346,182,0.5,0.5,2,0.0518457624275638,0.002932551319648094,1.0,20.111770391464233
BitcoinTransactions,5,346,182,0.5,0.5,3,0.05307566332859054,0.003952569169960474,1.0,19.79926347732544
BitcoinTransactions,5,346,182,0.5,0.5,4,0.05203525599732001,0.0,1.0,20.15926241874695
BitcoinTransactions,5,346,182,0.5,0.5,5,0.05203525599732001,0.0,1.0,20.113281726837158
BitcoinTransactions,5,346,200,0.55,0.5,1,0.05203525599732001,0.0,1.0,20.474903345108032
BitcoinTransactions,5,346,200,0.55,0.5,2,0.05202495348532412,0.0,0.9996018051499868,20.43141794204712
BitcoinTransactions,5,346,200,0.55,0.5,3,0.05203525599732001,0.0,1.0,20.148996353149414
BitcoinTransactions,5,346,200,0.55,0.5,4,0.051438784889442625,0.001466275659824047,0.999867268383329,19.990351915359497
BitcoinTransactions,5,346,200,0.55,0.5,5,0.05203525599732001,0.0,1.0,20.493279933929443
BitcoinTransactions,5,346,218,0.6,0.5,1,0.05134701601216907,0.0029411764705882353,1.0,20.401073217391968
BitcoinTransactions,5,346,218,0.6,0.5,2,0.05203525599732001,0.0,1.0,20.31063437461853
BitcoinTransactions,5,346,218,0.6,0.5,3,0.05203525599732001,0.0,1.0,20.54136633872986
BitcoinTransactions,5,346,218,0.6,0.5,4,0.05203525599732001,0.0,1.0,20.65180277824402
BitcoinTransactions,5,346,218,0.6,0.5,5,0.05203525599732001,0.0,1.0,20.713802337646484
BitcoinTransactions,5,346,236,0.65,0.5,1,0.05155589548799141,0.0029154518950437317,1.0,20.1801438331604
BitcoinTransactions,5,346,236,0.65,0.5,2,0.05261469475834811,0.0018587360594795538,0.999867268383329,20.03805708885193
BitcoinTransactions,5,346,236,0.65,0.5,3,0.05184182401866081,0.0014492753623188406,0.999867268383329,20.33030128479004
BitcoinTransactions,5,346,236,0.65,0.5,4,0.05203525599732001,0.0,1.0,20.520169496536255
BitcoinTransactions,5,346,236,0.65,0.5,5,0.05267071075703976,0.0016666666666666668,0.999867268383329,20.373608350753784
BitcoinTransactions,5,346,254,0.7,0.5,1,0.051921193158421974,0.000966183574879227,0.9988054154499602,20.179628610610962
BitcoinTransactions,5,346,254,0.7,0.5,2,0.052013944387197676,0.0,0.9981417573666047,20.110103368759155
BitcoinTransactions,5,346,254,0.7,0.5,3,0.05203525599732001,0.0,1.0,20.01712417602539
BitcoinTransactions,5,346,254,0.7,0.5,4,0.05203525599732001,0.0,1.0,20.615999221801758
BitcoinTransactions,5,346,254,0.7,0.5,5,0.05254003504624243,0.0033333333333333335,1.0,19.913567543029785
BitcoinTransactions,5,346,272,0.75,0.5,1,0.05203525599732001,0.0,1.0,19.9648699760437
BitcoinTransactions,5,346,272,0.75,0.5,2,0.05203525599732001,0.0,1.0,20.121859073638916
BitcoinTransactions,5,346,272,0.75,0.5,3,0.05203525599732001,0.0,1.0,20.328654050827026
BitcoinTransactions,5,346,272,0.75,0.5,4,0.05203525599732001,0.0,1.0,19.924343585968018
BitcoinTransactions,5,346,272,0.75,0.5,5,0.05203525599732001,0.0,1.0,20.15476632118225
BitcoinTransactions,5,346,290,0.8,0.5,1,0.05202475293219488,0.0,0.9992036102999734,20.196552515029907
BitcoinTransactions,5,346,290,0.8,0.5,2,0.05203525599732001,0.0,1.0,20.260123014450073
BitcoinTransactions,5,346,290,0.8,0.5,3,0.05203525599732001,0.0,1.0,20.32070541381836
BitcoinTransactions,5,346,290,0.8,0.5,4,0.05203525599732001,0.0,1.0,19.957924127578735
BitcoinTransactions,5,346,290,0.8,0.5,5,0.05203525599732001,0.0,1.0,20.090301752090454
BitcoinTransactions,5,346,309,0.85,0.5,1,0.05203525599732001,0.0,1.0,20.743221759796143
BitcoinTransactions,5,346,309,0.85,0.5,2,0.05203525599732001,0.0,1.0,20.708586931228638
BitcoinTransactions,5,346,309,0.85,0.5,3,0.05203525599732001,0.0,1.0,20.618571281433105
BitcoinTransactions,5,346,309,0.85,0.5,4,0.05203525599732001,0.0,1.0,20.585328817367554
BitcoinTransactions,5,346,309,0.85,0.5,5,0.05203525599732001,0.0,1.0,20.72393274307251
BitcoinTransactions,5,346,327,0.9,0.5,1,0.05203525599732001,0.0,1.0,20.643099069595337
BitcoinTransactions,5,346,327,0.9,0.5,2,0.05203525599732001,0.0,1.0,20.698912143707275
BitcoinTransactions,5,346,327,0.9,0.5,3,0.05203525599732001,0.0,1.0,20.430545330047607
BitcoinTransactions,5,346,327,0.9,0.5,4,0.05202382834539921,0.0,0.9997345367666578,21.043651342391968
BitcoinTransactions,5,346,327,0.9,0.5,5,0.05202172908993577,0.0,0.9993363419166446,20.629963874816895
BitcoinTransactions,5,346,345,0.95,0.5,1,0.05203381880761668,0.0,0.999867268383329,20.70680069923401
BitcoinTransactions,5,346,345,0.95,0.5,2,0.05180371576643834,0.003048780487804878,1.0,20.27749228477478
BitcoinTransactions,5,346,345,0.95,0.5,3,0.05167269159438395,0.002898550724637681,1.0,21.034257888793945
BitcoinTransactions,5,346,345,0.95,0.5,4,0.051942428871218256,0.002898550724637681,1.0,21.362662076950073
BitcoinTransactions,5,346,345,0.95,0.5,5,0.05202838569271562,0.0,0.999867268383329,21.62301778793335
BitcoinTransactions,5,346,363,1,0.5,1,0.05203525599732001,0.0,1.0,21.367486000061035
BitcoinTransactions,5,346,363,1,0.5,2,0.05203525599732001,0.0,1.0,21.72475290298462
BitcoinTransactions,5,346,363,1,0.5,3,0.05385322274234154,0.003745318352059925,1.0,21.577097415924072
BitcoinTransactions,5,346,363,1,0.5,4,0.05203525599732001,0.0,1.0,21.92523717880249
BitcoinTransactions,5,346,363,1,0.5,5,0.05203525599732001,0.0,1.0,21.490670204162598
BitcoinTransactions,6,594,0,0,,1,0.05203525599732001,0.0,1.0,
BitcoinTransactions,6,594,0,0,,2,0.052548314761452705,0.0017543859649122807,1.0,
BitcoinTransactions,6,594,0,0,,3,0.05203525599732001,0.0,1.0,
BitcoinTransactions,6,594,0,0,,4,0.05203525599732001,0.0,1.0,
BitcoinTransactions,6,594,0,0,,5,0.05203525599732001,0.0,1.0,
BitcoinTransactions,6,594,6,0.01,0.5,1,0.05203525599732001,0.0,1.0,21.706117391586304
BitcoinTransactions,6,594,6,0.01,0.5,2,0.052636299357773426,0.0027472527472527475,1.0,21.05996298789978
BitcoinTransactions,6,594,6,0.01,0.5,3,0.05203525599732001,0.0,1.0,21.33632802963257
BitcoinTransactions,6,594,6,0.01,0.5,4,0.05203525599732001,0.0,1.0,21.36530351638794
BitcoinTransactions,6,594,6,0.01,0.5,5,0.05203525599732001,0.0,1.0,21.415148735046387
BitcoinTransactions,6,594,30,0.05,0.5,1,0.05203525599732001,0.0,1.0,21.448716640472412
BitcoinTransactions,6,594,30,0.05,0.5,2,0.05203525599732001,0.0,1.0,21.412401914596558
BitcoinTransactions,6,594,30,0.05,0.5,3,0.05202295545490007,0.0016863406408094434,1.0,21.54448652267456
BitcoinTransactions,6,594,30,0.05,0.5,4,0.05203525599732001,0.0,1.0,21.700732231140137
BitcoinTransactions,6,594,30,0.05,0.5,5,0.05266594764826674,0.001037344398340249,0.9998627504803733,21.7403621673584
BitcoinTransactions,6,594,61,0.1,0.5,1,0.05203525599732001,0.0,1.0,21.790202379226685
BitcoinTransactions,6,594,61,0.1,0.5,2,0.05203525599732001,0.0,1.0,21.444558143615723
BitcoinTransactions,6,594,61,0.1,0.5,3,0.05203525599732001,0.0,1.0,21.441559553146362
BitcoinTransactions,6,594,61,0.1,0.5,4,0.05203525599732001,0.0,1.0,21.4368097782135
BitcoinTransactions,6,594,61,0.1,0.5,5,0.05322429728752885,0.002652519893899204,1.0,21.120482444763184
BitcoinTransactions,6,594,91,0.15,0.5,1,0.05203525599732001,0.0,1.0,21.417805194854736
BitcoinTransactions,6,594,91,0.15,0.5,2,0.05203056581675649,0.0,0.9998627504803733,21.604294061660767
BitcoinTransactions,6,594,91,0.15,0.5,3,0.05203525599732001,0.0,1.0,21.453009366989136
BitcoinTransactions,6,594,91,0.15,0.5,4,0.05148205255230343,0.0017543859649122807,1.0,23.285887002944946
BitcoinTransactions,6,594,91,0.15,0.5,5,0.05333967736650519,0.0029411764705882353,1.0,21.04815435409546
BitcoinTransactions,6,594,122,0.2,0.5,1,0.05203525599732001,0.0,1.0,24.757940769195557
BitcoinTransactions,6,594,122,0.2,0.5,2,0.05203525599732001,0.0,1.0,21.43981671333313
BitcoinTransactions,6,594,122,0.2,0.5,3,0.05203525599732001,0.0,1.0,23.908518075942993
BitcoinTransactions,6,594,122,0.2,0.5,4,0.052019313694126434,0.0,0.9998627504803733,23.30603051185608
BitcoinTransactions,6,594,122,0.2,0.5,5,0.05203525599732001,0.0,1.0,22.04034972190857
BitcoinTransactions,6,594,152,0.25,0.5,1,0.05170276463517575,0.001694915254237288,1.0,22.353671550750732
BitcoinTransactions,6,594,152,0.25,0.5,2,0.05203525599732001,0.0,1.0,22.32830786705017
BitcoinTransactions,6,594,152,0.25,0.5,3,0.05203525599732001,0.0,1.0,22.23823308944702
BitcoinTransactions,6,594,152,0.25,0.5,4,0.05203525599732001,0.0,1.0,22.160005807876587
BitcoinTransactions,6,594,152,0.25,0.5,5,0.05203525599732001,0.0,1.0,22.15127420425415
BitcoinTransactions,6,594,183,0.3,0.5,1,0.05198658694603021,0.0,0.9989020038429866,22.272214651107788
BitcoinTransactions,6,594,183,0.3,0.5,2,0.05203525599732001,0.0,1.0,22.12627625465393
BitcoinTransactions,6,594,183,0.3,0.5,3,0.05193939114253637,0.0,0.9979412572055998,22.40930986404419
BitcoinTransactions,6,594,183,0.3,0.5,4,0.05203525599732001,0.0,1.0,22.284920692443848
BitcoinTransactions,6,594,183,0.3,0.5,5,0.05203525599732001,0.0,1.0,22.125481605529785
BitcoinTransactions,6,594,213,0.35,0.5,1,0.05203525599732001,0.0,1.0,22.967007875442505
BitcoinTransactions,6,594,213,0.35,0.5,2,0.05203525599732001,0.0,1.0,23.269239902496338
BitcoinTransactions,6,594,213,0.35,0.5,3,0.05203525599732001,0.0,1.0,22.904168128967285
BitcoinTransactions,6,594,213,0.35,0.5,4,0.05203525599732001,0.0,1.0,22.66729187965393
BitcoinTransactions,6,594,213,0.35,0.5,5,0.052720257077688217,0.001851851851851852,1.0,22.87378215789795
BitcoinTransactions,6,594,244,0.4,0.5,1,0.05203525599732001,0.0,1.0,22.506059885025024
BitcoinTransactions,6,594,244,0.4,0.5,2,0.05203525599732001,0.0,1.0,22.88687539100647
BitcoinTransactions,6,594,244,0.4,0.5,3,0.053018758553129916,0.0026455026455026454,1.0,22.494133472442627
BitcoinTransactions,6,594,244,0.4,0.5,4,0.05139561154635889,0.0017006802721088435,1.0,22.90711522102356
BitcoinTransactions,6,594,244,0.4,0.5,5,0.05202928164385936,0.0,0.9997255009607466,22.926917791366577
BitcoinTransactions,6,594,274,0.45,0.5,1,0.05203525599732001,0.0,1.0,22.74545669555664
BitcoinTransactions,6,594,274,0.45,0.5,2,0.05170436522385841,0.0,0.9934120230579193,22.845294713974
BitcoinTransactions,6,594,274,0.45,0.5,3,0.05304960405079573,0.002702702702702703,1.0,22.481391668319702
BitcoinTransactions,6,594,274,0.45,0.5,4,0.051245015108304065,0.0012055455093429777,0.9998627504803733,22.83946466445923
BitcoinTransactions,6,594,274,0.45,0.5,5,0.05188663113676055,0.001694915254237288,1.0,23.098134517669678
BitcoinTransactions,6,594,304,0.5,0.5,1,0.05203525599732001,0.0,1.0,23.125234603881836
BitcoinTransactions,6,594,304,0.5,0.5,2,0.051872167488970125,0.0016863406408094434,1.0,23.02354383468628
BitcoinTransactions,6,594,304,0.5,0.5,3,0.05203525599732001,0.0,1.0,22.72697401046753
BitcoinTransactions,6,594,304,0.5,0.5,4,0.05203525599732001,0.0,1.0,22.86986255645752
BitcoinTransactions,6,594,304,0.5,0.5,5,0.05256706822269668,0.0016059957173447537,0.9993137524018666,22.531060457229614
BitcoinTransactions,6,594,335,0.55,0.5,1,0.05203525599732001,0.0,1.0,24.212457418441772
BitcoinTransactions,6,594,335,0.55,0.5,2,0.05255375685961471,0.0019230769230769232,1.0,22.440422296524048
BitcoinTransactions,6,594,335,0.55,0.5,3,0.05203525599732001,0.0,1.0,22.732773542404175
BitcoinTransactions,6,594,335,0.55,0.5,4,0.05203525599732001,0.0,1.0,22.73091220855713
BitcoinTransactions,6,594,335,0.55,0.5,5,0.05203525599732001,0.0,1.0,23.05423140525818
BitcoinTransactions,6,594,365,0.6,0.5,1,0.05203525599732001,0.0,1.0,22.593991994857788
BitcoinTransactions,6,594,365,0.6,0.5,2,0.05202582736391478,0.0,0.9998627504803733,22.553527116775513
BitcoinTransactions,6,594,365,0.6,0.5,3,0.05280119015960238,0.0009433962264150943,0.9991765028822399,22.19908356666565
BitcoinTransactions,6,594,365,0.6,0.5,4,0.05203525599732001,0.0,1.0,22.48560929298401
BitcoinTransactions,6,594,365,0.6,0.5,5,0.05203525599732001,0.0,1.0,22.426849126815796
BitcoinTransactions,6,594,396,0.65,0.5,1,0.052846617938775174,0.0022522522522522522,1.0,21.925931215286255
BitcoinTransactions,6,594,396,0.65,0.5,2,0.05203525599732001,0.0,1.0,22.185185194015503
BitcoinTransactions,6,594,396,0.65,0.5,3,0.052029199252619306,0.0,0.99958825144112,22.14132857322693
BitcoinTransactions,6,594,396,0.65,0.5,4,0.05203525599732001,0.0,1.0,22.148799419403076
BitcoinTransactions,6,594,396,0.65,0.5,5,0.05203252029906151,0.0,0.9993137524018666,22.104137182235718
BitcoinTransactions,6,594,426,0.7,0.5,1,0.05203525599732001,0.0,1.0,22.75245499610901
BitcoinTransactions,6,594,426,0.7,0.5,2,0.05203525599732001,0.0,1.0,22.554676294326782
BitcoinTransactions,6,594,426,0.7,0.5,3,0.05203525599732001,0.0,1.0,22.022432804107666
BitcoinTransactions,6,594,426,0.7,0.5,4,0.05203525599732001,0.0,1.0,22.21816849708557
BitcoinTransactions,6,594,426,0.7,0.5,5,0.052633096759292175,0.001366120218579235,0.9994510019214933,24.100964784622192
BitcoinTransactions,6,594,457,0.75,0.5,1,0.05203525599732001,0.0,1.0,22.115049123764038
BitcoinTransactions,6,594,457,0.75,0.5,2,0.05203525599732001,0.0,1.0,22.043277502059937
BitcoinTransactions,6,594,457,0.75,0.5,3,0.05203525599732001,0.0,1.0,22.533087730407715
BitcoinTransactions,6,594,457,0.75,0.5,4,0.05203525599732001,0.0,1.0,22.079160690307617
BitcoinTransactions,6,594,457,0.75,0.5,5,0.05205380242689897,0.001996007984031936,1.0,22.173839569091797
BitcoinTransactions,6,594,487,0.8,0.5,1,0.052424173169441785,0.0018450184501845018,1.0,22.41672945022583
BitcoinTransactions,6,594,487,0.8,0.5,2,0.05203525599732001,0.0,1.0,25.29119038581848
BitcoinTransactions,6,594,487,0.8,0.5,3,0.05203525599732001,0.0,1.0,25.09868311882019
BitcoinTransactions,6,594,487,0.8,0.5,4,0.05239867134911379,0.00196078431372549,1.0,22.484813451766968
BitcoinTransactions,6,594,487,0.8,0.5,5,0.051914145160085225,0.0018587360594795538,1.0,22.305543422698975
BitcoinTransactions,6,594,518,0.85,0.5,1,0.053087156686509075,0.002028397565922921,1.0,21.92417573928833
BitcoinTransactions,6,594,518,0.85,0.5,2,0.0541091472605528,0.0027100271002710027,1.0,21.6807119846344
BitcoinTransactions,6,594,518,0.85,0.5,3,0.05200128019060027,0.0,0.9991765028822399,22.026742935180664
BitcoinTransactions,6,594,518,0.85,0.5,4,0.05203525599732001,0.0,1.0,24.719358205795288
BitcoinTransactions,6,594,518,0.85,0.5,5,0.05203525599732001,0.0,1.0,22.137076139450073
BitcoinTransactions,6,594,548,0.9,0.5,1,0.0536712567199655,0.004273504273504274,1.0,21.662667274475098
BitcoinTransactions,6,594,548,0.9,0.5,2,0.05203455530962812,0.0,0.9997255009607466,24.70463228225708
BitcoinTransactions,6,594,548,0.9,0.5,3,0.05203525599732001,0.0,1.0,22.01810598373413
BitcoinTransactions,6,594,548,0.9,0.5,4,0.05377288751648782,0.003076923076923077,1.0,21.85336422920227
BitcoinTransactions,6,594,548,0.9,0.5,5,0.05203525599732001,0.0,1.0,22.30204749107361
BitcoinTransactions,6,594,579,0.95,0.5,1,0.052986097086146246,0.0029940119760479044,1.0,21.886249780654907
BitcoinTransactions,6,594,579,0.95,0.5,2,0.05203525599732001,0.0,1.0,22.236387014389038
BitcoinTransactions,6,594,579,0.95,0.5,3,0.05203525599732001,0.0,1.0,22.20619511604309
BitcoinTransactions,6,594,579,0.95,0.5,4,0.052017548464570365,0.0,0.9982157562448531,21.950796127319336
BitcoinTransactions,6,594,579,0.95,0.5,5,0.05203525599732001,0.0,1.0,22.114006280899048
BitcoinTransactions,6,594,609,1,0.5,1,0.05203525599732001,0.0,1.0,21.871256351470947
BitcoinTransactions,6,594,609,1,0.5,2,0.052872471667509996,0.0010570824524312897,0.9997255009607466,21.80848217010498
BitcoinTransactions,6,594,609,1,0.5,3,0.05203525599732001,0.0,1.0,21.98392081260681
BitcoinTransactions,6,594,609,1,0.5,4,0.05203525599732001,0.0,1.0,24.821197986602783
BitcoinTransactions,6,594,609,1,0.5,5,0.05299956193159402,0.0022026431718061676,1.0,21.671860456466675
BitcoinTransactions,7,706,0,0,,1,0.057089981074780714,0.001984126984126984,1.0,
BitcoinTransactions,7,706,0,0,,2,0.05760178450528165,0.0025974025974025974,1.0,
BitcoinTransactions,7,706,0,0,,3,0.05180122092329496,0.0014367816091954023,1.0,
BitcoinTransactions,7,706,0,0,,4,0.05203525599732001,0.0,1.0,
BitcoinTransactions,7,706,0,0,,5,0.05203525599732001,0.0,1.0,
BitcoinTransactions,7,706,9,0.01,0.5,1,0.051960167692991686,0.0014184397163120568,1.0,21.686235666275024
BitcoinTransactions,7,706,9,0.01,0.5,2,0.05202691904821733,0.0,0.9997212155004181,21.70815658569336
BitcoinTransactions,7,706,9,0.01,0.5,3,0.05121477594656552,0.001447178002894356,1.0,21.58172583580017
BitcoinTransactions,7,706,9,0.01,0.5,4,0.05225131901418334,0.00072992700729927,0.9994424310008364,21.54852056503296
BitcoinTransactions,7,706,9,0.01,0.5,5,0.05203525599732001,0.0,1.0,21.58074140548706
BitcoinTransactions,7,706,45,0.05,0.5,1,0.05348486401001494,0.0015822784810126582,1.0,21.578024864196777
BitcoinTransactions,7,706,45,0.05,0.5,2,0.051767801273199694,0.001422475106685633,1.0,22.09020733833313
BitcoinTransactions,7,706,45,0.05,0.5,3,0.05203525599732001,0.0,1.0,22.021526336669922
BitcoinTransactions,7,706,45,0.05,0.5,4,0.05203525599732001,0.0,1.0,21.677356481552124
BitcoinTransactions,7,706,45,0.05,0.5,5,0.05324250645682559,0.0015455950540958269,1.0,21.399248838424683
BitcoinTransactions,7,706,90,0.1,0.5,1,0.05203525599732001,0.0,1.0,21.566550731658936
BitcoinTransactions,7,706,90,0.1,0.5,2,0.05203525599732001,0.0,1.0,21.405243635177612
BitcoinTransactions,7,706,90,0.1,0.5,3,0.05203525599732001,0.0,1.0,21.945874214172363
BitcoinTransactions,7,706,90,0.1,0.5,4,0.05203525599732001,0.0,1.0,21.821120977401733
BitcoinTransactions,7,706,90,0.1,0.5,5,0.05203525599732001,0.0,1.0,21.89250898361206
BitcoinTransactions,7,706,135,0.15,0.5,1,0.05203525599732001,0.0,1.0,21.69088101387024
BitcoinTransactions,7,706,135,0.15,0.5,2,0.05203525599732001,0.0,1.0,22.068437099456787
BitcoinTransactions,7,706,135,0.15,0.5,3,0.05203525599732001,0.0,1.0,21.848789930343628
BitcoinTransactions,7,706,135,0.15,0.5,4,0.05203525599732001,0.0,1.0,21.949275016784668
BitcoinTransactions,7,706,135,0.15,0.5,5,0.05203525599732001,0.0,1.0,21.950744152069092
BitcoinTransactions,7,706,180,0.2,0.5,1,0.05263657297447256,0.0007530120481927711,0.9998606077502091,22.543826818466187
BitcoinTransactions,7,706,180,0.2,0.5,2,0.05202638370574539,0.0,0.9998606077502091,22.003308296203613
BitcoinTransactions,7,706,180,0.2,0.5,3,0.05203525599732001,0.0,1.0,21.636661529541016
BitcoinTransactions,7,706,180,0.2,0.5,4,0.05203525599732001,0.0,1.0,21.681364059448242
BitcoinTransactions,7,706,180,0.2,0.5,5,0.05203525599732001,0.0,1.0,21.611382246017456
BitcoinTransactions,7,706,226,0.25,0.5,1,0.05203086467261029,0.0,0.9998606077502091,21.60267734527588
BitcoinTransactions,7,706,226,0.25,0.5,2,0.05192925444621453,0.0,0.9981879007527181,21.57864212989807
BitcoinTransactions,7,706,226,0.25,0.5,3,0.05203525599732001,0.0,1.0,21.474880933761597
BitcoinTransactions,7,706,226,0.25,0.5,4,0.05203525599732001,0.0,1.0,21.418728351593018
BitcoinTransactions,7,706,226,0.25,0.5,5,0.05203525599732001,0.0,1.0,21.597129344940186
BitcoinTransactions,7,706,271,0.3,0.5,1,0.05203525599732001,0.0,1.0,21.60993218421936
BitcoinTransactions,7,706,271,0.3,0.5,2,0.05203525599732001,0.0,1.0,21.845073223114014
BitcoinTransactions,7,706,271,0.3,0.5,3,0.05200680764740474,0.0,0.9994424310008364,22.18512463569641
BitcoinTransactions,7,706,271,0.3,0.5,4,0.05156595028961841,0.001466275659824047,1.0,22.18070149421692
BitcoinTransactions,7,706,271,0.3,0.5,5,0.05203525599732001,0.0,1.0,21.88615083694458
BitcoinTransactions,7,706,316,0.35,0.5,1,0.052827385981364335,0.00205761316872428,1.0,21.324278593063354
BitcoinTransactions,7,706,316,0.35,0.5,2,0.05203525599732001,0.0,1.0,21.666959762573242
BitcoinTransactions,7,706,316,0.35,0.5,3,0.05203525599732001,0.0,1.0,21.666868448257446
BitcoinTransactions,7,706,316,0.35,0.5,4,0.05203525599732001,0.0,1.0,21.6195285320282
BitcoinTransactions,7,706,316,0.35,0.5,5,0.05203525599732001,0.0,1.0,21.69410014152527
BitcoinTransactions,7,706,361,0.4,0.5,1,0.05360622972006558,0.002531645569620253,1.0,21.362837314605713
BitcoinTransactions,7,706,361,0.4,0.5,2,0.05262680363680662,0.0014992503748125937,1.0,21.583333015441895
BitcoinTransactions,7,706,361,0.4,0.5,3,0.05203525599732001,0.0,1.0,21.675040006637573
BitcoinTransactions,7,706,361,0.4,0.5,4,0.05203525599732001,0.0,1.0,21.88139319419861
BitcoinTransactions,7,706,361,0.4,0.5,5,0.05203525599732001,0.0,1.0,22.288320779800415
BitcoinTransactions,7,706,406,0.45,0.5,1,0.0517393331105634,0.0007142857142857143,0.9997212155004181,22.340738773345947
BitcoinTransactions,7,706,406,0.45,0.5,2,0.05203525599732001,0.0,1.0,22.09397006034851
BitcoinTransactions,7,706,406,0.45,0.5,3,0.05203525599732001,0.0,1.0,21.711122274398804
BitcoinTransactions,7,706,406,0.45,0.5,4,0.052995735191571726,0.0016207455429497568,1.0,21.583357572555542
BitcoinTransactions,7,706,406,0.45,0.5,5,0.05203525599732001,0.0,1.0,21.74034070968628
BitcoinTransactions,7,706,451,0.5,0.5,1,0.05267805698894472,0.0017921146953405018,1.0,21.528076171875
BitcoinTransactions,7,706,451,0.5,0.5,2,0.05202223913636025,0.0,0.9998606077502091,21.765748262405396
BitcoinTransactions,7,706,451,0.5,0.5,3,0.05203525599732001,0.0,1.0,21.794030904769897
BitcoinTransactions,7,706,451,0.5,0.5,4,0.05203525599732001,0.0,1.0,21.722829341888428
BitcoinTransactions,7,706,451,0.5,0.5,5,0.053895318982004684,0.0021413276231263384,1.0,21.392749071121216
BitcoinTransactions,7,706,496,0.55,0.5,1,0.05203525599732001,0.0,1.0,21.846002101898193
BitcoinTransactions,7,706,496,0.55,0.5,2,0.05261484904612326,0.0016025641025641025,1.0,22.232723236083984
BitcoinTransactions,7,706,496,0.55,0.5,3,0.05203525599732001,0.0,1.0,22.19658899307251
BitcoinTransactions,7,706,496,0.55,0.5,4,0.05203525599732001,0.0,1.0,21.918421030044556
BitcoinTransactions,7,706,496,0.55,0.5,5,0.0532895895015599,0.0018050541516245488,1.0,21.314419746398926
BitcoinTransactions,7,706,541,0.6,0.5,1,0.05203525599732001,0.0,1.0,22.462109327316284
BitcoinTransactions,7,706,541,0.6,0.5,2,0.05250515495348377,0.0015923566878980893,1.0,22.253259897232056
BitcoinTransactions,7,706,541,0.6,0.5,3,0.05203525599732001,0.0,1.0,22.11629056930542
BitcoinTransactions,7,706,541,0.6,0.5,4,0.05203525599732001,0.0,1.0,22.024704933166504
BitcoinTransactions,7,706,541,0.6,0.5,5,0.0527963409023895,0.0018214936247723133,1.0,20.016164541244507
BitcoinTransactions,7,706,586,0.65,0.5,1,0.05203525599732001,0.0,1.0,21.186587810516357
BitcoinTransactions,7,706,586,0.65,0.5,2,0.05203525599732001,0.0,1.0,20.673903703689575
BitcoinTransactions,7,706,586,0.65,0.5,3,0.05203525599732001,0.0,1.0,20.865196466445923
BitcoinTransactions,7,706,586,0.65,0.5,4,0.05203525599732001,0.0,1.0,20.66848874092102
BitcoinTransactions,7,706,586,0.65,0.5,5,0.05202274902004663,0.002304147465437788,1.0,20.234018564224243
BitcoinTransactions,7,706,631,0.7,0.5,1,0.05203525599732001,0.0,1.0,20.708322048187256
BitcoinTransactions,7,706,631,0.7,0.5,2,0.05200694542259691,0.0,0.9995818232506273,20.678718328475952
BitcoinTransactions,7,706,631,0.7,0.5,3,0.05203525599732001,0.0,1.0,20.876683712005615
BitcoinTransactions,7,706,631,0.7,0.5,4,0.05203525599732001,0.0,1.0,21.073440074920654
BitcoinTransactions,7,706,631,0.7,0.5,5,0.05203525599732001,0.0,1.0,20.587930917739868
BitcoinTransactions,7,706,676,0.75,0.5,1,0.05203525599732001,0.0,1.0,20.61371898651123
BitcoinTransactions,7,706,676,0.75,0.5,2,0.051760197752914336,0.0014245014245014246,1.0,20.776698350906372
BitcoinTransactions,7,706,676,0.75,0.5,3,0.05184772761424891,0.0014265335235378032,1.0,20.647639274597168
BitcoinTransactions,7,706,676,0.75,0.5,4,0.05202838569271562,0.0,0.9998606077502091,20.798891067504883
BitcoinTransactions,7,706,676,0.75,0.5,5,0.05203525599732001,0.0,1.0,21.41530966758728
BitcoinTransactions,7,706,722,0.8,0.5,1,0.05203525599732001,0.0,1.0,20.647602081298828
BitcoinTransactions,7,706,722,0.8,0.5,2,0.05202747696236095,0.0,0.9991636465012546,20.88705277442932
BitcoinTransactions,7,706,722,0.8,0.5,3,0.05203525599732001,0.0,1.0,21.25569224357605
BitcoinTransactions,7,706,722,0.8,0.5,4,0.05203525599732001,0.0,1.0,21.3970205783844
BitcoinTransactions,7,706,722,0.8,0.5,5,0.05203525599732001,0.0,1.0,21.1555757522583
BitcoinTransactions,7,706,767,0.85,0.5,1,0.05203525599732001,0.0,1.0,21.037618160247803
BitcoinTransactions,7,706,767,0.85,0.5,2,0.05203525599732001,0.0,1.0,20.5913188457489
BitcoinTransactions,7,706,767,0.85,0.5,3,0.05203525599732001,0.0,1.0,20.517471313476562
BitcoinTransactions,7,706,767,0.85,0.5,4,0.05350452087740399,0.0013812154696132596,0.9997212155004181,20.07239055633545
BitcoinTransactions,7,706,767,0.85,0.5,5,0.051776053343992996,0.0015220700152207,1.0,20.683652877807617
BitcoinTransactions,7,706,812,0.9,0.5,1,0.05203525599732001,0.0,1.0,20.781055212020874
BitcoinTransactions,7,706,812,0.9,0.5,2,0.05203525599732001,0.0,1.0,21.01427173614502
BitcoinTransactions,7,706,812,0.9,0.5,3,0.05203525599732001,0.0,1.0,20.629259824752808
BitcoinTransactions,7,706,812,0.9,0.5,4,0.05203525599732001,0.0,1.0,20.472333192825317
BitcoinTransactions,7,706,812,0.9,0.5,5,0.05203525599732001,0.0,1.0,20.50456929206848
BitcoinTransactions,7,706,857,0.95,0.5,1,0.05302505560464163,0.0016025641025641025,1.0,20.42766499519348
BitcoinTransactions,7,706,857,0.95,0.5,2,0.05203525599732001,0.0,1.0,20.87631058692932
BitcoinTransactions,7,706,857,0.95,0.5,3,0.0520263837057454,0.0,0.9998606077502091,21.21933650970459
BitcoinTransactions,7,706,857,0.95,0.5,4,0.05203525599732001,0.0,1.0,20.457441091537476
BitcoinTransactions,7,706,857,0.95,0.5,5,0.05203525599732001,0.0,1.0,20.685359239578247
BitcoinTransactions,7,706,902,1,0.5,1,0.05272360823153059,0.0021551724137931034,1.0,20.225080966949463
BitcoinTransactions,7,706,902,1,0.5,2,0.05202482172228279,0.0,0.9993030387510454,20.553524255752563
BitcoinTransactions,7,706,902,1,0.5,3,0.05345774388531882,0.001440922190201729,1.0,21.470510005950928
BitcoinTransactions,7,706,902,1,0.5,4,0.05203086467261028,0.0,0.9998606077502091,20.490896701812744
BitcoinTransactions,7,706,902,1,0.5,5,0.05193354489123991,0.0,0.9976303317535545,21.25857663154602
BitcoinTransactions,8,14,0,0,,1,0.05203525599732001,0.0,1.0,
BitcoinTransactions,8,14,0,0,,2,0.05650014519132983,0.1111111111111111,1.0,
BitcoinTransactions,8,14,0,0,,3,0.05203525599732001,0.0,1.0,
BitcoinTransactions,8,14,0,0,,4,0.05203525599732001,0.0,1.0,
BitcoinTransactions,8,14,0,0,,5,0.05203525599732001,0.0,1.0,
BitcoinTransactions,8,14,0,0.01,0.5,1,0.05203525599732001,0.0,1.0,20.249950170516968
BitcoinTransactions,8,14,0,0.01,0.5,2,0.05203525599732001,0.0,1.0,20.657688856124878
BitcoinTransactions,8,14,0,0.01,0.5,3,0.05203525599732001,0.0,1.0,20.55459213256836
BitcoinTransactions,8,14,0,0.01,0.5,4,0.05203525599732001,0.0,1.0,21.227471828460693
BitcoinTransactions,8,14,0,0.01,0.5,5,0.05203525599732001,0.0,1.0,20.89385151863098
BitcoinTransactions,8,14,1,0.05,0.5,1,0.05203525599732001,0.0,1.0,20.92403817176819
BitcoinTransactions,8,14,1,0.05,0.5,2,0.05376459007630766,0.09090909090909091,1.0,20.345611095428467
BitcoinTransactions,8,14,1,0.05,0.5,3,0.053276112914947125,0.1111111111111111,1.0,20.169904947280884
BitcoinTransactions,8,14,1,0.05,0.5,4,0.05203525599732001,0.0,1.0,20.402377367019653
BitcoinTransactions,8,14,1,0.05,0.5,5,0.05203525599732001,0.0,1.0,20.268224954605103
BitcoinTransactions,8,14,1,0.1,0.5,1,0.05203525599732001,0.0,1.0,20.078089952468872
BitcoinTransactions,8,14,1,0.1,0.5,2,0.05142177233598919,0.0,0.9813119755911518,20.111332654953003
BitcoinTransactions,8,14,1,0.1,0.5,3,0.05203525599732001,0.0,1.0,20.966373443603516
BitcoinTransactions,8,14,1,0.1,0.5,4,0.05203525599732001,0.0,1.0,20.23564887046814
BitcoinTransactions,8,14,1,0.1,0.5,5,0.05126964675759288,0.0,0.9743198576150521,21.46259641647339
BitcoinTransactions,8,14,2,0.15,0.5,1,0.05203525599732001,0.0,1.0,20.825854301452637
BitcoinTransactions,8,14,2,0.15,0.5,2,0.05203525599732001,0.0,1.0,20.637444496154785
BitcoinTransactions,8,14,2,0.15,0.5,3,0.05203525599732001,0.0,1.0,20.613508701324463
BitcoinTransactions,8,14,2,0.15,0.5,4,0.05203525599732001,0.0,1.0,20.555068492889404
BitcoinTransactions,8,14,2,0.15,0.5,5,0.052147980766064896,0.0,0.9492753623188406,20.607214212417603
BitcoinTransactions,8,14,3,0.2,0.5,1,0.05203525599732001,0.0,1.0,20.94407606124878
BitcoinTransactions,8,14,3,0.2,0.5,2,0.05203525599732001,0.0,1.0,20.632657766342163
BitcoinTransactions,8,14,3,0.2,0.5,3,0.05203525599732001,0.0,1.0,20.518871545791626
BitcoinTransactions,8,14,3,0.2,0.5,4,0.05203525599732001,0.0,1.0,20.722559928894043
BitcoinTransactions,8,14,3,0.2,0.5,5,0.05203525599732001,0.0,1.0,20.745149850845337
BitcoinTransactions,8,14,3,0.25,0.5,1,0.05203525599732001,0.0,1.0,20.40925931930542
BitcoinTransactions,8,14,3,0.25,0.5,2,0.05203525599732001,0.0,1.0,20.56509280204773
BitcoinTransactions,8,14,3,0.25,0.5,3,0.05203525599732001,0.0,1.0,20.63887882232666
BitcoinTransactions,8,14,3,0.25,0.5,4,0.05203525599732001,0.0,1.0,20.90617322921753
BitcoinTransactions,8,14,3,0.25,0.5,5,0.05203525599732001,0.0,1.0,21.286727905273438
BitcoinTransactions,8,14,4,0.3,0.5,1,0.051593262740374145,0.0,0.9903381642512077,21.09987473487854
BitcoinTransactions,8,14,4,0.3,0.5,2,0.05201280759583326,0.0,0.9997457411645054,20.73545789718628
BitcoinTransactions,8,14,4,0.3,0.5,3,0.05203525599732001,0.0,1.0,20.660690784454346
BitcoinTransactions,8,14,4,0.3,0.5,4,0.05203525599732001,0.0,1.0,20.705119371414185
BitcoinTransactions,8,14,4,0.3,0.5,5,0.05203525599732001,0.0,1.0,21.074939250946045
BitcoinTransactions,8,14,5,0.35,0.5,1,0.05187946711635419,0.0,0.9811848461734045,21.10193395614624
BitcoinTransactions,8,14,5,0.35,0.5,2,0.05203525599732001,0.0,1.0,20.83609127998352
BitcoinTransactions,8,14,5,0.35,0.5,3,0.05154815876190903,0.0,0.9891939994914823,20.60204029083252
BitcoinTransactions,8,14,5,0.35,0.5,4,0.05203525599732001,0.0,1.0,20.74726128578186
BitcoinTransactions,8,14,5,0.35,0.5,5,0.05203525599732001,0.0,1.0,20.824740409851074
BitcoinTransactions,8,14,5,0.4,0.5,1,0.05203525599732001,0.0,1.0,21.720919847488403
BitcoinTransactions,8,14,5,0.4,0.5,2,0.05203525599732001,0.0,1.0,20.474387407302856
BitcoinTransactions,8,14,5,0.4,0.5,3,0.05203525599732001,0.0,1.0,20.879477500915527
BitcoinTransactions,8,14,5,0.4,0.5,4,0.051995991948556114,0.0,0.9988558352402745,20.448190212249756
BitcoinTransactions,8,14,5,0.4,0.5,5,0.05203525599732001,0.0,1.0,20.68743324279785
BitcoinTransactions,8,14,6,0.45,0.5,1,0.05203525599732001,0.0,1.0,20.540653705596924
BitcoinTransactions,8,14,6,0.45,0.5,2,0.05203525599732001,0.0,1.0,20.269171476364136
BitcoinTransactions,8,14,6,0.45,0.5,3,0.05201732062204921,0.0,0.999491482329011,20.65840458869934
BitcoinTransactions,8,14,6,0.45,0.5,4,0.05170433962089307,0.038461538461538464,0.9984744469870328,20.532618284225464
BitcoinTransactions,8,14,6,0.45,0.5,5,0.05203525599732001,0.0,1.0,20.622129201889038
BitcoinTransactions,8,14,6,0.5,0.5,1,0.051961982516922724,0.0,0.9970760233918129,20.47843098640442
BitcoinTransactions,8,14,6,0.5,0.5,2,0.05203525599732001,0.0,1.0,20.762049913406372
BitcoinTransactions,8,14,6,0.5,0.5,3,0.05203525599732001,0.0,1.0,20.68008279800415
BitcoinTransactions,8,14,6,0.5,0.5,4,0.05194666782636901,0.0,0.9977116704805492,21.34275221824646
BitcoinTransactions,8,14,6,0.5,0.5,5,0.05357792531242712,0.1111111111111111,1.0,20.204835891723633
BitcoinTransactions,8,14,7,0.55,0.5,1,0.05328601462166793,0.08333333333333333,1.0,20.47968339920044
BitcoinTransactions,8,14,7,0.55,0.5,2,0.05203525599732001,0.0,1.0,21.234735012054443
BitcoinTransactions,8,14,7,0.55,0.5,3,0.05203525599732001,0.0,1.0,20.658772468566895
BitcoinTransactions,8,14,7,0.55,0.5,4,0.05326514659812883,0.125,1.0,20.07223653793335
BitcoinTransactions,8,14,7,0.55,0.5,5,0.05203525599732001,0.0,1.0,20.700035333633423
BitcoinTransactions,8,14,8,0.6,0.5,1,0.05203525599732001,0.0,1.0,20.731945991516113
BitcoinTransactions,8,14,8,0.6,0.5,2,0.05203525599732001,0.0,1.0,20.405585765838623
BitcoinTransactions,8,14,8,0.6,0.5,3,0.05188057184709059,0.07692307692307693,1.0,21.830764293670654
BitcoinTransactions,8,14,8,0.6,0.5,4,0.05203525599732001,0.0,1.0,20.29830312728882
BitcoinTransactions,8,14,8,0.6,0.5,5,0.052022138793121515,0.0,0.9997457411645054,20.564292430877686
BitcoinTransactions,8,14,8,0.65,0.5,1,0.05203525599732001,0.0,1.0,20.451218605041504
BitcoinTransactions,8,14,8,0.65,0.5,2,0.05173080106320549,0.0,0.9946605644546148,20.75841188430786
BitcoinTransactions,8,14,8,0.65,0.5,3,0.05166934938491366,0.07692307692307693,1.0,20.578091144561768
BitcoinTransactions,8,14,8,0.65,0.5,4,0.05203525599732001,0.0,1.0,21.073914289474487
BitcoinTransactions,8,14,8,0.65,0.5,5,0.05203525599732001,0.0,1.0,20.495303869247437
BitcoinTransactions,8,14,9,0.7,0.5,1,0.051483810169073205,0.0,0.9786422578184591,20.688987731933594
BitcoinTransactions,8,14,9,0.7,0.5,2,0.05202295545490007,0.0,0.9998728705822527,20.514715433120728
BitcoinTransactions,8,14,9,0.7,0.5,3,0.05203525599732001,0.0,1.0,21.246747493743896
BitcoinTransactions,8,14,9,0.7,0.5,4,0.05203525599732001,0.0,1.0,20.728610277175903
BitcoinTransactions,8,14,9,0.7,0.5,5,0.0523605140260884,0.038461538461538464,0.9946605644546148,21.07671546936035
BitcoinTransactions,8,14,10,0.75,0.5,1,0.05297297244725633,0.125,1.0,20.092171907424927
BitcoinTransactions,8,14,10,0.75,0.5,2,0.053362601740673005,0.020833333333333332,0.8938469361810323,20.212947607040405
BitcoinTransactions,8,14,10,0.75,0.5,3,0.05203525599732001,0.0,1.0,20.33664035797119
BitcoinTransactions,8,14,10,0.75,0.5,4,0.05203525599732001,0.0,1.0,20.69842290878296
BitcoinTransactions,8,14,10,0.75,0.5,5,0.05184497319116595,0.0,0.9642766336130181,20.285271167755127
BitcoinTransactions,8,14,10,0.8,0.5,1,0.05203525599732001,0.0,1.0,20.385847806930542
BitcoinTransactions,8,14,10,0.8,0.5,2,0.05203525599732001,0.0,1.0,20.409030437469482
BitcoinTransactions,8,14,10,0.8,0.5,3,0.05203525599732001,0.0,1.0,20.273194789886475
BitcoinTransactions,8,14,10,0.8,0.5,4,0.05203525599732001,0.0,1.0,21.019349336624146
BitcoinTransactions,8,14,10,0.8,0.5,5,0.052595302828492785,0.0,0.8196033562166285,20.725423336029053
BitcoinTransactions,8,14,11,0.85,0.5,1,0.05203525599732001,0.0,1.0,20.881511211395264
BitcoinTransactions,8,14,11,0.85,0.5,2,0.05308452964041223,0.1111111111111111,1.0,20.03849720954895
BitcoinTransactions,8,14,11,0.85,0.5,3,0.05203525599732001,0.0,1.0,20.31536626815796
BitcoinTransactions,8,14,11,0.85,0.5,4,0.05203525599732001,0.0,1.0,20.584508180618286
BitcoinTransactions,8,14,11,0.85,0.5,5,0.05203525599732001,0.0,1.0,20.492766857147217
BitcoinTransactions,8,14,12,0.9,0.5,1,0.05145929899886349,0.0,0.9799135519959319,21.125694036483765
BitcoinTransactions,8,14,12,0.9,0.5,2,0.05218350603345021,0.07692307692307693,1.0,20.419209480285645
BitcoinTransactions,8,14,12,0.9,0.5,3,0.05203525599732001,0.0,1.0,20.197083950042725
BitcoinTransactions,8,14,12,0.9,0.5,4,0.05203525599732001,0.0,1.0,21.420308113098145
BitcoinTransactions,8,14,12,0.9,0.5,5,0.052183345578143844,0.038461538461538464,0.8121027205695398,20.28598713874817
BitcoinTransactions,8,14,12,0.95,0.5,1,0.05203525599732001,0.0,1.0,20.842982530593872
BitcoinTransactions,8,14,12,0.95,0.5,2,0.05203525599732001,0.0,1.0,20.77814030647278
BitcoinTransactions,8,14,12,0.95,0.5,3,0.05203525599732001,0.0,1.0,20.76779079437256
BitcoinTransactions,8,14,12,0.95,0.5,4,0.05203525599732001,0.0,1.0,20.291756629943848
BitcoinTransactions,8,14,12,0.95,0.5,5,0.0520309976454024,0.0,0.9998728705822527,24.28851079940796
BitcoinTransactions,8,14,13,1,0.5,1,0.05203525599732001,0.0,1.0,24.4836163520813
BitcoinTransactions,8,14,13,1,0.5,2,0.05203525599732001,0.0,1.0,25.338616132736206
BitcoinTransactions,8,14,13,1,0.5,3,0.0514546251332323,0.0,0.9822018815153827,21.639883518218994
BitcoinTransactions,8,14,13,1,0.5,4,0.05173986135333352,0.0,0.9913551995931859,20.594268321990967
BitcoinTransactions,8,14,13,1,0.5,5,0.05203525599732001,0.0,1.0,20.53424048423767
BitcoinTransactions,9,265,0,0,,1,0.05203525599732001,0.0,1.0,
BitcoinTransactions,9,265,0,0,,2,0.05203525599732001,0.0,1.0,
BitcoinTransactions,9,265,0,0,,3,0.05203525599732001,0.0,1.0,
BitcoinTransactions,9,265,0,0,,4,0.05203525599732001,0.0,1.0,
BitcoinTransactions,9,265,0,0,,5,0.05203525599732001,0.0,1.0,
BitcoinTransactions,9,265,3,0.01,0.5,1,0.05203525599732001,0.0,1.0,20.63819122314453
BitcoinTransactions,9,265,3,0.01,0.5,2,0.0518410794859834,0.003816793893129771,1.0,20.353336334228516
BitcoinTransactions,9,265,3,0.01,0.5,3,0.05203525599732001,0.0,1.0,20.33504295349121
BitcoinTransactions,9,265,3,0.01,0.5,4,0.05323171546461437,0.0038095238095238095,0.9992120814182535,20.100105047225952
BitcoinTransactions,9,265,3,0.01,0.5,5,0.05203525599732001,0.0,1.0,20.45824146270752
BitcoinTransactions,9,265,14,0.05,0.5,1,0.05203525599732001,0.0,1.0,20.608308792114258
BitcoinTransactions,9,265,14,0.05,0.5,2,0.05203525599732001,0.0,1.0,20.59274673461914
BitcoinTransactions,9,265,14,0.05,0.5,3,0.05261338376692216,0.003968253968253968,1.0,19.787256956100464
BitcoinTransactions,9,265,14,0.05,0.5,4,0.05203525599732001,0.0,1.0,20.12283992767334
BitcoinTransactions,9,265,14,0.05,0.5,5,0.05227095380454084,0.004166666666666667,1.0,20.140746355056763
BitcoinTransactions,9,265,28,0.1,0.5,1,0.05203525599732001,0.0,1.0,20.52580165863037
BitcoinTransactions,9,265,28,0.1,0.5,2,0.05203525599732001,0.0,1.0,20.368844985961914
BitcoinTransactions,9,265,28,0.1,0.5,3,0.05197079486772951,0.0,0.9980302035456337,20.27119493484497
BitcoinTransactions,9,265,28,0.1,0.5,4,0.05151026331529424,0.003861003861003861,1.0,20.18919563293457
BitcoinTransactions,9,265,28,0.1,0.5,5,0.05259779914485356,0.007462686567164179,1.0,19.865233182907104
BitcoinTransactions,9,265,42,0.15,0.5,1,0.05218770111851402,0.003401360544217687,0.9998686802363755,20.053992986679077
BitcoinTransactions,9,265,42,0.15,0.5,2,0.05203525599732001,0.0,1.0,20.499019861221313
BitcoinTransactions,9,265,42,0.15,0.5,3,0.052000301445943926,0.0,0.9985554826001313,20.36764907836914
BitcoinTransactions,9,265,42,0.15,0.5,4,0.05203525599732001,0.0,1.0,20.251322507858276
BitcoinTransactions,9,265,42,0.15,0.5,5,0.05203525599732001,0.0,1.0,20.42652726173401
BitcoinTransactions,9,265,55,0.2,0.5,1,0.053210264122807785,0.006329113924050633,1.0,19.99529218673706
BitcoinTransactions,9,265,55,0.2,0.5,2,0.05324615661330475,0.002183406113537118,0.9997373604727512,20.765766859054565
BitcoinTransactions,9,265,55,0.2,0.5,3,0.05203525599732001,0.0,1.0,21.499709129333496
BitcoinTransactions,9,265,55,0.2,0.5,4,0.05203525599732001,0.0,1.0,22.96197247505188
BitcoinTransactions,9,265,55,0.2,0.5,5,0.05203525599732001,0.0,1.0,21.6673424243927
BitcoinTransactions,9,265,69,0.25,0.5,1,0.05234966004913771,0.004807692307692308,1.0,21.397652626037598
BitcoinTransactions,9,265,69,0.25,0.5,2,0.051885611956984976,0.0040650406504065045,1.0,21.163753032684326
BitcoinTransactions,9,265,69,0.25,0.5,3,0.053113345325530935,0.007518796992481203,1.0,21.007217168807983
BitcoinTransactions,9,265,69,0.25,0.5,4,0.051897722176138764,0.003787878787878788,1.0,21.239184141159058
BitcoinTransactions,9,265,69,0.25,0.5,5,0.05203525599732001,0.0,1.0,21.068080186843872
BitcoinTransactions,9,265,83,0.3,0.5,1,0.05203525599732001,0.0,1.0,21.443817377090454
BitcoinTransactions,9,265,83,0.3,0.5,2,0.05297870849929006,0.004291845493562232,1.0,21.24247670173645
BitcoinTransactions,9,265,83,0.3,0.5,3,0.050924025311733255,0.003875968992248062,1.0,20.92376160621643
BitcoinTransactions,9,265,83,0.3,0.5,4,0.05203525599732001,0.0,1.0,20.946621656417847
BitcoinTransactions,9,265,83,0.3,0.5,5,0.052477810392636985,0.0038910505836575876,1.0,20.948891401290894
BitcoinTransactions,9,265,97,0.35,0.5,1,0.05203525599732001,0.0,1.0,21.14856719970703
BitcoinTransactions,9,265,97,0.35,0.5,2,0.05203525599732001,0.0,1.0,21.40912652015686
BitcoinTransactions,9,265,97,0.35,0.5,3,0.05203525599732001,0.0,1.0,21.60281538963318
BitcoinTransactions,9,265,97,0.35,0.5,4,0.05203525599732001,0.0,1.0,21.057646989822388
BitcoinTransactions,9,265,97,0.35,0.5,5,0.05203525599732001,0.0,1.0,20.927222967147827
BitcoinTransactions,9,265,111,0.4,0.5,1,0.05203525599732001,0.0,1.0,20.986762762069702
BitcoinTransactions,9,265,111,0.4,0.5,2,0.05203525599732001,0.0,1.0,21.13870334625244
BitcoinTransactions,9,265,111,0.4,0.5,3,0.05172116265129323,0.003787878787878788,1.0,21.147237300872803
BitcoinTransactions,9,265,111,0.4,0.5,4,0.05203857499015796,0.0,0.9997373604727512,21.76684284210205
BitcoinTransactions,9,265,111,0.4,0.5,5,0.052029176149625905,0.0,0.9997373604727512,21.45702862739563
BitcoinTransactions,9,265,125,0.45,0.5,1,0.05203525599732001,0.0,1.0,21.07916831970215
BitcoinTransactions,9,265,125,0.45,0.5,2,0.05403805267745356,0.006211180124223602,1.0,20.856837511062622
BitcoinTransactions,9,265,125,0.45,0.5,3,0.052552944639758487,0.00267379679144385,0.9971109652002627,20.963380336761475
BitcoinTransactions,9,265,125,0.45,0.5,4,0.05203525599732001,0.0,1.0,21.358641862869263
BitcoinTransactions,9,265,125,0.45,0.5,5,0.052010259827432036,0.004132231404958678,1.0,21.379268884658813
BitcoinTransactions,9,265,138,0.5,0.5,1,0.05203525599732001,0.0,1.0,21.708948850631714
BitcoinTransactions,9,265,138,0.5,0.5,2,0.05203525599732001,0.0,1.0,21.253557682037354
BitcoinTransactions,9,265,138,0.5,0.5,3,0.05203525599732001,0.0,1.0,21.163267374038696
BitcoinTransactions,9,265,138,0.5,0.5,4,0.05203525599732001,0.0,1.0,21.094182014465332
BitcoinTransactions,9,265,138,0.5,0.5,5,0.052296235689531324,0.0030721966205837174,0.9994747209455023,21.040003061294556
BitcoinTransactions,9,265,152,0.55,0.5,1,0.05203525599732001,0.0,1.0,21.234163284301758
BitcoinTransactions,9,265,152,0.55,0.5,2,0.0519843672816821,0.0,0.9989494418910045,21.62252950668335
BitcoinTransactions,9,265,152,0.55,0.5,3,0.05165009239844197,0.003816793893129771,1.0,21.701308012008667
BitcoinTransactions,9,265,152,0.55,0.5,4,0.05203525599732001,0.0,1.0,21.220355987548828
BitcoinTransactions,9,265,152,0.55,0.5,5,0.052450939432880664,0.0020920502092050207,0.9996060407091267,20.92049288749695
BitcoinTransactions,9,265,166,0.6,0.5,1,0.05203525599732001,0.0,1.0,21.47943663597107
BitcoinTransactions,9,265,166,0.6,0.5,2,0.05203525599732001,0.0,1.0,21.21417498588562
BitcoinTransactions,9,265,166,0.6,0.5,3,0.05202660769829618,0.0,0.9997373604727512,21.249364852905273
BitcoinTransactions,9,265,166,0.6,0.5,4,0.05203525599732001,0.0,1.0,21.68438959121704
BitcoinTransactions,9,265,166,0.6,0.5,5,0.05203525599732001,0.0,1.0,21.61871075630188
BitcoinTransactions,9,265,180,0.65,0.5,1,0.052464935289145656,0.0038461538461538464,1.0,21.159339427947998
BitcoinTransactions,9,265,180,0.65,0.5,2,0.05203525599732001,0.0,1.0,21.48922324180603
BitcoinTransactions,9,265,180,0.65,0.5,3,0.05203525599732001,0.0,1.0,21.723405838012695
BitcoinTransactions,9,265,180,0.65,0.5,4,0.05203525599732001,0.0,1.0,21.542556762695312
BitcoinTransactions,9,265,180,0.65,0.5,5,0.05203525599732001,0.0,1.0,21.560099363327026
BitcoinTransactions,9,265,194,0.7,0.5,1,0.05203525599732001,0.0,1.0,21.51229238510132
BitcoinTransactions,9,265,194,0.7,0.5,2,0.05203525599732001,0.0,1.0,21.742726802825928
BitcoinTransactions,9,265,194,0.7,0.5,3,0.05203525599732001,0.0,1.0,22.106027126312256
BitcoinTransactions,9,265,194,0.7,0.5,4,0.05353534252524955,0.0023148148148148147,0.9997373604727512,21.59865689277649
BitcoinTransactions,9,265,194,0.7,0.5,5,0.05156793309061069,0.0,0.9845042678923178,21.558258056640625
BitcoinTransactions,9,265,208,0.75,0.5,1,0.05203525599732001,0.0,1.0,21.71786093711853
BitcoinTransactions,9,265,208,0.75,0.5,2,0.05203525599732001,0.0,1.0,21.444058656692505
BitcoinTransactions,9,265,208,0.75,0.5,3,0.05203525599732001,0.0,1.0,21.615075826644897
BitcoinTransactions,9,265,208,0.75,0.5,4,0.051981079041840246,0.0,0.999080761654629,21.584529876708984
BitcoinTransactions,9,265,208,0.75,0.5,5,0.05203525599732001,0.0,1.0,21.851994276046753
BitcoinTransactions,9,265,222,0.8,0.5,1,0.05203525599732001,0.0,1.0,21.884182453155518
BitcoinTransactions,9,265,222,0.8,0.5,2,0.05203525599732001,0.0,1.0,22.149139642715454
BitcoinTransactions,9,265,222,0.8,0.5,3,0.05203525599732001,0.0,1.0,21.951719522476196
BitcoinTransactions,9,265,222,0.8,0.5,4,0.05203525599732001,0.0,1.0,21.779117107391357
BitcoinTransactions,9,265,222,0.8,0.5,5,0.05203525599732001,0.0,1.0,21.914084672927856
BitcoinTransactions,9,265,235,0.85,0.5,1,0.05203525599732001,0.0,1.0,21.773634672164917
BitcoinTransactions,9,265,235,0.85,0.5,2,0.05203525599732001,0.0,1.0,21.56319499015808
BitcoinTransactions,9,265,235,0.85,0.5,3,0.05203525599732001,0.0,1.0,21.89428210258484
BitcoinTransactions,9,265,235,0.85,0.5,4,0.05202524443100342,0.0,0.999080761654629,21.63786506652832
BitcoinTransactions,9,265,235,0.85,0.5,5,0.05203525599732001,0.0,1.0,21.60560131072998
BitcoinTransactions,9,265,249,0.9,0.5,1,0.05203525599732001,0.0,1.0,22.09065318107605
BitcoinTransactions,9,265,249,0.9,0.5,2,0.05203525599732001,0.0,1.0,22.23509120941162
BitcoinTransactions,9,265,249,0.9,0.5,3,0.051883200433580155,0.0,0.9968483256730137,21.219326972961426
BitcoinTransactions,9,265,249,0.9,0.5,4,0.05203525599732001,0.0,1.0,21.51544690132141
BitcoinTransactions,9,265,249,0.9,0.5,5,0.05203525599732001,0.0,1.0,22.460398197174072
BitcoinTransactions,9,265,263,0.95,0.5,1,0.05203525599732001,0.0,1.0,22.262805938720703
BitcoinTransactions,9,265,263,0.95,0.5,2,0.05203525599732001,0.0,1.0,22.277445316314697
BitcoinTransactions,9,265,263,0.95,0.5,3,0.05197081702834033,0.0,0.9978988837820092,21.832056999206543
BitcoinTransactions,9,265,263,0.95,0.5,4,0.05203525599732001,0.0,1.0,21.702850103378296
BitcoinTransactions,9,265,263,0.95,0.5,5,0.05203525599732001,0.0,1.0,21.61742377281189
BitcoinTransactions,9,265,277,1,0.5,1,0.05203525599732001,0.0,1.0,21.809112548828125
BitcoinTransactions,9,265,277,1,0.5,2,0.05203525599732001,0.0,1.0,21.7707622051239
BitcoinTransactions,9,265,277,1,0.5,3,0.05203525599732001,0.0,1.0,21.80990433692932
BitcoinTransactions,9,265,277,1,0.5,4,0.05203525599732001,0.0,1.0,22.15562629699707
BitcoinTransactions,9,265,277,1,0.5,5,0.051914495390974744,0.0,0.9978988837820092,21.965166091918945
BitcoinTransactions,10,46,0,0,,1,0.05203525599732001,0.0,1.0,
BitcoinTransactions,10,46,0,0,,2,0.05203525599732001,0.0,1.0,
BitcoinTransactions,10,46,0,0,,3,0.05203525599732001,0.0,1.0,
BitcoinTransactions,10,46,0,0,,4,0.05203525599732001,0.0,1.0,
BitcoinTransactions,10,46,0,0,,5,0.05190430189822479,0.0,0.9920857799336227,
BitcoinTransactions,10,46,1,0.01,0.5,1,0.05203525599732001,0.0,1.0,21.169111251831055
BitcoinTransactions,10,46,1,0.01,0.5,2,0.052896316541646095,0.025,1.0,21.576836109161377
BitcoinTransactions,10,46,1,0.01,0.5,3,0.051695179428271607,0.013157894736842105,0.9645136584120501,21.29669427871704
BitcoinTransactions,10,46,1,0.01,0.5,4,0.05165434043944798,0.0,0.9808526933877968,21.556814432144165
BitcoinTransactions,10,46,1,0.01,0.5,5,0.05203525599732001,0.0,1.0,21.221449851989746
BitcoinTransactions,10,46,3,0.05,0.5,1,0.05203525599732001,0.0,1.0,21.740280628204346
BitcoinTransactions,10,46,3,0.05,0.5,2,0.051868015940230175,0.0,0.9950217002808271,22.14576292037964
BitcoinTransactions,10,46,3,0.05,0.5,3,0.0519275673860692,0.0,0.9979576206280316,21.79897665977478
BitcoinTransactions,10,46,3,0.05,0.5,4,0.05203525599732001,0.0,1.0,21.61251211166382
BitcoinTransactions,10,46,3,0.05,0.5,5,0.05203525599732001,0.0,1.0,21.480230569839478
BitcoinTransactions,10,46,5,0.1,0.5,1,0.05135784124311261,0.007407407407407408,0.999744702578504,21.098362684249878
BitcoinTransactions,10,46,5,0.1,0.5,2,0.05203525599732001,0.0,1.0,21.322259664535522
BitcoinTransactions,10,46,5,0.1,0.5,3,0.05203525599732001,0.0,1.0,21.48472023010254
BitcoinTransactions,10,46,5,0.1,0.5,4,0.05278860958571122,0.030303030303030304,1.0,21.50188422203064
BitcoinTransactions,10,46,5,0.1,0.5,5,0.05203525599732001,0.0,1.0,21.847273349761963
BitcoinTransactions,10,46,8,0.15,0.5,1,0.05322253428757475,0.03571428571428571,1.0,21.039840698242188
BitcoinTransactions,10,46,8,0.15,0.5,2,0.05203525599732001,0.0,1.0,21.42920184135437
BitcoinTransactions,10,46,8,0.15,0.5,3,0.05203525599732001,0.0,1.0,21.27595615386963
BitcoinTransactions,10,46,8,0.15,0.5,4,0.05203525599732001,0.0,1.0,21.834489107131958
BitcoinTransactions,10,46,8,0.15,0.5,5,0.05203525599732001,0.0,1.0,21.608822345733643
BitcoinTransactions,10,46,11,0.2,0.5,1,0.05203525599732001,0.0,1.0,21.827175617218018
BitcoinTransactions,10,46,11,0.2,0.5,2,0.05285557352047471,0.022222222222222223,1.0,21.65953779220581
BitcoinTransactions,10,46,11,0.2,0.5,3,0.05169670834396787,0.011111111111111112,0.9991064590247638,21.795642614364624
BitcoinTransactions,10,46,11,0.2,0.5,4,0.05246376206530542,0.02631578947368421,1.0,22.05895185470581
BitcoinTransactions,10,46,11,0.2,0.5,5,0.05314788036897659,0.023255813953488372,1.0,21.84622025489807
BitcoinTransactions,10,46,14,0.25,0.5,1,0.05203525599732001,0.0,1.0,21.18285298347473
BitcoinTransactions,10,46,14,0.25,0.5,2,0.051721202036967936,0.011111111111111112,0.9992341077355119,20.986793756484985
BitcoinTransactions,10,46,14,0.25,0.5,3,0.05203525599732001,0.0,1.0,21.300174474716187
BitcoinTransactions,10,46,14,0.25,0.5,4,0.05203525599732001,0.0,1.0,21.50245952606201
BitcoinTransactions,10,46,14,0.25,0.5,5,0.051977760053379556,0.0,0.9989788103140158,21.447540521621704
BitcoinTransactions,10,46,16,0.3,0.5,1,0.05203525599732001,0.0,1.0,21.59223175048828
BitcoinTransactions,10,46,16,0.3,0.5,2,0.05203525599732001,0.0,1.0,22.021842002868652
BitcoinTransactions,10,46,16,0.3,0.5,3,0.05278728747965879,0.025,1.0,22.035253763198853
BitcoinTransactions,10,46,16,0.3,0.5,4,0.05203525599732001,0.0,1.0,21.525976419448853
BitcoinTransactions,10,46,16,0.3,0.5,5,0.05203525599732001,0.0,1.0,21.69390082359314
BitcoinTransactions,10,46,19,0.35,0.5,1,0.05290549096555311,0.030303030303030304,1.0,21.3531014919281
BitcoinTransactions,10,46,19,0.35,0.5,2,0.05203525599732001,0.0,1.0,21.88175678253174
BitcoinTransactions,10,46,19,0.35,0.5,3,0.05203525599732001,0.0,1.0,21.778340339660645
BitcoinTransactions,10,46,19,0.35,0.5,4,0.05203525599732001,0.0,1.0,21.8844313621521
BitcoinTransactions,10,46,19,0.35,0.5,5,0.05203525599732001,0.0,1.0,21.91064739227295
BitcoinTransactions,10,46,22,0.4,0.5,1,0.05203525599732001,0.0,1.0,21.683861017227173
BitcoinTransactions,10,46,22,0.4,0.5,2,0.05203525599732001,0.0,1.0,21.523804664611816
BitcoinTransactions,10,46,22,0.4,0.5,3,0.05203525599732001,0.0,1.0,21.601062297821045
BitcoinTransactions,10,46,22,0.4,0.5,4,0.05203525599732001,0.0,1.0,21.58904767036438
BitcoinTransactions,10,46,22,0.4,0.5,5,0.05203525599732001,0.0,1.0,21.805113315582275
BitcoinTransactions,10,46,24,0.45,0.5,1,0.05203525599732001,0.0,1.0,22.126871347427368
BitcoinTransactions,10,46,24,0.45,0.5,2,0.05203525599732001,0.0,1.0,21.7717764377594
BitcoinTransactions,10,46,24,0.45,0.5,3,0.05156318919396234,0.022727272727272728,1.0,21.356038808822632
BitcoinTransactions,10,46,24,0.45,0.5,4,0.05272148538494346,0.016129032258064516,0.9991064590247638,21.32450795173645
BitcoinTransactions,10,46,24,0.45,0.5,5,0.05199217153412482,0.0,0.9985958641817718,21.494192838668823
BitcoinTransactions,10,46,27,0.5,0.5,1,0.05266427881941044,0.025,1.0,21.276405334472656
BitcoinTransactions,10,46,27,0.5,0.5,2,0.0514295317701318,0.0,0.9834056676027572,21.622767210006714
BitcoinTransactions,10,46,27,0.5,0.5,3,0.05203525599732001,0.0,1.0,21.559654235839844
BitcoinTransactions,10,46,27,0.5,0.5,4,0.05203525599732001,0.0,1.0,21.949496746063232
BitcoinTransactions,10,46,27,0.5,0.5,5,0.05203525599732001,0.0,1.0,22.23909902572632
BitcoinTransactions,10,46,30,0.55,0.5,1,0.05203525599732001,0.0,1.0,21.82633638381958
BitcoinTransactions,10,46,30,0.55,0.5,2,0.05203525599732001,0.0,1.0,21.624547004699707
BitcoinTransactions,10,46,30,0.55,0.5,3,0.05203525599732001,0.0,1.0,21.523441791534424
BitcoinTransactions,10,46,30,0.55,0.5,4,0.05203525599732001,0.0,1.0,21.612853288650513
BitcoinTransactions,10,46,30,0.55,0.5,5,0.05311958552786437,0.018518518518518517,0.9982129180495277,21.250455379486084
BitcoinTransactions,10,46,32,0.6,0.5,1,0.05203525599732001,0.0,1.0,21.61214804649353
BitcoinTransactions,10,46,32,0.6,0.5,2,0.05203525599732001,0.0,1.0,21.692744255065918
BitcoinTransactions,10,46,32,0.6,0.5,3,0.05202295545490007,0.0,0.999872351289252,22.055672645568848
BitcoinTransactions,10,46,32,0.6,0.5,4,0.05203525599732001,0.0,1.0,22.113162517547607
BitcoinTransactions,10,46,32,0.6,0.5,5,0.05203525599732001,0.0,1.0,21.64391851425171
BitcoinTransactions,10,46,35,0.65,0.5,1,0.053007075460605284,0.012195121951219513,0.999872351289252,21.40010905265808
BitcoinTransactions,10,46,35,0.65,0.5,2,0.05203525599732001,0.0,1.0,21.635506868362427
BitcoinTransactions,10,46,35,0.65,0.5,3,0.05203525599732001,0.0,1.0,23.475509643554688
BitcoinTransactions,10,46,35,0.65,0.5,4,0.05203525599732001,0.0,1.0,21.847172021865845
BitcoinTransactions,10,46,35,0.65,0.5,5,0.05203525599732001,0.0,1.0,22.285794973373413
BitcoinTransactions,10,46,38,0.7,0.5,1,0.05203525599732001,0.0,1.0,21.693599462509155
BitcoinTransactions,10,46,38,0.7,0.5,2,0.05199118126938159,0.0,0.9991064590247638,21.297521352767944
BitcoinTransactions,10,46,38,0.7,0.5,3,0.05203525599732001,0.0,1.0,21.88109517097473
BitcoinTransactions,10,46,38,0.7,0.5,4,0.05203525599732001,0.0,1.0,22.286149978637695
BitcoinTransactions,10,46,38,0.7,0.5,5,0.05203525599732001,0.0,1.0,21.89285397529602
BitcoinTransactions,10,46,40,0.75,0.5,1,0.05203525599732001,0.0,1.0,21.522778511047363
BitcoinTransactions,10,46,40,0.75,0.5,2,0.0518478281426539,0.0,0.9694919581312229,21.593430757522583
BitcoinTransactions,10,46,40,0.75,0.5,3,0.05203525599732001,0.0,1.0,21.46118974685669
BitcoinTransactions,10,46,40,0.75,0.5,4,0.05203525599732001,0.0,1.0,21.42524790763855
BitcoinTransactions,10,46,40,0.75,0.5,5,0.05203525599732001,0.0,1.0,21.467182636260986
BitcoinTransactions,10,46,43,0.8,0.5,1,0.05203525599732001,0.0,1.0,21.44757080078125
BitcoinTransactions,10,46,43,0.8,0.5,2,0.05203525599732001,0.0,1.0,21.88520097732544
BitcoinTransactions,10,46,43,0.8,0.5,3,0.05203525599732001,0.0,1.0,22.050714254379272
BitcoinTransactions,10,46,43,0.8,0.5,4,0.05203525599732001,0.0,1.0,21.48576831817627
BitcoinTransactions,10,46,43,0.8,0.5,5,0.05203525599732001,0.0,1.0,21.420623064041138
BitcoinTransactions,10,46,46,0.85,0.5,1,0.05203525599732001,0.0,1.0,21.47135043144226
BitcoinTransactions,10,46,46,0.85,0.5,2,0.05351940535555575,0.02702702702702703,1.0,21.159651279449463
BitcoinTransactions,10,46,46,0.85,0.5,3,0.053373823816219544,0.02564102564102564,1.0,21.23745822906494
BitcoinTransactions,10,46,46,0.85,0.5,4,0.05159835677860661,0.0,0.988128669900434,21.423677921295166
BitcoinTransactions,10,46,46,0.85,0.5,5,0.05203525599732001,0.0,1.0,21.79070544242859
BitcoinTransactions,10,46,49,0.9,0.5,1,0.05203525599732001,0.0,1.0,22.11218762397766
BitcoinTransactions,10,46,49,0.9,0.5,2,0.05203525599732001,0.0,1.0,21.61280059814453
BitcoinTransactions,10,46,49,0.9,0.5,3,0.05203525599732001,0.0,1.0,21.500542640686035
BitcoinTransactions,10,46,49,0.9,0.5,4,0.05203525599732001,0.0,1.0,21.497336864471436
BitcoinTransactions,10,46,49,0.9,0.5,5,0.05203525599732001,0.0,1.0,21.63991904258728
BitcoinTransactions,10,46,51,0.95,0.5,1,0.05203525599732001,0.0,1.0,21.72607684135437
BitcoinTransactions,10,46,51,0.95,0.5,2,0.05203525599732001,0.0,1.0,21.790782928466797
BitcoinTransactions,10,46,51,0.95,0.5,3,0.05203525599732001,0.0,1.0,21.626282215118408
BitcoinTransactions,10,46,51,0.95,0.5,4,0.052019313694126434,0.0,0.999872351289252,21.88970375061035
BitcoinTransactions,10,46,51,0.95,0.5,5,0.05203525599732001,0.0,1.0,22.23508310317993
BitcoinTransactions,10,46,54,1,0.5,1,0.05203525599732001,0.0,1.0,22.399102210998535
BitcoinTransactions,10,46,54,1,0.5,2,0.051977213702815474,0.0,0.9988511616032678,21.81087040901184
BitcoinTransactions,10,46,54,1,0.5,3,0.05201809569426986,0.0,0.9996170538677559,21.638105392456055
BitcoinTransactions,10,46,54,1,0.5,4,0.05203525599732001,0.0,1.0,21.702019691467285
BitcoinTransactions,10,46,54,1,0.5,5,0.05203525599732001,0.0,1.0,21.716604709625244
BitcoinTransactions,11,209,0,0,,1,0.05203525599732001,0.0,1.0,
BitcoinTransactions,11,209,0,0,,2,0.05203525599732001,0.0,1.0,
BitcoinTransactions,11,209,0,0,,3,0.05203525599732001,0.0,1.0,
BitcoinTransactions,11,209,0,0,,4,0.05192154714722132,0.0,0.9977838612957893,
BitcoinTransactions,11,209,0,0,,5,0.05203525599732001,0.0,1.0,
BitcoinTransactions,11,209,3,0.01,0.5,1,0.05202223913636025,0.0,0.9998696388997523,21.639957904815674
BitcoinTransactions,11,209,3,0.01,0.5,2,0.05203525599732001,0.0,1.0,21.67229700088501
BitcoinTransactions,11,209,3,0.01,0.5,3,0.05203525599732001,0.0,1.0,21.6755530834198
BitcoinTransactions,11,209,3,0.01,0.5,4,0.05203525599732001,0.0,1.0,21.681006908416748
BitcoinTransactions,11,209,3,0.01,0.5,5,0.051982939772790615,0.0,0.9988267500977708,21.687801599502563
BitcoinTransactions,11,209,16,0.05,0.5,1,0.05203525599732001,0.0,1.0,21.820419549942017
BitcoinTransactions,11,209,16,0.05,0.5,2,0.05203525599732001,0.0,1.0,21.83252716064453
BitcoinTransactions,11,209,16,0.05,0.5,3,0.0529549734603285,0.005291005291005291,1.0,22.209696054458618
BitcoinTransactions,11,209,16,0.05,0.5,4,0.05203525599732001,0.0,1.0,22.148115873336792
BitcoinTransactions,11,209,16,0.05,0.5,5,0.05203525599732001,0.0,1.0,21.75175976753235
BitcoinTransactions,11,209,32,0.1,0.5,1,0.05203525599732001,0.0,1.0,21.694945096969604
BitcoinTransactions,11,209,32,0.1,0.5,2,0.05203525599732001,0.0,1.0,21.598936557769775
BitcoinTransactions,11,209,32,0.1,0.5,3,0.052162593586473224,0.002512562814070352,0.9993481944987616,21.584869384765625
BitcoinTransactions,11,209,32,0.1,0.5,4,0.05171767665844652,0.004807692307692308,1.0,21.484429359436035
BitcoinTransactions,11,209,32,0.1,0.5,5,0.05253528124963227,0.005555555555555556,1.0,21.692503452301025
BitcoinTransactions,11,209,48,0.15,0.5,1,0.051424334981641236,0.0048543689320388345,1.0,21.730178594589233
BitcoinTransactions,11,209,48,0.15,0.5,2,0.05200420728270579,0.0,0.9994785555990092,21.841824293136597
BitcoinTransactions,11,209,48,0.15,0.5,3,0.05173552730904345,0.00663716814159292,0.9998696388997523,21.827399969100952
BitcoinTransactions,11,209,48,0.15,0.5,4,0.051469815874347166,0.002403846153846154,0.9993481944987616,22.131312370300293
BitcoinTransactions,11,209,48,0.15,0.5,5,0.05203525599732001,0.0,1.0,21.944490671157837
BitcoinTransactions,11,209,64,0.2,0.5,1,0.052997287950592574,0.005405405405405406,1.0,21.47733998298645
BitcoinTransactions,11,209,64,0.2,0.5,2,0.05057982942789767,0.0032085561497326204,0.9962195280928171,21.582634449005127
BitcoinTransactions,11,209,64,0.2,0.5,3,0.05157667071676258,0.004807692307692308,1.0,21.742459774017334
BitcoinTransactions,11,209,64,0.2,0.5,4,0.05203525599732001,0.0,1.0,21.82774782180786
BitcoinTransactions,11,209,64,0.2,0.5,5,0.05203525599732001,0.0,1.0,21.71446990966797
BitcoinTransactions,11,209,80,0.25,0.5,1,0.05251394844559184,0.0026595744680851063,0.9994785555990092,21.73679232597351
BitcoinTransactions,11,209,80,0.25,0.5,2,0.05321015574629781,0.006578947368421052,1.0,21.37486433982849
BitcoinTransactions,11,209,80,0.25,0.5,3,0.05203525599732001,0.0,1.0,21.89929699897766
BitcoinTransactions,11,209,80,0.25,0.5,4,0.05335712230634043,0.007407407407407408,1.0,21.902329206466675
BitcoinTransactions,11,209,80,0.25,0.5,5,0.05203525599732001,0.0,1.0,22.14268922805786
BitcoinTransactions,11,209,96,0.3,0.5,1,0.05203525599732001,0.0,1.0,21.65363907814026
BitcoinTransactions,11,209,96,0.3,0.5,2,0.05203525599732001,0.0,1.0,21.670576333999634
BitcoinTransactions,11,209,96,0.3,0.5,3,0.05203525599732001,0.0,1.0,21.75909996032715
BitcoinTransactions,11,209,96,0.3,0.5,4,0.05203525599732001,0.0,1.0,21.7187557220459
BitcoinTransactions,11,209,96,0.3,0.5,5,0.05203525599732001,0.0,1.0,21.65462565422058
BitcoinTransactions,11,209,112,0.35,0.5,1,0.05203525599732001,0.0,1.0,21.66417956352234
BitcoinTransactions,11,209,112,0.35,0.5,2,0.05203525599732001,0.0,1.0,21.64934802055359
BitcoinTransactions,11,209,112,0.35,0.5,3,0.05203525599732001,0.0,1.0,21.783262968063354
BitcoinTransactions,11,209,112,0.35,0.5,4,0.05203525599732001,0.0,1.0,22.14953351020813
BitcoinTransactions,11,209,112,0.35,0.5,5,0.052009690693683504,0.0,0.9993481944987616,22.47727060317993
BitcoinTransactions,11,209,128,0.4,0.5,1,0.05203525599732001,0.0,1.0,21.918413639068604
BitcoinTransactions,11,209,128,0.4,0.5,2,0.05203525599732001,0.0,1.0,21.78943395614624
BitcoinTransactions,11,209,128,0.4,0.5,3,0.05203525599732001,0.0,1.0,21.56649398803711
BitcoinTransactions,11,209,128,0.4,0.5,4,0.051597402613279233,0.004830917874396135,1.0,21.8546462059021
BitcoinTransactions,11,209,128,0.4,0.5,5,0.05203525599732001,0.0,1.0,21.748605966567993
BitcoinTransactions,11,209,144,0.45,0.5,1,0.05200767743340423,0.0,0.9989571111980186,21.695325136184692
BitcoinTransactions,11,209,144,0.45,0.5,2,0.05300169293687422,0.005747126436781609,1.0,21.57206654548645
BitcoinTransactions,11,209,144,0.45,0.5,3,0.05203525599732001,0.0,1.0,22.082687377929688
BitcoinTransactions,11,209,144,0.45,0.5,4,0.05203525599732001,0.0,1.0,21.94890332221985
BitcoinTransactions,11,209,144,0.45,0.5,5,0.0516810309848508,0.005154639175257732,1.0,21.98785638809204
BitcoinTransactions,11,209,160,0.5,0.5,1,0.05312556910360181,0.0037593984962406013,0.9998696388997523,21.623214721679688
BitcoinTransactions,11,209,160,0.5,0.5,2,0.05203525599732001,0.0,1.0,22.035522937774658
BitcoinTransactions,11,209,160,0.5,0.5,3,0.05201673143066996,0.0,0.9994785555990092,21.90753483772278
BitcoinTransactions,11,209,160,0.5,0.5,4,0.05203525599732001,0.0,1.0,21.941443920135498
BitcoinTransactions,11,209,160,0.5,0.5,5,0.05291959794456633,0.007462686567164179,1.0,21.93111562728882
BitcoinTransactions,11,209,176,0.55,0.5,1,0.05186631638850991,0.004807692307692308,1.0,22.201584100723267
BitcoinTransactions,11,209,176,0.55,0.5,2,0.05203525599732001,0.0,1.0,21.576109409332275
BitcoinTransactions,11,209,176,0.55,0.5,3,0.05203525599732001,0.0,1.0,21.876441717147827
BitcoinTransactions,11,209,176,0.55,0.5,4,0.053116892931338075,0.0043859649122807015,0.9989571111980186,21.429919242858887
BitcoinTransactions,11,209,176,0.55,0.5,5,0.05203525599732001,0.0,1.0,21.79676055908203
BitcoinTransactions,11,209,192,0.6,0.5,1,0.05203525599732001,0.0,1.0,21.75702476501465
BitcoinTransactions,11,209,192,0.6,0.5,2,0.05203525599732001,0.0,1.0,21.722041368484497
BitcoinTransactions,11,209,192,0.6,0.5,3,0.0526055293659434,0.005050505050505051,1.0,21.557945489883423
BitcoinTransactions,11,209,192,0.6,0.5,4,0.05203525599732001,0.0,1.0,21.66283869743347
BitcoinTransactions,11,209,192,0.6,0.5,5,0.05203525599732001,0.0,1.0,22.042675971984863
BitcoinTransactions,11,209,208,0.65,0.5,1,0.05203525599732001,0.0,1.0,22.364450216293335
BitcoinTransactions,11,209,208,0.65,0.5,2,0.051870029582885,0.0,0.9959588058923218,22.07146191596985
BitcoinTransactions,11,209,208,0.65,0.5,3,0.05203525599732001,0.0,1.0,21.60117769241333
BitcoinTransactions,11,209,208,0.65,0.5,4,0.05203525599732001,0.0,1.0,21.874462842941284
BitcoinTransactions,11,209,208,0.65,0.5,5,0.05203525599732001,0.0,1.0,21.72993564605713
BitcoinTransactions,11,209,224,0.7,0.5,1,0.052452917219739124,0.004901960784313725,1.0,21.64466428756714
BitcoinTransactions,11,209,224,0.7,0.5,2,0.05203525599732001,0.0,1.0,21.711289882659912
BitcoinTransactions,11,209,224,0.7,0.5,3,0.053272408697423744,0.00819672131147541,1.0,21.4494411945343
BitcoinTransactions,11,209,224,0.7,0.5,4,0.05203525599732001,0.0,1.0,21.66779375076294
BitcoinTransactions,11,209,224,0.7,0.5,5,0.05196346208329664,0.0,0.9989571111980186,21.814861059188843
BitcoinTransactions,11,209,240,0.75,0.5,1,0.05203525599732001,0.0,1.0,22.08720088005066
BitcoinTransactions,11,209,240,0.75,0.5,2,0.05329104819892631,0.006289308176100629,1.0,22.059879302978516
BitcoinTransactions,11,209,240,0.75,0.5,3,0.051779345755686344,0.004807692307692308,1.0,21.994018077850342
BitcoinTransactions,11,209,240,0.75,0.5,4,0.05203525599732001,0.0,1.0,21.715089797973633
BitcoinTransactions,11,209,240,0.75,0.5,5,0.05203525599732001,0.0,1.0,20.726885318756104
BitcoinTransactions,11,209,256,0.8,0.5,1,0.05203525599732001,0.0,1.0,20.33531665802002
BitcoinTransactions,11,209,256,0.8,0.5,2,0.051603641045759915,0.004807692307692308,1.0,20.35915184020996
BitcoinTransactions,11,209,256,0.8,0.5,3,0.05201505270904983,0.0,0.9997392777995047,20.53148579597473
BitcoinTransactions,11,209,256,0.8,0.5,4,0.05168325219946385,0.0,0.9903532785816712,20.81097173690796
BitcoinTransactions,11,209,256,0.8,0.5,5,0.053253875514065276,0.009174311926605505,1.0,20.166187047958374
BitcoinTransactions,11,209,272,0.85,0.5,1,0.05203525599732001,0.0,1.0,20.50053572654724
BitcoinTransactions,11,209,272,0.85,0.5,2,0.051950831126557635,0.004807692307692308,1.0,20.469486713409424
BitcoinTransactions,11,209,272,0.85,0.5,3,0.05203525599732001,0.0,1.0,20.506132125854492
BitcoinTransactions,11,209,272,0.85,0.5,4,0.05203525599732001,0.0,1.0,20.724447011947632
BitcoinTransactions,11,209,272,0.85,0.5,5,0.051837555984432085,0.0,0.9928301394863772,20.851322174072266
BitcoinTransactions,11,209,288,0.9,0.5,1,0.05202687758960814,0.004807692307692308,1.0,20.67487645149231
BitcoinTransactions,11,209,288,0.9,0.5,2,0.05203525599732001,0.0,1.0,20.549790620803833
BitcoinTransactions,11,209,288,0.9,0.5,3,0.05203525599732001,0.0,1.0,20.529355764389038
BitcoinTransactions,11,209,288,0.9,0.5,4,0.05203525599732001,0.0,1.0,20.552587032318115
BitcoinTransactions,11,209,288,0.9,0.5,5,0.05287530227270823,0.0038095238095238095,0.9998696388997523,20.541561603546143
BitcoinTransactions,11,209,304,0.95,0.5,1,0.052967495644455534,0.0029940119760479044,0.9882675009777082,20.52287220954895
BitcoinTransactions,11,209,304,0.95,0.5,2,0.05291024045751192,0.006993006993006993,1.0,20.2483868598938
BitcoinTransactions,11,209,304,0.95,0.5,3,0.05203525599732001,0.0,1.0,20.57222056388855
BitcoinTransactions,11,209,304,0.95,0.5,4,0.05203525599732001,0.0,1.0,20.55129623413086
BitcoinTransactions,11,209,304,0.95,0.5,5,0.05203525599732001,0.0,1.0,20.47302794456482
BitcoinTransactions,11,209,320,1,0.5,1,0.05203525599732001,0.0,1.0,20.81448268890381
BitcoinTransactions,11,209,320,1,0.5,2,0.05203525599732001,0.0,1.0,20.48607087135315
BitcoinTransactions,11,209,320,1,0.5,3,0.05203525599732001,0.0,1.0,20.638266801834106
BitcoinTransactions,11,209,320,1,0.5,4,0.05203525599732001,0.0,1.0,20.5898175239563
BitcoinTransactions,11,209,320,1,0.5,5,0.05203525599732001,0.0,1.0,20.633597373962402
BitcoinTransactions,12,206,0,0,,1,0.05168403796377108,0.0,0.9882720875684128,
BitcoinTransactions,12,206,0,0,,2,0.052146242914825724,0.0,0.9904873599166015,
BitcoinTransactions,12,206,0,0,,3,0.05321493965736853,0.005154639175257732,1.0,
BitcoinTransactions,12,206,0,0,,4,0.05203525599732001,0.0,1.0,
BitcoinTransactions,12,206,0,0,,5,0.05203525599732001,0.0,1.0,
BitcoinTransactions,12,206,2,0.01,0.5,1,0.05203525599732001,0.0,1.0,21.006924867630005
BitcoinTransactions,12,206,2,0.01,0.5,2,0.05203525599732001,0.0,1.0,20.671007871627808
BitcoinTransactions,12,206,2,0.01,0.5,3,0.05203525599732001,0.0,1.0,20.612637519836426
BitcoinTransactions,12,206,2,0.01,0.5,4,0.052662187469415714,0.0035842293906810036,0.9997393797237425,20.456396341323853
BitcoinTransactions,12,206,2,0.01,0.5,5,0.05203525599732001,0.0,1.0,20.80996584892273
BitcoinTransactions,12,206,10,0.05,0.5,1,0.05203525599732001,0.0,1.0,20.80346369743347
BitcoinTransactions,12,206,10,0.05,0.5,2,0.05203525599732001,0.0,1.0,21.043893098831177
BitcoinTransactions,12,206,10,0.05,0.5,3,0.05238990497964733,0.00267379679144385,0.9998696898618713,20.500956535339355
BitcoinTransactions,12,206,10,0.05,0.5,4,0.05203525599732001,0.0,1.0,20.658085346221924
BitcoinTransactions,12,206,10,0.05,0.5,5,0.05203525599732001,0.0,1.0,20.648000478744507
BitcoinTransactions,12,206,21,0.1,0.5,1,0.05257675533737996,0.005050505050505051,1.0,20.415772676467896
BitcoinTransactions,12,206,21,0.1,0.5,2,0.05203525599732001,0.0,1.0,20.923274755477905
BitcoinTransactions,12,206,21,0.1,0.5,3,0.052209369485464695,0.005714285714285714,1.0,20.86043071746826
BitcoinTransactions,12,206,21,0.1,0.5,4,0.05203525599732001,0.0,1.0,20.728942155838013
BitcoinTransactions,12,206,21,0.1,0.5,5,0.05203525599732001,0.0,1.0,20.63999319076538
BitcoinTransactions,12,206,31,0.15,0.5,1,0.05198576525740438,0.0,0.99895751889497,20.799904823303223
BitcoinTransactions,12,206,31,0.15,0.5,2,0.05203525599732001,0.0,1.0,20.842853784561157
BitcoinTransactions,12,206,31,0.15,0.5,3,0.05203525599732001,0.0,1.0,20.705241441726685
BitcoinTransactions,12,206,31,0.15,0.5,4,0.05203525599732001,0.0,1.0,21.03615117073059
BitcoinTransactions,12,206,31,0.15,0.5,5,0.05203525599732001,0.0,1.0,20.89859437942505
BitcoinTransactions,12,206,41,0.2,0.5,1,0.05185086692759227,0.005,1.0,20.46477699279785
BitcoinTransactions,12,206,41,0.2,0.5,2,0.051700341263982125,0.004901960784313725,1.0,20.846839666366577
BitcoinTransactions,12,206,41,0.2,0.5,3,0.05203525599732001,0.0,1.0,20.646509885787964
BitcoinTransactions,12,206,41,0.2,0.5,4,0.05203525599732001,0.0,1.0,20.813937187194824
BitcoinTransactions,12,206,41,0.2,0.5,5,0.05203525599732001,0.0,1.0,20.806466102600098
BitcoinTransactions,12,206,52,0.25,0.5,1,0.05203525599732001,0.0,1.0,21.121581315994263
BitcoinTransactions,12,206,52,0.25,0.5,2,0.05203525599732001,0.0,1.0,20.604663610458374
BitcoinTransactions,12,206,52,0.25,0.5,3,0.05203525599732001,0.0,1.0,20.432183265686035
BitcoinTransactions,12,206,52,0.25,0.5,4,0.05203525599732001,0.0,1.0,20.5330491065979
BitcoinTransactions,12,206,52,0.25,0.5,5,0.05281777642416409,0.008849557522123894,1.0,20.380055904388428
BitcoinTransactions,12,206,62,0.3,0.5,1,0.05203525599732001,0.0,1.0,20.951074361801147
BitcoinTransactions,12,206,62,0.3,0.5,2,0.05203525599732001,0.0,1.0,20.78377342224121
BitcoinTransactions,12,206,62,0.3,0.5,3,0.052129123666407644,0.004629629629629629,0.9996090695856138,20.14462399482727
BitcoinTransactions,12,206,62,0.3,0.5,4,0.05203525599732001,0.0,1.0,20.461562633514404
BitcoinTransactions,12,206,62,0.3,0.5,5,0.05268846450870727,0.004415011037527594,0.9975241073755539,20.20880103111267
BitcoinTransactions,12,206,72,0.35,0.5,1,0.05203525599732001,0.0,1.0,20.728927850723267
BitcoinTransactions,12,206,72,0.35,0.5,2,0.05203525599732001,0.0,1.0,20.97834873199463
BitcoinTransactions,12,206,72,0.35,0.5,3,0.05203525599732001,0.0,1.0,20.61168146133423
BitcoinTransactions,12,206,72,0.35,0.5,4,0.05203525599732001,0.0,1.0,20.689114332199097
BitcoinTransactions,12,206,72,0.35,0.5,5,0.05203525599732001,0.0,1.0,20.779781341552734
BitcoinTransactions,12,206,83,0.4,0.5,1,0.05203525599732001,0.0,1.0,22.195595741271973
BitcoinTransactions,12,206,83,0.4,0.5,2,0.05203525599732001,0.0,1.0,21.71909213066101
BitcoinTransactions,12,206,83,0.4,0.5,3,0.052753659883046,0.005319148936170213,1.0,21.519911289215088
BitcoinTransactions,12,206,83,0.4,0.5,4,0.05203525599732001,0.0,1.0,22.264742136001587
BitcoinTransactions,12,206,83,0.4,0.5,5,0.05203525599732001,0.0,1.0,22.283386945724487
BitcoinTransactions,12,206,93,0.45,0.5,1,0.05203525599732001,0.0,1.0,21.590874433517456
BitcoinTransactions,12,206,93,0.45,0.5,2,0.0529793404146453,0.0055248618784530384,1.0,20.91406798362732
BitcoinTransactions,12,206,93,0.45,0.5,3,0.05203525599732001,0.0,1.0,21.409589290618896
BitcoinTransactions,12,206,93,0.45,0.5,4,0.05203525599732001,0.0,1.0,21.740734100341797
BitcoinTransactions,12,206,93,0.45,0.5,5,0.05203525599732001,0.0,1.0,22.17872953414917
BitcoinTransactions,12,206,104,0.5,0.5,1,0.05158294731626792,0.004878048780487805,1.0,21.92105722427368
BitcoinTransactions,12,206,104,0.5,0.5,2,0.05203525599732001,0.0,1.0,21.453484535217285
BitcoinTransactions,12,206,104,0.5,0.5,3,0.05203525599732001,0.0,1.0,21.952502250671387
BitcoinTransactions,12,206,104,0.5,0.5,4,0.05203525599732001,0.0,1.0,22.72394037246704
BitcoinTransactions,12,206,104,0.5,0.5,5,0.0516302524915884,0.0,0.9861871253583528,22.117771863937378
BitcoinTransactions,12,206,114,0.55,0.5,1,0.05192547526924031,0.004878048780487805,1.0,21.588183164596558
BitcoinTransactions,12,206,114,0.55,0.5,2,0.05203525599732001,0.0,1.0,24.19245743751526
BitcoinTransactions,12,206,114,0.55,0.5,3,0.05150320486072858,0.003316749585406302,0.9998696898618713,22.591388702392578
BitcoinTransactions,12,206,114,0.55,0.5,4,0.05203525599732001,0.0,1.0,23.650771141052246
BitcoinTransactions,12,206,114,0.55,0.5,5,0.05203525599732001,0.0,1.0,23.018592357635498
BitcoinTransactions,12,206,124,0.6,0.5,1,0.05277253404753564,0.00684931506849315,1.0,21.982004642486572
BitcoinTransactions,12,206,124,0.6,0.5,2,0.052008513100642244,0.0,0.9993484493093563,22.226784229278564
BitcoinTransactions,12,206,124,0.6,0.5,3,0.05184631692304669,0.0049261083743842365,1.0,22.0018150806427
BitcoinTransactions,12,206,124,0.6,0.5,4,0.05137572368292,0.0024509803921568627,0.997393797237425,22.685627698898315
BitcoinTransactions,12,206,124,0.6,0.5,5,0.051786070986333435,0.0,0.9945269741985927,20.956594705581665
BitcoinTransactions,12,206,135,0.65,0.5,1,0.05203525599732001,0.0,1.0,20.620651245117188
BitcoinTransactions,12,206,135,0.65,0.5,2,0.05203525599732001,0.0,1.0,20.611644983291626
BitcoinTransactions,12,206,135,0.65,0.5,3,0.05203525599732001,0.0,1.0,20.767367124557495
BitcoinTransactions,12,206,135,0.65,0.5,4,0.05203525599732001,0.0,1.0,20.86695432662964
BitcoinTransactions,12,206,135,0.65,0.5,5,0.05203525599732001,0.0,1.0,20.97966718673706
BitcoinTransactions,12,206,145,0.7,0.5,1,0.05203525599732001,0.0,1.0,20.854445934295654
BitcoinTransactions,12,206,145,0.7,0.5,2,0.05203525599732001,0.0,1.0,20.801921844482422
BitcoinTransactions,12,206,145,0.7,0.5,3,0.05203525599732001,0.0,1.0,20.74363374710083
BitcoinTransactions,12,206,145,0.7,0.5,4,0.05361442470401515,0.008264462809917356,1.0,20.21626925468445
BitcoinTransactions,12,206,145,0.7,0.5,5,0.051829529237058504,0.0,0.9958300755798801,20.831624269485474
BitcoinTransactions,12,206,155,0.75,0.5,1,0.05203525599732001,0.0,1.0,20.733182668685913
BitcoinTransactions,12,206,155,0.75,0.5,2,0.05203525599732001,0.0,1.0,20.958486795425415
BitcoinTransactions,12,206,155,0.75,0.5,3,0.05203525599732001,0.0,1.0,20.79825210571289
BitcoinTransactions,12,206,155,0.75,0.5,4,0.051407433327407166,0.004901960784313725,1.0,20.611787796020508
BitcoinTransactions,12,206,155,0.75,0.5,5,0.05155659512285012,0.004975124378109453,1.0,20.728410005569458
BitcoinTransactions,12,206,166,0.8,0.5,1,0.05203525599732001,0.0,1.0,20.66044855117798
BitcoinTransactions,12,206,166,0.8,0.5,2,0.05203525599732001,0.0,1.0,20.719249486923218
BitcoinTransactions,12,206,166,0.8,0.5,3,0.05204196091399658,0.0,0.9990878290330988,20.767690420150757
BitcoinTransactions,12,206,166,0.8,0.5,4,0.05203525599732001,0.0,1.0,21.029157876968384
BitcoinTransactions,12,206,166,0.8,0.5,5,0.0517196096149983,0.004878048780487805,1.0,20.93119168281555
BitcoinTransactions,12,206,176,0.85,0.5,1,0.05203525599732001,0.0,1.0,20.612148761749268
BitcoinTransactions,12,206,176,0.85,0.5,2,0.05181991132227127,0.0,0.9964816262705238,20.56022596359253
BitcoinTransactions,12,206,176,0.85,0.5,3,0.05203525599732001,0.0,1.0,20.979265689849854
BitcoinTransactions,12,206,176,0.85,0.5,4,0.05203525599732001,0.0,1.0,20.694239616394043
BitcoinTransactions,12,206,176,0.85,0.5,5,0.05203525599732001,0.0,1.0,20.63919711112976
BitcoinTransactions,12,206,186,0.9,0.5,1,0.05202871531617455,0.0,0.9997393797237425,20.97321319580078
BitcoinTransactions,12,206,186,0.9,0.5,2,0.05202638370574539,0.0,0.9998696898618713,21.031132221221924
BitcoinTransactions,12,206,186,0.9,0.5,3,0.05203525599732001,0.0,1.0,20.634127616882324
BitcoinTransactions,12,206,186,0.9,0.5,4,0.051898247965608456,0.0025380710659898475,0.9986968986187126,20.660999059677124
BitcoinTransactions,12,206,186,0.9,0.5,5,0.05203525599732001,0.0,1.0,20.669125080108643
BitcoinTransactions,12,206,197,0.95,0.5,1,0.05130590849792113,0.005263157894736842,1.0,20.56732439994812
BitcoinTransactions,12,206,197,0.95,0.5,2,0.05203525599732001,0.0,1.0,20.703996896743774
BitcoinTransactions,12,206,197,0.95,0.5,3,0.05203525599732001,0.0,1.0,20.78504180908203
BitcoinTransactions,12,206,197,0.95,0.5,4,0.05203525599732001,0.0,1.0,21.0918972492218
BitcoinTransactions,12,206,197,0.95,0.5,5,0.05203525599732001,0.0,1.0,20.67547106742859
BitcoinTransactions,12,206,207,1,0.5,1,0.05203525599732001,0.0,1.0,20.79856848716736
BitcoinTransactions,12,206,207,1,0.5,2,0.05203525599732001,0.0,1.0,20.820930004119873
BitcoinTransactions,12,206,207,1,0.5,3,0.051774223608237184,0.0025252525252525255,0.9970028668230388,20.81376838684082
BitcoinTransactions,12,206,207,1,0.5,4,0.052668243289623246,0.003787878787878788,0.9976544175136826,20.576523303985596
BitcoinTransactions,12,206,207,1,0.5,5,0.05203525599732001,0.0,1.0,21.02075982093811
BitcoinTransactions,13,506,0,0,,1,0.05517133137142231,0.0030581039755351682,1.0,
BitcoinTransactions,13,506,0,0,,2,0.05203525599732001,0.0,1.0,
BitcoinTransactions,13,506,0,0,,3,0.05203525599732001,0.0,1.0,
BitcoinTransactions,13,506,0,0,,4,0.0532797868808863,0.0020833333333333333,1.0,
BitcoinTransactions,13,506,0,0,,5,0.05176657904795113,0.0019801980198019802,1.0,
BitcoinTransactions,13,506,5,0.01,0.5,1,0.05203525599732001,0.0,1.0,20.947115659713745
BitcoinTransactions,13,506,5,0.01,0.5,2,0.05275284600146878,0.0022675736961451248,1.0,20.595966815948486
BitcoinTransactions,13,506,5,0.01,0.5,3,0.05203525599732001,0.0,1.0,20.751248836517334
BitcoinTransactions,13,506,5,0.01,0.5,4,0.05237353338300059,0.002188183807439825,1.0,20.767589569091797
BitcoinTransactions,13,506,5,0.01,0.5,5,0.05203525599732001,0.0,1.0,20.695453882217407
BitcoinTransactions,13,506,27,0.05,0.5,1,0.05203525599732001,0.0,1.0,20.704992294311523
BitcoinTransactions,13,506,27,0.05,0.5,2,0.05203525599732001,0.0,1.0,20.940598964691162
BitcoinTransactions,13,506,27,0.05,0.5,3,0.05186539421836655,0.0,0.994982370490914,21.18501567840576
BitcoinTransactions,13,506,27,0.05,0.5,4,0.05203525599732001,0.0,1.0,20.635324239730835
BitcoinTransactions,13,506,27,0.05,0.5,5,0.05203525599732001,0.0,1.0,20.823899745941162
BitcoinTransactions,13,506,54,0.1,0.5,1,0.05203525599732001,0.0,1.0,20.763695240020752
BitcoinTransactions,13,506,54,0.1,0.5,2,0.05283645926587672,0.0018467220683287165,0.999593165174939,20.585095643997192
BitcoinTransactions,13,506,54,0.1,0.5,3,0.05190790229508038,0.0017241379310344827,0.9998643883916464,20.95473575592041
BitcoinTransactions,13,506,54,0.1,0.5,4,0.052729344239958925,0.002232142857142857,1.0,21.202616214752197
BitcoinTransactions,13,506,54,0.1,0.5,5,0.05203525599732001,0.0,1.0,21.392017602920532
BitcoinTransactions,13,506,81,0.15,0.5,1,0.05203525599732001,0.0,1.0,21.59140682220459
BitcoinTransactions,13,506,81,0.15,0.5,2,0.05203525599732001,0.0,1.0,21.240488052368164
BitcoinTransactions,13,506,81,0.15,0.5,3,0.053116275403094645,0.0027548209366391185,1.0,20.827215909957886
BitcoinTransactions,13,506,81,0.15,0.5,4,0.05203525599732001,0.0,1.0,21.071120500564575
BitcoinTransactions,13,506,81,0.15,0.5,5,0.05202452197237948,0.0,0.9997287767832926,21.822593927383423
BitcoinTransactions,13,506,107,0.2,0.5,1,0.05203525599732001,0.0,1.0,20.982691764831543
BitcoinTransactions,13,506,107,0.2,0.5,2,0.05203525599732001,0.0,1.0,21.155980825424194
BitcoinTransactions,13,506,107,0.2,0.5,3,0.05203525599732001,0.0,1.0,21.000663995742798
BitcoinTransactions,13,506,107,0.2,0.5,4,0.05203525599732001,0.0,1.0,21.033676385879517
BitcoinTransactions,13,506,107,0.2,0.5,5,0.05203525599732001,0.0,1.0,21.385910511016846
BitcoinTransactions,13,506,134,0.25,0.5,1,0.05203525599732001,0.0,1.0,21.217424154281616
BitcoinTransactions,13,506,134,0.25,0.5,2,0.05203525599732001,0.0,1.0,21.031792879104614
BitcoinTransactions,13,506,134,0.25,0.5,3,0.05203525599732001,0.0,1.0,21.03804039955139
BitcoinTransactions,13,506,134,0.25,0.5,4,0.05203525599732001,0.0,1.0,21.11362099647522
BitcoinTransactions,13,506,134,0.25,0.5,5,0.05203525599732001,0.0,1.0,21.132677793502808
BitcoinTransactions,13,506,161,0.3,0.5,1,0.05203525599732001,0.0,1.0,21.10574698448181
BitcoinTransactions,13,506,161,0.3,0.5,2,0.05203525599732001,0.0,1.0,21.089919567108154
BitcoinTransactions,13,506,161,0.3,0.5,3,0.05203525599732001,0.0,1.0,21.160359144210815
BitcoinTransactions,13,506,161,0.3,0.5,4,0.05203525599732001,0.0,1.0,21.383755683898926
BitcoinTransactions,13,506,161,0.3,0.5,5,0.05312610764153115,0.0038314176245210726,1.0,20.933265924453735
BitcoinTransactions,13,506,188,0.35,0.5,1,0.05248973511331542,0.003937007874015748,1.0,20.837337732315063
BitcoinTransactions,13,506,188,0.35,0.5,2,0.05195421402078141,0.0019801980198019802,1.0,21.114288330078125
BitcoinTransactions,13,506,188,0.35,0.5,3,0.05365975186380899,0.001607717041800643,0.9997287767832926,20.70296335220337
BitcoinTransactions,13,506,188,0.35,0.5,4,0.05203525599732001,0.0,1.0,20.963566541671753
BitcoinTransactions,13,506,188,0.35,0.5,5,0.05195634758071027,0.0,0.9983726606997559,21.071569681167603
BitcoinTransactions,13,506,215,0.4,0.5,1,0.05203525599732001,0.0,1.0,20.919131755828857
BitcoinTransactions,13,506,215,0.4,0.5,2,0.052282042290021064,0.002074688796680498,1.0,21.030660152435303
BitcoinTransactions,13,506,215,0.4,0.5,3,0.05203525599732001,0.0,1.0,21.440381288528442
BitcoinTransactions,13,506,215,0.4,0.5,4,0.05203525599732001,0.0,1.0,21.249090671539307
BitcoinTransactions,13,506,215,0.4,0.5,5,0.052773276228910815,0.003968253968253968,1.0,20.700418949127197
BitcoinTransactions,13,506,242,0.45,0.5,1,0.05203525599732001,0.0,1.0,21.03874659538269
BitcoinTransactions,13,506,242,0.45,0.5,2,0.0523513380937219,0.0021691973969631237,1.0,20.949203968048096
BitcoinTransactions,13,506,242,0.45,0.5,3,0.05203525599732001,0.0,1.0,21.06361484527588
BitcoinTransactions,13,506,242,0.45,0.5,4,0.05203525599732001,0.0,1.0,21.00614356994629
BitcoinTransactions,13,506,242,0.45,0.5,5,0.05203525599732001,0.0,1.0,21.06395149230957
BitcoinTransactions,13,506,268,0.5,0.5,1,0.05213174583959208,0.0020964360587002098,1.0,21.147266149520874
BitcoinTransactions,13,506,268,0.5,0.5,2,0.05203525599732001,0.0,1.0,21.46220302581787
BitcoinTransactions,13,506,268,0.5,0.5,3,0.05188244739191199,0.001984126984126984,1.0,21.29263663291931
BitcoinTransactions,13,506,268,0.5,0.5,4,0.05203525599732001,0.0,1.0,21.113197803497314
BitcoinTransactions,13,506,268,0.5,0.5,5,0.05203525599732001,0.0,1.0,21.17263674736023
BitcoinTransactions,13,506,295,0.55,0.5,1,0.052019083781136344,0.0,0.9994575535665853,21.08665180206299
BitcoinTransactions,13,506,295,0.55,0.5,2,0.05203525599732001,0.0,1.0,21.035041332244873
BitcoinTransactions,13,506,295,0.55,0.5,3,0.05234977948623241,0.0031645569620253164,1.0,20.701932907104492
BitcoinTransactions,13,506,295,0.55,0.5,4,0.05203525599732001,0.0,1.0,21.06092357635498
BitcoinTransactions,13,506,295,0.55,0.5,5,0.053296613239083954,0.002336448598130841,1.0,21.02318048477173
BitcoinTransactions,13,506,322,0.6,0.5,1,0.0523192970204056,0.002403846153846154,1.0,20.9445161819458
BitcoinTransactions,13,506,322,0.6,0.5,2,0.05203525599732001,0.0,1.0,20.847087621688843
BitcoinTransactions,13,506,322,0.6,0.5,3,0.05203525599732001,0.0,1.0,20.67986273765564
BitcoinTransactions,13,506,322,0.6,0.5,4,0.05203525599732001,0.0,1.0,20.985419511795044
BitcoinTransactions,13,506,322,0.6,0.5,5,0.05203525599732001,0.0,1.0,20.691654682159424
BitcoinTransactions,13,506,349,0.65,0.5,1,0.05178746314339029,0.001984126984126984,1.0,20.548357486724854
BitcoinTransactions,13,506,349,0.65,0.5,2,0.05203525599732001,0.0,1.0,20.575968027114868
BitcoinTransactions,13,506,349,0.65,0.5,3,0.05203525599732001,0.0,1.0,20.615671157836914
BitcoinTransactions,13,506,349,0.65,0.5,4,0.05203525599732001,0.0,1.0,20.887037754058838
BitcoinTransactions,13,506,349,0.65,0.5,5,0.05153489094329977,0.001006036217303823,0.9998643883916464,20.81657862663269
BitcoinTransactions,13,506,376,0.7,0.5,1,0.05203525599732001,0.0,1.0,20.571051120758057
BitcoinTransactions,13,506,376,0.7,0.5,2,0.05203525599732001,0.0,1.0,20.562949419021606
BitcoinTransactions,13,506,376,0.7,0.5,3,0.05202822120332799,0.0,0.9998643883916464,20.608887434005737
BitcoinTransactions,13,506,376,0.7,0.5,4,0.05203525599732001,0.0,1.0,20.632821083068848
BitcoinTransactions,13,506,376,0.7,0.5,5,0.05203525599732001,0.0,1.0,20.633052349090576
BitcoinTransactions,13,506,403,0.75,0.5,1,0.05203525599732001,0.0,1.0,20.63038444519043
BitcoinTransactions,13,506,403,0.75,0.5,2,0.05203525599732001,0.0,1.0,20.772627592086792
BitcoinTransactions,13,506,403,0.75,0.5,3,0.053182176689373716,0.002207505518763797,1.0,20.841219902038574
BitcoinTransactions,13,506,403,0.75,0.5,4,0.052326747225231805,0.0030959752321981426,1.0,20.50328516960144
BitcoinTransactions,13,506,403,0.75,0.5,5,0.05203525599732001,0.0,1.0,21.06865620613098
BitcoinTransactions,13,506,430,0.8,0.5,1,0.05299419766058198,0.0033222591362126247,1.0,20.80800724029541
BitcoinTransactions,13,506,430,0.8,0.5,2,0.05203525599732001,0.0,1.0,20.925779581069946
BitcoinTransactions,13,506,430,0.8,0.5,3,0.05203525599732001,0.0,1.0,20.91266894340515
BitcoinTransactions,13,506,430,0.8,0.5,4,0.05203525599732001,0.0,1.0,20.90399742126465
BitcoinTransactions,13,506,430,0.8,0.5,5,0.05203525599732001,0.0,1.0,20.997310161590576
BitcoinTransactions,13,506,456,0.85,0.5,1,0.052682202589501154,0.00228310502283105,1.0,20.64861536026001
BitcoinTransactions,13,506,456,0.85,0.5,2,0.05203525599732001,0.0,1.0,20.78326416015625
BitcoinTransactions,13,506,456,0.85,0.5,3,0.05159764956012587,0.001004016064257028,0.9998643883916464,20.84696674346924
BitcoinTransactions,13,506,456,0.85,0.5,4,0.05203525599732001,0.0,1.0,20.90551519393921
BitcoinTransactions,13,506,456,0.85,0.5,5,0.05203525599732001,0.0,1.0,21.162389755249023
BitcoinTransactions,13,506,483,0.9,0.5,1,0.052029176149625905,0.0,0.9997287767832926,21.025155067443848
BitcoinTransactions,13,506,483,0.9,0.5,2,0.052251634543327444,0.002386634844868735,1.0,20.611369371414185
BitcoinTransactions,13,506,483,0.9,0.5,3,0.05203525599732001,0.0,1.0,20.83552575111389
BitcoinTransactions,13,506,483,0.9,0.5,4,0.052968555354631255,0.0022935779816513763,1.0,20.742173433303833
BitcoinTransactions,13,506,483,0.9,0.5,5,0.05203525599732001,0.0,1.0,20.793875694274902
BitcoinTransactions,13,506,510,0.95,0.5,1,0.05363724826780048,0.0007558578987150416,0.9991863303498779,20.754497051239014
BitcoinTransactions,13,506,510,0.95,0.5,2,0.051854369729454966,0.001984126984126984,1.0,21.262120246887207
BitcoinTransactions,13,506,510,0.95,0.5,3,0.053109623517919126,0.0029069767441860465,1.0,21.036994218826294
BitcoinTransactions,13,506,510,0.95,0.5,4,0.05203525599732001,0.0,1.0,21.370749950408936
BitcoinTransactions,13,506,510,0.95,0.5,5,0.05180309237658385,0.0009940357852882703,0.9997287767832926,21.43045163154602
BitcoinTransactions,13,506,537,1,0.5,1,0.05203525599732001,0.0,1.0,21.691906929016113
BitcoinTransactions,13,506,537,1,0.5,2,0.05203525599732001,0.0,1.0,21.58445954322815
BitcoinTransactions,13,506,537,1,0.5,3,0.05252379397856597,0.002257336343115124,1.0,21.393850088119507
BitcoinTransactions,13,506,537,1,0.5,4,0.05203525599732001,0.0,1.0,21.4632306098938
BitcoinTransactions,13,506,537,1,0.5,5,0.05203525599732001,0.0,1.0,21.5505428314209
BitcoinTransactions,14,353,0,0,,1,0.054498907890293165,0.003367003367003367,1.0,
BitcoinTransactions,14,353,0,0,,2,0.05203525599732001,0.0,1.0,
BitcoinTransactions,14,353,0,0,,3,0.05200369232618655,0.0,0.9993357247243257,
BitcoinTransactions,14,353,0,0,,4,0.05203525599732001,0.0,1.0,
BitcoinTransactions,14,353,0,0,,5,0.05203525599732001,0.0,1.0,
BitcoinTransactions,14,353,4,0.01,0.5,1,0.05203525599732001,0.0,1.0,21.81510829925537
BitcoinTransactions,14,353,4,0.01,0.5,2,0.052776909485242676,0.003125,1.0,21.69126319885254
BitcoinTransactions,14,353,4,0.01,0.5,3,0.05203525599732001,0.0,1.0,21.53018093109131
BitcoinTransactions,14,353,4,0.01,0.5,4,0.05203525599732001,0.0,1.0,24.82504105567932
BitcoinTransactions,14,353,4,0.01,0.5,5,0.05203525599732001,0.0,1.0,20.576334476470947
BitcoinTransactions,14,353,21,0.05,0.5,1,0.053610680278513595,0.003257328990228013,1.0,20.631065368652344
BitcoinTransactions,14,353,21,0.05,0.5,2,0.05203525599732001,0.0,1.0,21.682007551193237
BitcoinTransactions,14,353,21,0.05,0.5,3,0.05189518182213314,0.0,0.9940215225189318,21.176802158355713
BitcoinTransactions,14,353,21,0.05,0.5,4,0.05204446390837555,0.0,0.9997342898897303,22.15044403076172
BitcoinTransactions,14,353,21,0.05,0.5,5,0.05203525599732001,0.0,1.0,21.77815008163452
BitcoinTransactions,14,353,42,0.1,0.5,1,0.05203525599732001,0.0,1.0,21.649574756622314
BitcoinTransactions,14,353,42,0.1,0.5,2,0.05203525599732001,0.0,1.0,22.057591676712036
BitcoinTransactions,14,353,42,0.1,0.5,3,0.05203525599732001,0.0,1.0,22.155426502227783
BitcoinTransactions,14,353,42,0.1,0.5,4,0.05203525599732001,0.0,1.0,22.084807634353638
BitcoinTransactions,14,353,42,0.1,0.5,5,0.05203525599732001,0.0,1.0,21.917494773864746
BitcoinTransactions,14,353,63,0.15,0.5,1,0.05203525599732001,0.0,1.0,21.76269507408142
BitcoinTransactions,14,353,63,0.15,0.5,2,0.05119612262559402,0.0029069767441860465,1.0,21.86420249938965
BitcoinTransactions,14,353,63,0.15,0.5,3,0.05203525599732001,0.0,1.0,22.118592262268066
BitcoinTransactions,14,353,63,0.15,0.5,4,0.05203525599732001,0.0,1.0,21.69478750228882
BitcoinTransactions,14,353,63,0.15,0.5,5,0.05203525599732001,0.0,1.0,21.37174391746521
BitcoinTransactions,14,353,84,0.2,0.5,1,0.05301222175213707,0.003236245954692557,1.0,21.506281852722168
BitcoinTransactions,14,353,84,0.2,0.5,2,0.05181474571968114,0.0,0.9960143483459546,22.006474494934082
BitcoinTransactions,14,353,84,0.2,0.5,3,0.05356842475192691,0.005128205128205128,1.0,21.757924556732178
BitcoinTransactions,14,353,84,0.2,0.5,4,0.05203525599732001,0.0,1.0,21.656945943832397
BitcoinTransactions,14,353,84,0.2,0.5,5,0.051531792750356575,0.0014326647564469914,0.9984057393383818,21.644781589508057
BitcoinTransactions,14,353,104,0.25,0.5,1,0.05203525599732001,0.0,1.0,21.480982780456543
BitcoinTransactions,14,353,104,0.25,0.5,2,0.05203525599732001,0.0,1.0,21.595982551574707
BitcoinTransactions,14,353,104,0.25,0.5,3,0.0518714975038382,0.002840909090909091,1.0,21.18276357650757
BitcoinTransactions,14,353,104,0.25,0.5,4,0.05203525599732001,0.0,1.0,21.12209177017212
BitcoinTransactions,14,353,104,0.25,0.5,5,0.05203525599732001,0.0,1.0,20.552409887313843
BitcoinTransactions,14,353,125,0.3,0.5,1,0.052698720172318254,0.0035460992907801418,1.0,20.64713406562805
BitcoinTransactions,14,353,125,0.3,0.5,2,0.05273436642277001,0.001976284584980237,0.9996014348345954,21.0723237991333
BitcoinTransactions,14,353,125,0.3,0.5,3,0.05203525599732001,0.0,1.0,22.08951735496521
BitcoinTransactions,14,353,125,0.3,0.5,4,0.053282627593623066,0.0025940337224383916,0.9998671449448652,21.92665195465088
BitcoinTransactions,14,353,125,0.3,0.5,5,0.0529665904269296,0.003968253968253968,1.0,21.311961889266968
BitcoinTransactions,14,353,146,0.35,0.5,1,0.05203525599732001,0.0,1.0,20.758150100708008
BitcoinTransactions,14,353,146,0.35,0.5,2,0.05203525599732001,0.0,1.0,20.77940034866333
BitcoinTransactions,14,353,146,0.35,0.5,3,0.05203525599732001,0.0,1.0,21.0312922000885
BitcoinTransactions,14,353,146,0.35,0.5,4,0.05203525599732001,0.0,1.0,20.65669059753418
BitcoinTransactions,14,353,146,0.35,0.5,5,0.05203525599732001,0.0,1.0,20.84488320350647
BitcoinTransactions,14,353,167,0.4,0.5,1,0.05203525599732001,0.0,1.0,21.08541989326477
BitcoinTransactions,14,353,167,0.4,0.5,2,0.05203525599732001,0.0,1.0,20.923323154449463
BitcoinTransactions,14,353,167,0.4,0.5,3,0.05203525599732001,0.0,1.0,20.81065058708191
BitcoinTransactions,14,353,167,0.4,0.5,4,0.05203525599732001,0.0,1.0,23.072534561157227
BitcoinTransactions,14,353,167,0.4,0.5,5,0.05203525599732001,0.0,1.0,22.081270933151245
BitcoinTransactions,14,353,188,0.45,0.5,1,0.05155407154697355,0.0029154518950437317,1.0,22.347752809524536
BitcoinTransactions,14,353,188,0.45,0.5,2,0.05203525599732001,0.0,1.0,22.288952827453613
BitcoinTransactions,14,353,188,0.45,0.5,3,0.05203525599732001,0.0,1.0,22.28018355369568
BitcoinTransactions,14,353,188,0.45,0.5,4,0.05203525599732001,0.0,1.0,22.16300129890442
BitcoinTransactions,14,353,188,0.45,0.5,5,0.051579350162940435,0.002932551319648094,1.0,22.81486439704895
BitcoinTransactions,14,353,209,0.5,0.5,1,0.05203525599732001,0.0,1.0,22.891287565231323
BitcoinTransactions,14,353,209,0.5,0.5,2,0.05203525599732001,0.0,1.0,22.697110891342163
BitcoinTransactions,14,353,209,0.5,0.5,3,0.05203525599732001,0.0,1.0,22.568585872650146
BitcoinTransactions,14,353,209,0.5,0.5,4,0.05203525599732001,0.0,1.0,22.475633144378662
BitcoinTransactions,14,353,209,0.5,0.5,5,0.051987972597291904,0.002840909090909091,1.0,22.774609804153442
BitcoinTransactions,14,353,230,0.55,0.5,1,0.05322296365795818,0.007407407407407408,1.0,22.262333393096924
BitcoinTransactions,14,353,230,0.55,0.5,2,0.05203525599732001,0.0,1.0,23.385070323944092
BitcoinTransactions,14,353,230,0.55,0.5,3,0.05203525599732001,0.0,1.0,23.377991914749146
BitcoinTransactions,14,353,230,0.55,0.5,4,0.05203525599732001,0.0,1.0,22.43451952934265
BitcoinTransactions,14,353,230,0.55,0.5,5,0.05267174103981495,0.0029069767441860465,1.0,22.37160611152649
BitcoinTransactions,14,353,251,0.6,0.5,1,0.05203525599732001,0.0,1.0,22.54813027381897
BitcoinTransactions,14,353,251,0.6,0.5,2,0.05202822120332799,0.0,0.9998671449448652,22.56462860107422
BitcoinTransactions,14,353,251,0.6,0.5,3,0.0512733150371057,0.002898550724637681,1.0,22.87017512321472
BitcoinTransactions,14,353,251,0.6,0.5,4,0.05203525599732001,0.0,1.0,23.011345148086548
BitcoinTransactions,14,353,251,0.6,0.5,5,0.05203525599732001,0.0,1.0,22.602336406707764
BitcoinTransactions,14,353,272,0.65,0.5,1,0.05203525599732001,0.0,1.0,22.458319664001465
BitcoinTransactions,14,353,272,0.65,0.5,2,0.052599093692997714,0.003105590062111801,1.0,22.520793437957764
BitcoinTransactions,14,353,272,0.65,0.5,3,0.0518300468000033,0.0014245014245014246,0.9997342898897303,22.618794202804565
BitcoinTransactions,14,353,272,0.65,0.5,4,0.05199437930315751,0.002840909090909091,1.0,22.930509567260742
BitcoinTransactions,14,353,272,0.65,0.5,5,0.053349031551655664,0.0049504950495049506,1.0,22.394344806671143
BitcoinTransactions,14,353,293,0.7,0.5,1,0.05203525599732001,0.0,1.0,22.361273050308228
BitcoinTransactions,14,353,293,0.7,0.5,2,0.052807780389434955,0.002008032128514056,0.9985385943935167,21.80450963973999
BitcoinTransactions,14,353,293,0.7,0.5,3,0.0519786824038122,0.0,0.9978743191178424,21.985936403274536
BitcoinTransactions,14,353,293,0.7,0.5,4,0.05203525599732001,0.0,1.0,22.10111117362976
BitcoinTransactions,14,353,293,0.7,0.5,5,0.05203525599732001,0.0,1.0,22.489315271377563
BitcoinTransactions,14,353,314,0.75,0.5,1,0.05203525599732001,0.0,1.0,22.278703212738037
BitcoinTransactions,14,353,314,0.75,0.5,2,0.05239968816966965,0.003076923076923077,1.0,22.301886081695557
BitcoinTransactions,14,353,314,0.75,0.5,3,0.05203525599732001,0.0,1.0,22.780889987945557
BitcoinTransactions,14,353,314,0.75,0.5,4,0.052028385692715604,0.0,0.9998671449448652,22.718726634979248
BitcoinTransactions,14,353,314,0.75,0.5,5,0.05124434717407721,0.0014326647564469914,0.9969443337318985,22.780407905578613
BitcoinTransactions,14,353,334,0.8,0.5,1,0.05203525599732001,0.0,1.0,22.649652004241943
BitcoinTransactions,14,353,334,0.8,0.5,2,0.05203525599732001,0.0,1.0,23.110116958618164
BitcoinTransactions,14,353,334,0.8,0.5,3,0.05203525599732001,0.0,1.0,23.263592004776
BitcoinTransactions,14,353,334,0.8,0.5,4,0.05162717245801675,0.0029239766081871343,1.0,23.622660636901855
BitcoinTransactions,14,353,334,0.8,0.5,5,0.05203525599732001,0.0,1.0,23.14662194252014
BitcoinTransactions,14,353,355,0.85,0.5,1,0.05202582736391477,0.0,0.9998671449448652,22.969245195388794
BitcoinTransactions,14,353,355,0.85,0.5,2,0.05203525599732001,0.0,1.0,23.169421911239624
BitcoinTransactions,14,353,355,0.85,0.5,3,0.05203525599732001,0.0,1.0,22.920389413833618
BitcoinTransactions,14,353,355,0.85,0.5,4,0.05203525599732001,0.0,1.0,23.480059146881104
BitcoinTransactions,14,353,355,0.85,0.5,5,0.05203525599732001,0.0,1.0,22.447042226791382
BitcoinTransactions,14,353,376,0.9,0.5,1,0.05203525599732001,0.0,1.0,22.628915309906006
BitcoinTransactions,14,353,376,0.9,0.5,2,0.05179022553589248,0.0012195121951219512,0.9966786236216288,22.245232343673706
BitcoinTransactions,14,353,376,0.9,0.5,3,0.054088957912393376,0.0036496350364963502,1.0,21.721633195877075
BitcoinTransactions,14,353,376,0.9,0.5,4,0.05203525599732001,0.0,1.0,21.721835374832153
BitcoinTransactions,14,353,376,0.9,0.5,5,0.053238806906135805,0.00510204081632653,1.0,21.676443815231323
BitcoinTransactions,14,353,397,0.95,0.5,1,0.05203525599732001,0.0,1.0,22.280701160430908
BitcoinTransactions,14,353,397,0.95,0.5,2,0.05203525599732001,0.0,1.0,22.192127227783203
BitcoinTransactions,14,353,397,0.95,0.5,3,0.052032366787006734,0.0,0.9998671449448652,22.24232029914856
BitcoinTransactions,14,353,397,0.95,0.5,4,0.05203525599732001,0.0,1.0,22.13331913948059
BitcoinTransactions,14,353,397,0.95,0.5,5,0.05262888471500602,0.0036496350364963502,1.0,21.461731910705566
BitcoinTransactions,14,353,418,1,0.5,1,0.05262008275998888,0.0024752475247524753,0.9998671449448652,22.057219743728638
BitcoinTransactions,14,353,418,1,0.5,2,0.05203525599732001,0.0,1.0,22.140724897384644
BitcoinTransactions,14,353,418,1,0.5,3,0.05203525599732001,0.0,1.0,22.29307746887207
BitcoinTransactions,14,353,418,1,0.5,4,0.052035515029241475,0.0014204545454545455,0.9998671449448652,21.866862297058105
BitcoinTransactions,14,353,418,1,0.5,5,0.05176813276305315,0.0029239766081871343,1.0,21.51397442817688
BitcoinTransactions,15,349,0,0,,1,0.05189101432346037,0.002890173410404624,1.0,
BitcoinTransactions,15,349,0,0,,2,0.05203525599732001,0.0,1.0,
BitcoinTransactions,15,349,0,0,,3,0.05203525599732001,0.0,1.0,
BitcoinTransactions,15,349,0,0,,4,0.05203525599732001,0.0,1.0,
BitcoinTransactions,15,349,0,0,,5,0.05203525599732001,0.0,1.0,
BitcoinTransactions,15,349,4,0.01,0.5,1,0.0527975147914801,0.0034129692832764505,1.0,21.11835551261902
BitcoinTransactions,15,349,4,0.01,0.5,2,0.05202638370574539,0.0,0.9998672155092285,20.948472023010254
BitcoinTransactions,15,349,4,0.01,0.5,3,0.05201542318622714,0.0014705882352941176,0.9996016465276856,20.844494819641113
BitcoinTransactions,15,349,4,0.01,0.5,4,0.051970505225336174,0.0,0.9989377240738282,21.206134557724
BitcoinTransactions,15,349,4,0.01,0.5,5,0.05203525599732001,0.0,1.0,20.91086196899414
BitcoinTransactions,15,349,18,0.05,0.5,1,0.05203525599732001,0.0,1.0,21.15580415725708
BitcoinTransactions,15,349,18,0.05,0.5,2,0.05203525599732001,0.0,1.0,22.645671606063843
BitcoinTransactions,15,349,18,0.05,0.5,3,0.05203880312133126,0.0,0.999734431018457,22.52107071876526
BitcoinTransactions,15,349,18,0.05,0.5,4,0.05203525599732001,0.0,1.0,22.463592290878296
BitcoinTransactions,15,349,18,0.05,0.5,5,0.05203525599732001,0.0,1.0,22.448442459106445
BitcoinTransactions,15,349,37,0.1,0.5,1,0.05203525599732001,0.0,1.0,22.941105365753174
BitcoinTransactions,15,349,37,0.1,0.5,2,0.0517435769477532,0.002890173410404624,1.0,22.128646850585938
BitcoinTransactions,15,349,37,0.1,0.5,3,0.05203525599732001,0.0,1.0,22.019213914871216
BitcoinTransactions,15,349,37,0.1,0.5,4,0.05203525599732001,0.0,1.0,22.43172001838684
BitcoinTransactions,15,349,37,0.1,0.5,5,0.051942570320590915,0.0,0.997477094675342,22.540084838867188
BitcoinTransactions,15,349,55,0.15,0.5,1,0.05190614076500134,0.0,0.9965476032399416,23.16718339920044
BitcoinTransactions,15,349,55,0.15,0.5,2,0.05201727266650549,0.0,0.9996016465276856,23.261581897735596
BitcoinTransactions,15,349,55,0.15,0.5,3,0.05203525599732001,0.0,1.0,22.759569883346558
BitcoinTransactions,15,349,55,0.15,0.5,4,0.05203525599732001,0.0,1.0,22.47680377960205
BitcoinTransactions,15,349,55,0.15,0.5,5,0.05142311814681071,0.0029069767441860465,1.0,21.87541103363037
BitcoinTransactions,15,349,74,0.2,0.5,1,0.05203525599732001,0.0,1.0,22.24676752090454
BitcoinTransactions,15,349,74,0.2,0.5,2,0.05127121069237971,0.0030864197530864196,1.0,23.128884077072144
BitcoinTransactions,15,349,74,0.2,0.5,3,0.05203525599732001,0.0,1.0,23.35558009147644
BitcoinTransactions,15,349,74,0.2,0.5,4,0.05201406783619015,0.0,0.9986721550922852,22.898753881454468
BitcoinTransactions,15,349,74,0.2,0.5,5,0.05203525599732001,0.0,1.0,22.867642164230347
BitcoinTransactions,15,349,92,0.25,0.5,1,0.05203525599732001,0.0,1.0,22.834283351898193
BitcoinTransactions,15,349,92,0.25,0.5,2,0.05203525599732001,0.0,1.0,23.019242525100708
BitcoinTransactions,15,349,92,0.25,0.5,3,0.051718729905844904,0.0014367816091954023,0.9993360775461426,23.023217916488647
BitcoinTransactions,15,349,92,0.25,0.5,4,0.05203525599732001,0.0,1.0,23.08520817756653
BitcoinTransactions,15,349,92,0.25,0.5,5,0.05203525599732001,0.0,1.0,23.453192234039307
BitcoinTransactions,15,349,111,0.3,0.5,1,0.05203525599732001,0.0,1.0,23.090367794036865
BitcoinTransactions,15,349,111,0.3,0.5,2,0.05203525599732001,0.0,1.0,22.96520209312439
BitcoinTransactions,15,349,111,0.3,0.5,3,0.05203525599732001,0.0,1.0,23.01948833465576
BitcoinTransactions,15,349,111,0.3,0.5,4,0.05203525599732001,0.0,1.0,22.96414589881897
BitcoinTransactions,15,349,111,0.3,0.5,5,0.0520454578996696,0.0,0.999734431018457,22.918347597122192
BitcoinTransactions,15,349,129,0.35,0.5,1,0.05203525599732001,0.0,1.0,23.04905366897583
BitcoinTransactions,15,349,129,0.35,0.5,2,0.053493027674778384,0.003663003663003663,1.0,23.091283082962036
BitcoinTransactions,15,349,129,0.35,0.5,3,0.05237956661438479,0.0031645569620253164,1.0,22.98434829711914
BitcoinTransactions,15,349,129,0.35,0.5,4,0.052764779216074205,0.004807692307692308,1.0,22.601727724075317
BitcoinTransactions,15,349,129,0.35,0.5,5,0.05150540786979611,0.001445086705202312,0.9996016465276856,22.657121181488037
BitcoinTransactions,15,349,148,0.4,0.5,1,0.05201834690330756,0.0,0.9993360775461426,23.194711685180664
BitcoinTransactions,15,349,148,0.4,0.5,2,0.05203525599732001,0.0,1.0,22.918053150177002
BitcoinTransactions,15,349,148,0.4,0.5,3,0.05203525599732001,0.0,1.0,23.120852947235107
BitcoinTransactions,15,349,148,0.4,0.5,4,0.05269891597836927,0.002824858757062147,0.9980082326384279,23.119738340377808
BitcoinTransactions,15,349,148,0.4,0.5,5,0.05203525599732001,0.0,1.0,23.019801378250122
BitcoinTransactions,15,349,166,0.45,0.5,1,0.05203525599732001,0.0,1.0,22.963327169418335
BitcoinTransactions,15,349,166,0.45,0.5,2,0.05203525599732001,0.0,1.0,23.052424430847168
BitcoinTransactions,15,349,166,0.45,0.5,3,0.05203060727843062,0.0,0.999734431018457,23.204877614974976
BitcoinTransactions,15,349,166,0.45,0.5,4,0.05203525599732001,0.0,1.0,23.015560626983643
BitcoinTransactions,15,349,166,0.45,0.5,5,0.05203525599732001,0.0,1.0,23.03607177734375
BitcoinTransactions,15,349,184,0.5,0.5,1,0.05203525599732001,0.0,1.0,23.477006196975708
BitcoinTransactions,15,349,184,0.5,0.5,2,0.05203525599732001,0.0,1.0,23.098442316055298
BitcoinTransactions,15,349,184,0.5,0.5,3,0.05203525599732001,0.0,1.0,23.05061173439026
BitcoinTransactions,15,349,184,0.5,0.5,4,0.05203525599732001,0.0,1.0,22.968701124191284
BitcoinTransactions,15,349,184,0.5,0.5,5,0.05203525599732001,0.0,1.0,22.966261863708496
BitcoinTransactions,15,349,203,0.55,0.5,1,0.05203525599732001,0.0,1.0,23.017395973205566
BitcoinTransactions,15,349,203,0.55,0.5,2,0.05312490809890905,0.002840909090909091,0.9996016465276856,22.640679836273193
BitcoinTransactions,15,349,203,0.55,0.5,3,0.05203525599732001,0.0,1.0,23.467180728912354
BitcoinTransactions,15,349,203,0.55,0.5,4,0.05203525599732001,0.0,1.0,23.2866849899292
BitcoinTransactions,15,349,203,0.55,0.5,5,0.05203525599732001,0.0,1.0,23.004090785980225
BitcoinTransactions,15,349,221,0.6,0.5,1,0.05203525599732001,0.0,1.0,22.948936462402344
BitcoinTransactions,15,349,221,0.6,0.5,2,0.05203525599732001,0.0,1.0,22.949726819992065
BitcoinTransactions,15,349,221,0.6,0.5,3,0.05287861737041928,0.0015432098765432098,0.9993360775461426,22.88990616798401
BitcoinTransactions,15,349,221,0.6,0.5,4,0.05203525599732001,0.0,1.0,22.964811086654663
BitcoinTransactions,15,349,221,0.6,0.5,5,0.05203525599732001,0.0,1.0,23.376293897628784
BitcoinTransactions,15,349,240,0.65,0.5,1,0.05336782156806397,0.003401360544217687,1.0,22.79965901374817
BitcoinTransactions,15,349,240,0.65,0.5,2,0.05203525599732001,0.0,1.0,23.118690490722656
BitcoinTransactions,15,349,240,0.65,0.5,3,0.05203525599732001,0.0,1.0,22.91197443008423
BitcoinTransactions,15,349,240,0.65,0.5,4,0.05203525599732001,0.0,1.0,22.887696981430054
BitcoinTransactions,15,349,240,0.65,0.5,5,0.05203525599732001,0.0,1.0,22.848305702209473
BitcoinTransactions,15,349,258,0.7,0.5,1,0.05203525599732001,0.0,1.0,23.04757022857666
BitcoinTransactions,15,349,258,0.7,0.5,2,0.05203525599732001,0.0,1.0,23.382015705108643
BitcoinTransactions,15,349,258,0.7,0.5,3,0.05203525599732001,0.0,1.0,23.268725633621216
BitcoinTransactions,15,349,258,0.7,0.5,4,0.05203525599732001,0.0,1.0,22.753620862960815
BitcoinTransactions,15,349,258,0.7,0.5,5,0.05203525599732001,0.0,1.0,22.66327428817749
BitcoinTransactions,15,349,277,0.75,0.5,1,0.051986899451378,0.0,0.9989377240738282,22.82434868812561
BitcoinTransactions,15,349,277,0.75,0.5,2,0.05203525599732001,0.0,1.0,22.693859338760376
BitcoinTransactions,15,349,277,0.75,0.5,3,0.05152614502946426,0.0029154518950437317,1.0,22.920721769332886
BitcoinTransactions,15,349,277,0.75,0.5,4,0.05162648642826191,0.002881844380403458,1.0,23.158881664276123
BitcoinTransactions,15,349,277,0.75,0.5,5,0.0525136361122126,0.003389830508474576,1.0,22.620099544525146
BitcoinTransactions,15,349,295,0.8,0.5,1,0.051438531202848074,0.0029154518950437317,1.0,23.098211526870728
BitcoinTransactions,15,349,295,0.8,0.5,2,0.05202582736391478,0.0,0.9998672155092285,22.932639122009277
BitcoinTransactions,15,349,295,0.8,0.5,3,0.05203525599732001,0.0,1.0,22.743959665298462
BitcoinTransactions,15,349,295,0.8,0.5,4,0.051536048322436814,0.0029069767441860465,1.0,23.063268184661865
BitcoinTransactions,15,349,295,0.8,0.5,5,0.05203525599732001,0.0,1.0,23.029327154159546
BitcoinTransactions,15,349,314,0.85,0.5,1,0.05203525599732001,0.0,1.0,22.86004114151001
BitcoinTransactions,15,349,314,0.85,0.5,2,0.05203525599732001,0.0,1.0,22.685933589935303
BitcoinTransactions,15,349,314,0.85,0.5,3,0.052340048525386686,0.0010582010582010583,0.9990705085645997,22.683889150619507
BitcoinTransactions,15,349,314,0.85,0.5,4,0.05203525599732001,0.0,1.0,22.781128406524658
BitcoinTransactions,15,349,314,0.85,0.5,5,0.05253716754050175,0.0038022813688212928,1.0,22.45811939239502
BitcoinTransactions,15,349,332,0.9,0.5,1,0.05203525599732001,0.0,1.0,23.26211905479431
BitcoinTransactions,15,349,332,0.9,0.5,2,0.05203525599732001,0.0,1.0,23.11239528656006
BitcoinTransactions,15,349,332,0.9,0.5,3,0.053768577517725,0.0029850746268656717,0.9993360775461426,22.12614893913269
BitcoinTransactions,15,349,332,0.9,0.5,4,0.052593064434036975,0.003115264797507788,1.0,22.627382516860962
BitcoinTransactions,15,349,332,0.9,0.5,5,0.05200266264563148,0.0,0.9993360775461426,22.740483283996582
BitcoinTransactions,15,349,351,0.95,0.5,1,0.05166860356908186,0.0029239766081871343,1.0,22.669949769973755
BitcoinTransactions,15,349,351,0.95,0.5,2,0.05203525599732001,0.0,1.0,23.133978843688965
BitcoinTransactions,15,349,351,0.95,0.5,3,0.05203525599732001,0.0,1.0,22.926446437835693
BitcoinTransactions,15,349,351,0.95,0.5,4,0.052016082652073546,0.0,0.999734431018457,23.115854263305664
BitcoinTransactions,15,349,351,0.95,0.5,5,0.05203056581675648,0.0,0.9998672155092285,22.85464382171631
BitcoinTransactions,15,349,369,1,0.5,1,0.05203525599732001,0.0,1.0,23.143547773361206
BitcoinTransactions,15,349,369,1,0.5,2,0.05203525599732001,0.0,1.0,23.638340950012207
BitcoinTransactions,15,349,369,1,0.5,3,0.05254664053319894,0.003105590062111801,1.0,26.259724617004395
BitcoinTransactions,15,349,369,1,0.5,4,0.05185590061239837,0.0028735632183908046,1.0,26.969797134399414
BitcoinTransactions,15,349,369,1,0.5,5,0.05203525599732001,0.0,1.0,26.242489337921143
BitcoinTransactions,16,419,0,0,,1,0.05203525599732001,0.0,1.0,
BitcoinTransactions,16,419,0,0,,2,0.05203525599732001,0.0,1.0,
BitcoinTransactions,16,419,0,0,,3,0.05203525599732001,0.0,1.0,
BitcoinTransactions,16,419,0,0,,4,0.05203525599732001,0.0,1.0,
BitcoinTransactions,16,419,0,0,,5,0.05203525599732001,0.0,1.0,
BitcoinTransactions,16,419,4,0.01,0.5,1,0.05149414168374795,0.0024330900243309003,1.0,23.135524034500122
BitcoinTransactions,16,419,4,0.01,0.5,2,0.05202001149368156,0.0,0.999463878836617,23.140422105789185
BitcoinTransactions,16,419,4,0.01,0.5,3,0.05203525599732001,0.0,1.0,22.54142427444458
BitcoinTransactions,16,419,4,0.01,0.5,4,0.05306728772701731,0.0035460992907801418,1.0,21.925105810165405
BitcoinTransactions,16,419,4,0.01,0.5,5,0.052002317418008155,0.0,0.9986596970915427,22.369443655014038
BitcoinTransactions,16,419,21,0.05,0.5,1,0.05203525599732001,0.0,1.0,22.528809785842896
BitcoinTransactions,16,419,21,0.05,0.5,2,0.05203525599732001,0.0,1.0,22.84020161628723
BitcoinTransactions,16,419,21,0.05,0.5,3,0.05203525599732001,0.0,1.0,22.67335033416748
BitcoinTransactions,16,419,21,0.05,0.5,4,0.051903364136687,0.002398081534772182,1.0,22.273683786392212
BitcoinTransactions,16,419,21,0.05,0.5,5,0.05178110883575987,0.0008032128514056225,0.997989545637314,22.24609375
BitcoinTransactions,16,419,42,0.1,0.5,1,0.05245338969301651,0.0029411764705882353,0.9991958182549256,21.949551343917847
BitcoinTransactions,16,419,42,0.1,0.5,2,0.05203525599732001,0.0,1.0,22.704530954360962
BitcoinTransactions,16,419,42,0.1,0.5,3,0.05230899701593462,0.0025380710659898475,1.0,22.242512941360474
BitcoinTransactions,16,419,42,0.1,0.5,4,0.051803291525645154,0.002398081534772182,1.0,22.17205572128296
BitcoinTransactions,16,419,42,0.1,0.5,5,0.05203525599732001,0.0,1.0,22.27627158164978
BitcoinTransactions,16,419,64,0.15,0.5,1,0.053135023159106155,0.00390625,1.0,22.079338312149048
BitcoinTransactions,16,419,64,0.15,0.5,2,0.05203525599732001,0.0,1.0,22.91352605819702
BitcoinTransactions,16,419,64,0.15,0.5,3,0.05203525599732001,0.0,1.0,23.07390546798706
BitcoinTransactions,16,419,64,0.15,0.5,4,0.05199829991147416,0.0,0.9990617879640799,22.70874333381653
BitcoinTransactions,16,419,64,0.15,0.5,5,0.05203525599732001,0.0,1.0,22.388115406036377
BitcoinTransactions,16,419,85,0.2,0.5,1,0.05203525599732001,0.0,1.0,22.35190486907959
BitcoinTransactions,16,419,85,0.2,0.5,2,0.053321328129686506,0.0038314176245210726,1.0,21.894047737121582
BitcoinTransactions,16,419,85,0.2,0.5,3,0.05183181455430504,0.0023923444976076554,1.0,22.4959979057312
BitcoinTransactions,16,419,85,0.2,0.5,4,0.05203525599732001,0.0,1.0,22.07859778404236
BitcoinTransactions,16,419,85,0.2,0.5,5,0.05203525599732001,0.0,1.0,21.795164346694946
BitcoinTransactions,16,419,106,0.25,0.5,1,0.05203525599732001,0.0,1.0,21.867605686187744
BitcoinTransactions,16,419,106,0.25,0.5,2,0.05203525599732001,0.0,1.0,22.394953727722168
BitcoinTransactions,16,419,106,0.25,0.5,3,0.05203525599732001,0.0,1.0,22.141215801239014
BitcoinTransactions,16,419,106,0.25,0.5,4,0.05203112841650085,0.002512562814070352,1.0,22.004884958267212
BitcoinTransactions,16,419,106,0.25,0.5,5,0.05184213176562794,0.002398081534772182,1.0,22.32294487953186
BitcoinTransactions,16,419,128,0.3,0.5,1,0.05203525599732001,0.0,1.0,22.41810417175293
BitcoinTransactions,16,419,128,0.3,0.5,2,0.05203525599732001,0.0,1.0,22.15649700164795
BitcoinTransactions,16,419,128,0.3,0.5,3,0.05203525599732001,0.0,1.0,22.699805974960327
BitcoinTransactions,16,419,128,0.3,0.5,4,0.05203525599732001,0.0,1.0,22.66042709350586
BitcoinTransactions,16,419,128,0.3,0.5,5,0.05158692503566018,0.002403846153846154,1.0,22.563002109527588
BitcoinTransactions,16,419,149,0.35,0.5,1,0.05203525599732001,0.0,1.0,23.072834014892578
BitcoinTransactions,16,419,149,0.35,0.5,2,0.05203525599732001,0.0,1.0,23.074629068374634
BitcoinTransactions,16,419,149,0.35,0.5,3,0.05203525599732001,0.0,1.0,22.69490361213684
BitcoinTransactions,16,419,149,0.35,0.5,4,0.05195660219874046,0.002398081534772182,1.0,22.68491291999817
BitcoinTransactions,16,419,149,0.35,0.5,5,0.05203525599732001,0.0,1.0,22.571219444274902
BitcoinTransactions,16,419,170,0.4,0.5,1,0.05203525599732001,0.0,1.0,22.58227038383484
BitcoinTransactions,16,419,170,0.4,0.5,2,0.05204315337063009,0.0,0.9998659697091543,23.016626834869385
BitcoinTransactions,16,419,170,0.4,0.5,3,0.05258948917042856,0.0027100271002710027,1.0,22.94117832183838
BitcoinTransactions,16,419,170,0.4,0.5,4,0.05291312641298322,0.0026595744680851063,1.0,22.538795709609985
BitcoinTransactions,16,419,170,0.4,0.5,5,0.051371857432228794,0.0024390243902439024,1.0,22.56995701789856
BitcoinTransactions,16,419,191,0.45,0.5,1,0.05203525599732001,0.0,1.0,22.57334017753601
BitcoinTransactions,16,419,191,0.45,0.5,2,0.05203525599732001,0.0,1.0,22.5826575756073
BitcoinTransactions,16,419,191,0.45,0.5,3,0.05203525599732001,0.0,1.0,22.97802472114563
BitcoinTransactions,16,419,191,0.45,0.5,4,0.05203525599732001,0.0,1.0,22.753692150115967
BitcoinTransactions,16,419,191,0.45,0.5,5,0.05203525599732001,0.0,1.0,22.895134210586548
BitcoinTransactions,16,419,212,0.5,0.5,1,0.05203525599732001,0.0,1.0,23.1143798828125
BitcoinTransactions,16,419,212,0.5,0.5,2,0.05202223913636024,0.0,0.9998659697091543,23.684987783432007
BitcoinTransactions,16,419,212,0.5,0.5,3,0.05206686662997351,0.002512562814070352,1.0,22.588738918304443
BitcoinTransactions,16,419,212,0.5,0.5,4,0.05200888040139649,0.0024509803921568627,1.0,23.216808080673218
BitcoinTransactions,16,419,212,0.5,0.5,5,0.05203525599732001,0.0,1.0,23.715783834457397
BitcoinTransactions,16,419,234,0.55,0.5,1,0.05153832284409683,0.002457002457002457,1.0,22.548023223876953
BitcoinTransactions,16,419,234,0.55,0.5,2,0.05391438903670292,0.004329004329004329,1.0,22.620669841766357
BitcoinTransactions,16,419,234,0.55,0.5,3,0.05203525599732001,0.0,1.0,22.842191457748413
BitcoinTransactions,16,419,234,0.55,0.5,4,0.05315969897812161,0.003676470588235294,1.0,22.37184190750122
BitcoinTransactions,16,419,234,0.55,0.5,5,0.05203525599732001,0.0,1.0,23.486032009124756
BitcoinTransactions,16,419,255,0.6,0.5,1,0.051977253055847064,0.0,0.9993298485457713,23.324384450912476
BitcoinTransactions,16,419,255,0.6,0.5,2,0.05200804494542996,0.0,0.9995979091274628,22.809483766555786
BitcoinTransactions,16,419,255,0.6,0.5,3,0.05203525599732001,0.0,1.0,22.797261238098145
BitcoinTransactions,16,419,255,0.6,0.5,4,0.052764569811665996,0.001366120218579235,0.9971853638922397,22.671266078948975
BitcoinTransactions,16,419,255,0.6,0.5,5,0.052019313694126434,0.0,0.9998659697091543,22.659894466400146
BitcoinTransactions,16,419,276,0.65,0.5,1,0.05203525599732001,0.0,1.0,23.117143869400024
BitcoinTransactions,16,419,276,0.65,0.5,2,0.05203525599732001,0.0,1.0,23.548821449279785
BitcoinTransactions,16,419,276,0.65,0.5,3,0.05199611755457393,0.0,0.9991958182549256,22.84428095817566
BitcoinTransactions,16,419,276,0.65,0.5,4,0.05203525599732001,0.0,1.0,22.9028799533844
BitcoinTransactions,16,419,276,0.65,0.5,5,0.05203525599732001,0.0,1.0,22.931386947631836
BitcoinTransactions,16,419,298,0.7,0.5,1,0.05203525599732001,0.0,1.0,23.784871101379395
BitcoinTransactions,16,419,298,0.7,0.5,2,0.05203525599732001,0.0,1.0,23.12411332130432
BitcoinTransactions,16,419,298,0.7,0.5,3,0.05203525599732001,0.0,1.0,23.6242036819458
BitcoinTransactions,16,419,298,0.7,0.5,4,0.05203525599732001,0.0,1.0,23.3773410320282
BitcoinTransactions,16,419,298,0.7,0.5,5,0.05192190897882938,0.002398081534772182,1.0,23.308467149734497
BitcoinTransactions,16,419,319,0.75,0.5,1,0.05203525599732001,0.0,1.0,26.088456630706787
BitcoinTransactions,16,419,319,0.75,0.5,2,0.05203525599732001,0.0,1.0,27.536583185195923
BitcoinTransactions,16,419,319,0.75,0.5,3,0.05158529877287556,0.0008210180623973727,0.9982576062190055,27.080349922180176
BitcoinTransactions,16,419,319,0.75,0.5,4,0.05203525599732001,0.0,1.0,27.12150502204895
BitcoinTransactions,16,419,319,0.75,0.5,5,0.05203525599732001,0.0,1.0,22.985369205474854
BitcoinTransactions,16,419,340,0.8,0.5,1,0.05203525599732001,0.0,1.0,22.371562480926514
BitcoinTransactions,16,419,340,0.8,0.5,2,0.05203525599732001,0.0,1.0,22.38892364501953
BitcoinTransactions,16,419,340,0.8,0.5,3,0.05203525599732001,0.0,1.0,23.08809995651245
BitcoinTransactions,16,419,340,0.8,0.5,4,0.053521509606725734,0.004784688995215311,1.0,22.983941555023193
BitcoinTransactions,16,419,340,0.8,0.5,5,0.05203525599732001,0.0,1.0,23.44470453262329
BitcoinTransactions,16,419,361,0.85,0.5,1,0.05203525599732001,0.0,1.0,24.452327013015747
BitcoinTransactions,16,419,361,0.85,0.5,2,0.05203525599732001,0.0,1.0,22.844106912612915
BitcoinTransactions,16,419,361,0.85,0.5,3,0.05203525599732001,0.0,1.0,25.32546091079712
BitcoinTransactions,16,419,361,0.85,0.5,4,0.051758728096599226,0.0023923444976076554,1.0,28.364609241485596
BitcoinTransactions,16,419,361,0.85,0.5,5,0.05203525599732001,0.0,1.0,23.668983459472656
BitcoinTransactions,16,419,382,0.9,0.5,1,0.05203525599732001,0.0,1.0,24.815688371658325
BitcoinTransactions,16,419,382,0.9,0.5,2,0.05144087762203133,0.002421307506053269,1.0,26.247318983078003
BitcoinTransactions,16,419,382,0.9,0.5,3,0.05203525599732001,0.0,1.0,27.042576551437378
BitcoinTransactions,16,419,382,0.9,0.5,4,0.051541709570632054,0.0012106537530266344,0.9998659697091543,25.271857261657715
BitcoinTransactions,16,419,382,0.9,0.5,5,0.05203525599732001,0.0,1.0,22.90045475959778
BitcoinTransactions,16,419,404,0.95,0.5,1,0.052997118280971436,0.0031446540880503146,1.0,22.70023798942566
BitcoinTransactions,16,419,404,0.95,0.5,2,0.05203109743751618,0.0,0.9998659697091543,23.24224543571472
BitcoinTransactions,16,419,404,0.95,0.5,3,0.05203525599732001,0.0,1.0,23.160528421401978
BitcoinTransactions,16,419,404,0.95,0.5,4,0.051711587454695986,0.0012658227848101266,0.999463878836617,22.88530135154724
BitcoinTransactions,16,419,404,0.95,0.5,5,0.05203525599732001,0.0,1.0,22.660043001174927
BitcoinTransactions,16,419,425,1,0.5,1,0.05203525599732001,0.0,1.0,23.083768129348755
BitcoinTransactions,16,419,425,1,0.5,2,0.05197649183492484,0.0011961722488038277,0.9998659697091543,23.084739685058594
BitcoinTransactions,16,419,425,1,0.5,3,0.05203525599732001,0.0,1.0,23.34526515007019
BitcoinTransactions,16,419,425,1,0.5,4,0.05170099865208902,0.0,0.991019970513336,23.272772312164307
BitcoinTransactions,16,419,425,1,0.5,5,0.05203525599732001,0.0,1.0,23.722309589385986
BitcoinTransactions,17,308,0,0,,1,0.05482410758259615,0.0029498525073746312,0.9997358689910195,
BitcoinTransactions,17,308,0,0,,2,0.05203525599732001,0.0,1.0,
BitcoinTransactions,17,308,0,0,,3,0.051833649286446314,0.0016286644951140066,0.9894347596407819,
BitcoinTransactions,17,308,0,0,,4,0.05203525599732001,0.0,1.0,
BitcoinTransactions,17,308,0,0,,5,0.05203525599732001,0.0,1.0,
BitcoinTransactions,17,308,3,0.01,0.5,1,0.05203525599732001,0.0,1.0,23.23071837425232
BitcoinTransactions,17,308,3,0.01,0.5,2,0.05160130753572569,0.0033003300330033004,1.0,22.964091062545776
BitcoinTransactions,17,308,3,0.01,0.5,3,0.05203525599732001,0.0,1.0,23.07232666015625
BitcoinTransactions,17,308,3,0.01,0.5,4,0.05203525599732001,0.0,1.0,22.847704648971558
BitcoinTransactions,17,308,3,0.01,0.5,5,0.05252425717719191,0.004878048780487805,1.0,21.887168407440186
BitcoinTransactions,17,308,16,0.05,0.5,1,0.05203525599732001,0.0,1.0,22.945266723632812
BitcoinTransactions,17,308,16,0.05,0.5,2,0.05200872104905183,0.0033333333333333335,1.0,22.364270210266113
BitcoinTransactions,17,308,16,0.05,0.5,3,0.05193923768392927,0.0,0.9978869519281564,22.217550039291382
BitcoinTransactions,17,308,16,0.05,0.5,4,0.05203525599732001,0.0,1.0,22.229504585266113
BitcoinTransactions,17,308,16,0.05,0.5,5,0.05285046604570895,0.0035587188612099642,1.0,21.890342950820923
BitcoinTransactions,17,308,32,0.1,0.5,1,0.05203525599732001,0.0,1.0,22.043036937713623
BitcoinTransactions,17,308,32,0.1,0.5,2,0.05291736774965142,0.004629629629629629,1.0,21.96471333503723
BitcoinTransactions,17,308,32,0.1,0.5,3,0.05423117620922967,0.002008032128514056,0.9961701003697834,21.33276677131653
BitcoinTransactions,17,308,32,0.1,0.5,4,0.05203525599732001,0.0,1.0,21.840299606323242
BitcoinTransactions,17,308,32,0.1,0.5,5,0.05203525599732001,0.0,1.0,21.67001962661743
BitcoinTransactions,17,308,48,0.15,0.5,1,0.05203525599732001,0.0,1.0,22.06684923171997
BitcoinTransactions,17,308,48,0.15,0.5,2,0.05203525599732001,0.0,1.0,22.18934726715088
BitcoinTransactions,17,308,48,0.15,0.5,3,0.05203525599732001,0.0,1.0,21.75793957710266
BitcoinTransactions,17,308,48,0.15,0.5,4,0.05203525599732001,0.0,1.0,21.94021701812744
BitcoinTransactions,17,308,48,0.15,0.5,5,0.05203525599732001,0.0,1.0,21.895299434661865
BitcoinTransactions,17,308,65,0.2,0.5,1,0.052021380543937026,0.0,0.9997358689910195,22.244125604629517
BitcoinTransactions,17,308,65,0.2,0.5,2,0.05203525599732001,0.0,1.0,22.28034019470215
BitcoinTransactions,17,308,65,0.2,0.5,3,0.05203439925705754,0.0,0.9998679344955098,21.57425022125244
BitcoinTransactions,17,308,65,0.2,0.5,4,0.05203525599732001,0.0,1.0,21.770376205444336
BitcoinTransactions,17,308,65,0.2,0.5,5,0.05201824223038827,0.003257328990228013,1.0,21.610352993011475
BitcoinTransactions,17,308,81,0.25,0.5,1,0.05166108712028303,0.0011001100110011,0.997094558901215,22.15927767753601
BitcoinTransactions,17,308,81,0.25,0.5,2,0.05203525599732001,0.0,1.0,22.315542936325073
BitcoinTransactions,17,308,81,0.25,0.5,3,0.05203381880761668,0.0,0.9998679344955098,21.626901865005493
BitcoinTransactions,17,308,81,0.25,0.5,4,0.05300436576099091,0.00510204081632653,1.0,21.33536148071289
BitcoinTransactions,17,308,81,0.25,0.5,5,0.05276308675309155,0.004081632653061225,1.0,21.255505561828613
BitcoinTransactions,17,308,97,0.3,0.5,1,0.05203525599732001,0.0,1.0,22.07409167289734
BitcoinTransactions,17,308,97,0.3,0.5,2,0.051807476923806876,0.003257328990228013,1.0,21.70244002342224
BitcoinTransactions,17,308,97,0.3,0.5,3,0.05203525599732001,0.0,1.0,21.624220371246338
BitcoinTransactions,17,308,97,0.3,0.5,4,0.05201931369412642,0.0,0.9998679344955098,21.6546950340271
BitcoinTransactions,17,308,97,0.3,0.5,5,0.05203525599732001,0.0,1.0,22.187418937683105
BitcoinTransactions,17,308,113,0.35,0.5,1,0.05203525599732001,0.0,1.0,22.108253955841064
BitcoinTransactions,17,308,113,0.35,0.5,2,0.05203525599732001,0.0,1.0,21.515794038772583
BitcoinTransactions,17,308,113,0.35,0.5,3,0.05203525599732001,0.0,1.0,22.038336992263794
BitcoinTransactions,17,308,113,0.35,0.5,4,0.05203525599732001,0.0,1.0,22.298038005828857
BitcoinTransactions,17,308,113,0.35,0.5,5,0.05203525599732001,0.0,1.0,22.16277575492859
BitcoinTransactions,17,308,129,0.4,0.5,1,0.05159343495626841,0.0034602076124567475,1.0,22.73825478553772
BitcoinTransactions,17,308,129,0.4,0.5,2,0.05203525599732001,0.0,1.0,22.951111793518066
BitcoinTransactions,17,308,129,0.4,0.5,3,0.051549419981962594,0.003257328990228013,1.0,22.50670886039734
BitcoinTransactions,17,308,129,0.4,0.5,4,0.05203525599732001,0.0,1.0,21.94058895111084
BitcoinTransactions,17,308,129,0.4,0.5,5,0.05257488336522258,0.003875968992248062,1.0,21.658795595169067
BitcoinTransactions,17,308,145,0.45,0.5,1,0.05203525599732001,0.0,1.0,21.664563417434692
BitcoinTransactions,17,308,145,0.45,0.5,2,0.05180043098729864,0.0033333333333333335,1.0,22.03433060646057
BitcoinTransactions,17,308,145,0.45,0.5,3,0.05203525599732001,0.0,1.0,22.25324273109436
BitcoinTransactions,17,308,145,0.45,0.5,4,0.05202822120332799,0.0,0.9998679344955098,21.769762992858887
BitcoinTransactions,17,308,145,0.45,0.5,5,0.05203525599732001,0.0,1.0,22.190227508544922
BitcoinTransactions,17,308,162,0.5,0.5,1,0.05188282519910935,0.0,0.997094558901215,22.278087615966797
BitcoinTransactions,17,308,162,0.5,0.5,2,0.05203525599732001,0.0,1.0,23.328553438186646
BitcoinTransactions,17,308,162,0.5,0.5,3,0.05149581006364295,0.003289473684210526,1.0,23.62744116783142
BitcoinTransactions,17,308,162,0.5,0.5,4,0.05203525599732001,0.0,1.0,23.24976396560669
BitcoinTransactions,17,308,162,0.5,0.5,5,0.05203525599732001,0.0,1.0,22.693726301193237
BitcoinTransactions,17,308,178,0.55,0.5,1,0.053240570990983345,0.006024096385542169,1.0,22.17708396911621
BitcoinTransactions,17,308,178,0.55,0.5,2,0.05203525599732001,0.0,1.0,22.544776439666748
BitcoinTransactions,17,308,178,0.55,0.5,3,0.05192529695693537,0.0,0.9981510829371368,22.449495792388916
BitcoinTransactions,17,308,178,0.55,0.5,4,0.05203525599732001,0.0,1.0,22.895715475082397
BitcoinTransactions,17,308,178,0.55,0.5,5,0.05203525599732001,0.0,1.0,22.37585711479187
BitcoinTransactions,17,308,194,0.6,0.5,1,0.05203525599732001,0.0,1.0,22.428707599639893
BitcoinTransactions,17,308,194,0.6,0.5,2,0.05203525599732001,0.0,1.0,22.50977373123169
BitcoinTransactions,17,308,194,0.6,0.5,3,0.053157683831763516,0.00425531914893617,1.0,22.217407941818237
BitcoinTransactions,17,308,194,0.6,0.5,4,0.05422495602143852,0.0025380710659898475,0.9993396724775488,22.320220947265625
BitcoinTransactions,17,308,194,0.6,0.5,5,0.05203525599732001,0.0,1.0,22.536566495895386
BitcoinTransactions,17,308,210,0.65,0.5,1,0.05203525599732001,0.0,1.0,26.334863662719727
BitcoinTransactions,17,308,210,0.65,0.5,2,0.05201910330159104,0.0,0.9993396724775488,66.97522854804993
BitcoinTransactions,17,308,210,0.65,0.5,3,0.05203525599732001,0.0,1.0,25.88171625137329
BitcoinTransactions,17,308,210,0.65,0.5,4,0.05203525599732001,0.0,1.0,24.78208827972412
BitcoinTransactions,17,308,210,0.65,0.5,5,0.05169129112587686,0.0034965034965034965,1.0,25.438598155975342
BitcoinTransactions,17,308,226,0.7,0.5,1,0.05306410684672741,0.005813953488372093,1.0,24.461730480194092
BitcoinTransactions,17,308,226,0.7,0.5,2,0.051988390721686574,0.003257328990228013,1.0,25.079973220825195
BitcoinTransactions,17,308,226,0.7,0.5,3,0.05203525599732001,0.0,1.0,25.289748430252075
BitcoinTransactions,17,308,226,0.7,0.5,4,0.05203525599732001,0.0,1.0,26.6162748336792
BitcoinTransactions,17,308,226,0.7,0.5,5,0.052481037869588215,0.0026041666666666665,0.9910195456946645,24.341877698898315
BitcoinTransactions,17,308,242,0.75,0.5,1,0.0520127367569511,0.0,0.9997358689910195,25.384786367416382
BitcoinTransactions,17,308,242,0.75,0.5,2,0.05203525599732001,0.0,1.0,25.021814823150635
BitcoinTransactions,17,308,242,0.75,0.5,3,0.05203525599732001,0.0,1.0,25.119903802871704
BitcoinTransactions,17,308,242,0.75,0.5,4,0.05203525599732001,0.0,1.0,24.92879295349121
BitcoinTransactions,17,308,242,0.75,0.5,5,0.05203525599732001,0.0,1.0,24.945935010910034
BitcoinTransactions,17,308,258,0.8,0.5,1,0.05203525599732001,0.0,1.0,24.96249270439148
BitcoinTransactions,17,308,258,0.8,0.5,2,0.05203525599732001,0.0,1.0,24.881032705307007
BitcoinTransactions,17,308,258,0.8,0.5,3,0.05203525599732001,0.0,1.0,24.786487579345703
BitcoinTransactions,17,308,258,0.8,0.5,4,0.05186803579761312,0.0,0.995905969360803,24.84556818008423
BitcoinTransactions,17,308,258,0.8,0.5,5,0.05203525599732001,0.0,1.0,24.868475437164307
BitcoinTransactions,17,308,275,0.85,0.5,1,0.05203525599732001,0.0,1.0,24.79418659210205
BitcoinTransactions,17,308,275,0.85,0.5,2,0.05203525599732001,0.0,1.0,25.045671463012695
BitcoinTransactions,17,308,275,0.85,0.5,3,0.05203525599732001,0.0,1.0,25.1544668674469
BitcoinTransactions,17,308,275,0.85,0.5,4,0.05316806634292409,0.006134969325153374,1.0,24.716291427612305
BitcoinTransactions,17,308,275,0.85,0.5,5,0.05203525599732001,0.0,1.0,25.078771114349365
BitcoinTransactions,17,308,291,0.9,0.5,1,0.05203525599732001,0.0,1.0,24.903656005859375
BitcoinTransactions,17,308,291,0.9,0.5,2,0.05203525599732001,0.0,1.0,24.83012580871582
BitcoinTransactions,17,308,291,0.9,0.5,3,0.05203525599732001,0.0,1.0,24.915422201156616
BitcoinTransactions,17,308,291,0.9,0.5,4,0.05203439925705751,0.0,0.9998679344955098,25.118394136428833
BitcoinTransactions,17,308,291,0.9,0.5,5,0.05210776378817405,0.003355704697986577,1.0,25.307629585266113
BitcoinTransactions,17,308,307,0.95,0.5,1,0.05203525599732001,0.0,1.0,25.20771884918213
BitcoinTransactions,17,308,307,0.95,0.5,2,0.05203525599732001,0.0,1.0,25.294915199279785
BitcoinTransactions,17,308,307,0.95,0.5,3,0.05158126431107611,0.0033333333333333335,1.0,25.182133197784424
BitcoinTransactions,17,308,307,0.95,0.5,4,0.05203525599732001,0.0,1.0,25.226336002349854
BitcoinTransactions,17,308,307,0.95,0.5,5,0.05203525599732001,0.0,1.0,25.332956075668335
BitcoinTransactions,17,308,323,1,0.5,1,0.052004163196514186,0.0,0.9994717379820391,25.37915301322937
BitcoinTransactions,17,308,323,1,0.5,2,0.05202582736391478,0.0,0.9998679344955098,25.31308937072754
BitcoinTransactions,17,308,323,1,0.5,3,0.052917368676846266,0.004484304932735426,1.0,25.42762303352356
BitcoinTransactions,17,308,323,1,0.5,4,0.05203525599732001,0.0,1.0,26.09255075454712
BitcoinTransactions,17,308,323,1,0.5,5,0.05201980669067704,0.0,0.9997358689910195,25.857856512069702
BitcoinTransactions,18,161,0,0,,1,0.05203283426930072,0.0,0.9989635963207669,
BitcoinTransactions,18,161,0,0,,2,0.05203525599732001,0.0,1.0,
BitcoinTransactions,18,161,0,0,,3,0.05682236470295441,0.010752688172043012,1.0,
BitcoinTransactions,18,161,0,0,,4,0.05199782233205929,0.0,0.9981862935613421,
BitcoinTransactions,18,161,0,0,,5,0.05203525599732001,0.0,1.0,
BitcoinTransactions,18,161,2,0.01,0.5,1,0.05203525599732001,0.0,1.0,25.944686889648438
BitcoinTransactions,18,161,2,0.01,0.5,2,0.05203525599732001,0.0,1.0,25.975303649902344
BitcoinTransactions,18,161,2,0.01,0.5,3,0.05203525599732001,0.0,1.0,25.596492052078247
BitcoinTransactions,18,161,2,0.01,0.5,4,0.05203525599732001,0.0,1.0,25.731066703796387
BitcoinTransactions,18,161,2,0.01,0.5,5,0.05203525599732001,0.0,1.0,25.612237453460693
BitcoinTransactions,18,161,8,0.05,0.5,1,0.05203525599732001,0.0,1.0,26.218376636505127
BitcoinTransactions,18,161,8,0.05,0.5,2,0.05203525599732001,0.0,1.0,25.89079236984253
BitcoinTransactions,18,161,8,0.05,0.5,3,0.05203525599732001,0.0,1.0,25.8313205242157
BitcoinTransactions,18,161,8,0.05,0.5,4,0.051993987939245305,0.006369426751592357,1.0,25.46598196029663
BitcoinTransactions,18,161,8,0.05,0.5,5,0.05203525599732001,0.0,1.0,22.730571031570435
BitcoinTransactions,18,161,16,0.1,0.5,1,0.05203525599732001,0.0,1.0,22.8633234500885
BitcoinTransactions,18,161,16,0.1,0.5,2,0.05203525599732001,0.0,1.0,22.719208478927612
BitcoinTransactions,18,161,16,0.1,0.5,3,0.053136937047550396,0.010526315789473684,1.0,22.526315212249756
BitcoinTransactions,18,161,16,0.1,0.5,4,0.05203525599732001,0.0,1.0,22.901201486587524
BitcoinTransactions,18,161,16,0.1,0.5,5,0.05236970839478235,0.003289473684210526,0.9974089908019174,22.411027193069458
BitcoinTransactions,18,161,24,0.15,0.5,1,0.05203525599732001,0.0,1.0,22.524173974990845
BitcoinTransactions,18,161,24,0.15,0.5,2,0.05313017413964724,0.008,1.0,22.319368600845337
BitcoinTransactions,18,161,24,0.15,0.5,3,0.05203525599732001,0.0,1.0,22.658242225646973
BitcoinTransactions,18,161,24,0.15,0.5,4,0.05203525599732001,0.0,1.0,22.968347787857056
BitcoinTransactions,18,161,24,0.15,0.5,5,0.05203525599732001,0.0,1.0,23.01884961128235
BitcoinTransactions,18,161,32,0.2,0.5,1,0.05203525599732001,0.0,1.0,22.57951283454895
BitcoinTransactions,18,161,32,0.2,0.5,2,0.05203525599732001,0.0,1.0,22.55016827583313
BitcoinTransactions,18,161,32,0.2,0.5,3,0.05411051151147861,0.010638297872340425,1.0,22.16711735725403
BitcoinTransactions,18,161,32,0.2,0.5,4,0.05203525599732001,0.0,1.0,22.428863286972046
BitcoinTransactions,18,161,32,0.2,0.5,5,0.05203525599732001,0.0,1.0,22.792651891708374
BitcoinTransactions,18,161,40,0.25,0.5,1,0.05203525599732001,0.0,1.0,23.24116015434265
BitcoinTransactions,18,161,40,0.25,0.5,2,0.05203525599732001,0.0,1.0,23.560765266418457
BitcoinTransactions,18,161,40,0.25,0.5,3,0.05203525599732001,0.0,1.0,23.38399314880371
BitcoinTransactions,18,161,40,0.25,0.5,4,0.05202717256704317,0.0,0.9994817981603835,22.684057235717773
BitcoinTransactions,18,161,40,0.25,0.5,5,0.05203525599732001,0.0,1.0,23.812735319137573
BitcoinTransactions,18,161,48,0.3,0.5,1,0.052304244022383935,0.007042253521126761,1.0,22.807841062545776
BitcoinTransactions,18,161,48,0.3,0.5,2,0.05203525599732001,0.0,1.0,23.687381982803345
BitcoinTransactions,18,161,48,0.3,0.5,3,0.05203525599732001,0.0,1.0,22.931134700775146
BitcoinTransactions,18,161,48,0.3,0.5,4,0.05203525599732001,0.0,1.0,23.53770160675049
BitcoinTransactions,18,161,48,0.3,0.5,5,0.05203525599732001,0.0,1.0,23.41554880142212
BitcoinTransactions,18,161,56,0.35,0.5,1,0.05203525599732001,0.0,1.0,23.279308319091797
BitcoinTransactions,18,161,56,0.35,0.5,2,0.05198318964053749,0.0,0.9990931467806711,21.97942805290222
BitcoinTransactions,18,161,56,0.35,0.5,3,0.05305525597745606,0.009009009009009009,1.0,21.416099548339844
BitcoinTransactions,18,161,56,0.35,0.5,4,0.05203525599732001,0.0,1.0,22.546660900115967
BitcoinTransactions,18,161,56,0.35,0.5,5,0.05196844746317916,0.008403361344537815,1.0,22.109766244888306
BitcoinTransactions,18,161,64,0.4,0.5,1,0.05203525599732001,0.0,1.0,22.221986532211304
BitcoinTransactions,18,161,64,0.4,0.5,2,0.05203525599732001,0.0,1.0,22.015715837478638
BitcoinTransactions,18,161,64,0.4,0.5,3,0.05203525599732001,0.0,1.0,22.149585723876953
BitcoinTransactions,18,161,64,0.4,0.5,4,0.05203525599732001,0.0,1.0,22.16424870491028
BitcoinTransactions,18,161,64,0.4,0.5,5,0.05203525599732001,0.0,1.0,22.89158272743225
BitcoinTransactions,18,161,72,0.45,0.5,1,0.05203525599732001,0.0,1.0,22.197202920913696
BitcoinTransactions,18,161,72,0.45,0.5,2,0.05203525599732001,0.0,1.0,22.163252115249634
BitcoinTransactions,18,161,72,0.45,0.5,3,0.05166661584500201,0.00625,1.0,22.301514148712158
BitcoinTransactions,18,161,72,0.45,0.5,4,0.05203525599732001,0.0,1.0,22.40752863883972
BitcoinTransactions,18,161,72,0.45,0.5,5,0.05203525599732001,0.0,1.0,22.4121732711792
BitcoinTransactions,18,161,80,0.5,0.5,1,0.05203525599732001,0.0,1.0,22.330200910568237
BitcoinTransactions,18,161,80,0.5,0.5,2,0.05203525599732001,0.0,1.0,22.747034311294556
BitcoinTransactions,18,161,80,0.5,0.5,3,0.05203525599732001,0.0,1.0,22.6793954372406
BitcoinTransactions,18,161,80,0.5,0.5,4,0.05203525599732001,0.0,1.0,22.194981813430786
BitcoinTransactions,18,161,80,0.5,0.5,5,0.05203525599732001,0.0,1.0,22.22115969657898
BitcoinTransactions,18,161,87,0.55,0.5,1,0.05317600905459052,0.008547008547008548,1.0,21.976745128631592
BitcoinTransactions,18,161,87,0.55,0.5,2,0.05203525599732001,0.0,1.0,22.16151738166809
BitcoinTransactions,18,161,87,0.55,0.5,3,0.05203525599732001,0.0,1.0,22.64655900001526
BitcoinTransactions,18,161,87,0.55,0.5,4,0.05203525599732001,0.0,1.0,22.65829110145569
BitcoinTransactions,18,161,87,0.55,0.5,5,0.05203525599732001,0.0,1.0,22.243765592575073
BitcoinTransactions,18,161,95,0.6,0.5,1,0.05203525599732001,0.0,1.0,22.203396797180176
BitcoinTransactions,18,161,95,0.6,0.5,2,0.05203525599732001,0.0,1.0,22.237765073776245
BitcoinTransactions,18,161,95,0.6,0.5,3,0.05203525599732001,0.0,1.0,22.123552083969116
BitcoinTransactions,18,161,95,0.6,0.5,4,0.05203525599732001,0.0,1.0,22.75541377067566
BitcoinTransactions,18,161,95,0.6,0.5,5,0.05203525599732001,0.0,1.0,22.46598529815674
BitcoinTransactions,18,161,103,0.65,0.5,1,0.05203525599732001,0.0,1.0,22.149099588394165
BitcoinTransactions,18,161,103,0.65,0.5,2,0.05223341491587688,0.005905511811023622,0.9966316880424926,21.961766719818115
BitcoinTransactions,18,161,103,0.65,0.5,3,0.05162247605773954,0.0,0.9895064127477653,22.20376420021057
BitcoinTransactions,18,161,103,0.65,0.5,4,0.053228638618448426,0.007142857142857143,1.0,22.212510108947754
BitcoinTransactions,18,161,103,0.65,0.5,5,0.053214902773191984,0.006535947712418301,0.9998704495400959,22.36755895614624
BitcoinTransactions,18,161,111,0.7,0.5,1,0.05203525599732001,0.0,1.0,22.268321990966797
BitcoinTransactions,18,161,111,0.7,0.5,2,0.05203525599732001,0.0,1.0,22.167500257492065
BitcoinTransactions,18,161,111,0.7,0.5,3,0.05203525599732001,0.0,1.0,22.290663242340088
BitcoinTransactions,18,161,111,0.7,0.5,4,0.05203525599732001,0.0,1.0,22.16299533843994
BitcoinTransactions,18,161,111,0.7,0.5,5,0.05201909145549562,0.0,0.9994817981603835,22.600969791412354
BitcoinTransactions,18,161,119,0.75,0.5,1,0.05203525599732001,0.0,1.0,22.769331216812134
BitcoinTransactions,18,161,119,0.75,0.5,2,0.05203525599732001,0.0,1.0,22.225904941558838
BitcoinTransactions,18,161,119,0.75,0.5,3,0.05203525599732001,0.0,1.0,22.184788703918457
BitcoinTransactions,18,161,119,0.75,0.5,4,0.05203525599732001,0.0,1.0,22.219077825546265
BitcoinTransactions,18,161,119,0.75,0.5,5,0.05203525599732001,0.0,1.0,22.197328567504883
BitcoinTransactions,18,161,127,0.8,0.5,1,0.05203525599732001,0.0,1.0,22.707327127456665
BitcoinTransactions,18,161,127,0.8,0.5,2,0.05203525599732001,0.0,1.0,22.520076513290405
BitcoinTransactions,18,161,127,0.8,0.5,3,0.05203525599732001,0.0,1.0,22.19031262397766
BitcoinTransactions,18,161,127,0.8,0.5,4,0.05203525599732001,0.0,1.0,22.168202877044678
BitcoinTransactions,18,161,127,0.8,0.5,5,0.05203525599732001,0.0,1.0,22.163912296295166
BitcoinTransactions,18,161,135,0.85,0.5,1,0.05203525599732001,0.0,1.0,22.191227197647095
BitcoinTransactions,18,161,135,0.85,0.5,2,0.05233308758649877,0.007042253521126761,1.0,22.554243087768555
BitcoinTransactions,18,161,135,0.85,0.5,3,0.05203525599732001,0.0,1.0,22.13650679588318
BitcoinTransactions,18,161,135,0.85,0.5,4,0.0527996309367395,0.0030864197530864196,0.9970203394222049,21.376461267471313
BitcoinTransactions,18,161,135,0.85,0.5,5,0.05203525599732001,0.0,1.0,22.029043674468994
BitcoinTransactions,18,161,143,0.9,0.5,1,0.05203525599732001,0.0,1.0,21.848520040512085
BitcoinTransactions,18,161,143,0.9,0.5,2,0.05203525599732001,0.0,1.0,22.31485104560852
BitcoinTransactions,18,161,143,0.9,0.5,3,0.05203525599732001,0.0,1.0,21.849162101745605
BitcoinTransactions,18,161,143,0.9,0.5,4,0.05203525599732001,0.0,1.0,21.887668132781982
BitcoinTransactions,18,161,143,0.9,0.5,5,0.05203525599732001,0.0,1.0,21.931488513946533
BitcoinTransactions,18,161,151,0.95,0.5,1,0.05341391914447075,0.007692307692307693,1.0,22.173660278320312
BitcoinTransactions,18,161,151,0.95,0.5,2,0.05203525599732001,0.0,1.0,22.377228021621704
BitcoinTransactions,18,161,151,0.95,0.5,3,0.05203525599732001,0.0,1.0,22.141556978225708
BitcoinTransactions,18,161,151,0.95,0.5,4,0.051928607672974685,0.0,0.9957248348231637,22.249115228652954
BitcoinTransactions,18,161,151,0.95,0.5,5,0.05314454956089392,0.007575757575757576,1.0,22.14508366584778
BitcoinTransactions,18,161,159,1,0.5,1,0.051710732855807115,0.0031446540880503146,0.9974089908019174,22.250555515289307
BitcoinTransactions,18,161,159,1,0.5,2,0.05203525599732001,0.0,1.0,22.666332960128784
BitcoinTransactions,18,161,159,1,0.5,3,0.05203525599732001,0.0,1.0,22.50836968421936
BitcoinTransactions,18,161,159,1,0.5,4,0.05203525599732001,0.0,1.0,22.522531032562256
BitcoinTransactions,18,161,159,1,0.5,5,0.05205048995682611,0.0,0.9998704495400959,22.516440868377686
BitcoinTransactions,19,616,0,0,,1,0.05203525599732001,0.0,1.0,
BitcoinTransactions,19,616,0,0,,2,0.05203525599732001,0.0,1.0,
BitcoinTransactions,19,616,0,0,,3,0.05203525599732001,0.0,1.0,
BitcoinTransactions,19,616,0,0,,4,0.05203525599732001,0.0,1.0,
BitcoinTransactions,19,616,0,0,,5,0.05542182347360075,0.0014005602240896359,0.9998623348017621,
BitcoinTransactions,19,616,7,0.01,0.5,1,0.052032366787006734,0.0,0.9998623348017621,22.51455521583557
BitcoinTransactions,19,616,7,0.01,0.5,2,0.05203525599732001,0.0,1.0,22.584909677505493
BitcoinTransactions,19,616,7,0.01,0.5,3,0.05203525599732001,0.0,1.0,22.497108697891235
BitcoinTransactions,19,616,7,0.01,0.5,4,0.05310996758562372,0.0025252525252525255,1.0,22.0036518573761
BitcoinTransactions,19,616,7,0.01,0.5,5,0.05203525599732001,0.0,1.0,22.380890130996704
BitcoinTransactions,19,616,34,0.05,0.5,1,0.05141982998961633,0.0008347245409015025,0.9982103524229075,22.452382564544678
BitcoinTransactions,19,616,34,0.05,0.5,2,0.052011685187557465,0.0,0.9990363436123348,22.564546823501587
BitcoinTransactions,19,616,34,0.05,0.5,3,0.05341547303664902,0.00303951367781155,1.0,22.087297677993774
BitcoinTransactions,19,616,34,0.05,0.5,4,0.05203525599732001,0.0,1.0,22.285566806793213
BitcoinTransactions,19,616,34,0.05,0.5,5,0.05203525599732001,0.0,1.0,22.309958934783936
BitcoinTransactions,19,616,67,0.1,0.5,1,0.05203525599732001,0.0,1.0,22.506553411483765
BitcoinTransactions,19,616,67,0.1,0.5,2,0.05306525677326382,0.002336448598130841,1.0,22.165403366088867
BitcoinTransactions,19,616,67,0.1,0.5,3,0.05166738766055406,0.0016313213703099511,1.0,22.889091968536377
BitcoinTransactions,19,616,67,0.1,0.5,4,0.05203525599732001,0.0,1.0,22.375674724578857
BitcoinTransactions,19,616,67,0.1,0.5,5,0.05203525599732001,0.0,1.0,22.4765305519104
BitcoinTransactions,19,616,101,0.15,0.5,1,0.05244372973308719,0.0017301038062283738,1.0,22.393827199935913
BitcoinTransactions,19,616,101,0.15,0.5,2,0.05203525599732001,0.0,1.0,22.429029941558838
BitcoinTransactions,19,616,101,0.15,0.5,3,0.05203525599732001,0.0,1.0,22.0981764793396
BitcoinTransactions,19,616,101,0.15,0.5,4,0.05201931369412642,0.0,0.9998623348017621,22.86540198326111
BitcoinTransactions,19,616,101,0.15,0.5,5,0.05203525599732001,0.0,1.0,22.178294897079468
BitcoinTransactions,19,616,134,0.2,0.5,1,0.05203525599732001,0.0,1.0,22.194823026657104
BitcoinTransactions,19,616,134,0.2,0.5,2,0.05149464796936612,0.001652892561983471,1.0,22.39118480682373
BitcoinTransactions,19,616,134,0.2,0.5,3,0.05203525599732001,0.0,1.0,22.485392332077026
BitcoinTransactions,19,616,134,0.2,0.5,4,0.05203525599732001,0.0,1.0,22.625065803527832
BitcoinTransactions,19,616,134,0.2,0.5,5,0.05203525599732001,0.0,1.0,22.539504528045654
BitcoinTransactions,19,616,168,0.25,0.5,1,0.05203525599732001,0.0,1.0,22.276389598846436
BitcoinTransactions,19,616,168,0.25,0.5,2,0.05203525599732001,0.0,1.0,22.56807565689087
BitcoinTransactions,19,616,168,0.25,0.5,3,0.05203525599732001,0.0,1.0,22.377258777618408
BitcoinTransactions,19,616,168,0.25,0.5,4,0.05203525599732001,0.0,1.0,22.419128894805908
BitcoinTransactions,19,616,168,0.25,0.5,5,0.05321589966740096,0.002320185614849188,1.0,22.271297454833984
BitcoinTransactions,19,616,202,0.3,0.5,1,0.05203525599732001,0.0,1.0,22.95350980758667
BitcoinTransactions,19,616,202,0.3,0.5,2,0.05198211409559851,0.0016260162601626016,1.0,22.49476909637451
BitcoinTransactions,19,616,202,0.3,0.5,3,0.051540667534534304,0.0016501650165016502,1.0,22.447509050369263
BitcoinTransactions,19,616,202,0.3,0.5,4,0.05203525599732001,0.0,1.0,22.45412254333496
BitcoinTransactions,19,616,202,0.3,0.5,5,0.05203525599732001,0.0,1.0,22.455109357833862
BitcoinTransactions,19,616,235,0.35,0.5,1,0.053089227455256544,0.0018796992481203006,1.0,22.293877124786377
BitcoinTransactions,19,616,235,0.35,0.5,2,0.05203525599732001,0.0,1.0,22.9609591960907
BitcoinTransactions,19,616,235,0.35,0.5,3,0.05203525599732001,0.0,1.0,22.518496990203857
BitcoinTransactions,19,616,235,0.35,0.5,4,0.05203525599732001,0.0,1.0,22.47623610496521
BitcoinTransactions,19,616,235,0.35,0.5,5,0.05203525599732001,0.0,1.0,22.454484701156616
BitcoinTransactions,19,616,269,0.4,0.5,1,0.05203525599732001,0.0,1.0,22.603971481323242
BitcoinTransactions,19,616,269,0.4,0.5,2,0.05203525599732001,0.0,1.0,22.52387309074402
BitcoinTransactions,19,616,269,0.4,0.5,3,0.05203525599732001,0.0,1.0,22.904877424240112
BitcoinTransactions,19,616,269,0.4,0.5,4,0.05203525599732001,0.0,1.0,22.825068473815918
BitcoinTransactions,19,616,269,0.4,0.5,5,0.052035751054570145,0.0,0.9998623348017621,22.537201404571533
BitcoinTransactions,19,616,302,0.45,0.5,1,0.05203525599732001,0.0,1.0,22.477198839187622
BitcoinTransactions,19,616,302,0.45,0.5,2,0.05203525599732001,0.0,1.0,22.481393098831177
BitcoinTransactions,19,616,302,0.45,0.5,3,0.05203525599732001,0.0,1.0,22.44766354560852
BitcoinTransactions,19,616,302,0.45,0.5,4,0.05203525599732001,0.0,1.0,22.711564540863037
BitcoinTransactions,19,616,302,0.45,0.5,5,0.05197913984029113,0.0016722408026755853,1.0,22.828524351119995
BitcoinTransactions,19,616,336,0.5,0.5,1,0.05203525599732001,0.0,1.0,22.411164045333862
BitcoinTransactions,19,616,336,0.5,0.5,2,0.05198993617709127,0.0016260162601626016,1.0,22.481792449951172
BitcoinTransactions,19,616,336,0.5,0.5,3,0.05203525599732001,0.0,1.0,22.37777352333069
BitcoinTransactions,19,616,336,0.5,0.5,4,0.05261554931113199,0.00199203187250996,1.0,22.41264843940735
BitcoinTransactions,19,616,336,0.5,0.5,5,0.05203525599732001,0.0,1.0,22.39838457107544
BitcoinTransactions,19,616,370,0.55,0.5,1,0.05203525599732001,0.0,1.0,22.719391345977783
BitcoinTransactions,19,616,370,0.55,0.5,2,0.05173274159186071,0.001639344262295082,1.0,22.854785919189453
BitcoinTransactions,19,616,370,0.55,0.5,3,0.05204641126470667,0.0,0.9995870044052864,22.7426700592041
BitcoinTransactions,19,616,370,0.55,0.5,4,0.05203525599732001,0.0,1.0,22.645413637161255
BitcoinTransactions,19,616,370,0.55,0.5,5,0.05203525599732001,0.0,1.0,22.682289123535156
BitcoinTransactions,19,616,403,0.6,0.5,1,0.05172954602547052,0.0,0.9921530837004405,23.06960940361023
BitcoinTransactions,19,616,403,0.6,0.5,2,0.052914056193272795,0.0022371364653243847,1.0,22.686558485031128
BitcoinTransactions,19,616,403,0.6,0.5,3,0.05202582736391478,0.0,0.9998623348017621,22.692331552505493
BitcoinTransactions,19,616,403,0.6,0.5,4,0.05203525599732001,0.0,1.0,22.706621408462524
BitcoinTransactions,19,616,403,0.6,0.5,5,0.05203525599732001,0.0,1.0,23.04250717163086
BitcoinTransactions,19,616,437,0.65,0.5,1,0.05194066856634183,0.0,0.9972466960352423,22.72520160675049
BitcoinTransactions,19,616,437,0.65,0.5,2,0.05203525599732001,0.0,1.0,22.54256010055542
BitcoinTransactions,19,616,437,0.65,0.5,3,0.05203525599732001,0.0,1.0,22.7896945476532
BitcoinTransactions,19,616,437,0.65,0.5,4,0.05203525599732001,0.0,1.0,22.474330186843872
BitcoinTransactions,19,616,437,0.65,0.5,5,0.05213111257262263,0.0017921146953405018,1.0,22.641634464263916
BitcoinTransactions,19,616,470,0.7,0.5,1,0.05182895658439164,0.0016722408026755853,1.0,22.704139709472656
BitcoinTransactions,19,616,470,0.7,0.5,2,0.05203525599732001,0.0,1.0,22.68237829208374
BitcoinTransactions,19,616,470,0.7,0.5,3,0.05166333363058968,0.001639344262295082,1.0,22.709206104278564
BitcoinTransactions,19,616,470,0.7,0.5,4,0.05203525599732001,0.0,1.0,22.924692153930664
BitcoinTransactions,19,616,470,0.7,0.5,5,0.05203525599732001,0.0,1.0,22.895103454589844
BitcoinTransactions,19,616,504,0.75,0.5,1,0.05203525599732001,0.0,1.0,22.912957191467285
BitcoinTransactions,19,616,504,0.75,0.5,2,0.05203525599732001,0.0,1.0,22.957050800323486
BitcoinTransactions,19,616,504,0.75,0.5,3,0.051551884772412904,0.0016638935108153079,1.0,23.12356400489807
BitcoinTransactions,19,616,504,0.75,0.5,4,0.05203525599732001,0.0,1.0,23.163358211517334
BitcoinTransactions,19,616,504,0.75,0.5,5,0.051847353988466904,0.0016501650165016502,1.0,23.064078092575073
BitcoinTransactions,19,616,538,0.8,0.5,1,0.05203525599732001,0.0,1.0,23.19196891784668
BitcoinTransactions,19,616,538,0.8,0.5,2,0.05203525599732001,0.0,1.0,23.02939510345459
BitcoinTransactions,19,616,538,0.8,0.5,3,0.05321764277246248,0.0007002801120448179,0.9982103524229075,23.102578163146973
BitcoinTransactions,19,616,538,0.8,0.5,4,0.05179241888445592,0.0016638935108153079,1.0,22.987349271774292
BitcoinTransactions,19,616,538,0.8,0.5,5,0.05203525599732001,0.0,1.0,22.96404528617859
BitcoinTransactions,19,616,571,0.85,0.5,1,0.053751789359999025,0.0014925373134328358,0.9987610132158591,22.64030694961548
BitcoinTransactions,19,616,571,0.85,0.5,2,0.05292529924922525,0.0021929824561403508,1.0,22.662609100341797
BitcoinTransactions,19,616,571,0.85,0.5,3,0.05203525599732001,0.0,1.0,23.379047393798828
BitcoinTransactions,19,616,571,0.85,0.5,4,0.05203525599732001,0.0,1.0,23.078250646591187
BitcoinTransactions,19,616,571,0.85,0.5,5,0.05253205224857573,0.0017921146953405018,1.0,23.27479863166809
BitcoinTransactions,19,616,605,0.9,0.5,1,0.05203525599732001,0.0,1.0,23.420039653778076
BitcoinTransactions,19,616,605,0.9,0.5,2,0.05201043819693335,0.0,0.9997246696035242,23.071324348449707
BitcoinTransactions,19,616,605,0.9,0.5,3,0.05203525599732001,0.0,1.0,23.149608850479126
BitcoinTransactions,19,616,605,0.9,0.5,4,0.05290015220721355,0.0009293680297397769,0.9998623348017621,23.095900058746338
BitcoinTransactions,19,616,605,0.9,0.5,5,0.05290952398187141,0.0024154589371980675,1.0,22.839365482330322
BitcoinTransactions,19,616,638,0.95,0.5,1,0.05203525599732001,0.0,1.0,23.274362325668335
BitcoinTransactions,19,616,638,0.95,0.5,2,0.05258732729355618,0.001890359168241966,1.0,23.106231927871704
BitcoinTransactions,19,616,638,0.95,0.5,3,0.05203525599732001,0.0,1.0,23.69386887550354
BitcoinTransactions,19,616,638,0.95,0.5,4,0.05203525599732001,0.0,1.0,23.559510231018066
BitcoinTransactions,19,616,638,0.95,0.5,5,0.05203525599732001,0.0,1.0,23.26114511489868
BitcoinTransactions,19,616,672,1,0.5,1,0.05366680534622604,0.00228310502283105,1.0,22.873861074447632
BitcoinTransactions,19,616,672,1,0.5,2,0.05279853454979386,0.0009765625,0.9998623348017621,23.049745798110962
BitcoinTransactions,19,616,672,1,0.5,3,0.05203525599732001,0.0,1.0,23.609767198562622
BitcoinTransactions,19,616,672,1,0.5,4,0.05203525599732001,0.0,1.0,23.8413827419281
BitcoinTransactions,19,616,672,1,0.5,5,0.05203525599732001,0.0,1.0,24.23517608642578
BitcoinTransactions,20,248,0,0,,1,0.05566780176525273,0.004132231404958678,1.0,
BitcoinTransactions,20,248,0,0,,2,0.05420520618787497,0.004347826086956522,1.0,
BitcoinTransactions,20,248,0,0,,3,0.051725267993744196,0.0020408163265306124,0.9996069182389937,
BitcoinTransactions,20,248,0,0,,4,0.05203525599732001,0.0,1.0,
BitcoinTransactions,20,248,0,0,,5,0.056175771104117665,0.003289473684210526,0.9906970649895178,
BitcoinTransactions,20,248,3,0.01,0.5,1,0.05203525599732001,0.0,1.0,23.95258069038391
BitcoinTransactions,20,248,3,0.01,0.5,2,0.05203525599732001,0.0,1.0,23.572388887405396
BitcoinTransactions,20,248,3,0.01,0.5,3,0.0520273798816687,0.0,0.9997379454926625,23.0614173412323
BitcoinTransactions,20,248,3,0.01,0.5,4,0.05200648904456346,0.0,0.9996069182389937,23.01550602912903
BitcoinTransactions,20,248,3,0.01,0.5,5,0.05203525599732001,0.0,1.0,22.547380924224854
BitcoinTransactions,20,248,14,0.05,0.5,1,0.05203525599732001,0.0,1.0,22.521493434906006
BitcoinTransactions,20,248,14,0.05,0.5,2,0.05203525599732001,0.0,1.0,22.490840435028076
BitcoinTransactions,20,248,14,0.05,0.5,3,0.051676048985679235,0.001394700139470014,0.9997379454926625,22.4694607257843
BitcoinTransactions,20,248,14,0.05,0.5,4,0.051638927351121,0.004149377593360996,1.0,22.52566146850586
BitcoinTransactions,20,248,14,0.05,0.5,5,0.05203525599732001,0.0,1.0,22.97560954093933
BitcoinTransactions,20,248,27,0.1,0.5,1,0.05203525599732001,0.0,1.0,22.490427017211914
BitcoinTransactions,20,248,27,0.1,0.5,2,0.05203525599732001,0.0,1.0,23.122644662857056
BitcoinTransactions,20,248,27,0.1,0.5,3,0.05203525599732001,0.0,1.0,23.22027325630188
BitcoinTransactions,20,248,27,0.1,0.5,4,0.05203525599732001,0.0,1.0,22.44048023223877
BitcoinTransactions,20,248,27,0.1,0.5,5,0.05203525599732001,0.0,1.0,22.516866207122803
BitcoinTransactions,20,248,41,0.15,0.5,1,0.05203525599732001,0.0,1.0,22.951738357543945
BitcoinTransactions,20,248,41,0.15,0.5,2,0.05203525599732001,0.0,1.0,22.677206993103027
BitcoinTransactions,20,248,41,0.15,0.5,3,0.05201908201195856,0.0,0.999475890985325,22.437967538833618
BitcoinTransactions,20,248,41,0.15,0.5,4,0.05203525599732001,0.0,1.0,22.462809324264526
BitcoinTransactions,20,248,41,0.15,0.5,5,0.05203525599732001,0.0,1.0,22.44397473335266
BitcoinTransactions,20,248,55,0.2,0.5,1,0.05203525599732001,0.0,1.0,22.66462540626526
BitcoinTransactions,20,248,55,0.2,0.5,2,0.0536790329780235,0.0051813471502590676,1.0,22.714393854141235
BitcoinTransactions,20,248,55,0.2,0.5,3,0.051909261064114746,0.0,0.9965932914046122,22.60403299331665
BitcoinTransactions,20,248,55,0.2,0.5,4,0.05203525599732001,0.0,1.0,22.431131601333618
BitcoinTransactions,20,248,55,0.2,0.5,5,0.05202223913636025,0.0,0.9998689727463312,22.437161207199097
BitcoinTransactions,20,248,68,0.25,0.5,1,0.05203525599732001,0.0,1.0,22.489817142486572
BitcoinTransactions,20,248,68,0.25,0.5,2,0.05203525599732001,0.0,1.0,22.603013277053833
BitcoinTransactions,20,248,68,0.25,0.5,3,0.05203525599732001,0.0,1.0,22.86788558959961
BitcoinTransactions,20,248,68,0.25,0.5,4,0.05203525599732001,0.0,1.0,22.588485956192017
BitcoinTransactions,20,248,68,0.25,0.5,5,0.051830263016550006,0.0,0.9952830188679245,22.445741176605225
BitcoinTransactions,20,248,82,0.3,0.5,1,0.052009881785589795,0.0,0.9997379454926625,23.339489936828613
BitcoinTransactions,20,248,82,0.3,0.5,2,0.05203525599732001,0.0,1.0,22.99347734451294
BitcoinTransactions,20,248,82,0.3,0.5,3,0.052023529452744445,0.0,0.9997379454926625,22.936288356781006
BitcoinTransactions,20,248,82,0.3,0.5,4,0.05203525599732001,0.0,1.0,23.24023699760437
BitcoinTransactions,20,248,82,0.3,0.5,5,0.05203525599732001,0.0,1.0,24.244723796844482
BitcoinTransactions,20,248,96,0.35,0.5,1,0.05203525599732001,0.0,1.0,23.879250288009644
BitcoinTransactions,20,248,96,0.35,0.5,2,0.05327117804119388,0.00558659217877095,1.0,23.34551763534546
BitcoinTransactions,20,248,96,0.35,0.5,3,0.05327725693671969,0.006024096385542169,1.0,23.50096845626831
BitcoinTransactions,20,248,96,0.35,0.5,4,0.05203525599732001,0.0,1.0,23.41663908958435
BitcoinTransactions,20,248,96,0.35,0.5,5,0.05181638270567118,0.004048582995951417,1.0,23.09785223007202
BitcoinTransactions,20,248,109,0.4,0.5,1,0.05203525599732001,0.0,1.0,22.983892679214478
BitcoinTransactions,20,248,109,0.4,0.5,2,0.05203525599732001,0.0,1.0,23.94427251815796
BitcoinTransactions,20,248,109,0.4,0.5,3,0.05161697924672553,0.0040650406504065045,1.0,23.210441827774048
BitcoinTransactions,20,248,109,0.4,0.5,4,0.05203525599732001,0.0,1.0,22.560096979141235
BitcoinTransactions,20,248,109,0.4,0.5,5,0.05203525599732001,0.0,1.0,22.58005714416504
BitcoinTransactions,20,248,123,0.45,0.5,1,0.05203525599732001,0.0,1.0,22.429051637649536
BitcoinTransactions,20,248,123,0.45,0.5,2,0.05203525599732001,0.0,1.0,22.48726534843445
BitcoinTransactions,20,248,123,0.45,0.5,3,0.05203525599732001,0.0,1.0,22.540961503982544
BitcoinTransactions,20,248,123,0.45,0.5,4,0.05203525599732001,0.0,1.0,22.92113423347473
BitcoinTransactions,20,248,123,0.45,0.5,5,0.05203525599732001,0.0,1.0,22.50237488746643
BitcoinTransactions,20,248,136,0.5,0.5,1,0.05228913147930717,0.003129890453834116,0.9997379454926625,22.25470471382141
BitcoinTransactions,20,248,136,0.5,0.5,2,0.051422087890474824,0.0,0.980083857442348,22.439576387405396
BitcoinTransactions,20,248,136,0.5,0.5,3,0.05203525599732001,0.0,1.0,22.455875396728516
BitcoinTransactions,20,248,136,0.5,0.5,4,0.05203525599732001,0.0,1.0,22.633243799209595
BitcoinTransactions,20,248,136,0.5,0.5,5,0.05203525599732001,0.0,1.0,22.981501817703247
BitcoinTransactions,20,248,150,0.55,0.5,1,0.05203525599732001,0.0,1.0,22.428885221481323
BitcoinTransactions,20,248,150,0.55,0.5,2,0.05202582736391478,0.0,0.9998689727463312,22.273507833480835
BitcoinTransactions,20,248,150,0.55,0.5,3,0.05203525599732001,0.0,1.0,22.24113893508911
BitcoinTransactions,20,248,150,0.55,0.5,4,0.05299274904831575,0.002564102564102564,0.9996069182389937,22.009970664978027
BitcoinTransactions,20,248,150,0.55,0.5,5,0.05203525599732001,0.0,1.0,22.77631664276123
BitcoinTransactions,20,248,164,0.6,0.5,1,0.05203525599732001,0.0,1.0,22.520169734954834
BitcoinTransactions,20,248,164,0.6,0.5,2,0.05203525599732001,0.0,1.0,22.21342134475708
BitcoinTransactions,20,248,164,0.6,0.5,3,0.05203525599732001,0.0,1.0,22.261800289154053
BitcoinTransactions,20,248,164,0.6,0.5,4,0.05203525599732001,0.0,1.0,22.19781804084778
BitcoinTransactions,20,248,164,0.6,0.5,5,0.05203525599732001,0.0,1.0,22.40942072868347
BitcoinTransactions,20,248,177,0.65,0.5,1,0.05203525599732001,0.0,1.0,22.691035509109497
BitcoinTransactions,20,248,177,0.65,0.5,2,0.05203525599732001,0.0,1.0,22.205714225769043
BitcoinTransactions,20,248,177,0.65,0.5,3,0.0515749188515959,0.0,0.9908280922431866,22.231231212615967
BitcoinTransactions,20,248,177,0.65,0.5,4,0.05203525599732001,0.0,1.0,22.305165767669678
BitcoinTransactions,20,248,177,0.65,0.5,5,0.05203525599732001,0.0,1.0,22.166752099990845
BitcoinTransactions,20,248,191,0.7,0.5,1,0.05203525599732001,0.0,1.0,22.722206830978394
BitcoinTransactions,20,248,191,0.7,0.5,2,0.05203525599732001,0.0,1.0,22.50915765762329
BitcoinTransactions,20,248,191,0.7,0.5,3,0.05203525599732001,0.0,1.0,22.693180561065674
BitcoinTransactions,20,248,191,0.7,0.5,4,0.052325575108775224,0.0043859649122807015,1.0,22.62676692008972
BitcoinTransactions,20,248,191,0.7,0.5,5,0.05203525599732001,0.0,1.0,22.737472534179688
BitcoinTransactions,20,248,205,0.75,0.5,1,0.05203525599732001,0.0,1.0,22.706552505493164
BitcoinTransactions,20,248,205,0.75,0.5,2,0.05203525599732001,0.0,1.0,23.276653289794922
BitcoinTransactions,20,248,205,0.75,0.5,3,0.05203525599732001,0.0,1.0,23.178131341934204
BitcoinTransactions,20,248,205,0.75,0.5,4,0.05203525599732001,0.0,1.0,22.526599407196045
BitcoinTransactions,20,248,205,0.75,0.5,5,0.053175547977112124,0.007042253521126761,1.0,22.19040036201477
BitcoinTransactions,20,248,218,0.8,0.5,1,0.05203525599732001,0.0,1.0,22.477983474731445
BitcoinTransactions,20,248,218,0.8,0.5,2,0.05203525599732001,0.0,1.0,22.48725438117981
BitcoinTransactions,20,248,218,0.8,0.5,3,0.05203525599732001,0.0,1.0,22.930838584899902
BitcoinTransactions,20,248,218,0.8,0.5,4,0.052432371690739416,0.00425531914893617,1.0,22.806029796600342
BitcoinTransactions,20,248,218,0.8,0.5,5,0.05203525599732001,0.0,1.0,22.317352294921875
BitcoinTransactions,20,248,232,0.85,0.5,1,0.05203525599732001,0.0,1.0,22.23840022087097
BitcoinTransactions,20,248,232,0.85,0.5,2,0.05255634769073704,0.004366812227074236,1.0,22.116381406784058
BitcoinTransactions,20,248,232,0.85,0.5,3,0.05203525599732001,0.0,1.0,22.307916164398193
BitcoinTransactions,20,248,232,0.85,0.5,4,0.05203525599732001,0.0,1.0,22.864753484725952
BitcoinTransactions,20,248,232,0.85,0.5,5,0.05201102210276002,0.0,0.9993448637316562,22.935689449310303
BitcoinTransactions,20,248,246,0.9,0.5,1,0.05333703987544432,0.0064516129032258064,1.0,22.412071466445923
BitcoinTransactions,20,248,246,0.9,0.5,2,0.05203525599732001,0.0,1.0,22.792802572250366
BitcoinTransactions,20,248,246,0.9,0.5,3,0.05203525599732001,0.0,1.0,22.678040027618408
BitcoinTransactions,20,248,246,0.9,0.5,4,0.05203525599732001,0.0,1.0,22.73966932296753
BitcoinTransactions,20,248,246,0.9,0.5,5,0.05198350364778136,0.0,0.9990828092243187,22.535677194595337
BitcoinTransactions,20,248,259,0.95,0.5,1,0.05203525599732001,0.0,1.0,22.494350910186768
BitcoinTransactions,20,248,259,0.95,0.5,2,0.05203525599732001,0.0,1.0,22.697081327438354
BitcoinTransactions,20,248,259,0.95,0.5,3,0.05203525599732001,0.0,1.0,23.0835063457489
BitcoinTransactions,20,248,259,0.95,0.5,4,0.05203525599732001,0.0,1.0,22.80134153366089
BitcoinTransactions,20,248,259,0.95,0.5,5,0.05170603223667572,0.0020408163265306124,0.9993448637316562,22.376379251480103
BitcoinTransactions,20,248,273,1,0.5,1,0.05187334286410589,0.004048582995951417,1.0,22.440192699432373
BitcoinTransactions,20,248,273,1,0.5,2,0.05203525599732001,0.0,1.0,22.409338235855103
BitcoinTransactions,20,248,273,1,0.5,3,0.053170688147147795,0.006369426751592357,1.0,22.100951194763184
BitcoinTransactions,20,248,273,1,0.5,4,0.05258307103385383,0.003367003367003367,0.9989517819706499,22.77808403968811
BitcoinTransactions,20,248,273,1,0.5,5,0.05203525599732001,0.0,1.0,22.673725128173828
BitcoinTransactions,21,16,0,0,,1,0.05203525599732001,0.0,1.0,
BitcoinTransactions,21,16,0,0,,2,0.055348658889664906,0.03571428571428571,0.9898270600203459,
BitcoinTransactions,21,16,0,0,,3,0.05203525599732001,0.0,1.0,
BitcoinTransactions,21,16,0,0,,4,0.0516984872400868,0.0,0.9841047812817905,
BitcoinTransactions,21,16,0,0,,5,0.05203525599732001,0.0,1.0,
BitcoinTransactions,21,16,0,0.01,0.5,1,0.05203525599732001,0.0,1.0,22.560585498809814
BitcoinTransactions,21,16,0,0.01,0.5,2,0.05158921122072656,0.0,0.9863936927772126,22.395785331726074
BitcoinTransactions,21,16,0,0.01,0.5,3,0.052553779741662685,0.06666666666666667,1.0,22.342228174209595
BitcoinTransactions,21,16,0,0.01,0.5,4,0.05203525599732001,0.0,1.0,22.878530740737915
BitcoinTransactions,21,16,0,0.01,0.5,5,0.05203525599732001,0.0,1.0,22.77055788040161
BitcoinTransactions,21,16,1,0.05,0.5,1,0.05203525599732001,0.0,1.0,22.437186002731323
BitcoinTransactions,21,16,1,0.05,0.5,2,0.05203525599732001,0.0,1.0,22.444072723388672
BitcoinTransactions,21,16,1,0.05,0.5,3,0.05171649029740425,0.0,0.9941505595116988,22.439749240875244
BitcoinTransactions,21,16,1,0.05,0.5,4,0.05276903951146791,0.07692307692307693,1.0,22.404586791992188
BitcoinTransactions,21,16,1,0.05,0.5,5,0.05203525599732001,0.0,1.0,22.861976385116577
BitcoinTransactions,21,16,2,0.1,0.5,1,0.05203525599732001,0.0,1.0,23.059627294540405
BitcoinTransactions,21,16,2,0.1,0.5,2,0.052488908248889424,0.023809523809523808,0.978001017293998,22.273505210876465
BitcoinTransactions,21,16,2,0.1,0.5,3,0.05194476870086812,0.0,0.9986012207527976,22.628820419311523
BitcoinTransactions,21,16,2,0.1,0.5,4,0.05203525599732001,0.0,1.0,22.555383920669556
BitcoinTransactions,21,16,2,0.1,0.5,5,0.05203525599732001,0.0,1.0,24.661024808883667
BitcoinTransactions,21,16,2,0.15,0.5,1,0.05203525599732001,0.0,1.0,26.430041074752808
BitcoinTransactions,21,16,2,0.15,0.5,2,0.05203525599732001,0.0,1.0,22.394815683364868
BitcoinTransactions,21,16,2,0.15,0.5,3,0.05203525599732001,0.0,1.0,22.542491912841797
BitcoinTransactions,21,16,2,0.15,0.5,4,0.05203525599732001,0.0,1.0,23.059192895889282
BitcoinTransactions,21,16,2,0.15,0.5,5,0.05203525599732001,0.0,1.0,22.540180921554565
BitcoinTransactions,21,16,3,0.2,0.5,1,0.05203525599732001,0.0,1.0,24.807266235351562
BitcoinTransactions,21,16,3,0.2,0.5,2,0.05203525599732001,0.0,1.0,23.295283317565918
BitcoinTransactions,21,16,3,0.2,0.5,3,0.05203525599732001,0.0,1.0,22.849486112594604
BitcoinTransactions,21,16,3,0.2,0.5,4,0.051868459041453374,0.0,0.9969481180061037,22.88646697998047
BitcoinTransactions,21,16,3,0.2,0.5,5,0.05203525599732001,0.0,1.0,22.568745374679565
BitcoinTransactions,21,16,4,0.25,0.5,1,0.05203525599732001,0.0,1.0,24.528446435928345
BitcoinTransactions,21,16,4,0.25,0.5,2,0.05178350243953925,0.07142857142857142,1.0,22.798494577407837
BitcoinTransactions,21,16,4,0.25,0.5,3,0.051840906672477496,0.0,0.9558748728382502,22.766234397888184
BitcoinTransactions,21,16,4,0.25,0.5,4,0.05203525599732001,0.0,1.0,22.530514001846313
BitcoinTransactions,21,16,4,0.25,0.5,5,0.05203525599732001,0.0,1.0,22.455341815948486
BitcoinTransactions,21,16,4,0.3,0.5,1,0.05203190994039864,0.06666666666666667,1.0,25.47260332107544
BitcoinTransactions,21,16,4,0.3,0.5,2,0.053442428714847626,0.1111111111111111,1.0,24.953474044799805
BitcoinTransactions,21,16,4,0.3,0.5,3,0.05203525599732001,0.0,1.0,22.39275884628296
BitcoinTransactions,21,16,4,0.3,0.5,4,0.05203525599732001,0.0,1.0,22.210139989852905
BitcoinTransactions,21,16,4,0.3,0.5,5,0.05145444268835118,0.022222222222222223,0.9889369277721262,22.523764848709106
BitcoinTransactions,21,16,5,0.35,0.5,1,0.05203525599732001,0.0,1.0,23.050208568572998
BitcoinTransactions,21,16,5,0.35,0.5,2,0.05203525599732001,0.0,1.0,22.718981981277466
BitcoinTransactions,21,16,5,0.35,0.5,3,0.05256624906837605,0.07142857142857142,1.0,25.372640371322632
BitcoinTransactions,21,16,5,0.35,0.5,4,0.05203525599732001,0.0,1.0,22.222987413406372
BitcoinTransactions,21,16,5,0.35,0.5,5,0.05203525599732001,0.0,1.0,22.55152702331543
BitcoinTransactions,21,16,6,0.4,0.5,1,0.05197313961499221,0.0,0.9987283825025433,22.61271572113037
BitcoinTransactions,21,16,6,0.4,0.5,2,0.05203525599732001,0.0,1.0,22.720266819000244
BitcoinTransactions,21,16,6,0.4,0.5,3,0.05286417440734731,0.07692307692307693,1.0,22.973372220993042
BitcoinTransactions,21,16,6,0.4,0.5,4,0.05203525599732001,0.0,1.0,22.59514284133911
BitcoinTransactions,21,16,6,0.4,0.5,5,0.05203525599732001,0.0,1.0,22.95891261100769
BitcoinTransactions,21,16,7,0.45,0.5,1,0.05203525599732001,0.0,1.0,22.887170791625977
BitcoinTransactions,21,16,7,0.45,0.5,2,0.05203525599732001,0.0,1.0,25.86551833152771
BitcoinTransactions,21,16,7,0.45,0.5,3,0.05203525599732001,0.0,1.0,22.286661386489868
BitcoinTransactions,21,16,7,0.45,0.5,4,0.05203525599732001,0.0,1.0,22.26010274887085
BitcoinTransactions,21,16,7,0.45,0.5,5,0.051960287496224215,0.06666666666666667,1.0,23.00019073486328
BitcoinTransactions,21,16,8,0.5,0.5,1,0.05203525599732001,0.0,1.0,22.796319484710693
BitcoinTransactions,21,16,8,0.5,0.5,2,0.05203525599732001,0.0,1.0,25.477152824401855
BitcoinTransactions,21,16,8,0.5,0.5,3,0.05203525599732001,0.0,1.0,25.033026218414307
BitcoinTransactions,21,16,8,0.5,0.5,4,0.05203525599732001,0.0,1.0,21.573800086975098
BitcoinTransactions,21,16,8,0.5,0.5,5,0.05145896734079645,0.0,0.9797812817904374,21.263445615768433
BitcoinTransactions,21,16,8,0.55,0.5,1,0.0517233177548012,0.0,0.9949135300101729,21.63147234916687
BitcoinTransactions,21,16,8,0.55,0.5,2,0.05203525599732001,0.0,1.0,21.415225982666016
BitcoinTransactions,21,16,8,0.55,0.5,3,0.05277212542833521,0.05,0.9979654120040692,24.569857835769653
BitcoinTransactions,21,16,8,0.55,0.5,4,0.05156826661228422,0.0,0.9904628687690743,22.3157377243042
BitcoinTransactions,21,16,8,0.55,0.5,5,0.052523828935773474,0.06666666666666667,1.0,21.313631772994995
BitcoinTransactions,21,16,9,0.6,0.5,1,0.052032366787006734,0.0,0.9998728382502543,21.00481343269348
BitcoinTransactions,21,16,9,0.6,0.5,2,0.05203525599732001,0.0,1.0,21.340298891067505
BitcoinTransactions,21,16,9,0.6,0.5,3,0.05203525599732001,0.0,1.0,20.95752716064453
BitcoinTransactions,21,16,9,0.6,0.5,4,0.05203525599732001,0.0,1.0,24.22131657600403
BitcoinTransactions,21,16,9,0.6,0.5,5,0.05226276219783965,0.027777777777777776,0.9754577822990844,20.530712366104126
BitcoinTransactions,21,16,10,0.65,0.5,1,0.05203525599732001,0.0,1.0,21.380815744400024
BitcoinTransactions,21,16,10,0.65,0.5,2,0.05185796475025168,0.0,0.9958036622583927,21.490556716918945
BitcoinTransactions,21,16,10,0.65,0.5,3,0.05203525599732001,0.0,1.0,21.450868368148804
BitcoinTransactions,21,16,10,0.65,0.5,4,0.051868312042946,0.0,0.9916073245167853,24.439785957336426
BitcoinTransactions,21,16,10,0.65,0.5,5,0.05175855116342942,0.0,0.9865208545269583,23.945621728897095
BitcoinTransactions,21,16,10,0.7,0.5,1,0.05178583716206409,0.022222222222222223,0.9991098677517802,21.142857551574707
BitcoinTransactions,21,16,10,0.7,0.5,2,0.05203525599732001,0.0,1.0,21.243690490722656
BitcoinTransactions,21,16,10,0.7,0.5,3,0.05203525599732001,0.0,1.0,21.677808046340942
BitcoinTransactions,21,16,10,0.7,0.5,4,0.05203525599732001,0.0,1.0,22.75162672996521
BitcoinTransactions,21,16,10,0.7,0.5,5,0.05203525599732001,0.0,1.0,24.180226802825928
BitcoinTransactions,21,16,11,0.75,0.5,1,0.05203525599732001,0.0,1.0,21.730663537979126
BitcoinTransactions,21,16,11,0.75,0.5,2,0.05203525599732001,0.0,1.0,21.483001470565796
BitcoinTransactions,21,16,11,0.75,0.5,3,0.05203525599732001,0.0,1.0,21.551201820373535
BitcoinTransactions,21,16,11,0.75,0.5,4,0.05375778143539419,0.14285714285714285,1.0,22.579593658447266
BitcoinTransactions,21,16,11,0.75,0.5,5,0.05152004155877646,0.0,0.9891912512716174,22.127304315567017
BitcoinTransactions,21,16,12,0.8,0.5,1,0.05203525599732001,0.0,1.0,22.495171308517456
BitcoinTransactions,21,16,12,0.8,0.5,2,0.05256428651879947,0.045454545454545456,0.9838504577822991,22.276037216186523
BitcoinTransactions,21,16,12,0.8,0.5,3,0.05203525599732001,0.0,1.0,22.503338098526
BitcoinTransactions,21,16,12,0.8,0.5,4,0.05203525599732001,0.0,1.0,22.251160621643066
BitcoinTransactions,21,16,12,0.8,0.5,5,0.05203525599732001,0.0,1.0,22.14985966682434
BitcoinTransactions,21,16,13,0.85,0.5,1,0.05263354200143794,0.07692307692307693,1.0,24.931884765625
BitcoinTransactions,21,16,13,0.85,0.5,2,0.051692857356446235,0.06666666666666667,1.0,22.511791229248047
BitcoinTransactions,21,16,13,0.85,0.5,3,0.05202452491030741,0.0,0.9997456765005086,22.575390100479126
BitcoinTransactions,21,16,13,0.85,0.5,4,0.05203525599732001,0.0,1.0,22.351821899414062
BitcoinTransactions,21,16,13,0.85,0.5,5,0.05203525599732001,0.0,1.0,22.29990816116333
BitcoinTransactions,21,16,14,0.9,0.5,1,0.05182747512718256,0.0,0.9824516785350966,23.79359006881714
BitcoinTransactions,21,16,14,0.9,0.5,2,0.05203525599732001,0.0,1.0,21.23498010635376
BitcoinTransactions,21,16,14,0.9,0.5,3,0.05203525599732001,0.0,1.0,21.18652367591858
BitcoinTransactions,21,16,14,0.9,0.5,4,0.05203525599732001,0.0,1.0,21.129327297210693
BitcoinTransactions,21,16,14,0.9,0.5,5,0.05203525599732001,0.0,1.0,21.463380336761475
BitcoinTransactions,21,16,14,0.95,0.5,1,0.05203525599732001,0.0,1.0,21.65755581855774
BitcoinTransactions,21,16,14,0.95,0.5,2,0.05203525599732001,0.0,1.0,24.154078722000122
BitcoinTransactions,21,16,14,0.95,0.5,3,0.05294582924679463,0.06666666666666667,1.0,21.640380144119263
BitcoinTransactions,21,16,14,0.95,0.5,4,0.05410729043830279,0.0,0.7726347914547305,21.22744393348694
BitcoinTransactions,21,16,14,0.95,0.5,5,0.05203525599732001,0.0,1.0,21.600390434265137
BitcoinTransactions,21,16,15,1,0.5,1,0.0520153662435758,0.0,0.9997456765005086,21.469725608825684
BitcoinTransactions,21,16,15,1,0.5,2,0.05203525599732001,0.0,1.0,21.621832847595215
BitcoinTransactions,21,16,15,1,0.5,3,0.05203525599732001,0.0,1.0,21.508546113967896
BitcoinTransactions,21,16,15,1,0.5,4,0.05203525599732001,0.0,1.0,21.82158136367798
BitcoinTransactions,21,16,15,1,0.5,5,0.05203525599732001,0.0,1.0,21.70810842514038
BitcoinTransactions,22,362,0,0,,1,0.05658753964132582,0.0033003300330033004,1.0,
BitcoinTransactions,22,362,0,0,,2,0.05203525599732001,0.0,1.0,
BitcoinTransactions,22,362,0,0,,3,0.05202678284023729,0.0,0.9997339718010109,
BitcoinTransactions,22,362,0,0,,4,0.052025827363914784,0.0,0.9998669859005055,
BitcoinTransactions,22,362,0,0,,5,0.05203525599732001,0.0,1.0,
BitcoinTransactions,22,362,4,0.01,0.5,1,0.05203525599732001,0.0,1.0,21.584903717041016
BitcoinTransactions,22,362,4,0.01,0.5,2,0.05203525599732001,0.0,1.0,21.43185257911682
BitcoinTransactions,22,362,4,0.01,0.5,3,0.05203525599732001,0.0,1.0,21.344505310058594
BitcoinTransactions,22,362,4,0.01,0.5,4,0.05203525599732001,0.0,1.0,21.440809965133667
BitcoinTransactions,22,362,4,0.01,0.5,5,0.05160465884323525,0.0028735632183908046,1.0,21.326076984405518
BitcoinTransactions,22,362,19,0.05,0.5,1,0.05203525599732001,0.0,1.0,21.865589380264282
BitcoinTransactions,22,362,19,0.05,0.5,2,0.05203525599732001,0.0,1.0,21.67025899887085
BitcoinTransactions,22,362,19,0.05,0.5,3,0.05203525599732001,0.0,1.0,21.364768981933594
BitcoinTransactions,22,362,19,0.05,0.5,4,0.05203525599732001,0.0,1.0,21.43649125099182
BitcoinTransactions,22,362,19,0.05,0.5,5,0.05366682261769336,0.004761904761904762,1.0,21.037570238113403
BitcoinTransactions,22,362,38,0.1,0.5,1,0.05215624140207047,0.0029239766081871343,1.0,21.35940408706665
BitcoinTransactions,22,362,38,0.1,0.5,2,0.0518198253439652,0.002777777777777778,1.0,21.891422748565674
BitcoinTransactions,22,362,38,0.1,0.5,3,0.05314608108586579,0.003067484662576687,1.0,21.337440729141235
BitcoinTransactions,22,362,38,0.1,0.5,4,0.05203525599732001,0.0,1.0,21.07761526107788
BitcoinTransactions,22,362,38,0.1,0.5,5,0.05203525599732001,0.0,1.0,21.13370108604431
BitcoinTransactions,22,362,57,0.15,0.5,1,0.05190518579022928,0.002777777777777778,1.0,21.158844709396362
BitcoinTransactions,22,362,57,0.15,0.5,2,0.0523385677657705,0.0022753128555176336,0.9998669859005055,21.013638019561768
BitcoinTransactions,22,362,57,0.15,0.5,3,0.051789029082677455,0.0029154518950437317,1.0,21.525969982147217
BitcoinTransactions,22,362,57,0.15,0.5,4,0.05203525599732001,0.0,1.0,21.360109329223633
BitcoinTransactions,22,362,57,0.15,0.5,5,0.05315857402941766,0.0011614401858304297,0.9989358872040436,21.06949543952942
BitcoinTransactions,22,362,76,0.2,0.5,1,0.05203525599732001,0.0,1.0,21.361728191375732
BitcoinTransactions,22,362,76,0.2,0.5,2,0.05203525599732001,0.0,1.0,21.25214123725891
BitcoinTransactions,22,362,76,0.2,0.5,3,0.05195223708030506,0.0029154518950437317,1.0,21.180182933807373
BitcoinTransactions,22,362,76,0.2,0.5,4,0.05203525599732001,0.0,1.0,21.743292570114136
BitcoinTransactions,22,362,76,0.2,0.5,5,0.05203525599732001,0.0,1.0,21.41358494758606
BitcoinTransactions,22,362,95,0.25,0.5,1,0.05203525599732001,0.0,1.0,21.24546217918396
BitcoinTransactions,22,362,95,0.25,0.5,2,0.05203525599732001,0.0,1.0,21.241433143615723
BitcoinTransactions,22,362,95,0.25,0.5,3,0.05203525599732001,0.0,1.0,21.197535037994385
BitcoinTransactions,22,362,95,0.25,0.5,4,0.05203525599732001,0.0,1.0,21.302291870117188
BitcoinTransactions,22,362,95,0.25,0.5,5,0.05163480842924438,0.0014124293785310734,0.9998669859005055,21.679357290267944
BitcoinTransactions,22,362,114,0.3,0.5,1,0.05203525599732001,0.0,1.0,21.3658709526062
BitcoinTransactions,22,362,114,0.3,0.5,2,0.05203525599732001,0.0,1.0,21.166475534439087
BitcoinTransactions,22,362,114,0.3,0.5,3,0.05203525599732001,0.0,1.0,21.310808897018433
BitcoinTransactions,22,362,114,0.3,0.5,4,0.05203525599732001,0.0,1.0,21.291380882263184
BitcoinTransactions,22,362,114,0.3,0.5,5,0.05203525599732001,0.0,1.0,21.333141803741455
BitcoinTransactions,22,362,133,0.35,0.5,1,0.05203525599732001,0.0,1.0,21.736730098724365
BitcoinTransactions,22,362,133,0.35,0.5,2,0.051570583262009057,0.0014005602240896359,0.9981378026070763,21.46468734741211
BitcoinTransactions,22,362,133,0.35,0.5,3,0.05203525599732001,0.0,1.0,21.31090497970581
BitcoinTransactions,22,362,133,0.35,0.5,4,0.05203525599732001,0.0,1.0,21.42425537109375
BitcoinTransactions,22,362,133,0.35,0.5,5,0.05203525599732001,0.0,1.0,21.282270193099976
BitcoinTransactions,22,362,152,0.4,0.5,1,0.05203525599732001,0.0,1.0,21.1122567653656
BitcoinTransactions,22,362,152,0.4,0.5,2,0.05203525599732001,0.0,1.0,21.404826641082764
BitcoinTransactions,22,362,152,0.4,0.5,3,0.05203525599732001,0.0,1.0,21.15441083908081
BitcoinTransactions,22,362,152,0.4,0.5,4,0.05203525599732001,0.0,1.0,21.067036867141724
BitcoinTransactions,22,362,152,0.4,0.5,5,0.051991408020127014,0.0,0.9986698590050546,21.245087385177612
BitcoinTransactions,22,362,171,0.45,0.5,1,0.05203525599732001,0.0,1.0,21.26279878616333
BitcoinTransactions,22,362,171,0.45,0.5,2,0.05203525599732001,0.0,1.0,21.216066360473633
BitcoinTransactions,22,362,171,0.45,0.5,3,0.05156433245056487,0.0,0.9864325618515563,21.58794331550598
BitcoinTransactions,22,362,171,0.45,0.5,4,0.05203525599732001,0.0,1.0,21.163976430892944
BitcoinTransactions,22,362,171,0.45,0.5,5,0.05203525599732001,0.0,1.0,21.19471502304077
BitcoinTransactions,22,362,190,0.5,0.5,1,0.05203525599732001,0.0,1.0,21.099805116653442
BitcoinTransactions,22,362,190,0.5,0.5,2,0.05327486881740069,0.0035087719298245615,1.0,21.40591287612915
BitcoinTransactions,22,362,190,0.5,0.5,3,0.05203525599732001,0.0,1.0,21.62548828125
BitcoinTransactions,22,362,190,0.5,0.5,4,0.05201934782854645,0.0,0.9997339718010109,21.332013607025146
BitcoinTransactions,22,362,190,0.5,0.5,5,0.05203525599732001,0.0,1.0,21.355741262435913
BitcoinTransactions,22,362,210,0.55,0.5,1,0.05203525599732001,0.0,1.0,21.44994568824768
BitcoinTransactions,22,362,210,0.55,0.5,2,0.05274769411227587,0.0030120481927710845,1.0,21.285674571990967
BitcoinTransactions,22,362,210,0.55,0.5,3,0.05203525599732001,0.0,1.0,21.8998064994812
BitcoinTransactions,22,362,210,0.55,0.5,4,0.05416745791073653,0.005494505494505495,1.0,20.983115911483765
BitcoinTransactions,22,362,210,0.55,0.5,5,0.05203525599732001,0.0,1.0,21.486790895462036
BitcoinTransactions,22,362,229,0.6,0.5,1,0.05203525599732001,0.0,1.0,21.469592332839966
BitcoinTransactions,22,362,229,0.6,0.5,2,0.05203525599732001,0.0,1.0,21.521008729934692
BitcoinTransactions,22,362,229,0.6,0.5,3,0.05203525599732001,0.0,1.0,21.47550082206726
BitcoinTransactions,22,362,229,0.6,0.5,4,0.05239111710116729,0.002932551319648094,1.0,21.850444555282593
BitcoinTransactions,22,362,229,0.6,0.5,5,0.05203525599732001,0.0,1.0,21.73666501045227
BitcoinTransactions,22,362,248,0.65,0.5,1,0.05203525599732001,0.0,1.0,21.533284902572632
BitcoinTransactions,22,362,248,0.65,0.5,2,0.051535827129633824,0.0028328611898017,1.0,21.365785837173462
BitcoinTransactions,22,362,248,0.65,0.5,3,0.05203525599732001,0.0,1.0,21.177207708358765
BitcoinTransactions,22,362,248,0.65,0.5,4,0.05203525599732001,0.0,1.0,21.232640027999878
BitcoinTransactions,22,362,248,0.65,0.5,5,0.05179754421922495,0.0,0.9940143655227454,21.254449367523193
BitcoinTransactions,22,362,267,0.7,0.5,1,0.05203525599732001,0.0,1.0,21.566239833831787
BitcoinTransactions,22,362,267,0.7,0.5,2,0.05203525599732001,0.0,1.0,22.74246382713318
BitcoinTransactions,22,362,267,0.7,0.5,3,0.05203525599732001,0.0,1.0,21.48556637763977
BitcoinTransactions,22,362,267,0.7,0.5,4,0.05203525599732001,0.0,1.0,22.88914442062378
BitcoinTransactions,22,362,267,0.7,0.5,5,0.05203525599732001,0.0,1.0,22.90385675430298
BitcoinTransactions,22,362,286,0.75,0.5,1,0.0516326680291758,0.0028011204481792717,1.0,23.03727889060974
BitcoinTransactions,22,362,286,0.75,0.5,2,0.05203525599732001,0.0,1.0,22.495662689208984
BitcoinTransactions,22,362,286,0.75,0.5,3,0.051744352999774,0.0,0.9866985900505454,22.4782555103302
BitcoinTransactions,22,362,286,0.75,0.5,4,0.052242966395933094,0.003289473684210526,1.0,23.705411911010742
BitcoinTransactions,22,362,286,0.75,0.5,5,0.0520070410127592,0.0,0.9996009577015164,22.43183398246765
BitcoinTransactions,22,362,305,0.8,0.5,1,0.052030565816756476,0.002770083102493075,1.0,22.75676965713501
BitcoinTransactions,22,362,305,0.8,0.5,2,0.05203525599732001,0.0,1.0,21.58173656463623
BitcoinTransactions,22,362,305,0.8,0.5,3,0.05203525599732001,0.0,1.0,21.36803889274597
BitcoinTransactions,22,362,305,0.8,0.5,4,0.05282400680697799,0.002613240418118467,0.9996009577015164,21.185797929763794
BitcoinTransactions,22,362,305,0.8,0.5,5,0.05160517485841678,0.002785515320334262,1.0,22.778228998184204
BitcoinTransactions,22,362,324,0.85,0.5,1,0.052489343383285716,0.002967359050445104,1.0,22.194530248641968
BitcoinTransactions,22,362,324,0.85,0.5,2,0.05203056581675646,0.002770083102493075,1.0,21.692206144332886
BitcoinTransactions,22,362,324,0.85,0.5,3,0.05203525599732001,0.0,1.0,22.125484228134155
BitcoinTransactions,22,362,324,0.85,0.5,4,0.05203525599732001,0.0,1.0,22.062979221343994
BitcoinTransactions,22,362,324,0.85,0.5,5,0.05203525599732001,0.0,1.0,21.628576040267944
BitcoinTransactions,22,362,343,0.9,0.5,1,0.05352068659462915,0.0036363636363636364,1.0,22.877779483795166
BitcoinTransactions,22,362,343,0.9,0.5,2,0.051879699962226994,0.002840909090909091,1.0,21.58615803718567
BitcoinTransactions,22,362,343,0.9,0.5,3,0.05200837287065455,0.0,0.9994679436020218,21.89224147796631
BitcoinTransactions,22,362,343,0.9,0.5,4,0.05203525599732001,0.0,1.0,21.670077562332153
BitcoinTransactions,22,362,343,0.9,0.5,5,0.051807692859315,0.0,0.994413407821229,23.64984393119812
BitcoinTransactions,22,362,362,0.95,0.5,1,0.05203525599732001,0.0,1.0,22.054261684417725
BitcoinTransactions,22,362,362,0.95,0.5,2,0.05137011690333335,0.0028328611898017,1.0,21.77791476249695
BitcoinTransactions,22,362,362,0.95,0.5,3,0.05203525599732001,0.0,1.0,21.552542209625244
BitcoinTransactions,22,362,362,0.95,0.5,4,0.05203525599732001,0.0,1.0,23.32444167137146
BitcoinTransactions,22,362,362,0.95,0.5,5,0.05203525599732001,0.0,1.0,21.383737564086914
BitcoinTransactions,22,362,381,1,0.5,1,0.05203525599732001,0.0,1.0,22.78817081451416
BitcoinTransactions,22,362,381,1,0.5,2,0.05203525599732001,0.0,1.0,21.929421424865723
BitcoinTransactions,22,362,381,1,0.5,3,0.05189806327177712,0.0,0.9977387603085928,23.641129970550537
BitcoinTransactions,22,362,381,1,0.5,4,0.05203525599732001,0.0,1.0,23.44220209121704
BitcoinTransactions,22,362,381,1,0.5,5,0.05178380175711604,0.002770083102493075,1.0,21.753252267837524
BitcoinTransactions,23,192,0,0,,1,0.051985780028241474,0.0,0.9983090530697191,
BitcoinTransactions,23,192,0,0,,2,0.05203525599732001,0.0,1.0,
BitcoinTransactions,23,192,0,0,,3,0.05203525599732001,0.0,1.0,
BitcoinTransactions,23,192,0,0,,4,0.05203525599732001,0.0,1.0,
BitcoinTransactions,23,192,0,0,,5,0.05203525599732001,0.0,1.0,
BitcoinTransactions,23,192,2,0.01,0.5,1,0.05203525599732001,0.0,1.0,20.944674253463745
BitcoinTransactions,23,192,2,0.01,0.5,2,0.05203525599732001,0.0,1.0,21.401806116104126
BitcoinTransactions,23,192,2,0.01,0.5,3,0.05156987073222603,0.005714285714285714,1.0,21.03369951248169
BitcoinTransactions,23,192,2,0.01,0.5,4,0.05203525599732001,0.0,1.0,21.00517225265503
BitcoinTransactions,23,192,2,0.01,0.5,5,0.05203525599732001,0.0,1.0,21.131380081176758
BitcoinTransactions,23,192,10,0.05,0.5,1,0.05203525599732001,0.0,1.0,21.249043226242065
BitcoinTransactions,23,192,10,0.05,0.5,2,0.05203525599732001,0.0,1.0,21.653446435928345
BitcoinTransactions,23,192,10,0.05,0.5,3,0.05203525599732001,0.0,1.0,21.42942762374878
BitcoinTransactions,23,192,10,0.05,0.5,4,0.05229350075828653,0.003703703703703704,0.9953173777315296,20.51626229286194
BitcoinTransactions,23,192,10,0.05,0.5,5,0.052004823186600324,0.0,0.9993496357960457,20.994065046310425
BitcoinTransactions,23,192,19,0.1,0.5,1,0.05176474179624448,0.0032258064516129032,0.9862122788761707,20.799582481384277
BitcoinTransactions,23,192,19,0.1,0.5,2,0.05203525599732001,0.0,1.0,21.454066514968872
BitcoinTransactions,23,192,19,0.1,0.5,3,0.05203525599732001,0.0,1.0,21.17602276802063
BitcoinTransactions,23,192,19,0.1,0.5,4,0.053043762117227326,0.002890173410404624,0.9996097814776275,20.77115225791931
BitcoinTransactions,23,192,19,0.1,0.5,5,0.05164895045481108,0.001358695652173913,0.9981789802289281,20.933491706848145
BitcoinTransactions,23,192,29,0.15,0.5,1,0.052848650164105844,0.005813953488372093,1.0,20.820130348205566
BitcoinTransactions,23,192,29,0.15,0.5,2,0.05203525599732001,0.0,1.0,21.387282609939575
BitcoinTransactions,23,192,29,0.15,0.5,3,0.0538912087679638,0.008130081300813009,1.0,20.88735294342041
BitcoinTransactions,23,192,29,0.15,0.5,4,0.05203525599732001,0.0,1.0,21.26673674583435
BitcoinTransactions,23,192,29,0.15,0.5,5,0.05203525599732001,0.0,1.0,21.187193393707275
BitcoinTransactions,23,192,39,0.2,0.5,1,0.05203525599732001,0.0,1.0,21.233718872070312
BitcoinTransactions,23,192,39,0.2,0.5,2,0.05203525599732001,0.0,1.0,21.349054098129272
BitcoinTransactions,23,192,39,0.2,0.5,3,0.053269088705448615,0.0044943820224719105,0.9989594172736732,20.91947031021118
BitcoinTransactions,23,192,39,0.2,0.5,4,0.05203525599732001,0.0,1.0,21.733898401260376
BitcoinTransactions,23,192,39,0.2,0.5,5,0.052632357855535154,0.0031847133757961785,0.9986992715920916,21.02675175666809
BitcoinTransactions,23,192,48,0.25,0.5,1,0.05203525599732001,0.0,1.0,21.216779708862305
BitcoinTransactions,23,192,48,0.25,0.5,2,0.05357074760831358,0.006060606060606061,1.0,21.309114456176758
BitcoinTransactions,23,192,48,0.25,0.5,3,0.05203525599732001,0.0,1.0,21.731613874435425
BitcoinTransactions,23,192,48,0.25,0.5,4,0.05203525599732001,0.0,1.0,21.848095655441284
BitcoinTransactions,23,192,48,0.25,0.5,5,0.05203525599732001,0.0,1.0,21.427764177322388
BitcoinTransactions,23,192,58,0.3,0.5,1,0.05203525599732001,0.0,1.0,21.601298570632935
BitcoinTransactions,23,192,58,0.3,0.5,2,0.05203525599732001,0.0,1.0,21.474520206451416
BitcoinTransactions,23,192,58,0.3,0.5,3,0.05203395499924076,0.0,0.9998699271592092,21.397380590438843
BitcoinTransactions,23,192,58,0.3,0.5,4,0.05203525599732001,0.0,1.0,21.552674770355225
BitcoinTransactions,23,192,58,0.3,0.5,5,0.05195092109551008,0.0,0.9986992715920916,21.82981038093567
BitcoinTransactions,23,192,68,0.35,0.5,1,0.0518243065476563,0.0,0.9959677419354839,21.489243507385254
BitcoinTransactions,23,192,68,0.35,0.5,2,0.05203525599732001,0.0,1.0,21.415165185928345
BitcoinTransactions,23,192,68,0.35,0.5,3,0.053331290953527066,0.01020408163265306,1.0,20.888328790664673
BitcoinTransactions,23,192,68,0.35,0.5,4,0.05203525599732001,0.0,1.0,21.58380961418152
BitcoinTransactions,23,192,68,0.35,0.5,5,0.05203525599732001,0.0,1.0,21.799795866012573
BitcoinTransactions,23,192,78,0.4,0.5,1,0.05175189706950837,0.005649717514124294,1.0,21.27007246017456
BitcoinTransactions,23,192,78,0.4,0.5,2,0.05203525599732001,0.0,1.0,21.18626618385315
BitcoinTransactions,23,192,78,0.4,0.5,3,0.05203525599732001,0.0,1.0,21.275632619857788
BitcoinTransactions,23,192,78,0.4,0.5,4,0.05190314022507417,0.0,0.9958376690946931,21.72097897529602
BitcoinTransactions,23,192,78,0.4,0.5,5,0.05179341624314705,0.005319148936170213,1.0,22.331199169158936
BitcoinTransactions,23,192,87,0.45,0.5,1,0.053347264624300325,0.006097560975609756,0.9985691987513007,21.45589327812195
BitcoinTransactions,23,192,87,0.45,0.5,2,0.05203525599732001,0.0,1.0,21.536569595336914
BitcoinTransactions,23,192,87,0.45,0.5,3,0.052701819937403194,0.007751937984496124,1.0,21.157886505126953
BitcoinTransactions,23,192,87,0.45,0.5,4,0.05203525599732001,0.0,1.0,21.58619713783264
BitcoinTransactions,23,192,87,0.45,0.5,5,0.052683850442684046,0.005714285714285714,1.0,21.825157165527344
BitcoinTransactions,23,192,97,0.5,0.5,1,0.05203525599732001,0.0,1.0,22.164706707000732
BitcoinTransactions,23,192,97,0.5,0.5,2,0.05335348435254349,0.007874015748031496,1.0,21.069650888442993
BitcoinTransactions,23,192,97,0.5,0.5,3,0.05203525599732001,0.0,1.0,21.06973147392273
BitcoinTransactions,23,192,97,0.5,0.5,4,0.051876272002801926,0.005235602094240838,1.0,21.137853622436523
BitcoinTransactions,23,192,97,0.5,0.5,5,0.05203525599732001,0.0,1.0,21.412720441818237
BitcoinTransactions,23,192,107,0.55,0.5,1,0.05203525599732001,0.0,1.0,20.986977100372314
BitcoinTransactions,23,192,107,0.55,0.5,2,0.05203525599732001,0.0,1.0,20.896793842315674
BitcoinTransactions,23,192,107,0.55,0.5,3,0.05203525599732001,0.0,1.0,20.829221963882446
BitcoinTransactions,23,192,107,0.55,0.5,4,0.05203525599732001,0.0,1.0,21.42214298248291
BitcoinTransactions,23,192,107,0.55,0.5,5,0.05203525599732001,0.0,1.0,21.04899287223816
BitcoinTransactions,23,192,116,0.6,0.5,1,0.05173792151972567,0.005235602094240838,1.0,20.8468759059906
BitcoinTransactions,23,192,116,0.6,0.5,2,0.05203525599732001,0.0,1.0,21.43886685371399
BitcoinTransactions,23,192,116,0.6,0.5,3,0.05203525599732001,0.0,1.0,21.09035563468933
BitcoinTransactions,23,192,116,0.6,0.5,4,0.052945592465924896,0.008771929824561403,1.0,20.78790044784546
BitcoinTransactions,23,192,116,0.6,0.5,5,0.05203525599732001,0.0,1.0,21.444988012313843
BitcoinTransactions,23,192,126,0.65,0.5,1,0.05203525599732001,0.0,1.0,21.46653985977173
BitcoinTransactions,23,192,126,0.65,0.5,2,0.05203525599732001,0.0,1.0,20.889787197113037
BitcoinTransactions,23,192,126,0.65,0.5,3,0.05339535920798285,0.00980392156862745,1.0,20.705124378204346
BitcoinTransactions,23,192,126,0.65,0.5,4,0.05191419082856716,0.0,0.9976586888657648,21.432904481887817
BitcoinTransactions,23,192,126,0.65,0.5,5,0.05203525599732001,0.0,1.0,21.155186414718628
BitcoinTransactions,23,192,136,0.7,0.5,1,0.05203525599732001,0.0,1.0,20.892398834228516
BitcoinTransactions,23,192,136,0.7,0.5,2,0.05231163156231904,0.007142857142857143,1.0,21.116408109664917
BitcoinTransactions,23,192,136,0.7,0.5,3,0.05203525599732001,0.0,1.0,21.069748640060425
BitcoinTransactions,23,192,136,0.7,0.5,4,0.05203525599732001,0.0,1.0,21.018092155456543
BitcoinTransactions,23,192,136,0.7,0.5,5,0.051737390969324656,0.005235602094240838,1.0,20.68043851852417
BitcoinTransactions,23,192,146,0.75,0.5,1,0.05203525599732001,0.0,1.0,20.924152135849
BitcoinTransactions,23,192,146,0.75,0.5,2,0.05157723944981396,0.005263157894736842,1.0,21.430182218551636
BitcoinTransactions,23,192,146,0.75,0.5,3,0.05203525599732001,0.0,1.0,20.99271821975708
BitcoinTransactions,23,192,146,0.75,0.5,4,0.051976992114295656,0.0,0.9992195629552549,21.32931661605835
BitcoinTransactions,23,192,146,0.75,0.5,5,0.05203525599732001,0.0,1.0,20.89144992828369
BitcoinTransactions,23,192,155,0.8,0.5,1,0.051957534747458005,0.005747126436781609,1.0,20.876847505569458
BitcoinTransactions,23,192,155,0.8,0.5,2,0.05203525599732001,0.0,1.0,21.07233691215515
BitcoinTransactions,23,192,155,0.8,0.5,3,0.05203525599732001,0.0,1.0,21.709726333618164
BitcoinTransactions,23,192,155,0.8,0.5,4,0.05203525599732001,0.0,1.0,21.103896856307983
BitcoinTransactions,23,192,155,0.8,0.5,5,0.05292966250179481,0.007874015748031496,1.0,20.8139386177063
BitcoinTransactions,23,192,165,0.85,0.5,1,0.05347303731210624,0.008403361344537815,1.0,21.156742334365845
BitcoinTransactions,23,192,165,0.85,0.5,2,0.05203525599732001,0.0,1.0,21.383940935134888
BitcoinTransactions,23,192,165,0.85,0.5,3,0.053186246235416935,0.005649717514124294,1.0,21.121535301208496
BitcoinTransactions,23,192,165,0.85,0.5,4,0.0520198290642347,0.0,0.9996097814776275,21.307267665863037
BitcoinTransactions,23,192,165,0.85,0.5,5,0.05201537314603758,0.0,0.9993496357960457,21.303962230682373
BitcoinTransactions,23,192,175,0.9,0.5,1,0.05203525599732001,0.0,1.0,21.775137186050415
BitcoinTransactions,23,192,175,0.9,0.5,2,0.05203525599732001,0.0,1.0,21.09883213043213
BitcoinTransactions,23,192,175,0.9,0.5,3,0.05179509671624172,0.002631578947368421,0.9989594172736732,20.814546585083008
BitcoinTransactions,23,192,175,0.9,0.5,4,0.05203525599732001,0.0,1.0,21.422614336013794
BitcoinTransactions,23,192,175,0.9,0.5,5,0.05203525599732001,0.0,1.0,21.76684045791626
BitcoinTransactions,23,192,184,0.95,0.5,1,0.05202393542513539,0.0,0.9997398543184183,21.43576169013977
BitcoinTransactions,23,192,184,0.95,0.5,2,0.05203525599732001,0.0,1.0,21.28648614883423
BitcoinTransactions,23,192,184,0.95,0.5,3,0.05203525599732001,0.0,1.0,21.311651468276978
BitcoinTransactions,23,192,184,0.95,0.5,4,0.05361796229606246,0.006024096385542169,1.0,21.00273633003235
BitcoinTransactions,23,192,184,0.95,0.5,5,0.05193945649187661,0.0,0.9983090530697191,21.217020750045776
BitcoinTransactions,23,192,194,1,0.5,1,0.05203525599732001,0.0,1.0,21.46049475669861
BitcoinTransactions,23,192,194,1,0.5,2,0.05203525599732001,0.0,1.0,20.988940000534058
BitcoinTransactions,23,192,194,1,0.5,3,0.05307466113715864,0.008620689655172414,1.0,20.90375304222107
BitcoinTransactions,23,192,194,1,0.5,4,0.05294620552834618,0.0031446540880503146,0.9996097814776275,21.333916902542114
BitcoinTransactions,23,192,194,1,0.5,5,0.05203525599732001,0.0,1.0,21.651271104812622
BitcoinTransactions,24,101,0,0,,1,0.05202965943016816,0.0,0.9997428975446716,
BitcoinTransactions,24,101,0,0,,2,0.05203525599732001,0.0,1.0,
BitcoinTransactions,24,101,0,0,,3,0.05203525599732001,0.0,1.0,
BitcoinTransactions,24,101,0,0,,4,0.05794134682474332,0.014925373134328358,1.0,
BitcoinTransactions,24,101,0,0,,5,0.05168644285937782,0.010101010101010102,1.0,
BitcoinTransactions,24,101,1,0.01,0.5,1,0.05159637556925933,0.010309278350515464,1.0,21.439430952072144
BitcoinTransactions,24,101,1,0.01,0.5,2,0.05203525599732001,0.0,1.0,21.526840209960938
BitcoinTransactions,24,101,1,0.01,0.5,3,0.05325634148011314,0.013513513513513514,1.0,21.26096749305725
BitcoinTransactions,24,101,1,0.01,0.5,4,0.05203525599732001,0.0,1.0,20.98832106590271
BitcoinTransactions,24,101,1,0.01,0.5,5,0.05203525599732001,0.0,1.0,21.716635942459106
BitcoinTransactions,24,101,5,0.05,0.5,1,0.05203525599732001,0.0,1.0,21.582807064056396
BitcoinTransactions,24,101,5,0.05,0.5,2,0.052906179887672565,0.006493506493506494,0.9993572438616789,21.59132480621338
BitcoinTransactions,24,101,5,0.05,0.5,3,0.05203525599732001,0.0,1.0,21.769846200942993
BitcoinTransactions,24,101,5,0.05,0.5,4,0.05203525599732001,0.0,1.0,21.306755781173706
BitcoinTransactions,24,101,5,0.05,0.5,5,0.05203525599732001,0.0,1.0,21.1523118019104
BitcoinTransactions,24,101,10,0.1,0.5,1,0.05203525599732001,0.0,1.0,21.22428822517395
BitcoinTransactions,24,101,10,0.1,0.5,2,0.05203525599732001,0.0,1.0,21.407416105270386
BitcoinTransactions,24,101,10,0.1,0.5,3,0.05203525599732001,0.0,1.0,21.744102716445923
BitcoinTransactions,24,101,10,0.1,0.5,4,0.05203525599732001,0.0,1.0,21.338123559951782
BitcoinTransactions,24,101,10,0.1,0.5,5,0.051581365204962294,0.010309278350515464,1.0,21.30067801475525
BitcoinTransactions,24,101,15,0.15,0.5,1,0.05203525599732001,0.0,1.0,21.785571813583374
BitcoinTransactions,24,101,15,0.15,0.5,2,0.05203525599732001,0.0,1.0,20.964948654174805
BitcoinTransactions,24,101,15,0.15,0.5,3,0.05203525599732001,0.0,1.0,21.0423583984375
BitcoinTransactions,24,101,15,0.15,0.5,4,0.05203525599732001,0.0,1.0,21.350502729415894
BitcoinTransactions,24,101,15,0.15,0.5,5,0.05203525599732001,0.0,1.0,21.568740129470825
BitcoinTransactions,24,101,20,0.2,0.5,1,0.05180305131709137,0.010101010101010102,1.0,20.941962003707886
BitcoinTransactions,24,101,20,0.2,0.5,2,0.05203381880761669,0.0,0.9998714487723358,21.27998995780945
BitcoinTransactions,24,101,20,0.2,0.5,3,0.053202612197431116,0.013333333333333334,1.0,21.50418996810913
BitcoinTransactions,24,101,20,0.2,0.5,4,0.051915211865562784,0.0,0.9980717315850366,21.13012981414795
BitcoinTransactions,24,101,20,0.2,0.5,5,0.05184440325903393,0.01,1.0,20.84506130218506
BitcoinTransactions,24,101,25,0.25,0.5,1,0.05140973590275032,0.01,1.0,20.647347688674927
BitcoinTransactions,24,101,25,0.25,0.5,2,0.05203525599732001,0.0,1.0,20.867780447006226
BitcoinTransactions,24,101,25,0.25,0.5,3,0.05199741517105431,0.0,0.9994857950893431,21.22066068649292
BitcoinTransactions,24,101,25,0.25,0.5,4,0.05158220499779883,0.008333333333333333,0.9928011312508035,20.36597990989685
BitcoinTransactions,24,101,25,0.25,0.5,5,0.05203525599732001,0.0,1.0,20.61168932914734
BitcoinTransactions,24,101,30,0.3,0.5,1,0.05182960833297384,0.0,0.9957578094870806,20.55742645263672
BitcoinTransactions,24,101,30,0.3,0.5,2,0.05203525599732001,0.0,1.0,20.71639657020569
BitcoinTransactions,24,101,30,0.3,0.5,3,0.051300456597481184,0.010309278350515464,1.0,21.10035514831543
BitcoinTransactions,24,101,30,0.3,0.5,4,0.05203525599732001,0.0,1.0,20.716997861862183
BitcoinTransactions,24,101,30,0.3,0.5,5,0.05203525599732001,0.0,1.0,20.715860843658447
BitcoinTransactions,24,101,35,0.35,0.5,1,0.05203585653653665,0.0,0.9998714487723358,20.93669295310974
BitcoinTransactions,24,101,35,0.35,0.5,2,0.05203525599732001,0.0,1.0,20.987760305404663
BitcoinTransactions,24,101,35,0.35,0.5,3,0.05185113759764094,0.01,1.0,20.794366598129272
BitcoinTransactions,24,101,35,0.35,0.5,4,0.05203525599732001,0.0,1.0,20.83367681503296
BitcoinTransactions,24,101,35,0.35,0.5,5,0.05262936364297041,0.007575757575757576,0.9920298238848181,20.367979764938354
BitcoinTransactions,24,101,40,0.4,0.5,1,0.05203525599732001,0.0,1.0,20.78222370147705
BitcoinTransactions,24,101,40,0.4,0.5,2,0.051459675487332816,0.00510204081632653,0.9964005656254017,21.41189455986023
BitcoinTransactions,24,101,40,0.4,0.5,3,0.05203525599732001,0.0,1.0,20.877259969711304
BitcoinTransactions,24,101,40,0.4,0.5,4,0.05203525599732001,0.0,1.0,22.14406418800354
BitcoinTransactions,24,101,40,0.4,0.5,5,0.05203525599732001,0.0,1.0,21.943844318389893
BitcoinTransactions,24,101,45,0.45,0.5,1,0.05203525599732001,0.0,1.0,21.749857902526855
BitcoinTransactions,24,101,45,0.45,0.5,2,0.05203525599732001,0.0,1.0,21.882014751434326
BitcoinTransactions,24,101,45,0.45,0.5,3,0.05203525599732001,0.0,1.0,21.980937719345093
BitcoinTransactions,24,101,45,0.45,0.5,4,0.05203525599732001,0.0,1.0,21.923734426498413
BitcoinTransactions,24,101,45,0.45,0.5,5,0.05153786705712617,0.01,1.0,22.253326654434204
BitcoinTransactions,24,101,50,0.5,0.5,1,0.05203525599732001,0.0,1.0,21.69510507583618
BitcoinTransactions,24,101,50,0.5,0.5,2,0.05195647607187835,0.0,0.9984573852680293,21.641209363937378
BitcoinTransactions,24,101,50,0.5,0.5,3,0.05203525599732001,0.0,1.0,21.737754583358765
BitcoinTransactions,24,101,50,0.5,0.5,4,0.05287894131110704,0.012195121951219513,1.0,21.56202006340027
BitcoinTransactions,24,101,50,0.5,0.5,5,0.05203525599732001,0.0,1.0,22.674161911010742
BitcoinTransactions,24,101,55,0.55,0.5,1,0.05203525599732001,0.0,1.0,22.628015995025635
BitcoinTransactions,24,101,55,0.55,0.5,2,0.05203525599732001,0.0,1.0,22.676406383514404
BitcoinTransactions,24,101,55,0.55,0.5,3,0.05203525599732001,0.0,1.0,22.625114679336548
BitcoinTransactions,24,101,55,0.55,0.5,4,0.05203525599732001,0.0,1.0,22.341834545135498
BitcoinTransactions,24,101,55,0.55,0.5,5,0.05203525599732001,0.0,1.0,22.416382312774658
BitcoinTransactions,24,101,60,0.6,0.5,1,0.05203525599732001,0.0,1.0,22.418712377548218
BitcoinTransactions,24,101,60,0.6,0.5,2,0.05203525599732001,0.0,1.0,22.444872856140137
BitcoinTransactions,24,101,60,0.6,0.5,3,0.05203525599732001,0.0,1.0,22.36894178390503
BitcoinTransactions,24,101,60,0.6,0.5,4,0.052011021376631224,0.0,0.9996143463170073,22.35106658935547
BitcoinTransactions,24,101,60,0.6,0.5,5,0.05234900619433683,0.005154639175257732,0.9994857950893431,22.30753517150879
BitcoinTransactions,24,101,65,0.65,0.5,1,0.05167647922364097,0.01020408163265306,1.0,22.355573177337646
BitcoinTransactions,24,101,65,0.65,0.5,2,0.052312559342255066,0.009876543209876543,0.9996143463170073,22.200446844100952
BitcoinTransactions,24,101,65,0.65,0.5,3,0.05203525599732001,0.0,1.0,22.84638023376465
BitcoinTransactions,24,101,65,0.65,0.5,4,0.05203525599732001,0.0,1.0,22.74892258644104
BitcoinTransactions,24,101,65,0.65,0.5,5,0.05203525599732001,0.0,1.0,22.47632384300232
BitcoinTransactions,24,101,70,0.7,0.5,1,0.0517755494951566,0.010101010101010102,1.0,22.251747131347656
BitcoinTransactions,24,101,70,0.7,0.5,2,0.05203525599732001,0.0,1.0,22.40619158744812
BitcoinTransactions,24,101,70,0.7,0.5,3,0.05203525599732001,0.0,1.0,22.421690940856934
BitcoinTransactions,24,101,70,0.7,0.5,4,0.05203525599732001,0.0,1.0,22.468739986419678
BitcoinTransactions,24,101,70,0.7,0.5,5,0.05203525599732001,0.0,1.0,22.524778127670288
BitcoinTransactions,24,101,75,0.75,0.5,1,0.05203525599732001,0.0,1.0,22.390437841415405
BitcoinTransactions,24,101,75,0.75,0.5,2,0.053079221900194935,0.005649717514124294,0.9928011312508035,21.943132400512695
BitcoinTransactions,24,101,75,0.75,0.5,3,0.05203525599732001,0.0,1.0,22.332622289657593
BitcoinTransactions,24,101,75,0.75,0.5,4,0.05203525599732001,0.0,1.0,22.2871835231781
BitcoinTransactions,24,101,75,0.75,0.5,5,0.0529027625147693,0.01282051282051282,1.0,21.3538818359375
BitcoinTransactions,24,101,80,0.8,0.5,1,0.052019313694126434,0.0,0.9998714487723358,21.64927053451538
BitcoinTransactions,24,101,80,0.8,0.5,2,0.05203525599732001,0.0,1.0,21.455310821533203
BitcoinTransactions,24,101,80,0.8,0.5,3,0.05203525599732001,0.0,1.0,21.671011924743652
BitcoinTransactions,24,101,80,0.8,0.5,4,0.05202785168818862,0.0,0.9992286926340147,21.319430828094482
BitcoinTransactions,24,101,80,0.8,0.5,5,0.0526209541232644,0.012987012987012988,1.0,20.87032151222229
BitcoinTransactions,24,101,85,0.85,0.5,1,0.05203525599732001,0.0,1.0,21.198410749435425
BitcoinTransactions,24,101,85,0.85,0.5,2,0.05338143182760491,0.012578616352201259,0.9933153361614604,20.6387619972229
BitcoinTransactions,24,101,85,0.85,0.5,3,0.05196566030436665,0.0,0.9984573852680293,20.97565245628357
BitcoinTransactions,24,101,85,0.85,0.5,4,0.05182004165615857,0.0,0.9960149119424091,22.012935161590576
BitcoinTransactions,24,101,85,0.85,0.5,5,0.05273021940661314,0.013333333333333334,1.0,20.477448225021362
BitcoinTransactions,24,101,90,0.9,0.5,1,0.052689595392532165,0.012987012987012988,1.0,21.071208715438843
BitcoinTransactions,24,101,90,0.9,0.5,2,0.052540015088418004,0.011235955056179775,1.0,20.483691930770874
BitcoinTransactions,24,101,90,0.9,0.5,3,0.05203525599732001,0.0,1.0,21.27279043197632
BitcoinTransactions,24,101,90,0.9,0.5,4,0.05203525599732001,0.0,1.0,20.970802068710327
BitcoinTransactions,24,101,90,0.9,0.5,5,0.05203525599732001,0.0,1.0,21.174335479736328
BitcoinTransactions,24,101,95,0.95,0.5,1,0.05203525599732001,0.0,1.0,20.898550271987915
BitcoinTransactions,24,101,95,0.95,0.5,2,0.05374755235817607,0.011627906976744186,1.0,20.770798921585083
BitcoinTransactions,24,101,95,0.95,0.5,3,0.05202399028619582,0.0,0.9997428975446716,21.225016117095947
BitcoinTransactions,24,101,95,0.95,0.5,4,0.052003491727048705,0.0,0.9992286926340147,20.696425676345825
BitcoinTransactions,24,101,95,0.95,0.5,5,0.05197991003848272,0.0,0.9969147705360586,21.42315912246704
BitcoinTransactions,24,101,100,1,0.5,1,0.05203525599732001,0.0,1.0,20.89271593093872
BitcoinTransactions,24,101,100,1,0.5,2,0.051735593853518905,0.01,1.0,21.060529232025146
BitcoinTransactions,24,101,100,1,0.5,3,0.051791528931747224,0.010638297872340425,1.0,20.631823301315308
BitcoinTransactions,24,101,100,1,0.5,4,0.05203525599732001,0.0,1.0,20.981691598892212
BitcoinTransactions,24,101,100,1,0.5,5,0.05202295545490007,0.0,0.9998714487723358,20.89815092086792
BitcoinTransactions,25,46,0,0,,1,0.05203525599732001,0.0,1.0,
BitcoinTransactions,25,46,0,0,,2,0.05524165815532834,0.030303030303030304,1.0,
BitcoinTransactions,25,46,0,0,,3,0.05203525599732001,0.0,1.0,
BitcoinTransactions,25,46,0,0,,4,0.05203525599732001,0.0,1.0,
BitcoinTransactions,25,46,0,0,,5,0.05203525599732001,0.0,1.0,
BitcoinTransactions,25,46,0,0.01,0.5,1,0.05203525599732001,0.0,1.0,20.63764190673828
BitcoinTransactions,25,46,0,0.01,0.5,2,0.05203525599732001,0.0,1.0,20.671628713607788
BitcoinTransactions,25,46,0,0.01,0.5,3,0.05203525599732001,0.0,1.0,21.016741275787354
BitcoinTransactions,25,46,0,0.01,0.5,4,0.05203525599732001,0.0,1.0,21.049846649169922
BitcoinTransactions,25,46,0,0.01,0.5,5,0.05203525599732001,0.0,1.0,20.771891355514526
BitcoinTransactions,25,46,2,0.05,0.5,1,0.05203525599732001,0.0,1.0,20.676474809646606
BitcoinTransactions,25,46,2,0.05,0.5,2,0.05203525599732001,0.0,1.0,20.999140739440918
BitcoinTransactions,25,46,2,0.05,0.5,3,0.05203525599732001,0.0,1.0,21.09856677055359
BitcoinTransactions,25,46,2,0.05,0.5,4,0.05203525599732001,0.0,1.0,20.77106237411499
BitcoinTransactions,25,46,2,0.05,0.5,5,0.05203525599732001,0.0,1.0,20.766858100891113
BitcoinTransactions,25,46,4,0.1,0.5,1,0.05203525599732001,0.0,1.0,21.750128746032715
BitcoinTransactions,25,46,4,0.1,0.5,2,0.052514619715603957,0.023255813953488372,1.0,20.94407868385315
BitcoinTransactions,25,46,4,0.1,0.5,3,0.05176216181248043,0.0,0.9934899157518509,20.884178161621094
BitcoinTransactions,25,46,4,0.1,0.5,4,0.05273088640434515,0.029411764705882353,1.0,20.606426000595093
BitcoinTransactions,25,46,4,0.1,0.5,5,0.05174855137336979,0.0,0.9920857799336227,20.758092164993286
BitcoinTransactions,25,46,7,0.15,0.5,1,0.05203525599732001,0.0,1.0,20.98326277732849
BitcoinTransactions,25,46,7,0.15,0.5,2,0.05203525599732001,0.0,1.0,21.167744398117065
BitcoinTransactions,25,46,7,0.15,0.5,3,0.05203525599732001,0.0,1.0,20.91680335998535
BitcoinTransactions,25,46,7,0.15,0.5,4,0.0534478031161166,0.027777777777777776,1.0,20.671958923339844
BitcoinTransactions,25,46,7,0.15,0.5,5,0.05184981540543484,0.0,0.993872861884095,20.71292805671692
BitcoinTransactions,25,46,9,0.2,0.5,1,0.051514306975526475,0.022222222222222223,1.0,20.70322036743164
BitcoinTransactions,25,46,9,0.2,0.5,2,0.05203236678700673,0.0,0.999872351289252,20.759986877441406
BitcoinTransactions,25,46,9,0.2,0.5,3,0.05203525599732001,0.0,1.0,20.537715911865234
BitcoinTransactions,25,46,9,0.2,0.5,4,0.05203525599732001,0.0,1.0,20.598987102508545
BitcoinTransactions,25,46,9,0.2,0.5,5,0.05136319278930449,0.022222222222222223,1.0,20.086105823516846
BitcoinTransactions,25,46,11,0.25,0.5,1,0.05203525599732001,0.0,1.0,19.93461036682129
BitcoinTransactions,25,46,11,0.25,0.5,2,0.051991011334664904,0.0,0.9993617564462599,20.175261974334717
BitcoinTransactions,25,46,11,0.25,0.5,3,0.05203525599732001,0.0,1.0,19.74278974533081
BitcoinTransactions,25,46,11,0.25,0.5,4,0.05197235796881162,0.022727272727272728,1.0,20.033757209777832
BitcoinTransactions,25,46,11,0.25,0.5,5,0.05182467734367889,0.0,0.9951493489915751,21.422935962677002
BitcoinTransactions,25,46,14,0.3,0.5,1,0.05203525599732001,0.0,1.0,21.64182162284851
BitcoinTransactions,25,46,14,0.3,0.5,2,0.05203525599732001,0.0,1.0,21.237719535827637
BitcoinTransactions,25,46,14,0.3,0.5,3,0.05203525599732001,0.0,1.0,21.12389874458313
BitcoinTransactions,25,46,14,0.3,0.5,4,0.05194784419928256,0.022222222222222223,1.0,21.082496643066406
BitcoinTransactions,25,46,14,0.3,0.5,5,0.05271440121213751,0.017857142857142856,0.999872351289252,20.957931518554688
BitcoinTransactions,25,46,16,0.35,0.5,1,0.05203525599732001,0.0,1.0,21.303658962249756
BitcoinTransactions,25,46,16,0.35,0.5,2,0.05203525599732001,0.0,1.0,21.615449905395508
BitcoinTransactions,25,46,16,0.35,0.5,3,0.05203525599732001,0.0,1.0,21.58444595336914
BitcoinTransactions,25,46,16,0.35,0.5,4,0.05389768391523582,0.03225806451612903,1.0,20.85468101501465
BitcoinTransactions,25,46,16,0.35,0.5,5,0.05203525599732001,0.0,1.0,21.151044130325317
BitcoinTransactions,25,46,18,0.4,0.5,1,0.05144871744742525,0.0,0.9837886137350013,21.16455316543579
BitcoinTransactions,25,46,18,0.4,0.5,2,0.05202295545490006,0.0,0.999872351289252,21.05698537826538
BitcoinTransactions,25,46,18,0.4,0.5,3,0.05203525599732001,0.0,1.0,21.155824661254883
BitcoinTransactions,25,46,18,0.4,0.5,4,0.05203525599732001,0.0,1.0,21.480422258377075
BitcoinTransactions,25,46,18,0.4,0.5,5,0.0531520402957648,0.034482758620689655,1.0,20.97644066810608
BitcoinTransactions,25,46,20,0.45,0.5,1,0.05203525599732001,0.0,1.0,21.0617036819458
BitcoinTransactions,25,46,20,0.45,0.5,2,0.05203525599732001,0.0,1.0,21.151015520095825
BitcoinTransactions,25,46,20,0.45,0.5,3,0.05203525599732001,0.0,1.0,21.088210821151733
BitcoinTransactions,25,46,20,0.45,0.5,4,0.05203525599732001,0.0,1.0,20.89458417892456
BitcoinTransactions,25,46,20,0.45,0.5,5,0.05203525599732001,0.0,1.0,21.18778705596924
BitcoinTransactions,25,46,22,0.5,0.5,1,0.05224423620802847,0.0,0.928899668113352,24.229174852371216
BitcoinTransactions,25,46,22,0.5,0.5,2,0.05203525599732001,0.0,1.0,24.725632190704346
BitcoinTransactions,25,46,22,0.5,0.5,3,0.05203525599732001,0.0,1.0,24.695574283599854
BitcoinTransactions,25,46,22,0.5,0.5,4,0.05203525599732001,0.0,1.0,24.778567790985107
BitcoinTransactions,25,46,22,0.5,0.5,5,0.05203525599732001,0.0,1.0,24.74240803718567
BitcoinTransactions,25,46,25,0.55,0.5,1,0.05203525599732001,0.0,1.0,25.029531002044678
BitcoinTransactions,25,46,25,0.55,0.5,2,0.05203525599732001,0.0,1.0,23.91071081161499
BitcoinTransactions,25,46,25,0.55,0.5,3,0.051107098149676435,0.0,0.9711513913709472,23.24894070625305
BitcoinTransactions,25,46,25,0.55,0.5,4,0.05203525599732001,0.0,1.0,23.471226692199707
BitcoinTransactions,25,46,25,0.55,0.5,5,0.05203525599732001,0.0,1.0,21.563692569732666
BitcoinTransactions,25,46,27,0.6,0.5,1,0.05203525599732001,0.0,1.0,20.749039888381958
BitcoinTransactions,25,46,27,0.6,0.5,2,0.052722402344997275,0.03333333333333333,1.0,21.045392751693726
BitcoinTransactions,25,46,27,0.6,0.5,3,0.05203525599732001,0.0,1.0,21.187378406524658
BitcoinTransactions,25,46,27,0.6,0.5,4,0.05203525599732001,0.0,1.0,21.29092288017273
BitcoinTransactions,25,46,27,0.6,0.5,5,0.05203525599732001,0.0,1.0,21.363422632217407
BitcoinTransactions,25,46,29,0.65,0.5,1,0.051554403540130085,0.022222222222222223,1.0,21.739030361175537
BitcoinTransactions,25,46,29,0.65,0.5,2,0.05302616362980411,0.04,1.0,20.976245641708374
BitcoinTransactions,25,46,29,0.65,0.5,3,0.05197794373128295,0.0,0.9974470257850395,21.318416833877563
BitcoinTransactions,25,46,29,0.65,0.5,4,0.05203525599732001,0.0,1.0,21.28865671157837
BitcoinTransactions,25,46,29,0.65,0.5,5,0.05203525599732001,0.0,1.0,21.556461572647095
BitcoinTransactions,25,46,31,0.7,0.5,1,0.051831016453407555,0.0,0.993617564462599,21.238333463668823
BitcoinTransactions,25,46,31,0.7,0.5,2,0.05203525599732001,0.0,1.0,21.5044903755188
BitcoinTransactions,25,46,31,0.7,0.5,3,0.05203525599732001,0.0,1.0,21.30490779876709
BitcoinTransactions,25,46,31,0.7,0.5,4,0.05203525599732001,0.0,1.0,21.557685613632202
BitcoinTransactions,25,46,31,0.7,0.5,5,0.051920003683112136,0.0,0.9969364309420475,21.523271560668945
BitcoinTransactions,25,46,34,0.75,0.5,1,0.05203525599732001,0.0,1.0,21.092703104019165
BitcoinTransactions,25,46,34,0.75,0.5,2,0.05203525599732001,0.0,1.0,21.197128295898438
BitcoinTransactions,25,46,34,0.75,0.5,3,0.05203525599732001,0.0,1.0,21.135565519332886
BitcoinTransactions,25,46,34,0.75,0.5,4,0.05203525599732001,0.0,1.0,21.354018211364746
BitcoinTransactions,25,46,34,0.75,0.5,5,0.05203525599732001,0.0,1.0,21.259360551834106
BitcoinTransactions,25,46,36,0.8,0.5,1,0.051837251566928255,0.0,0.9957875925453153,21.15889263153076
BitcoinTransactions,25,46,36,0.8,0.5,2,0.05203525599732001,0.0,1.0,21.103347301483154
BitcoinTransactions,25,46,36,0.8,0.5,3,0.05203525599732001,0.0,1.0,21.104729413986206
BitcoinTransactions,25,46,36,0.8,0.5,4,0.05203525599732001,0.0,1.0,21.370478630065918
BitcoinTransactions,25,46,36,0.8,0.5,5,0.05203525599732001,0.0,1.0,21.079227209091187
BitcoinTransactions,25,46,38,0.85,0.5,1,0.05203525599732001,0.0,1.0,21.0839684009552
BitcoinTransactions,25,46,38,0.85,0.5,2,0.05203525599732001,0.0,1.0,21.082679510116577
BitcoinTransactions,25,46,38,0.85,0.5,3,0.05203525599732001,0.0,1.0,21.14213728904724
BitcoinTransactions,25,46,38,0.85,0.5,4,0.05203525599732001,0.0,1.0,20.904255628585815
BitcoinTransactions,25,46,38,0.85,0.5,5,0.05203525599732001,0.0,1.0,20.904037475585938
BitcoinTransactions,25,46,40,0.9,0.5,1,0.05203525599732001,0.0,1.0,21.012122869491577
BitcoinTransactions,25,46,40,0.9,0.5,2,0.05203525599732001,0.0,1.0,21.273871898651123
BitcoinTransactions,25,46,40,0.9,0.5,3,0.05203525599732001,0.0,1.0,20.979203939437866
BitcoinTransactions,25,46,40,0.9,0.5,4,0.05203525599732001,0.0,1.0,20.90217399597168
BitcoinTransactions,25,46,40,0.9,0.5,5,0.05154228892581064,0.022222222222222223,1.0,21.06499195098877
BitcoinTransactions,25,46,43,0.95,0.5,1,0.05203525599732001,0.0,1.0,21.352403163909912
BitcoinTransactions,25,46,43,0.95,0.5,2,0.05203525599732001,0.0,1.0,20.991660356521606
BitcoinTransactions,25,46,43,0.95,0.5,3,0.05203525599732001,0.0,1.0,20.965858697891235
BitcoinTransactions,25,46,43,0.95,0.5,4,0.05203525599732001,0.0,1.0,21.106077194213867
BitcoinTransactions,25,46,43,0.95,0.5,5,0.05203525599732001,0.0,1.0,21.293928623199463
BitcoinTransactions,25,46,45,1,0.5,1,0.05203525599732001,0.0,1.0,20.845893383026123
BitcoinTransactions,25,46,45,1,0.5,2,0.05281560970120249,0.020833333333333332,0.9932346183303549,20.504193782806396
BitcoinTransactions,25,46,45,1,0.5,3,0.051807546606343395,0.022222222222222223,1.0,21.152787685394287
BitcoinTransactions,25,46,45,1,0.5,4,0.05381152012732992,0.015625,0.934133265254021,20.87596344947815
BitcoinTransactions,25,46,45,1,0.5,5,0.05203525599732001,0.0,1.0,20.888423442840576
BitcoinTransactions,26,8,0,0,,1,0.05203525599732001,0.0,1.0,
BitcoinTransactions,26,8,0,0,,2,0.05767300427687654,0.16666666666666666,1.0,
BitcoinTransactions,26,8,0,0,,3,0.05203525599732001,0.0,1.0,
BitcoinTransactions,26,8,0,0,,4,0.05203525599732001,0.0,1.0,
BitcoinTransactions,26,8,0,0,,5,0.05203525599732001,0.0,1.0,
BitcoinTransactions,26,8,0,0.01,0.5,1,0.05203525599732001,0.0,1.0,21.677494049072266
BitcoinTransactions,26,8,0,0.01,0.5,2,0.05203525599732001,0.0,1.0,21.37149405479431
BitcoinTransactions,26,8,0,0.01,0.5,3,0.05158212279307945,0.0,0.9795477642276422,21.33414077758789
BitcoinTransactions,26,8,0,0.01,0.5,4,0.05203525599732001,0.0,1.0,21.35811996459961
BitcoinTransactions,26,8,0,0.01,0.5,5,0.05203525599732001,0.0,1.0,21.77338218688965
BitcoinTransactions,26,8,0,0.05,0.5,1,0.05203525599732001,0.0,1.0,21.549590826034546
BitcoinTransactions,26,8,0,0.05,0.5,2,0.05203525599732001,0.0,1.0,20.951375484466553
BitcoinTransactions,26,8,0,0.05,0.5,3,0.05203525599732001,0.0,1.0,21.030446767807007
BitcoinTransactions,26,8,0,0.05,0.5,4,0.05201047845088895,0.07142857142857142,0.9997459349593496,21.190751552581787
BitcoinTransactions,26,8,0,0.05,0.5,5,0.05203525599732001,0.0,1.0,21.771912813186646
BitcoinTransactions,26,8,1,0.1,0.5,1,0.05203525599732001,0.0,1.0,21.32227325439453
BitcoinTransactions,26,8,1,0.1,0.5,2,0.05282326485347231,0.1,0.9997459349593496,20.97605538368225
BitcoinTransactions,26,8,1,0.1,0.5,3,0.052607383965164345,0.1,0.9954268292682927,21.030771732330322
BitcoinTransactions,26,8,1,0.1,0.5,4,0.05170187717463133,0.0,0.9916158536585366,21.67314338684082
BitcoinTransactions,26,8,1,0.1,0.5,5,0.05203525599732001,0.0,1.0,21.374783039093018
BitcoinTransactions,26,8,1,0.15,0.5,1,0.05203525599732001,0.0,1.0,21.35170269012451
BitcoinTransactions,26,8,1,0.15,0.5,2,0.05203525599732001,0.0,1.0,21.328330039978027
BitcoinTransactions,26,8,1,0.15,0.5,3,0.05203525599732001,0.0,1.0,21.602071285247803
BitcoinTransactions,26,8,1,0.15,0.5,4,0.05203525599732001,0.0,1.0,21.69208836555481
BitcoinTransactions,26,8,1,0.15,0.5,5,0.05292843058387581,0.0,0.7943343495934959,21.07759737968445
BitcoinTransactions,26,8,1,0.2,0.5,1,0.05203525599732001,0.0,1.0,21.337389707565308
BitcoinTransactions,26,8,1,0.2,0.5,2,0.052999805735286475,0.14285714285714285,1.0,21.262349605560303
BitcoinTransactions,26,8,1,0.2,0.5,3,0.05203525599732001,0.0,1.0,22.030526399612427
BitcoinTransactions,26,8,1,0.2,0.5,4,0.05203525599732001,0.0,1.0,21.595520734786987
BitcoinTransactions,26,8,1,0.2,0.5,5,0.05203525599732001,0.0,1.0,21.514841556549072
BitcoinTransactions,26,8,2,0.25,0.5,1,0.05186515471738935,0.0,0.951854674796748,21.477102041244507
BitcoinTransactions,26,8,2,0.25,0.5,2,0.05203525599732001,0.0,1.0,21.40889859199524
BitcoinTransactions,26,8,2,0.25,0.5,3,0.05203525599732001,0.0,1.0,21.16421341896057
BitcoinTransactions,26,8,2,0.25,0.5,4,0.052006195794324965,0.0,0.9983485772357723,20.977457523345947
BitcoinTransactions,26,8,2,0.25,0.5,5,0.05203525599732001,0.0,1.0,21.227975606918335
BitcoinTransactions,26,8,2,0.3,0.5,1,0.05203525599732001,0.0,1.0,21.404359340667725
BitcoinTransactions,26,8,2,0.3,0.5,2,0.05203525599732001,0.0,1.0,21.812361478805542
BitcoinTransactions,26,8,2,0.3,0.5,3,0.05203525599732001,0.0,1.0,21.27446937561035
BitcoinTransactions,26,8,2,0.3,0.5,4,0.05203525599732001,0.0,1.0,21.486440420150757
BitcoinTransactions,26,8,2,0.3,0.5,5,0.05114815967250466,0.0,0.9724339430894309,21.001908779144287
BitcoinTransactions,26,8,2,0.35,0.5,1,0.05203525599732001,0.0,1.0,20.780750274658203
BitcoinTransactions,26,8,2,0.35,0.5,2,0.05398363335854294,0.13333333333333333,0.9998729674796748,20.294116973876953
BitcoinTransactions,26,8,2,0.35,0.5,3,0.05203525599732001,0.0,1.0,20.585633039474487
BitcoinTransactions,26,8,2,0.35,0.5,4,0.05310633125343275,0.2,1.0,20.532710552215576
BitcoinTransactions,26,8,2,0.35,0.5,5,0.05203525599732001,0.0,1.0,20.8533878326416
BitcoinTransactions,26,8,3,0.4,0.5,1,0.052182765700945814,0.07142857142857142,0.9998729674796748,20.534186124801636
BitcoinTransactions,26,8,3,0.4,0.5,2,0.05203525599732001,0.0,1.0,21.622623920440674
BitcoinTransactions,26,8,3,0.4,0.5,3,0.05166726857237748,0.0,0.9851371951219512,21.691915273666382
BitcoinTransactions,26,8,3,0.4,0.5,4,0.05135259589857618,0.16666666666666666,1.0,21.25406837463379
BitcoinTransactions,26,8,3,0.4,0.5,5,0.05203525599732001,0.0,1.0,20.665055990219116
BitcoinTransactions,26,8,3,0.45,0.5,1,0.0514553617611895,0.0,0.9764989837398373,20.47117829322815
BitcoinTransactions,26,8,3,0.45,0.5,2,0.05203525599732001,0.0,1.0,20.645243406295776
BitcoinTransactions,26,8,3,0.45,0.5,3,0.05203525599732001,0.0,1.0,20.413197994232178
BitcoinTransactions,26,8,3,0.45,0.5,4,0.05203525599732001,0.0,1.0,20.42879605293274
BitcoinTransactions,26,8,3,0.45,0.5,5,0.05203525599732001,0.0,1.0,20.717519283294678
BitcoinTransactions,26,8,4,0.5,0.5,1,0.05203525599732001,0.0,1.0,20.48120665550232
BitcoinTransactions,26,8,4,0.5,0.5,2,0.05201157346382292,0.0,0.9986026422764228,20.57544779777527
BitcoinTransactions,26,8,4,0.5,0.5,3,0.051810319685735226,0.0,0.9457571138211383,20.752637147903442
BitcoinTransactions,26,8,4,0.5,0.5,4,0.05203525599732001,0.0,1.0,20.631237268447876
BitcoinTransactions,26,8,4,0.5,0.5,5,0.05174597879115291,0.0,0.9621443089430894,21.37120509147644
BitcoinTransactions,26,8,4,0.55,0.5,1,0.05203525599732001,0.0,1.0,21.555466651916504
BitcoinTransactions,26,8,4,0.55,0.5,2,0.05203525599732001,0.0,1.0,21.49858593940735
BitcoinTransactions,26,8,4,0.55,0.5,3,0.05203525599732001,0.0,1.0,21.607024669647217
BitcoinTransactions,26,8,4,0.55,0.5,4,0.051970006662424705,0.0,0.9446138211382114,21.311171293258667
BitcoinTransactions,26,8,4,0.55,0.5,5,0.05203525599732001,0.0,1.0,21.285025119781494
BitcoinTransactions,26,8,4,0.6,0.5,1,0.05181413390118823,0.0,0.9964430894308943,21.26052236557007
BitcoinTransactions,26,8,4,0.6,0.5,2,0.053460448398972266,0.2,1.0,20.98002600669861
BitcoinTransactions,26,8,4,0.6,0.5,3,0.05184393053554067,0.05555555555555555,0.9785315040650406,21.38783073425293
BitcoinTransactions,26,8,4,0.6,0.5,4,0.05203525599732001,0.0,1.0,21.183267831802368
BitcoinTransactions,26,8,4,0.6,0.5,5,0.05203525599732001,0.0,1.0,25.151706218719482
BitcoinTransactions,26,8,5,0.65,0.5,1,0.05203525599732001,0.0,1.0,25.068791389465332
BitcoinTransactions,26,8,5,0.65,0.5,2,0.052034555309628125,0.0,0.9997459349593496,24.509087324142456
BitcoinTransactions,26,8,5,0.65,0.5,3,0.05203525599732001,0.0,1.0,24.65571618080139
BitcoinTransactions,26,8,5,0.65,0.5,4,0.05156875736325276,0.0,0.9818343495934959,25.26354146003723
BitcoinTransactions,26,8,5,0.65,0.5,5,0.05203525599732001,0.0,1.0,24.529768705368042
BitcoinTransactions,26,8,5,0.7,0.5,1,0.05203525599732001,0.0,1.0,25.267261743545532
BitcoinTransactions,26,8,5,0.7,0.5,2,0.05203525599732001,0.0,1.0,25.02261710166931
BitcoinTransactions,26,8,5,0.7,0.5,3,0.05138764742828507,0.0,0.9810721544715447,24.915590047836304
BitcoinTransactions,26,8,5,0.7,0.5,4,0.05203525599732001,0.0,1.0,24.615572214126587
BitcoinTransactions,26,8,5,0.7,0.5,5,0.052027379881668695,0.0,0.9997459349593496,24.713507652282715
BitcoinTransactions,26,8,5,0.75,0.5,1,0.05203525599732001,0.0,1.0,24.528813123703003
BitcoinTransactions,26,8,5,0.75,0.5,2,0.05203525599732001,0.0,1.0,24.166099071502686
BitcoinTransactions,26,8,5,0.75,0.5,3,0.052026886737646945,0.0,0.9996189024390244,23.897494077682495
BitcoinTransactions,26,8,5,0.75,0.5,4,0.05195138049679523,0.0,0.9983485772357723,23.741518259048462
BitcoinTransactions,26,8,5,0.75,0.5,5,0.05203525599732001,0.0,1.0,24.090548753738403
BitcoinTransactions,26,8,6,0.8,0.5,1,0.05203525599732001,0.0,1.0,24.118326663970947
BitcoinTransactions,26,8,6,0.8,0.5,2,0.05203525599732001,0.0,1.0,23.915342330932617
BitcoinTransactions,26,8,6,0.8,0.5,3,0.05287184221954849,0.1,0.9678607723577236,23.618833541870117
BitcoinTransactions,26,8,6,0.8,0.5,4,0.0514541947116668,0.0,0.9824695121951219,23.94197106361389
BitcoinTransactions,26,8,6,0.8,0.5,5,0.05203525599732001,0.0,1.0,24.16673970222473
BitcoinTransactions,26,8,6,0.85,0.5,1,0.05177328608792972,0.0,0.8800813008130082,24.11597466468811
BitcoinTransactions,26,8,6,0.85,0.5,2,0.05203525599732001,0.0,1.0,24.32632279396057
BitcoinTransactions,26,8,6,0.85,0.5,3,0.05203525599732001,0.0,1.0,21.681462287902832
BitcoinTransactions,26,8,6,0.85,0.5,4,0.05203525599732001,0.0,1.0,21.05995798110962
BitcoinTransactions,26,8,6,0.85,0.5,5,0.05203525599732001,0.0,1.0,20.89827036857605
BitcoinTransactions,26,8,6,0.9,0.5,1,0.05203525599732001,0.0,1.0,20.829480409622192
BitcoinTransactions,26,8,6,0.9,0.5,2,0.05203525599732001,0.0,1.0,20.763270616531372
BitcoinTransactions,26,8,6,0.9,0.5,3,0.05203525599732001,0.0,1.0,21.159066200256348
BitcoinTransactions,26,8,6,0.9,0.5,4,0.05203747831072181,0.0,0.9998729674796748,20.602882862091064
BitcoinTransactions,26,8,6,0.9,0.5,5,0.05462521726327037,0.2,1.0,20.624361753463745
BitcoinTransactions,26,8,7,0.95,0.5,1,0.05176936137900572,0.0,0.9945376016260162,20.79862952232361
BitcoinTransactions,26,8,7,0.95,0.5,2,0.05203525599732001,0.0,1.0,22.79944658279419
BitcoinTransactions,26,8,7,0.95,0.5,3,0.05352930447643567,0.0,0.899390243902439,22.834993600845337
BitcoinTransactions,26,8,7,0.95,0.5,4,0.05203525599732001,0.0,1.0,22.956085920333862
BitcoinTransactions,26,8,7,0.95,0.5,5,0.051813845688079514,0.0,0.9941565040650406,22.857856035232544
BitcoinTransactions,26,8,7,1,0.5,1,0.0535730275050643,0.13333333333333333,0.9997459349593496,22.858537673950195
BitcoinTransactions,26,8,7,1,0.5,2,0.05203525599732001,0.0,1.0,23.339239835739136
BitcoinTransactions,26,8,7,1,0.5,3,0.05203525599732001,0.0,1.0,22.486783742904663
BitcoinTransactions,26,8,7,1,0.5,4,0.05203525599732001,0.0,1.0,22.562073707580566
BitcoinTransactions,26,8,7,1,0.5,5,0.05203525599732001,0.0,1.0,22.703335523605347
BitcoinTransactions,27,9,0,0,,1,0.052027479043990785,0.0,0.9997459026807267,
BitcoinTransactions,27,9,0,0,,2,0.05203525599732001,0.0,1.0,
BitcoinTransactions,27,9,0,0,,3,0.05203525599732001,0.0,1.0,
BitcoinTransactions,27,9,0,0,,4,0.051920964385960965,0.0,0.9951721509338076,
BitcoinTransactions,27,9,0,0,,5,0.05203525599732001,0.0,1.0,
BitcoinTransactions,27,9,0,0.01,0.5,1,0.053094092750790814,0.2,1.0,22.731626510620117
BitcoinTransactions,27,9,0,0.01,0.5,2,0.05203525599732001,0.0,1.0,23.679117441177368
BitcoinTransactions,27,9,0,0.01,0.5,3,0.05203525599732001,0.0,1.0,23.144813060760498
BitcoinTransactions,27,9,0,0.01,0.5,4,0.05203525599732001,0.0,1.0,22.89320397377014
BitcoinTransactions,27,9,0,0.01,0.5,5,0.05203525599732001,0.0,1.0,22.70398736000061
BitcoinTransactions,27,9,0,0.05,0.5,1,0.05203525599732001,0.0,1.0,22.64200234413147
BitcoinTransactions,27,9,0,0.05,0.5,2,0.05203525599732001,0.0,1.0,21.204227209091187
BitcoinTransactions,27,9,0,0.05,0.5,3,0.05203525599732001,0.0,1.0,21.304245233535767
BitcoinTransactions,27,9,0,0.05,0.5,4,0.05203525599732001,0.0,1.0,21.111775398254395
BitcoinTransactions,27,9,0,0.05,0.5,5,0.05203525599732001,0.0,1.0,20.898383855819702
BitcoinTransactions,27,9,1,0.1,0.5,1,0.051917611402507835,0.0,0.9978401727861771,20.936267852783203
BitcoinTransactions,27,9,1,0.1,0.5,2,0.052019313694126434,0.0,0.9998729513403634,21.07344961166382
BitcoinTransactions,27,9,1,0.1,0.5,3,0.05203525599732001,0.0,1.0,21.090214729309082
BitcoinTransactions,27,9,1,0.1,0.5,4,0.05203381880761669,0.0,0.9998729513403634,20.893397092819214
BitcoinTransactions,27,9,1,0.1,0.5,5,0.05203525599732001,0.0,1.0,20.872570276260376
BitcoinTransactions,27,9,1,0.15,0.5,1,0.05203525599732001,0.0,1.0,21.00474524497986
BitcoinTransactions,27,9,1,0.15,0.5,2,0.05203525599732001,0.0,1.0,22.420088052749634
BitcoinTransactions,27,9,1,0.15,0.5,3,0.05123651894584293,0.125,1.0,21.817057847976685
BitcoinTransactions,27,9,1,0.15,0.5,4,0.05203525599732001,0.0,1.0,22.059424877166748
BitcoinTransactions,27,9,1,0.15,0.5,5,0.05203525599732001,0.0,1.0,21.041584968566895
BitcoinTransactions,27,9,2,0.2,0.5,1,0.05203525599732001,0.0,1.0,21.8924777507782
BitcoinTransactions,27,9,2,0.2,0.5,2,0.05203525599732001,0.0,1.0,22.872488498687744
BitcoinTransactions,27,9,2,0.2,0.5,3,0.05203525599732001,0.0,1.0,22.494762659072876
BitcoinTransactions,27,9,2,0.2,0.5,4,0.05186482285834711,0.0,0.960741964172278,22.84343647956848
BitcoinTransactions,27,9,2,0.2,0.5,5,0.05189859015664575,0.0625,0.9997459026807267,22.98260188102722
BitcoinTransactions,27,9,2,0.25,0.5,1,0.05274456061631546,0.0,0.8077753779697624,22.638309955596924
BitcoinTransactions,27,9,2,0.25,0.5,2,0.05203525599732001,0.0,1.0,23.315173864364624
BitcoinTransactions,27,9,2,0.25,0.5,3,0.05183501234859346,0.0,0.9958073942319908,22.997304439544678
BitcoinTransactions,27,9,2,0.25,0.5,4,0.05203525599732001,0.0,1.0,23.016705751419067
BitcoinTransactions,27,9,2,0.25,0.5,5,0.05203525599732001,0.0,1.0,22.6064133644104
BitcoinTransactions,27,9,2,0.3,0.5,1,0.05203525599732001,0.0,1.0,21.04203462600708
BitcoinTransactions,27,9,2,0.3,0.5,2,0.05203525599732001,0.0,1.0,21.46184468269348
BitcoinTransactions,27,9,2,0.3,0.5,3,0.05203525599732001,0.0,1.0,21.741873741149902
BitcoinTransactions,27,9,2,0.3,0.5,4,0.05203525599732001,0.0,1.0,21.08337950706482
BitcoinTransactions,27,9,2,0.3,0.5,5,0.05203525599732001,0.0,1.0,20.855843544006348
BitcoinTransactions,27,9,3,0.35,0.5,1,0.05203525599732001,0.0,1.0,21.054998874664307
BitcoinTransactions,27,9,3,0.35,0.5,2,0.05180418004510042,0.0625,0.9956803455723542,20.93444275856018
BitcoinTransactions,27,9,3,0.35,0.5,3,0.05203525599732001,0.0,1.0,20.651514053344727
BitcoinTransactions,27,9,3,0.35,0.5,4,0.05203525599732001,0.0,1.0,23.928285598754883
BitcoinTransactions,27,9,3,0.35,0.5,5,0.05201280759583328,0.0,0.9997459026807267,20.793561697006226
BitcoinTransactions,27,9,3,0.4,0.5,1,0.05267210073824091,0.0625,0.9989836107229069,20.912119388580322
BitcoinTransactions,27,9,3,0.4,0.5,2,0.05203525599732001,0.0,1.0,20.88093090057373
BitcoinTransactions,27,9,3,0.4,0.5,3,0.05203525599732001,0.0,1.0,21.007020711898804
BitcoinTransactions,27,9,3,0.4,0.5,4,0.05246769600784012,0.0,0.9366027188413162,21.190099239349365
BitcoinTransactions,27,9,3,0.4,0.5,5,0.052383113802706716,0.0625,0.9889467666116123,20.76367163658142
BitcoinTransactions,27,9,4,0.45,0.5,1,0.05203525599732001,0.0,1.0,20.78316903114319
BitcoinTransactions,27,9,4,0.45,0.5,2,0.05203525599732001,0.0,1.0,21.029911041259766
BitcoinTransactions,27,9,4,0.45,0.5,3,0.05203525599732001,0.0,1.0,20.889428853988647
BitcoinTransactions,27,9,4,0.45,0.5,4,0.05203525599732001,0.0,1.0,21.521345138549805
BitcoinTransactions,27,9,4,0.45,0.5,5,0.05203525599732001,0.0,1.0,20.992353677749634
BitcoinTransactions,27,9,4,0.5,0.5,1,0.05203525599732001,0.0,1.0,21.11038875579834
BitcoinTransactions,27,9,4,0.5,0.5,2,0.05203525599732001,0.0,1.0,20.945162057876587
BitcoinTransactions,27,9,4,0.5,0.5,3,0.05203525599732001,0.0,1.0,21.10010862350464
BitcoinTransactions,27,9,4,0.5,0.5,4,0.05203525599732001,0.0,1.0,21.035542964935303
BitcoinTransactions,27,9,4,0.5,0.5,5,0.052862991152053146,0.125,1.0,21.111966848373413
BitcoinTransactions,27,9,4,0.55,0.5,1,0.051320831571710385,0.0,0.9635370346842841,20.906716346740723
BitcoinTransactions,27,9,4,0.55,0.5,2,0.05200966316021351,0.0,0.9997459026807267,21.07396960258484
BitcoinTransactions,27,9,4,0.55,0.5,3,0.05203525599732001,0.0,1.0,21.117969751358032
BitcoinTransactions,27,9,4,0.55,0.5,4,0.052987377166412906,0.0625,0.9991106593825435,21.024983644485474
BitcoinTransactions,27,9,4,0.55,0.5,5,0.0519450025416398,0.0,0.998221318765087,21.060508966445923
BitcoinTransactions,27,9,5,0.6,0.5,1,0.05203525599732001,0.0,1.0,20.938884019851685
BitcoinTransactions,27,9,5,0.6,0.5,2,0.051892164888431506,0.0,0.996823783509084,21.023845911026
BitcoinTransactions,27,9,5,0.6,0.5,3,0.05203525599732001,0.0,1.0,21.07622194290161
BitcoinTransactions,27,9,5,0.6,0.5,4,0.05203525599732001,0.0,1.0,20.926791429519653
BitcoinTransactions,27,9,5,0.6,0.5,5,0.05198388797619018,0.0,0.9979672214458137,21.070570945739746
BitcoinTransactions,27,9,5,0.65,0.5,1,0.05203525599732001,0.0,1.0,21.05375599861145
BitcoinTransactions,27,9,5,0.65,0.5,2,0.05356075225394684,0.14285714285714285,1.0,20.630695104599
BitcoinTransactions,27,9,5,0.65,0.5,3,0.05203525599732001,0.0,1.0,20.862799644470215
BitcoinTransactions,27,9,5,0.65,0.5,4,0.05203525599732001,0.0,1.0,20.809957027435303
BitcoinTransactions,27,9,5,0.65,0.5,5,0.05203525599732001,0.0,1.0,20.87060308456421
BitcoinTransactions,27,9,6,0.7,0.5,1,0.05203525599732001,0.0,1.0,20.73540496826172
BitcoinTransactions,27,9,6,0.7,0.5,2,0.0516045925140892,0.0,0.9776394359039512,20.826276302337646
BitcoinTransactions,27,9,6,0.7,0.5,3,0.05203525599732001,0.0,1.0,21.055445194244385
BitcoinTransactions,27,9,6,0.7,0.5,4,0.05203525599732001,0.0,1.0,25.68398380279541
BitcoinTransactions,27,9,6,0.7,0.5,5,0.05203525599732001,0.0,1.0,27.147246599197388
BitcoinTransactions,27,9,6,0.75,0.5,1,0.052970164493661334,0.07142857142857142,0.9994918053614534,27.499854803085327
BitcoinTransactions,27,9,6,0.75,0.5,2,0.05203525599732001,0.0,1.0,26.42285680770874
BitcoinTransactions,27,9,6,0.75,0.5,3,0.05203525599732001,0.0,1.0,26.505626440048218
BitcoinTransactions,27,9,6,0.75,0.5,4,0.05203525599732001,0.0,1.0,26.578209161758423
BitcoinTransactions,27,9,6,0.75,0.5,5,0.05254063376640013,0.0,0.8969635370346842,26.483583450317383
BitcoinTransactions,27,9,6,0.8,0.5,1,0.05203525599732001,0.0,1.0,26.501880884170532
BitcoinTransactions,27,9,6,0.8,0.5,2,0.05150754327077744,0.0,0.96709439715411,26.20912194252014
BitcoinTransactions,27,9,6,0.8,0.5,3,0.054240183327354995,0.2,1.0,26.192704916000366
BitcoinTransactions,27,9,6,0.8,0.5,4,0.053040511950782375,0.2,1.0,25.95370626449585
BitcoinTransactions,27,9,6,0.8,0.5,5,0.05195284222444288,0.0,0.9986024647439969,26.475378274917603
BitcoinTransactions,27,9,7,0.85,0.5,1,0.05203525599732001,0.0,1.0,26.499438762664795
BitcoinTransactions,27,9,7,0.85,0.5,2,0.05203525599732001,0.0,1.0,26.24229383468628
BitcoinTransactions,27,9,7,0.85,0.5,3,0.05203525599732001,0.0,1.0,26.414960861206055
BitcoinTransactions,27,9,7,0.85,0.5,4,0.05203525599732001,0.0,1.0,26.41644835472107
BitcoinTransactions,27,9,7,0.85,0.5,5,0.05203525599732001,0.0,1.0,26.25692653656006
BitcoinTransactions,27,9,7,0.9,0.5,1,0.05203525599732001,0.0,1.0,26.350454807281494
BitcoinTransactions,27,9,7,0.9,0.5,2,0.05203525599732001,0.0,1.0,26.45093059539795
BitcoinTransactions,27,9,7,0.9,0.5,3,0.05242549107452045,0.0,0.9380002540973192,25.6164608001709
BitcoinTransactions,27,9,7,0.9,0.5,4,0.05203525599732001,0.0,1.0,25.697965145111084
BitcoinTransactions,27,9,7,0.9,0.5,5,0.05269204154569222,0.0,0.8491932410113073,25.520811319351196
BitcoinTransactions,27,9,8,0.95,0.5,1,0.05203525599732001,0.0,1.0,25.66044306755066
BitcoinTransactions,27,9,8,0.95,0.5,2,0.05203525599732001,0.0,1.0,25.323474645614624
BitcoinTransactions,27,9,8,0.95,0.5,3,0.05403116131244892,0.16666666666666666,1.0,25.127346754074097
BitcoinTransactions,27,9,8,0.95,0.5,4,0.05203525599732001,0.0,1.0,25.463492155075073
BitcoinTransactions,27,9,8,0.95,0.5,5,0.05203525599732001,0.0,1.0,26.20295786857605
BitcoinTransactions,27,9,8,1,0.5,1,0.05203525599732001,0.0,1.0,26.43636131286621
BitcoinTransactions,27,9,8,1,0.5,2,0.05194820488208039,0.0,0.9983483674247237,26.551353454589844
BitcoinTransactions,27,9,8,1,0.5,3,0.05170972455111485,0.0,0.9862787447592428,25.590868711471558
BitcoinTransactions,27,9,8,1,0.5,4,0.0531979302845216,0.0,0.8423326133909287,25.72112202644348
BitcoinTransactions,27,9,8,1,0.5,5,0.05254507123257037,0.125,1.0,25.410571813583374
BitcoinTransactions,28,15,0,0,,1,0.05203525599732001,0.0,1.0,
BitcoinTransactions,28,15,0,0,,2,0.05203525599732001,0.0,1.0,
BitcoinTransactions,28,15,0,0,,3,0.05203525599732001,0.0,1.0,
BitcoinTransactions,28,15,0,0,,4,0.05203525599732001,0.0,1.0,
BitcoinTransactions,28,15,0,0,,5,0.05203525599732001,0.0,1.0,
BitcoinTransactions,28,15,0,0.01,0.5,1,0.05203525599732001,0.0,1.0,20.3350727558136
BitcoinTransactions,28,15,0,0.01,0.5,2,0.05203525599732001,0.0,1.0,20.800013542175293
BitcoinTransactions,28,15,0,0.01,0.5,3,0.05195083804924745,0.0,0.9978385251112524,21.46235156059265
BitcoinTransactions,28,15,0,0.01,0.5,4,0.05203525599732001,0.0,1.0,21.271230697631836
BitcoinTransactions,28,15,0,0.01,0.5,5,0.05203525599732001,0.0,1.0,20.76763653755188
BitcoinTransactions,28,15,1,0.05,0.5,1,0.05203525599732001,0.0,1.0,21.00134015083313
BitcoinTransactions,28,15,1,0.05,0.5,2,0.05203525599732001,0.0,1.0,20.719428539276123
BitcoinTransactions,28,15,1,0.05,0.5,3,0.05203525599732001,0.0,1.0,20.52122712135315
BitcoinTransactions,28,15,1,0.05,0.5,4,0.05203525599732001,0.0,1.0,20.67748737335205
BitcoinTransactions,28,15,1,0.05,0.5,5,0.05203525599732001,0.0,1.0,20.568814992904663
BitcoinTransactions,28,15,1,0.1,0.5,1,0.05201410110827101,0.0,0.9996185632549269,20.53454327583313
BitcoinTransactions,28,15,1,0.1,0.5,2,0.05203525599732001,0.0,1.0,20.79470658302307
BitcoinTransactions,28,15,1,0.1,0.5,3,0.05203525599732001,0.0,1.0,20.64795756340027
BitcoinTransactions,28,15,1,0.1,0.5,4,0.0528696415120449,0.045454545454545456,0.999872854418309,20.456587076187134
BitcoinTransactions,28,15,1,0.1,0.5,5,0.05203525599732001,0.0,1.0,20.810775756835938
BitcoinTransactions,28,15,2,0.15,0.5,1,0.05203525599732001,0.0,1.0,20.66041350364685
BitcoinTransactions,28,15,2,0.15,0.5,2,0.05203525599732001,0.0,1.0,21.32094979286194
BitcoinTransactions,28,15,2,0.15,0.5,3,0.05310997324972302,0.05,0.9988556897647807,21.29046654701233
BitcoinTransactions,28,15,2,0.15,0.5,4,0.051646163008668186,0.07142857142857142,1.0,20.58307385444641
BitcoinTransactions,28,15,2,0.15,0.5,5,0.053028018208502004,0.07692307692307693,1.0,20.450002193450928
BitcoinTransactions,28,15,3,0.2,0.5,1,0.05203525599732001,0.0,1.0,20.60294771194458
BitcoinTransactions,28,15,3,0.2,0.5,2,0.052981459015683234,0.07692307692307693,1.0,20.545507669448853
BitcoinTransactions,28,15,3,0.2,0.5,3,0.05301936490309587,0.09090909090909091,1.0,20.35333776473999
BitcoinTransactions,28,15,3,0.2,0.5,4,0.05185742685243394,0.0,0.9481246026700573,20.696048498153687
BitcoinTransactions,28,15,3,0.2,0.5,5,0.05203525599732001,0.0,1.0,20.904502868652344
BitcoinTransactions,28,15,4,0.25,0.5,1,0.05203525599732001,0.0,1.0,20.582810163497925
BitcoinTransactions,28,15,4,0.25,0.5,2,0.05203635157758533,0.0,0.999745708836618,20.432715892791748
BitcoinTransactions,28,15,4,0.25,0.5,3,0.05203525599732001,0.0,1.0,20.785741806030273
BitcoinTransactions,28,15,4,0.25,0.5,4,0.05203525599732001,0.0,1.0,20.548532485961914
BitcoinTransactions,28,15,4,0.25,0.5,5,0.05203525599732001,0.0,1.0,20.62328267097473
BitcoinTransactions,28,15,4,0.3,0.5,1,0.05203525599732001,0.0,1.0,21.857733249664307
BitcoinTransactions,28,15,4,0.3,0.5,2,0.05201505270904981,0.0,0.999745708836618,21.76991581916809
BitcoinTransactions,28,15,4,0.3,0.5,3,0.05239148184721221,0.0,0.9234583598219962,21.38865089416504
BitcoinTransactions,28,15,4,0.3,0.5,4,0.05200339833593415,0.0,0.9996185632549269,21.32703995704651
BitcoinTransactions,28,15,4,0.3,0.5,5,0.05187192780406493,0.0,0.9959313413858868,21.664632320404053
BitcoinTransactions,28,15,5,0.35,0.5,1,0.05285173406764884,0.1,1.0,20.415697813034058
BitcoinTransactions,28,15,5,0.35,0.5,2,0.05203525599732001,0.0,1.0,20.57836675643921
BitcoinTransactions,28,15,5,0.35,0.5,3,0.05203525599732001,0.0,1.0,20.794018983840942
BitcoinTransactions,28,15,5,0.35,0.5,4,0.05203525599732001,0.0,1.0,20.510416507720947
BitcoinTransactions,28,15,5,0.35,0.5,5,0.05203525599732001,0.0,1.0,20.603725910186768
BitcoinTransactions,28,15,6,0.4,0.5,1,0.05203525599732001,0.0,1.0,20.789949417114258
BitcoinTransactions,28,15,6,0.4,0.5,2,0.052020800024983244,0.0,0.999745708836618,20.576667547225952
BitcoinTransactions,28,15,6,0.4,0.5,3,0.05203525599732001,0.0,1.0,20.623218297958374
BitcoinTransactions,28,15,6,0.4,0.5,4,0.05203525599732001,0.0,1.0,21.145694732666016
BitcoinTransactions,28,15,6,0.4,0.5,5,0.05200993532698689,0.0,0.999745708836618,20.538291931152344
BitcoinTransactions,28,15,6,0.45,0.5,1,0.05203525599732001,0.0,1.0,20.58576989173889
BitcoinTransactions,28,15,6,0.45,0.5,2,0.05203525599732001,0.0,1.0,21.348979473114014
BitcoinTransactions,28,15,6,0.45,0.5,3,0.05203525599732001,0.0,1.0,21.163519144058228
BitcoinTransactions,28,15,6,0.45,0.5,4,0.05203525599732001,0.0,1.0,20.607983112335205
BitcoinTransactions,28,15,6,0.45,0.5,5,0.05203525599732001,0.0,1.0,20.42599582672119
BitcoinTransactions,28,15,7,0.5,0.5,1,0.05202689985686783,0.0,0.9996185632549269,20.796390533447266
BitcoinTransactions,28,15,7,0.5,0.5,2,0.05317437353330326,0.05,0.999745708836618,22.251320123672485
BitcoinTransactions,28,15,7,0.5,0.5,3,0.05152823800374194,0.0,0.985759694850604,22.317378759384155
BitcoinTransactions,28,15,7,0.5,0.5,4,0.05203525599732001,0.0,1.0,22.737395763397217
BitcoinTransactions,28,15,7,0.5,0.5,5,0.05203525599732001,0.0,1.0,22.90730929374695
BitcoinTransactions,28,15,8,0.55,0.5,1,0.05203525599732001,0.0,1.0,22.984986543655396
BitcoinTransactions,28,15,8,0.55,0.5,2,0.05203525599732001,0.0,1.0,22.93713116645813
BitcoinTransactions,28,15,8,0.55,0.5,3,0.05203525599732001,0.0,1.0,21.631985425949097
BitcoinTransactions,28,15,8,0.55,0.5,4,0.05300291833503156,0.07142857142857142,1.0,21.855910062789917
BitcoinTransactions,28,15,8,0.55,0.5,5,0.05203525599732001,0.0,1.0,21.93297028541565
BitcoinTransactions,28,15,8,0.6,0.5,1,0.05198415865179292,0.0,0.9988556897647807,21.16418766975403
BitcoinTransactions,28,15,8,0.6,0.5,2,0.05203525599732001,0.0,1.0,20.80546498298645
BitcoinTransactions,28,15,8,0.6,0.5,3,0.05203525599732001,0.0,1.0,21.742640733718872
BitcoinTransactions,28,15,8,0.6,0.5,4,0.05203525599732001,0.0,1.0,21.5339834690094
BitcoinTransactions,28,15,8,0.6,0.5,5,0.05156422893859307,0.0,0.989574062301335,21.595712661743164
BitcoinTransactions,28,15,9,0.65,0.5,1,0.05203525599732001,0.0,1.0,21.527045488357544
BitcoinTransactions,28,15,9,0.65,0.5,2,0.05203525599732001,0.0,1.0,21.357784509658813
BitcoinTransactions,28,15,9,0.65,0.5,3,0.05203525599732001,0.0,1.0,20.94455599784851
BitcoinTransactions,28,15,9,0.65,0.5,4,0.05203525599732001,0.0,1.0,21.911492824554443
BitcoinTransactions,28,15,9,0.65,0.5,5,0.05203525599732001,0.0,1.0,21.773497581481934
BitcoinTransactions,28,15,10,0.7,0.5,1,0.05179540738394432,0.0,0.996567069294342,21.711284399032593
BitcoinTransactions,28,15,10,0.7,0.5,2,0.05203525599732001,0.0,1.0,21.727744340896606
BitcoinTransactions,28,15,10,0.7,0.5,3,0.051420520694203116,0.0,0.9828353464717101,22.101476669311523
BitcoinTransactions,28,15,10,0.7,0.5,4,0.05203525599732001,0.0,1.0,22.318175077438354
BitcoinTransactions,28,15,10,0.7,0.5,5,0.05203525599732001,0.0,1.0,22.72787833213806
BitcoinTransactions,28,15,10,0.75,0.5,1,0.05203525599732001,0.0,1.0,22.626139402389526
BitcoinTransactions,28,15,10,0.75,0.5,2,0.05203525599732001,0.0,1.0,21.010632753372192
BitcoinTransactions,28,15,10,0.75,0.5,3,0.05203525599732001,0.0,1.0,21.10147213935852
BitcoinTransactions,28,15,10,0.75,0.5,4,0.05203525599732001,0.0,1.0,21.211453676223755
BitcoinTransactions,28,15,10,0.75,0.5,5,0.053291225455696575,0.09090909090909091,1.0,20.645225048065186
BitcoinTransactions,28,15,11,0.8,0.5,1,0.05203525599732001,0.0,1.0,21.09900736808777
BitcoinTransactions,28,15,11,0.8,0.5,2,0.05203525599732001,0.0,1.0,21.174734830856323
BitcoinTransactions,28,15,11,0.8,0.5,3,0.05203525599732001,0.0,1.0,21.399251461029053
BitcoinTransactions,28,15,11,0.8,0.5,4,0.05203525599732001,0.0,1.0,21.316523790359497
BitcoinTransactions,28,15,11,0.8,0.5,5,0.05203525599732001,0.0,1.0,21.07684636116028
BitcoinTransactions,28,15,12,0.85,0.5,1,0.05203525599732001,0.0,1.0,21.174738883972168
BitcoinTransactions,28,15,12,0.85,0.5,2,0.05152436490025653,0.07142857142857142,1.0,21.152986764907837
BitcoinTransactions,28,15,12,0.85,0.5,3,0.05203525599732001,0.0,1.0,21.67240071296692
BitcoinTransactions,28,15,12,0.85,0.5,4,0.05194911566138785,0.0,0.9982199618563254,20.995537996292114
BitcoinTransactions,28,15,12,0.85,0.5,5,0.05183489446733089,0.07692307692307693,1.0,20.892301082611084
BitcoinTransactions,28,15,13,0.9,0.5,1,0.05203525599732001,0.0,1.0,21.44768214225769
BitcoinTransactions,28,15,13,0.9,0.5,2,0.05203525599732001,0.0,1.0,21.38758158683777
BitcoinTransactions,28,15,13,0.9,0.5,3,0.05203525599732001,0.0,1.0,21.748392581939697
BitcoinTransactions,28,15,13,0.9,0.5,4,0.05203525599732001,0.0,1.0,21.631527185440063
BitcoinTransactions,28,15,13,0.9,0.5,5,0.05203525599732001,0.0,1.0,21.458486795425415
BitcoinTransactions,28,15,13,0.95,0.5,1,0.05203525599732001,0.0,1.0,21.44848370552063
BitcoinTransactions,28,15,13,0.95,0.5,2,0.051619499952250604,0.0,0.9697393515575333,22.406972646713257
BitcoinTransactions,28,15,13,0.95,0.5,3,0.05203525599732001,0.0,1.0,23.609469413757324
BitcoinTransactions,28,15,13,0.95,0.5,4,0.05203525599732001,0.0,1.0,22.30246114730835
BitcoinTransactions,28,15,13,0.95,0.5,5,0.05203525599732001,0.0,1.0,22.643694639205933
BitcoinTransactions,28,15,14,1,0.5,1,0.05203525599732001,0.0,1.0,22.56221342086792
BitcoinTransactions,28,15,14,1,0.5,2,0.05203525599732001,0.0,1.0,22.311657428741455
BitcoinTransactions,28,15,14,1,0.5,3,0.05258759327044906,0.05,0.999745708836618,22.111130475997925
BitcoinTransactions,28,15,14,1,0.5,4,0.05282463460798647,0.09090909090909091,1.0,21.97486639022827
BitcoinTransactions,28,15,14,1,0.5,5,0.05203525599732001,0.0,1.0,22.278032302856445
BitcoinTransactions,29,21,0,0,,1,0.05203525599732001,0.0,1.0,
BitcoinTransactions,29,21,0,0,,2,0.05203525599732001,0.0,1.0,
BitcoinTransactions,29,21,0,0,,3,0.05203525599732001,0.0,1.0,
BitcoinTransactions,29,21,0,0,,4,0.05203525599732001,0.0,1.0,
BitcoinTransactions,29,21,0,0,,5,0.05203525599732001,0.0,1.0,
BitcoinTransactions,29,21,0,0.01,0.5,1,0.05198179612016622,0.05,1.0,22.115761280059814
BitcoinTransactions,29,21,0,0.01,0.5,2,0.05203525599732001,0.0,1.0,22.165791034698486
BitcoinTransactions,29,21,0,0.01,0.5,3,0.05203525599732001,0.0,1.0,21.866764307022095
BitcoinTransactions,29,21,0,0.01,0.5,4,0.05203525599732001,0.0,1.0,22.059125900268555
BitcoinTransactions,29,21,0,0.01,0.5,5,0.05203525599732001,0.0,1.0,21.750657320022583
BitcoinTransactions,29,21,1,0.05,0.5,1,0.05203525599732001,0.0,1.0,21.738316535949707
BitcoinTransactions,29,21,1,0.05,0.5,2,0.05178995624159252,0.05,1.0,22.044414281845093
BitcoinTransactions,29,21,1,0.05,0.5,3,0.05203525599732001,0.0,1.0,21.886062622070312
BitcoinTransactions,29,21,1,0.05,0.5,4,0.05194327791544375,0.0,0.9983458455274208,21.81494975090027
BitcoinTransactions,29,21,1,0.05,0.5,5,0.05203525599732001,0.0,1.0,21.842864274978638
BitcoinTransactions,29,21,2,0.1,0.5,1,0.053173935337853015,0.0625,1.0,21.411290645599365
BitcoinTransactions,29,21,2,0.1,0.5,2,0.052255265754218135,0.05555555555555555,1.0,21.937093496322632
BitcoinTransactions,29,21,2,0.1,0.5,3,0.05203525599732001,0.0,1.0,21.690484523773193
BitcoinTransactions,29,21,2,0.1,0.5,4,0.05203525599732001,0.0,1.0,21.85384774208069
BitcoinTransactions,29,21,2,0.1,0.5,5,0.05203525599732001,0.0,1.0,22.010316133499146
BitcoinTransactions,29,21,3,0.15,0.5,1,0.052019313694126434,0.0,0.9998727573482631,22.17687201499939
BitcoinTransactions,29,21,3,0.15,0.5,2,0.05203439925705754,0.0,0.9998727573482631,22.08799147605896
BitcoinTransactions,29,21,3,0.15,0.5,3,0.05203525599732001,0.0,1.0,21.810871124267578
BitcoinTransactions,29,21,3,0.15,0.5,4,0.05203525599732001,0.0,1.0,21.904759407043457
BitcoinTransactions,29,21,3,0.15,0.5,5,0.05203525599732001,0.0,1.0,21.80571961402893
BitcoinTransactions,29,21,4,0.2,0.5,1,0.051380068561343716,0.0,0.9773508079908385,21.479269981384277
BitcoinTransactions,29,21,4,0.2,0.5,2,0.05203525599732001,0.0,1.0,21.87177348136902
BitcoinTransactions,29,21,4,0.2,0.5,3,0.05203525599732001,0.0,1.0,21.572133779525757
BitcoinTransactions,29,21,4,0.2,0.5,4,0.05159867968934937,0.0,0.9865122789158927,22.846027135849
BitcoinTransactions,29,21,4,0.2,0.5,5,0.05203525599732001,0.0,1.0,21.46806788444519
BitcoinTransactions,29,21,5,0.25,0.5,1,0.05203525599732001,0.0,1.0,21.417988538742065
BitcoinTransactions,29,21,5,0.25,0.5,2,0.05203525599732001,0.0,1.0,21.73409366607666
BitcoinTransactions,29,21,5,0.25,0.5,3,0.05203525599732001,0.0,1.0,21.488070726394653
BitcoinTransactions,29,21,5,0.25,0.5,4,0.05252916729300211,0.05555555555555555,1.0,23.4032301902771
BitcoinTransactions,29,21,5,0.25,0.5,5,0.05203525599732001,0.0,1.0,21.475878953933716
BitcoinTransactions,29,21,6,0.3,0.5,1,0.05203525599732001,0.0,1.0,21.356650590896606
BitcoinTransactions,29,21,6,0.3,0.5,2,0.05203525599732001,0.0,1.0,20.97515559196472
BitcoinTransactions,29,21,6,0.3,0.5,3,0.05188644079522007,0.0,0.9927471688509989,21.426527976989746
BitcoinTransactions,29,21,6,0.3,0.5,4,0.05203525599732001,0.0,1.0,21.11901044845581
BitcoinTransactions,29,21,6,0.3,0.5,5,0.05201589574995201,0.0,0.9993637867413157,24.665120840072632
BitcoinTransactions,29,21,7,0.35,0.5,1,0.05203525599732001,0.0,1.0,21.36759066581726
BitcoinTransactions,29,21,7,0.35,0.5,2,0.05203525599732001,0.0,1.0,21.315858364105225
BitcoinTransactions,29,21,7,0.35,0.5,3,0.051327432261399006,0.05263157894736842,1.0,20.97216486930847
BitcoinTransactions,29,21,7,0.35,0.5,4,0.05203525599732001,0.0,1.0,20.96894383430481
BitcoinTransactions,29,21,7,0.35,0.5,5,0.05359878631102745,0.08333333333333333,1.0,20.684206247329712
BitcoinTransactions,29,21,8,0.4,0.5,1,0.05203525599732001,0.0,1.0,21.049899339675903
BitcoinTransactions,29,21,8,0.4,0.5,2,0.05203525599732001,0.0,1.0,20.973639726638794
BitcoinTransactions,29,21,8,0.4,0.5,3,0.05203525599732001,0.0,1.0,21.7424898147583
BitcoinTransactions,29,21,8,0.4,0.5,4,0.05203525599732001,0.0,1.0,21.189882278442383
BitcoinTransactions,29,21,8,0.4,0.5,5,0.05203525599732001,0.0,1.0,21.178492069244385
BitcoinTransactions,29,21,9,0.45,0.5,1,0.052019313694126434,0.0,0.9998727573482631,21.6007239818573
BitcoinTransactions,29,21,9,0.45,0.5,2,0.05203525599732001,0.0,1.0,21.88935685157776
BitcoinTransactions,29,21,9,0.45,0.5,3,0.05203525599732001,0.0,1.0,22.451653718948364
BitcoinTransactions,29,21,9,0.45,0.5,4,0.05203525599732001,0.0,1.0,23.370274305343628
BitcoinTransactions,29,21,9,0.45,0.5,5,0.05203525599732001,0.0,1.0,21.635854959487915
BitcoinTransactions,29,21,10,0.5,0.5,1,0.05203525599732001,0.0,1.0,21.706116676330566
BitcoinTransactions,29,21,10,0.5,0.5,2,0.05203525599732001,0.0,1.0,21.681257009506226
BitcoinTransactions,29,21,10,0.5,0.5,3,0.052023688365415245,0.0,0.9423590787632015,21.499364376068115
BitcoinTransactions,29,21,10,0.5,0.5,4,0.05203525599732001,0.0,1.0,23.890470504760742
BitcoinTransactions,29,21,10,0.5,0.5,5,0.05203525599732001,0.0,1.0,21.38738226890564
BitcoinTransactions,29,21,11,0.55,0.5,1,0.05203525599732001,0.0,1.0,21.316781044006348
BitcoinTransactions,29,21,11,0.55,0.5,2,0.05203525599732001,0.0,1.0,21.574747323989868
BitcoinTransactions,29,21,11,0.55,0.5,3,0.05203525599732001,0.0,1.0,23.47852063179016
BitcoinTransactions,29,21,11,0.55,0.5,4,0.05254950051467121,0.018518518518518517,0.99351062476142,21.135026216506958
BitcoinTransactions,29,21,11,0.55,0.5,5,0.0524632695819515,0.017543859649122806,0.9970734190100522,21.126770734786987
BitcoinTransactions,29,21,12,0.6,0.5,1,0.05203525599732001,0.0,1.0,21.268835306167603
BitcoinTransactions,29,21,12,0.6,0.5,2,0.05189132211636058,0.0,0.9966916910548416,21.26168727874756
BitcoinTransactions,29,21,12,0.6,0.5,3,0.05184188858134198,0.0,0.9559740424990457,21.491188287734985
BitcoinTransactions,29,21,12,0.6,0.5,4,0.05203525599732001,0.0,1.0,21.135189533233643
BitcoinTransactions,29,21,12,0.6,0.5,5,0.05193006559762976,0.0,0.9974551469652627,21.121238231658936
BitcoinTransactions,29,21,13,0.65,0.5,1,0.05203525599732001,0.0,1.0,21.309829473495483
BitcoinTransactions,29,21,13,0.65,0.5,2,0.0519499345695514,0.05,1.0,21.61688232421875
BitcoinTransactions,29,21,13,0.65,0.5,3,0.05203525599732001,0.0,1.0,21.40894103050232
BitcoinTransactions,29,21,13,0.65,0.5,4,0.05161161247509812,0.0,0.9870212495228401,23.578569889068604
BitcoinTransactions,29,21,13,0.65,0.5,5,0.05203525599732001,0.0,1.0,22.1382417678833
BitcoinTransactions,29,21,14,0.7,0.5,1,0.05203525599732001,0.0,1.0,21.611539602279663
BitcoinTransactions,29,21,14,0.7,0.5,2,0.05202057528759182,0.0,0.9996182720447894,21.36495065689087
BitcoinTransactions,29,21,14,0.7,0.5,3,0.05203525599732001,0.0,1.0,21.36130428314209
BitcoinTransactions,29,21,14,0.7,0.5,4,0.05203525599732001,0.0,1.0,21.141059637069702
BitcoinTransactions,29,21,14,0.7,0.5,5,0.053594923311420704,0.1111111111111111,1.0,23.215262413024902
BitcoinTransactions,29,21,15,0.75,0.5,1,0.05203525599732001,0.0,1.0,21.348342418670654
BitcoinTransactions,29,21,15,0.75,0.5,2,0.05201093146289439,0.0,0.9993637867413157,21.35844898223877
BitcoinTransactions,29,21,15,0.75,0.5,3,0.05203525599732001,0.0,1.0,21.71269941329956
BitcoinTransactions,29,21,15,0.75,0.5,4,0.0522055068511553,0.05,1.0,21.613049745559692
BitcoinTransactions,29,21,15,0.75,0.5,5,0.053712937909807794,0.058823529411764705,1.0,21.19101858139038
BitcoinTransactions,29,21,16,0.8,0.5,1,0.05203525599732001,0.0,1.0,21.30092740058899
BitcoinTransactions,29,21,16,0.8,0.5,2,0.05203525599732001,0.0,1.0,21.271395206451416
BitcoinTransactions,29,21,16,0.8,0.5,3,0.05159059928790293,0.0,0.9812953301946813,21.246359825134277
BitcoinTransactions,29,21,16,0.8,0.5,4,0.05203525599732001,0.0,1.0,21.145567893981934
BitcoinTransactions,29,21,16,0.8,0.5,5,0.05203525599732001,0.0,1.0,21.738873958587646
BitcoinTransactions,29,21,17,0.85,0.5,1,0.05198506520086469,0.0,0.9988548161343682,21.848581790924072
BitcoinTransactions,29,21,17,0.85,0.5,2,0.05203525599732001,0.0,1.0,21.794753074645996
BitcoinTransactions,29,21,17,0.85,0.5,3,0.05167248074241894,0.05,1.0,21.633850574493408
BitcoinTransactions,29,21,17,0.85,0.5,4,0.05165628466687988,0.0,0.9846036391398397,22.336885690689087
BitcoinTransactions,29,21,17,0.85,0.5,5,0.05203525599732001,0.0,1.0,21.70330262184143
BitcoinTransactions,29,21,18,0.9,0.5,1,0.05203525599732001,0.0,1.0,21.527092933654785
BitcoinTransactions,29,21,18,0.9,0.5,2,0.05195429946699896,0.0,0.9979641175722102,21.582444429397583
BitcoinTransactions,29,21,18,0.9,0.5,3,0.05203525599732001,0.0,1.0,21.963196516036987
BitcoinTransactions,29,21,18,0.9,0.5,4,0.053087245477469035,0.05555555555555555,1.0,21.110880851745605
BitcoinTransactions,29,21,18,0.9,0.5,5,0.05203525599732001,0.0,1.0,22.54334282875061
BitcoinTransactions,29,21,19,0.95,0.5,1,0.05203525599732001,0.0,1.0,22.287702560424805
BitcoinTransactions,29,21,19,0.95,0.5,2,0.05190422018589882,0.0,0.9944013233235781,22.239604473114014
BitcoinTransactions,29,21,19,0.95,0.5,3,0.05203525599732001,0.0,1.0,21.78750967979431
BitcoinTransactions,29,21,19,0.95,0.5,4,0.05203525599732001,0.0,1.0,22.3493549823761
BitcoinTransactions,29,21,19,0.95,0.5,5,0.052026383705745395,0.0,0.9998727573482631,22.130000591278076
BitcoinTransactions,29,21,20,1,0.5,1,0.05203525599732001,0.0,1.0,23.061355113983154
BitcoinTransactions,29,21,20,1,0.5,2,0.05203525599732001,0.0,1.0,22.90626549720764
BitcoinTransactions,29,21,20,1,0.5,3,0.05203525599732001,0.0,1.0,22.4106924533844
BitcoinTransactions,29,21,20,1,0.5,4,0.0530233339781016,0.09090909090909091,1.0,23.024452924728394
BitcoinTransactions,29,21,20,1,0.5,5,0.05200614879314079,0.0,0.9996182720447894,22.258408784866333
BitcoinTransactions,30,19,0,0,,1,0.05203525599732001,0.0,1.0,
BitcoinTransactions,30,19,0,0,,2,0.05203525599732001,0.0,1.0,
BitcoinTransactions,30,19,0,0,,3,0.05203525599732001,0.0,1.0,
BitcoinTransactions,30,19,0,0,,4,0.05203525599732001,0.0,1.0,
BitcoinTransactions,30,19,0,0,,5,0.05203525599732001,0.0,1.0,
BitcoinTransactions,30,19,0,0.01,0.5,1,0.05222266185247617,0.03125,0.974812364839079,23.0509033203125
BitcoinTransactions,30,19,0,0.01,0.5,2,0.05203525599732001,0.0,1.0,23.237244606018066
BitcoinTransactions,30,19,0,0.01,0.5,3,0.05203525599732001,0.0,1.0,23.50556755065918
BitcoinTransactions,30,19,0,0.01,0.5,4,0.05203525599732001,0.0,1.0,23.385103464126587
BitcoinTransactions,30,19,0,0.01,0.5,5,0.05203525599732001,0.0,1.0,23.22001814842224
BitcoinTransactions,30,19,1,0.05,0.5,1,0.05203525599732001,0.0,1.0,23.561254739761353
BitcoinTransactions,30,19,1,0.05,0.5,2,0.05203525599732001,0.0,1.0,22.883192539215088
BitcoinTransactions,30,19,1,0.05,0.5,3,0.05203525599732001,0.0,1.0,22.731157064437866
BitcoinTransactions,30,19,1,0.05,0.5,4,0.05203525599732001,0.0,1.0,22.51675581932068
BitcoinTransactions,30,19,1,0.05,0.5,5,0.05203525599732001,0.0,1.0,23.030104398727417
BitcoinTransactions,30,19,2,0.1,0.5,1,0.05203086467261028,0.0,0.9998727897214095,22.839635133743286
BitcoinTransactions,30,19,2,0.1,0.5,2,0.05203525599732001,0.0,1.0,22.663156747817993
BitcoinTransactions,30,19,2,0.1,0.5,3,0.05203525599732001,0.0,1.0,22.742592811584473
BitcoinTransactions,30,19,2,0.1,0.5,4,0.05203525599732001,0.0,1.0,23.19477605819702
BitcoinTransactions,30,19,2,0.1,0.5,5,0.052605805294665325,0.07142857142857142,1.0,23.505592584609985
BitcoinTransactions,30,19,3,0.15,0.5,1,0.05203525599732001,0.0,1.0,22.952358961105347
BitcoinTransactions,30,19,3,0.15,0.5,2,0.053386079694839335,0.06666666666666667,1.0,22.330490827560425
BitcoinTransactions,30,19,3,0.15,0.5,3,0.0519787079914988,0.0,0.9988551074926854,22.283512830734253
BitcoinTransactions,30,19,3,0.15,0.5,4,0.05269943860914322,0.05555555555555555,1.0,22.254031658172607
BitcoinTransactions,30,19,3,0.15,0.5,5,0.05362196471802711,0.06666666666666667,1.0,22.017675638198853
BitcoinTransactions,30,19,4,0.2,0.5,1,0.05142359206398189,0.0,0.980791247932833,21.965070486068726
BitcoinTransactions,30,19,4,0.2,0.5,2,0.05203525599732001,0.0,1.0,21.794496297836304
BitcoinTransactions,30,19,4,0.2,0.5,3,0.0524794665245098,0.058823529411764705,1.0,23.081413507461548
BitcoinTransactions,30,19,4,0.2,0.5,4,0.05203525599732001,0.0,1.0,22.689688205718994
BitcoinTransactions,30,19,4,0.2,0.5,5,0.052032366787006734,0.0,0.9998727897214095,22.178988933563232
BitcoinTransactions,30,19,4,0.25,0.5,1,0.05203525599732001,0.0,1.0,21.845089197158813
BitcoinTransactions,30,19,4,0.25,0.5,2,0.052022955454900065,0.0,0.9998727897214095,21.84375238418579
BitcoinTransactions,30,19,4,0.25,0.5,3,0.0513379267691582,0.0,0.9722681592672688,23.073703050613403
BitcoinTransactions,30,19,4,0.25,0.5,4,0.05201807832367406,0.0,0.9997455794428189,23.64790678024292
BitcoinTransactions,30,19,4,0.25,0.5,5,0.05203525599732001,0.0,1.0,23.505744695663452
BitcoinTransactions,30,19,5,0.3,0.5,1,0.05202846844662659,0.0,0.9996183691642284,23.482667207717896
BitcoinTransactions,30,19,5,0.3,0.5,2,0.053205837823584914,0.08333333333333333,1.0,23.286478281021118
BitcoinTransactions,30,19,5,0.3,0.5,3,0.05203525599732001,0.0,1.0,23.67413330078125
BitcoinTransactions,30,19,5,0.3,0.5,4,0.05203525599732001,0.0,1.0,23.16398572921753
BitcoinTransactions,30,19,5,0.3,0.5,5,0.05203525599732001,0.0,1.0,22.91016411781311
BitcoinTransactions,30,19,6,0.35,0.5,1,0.05155812164963909,0.0,0.9759572573463936,22.781012773513794
BitcoinTransactions,30,19,6,0.35,0.5,2,0.05203525599732001,0.0,1.0,21.8008451461792
BitcoinTransactions,30,19,6,0.35,0.5,3,0.051642890728122566,0.0,0.9843531357333672,21.57093119621277
BitcoinTransactions,30,19,6,0.35,0.5,4,0.05126412247068705,0.027777777777777776,0.9698511639740491,21.565793991088867
BitcoinTransactions,30,19,6,0.35,0.5,5,0.05203525599732001,0.0,1.0,21.62735915184021
BitcoinTransactions,30,19,7,0.4,0.5,1,0.05245186235840425,0.058823529411764705,1.0,21.47671341896057
BitcoinTransactions,30,19,7,0.4,0.5,2,0.05203525599732001,0.0,1.0,21.59796404838562
BitcoinTransactions,30,19,7,0.4,0.5,3,0.0530163718812573,0.07142857142857142,1.0,21.60768723487854
BitcoinTransactions,30,19,7,0.4,0.5,4,0.05203525599732001,0.0,1.0,21.672292232513428
BitcoinTransactions,30,19,7,0.4,0.5,5,0.05203525599732001,0.0,1.0,21.18352508544922
BitcoinTransactions,30,19,8,0.45,0.5,1,0.05203525599732001,0.0,1.0,21.220529079437256
BitcoinTransactions,30,19,8,0.45,0.5,2,0.05203525599732001,0.0,1.0,21.23016047477722
BitcoinTransactions,30,19,8,0.45,0.5,3,0.05203525599732001,0.0,1.0,21.208566427230835
BitcoinTransactions,30,19,8,0.45,0.5,4,0.05203525599732001,0.0,1.0,21.182087421417236
BitcoinTransactions,30,19,8,0.45,0.5,5,0.05203525599732001,0.0,1.0,21.589205741882324
BitcoinTransactions,30,19,9,0.5,0.5,1,0.05203525599732001,0.0,1.0,21.449175357818604
BitcoinTransactions,30,19,9,0.5,0.5,2,0.0521809335350773,0.029411764705882353,0.9902048085485308,21.00234580039978
BitcoinTransactions,30,19,9,0.5,0.5,3,0.05203525599732001,0.0,1.0,21.200225353240967
BitcoinTransactions,30,19,9,0.5,0.5,4,0.05203525599732001,0.0,1.0,21.20902967453003
BitcoinTransactions,30,19,9,0.5,0.5,5,0.051699140049094414,0.0,0.9936394860704745,21.245322942733765
BitcoinTransactions,30,19,10,0.55,0.5,1,0.05203525599732001,0.0,1.0,21.25156331062317
BitcoinTransactions,30,19,10,0.55,0.5,2,0.05203525599732001,0.0,1.0,21.672061443328857
BitcoinTransactions,30,19,10,0.55,0.5,3,0.05203525599732001,0.0,1.0,21.59437918663025
BitcoinTransactions,30,19,10,0.55,0.5,4,0.05201445235262062,0.0,0.9991095280498664,21.334195852279663
BitcoinTransactions,30,19,10,0.55,0.5,5,0.05203525599732001,0.0,1.0,22.202113389968872
BitcoinTransactions,30,19,11,0.6,0.5,1,0.052034908314493325,0.029411764705882353,0.9586566594580842,21.551729202270508
BitcoinTransactions,30,19,11,0.6,0.5,2,0.05203525599732001,0.0,1.0,21.558412313461304
BitcoinTransactions,30,19,11,0.6,0.5,3,0.05203525599732001,0.0,1.0,21.509527444839478
BitcoinTransactions,30,19,11,0.6,0.5,4,0.05203525599732001,0.0,1.0,21.547770738601685
BitcoinTransactions,30,19,11,0.6,0.5,5,0.05201801042271983,0.0,0.9997455794428189,21.569111108779907
BitcoinTransactions,30,19,12,0.65,0.5,1,0.05256971422166349,0.029411764705882353,0.9952932196921511,21.855127573013306
BitcoinTransactions,30,19,12,0.65,0.5,2,0.05188764332219409,0.0,0.9615824958656659,21.93891739845276
BitcoinTransactions,30,19,12,0.65,0.5,3,0.05203525599732001,0.0,1.0,22.086284160614014
BitcoinTransactions,30,19,12,0.65,0.5,4,0.05203525599732001,0.0,1.0,22.070292234420776
BitcoinTransactions,30,19,12,0.65,0.5,5,0.05203525599732001,0.0,1.0,22.037197589874268
BitcoinTransactions,30,19,13,0.7,0.5,1,0.05203525599732001,0.0,1.0,21.80915904045105
BitcoinTransactions,30,19,13,0.7,0.5,2,0.05203525599732001,0.0,1.0,21.753736972808838
BitcoinTransactions,30,19,13,0.7,0.5,3,0.05203525599732001,0.0,1.0,22.549269914627075
BitcoinTransactions,30,19,13,0.7,0.5,4,0.05203525599732001,0.0,1.0,22.200252771377563
BitcoinTransactions,30,19,13,0.7,0.5,5,0.05203525599732001,0.0,1.0,22.90324831008911
BitcoinTransactions,30,19,14,0.75,0.5,1,0.05203525599732001,0.0,1.0,21.92370915412903
BitcoinTransactions,30,19,14,0.75,0.5,2,0.05203525599732001,0.0,1.0,21.805737257003784
BitcoinTransactions,30,19,14,0.75,0.5,3,0.05203525599732001,0.0,1.0,21.629453659057617
BitcoinTransactions,30,19,14,0.75,0.5,4,0.05175694751643092,0.0,0.9736674723317644,21.785353660583496
BitcoinTransactions,30,19,14,0.75,0.5,5,0.051510758565993894,0.0,0.9632362294873426,21.741852045059204
BitcoinTransactions,30,19,14,0.8,0.5,1,0.052466757883493156,0.0,0.8933977865411525,21.455162286758423
BitcoinTransactions,30,19,14,0.8,0.5,2,0.05203525599732001,0.0,1.0,22.31442928314209
BitcoinTransactions,30,19,14,0.8,0.5,3,0.05203525599732001,0.0,1.0,22.259603261947632
BitcoinTransactions,30,19,14,0.8,0.5,4,0.05203525599732001,0.0,1.0,21.401455640792847
BitcoinTransactions,30,19,14,0.8,0.5,5,0.05203525599732001,0.0,1.0,21.972915172576904
BitcoinTransactions,30,19,15,0.85,0.5,1,0.05203525599732001,0.0,1.0,22.01242709159851
BitcoinTransactions,30,19,15,0.85,0.5,2,0.05203525599732001,0.0,1.0,22.02641773223877
BitcoinTransactions,30,19,15,0.85,0.5,3,0.05203525599732001,0.0,1.0,22.125545263290405
BitcoinTransactions,30,19,15,0.85,0.5,4,0.05203525599732001,0.0,1.0,22.194901704788208
BitcoinTransactions,30,19,15,0.85,0.5,5,0.051636815018391354,0.0,0.9826994021116906,21.994075536727905
BitcoinTransactions,30,19,16,0.9,0.5,1,0.05203525599732001,0.0,1.0,21.974977731704712
BitcoinTransactions,30,19,16,0.9,0.5,2,0.05203525599732001,0.0,1.0,21.95773148536682
BitcoinTransactions,30,19,16,0.9,0.5,3,0.05203525599732001,0.0,1.0,22.099733591079712
BitcoinTransactions,30,19,16,0.9,0.5,4,0.051810603528357216,0.0,0.9959292710851037,22.030312538146973
BitcoinTransactions,30,19,16,0.9,0.5,5,0.05203525599732001,0.0,1.0,22.014503717422485
BitcoinTransactions,30,19,17,0.95,0.5,1,0.051854771529769327,0.0,0.9956748505279227,22.046249628067017
BitcoinTransactions,30,19,17,0.95,0.5,2,0.05176093973459496,0.0,0.9933850655132934,21.94859266281128
BitcoinTransactions,30,19,17,0.95,0.5,3,0.05203525599732001,0.0,1.0,22.04189372062683
BitcoinTransactions,30,19,17,0.95,0.5,4,0.05203525599732001,0.0,1.0,22.09989333152771
BitcoinTransactions,30,19,17,0.95,0.5,5,0.05203525599732001,0.0,1.0,22.0953471660614
BitcoinTransactions,30,19,18,1,0.5,1,0.05203525599732001,0.0,1.0,21.989869832992554
BitcoinTransactions,30,19,18,1,0.5,2,0.05203525599732001,0.0,1.0,21.950643062591553
BitcoinTransactions,30,19,18,1,0.5,3,0.05203525599732001,0.0,1.0,23.046465635299683
BitcoinTransactions,30,19,18,1,0.5,4,0.05203525599732001,0.0,1.0,22.802544355392456
BitcoinTransactions,30,19,18,1,0.5,5,0.05203525599732001,0.0,1.0,24.192659854888916
BitcoinTransactions,31,14,0,0,,1,0.05203525599732001,0.0,1.0,
BitcoinTransactions,31,14,0,0,,2,0.05203525599732001,0.0,1.0,
BitcoinTransactions,31,14,0,0,,3,0.05203525599732001,0.0,1.0,
BitcoinTransactions,31,14,0,0,,4,0.05203525599732001,0.0,1.0,
BitcoinTransactions,31,14,0,0,,5,0.05203525599732001,0.0,1.0,
BitcoinTransactions,31,14,0,0.01,0.5,1,0.05161502541197957,0.0,0.9865242817187897,22.488701820373535
BitcoinTransactions,31,14,0,0.01,0.5,2,0.053294365683269854,0.14285714285714285,1.0,22.047006845474243
BitcoinTransactions,31,14,0,0.01,0.5,3,0.05203525599732001,0.0,1.0,21.875701189041138
BitcoinTransactions,31,14,0,0.01,0.5,4,0.05203525599732001,0.0,1.0,21.602353811264038
BitcoinTransactions,31,14,0,0.01,0.5,5,0.051996659792633695,0.07692307692307693,1.0,21.69162654876709
BitcoinTransactions,31,14,1,0.05,0.5,1,0.05192116702029027,0.0,0.9958047292143402,21.520178079605103
BitcoinTransactions,31,14,1,0.05,0.5,2,0.05203525599732001,0.0,1.0,21.980584383010864
BitcoinTransactions,31,14,1,0.05,0.5,3,0.05354988881330342,0.09090909090909091,1.0,21.511698246002197
BitcoinTransactions,31,14,1,0.05,0.5,4,0.05151119761219232,0.0,0.9814391050088991,22.5302734375
BitcoinTransactions,31,14,1,0.05,0.5,5,0.05203525599732001,0.0,1.0,21.491992235183716
BitcoinTransactions,31,14,1,0.1,0.5,1,0.05203525599732001,0.0,1.0,21.385899543762207
BitcoinTransactions,31,14,1,0.1,0.5,2,0.05307325645025506,0.041666666666666664,0.9368166793796084,21.447046756744385
BitcoinTransactions,31,14,1,0.1,0.5,3,0.05203525599732001,0.0,1.0,21.600395441055298
BitcoinTransactions,31,14,1,0.1,0.5,4,0.05203525599732001,0.0,1.0,22.72451615333557
BitcoinTransactions,31,14,1,0.1,0.5,5,0.05203525599732001,0.0,1.0,22.908727407455444
BitcoinTransactions,31,14,2,0.15,0.5,1,0.05203525599732001,0.0,1.0,21.818203449249268
BitcoinTransactions,31,14,2,0.15,0.5,2,0.05203525599732001,0.0,1.0,20.754997968673706
BitcoinTransactions,31,14,2,0.15,0.5,3,0.05203525599732001,0.0,1.0,20.962043285369873
BitcoinTransactions,31,14,2,0.15,0.5,4,0.05203525599732001,0.0,1.0,20.696412086486816
BitcoinTransactions,31,14,2,0.15,0.5,5,0.05203525599732001,0.0,1.0,22.298522233963013
BitcoinTransactions,31,14,3,0.2,0.5,1,0.05203525599732001,0.0,1.0,20.957576513290405
BitcoinTransactions,31,14,3,0.2,0.5,2,0.053033160303376785,0.07692307692307693,1.0,20.40251398086548
BitcoinTransactions,31,14,3,0.2,0.5,3,0.05203525599732001,0.0,1.0,20.73188614845276
BitcoinTransactions,31,14,3,0.2,0.5,4,0.05203525599732001,0.0,1.0,20.81852102279663
BitcoinTransactions,31,14,3,0.2,0.5,5,0.05216710638252474,0.08333333333333333,1.0,22.37279772758484
BitcoinTransactions,31,14,3,0.25,0.5,1,0.05203525599732001,0.0,1.0,22.268896341323853
BitcoinTransactions,31,14,3,0.25,0.5,2,0.05203525599732001,0.0,1.0,20.58918786048889
BitcoinTransactions,31,14,3,0.25,0.5,3,0.05203525599732001,0.0,1.0,20.78820514678955
BitcoinTransactions,31,14,3,0.25,0.5,4,0.05203525599732001,0.0,1.0,21.00806474685669
BitcoinTransactions,31,14,3,0.25,0.5,5,0.05156151306082425,0.0,0.9834731756928553,20.637303829193115
BitcoinTransactions,31,14,4,0.3,0.5,1,0.05203525599732001,0.0,1.0,22.64139986038208
BitcoinTransactions,31,14,4,0.3,0.5,2,0.05203525599732001,0.0,1.0,22.116331100463867
BitcoinTransactions,31,14,4,0.3,0.5,3,0.05203525599732001,0.0,1.0,22.06947135925293
BitcoinTransactions,31,14,4,0.3,0.5,4,0.05203525599732001,0.0,1.0,21.937702894210815
BitcoinTransactions,31,14,4,0.3,0.5,5,0.052124845465530666,0.0,0.9371980676328503,22.024698495864868
BitcoinTransactions,31,14,5,0.35,0.5,1,0.05203525599732001,0.0,1.0,21.547930479049683
BitcoinTransactions,31,14,5,0.35,0.5,2,0.05333831069403212,0.125,1.0,23.818822860717773
BitcoinTransactions,31,14,5,0.35,0.5,3,0.05203525599732001,0.0,1.0,21.870882511138916
BitcoinTransactions,31,14,5,0.35,0.5,4,0.05203525599732001,0.0,1.0,21.751888275146484
BitcoinTransactions,31,14,5,0.35,0.5,5,0.05173039839171698,0.0,0.988558352402746,22.25721287727356
BitcoinTransactions,31,14,5,0.4,0.5,1,0.05203525599732001,0.0,1.0,21.81021785736084
BitcoinTransactions,31,14,5,0.4,0.5,2,0.05203525599732001,0.0,1.0,23.666502475738525
BitcoinTransactions,31,14,5,0.4,0.5,3,0.05203525599732001,0.0,1.0,22.139727354049683
BitcoinTransactions,31,14,5,0.4,0.5,4,0.05203525599732001,0.0,1.0,22.056137800216675
BitcoinTransactions,31,14,5,0.4,0.5,5,0.05203525599732001,0.0,1.0,22.120458364486694
BitcoinTransactions,31,14,6,0.45,0.5,1,0.05203525599732001,0.0,1.0,22.153804302215576
BitcoinTransactions,31,14,6,0.45,0.5,2,0.05203525599732001,0.0,1.0,23.72361397743225
BitcoinTransactions,31,14,6,0.45,0.5,3,0.05203525599732001,0.0,1.0,22.2379093170166
BitcoinTransactions,31,14,6,0.45,0.5,4,0.05199851599824495,0.0,0.9993643529112637,21.863860368728638
BitcoinTransactions,31,14,6,0.45,0.5,5,0.0527170075807905,0.0,0.8788456648868548,21.66951823234558
BitcoinTransactions,31,14,6,0.5,0.5,1,0.051880290438424036,0.0,0.9965675057208238,21.97645878791809
BitcoinTransactions,31,14,6,0.5,0.5,2,0.05203525599732001,0.0,1.0,23.330881118774414
BitcoinTransactions,31,14,6,0.5,0.5,3,0.05203525599732001,0.0,1.0,22.819124460220337
BitcoinTransactions,31,14,6,0.5,0.5,4,0.051345593368712444,0.07692307692307693,1.0,21.73336887359619
BitcoinTransactions,31,14,6,0.5,0.5,5,0.051942173594423706,0.0,0.9972031528095602,21.8248450756073
BitcoinTransactions,31,14,7,0.55,0.5,1,0.05203525599732001,0.0,1.0,22.401156425476074
BitcoinTransactions,31,14,7,0.55,0.5,2,0.05203525599732001,0.0,1.0,21.672955751419067
BitcoinTransactions,31,14,7,0.55,0.5,3,0.05203525599732001,0.0,1.0,23.04655647277832
BitcoinTransactions,31,14,7,0.55,0.5,4,0.05203525599732001,0.0,1.0,21.80378746986389
BitcoinTransactions,31,14,7,0.55,0.5,5,0.05203525599732001,0.0,1.0,21.645603895187378
BitcoinTransactions,31,14,8,0.6,0.5,1,0.05203525599732001,0.0,1.0,23.142150163650513
BitcoinTransactions,31,14,8,0.6,0.5,2,0.052019313694126434,0.0,0.9998728705822527,22.630481243133545
BitcoinTransactions,31,14,8,0.6,0.5,3,0.05203525599732001,0.0,1.0,23.081350326538086
BitcoinTransactions,31,14,8,0.6,0.5,4,0.05203525599732001,0.0,1.0,23.026498317718506
BitcoinTransactions,31,14,8,0.6,0.5,5,0.05394289573350536,0.1111111111111111,1.0,23.0877525806427
BitcoinTransactions,31,14,8,0.65,0.5,1,0.05203525599732001,0.0,1.0,23.064926862716675
BitcoinTransactions,31,14,8,0.65,0.5,2,0.05203525599732001,0.0,1.0,22.856257677078247
BitcoinTransactions,31,14,8,0.65,0.5,3,0.05203525599732001,0.0,1.0,22.652716875076294
BitcoinTransactions,31,14,8,0.65,0.5,4,0.0520286819795334,0.0,0.9998728705822527,22.462610006332397
BitcoinTransactions,31,14,8,0.65,0.5,5,0.05203525599732001,0.0,1.0,22.408622980117798
BitcoinTransactions,31,14,9,0.7,0.5,1,0.05203525599732001,0.0,1.0,21.971247673034668
BitcoinTransactions,31,14,9,0.7,0.5,2,0.05191533922420571,0.0,0.9964403763030766,22.26042652130127
BitcoinTransactions,31,14,9,0.7,0.5,3,0.05183824893770511,0.0,0.9506737859140605,22.033740043640137
BitcoinTransactions,31,14,9,0.7,0.5,4,0.05203525599732001,0.0,1.0,22.835246562957764
BitcoinTransactions,31,14,9,0.7,0.5,5,0.05137277705362283,0.0,0.9825832697686244,21.912269353866577
BitcoinTransactions,31,14,10,0.75,0.5,1,0.05198455124860552,0.0,0.9987287058225274,21.67936396598816
BitcoinTransactions,31,14,10,0.75,0.5,2,0.05203525599732001,0.0,1.0,21.837672233581543
BitcoinTransactions,31,14,10,0.75,0.5,3,0.05203525599732001,0.0,1.0,21.733226776123047
BitcoinTransactions,31,14,10,0.75,0.5,4,0.05143661365541909,0.0,0.9816933638443935,21.631683349609375
BitcoinTransactions,31,14,10,0.75,0.5,5,0.05203525599732001,0.0,1.0,21.65937638282776
BitcoinTransactions,31,14,10,0.8,0.5,1,0.05203525599732001,0.0,1.0,21.482900142669678
BitcoinTransactions,31,14,10,0.8,0.5,2,0.05203525599732001,0.0,1.0,21.428669214248657
BitcoinTransactions,31,14,10,0.8,0.5,3,0.05203525599732001,0.0,1.0,21.62864112854004
BitcoinTransactions,31,14,10,0.8,0.5,4,0.05203525599732001,0.0,1.0,22.31682825088501
BitcoinTransactions,31,14,10,0.8,0.5,5,0.05203525599732001,0.0,1.0,22.910723209381104
BitcoinTransactions,31,14,11,0.85,0.5,1,0.05203525599732001,0.0,1.0,21.222384929656982
BitcoinTransactions,31,14,11,0.85,0.5,2,0.05203525599732001,0.0,1.0,21.335423231124878
BitcoinTransactions,31,14,11,0.85,0.5,3,0.051952843674697435,0.0,0.9984744469870328,22.09309959411621
BitcoinTransactions,31,14,11,0.85,0.5,4,0.05295385231803227,0.08333333333333333,1.0,21.945703506469727
BitcoinTransactions,31,14,11,0.85,0.5,5,0.05203525599732001,0.0,1.0,22.82851815223694
BitcoinTransactions,31,14,12,0.9,0.5,1,0.05203525599732001,0.0,1.0,21.408631086349487
BitcoinTransactions,31,14,12,0.9,0.5,2,0.051969777926651896,0.0,0.9972031528095602,21.294959783554077
BitcoinTransactions,31,14,12,0.9,0.5,3,0.051652068096207364,0.0,0.9919908466819222,21.116875886917114
BitcoinTransactions,31,14,12,0.9,0.5,4,0.05203525599732001,0.0,1.0,22.535327672958374
BitcoinTransactions,31,14,12,0.9,0.5,5,0.051721917331215186,0.0,0.9927536231884058,21.66122269630432
BitcoinTransactions,31,14,12,0.95,0.5,1,0.05203525599732001,0.0,1.0,23.949494123458862
BitcoinTransactions,31,14,12,0.95,0.5,2,0.05203525599732001,0.0,1.0,21.33567190170288
BitcoinTransactions,31,14,12,0.95,0.5,3,0.05308249173889467,0.09090909090909091,1.0,21.098973274230957
BitcoinTransactions,31,14,12,0.95,0.5,4,0.05203525599732001,0.0,1.0,21.04298424720764
BitcoinTransactions,31,14,12,0.95,0.5,5,0.052589588882725705,0.0,0.8494787693872362,21.127628803253174
BitcoinTransactions,31,14,13,1,0.5,1,0.05255701433172883,0.05,0.9977116704805492,21.230629682540894
BitcoinTransactions,31,14,13,1,0.5,2,0.05203525599732001,0.0,1.0,22.15151309967041
BitcoinTransactions,31,14,13,1,0.5,3,0.05203525599732001,0.0,1.0,22.553266048431396
BitcoinTransactions,31,14,13,1,0.5,4,0.051656822749474494,0.0,0.992372234935164,21.974396228790283
BitcoinTransactions,31,14,13,1,0.5,5,0.05203525599732001,0.0,1.0,22.364235401153564
BitcoinTransactions,32,18,0,0,,1,0.05203525599732001,0.0,1.0,
BitcoinTransactions,32,18,0,0,,2,0.05203525599732001,0.0,1.0,
BitcoinTransactions,32,18,0,0,,3,0.05203525599732001,0.0,1.0,
BitcoinTransactions,32,18,0,0,,4,0.05203525599732001,0.0,1.0,
BitcoinTransactions,32,18,0,0,,5,0.05203525599732001,0.0,1.0,
BitcoinTransactions,32,18,0,0.01,0.5,1,0.05203525599732001,0.0,1.0,21.342572927474976
BitcoinTransactions,32,18,0,0.01,0.5,2,0.05203525599732001,0.0,1.0,22.029609203338623
BitcoinTransactions,32,18,0,0.01,0.5,3,0.05201348430979921,0.0,0.9994912236072246,21.13569712638855
BitcoinTransactions,32,18,0,0.01,0.5,4,0.051989923619194904,0.0,0.999236835410837,21.21235203742981
BitcoinTransactions,32,18,0,0.01,0.5,5,0.05203525599732001,0.0,1.0,20.749870538711548
BitcoinTransactions,32,18,1,0.05,0.5,1,0.05203525599732001,0.0,1.0,21.776899099349976
BitcoinTransactions,32,18,1,0.05,0.5,2,0.05203525599732001,0.0,1.0,21.38296914100647
BitcoinTransactions,32,18,1,0.05,0.5,3,0.05203525599732001,0.0,1.0,21.787853240966797
BitcoinTransactions,32,18,1,0.05,0.5,4,0.05203525599732001,0.0,1.0,21.297306537628174
BitcoinTransactions,32,18,1,0.05,0.5,5,0.052907747332537454,0.058823529411764705,1.0,21.41001605987549
BitcoinTransactions,32,18,2,0.1,0.5,1,0.05203525599732001,0.0,1.0,21.436145782470703
BitcoinTransactions,32,18,2,0.1,0.5,2,0.052758771397335924,0.038461538461538464,0.9991096413126431,21.08794093132019
BitcoinTransactions,32,18,2,0.1,0.5,3,0.05203525599732001,0.0,1.0,21.560686826705933
BitcoinTransactions,32,18,2,0.1,0.5,4,0.05309383256879149,0.09090909090909091,1.0,21.67479968070984
BitcoinTransactions,32,18,2,0.1,0.5,5,0.05203525599732001,0.0,1.0,22.011844396591187
BitcoinTransactions,32,18,3,0.15,0.5,1,0.0533606418597778,0.07692307692307693,1.0,21.287020921707153
BitcoinTransactions,32,18,3,0.15,0.5,2,0.05203525599732001,0.0,1.0,21.521464824676514
BitcoinTransactions,32,18,3,0.15,0.5,3,0.05203525599732001,0.0,1.0,21.438907384872437
BitcoinTransactions,32,18,3,0.15,0.5,4,0.05203525599732001,0.0,1.0,21.453028202056885
BitcoinTransactions,32,18,3,0.15,0.5,5,0.05203525599732001,0.0,1.0,21.36985683441162
BitcoinTransactions,32,18,3,0.2,0.5,1,0.052774124893443394,0.015625,0.9928771305011448,21.76103401184082
BitcoinTransactions,32,18,3,0.2,0.5,2,0.05203525599732001,0.0,1.0,23.089298248291016
BitcoinTransactions,32,18,3,0.2,0.5,3,0.05203525599732001,0.0,1.0,23.652610778808594
BitcoinTransactions,32,18,3,0.2,0.5,4,0.05203525599732001,0.0,1.0,23.67708706855774
BitcoinTransactions,32,18,3,0.2,0.5,5,0.05203525599732001,0.0,1.0,22.82570719718933
BitcoinTransactions,32,18,4,0.25,0.5,1,0.05263088861615958,0.07692307692307693,1.0,22.532568216323853
BitcoinTransactions,32,18,4,0.25,0.5,2,0.0529502330514184,0.058823529411764705,1.0,23.106220483779907
BitcoinTransactions,32,18,4,0.25,0.5,3,0.05203525599732001,0.0,1.0,21.80535364151001
BitcoinTransactions,32,18,4,0.25,0.5,4,0.051931595704972064,0.0,0.9973289239379293,21.700024604797363
BitcoinTransactions,32,18,4,0.25,0.5,5,0.05203525599732001,0.0,1.0,21.73965287208557
BitcoinTransactions,32,18,5,0.3,0.5,1,0.05203525599732001,0.0,1.0,21.769295930862427
BitcoinTransactions,32,18,5,0.3,0.5,2,0.05203525599732001,0.0,1.0,21.593801736831665
BitcoinTransactions,32,18,5,0.3,0.5,3,0.05203525599732001,0.0,1.0,21.546911239624023
BitcoinTransactions,32,18,5,0.3,0.5,4,0.052021334115723517,0.0,0.9996184177054185,21.899001836776733
BitcoinTransactions,32,18,5,0.3,0.5,5,0.05203525599732001,0.0,1.0,22.029604196548462
BitcoinTransactions,32,18,6,0.35,0.5,1,0.05203525599732001,0.0,1.0,21.025852918624878
BitcoinTransactions,32,18,6,0.35,0.5,2,0.05203525599732001,0.0,1.0,21.384610891342163
BitcoinTransactions,32,18,6,0.35,0.5,3,0.05203525599732001,0.0,1.0,21.726185083389282
BitcoinTransactions,32,18,6,0.35,0.5,4,0.05203525599732001,0.0,1.0,21.533211946487427
BitcoinTransactions,32,18,6,0.35,0.5,5,0.05248797071794734,0.06666666666666667,1.0,21.38348150253296
BitcoinTransactions,32,18,7,0.4,0.5,1,0.05203525599732001,0.0,1.0,21.448939561843872
BitcoinTransactions,32,18,7,0.4,0.5,2,0.05203525599732001,0.0,1.0,21.376787900924683
BitcoinTransactions,32,18,7,0.4,0.5,3,0.05203525599732001,0.0,1.0,20.843687534332275
BitcoinTransactions,32,18,7,0.4,0.5,4,0.05203525599732001,0.0,1.0,20.748719692230225
BitcoinTransactions,32,18,7,0.4,0.5,5,0.05203525599732001,0.0,1.0,20.512492895126343
BitcoinTransactions,32,18,8,0.45,0.5,1,0.05195670609285099,0.0,0.99834647672348,21.291193962097168
BitcoinTransactions,32,18,8,0.45,0.5,2,0.05203987934741692,0.0,0.9998728059018062,20.91214418411255
BitcoinTransactions,32,18,8,0.45,0.5,3,0.05316048044979508,0.044444444444444446,0.9843551259221572,20.052125215530396
BitcoinTransactions,32,18,8,0.45,0.5,4,0.05203525599732001,0.0,1.0,20.82276701927185
BitcoinTransactions,32,18,8,0.45,0.5,5,0.05203525599732001,0.0,1.0,21.493520498275757
BitcoinTransactions,32,18,8,0.5,0.5,1,0.05203525599732001,0.0,1.0,21.138307571411133
BitcoinTransactions,32,18,8,0.5,0.5,2,0.05203525599732001,0.0,1.0,21.763083934783936
BitcoinTransactions,32,18,8,0.5,0.5,3,0.05258227412800114,0.038461538461538464,0.9610786059526838,20.428017139434814
BitcoinTransactions,32,18,8,0.5,0.5,4,0.05153702408440909,0.0,0.9797761383871788,20.79302954673767
BitcoinTransactions,32,18,8,0.5,0.5,5,0.05203747831072182,0.0,0.9998728059018062,21.225191116333008
BitcoinTransactions,32,18,9,0.55,0.5,1,0.05203525599732001,0.0,1.0,20.543346405029297
BitcoinTransactions,32,18,9,0.55,0.5,2,0.05203525599732001,0.0,1.0,20.31558060646057
BitcoinTransactions,32,18,9,0.55,0.5,3,0.05203525599732001,0.0,1.0,20.717613458633423
BitcoinTransactions,32,18,9,0.55,0.5,4,0.05203525599732001,0.0,1.0,20.587791919708252
BitcoinTransactions,32,18,9,0.55,0.5,5,0.05175617380905773,0.029411764705882353,0.9931315186975325,21.415597200393677
BitcoinTransactions,32,18,10,0.6,0.5,1,0.05202838569271562,0.0,0.9998728059018062,21.48509645462036
BitcoinTransactions,32,18,10,0.6,0.5,2,0.05203525599732001,0.0,1.0,20.849222421646118
BitcoinTransactions,32,18,10,0.6,0.5,3,0.05203525599732001,0.0,1.0,21.894733667373657
BitcoinTransactions,32,18,10,0.6,0.5,4,0.05203525599732001,0.0,1.0,20.79138994216919
BitcoinTransactions,32,18,10,0.6,0.5,5,0.05203525599732001,0.0,1.0,21.41017460823059
BitcoinTransactions,32,18,11,0.65,0.5,1,0.05203525599732001,0.0,1.0,21.324609994888306
BitcoinTransactions,32,18,11,0.65,0.5,2,0.05203525599732001,0.0,1.0,21.519856214523315
BitcoinTransactions,32,18,11,0.65,0.5,3,0.05166408364952958,0.0,0.9688374459425083,20.817094326019287
BitcoinTransactions,32,18,11,0.65,0.5,4,0.05203525599732001,0.0,1.0,20.832597732543945
BitcoinTransactions,32,18,11,0.65,0.5,5,0.05203525599732001,0.0,1.0,20.619595050811768
BitcoinTransactions,32,18,12,0.7,0.5,1,0.05238077272819278,0.05555555555555555,0.9993640295090308,20.24807095527649
BitcoinTransactions,32,18,12,0.7,0.5,2,0.05201318046404793,0.0,0.9996184177054185,20.96205425262451
BitcoinTransactions,32,18,12,0.7,0.5,3,0.05199165120479706,0.0,0.99834647672348,20.484237670898438
BitcoinTransactions,32,18,12,0.7,0.5,4,0.05203525599732001,0.0,1.0,20.249225854873657
BitcoinTransactions,32,18,12,0.7,0.5,5,0.05168871005211304,0.058823529411764705,1.0,20.50235891342163
BitcoinTransactions,32,18,13,0.75,0.5,1,0.05203525599732001,0.0,1.0,20.829460382461548
BitcoinTransactions,32,18,13,0.75,0.5,2,0.05203525599732001,0.0,1.0,20.473862886428833
BitcoinTransactions,32,18,13,0.75,0.5,3,0.05203525599732001,0.0,1.0,20.536327838897705
BitcoinTransactions,32,18,13,0.75,0.5,4,0.052829801326771605,0.038461538461538464,0.9978377003307046,20.412540197372437
BitcoinTransactions,32,18,13,0.75,0.5,5,0.053254849152197754,0.07692307692307693,1.0,20.606043577194214
BitcoinTransactions,32,18,14,0.8,0.5,1,0.05203525599732001,0.0,1.0,20.54707980155945
BitcoinTransactions,32,18,14,0.8,0.5,2,0.05180525699268919,0.0,0.9923683541083693,21.233104705810547
BitcoinTransactions,32,18,14,0.8,0.5,3,0.05203525599732001,0.0,1.0,20.841259241104126
BitcoinTransactions,32,18,14,0.8,0.5,4,0.05226200494844021,0.03125,0.9785041974052404,20.65629243850708
BitcoinTransactions,32,18,14,0.8,0.5,5,0.05188927697402733,0.0,0.9955482065632155,20.746861219406128
BitcoinTransactions,32,18,14,0.85,0.5,1,0.05273859576265047,0.038461538461538464,0.9998728059018062,20.7522714138031
BitcoinTransactions,32,18,14,0.85,0.5,2,0.05203525599732001,0.0,1.0,21.221386671066284
BitcoinTransactions,32,18,14,0.85,0.5,3,0.05333605578013618,0.0,0.8057746120580005,20.559292316436768
BitcoinTransactions,32,18,14,0.85,0.5,4,0.05344621221684694,0.08333333333333333,1.0,20.84165930747986
BitcoinTransactions,32,18,14,0.85,0.5,5,0.05203525599732001,0.0,1.0,20.942732572555542
BitcoinTransactions,32,18,15,0.9,0.5,1,0.05203525599732001,0.0,1.0,21.1505343914032
BitcoinTransactions,32,18,15,0.9,0.5,2,0.05203525599732001,0.0,1.0,21.197279930114746
BitcoinTransactions,32,18,15,0.9,0.5,3,0.05164641022079567,0.0,0.9858814551004833,21.135066270828247
BitcoinTransactions,32,18,15,0.9,0.5,4,0.05203525599732001,0.0,1.0,21.714906454086304
BitcoinTransactions,32,18,15,0.9,0.5,5,0.051936929334266066,0.0,0.9972017298397354,21.21237850189209
BitcoinTransactions,32,18,16,0.95,0.5,1,0.05203525599732001,0.0,1.0,21.245123386383057
BitcoinTransactions,32,18,16,0.95,0.5,2,0.05181013374061363,0.0,0.9945306537776647,21.190882921218872
BitcoinTransactions,32,18,16,0.95,0.5,3,0.05203525599732001,0.0,1.0,22.59991431236267
BitcoinTransactions,32,18,16,0.95,0.5,4,0.052654431442428026,0.058823529411764705,1.0,22.934346914291382
BitcoinTransactions,32,18,16,0.95,0.5,5,0.052853765184153335,0.1111111111111111,1.0,22.771063089370728
BitcoinTransactions,32,18,17,1,0.5,1,0.05191155968203543,0.0,0.9966929534469601,21.939547777175903
BitcoinTransactions,32,18,17,1,0.5,2,0.05203525599732001,0.0,1.0,21.965206623077393
BitcoinTransactions,32,18,17,1,0.5,3,0.05203525599732001,0.0,1.0,21.793147802352905
BitcoinTransactions,32,18,17,1,0.5,4,0.05165183665491337,0.0,0.9601882472653269,21.575834035873413
BitcoinTransactions,32,18,17,1,0.5,5,0.05203525599732001,0.0,1.0,21.577922821044922
BitcoinTransactions,33,14,0,0,,1,0.05203525599732001,0.0,1.0,
BitcoinTransactions,33,14,0,0,,2,0.05203525599732001,0.0,1.0,
BitcoinTransactions,33,14,0,0,,3,0.05203525599732001,0.0,1.0,
BitcoinTransactions,33,14,0,0,,4,0.05203525599732001,0.0,1.0,
BitcoinTransactions,33,14,0,0,,5,0.05203525599732001,0.0,1.0,
BitcoinTransactions,33,14,0,0.01,0.5,1,0.05203525599732001,0.0,1.0,21.54920244216919
BitcoinTransactions,33,14,0,0.01,0.5,2,0.05203525599732001,0.0,1.0,22.76464009284973
BitcoinTransactions,33,14,0,0.01,0.5,3,0.051585879776414205,0.0,0.9799135519959319,22.840643405914307
BitcoinTransactions,33,14,0,0.01,0.5,4,0.05362401647008295,0.1111111111111111,1.0,22.450931787490845
BitcoinTransactions,33,14,0,0.01,0.5,5,0.05203525599732001,0.0,1.0,21.917271375656128
BitcoinTransactions,33,14,1,0.05,0.5,1,0.05199180528855478,0.0,0.9992372234935164,21.536353826522827
BitcoinTransactions,33,14,1,0.05,0.5,2,0.051983377651146676,0.0,0.9983473175692855,21.566408157348633
BitcoinTransactions,33,14,1,0.05,0.5,3,0.05203525599732001,0.0,1.0,22.36889958381653
BitcoinTransactions,33,14,1,0.05,0.5,4,0.05203525599732001,0.0,1.0,21.647817373275757
BitcoinTransactions,33,14,1,0.05,0.5,5,0.05341027581385269,0.1111111111111111,1.0,22.948960065841675
BitcoinTransactions,33,14,1,0.1,0.5,1,0.05203525599732001,0.0,1.0,22.706674337387085
BitcoinTransactions,33,14,1,0.1,0.5,2,0.05203525599732001,0.0,1.0,22.787075519561768
BitcoinTransactions,33,14,1,0.1,0.5,3,0.05296093863694235,0.05555555555555555,0.999491482329011,21.261553287506104
BitcoinTransactions,33,14,1,0.1,0.5,4,0.05203525599732001,0.0,1.0,21.597902536392212
BitcoinTransactions,33,14,1,0.1,0.5,5,0.05203525599732001,0.0,1.0,21.943567991256714
BitcoinTransactions,33,14,2,0.15,0.5,1,0.05203525599732001,0.0,1.0,21.68884801864624
BitcoinTransactions,33,14,2,0.15,0.5,2,0.05174074509304984,0.07692307692307693,1.0,21.86087155342102
BitcoinTransactions,33,14,2,0.15,0.5,3,0.05226093094331318,0.019230769230769232,0.9731756928553267,22.543872117996216
BitcoinTransactions,33,14,2,0.15,0.5,4,0.05253696291413613,0.1,1.0,22.875988721847534
BitcoinTransactions,33,14,2,0.15,0.5,5,0.05290232030784913,0.0,0.8789727943046021,23.117356777191162
BitcoinTransactions,33,14,3,0.2,0.5,1,0.05393653499875905,0.08333333333333333,0.9998728705822527,23.018585681915283
BitcoinTransactions,33,14,3,0.2,0.5,2,0.052754272529269064,0.03333333333333333,0.9813119755911518,23.559830904006958
BitcoinTransactions,33,14,3,0.2,0.5,3,0.052032366787006734,0.0,0.9998728705822527,23.200275182724
BitcoinTransactions,33,14,3,0.2,0.5,4,0.052940684819264804,0.1,1.0,22.643304586410522
BitcoinTransactions,33,14,3,0.2,0.5,5,0.05272355287574433,0.041666666666666664,0.9977116704805492,22.28290557861328
BitcoinTransactions,33,14,3,0.25,0.5,1,0.05203525599732001,0.0,1.0,22.689096927642822
BitcoinTransactions,33,14,3,0.25,0.5,2,0.05203525599732001,0.0,1.0,22.62842345237732
BitcoinTransactions,33,14,3,0.25,0.5,3,0.05203525599732001,0.0,1.0,22.62985062599182
BitcoinTransactions,33,14,3,0.25,0.5,4,0.05203525599732001,0.0,1.0,23.05485773086548
BitcoinTransactions,33,14,3,0.25,0.5,5,0.05203525599732001,0.0,1.0,23.47589659690857
BitcoinTransactions,33,14,4,0.3,0.5,1,0.051791545583314516,0.0,0.995677599796593,23.291892766952515
BitcoinTransactions,33,14,4,0.3,0.5,2,0.052321460162674686,0.045454545454545456,0.983346046275108,22.635782718658447
BitcoinTransactions,33,14,4,0.3,0.5,3,0.05198859197171366,0.0,0.9996186117467581,22.679956197738647
BitcoinTransactions,33,14,4,0.3,0.5,4,0.05203525599732001,0.0,1.0,22.615846633911133
BitcoinTransactions,33,14,4,0.3,0.5,5,0.051903624083398096,0.0,0.9972031528095602,22.77001643180847
BitcoinTransactions,33,14,5,0.35,0.5,1,0.05203525599732001,0.0,1.0,22.619389533996582
BitcoinTransactions,33,14,5,0.35,0.5,2,0.05201931369412644,0.0,0.9998728705822527,22.828185081481934
BitcoinTransactions,33,14,5,0.35,0.5,3,0.05198014774120638,0.0,0.9993643529112637,23.201589822769165
BitcoinTransactions,33,14,5,0.35,0.5,4,0.05203525599732001,0.0,1.0,22.613455295562744
BitcoinTransactions,33,14,5,0.35,0.5,5,0.05275736991258998,0.038461538461538464,0.9998728705822527,21.501885890960693
BitcoinTransactions,33,14,5,0.4,0.5,1,0.05203525599732001,0.0,1.0,21.703158378601074
BitcoinTransactions,33,14,5,0.4,0.5,2,0.05203525599732001,0.0,1.0,21.604553937911987
BitcoinTransactions,33,14,5,0.4,0.5,3,0.05217121458982354,0.0,0.9316043732519705,21.47163414955139
BitcoinTransactions,33,14,5,0.4,0.5,4,0.05203525599732001,0.0,1.0,21.921687602996826
BitcoinTransactions,33,14,5,0.4,0.5,5,0.05185345088523129,0.0,0.9965675057208238,22.06004548072815
BitcoinTransactions,33,14,6,0.45,0.5,1,0.05203525599732001,0.0,1.0,22.761089086532593
BitcoinTransactions,33,14,6,0.45,0.5,2,0.05203525599732001,0.0,1.0,23.646119356155396
BitcoinTransactions,33,14,6,0.45,0.5,3,0.05203525599732001,0.0,1.0,23.272690773010254
BitcoinTransactions,33,14,6,0.45,0.5,4,0.05182924390475914,0.0,0.9951690821256038,23.369656085968018
BitcoinTransactions,33,14,6,0.45,0.5,5,0.05196552491566827,0.02564102564102564,0.9314772438342233,22.360737323760986
BitcoinTransactions,33,14,6,0.5,0.5,1,0.05203525599732001,0.0,1.0,21.787500619888306
BitcoinTransactions,33,14,6,0.5,0.5,2,0.05203525599732001,0.0,1.0,21.89057755470276
BitcoinTransactions,33,14,6,0.5,0.5,3,0.05203525599732001,0.0,1.0,21.612253665924072
BitcoinTransactions,33,14,6,0.5,0.5,4,0.05203525599732001,0.0,1.0,22.162029266357422
BitcoinTransactions,33,14,6,0.5,0.5,5,0.05193819849331887,0.0,0.9969488939740656,21.668256759643555
BitcoinTransactions,33,14,7,0.55,0.5,1,0.05203525599732001,0.0,1.0,22.29756450653076
BitcoinTransactions,33,14,7,0.55,0.5,2,0.05203525599732001,0.0,1.0,22.668755292892456
BitcoinTransactions,33,14,7,0.55,0.5,3,0.05203525599732001,0.0,1.0,22.979684591293335
BitcoinTransactions,33,14,7,0.55,0.5,4,0.05203525599732001,0.0,1.0,21.939151287078857
BitcoinTransactions,33,14,7,0.55,0.5,5,0.05203525599732001,0.0,1.0,21.75463032722473
BitcoinTransactions,33,14,8,0.6,0.5,1,0.05143957775296192,0.0,0.982837528604119,21.690258026123047
BitcoinTransactions,33,14,8,0.6,0.5,2,0.05203525599732001,0.0,1.0,21.655834436416626
BitcoinTransactions,33,14,8,0.6,0.5,3,0.05203525599732001,0.0,1.0,21.918473720550537
BitcoinTransactions,33,14,8,0.6,0.5,4,0.05203525599732001,0.0,1.0,21.848198413848877
BitcoinTransactions,33,14,8,0.6,0.5,5,0.05203525599732001,0.0,1.0,21.72169804573059
BitcoinTransactions,33,14,8,0.65,0.5,1,0.05203525599732001,0.0,1.0,21.82133722305298
BitcoinTransactions,33,14,8,0.65,0.5,2,0.052649351741020894,0.08333333333333333,1.0,21.657084465026855
BitcoinTransactions,33,14,8,0.65,0.5,3,0.05203525599732001,0.0,1.0,21.841914176940918
BitcoinTransactions,33,14,8,0.65,0.5,4,0.05283935714957625,0.125,1.0,21.83543872833252
BitcoinTransactions,33,14,8,0.65,0.5,5,0.05153128707881538,0.0,0.9856343757945588,21.947022914886475
BitcoinTransactions,33,14,9,0.7,0.5,1,0.05203525599732001,0.0,1.0,21.84028911590576
BitcoinTransactions,33,14,9,0.7,0.5,2,0.05203525599732001,0.0,1.0,21.878674268722534
BitcoinTransactions,33,14,9,0.7,0.5,3,0.05203525599732001,0.0,1.0,21.876416444778442
BitcoinTransactions,33,14,9,0.7,0.5,4,0.05203525599732001,0.0,1.0,21.83259916305542
BitcoinTransactions,33,14,9,0.7,0.5,5,0.05203525599732001,0.0,1.0,22.222853183746338
BitcoinTransactions,33,14,10,0.75,0.5,1,0.05203525599732001,0.0,1.0,21.99981689453125
BitcoinTransactions,33,14,10,0.75,0.5,2,0.05203525599732001,0.0,1.0,21.83536434173584
BitcoinTransactions,33,14,10,0.75,0.5,3,0.05203525599732001,0.0,1.0,21.96193242073059
BitcoinTransactions,33,14,10,0.75,0.5,4,0.05203525599732001,0.0,1.0,21.98444175720215
BitcoinTransactions,33,14,10,0.75,0.5,5,0.05203525599732001,0.0,1.0,22.640584468841553
BitcoinTransactions,33,14,10,0.8,0.5,1,0.053284709471785915,0.022727272727272728,0.9557589626239512,22.487126350402832
BitcoinTransactions,33,14,10,0.8,0.5,2,0.05203525599732001,0.0,1.0,22.96090531349182
BitcoinTransactions,33,14,10,0.8,0.5,3,0.05203525599732001,0.0,1.0,22.576703786849976
BitcoinTransactions,33,14,10,0.8,0.5,4,0.05203525599732001,0.0,1.0,23.806684970855713
BitcoinTransactions,33,14,10,0.8,0.5,5,0.05203525599732001,0.0,1.0,23.8442120552063
BitcoinTransactions,33,14,11,0.85,0.5,1,0.05203525599732001,0.0,1.0,24.06317114830017
BitcoinTransactions,33,14,11,0.85,0.5,2,0.05284985990549277,0.08333333333333333,1.0,22.847540378570557
BitcoinTransactions,33,14,11,0.85,0.5,3,0.05178633875466196,0.0,0.9937706585303839,22.805079221725464
BitcoinTransactions,33,14,11,0.85,0.5,4,0.052619513297047255,0.0,0.928044749555047,22.90166163444519
BitcoinTransactions,33,14,11,0.85,0.5,5,0.051562004237750966,0.07692307692307693,1.0,23.12316608428955
BitcoinTransactions,33,14,12,0.9,0.5,1,0.05203525599732001,0.0,1.0,23.58938717842102
BitcoinTransactions,33,14,12,0.9,0.5,2,0.05152722374406453,0.0,0.9881769641495042,23.22028923034668
BitcoinTransactions,33,14,12,0.9,0.5,3,0.05203525599732001,0.0,1.0,22.78210139274597
BitcoinTransactions,33,14,12,0.9,0.5,4,0.05203525599732001,0.0,1.0,22.806138277053833
BitcoinTransactions,33,14,12,0.9,0.5,5,0.05203525599732001,0.0,1.0,22.725985050201416
BitcoinTransactions,33,14,12,0.95,0.5,1,0.05203525599732001,0.0,1.0,22.748721837997437
BitcoinTransactions,33,14,12,0.95,0.5,2,0.05203525599732001,0.0,1.0,22.673319816589355
BitcoinTransactions,33,14,12,0.95,0.5,3,0.052859582782108054,0.038461538461538464,0.872234935163997,22.90323758125305
BitcoinTransactions,33,14,12,0.95,0.5,4,0.05203525599732001,0.0,1.0,23.67271113395691
BitcoinTransactions,33,14,12,0.95,0.5,5,0.05203525599732001,0.0,1.0,22.950743675231934
BitcoinTransactions,33,14,13,1,0.5,1,0.05203525599732001,0.0,1.0,22.646101474761963
BitcoinTransactions,33,14,13,1,0.5,2,0.05195090511293131,0.0,0.9991100940757691,22.79141664505005
BitcoinTransactions,33,14,13,1,0.5,3,0.05203525599732001,0.0,1.0,22.641085386276245
BitcoinTransactions,33,14,13,1,0.5,4,0.05194445647778784,0.0,0.9983473175692855,22.71253776550293
BitcoinTransactions,33,14,13,1,0.5,5,0.051962992001028455,0.0,0.9965675057208238,22.73550510406494
BitcoinTransactions,34,14,0,0,,1,0.05203525599732001,0.0,1.0,
BitcoinTransactions,34,14,0,0,,2,0.05203525599732001,0.0,1.0,
BitcoinTransactions,34,14,0,0,,3,0.0516886045772498,0.0,0.9862700228832952,
BitcoinTransactions,34,14,0,0,,4,0.05203525599732001,0.0,1.0,
BitcoinTransactions,34,14,0,0,,5,0.05203525599732001,0.0,1.0,
BitcoinTransactions,34,14,0,0.01,0.5,1,0.05203525599732001,0.0,1.0,22.973660469055176
BitcoinTransactions,34,14,0,0.01,0.5,2,0.05198375772123263,0.0,0.9989829646580218,22.991857290267944
BitcoinTransactions,34,14,0,0.01,0.5,3,0.05203525599732001,0.0,1.0,23.382197856903076
BitcoinTransactions,34,14,0,0.01,0.5,4,0.05203525599732001,0.0,1.0,23.657379388809204
BitcoinTransactions,34,14,0,0.01,0.5,5,0.05203525599732001,0.0,1.0,23.51630139350891
BitcoinTransactions,34,14,1,0.05,0.5,1,0.05203525599732001,0.0,1.0,22.74663996696472
BitcoinTransactions,34,14,1,0.05,0.5,2,0.05203525599732001,0.0,1.0,22.038105726242065
BitcoinTransactions,34,14,1,0.05,0.5,3,0.05228845974400272,0.05,0.9924993643529113,21.633649587631226
BitcoinTransactions,34,14,1,0.05,0.5,4,0.0512903189551321,0.0,0.9777523518942284,21.770621061325073
BitcoinTransactions,34,14,1,0.05,0.5,5,0.053525845518175685,0.125,1.0,21.524314880371094
BitcoinTransactions,34,14,1,0.1,0.5,1,0.05319952599217056,0.08333333333333333,1.0,21.790233612060547
BitcoinTransactions,34,14,1,0.1,0.5,2,0.05203525599732001,0.0,1.0,22.122549772262573
BitcoinTransactions,34,14,1,0.1,0.5,3,0.05203525599732001,0.0,1.0,24.012693881988525
BitcoinTransactions,34,14,1,0.1,0.5,4,0.05203525599732001,0.0,1.0,21.89581274986267
BitcoinTransactions,34,14,1,0.1,0.5,5,0.051966721850603956,0.0,0.9991100940757691,24.60047173500061
BitcoinTransactions,34,14,2,0.15,0.5,1,0.05203525599732001,0.0,1.0,22.22580623626709
BitcoinTransactions,34,14,2,0.15,0.5,2,0.05203525599732001,0.0,1.0,22.13024926185608
BitcoinTransactions,34,14,2,0.15,0.5,3,0.05203278767234522,0.0,0.9997457411645054,23.046915292739868
BitcoinTransactions,34,14,2,0.15,0.5,4,0.052421121566958245,0.027777777777777776,0.9947876938723621,21.755223751068115
BitcoinTransactions,34,14,2,0.15,0.5,5,0.05203525599732001,0.0,1.0,22.473246335983276
BitcoinTransactions,34,14,3,0.2,0.5,1,0.051386173534279496,0.0,0.9636409865242818,22.87523078918457
BitcoinTransactions,34,14,3,0.2,0.5,2,0.05195573136615163,0.0,0.9987287058225274,22.756792068481445
BitcoinTransactions,34,14,3,0.2,0.5,3,0.05203585653653665,0.0,0.9998728705822527,24.45282769203186
BitcoinTransactions,34,14,3,0.2,0.5,4,0.05202295545490006,0.0,0.9998728705822527,25.34747004508972
BitcoinTransactions,34,14,3,0.2,0.5,5,0.05203525599732001,0.0,1.0,23.19631314277649
BitcoinTransactions,34,14,3,0.25,0.5,1,0.05203525599732001,0.0,1.0,23.741549015045166
BitcoinTransactions,34,14,3,0.25,0.5,2,0.05203525599732001,0.0,1.0,24.218952894210815
BitcoinTransactions,34,14,3,0.25,0.5,3,0.05232299491026935,0.08333333333333333,1.0,24.213786840438843
BitcoinTransactions,34,14,3,0.25,0.5,4,0.052984467424754975,0.041666666666666664,0.9978387998982965,24.379000663757324
BitcoinTransactions,34,14,3,0.25,0.5,5,0.05203525599732001,0.0,1.0,24.243000745773315
BitcoinTransactions,34,14,4,0.3,0.5,1,0.05203525599732001,0.0,1.0,25.24703359603882
BitcoinTransactions,34,14,4,0.3,0.5,2,0.05203525599732001,0.0,1.0,23.404549598693848
BitcoinTransactions,34,14,4,0.3,0.5,3,0.05203525599732001,0.0,1.0,23.010066509246826
BitcoinTransactions,34,14,4,0.3,0.5,4,0.05203525599732001,0.0,1.0,22.836992025375366
BitcoinTransactions,34,14,4,0.3,0.5,5,0.052020936763281594,0.0,0.9996186117467581,23.186055898666382
BitcoinTransactions,34,14,5,0.35,0.5,1,0.05203525599732001,0.0,1.0,23.125056982040405
BitcoinTransactions,34,14,5,0.35,0.5,2,0.05203525599732001,0.0,1.0,23.3104567527771
BitcoinTransactions,34,14,5,0.35,0.5,3,0.05203525599732001,0.0,1.0,23.40379238128662
BitcoinTransactions,34,14,5,0.35,0.5,4,0.05203525599732001,0.0,1.0,22.85206937789917
BitcoinTransactions,34,14,5,0.35,0.5,5,0.05203525599732001,0.0,1.0,23.422961950302124
BitcoinTransactions,34,14,5,0.4,0.5,1,0.05203525599732001,0.0,1.0,24.021753311157227
BitcoinTransactions,34,14,5,0.4,0.5,2,0.053410727760429606,0.1111111111111111,1.0,23.426334619522095
BitcoinTransactions,34,14,5,0.4,0.5,3,0.05203525599732001,0.0,1.0,23.949342489242554
BitcoinTransactions,34,14,5,0.4,0.5,4,0.052603437932625716,0.08333333333333333,1.0,23.969701766967773
BitcoinTransactions,34,14,5,0.4,0.5,5,0.051642680873669224,0.0,0.9891939994914823,23.18820548057556
BitcoinTransactions,34,14,6,0.45,0.5,1,0.05203525599732001,0.0,1.0,22.99362587928772
BitcoinTransactions,34,14,6,0.45,0.5,2,0.05203525599732001,0.0,1.0,23.621527910232544
BitcoinTransactions,34,14,6,0.45,0.5,3,0.05203525599732001,0.0,1.0,23.750829219818115
BitcoinTransactions,34,14,6,0.45,0.5,4,0.05203525599732001,0.0,1.0,23.492390155792236
BitcoinTransactions,34,14,6,0.45,0.5,5,0.05203525599732001,0.0,1.0,23.171650886535645
BitcoinTransactions,34,14,6,0.5,0.5,1,0.05302466141534211,0.09090909090909091,1.0,23.12926459312439
BitcoinTransactions,34,14,6,0.5,0.5,2,0.0523470986802474,0.0,0.940884820747521,23.163955450057983
BitcoinTransactions,34,14,6,0.5,0.5,3,0.05198011275517066,0.0,0.9993643529112637,25.80356216430664
BitcoinTransactions,34,14,6,0.5,0.5,4,0.05203525599732001,0.0,1.0,23.303764820098877
BitcoinTransactions,34,14,6,0.5,0.5,5,0.052355693121883165,0.1,1.0,22.43442463874817
BitcoinTransactions,34,14,7,0.55,0.5,1,0.05203525599732001,0.0,1.0,22.649449348449707
BitcoinTransactions,34,14,7,0.55,0.5,2,0.05203525599732001,0.0,1.0,23.19060730934143
BitcoinTransactions,34,14,7,0.55,0.5,3,0.05320962681335163,0.0625,0.7751080600050851,22.726953268051147
BitcoinTransactions,34,14,7,0.55,0.5,4,0.05203525599732001,0.0,1.0,22.862316370010376
BitcoinTransactions,34,14,7,0.55,0.5,5,0.05203525599732001,0.0,1.0,26.116137981414795
BitcoinTransactions,34,14,8,0.6,0.5,1,0.05203525599732001,0.0,1.0,25.331917762756348
BitcoinTransactions,34,14,8,0.6,0.5,2,0.05203525599732001,0.0,1.0,23.557769060134888
BitcoinTransactions,34,14,8,0.6,0.5,3,0.05311337986726897,0.1,1.0,22.56108832359314
BitcoinTransactions,34,14,8,0.6,0.5,4,0.051688146715738965,0.0,0.9900839054157132,22.712279081344604
BitcoinTransactions,34,14,8,0.6,0.5,5,0.05203525599732001,0.0,1.0,22.94424867630005
BitcoinTransactions,34,14,8,0.65,0.5,1,0.05203525599732001,0.0,1.0,22.67556381225586
BitcoinTransactions,34,14,8,0.65,0.5,2,0.05203525599732001,0.0,1.0,22.551369190216064
BitcoinTransactions,34,14,8,0.65,0.5,3,0.05266932562280888,0.1111111111111111,1.0,24.02046537399292
BitcoinTransactions,34,14,8,0.65,0.5,4,0.05203525599732001,0.0,1.0,24.430577516555786
BitcoinTransactions,34,14,8,0.65,0.5,5,0.05203525599732001,0.0,1.0,24.074188947677612
BitcoinTransactions,34,14,9,0.7,0.5,1,0.05201931369412643,0.0,0.9998728705822527,23.225553512573242
BitcoinTransactions,34,14,9,0.7,0.5,2,0.05289474919713146,0.07692307692307693,1.0,21.87832546234131
BitcoinTransactions,34,14,9,0.7,0.5,3,0.05203525599732001,0.0,1.0,22.419965744018555
BitcoinTransactions,34,14,9,0.7,0.5,4,0.05200071309988816,0.0,0.9991100940757691,21.45226240158081
BitcoinTransactions,34,14,9,0.7,0.5,5,0.05203525599732001,0.0,1.0,21.58008599281311
BitcoinTransactions,34,14,10,0.75,0.5,1,0.05199508672022817,0.0,0.9989829646580218,22.43212580680847
BitcoinTransactions,34,14,10,0.75,0.5,2,0.05203525599732001,0.0,1.0,22.29695224761963
BitcoinTransactions,34,14,10,0.75,0.5,3,0.05203525599732001,0.0,1.0,22.378528356552124
BitcoinTransactions,34,14,10,0.75,0.5,4,0.05203525599732001,0.0,1.0,22.569749116897583
BitcoinTransactions,34,14,10,0.75,0.5,5,0.05332784513077587,0.07692307692307693,1.0,22.162785291671753
BitcoinTransactions,34,14,10,0.8,0.5,1,0.05349274206062073,0.0625,0.931350114416476,22.124098539352417
BitcoinTransactions,34,14,10,0.8,0.5,2,0.05203525599732001,0.0,1.0,22.68368172645569
BitcoinTransactions,34,14,10,0.8,0.5,3,0.05197450644486061,0.0,0.9982201881515382,21.993496417999268
BitcoinTransactions,34,14,10,0.8,0.5,4,0.05164316143796785,0.0,0.9872870582252733,22.547977447509766
BitcoinTransactions,34,14,10,0.8,0.5,5,0.05203525599732001,0.0,1.0,22.889076948165894
BitcoinTransactions,34,14,11,0.85,0.5,1,0.05203525599732001,0.0,1.0,22.835219144821167
BitcoinTransactions,34,14,11,0.85,0.5,2,0.05203525599732001,0.0,1.0,22.87832999229431
BitcoinTransactions,34,14,11,0.85,0.5,3,0.05203525599732001,0.0,1.0,22.77715229988098
BitcoinTransactions,34,14,11,0.85,0.5,4,0.05203525599732001,0.0,1.0,23.30685043334961
BitcoinTransactions,34,14,11,0.85,0.5,5,0.05306005415449842,0.0625,0.9781337401474701,22.799115896224976
BitcoinTransactions,34,14,12,0.9,0.5,1,0.05203525599732001,0.0,1.0,22.776923179626465
BitcoinTransactions,34,14,12,0.9,0.5,2,0.05203525599732001,0.0,1.0,22.661963939666748
BitcoinTransactions,34,14,12,0.9,0.5,3,0.05270889998893673,0.08333333333333333,1.0,22.91011881828308
BitcoinTransactions,34,14,12,0.9,0.5,4,0.05203525599732001,0.0,1.0,23.07957625389099
BitcoinTransactions,34,14,12,0.9,0.5,5,0.05203525599732001,0.0,1.0,23.708181858062744
BitcoinTransactions,34,14,12,0.95,0.5,1,0.05295227682954143,0.0,0.879862700228833,23.28554654121399
BitcoinTransactions,34,14,12,0.95,0.5,2,0.05203525599732001,0.0,1.0,23.25322985649109
BitcoinTransactions,34,14,12,0.95,0.5,3,0.05165600990927746,0.0,0.9638952453597762,22.430044889450073
BitcoinTransactions,34,14,12,0.95,0.5,4,0.05274034697780377,0.0,0.9182557843885075,21.51314878463745
BitcoinTransactions,34,14,12,0.95,0.5,5,0.052626982918166865,0.05555555555555555,0.999491482329011,21.475536346435547
BitcoinTransactions,34,14,13,1,0.5,1,0.052027940548698005,0.0,0.999491482329011,22.276180267333984
BitcoinTransactions,34,14,13,1,0.5,2,0.05203525599732001,0.0,1.0,22.983805179595947
BitcoinTransactions,34,14,13,1,0.5,3,0.05203525599732001,0.0,1.0,23.020660400390625
BitcoinTransactions,34,14,13,1,0.5,4,0.051759113489783314,0.038461538461538464,0.9968217645563183,24.54865050315857
BitcoinTransactions,34,14,13,1,0.5,5,0.05203525599732001,0.0,1.0,23.568698406219482
BitcoinTransactions,35,17,0,0,,1,0.05203525599732001,0.0,1.0,
BitcoinTransactions,35,17,0,0,,2,0.05203525599732001,0.0,1.0,
BitcoinTransactions,35,17,0,0,,3,0.05175699447606968,0.06666666666666667,1.0,
BitcoinTransactions,35,17,0,0,,4,0.05203525599732001,0.0,1.0,
BitcoinTransactions,35,17,0,0,,5,0.05203525599732001,0.0,1.0,
BitcoinTransactions,35,17,0,0.01,0.5,1,0.05140348134995008,0.0,0.9778710415871804,23.3878972530365
BitcoinTransactions,35,17,0,0.01,0.5,2,0.05113940265090639,0.0,0.9748187714612743,22.89370846748352
BitcoinTransactions,35,17,0,0.01,0.5,3,0.05203525599732001,0.0,1.0,22.62339973449707
BitcoinTransactions,35,17,0,0.01,0.5,4,0.05203525599732001,0.0,1.0,23.10660433769226
BitcoinTransactions,35,17,0,0.01,0.5,5,0.05203525599732001,0.0,1.0,23.183851957321167
BitcoinTransactions,35,17,1,0.05,0.5,1,0.05380328866381116,0.1,1.0,22.49967360496521
BitcoinTransactions,35,17,1,0.05,0.5,2,0.05203525599732001,0.0,1.0,22.643810749053955
BitcoinTransactions,35,17,1,0.05,0.5,3,0.05203525599732001,0.0,1.0,22.508004903793335
BitcoinTransactions,35,17,1,0.05,0.5,4,0.05252432603588992,0.06666666666666667,1.0,23.162197828292847
BitcoinTransactions,35,17,1,0.05,0.5,5,0.05203525599732001,0.0,1.0,21.77260684967041
BitcoinTransactions,35,17,2,0.1,0.5,1,0.05203525599732001,0.0,1.0,21.53964066505432
BitcoinTransactions,35,17,2,0.1,0.5,2,0.05203525599732001,0.0,1.0,21.570315837860107
BitcoinTransactions,35,17,2,0.1,0.5,3,0.05174752904166855,0.0,0.9814320234007377,21.687394618988037
BitcoinTransactions,35,17,2,0.1,0.5,4,0.05316596536547233,0.06666666666666667,1.0,21.989867210388184
BitcoinTransactions,35,17,2,0.1,0.5,5,0.05203525599732001,0.0,1.0,21.526811122894287
BitcoinTransactions,35,17,2,0.15,0.5,1,0.05203525599732001,0.0,1.0,21.84076714515686
BitcoinTransactions,35,17,2,0.15,0.5,2,0.052030997645402415,0.0,0.9998728220780873,21.871097803115845
BitcoinTransactions,35,17,2,0.15,0.5,3,0.05203525599732001,0.0,1.0,21.855804443359375
BitcoinTransactions,35,17,2,0.15,0.5,4,0.05203525599732001,0.0,1.0,22.785855054855347
BitcoinTransactions,35,17,2,0.15,0.5,5,0.05203525599732001,0.0,1.0,22.434616565704346
BitcoinTransactions,35,17,3,0.2,0.5,1,0.05203525599732001,0.0,1.0,22.9331796169281
BitcoinTransactions,35,17,3,0.2,0.5,2,0.05203525599732001,0.0,1.0,22.85796284675598
BitcoinTransactions,35,17,3,0.2,0.5,3,0.05203525599732001,0.0,1.0,23.027000427246094
BitcoinTransactions,35,17,3,0.2,0.5,4,0.05192126606130781,0.0,0.9986010428589597,23.05399775505066
BitcoinTransactions,35,17,3,0.2,0.5,5,0.05203525599732001,0.0,1.0,23.164612770080566
BitcoinTransactions,35,17,4,0.25,0.5,1,0.05203525599732001,0.0,1.0,22.967938899993896
BitcoinTransactions,35,17,4,0.25,0.5,2,0.05203525599732001,0.0,1.0,23.0866436958313
BitcoinTransactions,35,17,4,0.25,0.5,3,0.05203525599732001,0.0,1.0,22.977970123291016
BitcoinTransactions,35,17,4,0.25,0.5,4,0.05203525599732001,0.0,1.0,22.526009559631348
BitcoinTransactions,35,17,4,0.25,0.5,5,0.05204052890652572,0.0,0.9989825766246979,22.824297666549683
BitcoinTransactions,35,17,5,0.3,0.5,1,0.05203525599732001,0.0,1.0,22.634910345077515
BitcoinTransactions,35,17,5,0.3,0.5,2,0.05203525599732001,0.0,1.0,22.67107129096985
BitcoinTransactions,35,17,5,0.3,0.5,3,0.05203525599732001,0.0,1.0,23.042648792266846
BitcoinTransactions,35,17,5,0.3,0.5,4,0.05203525599732001,0.0,1.0,22.935510635375977
BitcoinTransactions,35,17,5,0.3,0.5,5,0.05203525599732001,0.0,1.0,22.940609455108643
BitcoinTransactions,35,17,6,0.35,0.5,1,0.05203525599732001,0.0,1.0,22.465960025787354
BitcoinTransactions,35,17,6,0.35,0.5,2,0.05453639194165613,0.125,1.0,21.96319818496704
BitcoinTransactions,35,17,6,0.35,0.5,3,0.05174496267089572,0.0,0.9725295688668447,21.7491397857666
BitcoinTransactions,35,17,6,0.35,0.5,4,0.05190607255543488,0.0,0.9954215948111408,22.26855230331421
BitcoinTransactions,35,17,6,0.35,0.5,5,0.05203525599732001,0.0,1.0,22.342902421951294
BitcoinTransactions,35,17,6,0.4,0.5,1,0.05203525599732001,0.0,1.0,21.988452672958374
BitcoinTransactions,35,17,6,0.4,0.5,2,0.05203525599732001,0.0,1.0,22.097708225250244
BitcoinTransactions,35,17,6,0.4,0.5,3,0.05203525599732001,0.0,1.0,22.02762007713318
BitcoinTransactions,35,17,6,0.4,0.5,4,0.05203525599732001,0.0,1.0,22.054438591003418
BitcoinTransactions,35,17,6,0.4,0.5,5,0.05203525599732001,0.0,1.0,22.360151052474976
BitcoinTransactions,35,17,7,0.45,0.5,1,0.05203525599732001,0.0,1.0,22.376103401184082
BitcoinTransactions,35,17,7,0.45,0.5,2,0.052016930085450344,0.0,0.9997456441561745,22.073853492736816
BitcoinTransactions,35,17,7,0.45,0.5,3,0.05165803000449182,0.0,0.9551061935647972,21.588063955307007
BitcoinTransactions,35,17,7,0.45,0.5,4,0.05203056581675649,0.0,0.9998728220780873,21.548299551010132
BitcoinTransactions,35,17,7,0.45,0.5,5,0.05203525599732001,0.0,1.0,21.274303674697876
BitcoinTransactions,35,17,8,0.5,0.5,1,0.05120122681430205,0.027777777777777776,0.9651532493959049,21.613524198532104
BitcoinTransactions,35,17,8,0.5,0.5,2,0.05203525599732001,0.0,1.0,21.915549755096436
BitcoinTransactions,35,17,8,0.5,0.5,3,0.05203525599732001,0.0,1.0,22.096182107925415
BitcoinTransactions,35,17,8,0.5,0.5,4,0.05203525599732001,0.0,1.0,22.02690315246582
BitcoinTransactions,35,17,8,0.5,0.5,5,0.05203525599732001,0.0,1.0,22.905479669570923
BitcoinTransactions,35,17,9,0.55,0.5,1,0.051700422918273196,0.0,0.9927508584509729,22.56990075111389
BitcoinTransactions,35,17,9,0.55,0.5,2,0.05211225322614474,0.0625,1.0,22.18351435661316
BitcoinTransactions,35,17,9,0.55,0.5,3,0.051546044462084176,0.0,0.9856288948238586,21.846609354019165
BitcoinTransactions,35,17,9,0.55,0.5,4,0.05203525599732001,0.0,1.0,21.52889847755432
BitcoinTransactions,35,17,9,0.55,0.5,5,0.0527877578702407,0.03333333333333333,0.9998728220780873,21.363733053207397
BitcoinTransactions,35,17,10,0.6,0.5,1,0.051961507062926626,0.0,0.9991097545466107,21.543447732925415
BitcoinTransactions,35,17,10,0.6,0.5,2,0.05147609395874423,0.0625,1.0,21.307448387145996
BitcoinTransactions,35,17,10,0.6,0.5,3,0.05203525599732001,0.0,1.0,21.291105031967163
BitcoinTransactions,35,17,10,0.6,0.5,4,0.053191885537997516,0.07142857142857142,1.0,21.16318106651306
BitcoinTransactions,35,17,10,0.6,0.5,5,0.052848086154493955,0.07692307692307693,1.0,20.826836109161377
BitcoinTransactions,35,17,10,0.65,0.5,1,0.05203525599732001,0.0,1.0,21.14567804336548
BitcoinTransactions,35,17,10,0.65,0.5,2,0.05287232395869994,0.06666666666666667,1.0,20.723984479904175
BitcoinTransactions,35,17,10,0.65,0.5,3,0.05244678463200535,0.0625,1.0,21.159496545791626
BitcoinTransactions,35,17,10,0.65,0.5,4,0.05203525599732001,0.0,1.0,21.302677869796753
BitcoinTransactions,35,17,10,0.65,0.5,5,0.05203525599732001,0.0,1.0,21.298969268798828
BitcoinTransactions,35,17,11,0.7,0.5,1,0.05203525599732001,0.0,1.0,21.43618106842041
BitcoinTransactions,35,17,11,0.7,0.5,2,0.05193529277952131,0.0625,1.0,21.485491037368774
BitcoinTransactions,35,17,11,0.7,0.5,3,0.05203525599732001,0.0,1.0,21.294466018676758
BitcoinTransactions,35,17,11,0.7,0.5,4,0.05198387029062517,0.0,0.9992369324685234,21.096296310424805
BitcoinTransactions,35,17,11,0.7,0.5,5,0.052918995715028526,0.07142857142857142,1.0,21.476967334747314
BitcoinTransactions,35,17,12,0.75,0.5,1,0.05201858272698203,0.0,0.9996184662342618,22.993901252746582
BitcoinTransactions,35,17,12,0.75,0.5,2,0.05337864441920438,0.06666666666666667,1.0,22.852347135543823
BitcoinTransactions,35,17,12,0.75,0.5,3,0.05271069297197657,0.030303030303030304,0.9940226376701005,22.26239538192749
BitcoinTransactions,35,17,12,0.75,0.5,4,0.05203525599732001,0.0,1.0,22.4664785861969
BitcoinTransactions,35,17,12,0.75,0.5,5,0.05203525599732001,0.0,1.0,22.62078857421875
BitcoinTransactions,35,17,13,0.8,0.5,1,0.051625172877812535,0.020833333333333332,0.9933867480605367,22.517929553985596
BitcoinTransactions,35,17,13,0.8,0.5,2,0.05200429456519857,0.0,0.9993641103904363,21.732423543930054
BitcoinTransactions,35,17,13,0.8,0.5,3,0.052754295972268106,0.1,1.0,21.26265573501587
BitcoinTransactions,35,17,13,0.8,0.5,4,0.05203525599732001,0.0,1.0,21.528452396392822
BitcoinTransactions,35,17,13,0.8,0.5,5,0.05203525599732001,0.0,1.0,21.48123836517334
BitcoinTransactions,35,17,14,0.85,0.5,1,0.05199147808806213,0.0,0.9989825766246979,21.736496925354004
BitcoinTransactions,35,17,14,0.85,0.5,2,0.05203525599732001,0.0,1.0,21.520373106002808
BitcoinTransactions,35,17,14,0.85,0.5,3,0.05203525599732001,0.0,1.0,21.537352323532104
BitcoinTransactions,35,17,14,0.85,0.5,4,0.05203525599732001,0.0,1.0,21.529907941818237
BitcoinTransactions,35,17,14,0.85,0.5,5,0.05203525599732001,0.0,1.0,21.846017360687256
BitcoinTransactions,35,17,14,0.9,0.5,1,0.05203525599732001,0.0,1.0,22.10300087928772
BitcoinTransactions,35,17,14,0.9,0.5,2,0.052059523782608676,0.0,0.9993641103904363,20.948315382003784
BitcoinTransactions,35,17,14,0.9,0.5,3,0.05252441334060576,0.0,0.8946966806562381,20.43320393562317
BitcoinTransactions,35,17,14,0.9,0.5,4,0.051592785637905966,0.0,0.9746915935393615,21.251715421676636
BitcoinTransactions,35,17,14,0.9,0.5,5,0.05203525599732001,0.0,1.0,21.07891273498535
BitcoinTransactions,35,17,15,0.95,0.5,1,0.05203525599732001,0.0,1.0,21.069629430770874
BitcoinTransactions,35,17,15,0.95,0.5,2,0.05203525599732001,0.0,1.0,20.845329999923706
BitcoinTransactions,35,17,15,0.95,0.5,3,0.05203525599732001,0.0,1.0,22.245599269866943
BitcoinTransactions,35,17,15,0.95,0.5,4,0.0520227325009205,0.0,0.9997456441561745,21.161484003067017
BitcoinTransactions,35,17,15,0.95,0.5,5,0.05203525599732001,0.0,1.0,21.16404938697815
BitcoinTransactions,35,17,16,1,0.5,1,0.05203525599732001,0.0,1.0,21.1136691570282
BitcoinTransactions,35,17,16,1,0.5,2,0.05203525599732001,0.0,1.0,21.74633002281189
BitcoinTransactions,35,17,16,1,0.5,3,0.05266342139015192,0.03571428571428571,0.9998728220780873,21.699432611465454
BitcoinTransactions,35,17,16,1,0.5,4,0.0518424616740943,0.0,0.994785705201577,21.375549793243408
BitcoinTransactions,35,17,16,1,0.5,5,0.05177908573125474,0.0,0.9924965026071474,21.288833141326904
BitcoinTransactions,36,21,0,0,,1,0.05203525599732001,0.0,1.0,
BitcoinTransactions,36,21,0,0,,2,0.05195771898575011,0.0,0.9986003308308945,
BitcoinTransactions,36,21,0,0,,3,0.05344070057571774,0.022727272727272728,0.9980913602239471,
BitcoinTransactions,36,21,0,0,,4,0.05203525599732001,0.0,1.0,
BitcoinTransactions,36,21,0,0,,5,0.05203525599732001,0.0,1.0,
BitcoinTransactions,36,21,0,0.01,0.5,1,0.051549638414729614,0.0,0.9854943377019977,21.62337374687195
BitcoinTransactions,36,21,0,0.01,0.5,2,0.05175333861078875,0.0,0.9924926835475252,22.092721700668335
BitcoinTransactions,36,21,0,0.01,0.5,3,0.05203525599732001,0.0,1.0,23.34427285194397
BitcoinTransactions,36,21,0,0.01,0.5,4,0.05203635243943983,0.0,0.9998727573482631,24.401895999908447
BitcoinTransactions,36,21,0,0.01,0.5,5,0.05203525599732001,0.0,1.0,24.431437730789185
BitcoinTransactions,36,21,1,0.05,0.5,1,0.05317152214374301,0.058823529411764705,1.0,24.525813817977905
BitcoinTransactions,36,21,1,0.05,0.5,2,0.05203525599732001,0.0,1.0,24.824182748794556
BitcoinTransactions,36,21,1,0.05,0.5,3,0.05203525599732001,0.0,1.0,24.220384120941162
BitcoinTransactions,36,21,1,0.05,0.5,4,0.05295585569306482,0.08333333333333333,1.0,22.955937385559082
BitcoinTransactions,36,21,1,0.05,0.5,5,0.05241516763591122,0.07142857142857142,1.0,22.93350386619568
BitcoinTransactions,36,21,2,0.1,0.5,1,0.053045126686932925,0.07142857142857142,1.0,22.925121068954468
BitcoinTransactions,36,21,2,0.1,0.5,2,0.05203525599732001,0.0,1.0,23.35834503173828
BitcoinTransactions,36,21,2,0.1,0.5,3,0.05203525599732001,0.0,1.0,23.44041657447815
BitcoinTransactions,36,21,2,0.1,0.5,4,0.05203525599732001,0.0,1.0,22.993711709976196
BitcoinTransactions,36,21,2,0.1,0.5,5,0.05203525599732001,0.0,1.0,24.875032663345337
BitcoinTransactions,36,21,3,0.15,0.5,1,0.05203525599732001,0.0,1.0,25.64478874206543
BitcoinTransactions,36,21,3,0.15,0.5,2,0.05201934782854645,0.0,0.9997455146965263,25.87285566329956
BitcoinTransactions,36,21,3,0.15,0.5,3,0.05203525599732001,0.0,1.0,24.358806371688843
BitcoinTransactions,36,21,3,0.15,0.5,4,0.05203525599732001,0.0,1.0,23.089488983154297
BitcoinTransactions,36,21,3,0.15,0.5,5,0.05203525599732001,0.0,1.0,23.549490690231323
BitcoinTransactions,36,21,4,0.2,0.5,1,0.05203525599732001,0.0,1.0,23.543925523757935
BitcoinTransactions,36,21,4,0.2,0.5,2,0.05203525599732001,0.0,1.0,23.917123317718506
BitcoinTransactions,36,21,4,0.2,0.5,3,0.05373270120696281,0.03571428571428571,0.9986003308308945,22.86733341217041
BitcoinTransactions,36,21,4,0.2,0.5,4,0.05203525599732001,0.0,1.0,23.302355766296387
BitcoinTransactions,36,21,4,0.2,0.5,5,0.05203525599732001,0.0,1.0,23.241502285003662
BitcoinTransactions,36,21,5,0.25,0.5,1,0.05203525599732001,0.0,1.0,23.473228454589844
BitcoinTransactions,36,21,5,0.25,0.5,2,0.05152236608035939,0.0,0.9820587861051024,24.649503469467163
BitcoinTransactions,36,21,5,0.25,0.5,3,0.05203525599732001,0.0,1.0,24.864632844924927
BitcoinTransactions,36,21,5,0.25,0.5,4,0.05203525599732001,0.0,1.0,24.666101455688477
BitcoinTransactions,36,21,5,0.25,0.5,5,0.05203525599732001,0.0,1.0,24.430495977401733
BitcoinTransactions,36,21,6,0.3,0.5,1,0.05203525599732001,0.0,1.0,24.57490849494934
BitcoinTransactions,36,21,6,0.3,0.5,2,0.052027878219243345,0.0,0.9996182720447894,24.54695200920105
BitcoinTransactions,36,21,6,0.3,0.5,3,0.05203525599732001,0.0,1.0,24.734456300735474
BitcoinTransactions,36,21,6,0.3,0.5,4,0.05203525599732001,0.0,1.0,23.958740234375
BitcoinTransactions,36,21,6,0.3,0.5,5,0.05203525599732001,0.0,1.0,24.33060050010681
BitcoinTransactions,36,21,7,0.35,0.5,1,0.05203525599732001,0.0,1.0,25.64176058769226
BitcoinTransactions,36,21,7,0.35,0.5,2,0.05201695268452091,0.0,0.9997455146965263,24.057796478271484
BitcoinTransactions,36,21,7,0.35,0.5,3,0.05203525599732001,0.0,1.0,23.86220407485962
BitcoinTransactions,36,21,7,0.35,0.5,4,0.05258227163626151,0.027777777777777776,0.9997455146965263,22.9627845287323
BitcoinTransactions,36,21,7,0.35,0.5,5,0.051914753338624706,0.0,0.9980913602239471,23.178120851516724
BitcoinTransactions,36,21,8,0.4,0.5,1,0.05203525599732001,0.0,1.0,23.4080069065094
BitcoinTransactions,36,21,8,0.4,0.5,2,0.05203525599732001,0.0,1.0,23.039284706115723
BitcoinTransactions,36,21,8,0.4,0.5,3,0.05203525599732001,0.0,1.0,23.373847723007202
BitcoinTransactions,36,21,8,0.4,0.5,4,0.05203086467261028,0.0,0.9998727573482631,23.441707372665405
BitcoinTransactions,36,21,8,0.4,0.5,5,0.05203525599732001,0.0,1.0,24.196407556533813
BitcoinTransactions,36,21,9,0.45,0.5,1,0.05203525599732001,0.0,1.0,24.64751172065735
BitcoinTransactions,36,21,9,0.45,0.5,2,0.052701538241227086,0.0625,1.0,24.356581211090088
BitcoinTransactions,36,21,9,0.45,0.5,3,0.05355953755539462,0.06060606060606061,0.992619926199262,24.163416147232056
BitcoinTransactions,36,21,9,0.45,0.5,4,0.05203525599732001,0.0,1.0,24.49497890472412
BitcoinTransactions,36,21,9,0.45,0.5,5,0.05203525599732001,0.0,1.0,24.44308352470398
BitcoinTransactions,36,21,10,0.5,0.5,1,0.05203525599732001,0.0,1.0,24.47749638557434
BitcoinTransactions,36,21,10,0.5,0.5,2,0.05203525599732001,0.0,1.0,24.385507106781006
BitcoinTransactions,36,21,10,0.5,0.5,3,0.05199634398347638,0.0,0.9989820587861051,24.15131187438965
BitcoinTransactions,36,21,10,0.5,0.5,4,0.05298780242141135,0.06666666666666667,1.0,24.213709831237793
BitcoinTransactions,36,21,10,0.5,0.5,5,0.05146267933566864,0.05,1.0,25.173439979553223
BitcoinTransactions,36,21,11,0.55,0.5,1,0.05170974955671749,0.0,0.9884209186919456,24.689289093017578
BitcoinTransactions,36,21,11,0.55,0.5,2,0.05171141993630966,0.025,0.9994910293930526,24.682520389556885
BitcoinTransactions,36,21,11,0.55,0.5,3,0.05291145218316564,0.0,0.9258175340374093,24.692151308059692
BitcoinTransactions,36,21,11,0.55,0.5,4,0.05203525599732001,0.0,1.0,22.514724493026733
BitcoinTransactions,36,21,11,0.55,0.5,5,0.05203525599732001,0.0,1.0,22.457398653030396
BitcoinTransactions,36,21,12,0.6,0.5,1,0.05203525599732001,0.0,1.0,22.62072467803955
BitcoinTransactions,36,21,12,0.6,0.5,2,0.05203525599732001,0.0,1.0,21.187859058380127
BitcoinTransactions,36,21,12,0.6,0.5,3,0.05200518704919968,0.0,0.9996182720447894,21.872737646102905
BitcoinTransactions,36,21,12,0.6,0.5,4,0.05339149634196359,0.07142857142857142,1.0,22.709149837493896
BitcoinTransactions,36,21,12,0.6,0.5,5,0.05203525599732001,0.0,1.0,23.274927854537964
BitcoinTransactions,36,21,13,0.65,0.5,1,0.05203525599732001,0.0,1.0,23.668933391571045
BitcoinTransactions,36,21,13,0.65,0.5,2,0.052044103643308644,0.0,0.9997455146965263,23.303022146224976
BitcoinTransactions,36,21,13,0.65,0.5,3,0.05203525599732001,0.0,1.0,23.19682240486145
BitcoinTransactions,36,21,13,0.65,0.5,4,0.05203525599732001,0.0,1.0,23.587119579315186
BitcoinTransactions,36,21,13,0.65,0.5,5,0.05149260922491601,0.05,1.0,26.170552492141724
BitcoinTransactions,36,21,14,0.7,0.5,1,0.05203525599732001,0.0,1.0,25.878891706466675
BitcoinTransactions,36,21,14,0.7,0.5,2,0.05203525599732001,0.0,1.0,24.153005838394165
BitcoinTransactions,36,21,14,0.7,0.5,3,0.05255614804997788,0.06666666666666667,1.0,23.375964164733887
BitcoinTransactions,36,21,14,0.7,0.5,4,0.05160483062677045,0.0,0.9895661025575773,23.700397491455078
BitcoinTransactions,36,21,14,0.7,0.5,5,0.05203525599732001,0.0,1.0,23.837333917617798
BitcoinTransactions,36,21,15,0.75,0.5,1,0.05203525599732001,0.0,1.0,23.419280290603638
BitcoinTransactions,36,21,15,0.75,0.5,2,0.05203525599732001,0.0,1.0,23.394399166107178
BitcoinTransactions,36,21,15,0.75,0.5,3,0.0534250103923413,0.05555555555555555,1.0,23.234501838684082
BitcoinTransactions,36,21,15,0.75,0.5,4,0.05203525599732001,0.0,1.0,23.489876985549927
BitcoinTransactions,36,21,15,0.75,0.5,5,0.05203525599732001,0.0,1.0,23.89747166633606
BitcoinTransactions,36,21,16,0.8,0.5,1,0.05203525599732001,0.0,1.0,25.596333980560303
BitcoinTransactions,36,21,16,0.8,0.5,2,0.05202804863068809,0.0,0.9997455146965263,24.52902841567993
BitcoinTransactions,36,21,16,0.8,0.5,3,0.05203525599732001,0.0,1.0,24.305244207382202
BitcoinTransactions,36,21,16,0.8,0.5,4,0.05203525599732001,0.0,1.0,25.73061966896057
BitcoinTransactions,36,21,16,0.8,0.5,5,0.05203525599732001,0.0,1.0,26.298709869384766
BitcoinTransactions,36,21,17,0.85,0.5,1,0.05203525599732001,0.0,1.0,26.3081533908844
BitcoinTransactions,36,21,17,0.85,0.5,2,0.052316619373456004,0.05263157894736842,1.0,26.180892944335938
BitcoinTransactions,36,21,17,0.85,0.5,3,0.05203525599732001,0.0,1.0,26.45279049873352
BitcoinTransactions,36,21,17,0.85,0.5,4,0.05203525599732001,0.0,1.0,26.410855531692505
BitcoinTransactions,36,21,17,0.85,0.5,5,0.05203525599732001,0.0,1.0,26.394771814346313
BitcoinTransactions,36,21,18,0.9,0.5,1,0.05164414702482961,0.0,0.9866395215676295,26.232398748397827
BitcoinTransactions,36,21,18,0.9,0.5,2,0.05203525599732001,0.0,1.0,26.55448603630066
BitcoinTransactions,36,21,18,0.9,0.5,3,0.052012990923669636,0.0,0.9994910293930526,26.592294931411743
BitcoinTransactions,36,21,18,0.9,0.5,4,0.05277227808700952,0.0,0.8998600330830895,26.46864414215088
BitcoinTransactions,36,21,18,0.9,0.5,5,0.052747286953211944,0.09090909090909091,1.0,26.35102605819702
BitcoinTransactions,36,21,19,0.95,0.5,1,0.05203525599732001,0.0,1.0,26.74095630645752
BitcoinTransactions,36,21,19,0.95,0.5,2,0.05203525599732001,0.0,1.0,26.54066801071167
BitcoinTransactions,36,21,19,0.95,0.5,3,0.052915636544293834,0.038461538461538464,0.9986003308308945,26.39744210243225
BitcoinTransactions,36,21,19,0.95,0.5,4,0.051852616464698825,0.0,0.9678076091105738,26.647972106933594
BitcoinTransactions,36,21,19,0.95,0.5,5,0.05203525599732001,0.0,1.0,26.675721168518066
BitcoinTransactions,36,21,20,1,0.5,1,0.05203525599732001,0.0,1.0,26.390433073043823
BitcoinTransactions,36,21,20,1,0.5,2,0.05203525599732001,0.0,1.0,26.689276933670044
BitcoinTransactions,36,21,20,1,0.5,3,0.05203525599732001,0.0,1.0,26.641424894332886
BitcoinTransactions,36,21,20,1,0.5,4,0.05203525599732001,0.0,1.0,26.658141613006592
BitcoinTransactions,36,21,20,1,0.5,5,0.05203525599732001,0.0,1.0,26.61022925376892
BitcoinTransactions,37,11,0,0,,1,0.05203525599732001,0.0,1.0,
BitcoinTransactions,37,11,0,0,,2,0.05203525599732001,0.0,1.0,
BitcoinTransactions,37,11,0,0,,3,0.05203525599732001,0.0,1.0,
BitcoinTransactions,37,11,0,0,,4,0.05203525599732001,0.0,1.0,
BitcoinTransactions,37,11,0,0,,5,0.053385325587971856,0.05,0.9973313000381243,
BitcoinTransactions,37,11,0,0.01,0.5,1,0.05203525599732001,0.0,1.0,29.435254335403442
BitcoinTransactions,37,11,0,0.01,0.5,2,0.05203525599732001,0.0,1.0,29.656875133514404
BitcoinTransactions,37,11,0,0.01,0.5,3,0.05189739022455052,0.0,0.9968229762358622,29.34930729866028
BitcoinTransactions,37,11,0,0.01,0.5,4,0.05203525599732001,0.0,1.0,29.738054513931274
BitcoinTransactions,37,11,0,0.01,0.5,5,0.05203525599732001,0.0,1.0,29.48955750465393
BitcoinTransactions,37,11,0,0.05,0.5,1,0.05203525599732001,0.0,1.0,29.241443157196045
BitcoinTransactions,37,11,0,0.05,0.5,2,0.05198318882192362,0.0,0.9983479476426483,29.49563956260681
BitcoinTransactions,37,11,0,0.05,0.5,3,0.05203525599732001,0.0,1.0,30.065471649169922
BitcoinTransactions,37,11,0,0.05,0.5,4,0.05203525599732001,0.0,1.0,29.945606231689453
BitcoinTransactions,37,11,0,0.05,0.5,5,0.05203525599732001,0.0,1.0,29.150160789489746
BitcoinTransactions,37,11,1,0.1,0.5,1,0.05260688969118527,0.08333333333333333,0.9871648239928835,29.390093326568604
BitcoinTransactions,37,11,1,0.1,0.5,2,0.05203525599732001,0.0,1.0,29.62407422065735
BitcoinTransactions,37,11,1,0.1,0.5,3,0.05203525599732001,0.0,1.0,29.722497701644897
BitcoinTransactions,37,11,1,0.1,0.5,4,0.05203525599732001,0.0,1.0,28.754936695098877
BitcoinTransactions,37,11,1,0.1,0.5,5,0.05203525599732001,0.0,1.0,26.316039323806763
BitcoinTransactions,37,11,2,0.15,0.5,1,0.05268939952357492,0.125,1.0,25.60060715675354
BitcoinTransactions,37,11,2,0.15,0.5,2,0.05203525599732001,0.0,1.0,25.816298484802246
BitcoinTransactions,37,11,2,0.15,0.5,3,0.053089798938276256,0.16666666666666666,1.0,25.254430294036865
BitcoinTransactions,37,11,2,0.15,0.5,4,0.051930025582188295,0.0,0.9979667047909518,25.491976737976074
BitcoinTransactions,37,11,2,0.15,0.5,5,0.05203525599732001,0.0,1.0,25.891490936279297
BitcoinTransactions,37,11,2,0.2,0.5,1,0.05203525599732001,0.0,1.0,25.737075805664062
BitcoinTransactions,37,11,2,0.2,0.5,2,0.05202399028619581,0.0,0.999745838098869,25.97586703300476
BitcoinTransactions,37,11,2,0.2,0.5,3,0.05203525599732001,0.0,1.0,26.28108263015747
BitcoinTransactions,37,11,2,0.2,0.5,4,0.052292338417361264,0.0,0.9148557631211082,26.110069513320923
BitcoinTransactions,37,11,2,0.2,0.5,5,0.05162469002803355,0.0,0.9899606049053247,26.143873929977417
BitcoinTransactions,37,11,2,0.25,0.5,1,0.05203525599732001,0.0,1.0,26.143418550491333
BitcoinTransactions,37,11,2,0.25,0.5,2,0.05203525599732001,0.0,1.0,26.39632225036621
BitcoinTransactions,37,11,2,0.25,0.5,3,0.0535504768557485,0.125,1.0,25.667573928833008
BitcoinTransactions,37,11,2,0.25,0.5,4,0.051937516675047875,0.0,0.9975854619392553,26.348478317260742
BitcoinTransactions,37,11,2,0.25,0.5,5,0.05203525599732001,0.0,1.0,26.23869228363037
BitcoinTransactions,37,11,3,0.3,0.5,1,0.05184839285244493,0.0,0.9951709238785106,27.113682985305786
BitcoinTransactions,37,11,3,0.3,0.5,2,0.05203525599732001,0.0,1.0,26.461045742034912
BitcoinTransactions,37,11,3,0.3,0.5,3,0.05203525599732001,0.0,1.0,26.7529776096344
BitcoinTransactions,37,11,3,0.3,0.5,4,0.0534702600546772,0.0625,0.9993645952471725,26.508266925811768
BitcoinTransactions,37,11,3,0.3,0.5,5,0.051793497938727374,0.0,0.9733130003812428,27.84529995918274
BitcoinTransactions,37,11,4,0.35,0.5,1,0.05203525599732001,0.0,1.0,28.681371688842773
BitcoinTransactions,37,11,4,0.35,0.5,2,0.05203525599732001,0.0,1.0,28.487972259521484
BitcoinTransactions,37,11,4,0.35,0.5,3,0.05203525599732001,0.0,1.0,26.644838333129883
BitcoinTransactions,37,11,4,0.35,0.5,4,0.05256052114905642,0.0,0.9370949294700724,28.279552459716797
BitcoinTransactions,37,11,4,0.35,0.5,5,0.05203525599732001,0.0,1.0,28.09760332107544
BitcoinTransactions,37,11,4,0.4,0.5,1,0.05203525599732001,0.0,1.0,27.1593656539917
BitcoinTransactions,37,11,4,0.4,0.5,2,0.05203525599732001,0.0,1.0,27.498172521591187
BitcoinTransactions,37,11,4,0.4,0.5,3,0.05273047688861616,0.1111111111111111,1.0,26.400050163269043
BitcoinTransactions,37,11,4,0.4,0.5,4,0.05203525599732001,0.0,1.0,26.279868602752686
BitcoinTransactions,37,11,4,0.4,0.5,5,0.05203525599732001,0.0,1.0,24.215611457824707
BitcoinTransactions,37,11,4,0.45,0.5,1,0.05203525599732001,0.0,1.0,24.93778133392334
BitcoinTransactions,37,11,4,0.45,0.5,2,0.05216728829942874,0.1111111111111111,1.0,24.913208484649658
BitcoinTransactions,37,11,4,0.45,0.5,3,0.05257598485996673,0.16666666666666666,1.0,25.099846363067627
BitcoinTransactions,37,11,4,0.45,0.5,4,0.05203525599732001,0.0,1.0,24.816084384918213
BitcoinTransactions,37,11,4,0.45,0.5,5,0.05203525599732001,0.0,1.0,25.63630485534668
BitcoinTransactions,37,11,5,0.5,0.5,1,0.05203585653653665,0.0,0.9998729190494345,24.991854906082153
BitcoinTransactions,37,11,5,0.5,0.5,2,0.05203525599732001,0.0,1.0,25.30091381072998
BitcoinTransactions,37,11,5,0.5,0.5,3,0.051725558674356596,0.0,0.9926293048672004,28.03242015838623
BitcoinTransactions,37,11,5,0.5,0.5,4,0.05203525599732001,0.0,1.0,26.172183990478516
BitcoinTransactions,37,11,5,0.5,0.5,5,0.05201505270904984,0.0,0.999745838098869,26.490325689315796
BitcoinTransactions,37,11,6,0.55,0.5,1,0.05203525599732001,0.0,1.0,27.12044858932495
BitcoinTransactions,37,11,6,0.55,0.5,2,0.05203000715559304,0.0,0.999745838098869,27.058541774749756
BitcoinTransactions,37,11,6,0.55,0.5,3,0.05203525599732001,0.0,1.0,25.87358856201172
BitcoinTransactions,37,11,6,0.55,0.5,4,0.05203525599732001,0.0,1.0,25.90868353843689
BitcoinTransactions,37,11,6,0.55,0.5,5,0.05203525599732001,0.0,1.0,25.406332969665527
BitcoinTransactions,37,11,6,0.6,0.5,1,0.05203525599732001,0.0,1.0,25.60641860961914
BitcoinTransactions,37,11,6,0.6,0.5,2,0.05203525599732001,0.0,1.0,26.264190912246704
BitcoinTransactions,37,11,6,0.6,0.5,3,0.05193544419124932,0.05555555555555555,0.9792858050578218,22.597726583480835
BitcoinTransactions,37,11,6,0.6,0.5,4,0.05203525599732001,0.0,1.0,25.47739291191101
BitcoinTransactions,37,11,6,0.6,0.5,5,0.05203525599732001,0.0,1.0,24.133158206939697
BitcoinTransactions,37,11,6,0.65,0.5,1,0.051682867878043534,0.1,1.0,24.263768911361694
BitcoinTransactions,37,11,6,0.65,0.5,2,0.05271493230369951,0.0,0.8628796543398145,24.096789836883545
BitcoinTransactions,37,11,6,0.65,0.5,3,0.05203525599732001,0.0,1.0,23.875458002090454
BitcoinTransactions,37,11,6,0.65,0.5,4,0.05203525599732001,0.0,1.0,23.657047033309937
BitcoinTransactions,37,11,6,0.65,0.5,5,0.05203525599732001,0.0,1.0,23.72342538833618
BitcoinTransactions,37,11,7,0.7,0.5,1,0.05203525599732001,0.0,1.0,23.235560417175293
BitcoinTransactions,37,11,7,0.7,0.5,2,0.052430138363544716,0.05555555555555555,0.9952980048290762,23.552062034606934
BitcoinTransactions,37,11,7,0.7,0.5,3,0.05203525599732001,0.0,1.0,23.84994888305664
BitcoinTransactions,37,11,7,0.7,0.5,4,0.05169873145244822,0.1,1.0,26.40102982521057
BitcoinTransactions,37,11,7,0.7,0.5,5,0.052602946602375834,0.05,0.999745838098869,27.07210683822632
BitcoinTransactions,37,11,8,0.75,0.5,1,0.05203525599732001,0.0,1.0,26.751256704330444
BitcoinTransactions,37,11,8,0.75,0.5,2,0.05203525599732001,0.0,1.0,26.657745122909546
BitcoinTransactions,37,11,8,0.75,0.5,3,0.053465820112129386,0.07142857142857142,0.9998729190494345,25.920771837234497
BitcoinTransactions,37,11,8,0.75,0.5,4,0.05203525599732001,0.0,1.0,25.76163649559021
BitcoinTransactions,37,11,8,0.75,0.5,5,0.05124283457432306,0.03333333333333333,0.988562714449104,25.1817946434021
BitcoinTransactions,37,11,8,0.8,0.5,1,0.05203525599732001,0.0,1.0,23.08116102218628
BitcoinTransactions,37,11,8,0.8,0.5,2,0.051513819811576246,0.0,0.980556614563477,26.24709415435791
BitcoinTransactions,37,11,8,0.8,0.5,3,0.05203525599732001,0.0,1.0,26.879411697387695
BitcoinTransactions,37,11,8,0.8,0.5,4,0.05268358712496537,0.14285714285714285,1.0,23.06679892539978
BitcoinTransactions,37,11,8,0.8,0.5,5,0.05176741699613274,0.05,0.9994916761977379,22.961337327957153
BitcoinTransactions,37,11,8,0.85,0.5,1,0.05130598001787245,0.05555555555555555,0.9904689287075867,23.188048601150513
BitcoinTransactions,37,11,8,0.85,0.5,2,0.0524909217480458,0.0,0.9337908247553691,23.13530683517456
BitcoinTransactions,37,11,8,0.85,0.5,3,0.05203525599732001,0.0,1.0,23.55038547515869
BitcoinTransactions,37,11,8,0.85,0.5,4,0.05203525599732001,0.0,1.0,23.760721921920776
BitcoinTransactions,37,11,8,0.85,0.5,5,0.05203525599732001,0.0,1.0,23.407540798187256
BitcoinTransactions,37,11,9,0.9,0.5,1,0.05203525599732001,0.0,1.0,23.444700717926025
BitcoinTransactions,37,11,9,0.9,0.5,2,0.05203525599732001,0.0,1.0,23.755450010299683
BitcoinTransactions,37,11,9,0.9,0.5,3,0.05203525599732001,0.0,1.0,23.810199975967407
BitcoinTransactions,37,11,9,0.9,0.5,4,0.05203525599732001,0.0,1.0,23.713982820510864
BitcoinTransactions,37,11,9,0.9,0.5,5,0.05203525599732001,0.0,1.0,23.853673458099365
BitcoinTransactions,37,11,10,0.95,0.5,1,0.05160338934534092,0.0,0.9354428771127208,23.45573616027832
BitcoinTransactions,37,11,10,0.95,0.5,2,0.051785993126298294,0.1,1.0,22.640913009643555
BitcoinTransactions,37,11,10,0.95,0.5,3,0.05203525599732001,0.0,1.0,23.40438675880432
BitcoinTransactions,37,11,10,0.95,0.5,4,0.051605239484139295,0.0,0.9879273096962765,23.40707516670227
BitcoinTransactions,37,11,10,0.95,0.5,5,0.05203525599732001,0.0,1.0,23.722174167633057
BitcoinTransactions,37,11,10,1,0.5,1,0.05203525599732001,0.0,1.0,23.474945068359375
BitcoinTransactions,37,11,10,1,0.5,2,0.05198472671627705,0.0,0.9988562714449104,23.264071702957153
BitcoinTransactions,37,11,10,1,0.5,3,0.051435615539375965,0.0,0.9752192146397255,22.734833240509033
BitcoinTransactions,37,11,10,1,0.5,4,0.05203525599732001,0.0,1.0,23.156803369522095
BitcoinTransactions,37,11,10,1,0.5,5,0.0533981512281577,0.16666666666666666,1.0,23.356382369995117
BitcoinTransactions,38,18,0,0,,1,0.054278524383668356,0.0,0.8836174001526329,
BitcoinTransactions,38,18,0,0,,2,0.05195698133155897,0.0,0.9937674891885017,
BitcoinTransactions,38,18,0,0,,3,0.05203525599732001,0.0,1.0,
BitcoinTransactions,38,18,0,0,,4,0.05203525599732001,0.0,1.0,
BitcoinTransactions,38,18,0,0,,5,0.05203525599732001,0.0,1.0,
BitcoinTransactions,38,18,0,0.01,0.5,1,0.05203525599732001,0.0,1.0,23.402560472488403
BitcoinTransactions,38,18,0,0.01,0.5,2,0.05203304067632492,0.058823529411764705,1.0,23.504273653030396
BitcoinTransactions,38,18,0,0.01,0.5,3,0.05203525599732001,0.0,1.0,23.365771532058716
BitcoinTransactions,38,18,0,0.01,0.5,4,0.05265079552856708,0.0625,1.0,23.066288471221924
BitcoinTransactions,38,18,0,0.01,0.5,5,0.05203525599732001,0.0,1.0,24.112589359283447
BitcoinTransactions,38,18,1,0.05,0.5,1,0.05203525599732001,0.0,1.0,23.40905451774597
BitcoinTransactions,38,18,1,0.05,0.5,2,0.051564038171930164,0.0,0.9787585856016281,23.48554563522339
BitcoinTransactions,38,18,1,0.05,0.5,3,0.05203525599732001,0.0,1.0,23.681307077407837
BitcoinTransactions,38,18,1,0.05,0.5,4,0.05195185390758845,0.0,0.9986008649198678,24.222086429595947
BitcoinTransactions,38,18,1,0.05,0.5,5,0.05203525599732001,0.0,1.0,24.344773530960083
BitcoinTransactions,38,18,2,0.1,0.5,1,0.05203525599732001,0.0,1.0,25.629127025604248
BitcoinTransactions,38,18,2,0.1,0.5,2,0.0519739142298935,0.0,0.9991096413126431,25.528521060943604
BitcoinTransactions,38,18,2,0.1,0.5,3,0.05203525599732001,0.0,1.0,25.058144092559814
BitcoinTransactions,38,18,2,0.1,0.5,4,0.05234259620318471,0.06666666666666667,1.0,25.610206604003906
BitcoinTransactions,38,18,2,0.1,0.5,5,0.05203525599732001,0.0,1.0,25.418845415115356
BitcoinTransactions,38,18,3,0.15,0.5,1,0.05203525599732001,0.0,1.0,25.212135314941406
BitcoinTransactions,38,18,3,0.15,0.5,2,0.05203525599732001,0.0,1.0,25.193796157836914
BitcoinTransactions,38,18,3,0.15,0.5,3,0.05203525599732001,0.0,1.0,24.412545919418335
BitcoinTransactions,38,18,3,0.15,0.5,4,0.051939027972540394,0.0,0.9980920885270923,25.07097291946411
BitcoinTransactions,38,18,3,0.15,0.5,5,0.05221024255596246,0.047619047619047616,0.99503943017044,24.923156261444092
BitcoinTransactions,38,18,3,0.2,0.5,1,0.05203525599732001,0.0,1.0,24.928027391433716
BitcoinTransactions,38,18,3,0.2,0.5,2,0.05203525599732001,0.0,1.0,25.01370120048523
BitcoinTransactions,38,18,3,0.2,0.5,3,0.05203525599732001,0.0,1.0,24.614954948425293
BitcoinTransactions,38,18,3,0.2,0.5,4,0.05203525599732001,0.0,1.0,24.262790203094482
BitcoinTransactions,38,18,3,0.2,0.5,5,0.05202143420748929,0.0,0.9997456118036123,24.297800540924072
BitcoinTransactions,38,18,4,0.25,0.5,1,0.05203525599732001,0.0,1.0,24.457606077194214
BitcoinTransactions,38,18,4,0.25,0.5,2,0.05203525599732001,0.0,1.0,25.01436972618103
BitcoinTransactions,38,18,4,0.25,0.5,3,0.05203525599732001,0.0,1.0,25.044978857040405
BitcoinTransactions,38,18,4,0.25,0.5,4,0.05203525599732001,0.0,1.0,23.950337648391724
BitcoinTransactions,38,18,4,0.25,0.5,5,0.05203525599732001,0.0,1.0,22.717101097106934
BitcoinTransactions,38,18,5,0.3,0.5,1,0.05141448745334097,0.0,0.9623505469346222,23.14842700958252
BitcoinTransactions,38,18,5,0.3,0.5,2,0.051974938454484226,0.0,0.9987280590180616,22.902284622192383
BitcoinTransactions,38,18,5,0.3,0.5,3,0.05348536156808056,0.08333333333333333,1.0,23.041616201400757
BitcoinTransactions,38,18,5,0.3,0.5,4,0.05201153124552137,0.0,0.9994912236072246,22.986607789993286
BitcoinTransactions,38,18,5,0.3,0.5,5,0.05383934879529572,0.06060606060606061,0.9996184177054185,22.568328619003296
BitcoinTransactions,38,18,6,0.35,0.5,1,0.05203525599732001,0.0,1.0,23.100364685058594
BitcoinTransactions,38,18,6,0.35,0.5,2,0.05203525599732001,0.0,1.0,22.86534309387207
BitcoinTransactions,38,18,6,0.35,0.5,3,0.05187703194622758,0.0625,1.0,23.331827640533447
BitcoinTransactions,38,18,6,0.35,0.5,4,0.053448496040358034,0.05555555555555555,0.9996184177054185,23.61578345298767
BitcoinTransactions,38,18,6,0.35,0.5,5,0.05193025159089539,0.0,0.997583312134317,24.262084007263184
BitcoinTransactions,38,18,7,0.4,0.5,1,0.05202582736391478,0.0,0.9998728059018062,24.311891317367554
BitcoinTransactions,38,18,7,0.4,0.5,2,0.052042095048958084,0.0,0.999236835410837,24.168874263763428
BitcoinTransactions,38,18,7,0.4,0.5,3,0.05169732219730627,0.0,0.9917323836174001,24.49354910850525
BitcoinTransactions,38,18,7,0.4,0.5,4,0.05203525599732001,0.0,1.0,24.98266625404358
BitcoinTransactions,38,18,7,0.4,0.5,5,0.05203525599732001,0.0,1.0,24.72833275794983
BitcoinTransactions,38,18,8,0.45,0.5,1,0.05191851512124678,0.0,0.9982192826252861,24.99134850502014
BitcoinTransactions,38,18,8,0.45,0.5,2,0.05203525599732001,0.0,1.0,25.015393018722534
BitcoinTransactions,38,18,8,0.45,0.5,3,0.05203525599732001,0.0,1.0,24.855758905410767
BitcoinTransactions,38,18,8,0.45,0.5,4,0.05203525599732001,0.0,1.0,25.361397743225098
BitcoinTransactions,38,18,8,0.45,0.5,5,0.05203525599732001,0.0,1.0,25.13354253768921
BitcoinTransactions,38,18,8,0.5,0.5,1,0.05244954792452492,0.1,1.0,24.664148569107056
BitcoinTransactions,38,18,8,0.5,0.5,2,0.05203525599732001,0.0,1.0,24.38743305206299
BitcoinTransactions,38,18,8,0.5,0.5,3,0.05191195012441615,0.058823529411764705,1.0,24.309924125671387
BitcoinTransactions,38,18,8,0.5,0.5,4,0.05203525599732001,0.0,1.0,25.844623804092407
BitcoinTransactions,38,18,8,0.5,0.5,5,0.05203525599732001,0.0,1.0,26.01977515220642
BitcoinTransactions,38,18,9,0.55,0.5,1,0.05302376315806355,0.020833333333333332,0.9899516662426864,25.96614408493042
BitcoinTransactions,38,18,9,0.55,0.5,2,0.05306848597679285,0.06666666666666667,1.0,25.904566049575806
BitcoinTransactions,38,18,9,0.55,0.5,3,0.051725597855453415,0.0,0.9940218773848893,25.869876861572266
BitcoinTransactions,38,18,9,0.55,0.5,4,0.05203525599732001,0.0,1.0,25.717668056488037
BitcoinTransactions,38,18,9,0.55,0.5,5,0.05203525599732001,0.0,1.0,24.702754259109497
BitcoinTransactions,38,18,10,0.6,0.5,1,0.05184016723248028,0.0,0.9947850419740524,24.457911252975464
BitcoinTransactions,38,18,10,0.6,0.5,2,0.05354898667090239,0.07692307692307693,1.0,24.113327980041504
BitcoinTransactions,38,18,10,0.6,0.5,3,0.05203525599732001,0.0,1.0,24.784254789352417
BitcoinTransactions,38,18,10,0.6,0.5,4,0.05203525599732001,0.0,1.0,25.55039119720459
BitcoinTransactions,38,18,10,0.6,0.5,5,0.05166243798817834,0.0625,1.0,25.254744291305542
BitcoinTransactions,38,18,11,0.65,0.5,1,0.052021594375301204,0.0,0.9994912236072246,25.0764262676239
BitcoinTransactions,38,18,11,0.65,0.5,2,0.05203525599732001,0.0,1.0,24.818708896636963
BitcoinTransactions,38,18,11,0.65,0.5,3,0.05203525599732001,0.0,1.0,24.714220762252808
BitcoinTransactions,38,18,11,0.65,0.5,4,0.051282379064786485,0.0,0.973925209870262,24.271687984466553
BitcoinTransactions,38,18,11,0.65,0.5,5,0.05203525599732001,0.0,1.0,24.58134126663208
BitcoinTransactions,38,18,12,0.7,0.5,1,0.05203525599732001,0.0,1.0,24.681167364120483
BitcoinTransactions,38,18,12,0.7,0.5,2,0.05203525599732001,0.0,1.0,25.08111000061035
BitcoinTransactions,38,18,12,0.7,0.5,3,0.05203525599732001,0.0,1.0,24.922683238983154
BitcoinTransactions,38,18,12,0.7,0.5,4,0.05203525599732001,0.0,1.0,24.54163932800293
BitcoinTransactions,38,18,12,0.7,0.5,5,0.05203525599732001,0.0,1.0,24.609657287597656
BitcoinTransactions,38,18,13,0.75,0.5,1,0.05203525599732001,0.0,1.0,24.751667499542236
BitcoinTransactions,38,18,13,0.75,0.5,2,0.05203525599732001,0.0,1.0,24.151610851287842
BitcoinTransactions,38,18,13,0.75,0.5,3,0.05203525599732001,0.0,1.0,24.125307321548462
BitcoinTransactions,38,18,13,0.75,0.5,4,0.05203525599732001,0.0,1.0,24.731021881103516
BitcoinTransactions,38,18,13,0.75,0.5,5,0.05203525599732001,0.0,1.0,24.237805366516113
BitcoinTransactions,38,18,14,0.8,0.5,1,0.05203525599732001,0.0,1.0,24.414731979370117
BitcoinTransactions,38,18,14,0.8,0.5,2,0.05203525599732001,0.0,1.0,24.861150979995728
BitcoinTransactions,38,18,14,0.8,0.5,3,0.05214148746354271,0.03125,0.9997456118036123,24.433894634246826
BitcoinTransactions,38,18,14,0.8,0.5,4,0.05175666926380498,0.0,0.9933859068939201,24.513214349746704
BitcoinTransactions,38,18,14,0.8,0.5,5,0.05203525599732001,0.0,1.0,24.690622568130493
BitcoinTransactions,38,18,14,0.85,0.5,1,0.05203525599732001,0.0,1.0,24.69088125228882
BitcoinTransactions,38,18,14,0.85,0.5,2,0.05203525599732001,0.0,1.0,26.013012170791626
BitcoinTransactions,38,18,14,0.85,0.5,3,0.053361986280941826,0.05555555555555555,0.9963113711523786,24.930798053741455
BitcoinTransactions,38,18,14,0.85,0.5,4,0.05203525599732001,0.0,1.0,23.49822187423706
BitcoinTransactions,38,18,14,0.85,0.5,5,0.05203525599732001,0.0,1.0,23.788671731948853
BitcoinTransactions,38,18,15,0.9,0.5,1,0.0510122184366579,0.0,0.9706181633172221,23.04785394668579
BitcoinTransactions,38,18,15,0.9,0.5,2,0.05146964538802383,0.0,0.9732892393792928,23.31388831138611
BitcoinTransactions,38,18,15,0.9,0.5,3,0.05203525599732001,0.0,1.0,23.49455165863037
BitcoinTransactions,38,18,15,0.9,0.5,4,0.05203525599732001,0.0,1.0,24.166918754577637
BitcoinTransactions,38,18,15,0.9,0.5,5,0.05203525599732001,0.0,1.0,23.387969255447388
BitcoinTransactions,38,18,16,0.95,0.5,1,0.052700987424930686,0.07407407407407407,0.9993640295090308,23.386915683746338
BitcoinTransactions,38,18,16,0.95,0.5,2,0.05203525599732001,0.0,1.0,23.548868656158447
BitcoinTransactions,38,18,16,0.95,0.5,3,0.05367428564868945,0.06666666666666667,1.0,23.35840106010437
BitcoinTransactions,38,18,16,0.95,0.5,4,0.051968276760417,0.0,0.9987280590180616,23.32921576499939
BitcoinTransactions,38,18,16,0.95,0.5,5,0.05203525599732001,0.0,1.0,23.284098625183105
BitcoinTransactions,38,18,17,1,0.5,1,0.05203525599732001,0.0,1.0,23.6395320892334
BitcoinTransactions,38,18,17,1,0.5,2,0.05203525599732001,0.0,1.0,24.121129512786865
BitcoinTransactions,38,18,17,1,0.5,3,0.05203525599732001,0.0,1.0,23.838886976242065
BitcoinTransactions,38,18,17,1,0.5,4,0.051533569840695626,0.058823529411764705,1.0,23.659878492355347
BitcoinTransactions,38,18,17,1,0.5,5,0.05235001661897497,0.029411764705882353,0.9969473416433478,23.776185750961304
BitcoinTransactions,39,7,0,0,,1,0.05203525599732001,0.0,1.0,
BitcoinTransactions,39,7,0,0,,2,0.05203525599732001,0.0,1.0,
BitcoinTransactions,39,7,0,0,,3,0.05542859565238939,0.1,0.9234091197764511,
BitcoinTransactions,39,7,0,0,,4,0.052028021695074624,0.0,0.999618950844659,
BitcoinTransactions,39,7,0,0,,5,0.05203525599732001,0.0,1.0,
BitcoinTransactions,39,7,0,0.01,0.5,1,0.05203525599732001,0.0,1.0,26.079862117767334
BitcoinTransactions,39,7,0,0.01,0.5,2,0.05203525599732001,0.0,1.0,25.843433618545532
BitcoinTransactions,39,7,0,0.01,0.5,3,0.05203525599732001,0.0,1.0,23.33699131011963
BitcoinTransactions,39,7,0,0.01,0.5,4,0.05190029098213283,0.0,0.9966975739870443,24.368000030517578
BitcoinTransactions,39,7,0,0.01,0.5,5,0.05203525599732001,0.0,1.0,25.299097776412964
BitcoinTransactions,39,7,0,0.05,0.5,1,0.05165624403860892,0.16666666666666666,1.0,25.558746337890625
BitcoinTransactions,39,7,0,0.05,0.5,2,0.05314328729312561,0.25,1.0,25.220547676086426
BitcoinTransactions,39,7,0,0.05,0.5,3,0.05203525599732001,0.0,1.0,25.350034952163696
BitcoinTransactions,39,7,0,0.05,0.5,4,0.05256399429664219,0.2,1.0,25.046208143234253
BitcoinTransactions,39,7,0,0.05,0.5,5,0.05203525599732001,0.0,1.0,25.05133891105652
BitcoinTransactions,39,7,1,0.1,0.5,1,0.05277559295882294,0.125,0.9961895084465896,25.61736226081848
BitcoinTransactions,39,7,1,0.1,0.5,2,0.0535573880288921,0.125,0.9423345611583894,25.47054433822632
BitcoinTransactions,39,7,1,0.1,0.5,3,0.05203525599732001,0.0,1.0,25.5829074382782
BitcoinTransactions,39,7,1,0.1,0.5,4,0.05203525599732001,0.0,1.0,25.508779287338257
BitcoinTransactions,39,7,1,0.1,0.5,5,0.05172160955233448,0.0,0.9870443287184046,25.206182956695557
BitcoinTransactions,39,7,1,0.15,0.5,1,0.052506446268795,0.16666666666666666,1.0,25.896581888198853
BitcoinTransactions,39,7,1,0.15,0.5,2,0.05203525599732001,0.0,1.0,26.797130584716797
BitcoinTransactions,39,7,1,0.15,0.5,3,0.05203525599732001,0.0,1.0,26.028568506240845
BitcoinTransactions,39,7,1,0.15,0.5,4,0.05203525599732001,0.0,1.0,26.61161470413208
BitcoinTransactions,39,7,1,0.15,0.5,5,0.05297579969445911,0.16666666666666666,1.0,25.983033657073975
BitcoinTransactions,39,7,1,0.2,0.5,1,0.05203525599732001,0.0,1.0,25.027238368988037
BitcoinTransactions,39,7,1,0.2,0.5,2,0.05203525599732001,0.0,1.0,24.637304544448853
BitcoinTransactions,39,7,1,0.2,0.5,3,0.05203525599732001,0.0,1.0,24.82778310775757
BitcoinTransactions,39,7,1,0.2,0.5,4,0.05203525599732001,0.0,1.0,23.767716884613037
BitcoinTransactions,39,7,1,0.2,0.5,5,0.05203525599732001,0.0,1.0,23.87888479232788
BitcoinTransactions,39,7,2,0.25,0.5,1,0.05203525599732001,0.0,1.0,24.251513719558716
BitcoinTransactions,39,7,2,0.25,0.5,2,0.05278152071295243,0.0,0.9061348914009907,24.3481023311615
BitcoinTransactions,39,7,2,0.25,0.5,3,0.05203525599732001,0.0,1.0,24.994593620300293
BitcoinTransactions,39,7,2,0.25,0.5,4,0.053083646300040734,0.0,0.8407214530674457,25.858890771865845
BitcoinTransactions,39,7,2,0.25,0.5,5,0.05203525599732001,0.0,1.0,26.326533555984497
BitcoinTransactions,39,7,2,0.3,0.5,1,0.05203525599732001,0.0,1.0,26.230811834335327
BitcoinTransactions,39,7,2,0.3,0.5,2,0.05203525599732001,0.0,1.0,26.185466289520264
BitcoinTransactions,39,7,2,0.3,0.5,3,0.05263770564291392,0.1,0.9438587577797536,25.69045352935791
BitcoinTransactions,39,7,2,0.3,0.5,4,0.05203525599732001,0.0,1.0,25.915303707122803
BitcoinTransactions,39,7,2,0.3,0.5,5,0.05203525599732001,0.0,1.0,26.127215147018433
BitcoinTransactions,39,7,2,0.35,0.5,1,0.05203525599732001,0.0,1.0,26.219743967056274
BitcoinTransactions,39,7,2,0.35,0.5,2,0.05203525599732001,0.0,1.0,25.240216970443726
BitcoinTransactions,39,7,2,0.35,0.5,3,0.05240678370474835,0.0,0.9098183665692874,24.945930242538452
BitcoinTransactions,39,7,2,0.35,0.5,4,0.05203525599732001,0.0,1.0,24.839288234710693
BitcoinTransactions,39,7,2,0.35,0.5,5,0.05203525599732001,0.0,1.0,25.451372861862183
BitcoinTransactions,39,7,2,0.4,0.5,1,0.05203525599732001,0.0,1.0,25.93391704559326
BitcoinTransactions,39,7,2,0.4,0.5,2,0.05203525599732001,0.0,1.0,25.418742895126343
BitcoinTransactions,39,7,2,0.4,0.5,3,0.05195419873859751,0.0,0.9988568525339769,25.62396216392517
BitcoinTransactions,39,7,2,0.4,0.5,4,0.05203525599732001,0.0,1.0,24.913443326950073
BitcoinTransactions,39,7,2,0.4,0.5,5,0.05203525599732001,0.0,1.0,25.41988182067871
BitcoinTransactions,39,7,3,0.45,0.5,1,0.05203525599732001,0.0,1.0,25.107738971710205
BitcoinTransactions,39,7,3,0.45,0.5,2,0.05203525599732001,0.0,1.0,24.865001916885376
BitcoinTransactions,39,7,3,0.45,0.5,3,0.05322591038392362,0.08333333333333333,0.9105804648799695,24.59406614303589
BitcoinTransactions,39,7,3,0.45,0.5,4,0.05203525599732001,0.0,1.0,26.753751754760742
BitcoinTransactions,39,7,3,0.45,0.5,5,0.05203525599732001,0.0,1.0,26.318196535110474
BitcoinTransactions,39,7,3,0.5,0.5,1,0.051587011367036265,0.0,0.989711672805792,26.16289782524109
BitcoinTransactions,39,7,3,0.5,0.5,2,0.05203525599732001,0.0,1.0,25.955276250839233
BitcoinTransactions,39,7,3,0.5,0.5,3,0.05130965572001251,0.0,0.9762479359837419,26.05220627784729
BitcoinTransactions,39,7,3,0.5,0.5,4,0.05203525599732001,0.0,1.0,26.021792888641357
BitcoinTransactions,39,7,3,0.5,0.5,5,0.05203525599732001,0.0,1.0,25.005345582962036
BitcoinTransactions,39,7,3,0.55,0.5,1,0.05203525599732001,0.0,1.0,24.373027801513672
BitcoinTransactions,39,7,3,0.55,0.5,2,0.05203525599732001,0.0,1.0,24.42600417137146
BitcoinTransactions,39,7,3,0.55,0.5,3,0.05203525599732001,0.0,1.0,24.77798295021057
BitcoinTransactions,39,7,3,0.55,0.5,4,0.05199306430396054,0.0,0.9989838689190905,24.514838695526123
BitcoinTransactions,39,7,3,0.55,0.5,5,0.05203525599732001,0.0,1.0,24.606475114822388
BitcoinTransactions,39,7,4,0.6,0.5,1,0.052210834734984626,0.0,0.7100215927854693,24.08822202682495
BitcoinTransactions,39,7,4,0.6,0.5,2,0.05203525599732001,0.0,1.0,24.70772385597229
BitcoinTransactions,39,7,4,0.6,0.5,3,0.05193302149339002,0.0,0.9975866886828401,24.59766173362732
BitcoinTransactions,39,7,4,0.6,0.5,4,0.05203525599732001,0.0,1.0,23.574734210968018
BitcoinTransactions,39,7,4,0.6,0.5,5,0.05203525599732001,0.0,1.0,18.67084050178528
BitcoinTransactions,39,7,4,0.65,0.5,1,0.05203525599732001,0.0,1.0,19.169869661331177
BitcoinTransactions,39,7,4,0.65,0.5,2,0.05203525599732001,0.0,1.0,18.660631895065308
BitcoinTransactions,39,7,4,0.65,0.5,3,0.05203525599732001,0.0,1.0,18.867096185684204
BitcoinTransactions,39,7,4,0.65,0.5,4,0.05203525599732001,0.0,1.0,17.975757360458374
BitcoinTransactions,39,7,4,0.65,0.5,5,0.05203525599732001,0.0,1.0,17.837928533554077
BitcoinTransactions,39,7,4,0.7,0.5,1,0.05203525599732001,0.0,1.0,19.277266263961792
BitcoinTransactions,39,7,4,0.7,0.5,2,0.05203525599732001,0.0,1.0,18.510969638824463
BitcoinTransactions,39,7,4,0.7,0.5,3,0.05203525599732001,0.0,1.0,19.0465145111084
BitcoinTransactions,39,7,4,0.7,0.5,4,0.05144012338985731,0.0,0.96824590372158,18.78578472137451
BitcoinTransactions,39,7,4,0.7,0.5,5,0.05203525599732001,0.0,1.0,18.714902877807617
BitcoinTransactions,39,7,4,0.75,0.5,1,0.05203525599732001,0.0,1.0,18.934268951416016
BitcoinTransactions,39,7,4,0.75,0.5,2,0.05203525599732001,0.0,1.0,19.93659543991089
BitcoinTransactions,39,7,4,0.75,0.5,3,0.05323593832160682,0.125,0.9997459672297726,23.370976209640503
BitcoinTransactions,39,7,4,0.75,0.5,4,0.05315937104440435,0.16666666666666666,1.0,24.10193109512329
BitcoinTransactions,39,7,4,0.75,0.5,5,0.05203525599732001,0.0,1.0,24.18402600288391
BitcoinTransactions,39,7,5,0.8,0.5,1,0.053973582278590664,0.2,1.0,23.6701180934906
BitcoinTransactions,39,7,5,0.8,0.5,2,0.05203525599732001,0.0,1.0,24.069160223007202
BitcoinTransactions,39,7,5,0.8,0.5,3,0.05198429314284649,0.0,0.9988568525339769,23.743232250213623
BitcoinTransactions,39,7,5,0.8,0.5,4,0.05203525599732001,0.0,1.0,23.75405240058899
BitcoinTransactions,39,7,5,0.8,0.5,5,0.05263804301398385,0.2,1.0,23.64613437652588
BitcoinTransactions,39,7,5,0.85,0.5,1,0.05203525599732001,0.0,1.0,24.54722571372986
BitcoinTransactions,39,7,5,0.85,0.5,2,0.05338354545919649,0.13333333333333333,0.9993649180744316,24.318760871887207
BitcoinTransactions,39,7,5,0.85,0.5,3,0.05160187780861814,0.0,0.9846310174012448,24.19602108001709
BitcoinTransactions,39,7,5,0.85,0.5,4,0.05203525599732001,0.0,1.0,24.24167513847351
BitcoinTransactions,39,7,5,0.85,0.5,5,0.05203525599732001,0.0,1.0,24.150047063827515
BitcoinTransactions,39,7,5,0.9,0.5,1,0.05203525599732001,0.0,1.0,24.355445861816406
BitcoinTransactions,39,7,5,0.9,0.5,2,0.05203525599732001,0.0,1.0,24.825868129730225
BitcoinTransactions,39,7,5,0.9,0.5,3,0.05203525599732001,0.0,1.0,24.87741255760193
BitcoinTransactions,39,7,5,0.9,0.5,4,0.051946949344077654,0.0,0.9986028197637495,24.598777770996094
BitcoinTransactions,39,7,5,0.9,0.5,5,0.05203525599732001,0.0,1.0,24.826865673065186
BitcoinTransactions,39,7,6,0.95,0.5,1,0.05203525599732001,0.0,1.0,25.65750813484192
BitcoinTransactions,39,7,6,0.95,0.5,2,0.05203525599732001,0.0,1.0,26.56313920021057
BitcoinTransactions,39,7,6,0.95,0.5,3,0.05203525599732001,0.0,1.0,27.23873996734619
BitcoinTransactions,39,7,6,0.95,0.5,4,0.05203525599732001,0.0,1.0,26.934170961380005
BitcoinTransactions,39,7,6,0.95,0.5,5,0.05203525599732001,0.0,1.0,26.70429015159607
BitcoinTransactions,39,7,6,1,0.5,1,0.05323837636272489,0.2,1.0,26.277695178985596
BitcoinTransactions,39,7,6,1,0.5,2,0.05203525599732001,0.0,1.0,27.346372842788696
BitcoinTransactions,39,7,6,1,0.5,3,0.05203525599732001,0.0,1.0,27.337339401245117
BitcoinTransactions,39,7,6,1,0.5,4,0.05259775797362111,0.16666666666666666,1.0,26.407174348831177
BitcoinTransactions,39,7,6,1,0.5,5,0.05203525599732001,0.0,1.0,26.550770044326782
