network_name,target_label,target_size,b,b_percentage,p,realization,ECS,M1,M2,elapsed_time_sec
Facebook,1,350,0,0,,0,0.7594270133019644,0.0004519774011299435,0.10002710761724044,
Facebook,1,350,0,0,,0,0.7640755530608918,0.0005797101449275362,0.06017891027378693,
Facebook,1,350,0,0,,0,0.8085316944933741,0.00038424591738712776,0.05475738682569802,
Facebook,1,350,0,0,,0,0.7954875682027894,0.0007751937984496124,0.22309568988885878,
Facebook,1,350,0,0,,0,0.7651713162751698,0.00101010101010101,0.2708050962320412,
Facebook,1,350,0,0,,0,0.7315371458609456,0.00019102196752626553,0.08322038492816482,
Facebook,1,350,0,0,,0,0.701653077117602,0.0003992015968063872,0.08267823258335592,
Facebook,1,350,0,0,,0,0.7746777950853542,0.0007889546351084812,0.16860937923556518,
Facebook,1,350,0,0,,0,0.7987880865410284,0.0,0.000813228517213337,
Facebook,1,350,0,0,,0,0.7818406614234513,0.0,0.007590132827324478,
Facebook,1,350,0,0,,0,0.7010191895383105,0.00045662100456621003,0.10517755489292491,
Facebook,1,350,0,0,,0,0.7074429105586305,0.00044004400440044003,0.09596096503117375,
Facebook,1,350,0,0,,0,0.7817505061357359,0.0003853564547206166,0.09596096503117375,
Facebook,1,350,0,0,,0,0.691529000881477,0.00038424591738712776,0.15207373271889402,
Facebook,1,350,0,0,,0,0.7619456293789596,0.0,0.007319056654920032,
Facebook,1,350,0,0,,0,0.600251109839352,0.0008574490889603429,0.28490105719707237,
Facebook,1,350,0,0,,0,0.6871448261745846,0.0009987515605493133,0.1959880726484142,
Facebook,1,350,0,0,,0,0.6825148103617341,0.0007722007722007722,0.15207373271889402,
Facebook,1,350,0,0,,0,0.721009581428235,0.0010548523206751054,0.2138791000271076,
Facebook,1,350,0,0,,0,0.7715328341397889,0.0008056394763343404,0.16345893195988073,
Facebook,1,350,0,0,,0,0.7631794585065683,0.00038424591738712776,0.1181892111683383,
Facebook,1,350,0,0,,0,0.7775157369541292,0.00019102196752626553,0.04364326375711575,
Facebook,1,350,0,0,,0,0.7155829074439244,0.0006060606060606061,0.19517484413120087,
Facebook,1,350,0,0,,0,0.7621596978509125,0.0003944773175542406,0.09568988885876932,
Facebook,1,350,0,0,,0,0.726022142670551,0.0008230452674897119,0.23312550826782324,
Facebook,1,350,28,0.01,0.5,1,0.2716601587089762,0.0011730205278592375,0.36026023312550826,5.530177354812622
Facebook,1,350,28,0.01,0.5,2,0.2550050874542204,0.0015005359056806003,0.478720520466251,5.2728283405303955
Facebook,1,350,28,0.01,0.5,3,0.28878064812834037,0.0013972055888223553,0.47844944429384656,5.394447326660156
Facebook,1,350,28,0.01,0.5,4,0.2700531420524172,0.001388888888888889,0.44564922743290863,4.861308813095093
Facebook,1,350,28,0.01,0.5,5,0.24694486389871656,0.0017857142857142857,0.45838980753591757,5.0449206829071045
Facebook,1,350,28,0.01,0.5,6,0.28303780786505345,0.0007797270955165692,0.2675521821631879,4.843960762023926
Facebook,1,350,28,0.01,0.5,7,0.2809227580021705,0.0007820136852394917,0.2653835727839523,4.998087644577026
Facebook,1,350,28,0.01,0.5,8,0.2706107455995102,0.0007774538386783285,0.25616698292220114,4.833094120025635
Facebook,1,350,28,0.01,0.5,9,0.26798106506440156,0.001176470588235294,0.4044456492274329,4.83321475982666
Facebook,1,350,28,0.01,0.5,10,0.2358976452328372,0.0014492753623188406,0.38818107888316616,5.041496753692627
Facebook,1,350,28,0.01,0.5,11,0.27429378670278687,0.0008230452674897119,0.28408782867985904,4.837051153182983
Facebook,1,350,28,0.01,0.5,12,0.27508152282267856,0.0009718172983479105,0.3545676335050149,5.059705972671509
Facebook,1,350,28,0.01,0.5,13,0.2629311314619088,0.001001001001001001,0.3551097858498238,4.857147932052612
Facebook,1,350,28,0.01,0.5,14,0.27640975014368513,0.0009746588693957114,0.3505014909189482,5.01976466178894
Facebook,1,350,28,0.01,0.5,15,0.22568377065906553,0.002064896755162242,0.4467335321225264,4.856993675231934
Facebook,1,350,28,0.01,0.5,16,0.2578782272959866,0.0010319917440660474,0.30902683654106805,5.046487331390381
Facebook,1,350,28,0.01,0.5,17,0.27894685978496236,0.0007774538386783285,0.2976416373000813,4.875798225402832
Facebook,1,350,28,0.01,0.5,18,0.26993112406000935,0.0009775171065493646,0.38330170777988615,5.058091640472412
Facebook,1,350,28,0.01,0.5,19,0.28575194460378067,0.0007797270955165692,0.2908647329899702,4.928145170211792
Facebook,1,350,28,0.01,0.5,20,0.2758818852481259,0.0009746588693957114,0.3860124695039306,5.071054220199585
Facebook,1,350,28,0.01,0.5,21,0.2733549663580074,0.0017601760176017601,0.5673624288425048,4.909112453460693
Facebook,1,350,28,0.01,0.5,22,0.27264215091103683,0.0009775171065493646,0.36432637571157495,5.049786329269409
Facebook,1,350,28,0.01,0.5,23,0.25712024349374507,0.0011799410029498525,0.3887232312279751,4.9405763149261475
Facebook,1,350,28,0.01,0.5,24,0.2900231091673642,0.0011730205278592375,0.3629709948495527,5.081988334655762
Facebook,1,350,28,0.01,0.5,25,0.25735767330744846,0.0010193679918450561,0.3098400650582814,4.982293605804443
Facebook,1,350,142,0.05,0.5,1,0.25839870870046805,0.0013972055888223553,0.473841149362971,5.096299886703491
Facebook,1,350,142,0.05,0.5,2,0.2559023672019977,0.0017478152309612985,0.43155326646787745,4.959292411804199
Facebook,1,350,142,0.05,0.5,3,0.2648750952146336,0.000980392156862745,0.32610463540254814,5.109043836593628
Facebook,1,350,142,0.05,0.5,4,0.24492719682658362,0.0014035087719298245,0.3675792897804283,4.989632606506348
Facebook,1,350,142,0.05,0.5,5,0.2694262577915897,0.001226993865030675,0.4204391433992952,5.116368532180786
Facebook,1,350,142,0.05,0.5,6,0.23491851539362185,0.0015325670498084292,0.3664949850908105,4.9558117389678955
Facebook,1,350,142,0.05,0.5,7,0.28841097229248797,0.0013245033112582781,0.45025752236378425,5.097246408462524
Facebook,1,350,142,0.05,0.5,8,0.2663191630439285,0.0009832841691248771,0.366766061263215,4.914593458175659
Facebook,1,350,142,0.05,0.5,9,0.21334532374054713,0.0026936026936026937,0.49959338574139334,5.109593868255615
Facebook,1,350,142,0.05,0.5,10,0.2744000592204931,0.0013972055888223553,0.44429384657088644,4.930217504501343
Facebook,1,350,142,0.05,0.5,11,0.2757636086339692,0.001001001001001001,0.36188669015993497,5.083962440490723
Facebook,1,350,142,0.05,0.5,12,0.26482340460654624,0.0014014014014014013,0.511520737327189,4.960072755813599
Facebook,1,350,142,0.05,0.5,13,0.23912770672292868,0.0012307692307692308,0.42911358091623747,5.088123083114624
Facebook,1,350,142,0.05,0.5,14,0.2811338125737753,0.0009891196834817012,0.3578205475738683,4.956580400466919
Facebook,1,350,142,0.05,0.5,15,0.275943929031172,0.0012422360248447205,0.42233667660612634,5.1129631996154785
Facebook,1,350,142,0.05,0.5,16,0.2748058815593407,0.0018181818181818182,0.5960965031173759,4.946890115737915
Facebook,1,350,142,0.05,0.5,17,0.2711517017952428,0.0014227642276422765,0.4700460829493088,5.088664293289185
Facebook,1,350,142,0.05,0.5,18,0.253337750380769,0.0013157894736842105,0.3567362428842505,4.933726787567139
Facebook,1,350,142,0.05,0.5,19,0.23213563964414918,0.0017948717948717949,0.5180265654648957,5.142774343490601
Facebook,1,350,142,0.05,0.5,20,0.23510357911412222,0.0031007751937984496,0.5576036866359447,4.918761253356934
Facebook,1,350,142,0.05,0.5,21,0.27102737151692474,0.0009861932938856016,0.33423692057468146,5.075943946838379
Facebook,1,350,142,0.05,0.5,22,0.24752702597556028,0.0012461059190031153,0.3670371374356194,4.938978910446167
Facebook,1,350,142,0.05,0.5,23,0.280541884655428,0.0010256410256410256,0.371645432366495,5.09402060508728
Facebook,1,350,142,0.05,0.5,24,0.27253468063878217,0.000980392156862745,0.41068040119273513,4.95632266998291
Facebook,1,350,142,0.05,0.5,25,0.26139461930730906,0.0014098690835850957,0.4388723231227975,5.149650812149048
Facebook,1,350,284,0.1,0.5,1,0.23482594039638238,0.0019943019943019944,0.47546760639739766,4.957760810852051
Facebook,1,350,284,0.1,0.5,2,0.2516452706207728,0.0016877637130801688,0.5502846299810247,4.971710681915283
Facebook,1,350,284,0.1,0.5,3,0.251617390552913,0.0013698630136986301,0.419083762537273,5.133649826049805
Facebook,1,350,284,0.1,0.5,4,0.2525537960447237,0.001851851851851852,0.5020330712930333,4.977429151535034
Facebook,1,350,284,0.1,0.5,5,0.22411640827023124,0.0029850746268656717,0.5958254269449715,5.118641376495361
Facebook,1,350,284,0.1,0.5,6,0.24431650889407922,0.0020477815699658703,0.593114665220927,5.131431579589844
Facebook,1,350,284,0.1,0.5,7,0.26078812818842056,0.0020278833967046894,0.5172133369476823,4.94217848777771
Facebook,1,350,284,0.1,0.5,8,0.22456474190990203,0.004471544715447155,0.670913526701003,5.133120775222778
Facebook,1,350,284,0.1,0.5,9,0.2194493558326793,0.0035460992907801418,0.6386554621848739,4.943505525588989
Facebook,1,350,284,0.1,0.5,10,0.2669658571355325,0.0009832841691248771,0.3507725670913527,4.99268913269043
Facebook,1,350,284,0.1,0.5,11,0.23781960807344424,0.0030188679245283017,0.7720249390078612,5.095243692398071
Facebook,1,350,284,0.1,0.5,12,0.26545140219379654,0.001869158878504673,0.5475738682569802,4.9543116092681885
Facebook,1,350,284,0.1,0.5,13,0.2737517098188411,0.001183431952662722,0.3919761452968284,5.1052210330963135
Facebook,1,350,284,0.1,0.5,14,0.229637285968617,0.0029850746268656717,0.6004337218758471,4.943883895874023
Facebook,1,350,284,0.1,0.5,15,0.22416179360009836,0.0030131826741996233,0.5215505557061534,5.140282154083252
Facebook,1,350,284,0.1,0.5,16,0.23901951003539018,0.0028846153846153848,0.6543778801843319,4.988158226013184
Facebook,1,350,284,0.1,0.5,17,0.2644618891066798,0.001226993865030675,0.43263757115749524,5.124506711959839
Facebook,1,350,284,0.1,0.5,18,0.2556977003191863,0.00130718954248366,0.4055299539170507,4.992176294326782
Facebook,1,350,284,0.1,0.5,19,0.23141548572792087,0.0024291497975708503,0.6378422336676606,5.122610807418823
Facebook,1,350,284,0.1,0.5,20,0.23660117895218505,0.0024067388688327317,0.6104635402548116,4.969120740890503
Facebook,1,350,284,0.1,0.5,21,0.2599123835149088,0.0016210739614994933,0.4928164814312822,5.0984110832214355
Facebook,1,350,284,0.1,0.5,22,0.22122210479132462,0.002680067001675042,0.4941718622933044,4.997044563293457
Facebook,1,350,284,0.1,0.5,23,0.26457390281080884,0.0018633540372670807,0.6248305773922472,5.091252326965332
Facebook,1,350,284,0.1,0.5,24,0.24160567122665802,0.002962962962962963,0.6606126321496341,4.959847927093506
Facebook,1,350,284,0.1,0.5,25,0.2657077051605056,0.0019169329073482429,0.5966386554621849,5.10263466835022
Facebook,1,350,427,0.15,0.5,1,0.22168729035611626,0.004705882352941176,0.8170235836269992,4.995010852813721
Facebook,1,350,427,0.15,0.5,2,0.25677662346813057,0.002307692307692308,0.5405258877744646,5.108837842941284
Facebook,1,350,427,0.15,0.5,3,0.2140192785996194,0.004694835680751174,0.6381133098400651,4.985597610473633
Facebook,1,350,427,0.15,0.5,4,0.2053281350772095,0.004051565377532229,0.7205204662510165,5.141276121139526
Facebook,1,350,427,0.15,0.5,5,0.2517785536135134,0.0033452807646356035,0.9392789373814042,4.9633142948150635
Facebook,1,350,427,0.15,0.5,6,0.20986145306818135,0.004571428571428572,0.813228517213337,5.1817827224731445
Facebook,1,350,427,0.15,0.5,7,0.2536859680639152,0.002502844141069397,0.7283816752507455,4.984422445297241
Facebook,1,350,427,0.15,0.5,8,0.21939116928545085,0.004140786749482402,0.6324207102195717,5.116106033325195
Facebook,1,350,427,0.15,0.5,9,0.24519688066498377,0.002306805074971165,0.6500406614258607,4.939544439315796
Facebook,1,350,427,0.15,0.5,10,0.23569527315225997,0.0032828282828282827,0.8335592301436704,5.126199245452881
Facebook,1,350,427,0.15,0.5,11,0.24490343368057402,0.003005464480874317,0.7386825698021144,4.9363086223602295
Facebook,1,350,427,0.15,0.5,12,0.20775424452235455,0.004339250493096647,0.74573055028463,5.1364641189575195
Facebook,1,350,427,0.15,0.5,13,0.26277601213583424,0.0018018018018018018,0.45866088370832203,4.9424824714660645
Facebook,1,350,427,0.15,0.5,14,0.251346198724357,0.0027522935779816515,0.6015180265654649,5.126814842224121
Facebook,1,350,427,0.15,0.5,15,0.27899799346749854,0.001834862385321101,0.6272702629438872,4.956049919128418
Facebook,1,350,427,0.15,0.5,16,0.24881440180290956,0.0029451137884872825,0.7186229330441855,5.147739410400391
Facebook,1,350,427,0.15,0.5,17,0.2290814771312221,0.003703703703703704,0.5424234209812957,4.974654197692871
Facebook,1,350,427,0.15,0.5,18,0.21539000013279586,0.005057471264367816,0.7291949037679588,5.145040035247803
Facebook,1,350,427,0.15,0.5,19,0.230777865521048,0.003260869565217391,0.6015180265654649,4.9750776290893555
Facebook,1,350,427,0.15,0.5,20,0.21296992407217524,0.002857142857142857,0.6044998644619138,5.130971193313599
Facebook,1,350,427,0.15,0.5,21,0.2632363933348095,0.0026845637583892616,0.7367850365952833,4.984457969665527
Facebook,1,350,427,0.15,0.5,22,0.20639334859397848,0.0032085561497326204,0.5792897804283004,5.118788480758667
Facebook,1,350,427,0.15,0.5,23,0.2632682305799048,0.0028047464940668823,0.8346435348332881,4.975262403488159
Facebook,1,350,427,0.15,0.5,24,0.21928237718522048,0.0035665294924554186,0.9010571970723773,5.117594480514526
Facebook,1,350,427,0.15,0.5,25,0.25679315217486304,0.001875,0.6188669015993494,4.972915410995483
Facebook,1,350,569,0.2,0.5,1,0.2092659052283515,0.004526748971193415,0.7348875033884521,5.142541885375977
Facebook,1,350,569,0.2,0.5,2,0.2332236997914227,0.0030721966205837174,0.6408240715641095,4.974016189575195
Facebook,1,350,569,0.2,0.5,3,0.20360748166811388,0.007235142118863049,0.9365681756573597,5.147241592407227
Facebook,1,350,569,0.2,0.5,4,0.22645042458486858,0.004246284501061571,0.6538357278395229,4.956358432769775
Facebook,1,350,569,0.2,0.5,5,0.21925356780391414,0.0027649769585253456,0.6031444835998916,5.141822338104248
Facebook,1,350,569,0.2,0.5,6,0.2082567618769792,0.00421455938697318,0.7316345893195988,4.976745367050171
Facebook,1,350,569,0.2,0.5,7,0.23680913203749307,0.0027465667915106116,0.7142857142857143,5.121468544006348
Facebook,1,350,569,0.2,0.5,8,0.22062199227675738,0.008333333333333333,0.7863919761452969,5.043111324310303
Facebook,1,350,569,0.2,0.5,9,0.2132724011542699,0.004964539007092199,0.9457847655191108,5.097827434539795
Facebook,1,350,569,0.2,0.5,10,0.21557085964416364,0.004074074074074074,0.7148278666305232,4.945994853973389
Facebook,1,350,569,0.2,0.5,11,0.210879349187285,0.005479452054794521,0.7918134995933858,5.122312307357788
Facebook,1,350,569,0.2,0.5,12,0.22948450647095706,0.0039603960396039604,0.835727839522906,4.955331563949585
Facebook,1,350,569,0.2,0.5,13,0.21593845644542764,0.004419889502762431,0.8050962320412036,5.114789724349976
Facebook,1,350,569,0.2,0.5,14,0.24880991730226537,0.002181818181818182,0.6229330441854161,4.965360164642334
Facebook,1,350,569,0.2,0.5,15,0.22479781705172344,0.00502283105022831,0.715370018975332,5.121941328048706
Facebook,1,350,569,0.2,0.5,16,0.22441682803079327,0.003738317757009346,0.7790729194903768,4.9490907192230225
Facebook,1,350,569,0.2,0.5,17,0.20185972139449582,0.006944444444444444,1.0,5.128215789794922
Facebook,1,350,569,0.2,0.5,18,0.20557484858167913,0.006111111111111111,0.7172675521821632,4.963975429534912
Facebook,1,350,569,0.2,0.5,19,0.2282785131742824,0.004419889502762431,0.7958796421794524,5.136212348937988
Facebook,1,350,569,0.2,0.5,20,0.21557279773401145,0.005164319248826291,0.7465437788018433,5.021945476531982
Facebook,1,350,569,0.2,0.5,21,0.21109457344982138,0.007162534435261708,0.822987259419897,5.1482322216033936
Facebook,1,350,569,0.2,0.5,22,0.2041268436971174,0.0057553956834532375,0.8368121442125237,4.937603235244751
Facebook,1,350,569,0.2,0.5,23,0.2567930373555481,0.003452855245683931,0.8449444293846571,5.124032497406006
Facebook,1,350,569,0.2,0.5,24,0.19892054914851126,0.007344632768361582,0.8457576579018704,4.943779230117798
Facebook,1,350,569,0.2,0.5,25,0.2399784508659246,0.003003003003003003,0.6351314719436162,5.0869059562683105
Facebook,1,350,711,0.25,0.5,1,0.20531904273436186,0.005432098765432099,0.6928706966657631,4.990536212921143
Facebook,1,350,711,0.25,0.5,2,0.2022014348418927,0.007977207977207978,0.9119002439685552,5.1360297203063965
Facebook,1,350,711,0.25,0.5,3,0.20999302716603185,0.006103286384976526,0.8744917321767417,4.991232872009277
Facebook,1,350,711,0.25,0.5,4,0.1823910854586685,0.007619047619047619,0.7915424234209812,5.165943145751953
Facebook,1,350,711,0.25,0.5,5,0.22401186507465343,0.005208333333333333,1.0,5.000842809677124
Facebook,1,350,711,0.25,0.5,6,0.18722597130586446,0.00718954248366013,0.7088641908376254,5.116117238998413
Facebook,1,350,711,0.25,0.5,7,0.22686719113205275,0.0036363636363636364,0.818107888316617,4.989029884338379
Facebook,1,350,711,0.25,0.5,8,0.2088772140131487,0.0047138047138047135,0.9308755760368663,5.1260974407196045
Facebook,1,350,711,0.25,0.5,9,0.19227099877656056,0.0044444444444444444,0.7020872865275142,4.988977432250977
Facebook,1,350,711,0.25,0.5,10,0.19990409346640717,0.004761904761904762,0.6936839251829764,5.160195350646973
Facebook,1,350,711,0.25,0.5,11,0.20224187617015518,0.0044444444444444444,0.7403090268365411,4.94989538192749
Facebook,1,350,711,0.25,0.5,12,0.192743986297622,0.005673758865248227,0.8286798590403903,5.139209270477295
Facebook,1,350,711,0.25,0.5,13,0.20102293584143913,0.0066157760814249365,0.8709677419354839,4.951591730117798
Facebook,1,350,711,0.25,0.5,14,0.19672911943401303,0.00784313725490196,0.7823258335592301,5.150192499160767
Facebook,1,350,711,0.25,0.5,15,0.2016781574564375,0.007162534435261708,0.8595825426944972,4.928635358810425
Facebook,1,350,711,0.25,0.5,16,0.1964645787404526,0.004624277456647399,0.74573055028463,5.136972904205322
Facebook,1,350,711,0.25,0.5,17,0.22263977159502377,0.005161290322580645,0.8224451070750881,4.922093152999878
Facebook,1,350,711,0.25,0.5,18,0.22572104632131587,0.0042780748663101605,0.7511520737327189,5.078725814819336
Facebook,1,350,711,0.25,0.5,19,0.279358388838996,0.003062426383981154,0.8671726755218216,4.927457809448242
Facebook,1,350,711,0.25,0.5,20,0.18624675521414083,0.011711711711711712,0.8378964489021415,5.117426872253418
Facebook,1,350,711,0.25,0.5,21,0.19634763658443788,0.006060606060606061,0.8151260504201681,4.956029415130615
Facebook,1,350,711,0.25,0.5,22,0.20427574323055464,0.0077192982456140355,0.7489834643534833,5.093624591827393
Facebook,1,350,711,0.25,0.5,23,0.22834006817810593,0.004188481675392671,0.8650040661425861,4.9627673625946045
Facebook,1,350,711,0.25,0.5,24,0.2002884605467864,0.006103286384976526,0.837625372729737,5.089599370956421
Facebook,1,350,711,0.25,0.5,25,0.21364997706409972,0.0044943820224719105,0.8392518297641637,4.964561939239502
Facebook,1,350,854,0.3,0.5,1,0.20612371065297883,0.004968944099378882,0.7996747085931146,5.13404393196106
Facebook,1,350,854,0.3,0.5,2,0.21482341206370284,0.004093567251461989,0.8986175115207373,5.000649690628052
Facebook,1,350,854,0.3,0.5,3,0.23984827685891805,0.004878048780487805,1.0,5.15429162979126
Facebook,1,350,854,0.3,0.5,4,0.23568669534613385,0.003587443946188341,0.7221469232854432,5.000054836273193
Facebook,1,350,854,0.3,0.5,5,0.2097632414313331,0.00851063829787234,0.7977771753862836,5.175234794616699
Facebook,1,350,854,0.3,0.5,6,0.18125896597322527,0.006097560975609756,1.0,5.068293333053589
Facebook,1,350,854,0.3,0.5,7,0.1986482239709222,0.010727969348659003,0.9232854432095419,5.253214597702026
Facebook,1,350,854,0.3,0.5,8,0.1816393218645499,0.008333333333333333,0.919761452968284,5.045644998550415
Facebook,1,350,854,0.3,0.5,9,0.19186547495250303,0.007407407407407408,0.7820547573868257,5.208238840103149
Facebook,1,350,854,0.3,0.5,10,0.20008994332155206,0.00847457627118644,1.0,5.025359392166138
Facebook,1,350,854,0.3,0.5,11,0.18538677484156796,0.008484848484848486,0.9186771482786663,5.2124857902526855
Facebook,1,350,854,0.3,0.5,12,0.1912481560717783,0.009523809523809525,1.0,5.008998155593872
Facebook,1,350,854,0.3,0.5,13,0.21990600085844436,0.008333333333333333,0.6736242884250474,5.223968267440796
Facebook,1,350,854,0.3,0.5,14,0.22816504245358538,0.006369426751592357,1.0,5.018895387649536
Facebook,1,350,854,0.3,0.5,15,0.1909500990389204,0.011522633744855968,0.9362970994849553,5.238297700881958
Facebook,1,350,854,0.3,0.5,16,0.1905893980659871,0.009929078014184398,0.9238275955543508,5.013016700744629
Facebook,1,350,854,0.3,0.5,17,0.20479316392721256,0.005479452054794521,0.813228517213337,5.169462442398071
Facebook,1,350,854,0.3,0.5,18,0.1911989836691962,0.007936507936507936,1.0,4.984606981277466
Facebook,1,350,854,0.3,0.5,19,0.2038247105188769,0.005161290322580645,0.7638926538357278,5.1919708251953125
Facebook,1,350,854,0.3,0.5,20,0.22894003433465515,0.0035897435897435897,0.9159663865546218,5.020464658737183
Facebook,1,350,854,0.3,0.5,21,0.22967671874057227,0.006326034063260341,0.8609379235565194,5.167975902557373
Facebook,1,350,854,0.3,0.5,22,0.22181083282535796,0.005970149253731343,0.795608566007048,4.999034404754639
Facebook,1,350,854,0.3,0.5,23,0.2042361555479602,0.009900990099009901,1.0,5.104783296585083
Facebook,1,350,854,0.3,0.5,24,0.20866444574237994,0.00980392156862745,1.0,4.910259246826172
Facebook,1,350,854,0.3,0.5,25,0.19498864444211492,0.004856512141280353,0.7427487123881811,5.114196300506592
Facebook,1,350,996,0.35,0.5,1,0.22139711190954509,0.005394990366088632,0.8975332068311196,4.919744491577148
Facebook,1,350,996,0.35,0.5,2,0.19645467331973798,0.008580858085808581,0.845486581729466,5.212830305099487
Facebook,1,350,996,0.35,0.5,3,0.20778811050144796,0.007713498622589532,0.957441040932502,4.915560007095337
Facebook,1,350,996,0.35,0.5,4,0.17399221026494485,0.012658227848101266,1.0,5.121957540512085
Facebook,1,350,996,0.35,0.5,5,0.2039298041093369,0.007738095238095238,0.8617511520737328,4.916863679885864
Facebook,1,350,996,0.35,0.5,6,0.20835784190234044,0.0078125,1.0,5.101934909820557
Facebook,1,350,996,0.35,0.5,7,0.201375673903527,0.007713498622589532,0.9257251287611818,4.922574996948242
Facebook,1,350,996,0.35,0.5,8,0.19358359342722356,0.006280193236714976,0.8940092165898618,5.102638006210327
Facebook,1,350,996,0.35,0.5,9,0.18938905586008573,0.008253968253968255,0.8934670642450528,4.903890371322632
Facebook,1,350,996,0.35,0.5,10,0.19624651772912993,0.008045977011494253,0.922743290864733,5.1175758838653564
Facebook,1,350,996,0.35,0.5,11,0.20605273079163,0.0060185185185185185,0.847926267281106,4.923526048660278
Facebook,1,350,996,0.35,0.5,12,0.18808739862246046,0.005664488017429194,0.8636486852805638,5.143953561782837
Facebook,1,350,996,0.35,0.5,13,0.21135058659196726,0.008,0.8045540796963947,4.94189453125
Facebook,1,350,996,0.35,0.5,14,0.21036631368064776,0.009150326797385621,0.9078341013824884,5.146176338195801
Facebook,1,350,996,0.35,0.5,15,0.1772462533322532,0.011522633744855968,0.9484955272431553,4.920440673828125
Facebook,1,350,996,0.35,0.5,16,0.19235072024798375,0.005298013245033113,0.8113309840065058,5.111726999282837
Facebook,1,350,996,0.35,0.5,17,0.20881888636162746,0.004878048780487805,0.7373271889400922,4.933099269866943
Facebook,1,350,996,0.35,0.5,18,0.22461444644128684,0.004924242424242424,0.9148820818650041,5.100193977355957
Facebook,1,350,996,0.35,0.5,19,0.18705542142013132,0.005426356589147287,0.9343995662781241,4.948048114776611
Facebook,1,350,996,0.35,0.5,20,0.21687019724813222,0.008547008547008548,1.0,5.103838920593262
Facebook,1,350,996,0.35,0.5,21,0.22815794849520432,0.006372549019607843,0.8652751423149905,4.922670841217041
Facebook,1,350,996,0.35,0.5,22,0.21017530998219927,0.006190476190476191,0.8086202222824613,5.103357315063477
Facebook,1,350,996,0.35,0.5,23,0.18051546116791622,0.014285714285714285,1.0,4.900924444198608
Facebook,1,350,996,0.35,0.5,24,0.23750394365987115,0.005739514348785872,0.8671726755218216,5.179023265838623
Facebook,1,350,996,0.35,0.5,25,0.2305486181697825,0.011522633744855968,0.9333152615885064,4.910362243652344
Facebook,1,350,1138,0.4,0.5,1,0.20549017453516397,0.00808080808080808,0.7823258335592301,5.200153350830078
Facebook,1,350,1138,0.4,0.5,2,0.23732782099780592,0.005263157894736842,1.0,4.936298370361328
Facebook,1,350,1138,0.4,0.5,3,0.22045272924130005,0.00909090909090909,1.0,5.185751914978027
Facebook,1,350,1138,0.4,0.5,4,0.20521567369877097,0.007017543859649123,0.8991596638655462,4.980001449584961
Facebook,1,350,1138,0.4,0.5,5,0.20662302751649447,0.010869565217391304,1.0,5.152941465377808
Facebook,1,350,1138,0.4,0.5,6,0.18205894803482084,0.012048192771084338,1.0,4.933420896530151
Facebook,1,350,1138,0.4,0.5,7,0.19010623618965405,0.0064516129032258064,0.8406072106261859,5.121346712112427
Facebook,1,350,1138,0.4,0.5,8,0.19304261413650262,0.008641975308641974,0.8828950935212795,4.94087815284729
Facebook,1,350,1138,0.4,0.5,9,0.20716686092535863,0.006944444444444444,1.0,5.143545866012573
Facebook,1,350,1138,0.4,0.5,10,0.18961373554824953,0.011255411255411256,0.838167525074546,5.134579181671143
Facebook,1,350,1138,0.4,0.5,11,0.18832149937909864,0.007588075880758808,0.9463269178639198,4.932884931564331
Facebook,1,350,1138,0.4,0.5,12,0.188294648401209,0.011244979919678716,0.9368392518297641,5.152839422225952
Facebook,1,350,1138,0.4,0.5,13,0.19166711805473025,0.007407407407407408,0.8495527243155326,4.93540096282959
Facebook,1,350,1138,0.4,0.5,14,0.2154588929719854,0.005394990366088632,0.8918406072106262,4.947332859039307
Facebook,1,350,1138,0.4,0.5,15,0.20859502493715515,0.013513513513513514,1.0,5.193994998931885
Facebook,1,350,1138,0.4,0.5,16,0.2062341013774472,0.006913580246913581,0.9555435077256709,5.1327924728393555
Facebook,1,350,1138,0.4,0.5,17,0.1944344195437121,0.014925373134328358,1.0,4.956674098968506
Facebook,1,350,1138,0.4,0.5,18,0.20306867052935254,0.00672782874617737,0.7324478178368121,4.938576936721802
Facebook,1,350,1138,0.4,0.5,19,0.21136382553433203,0.008408408408408409,0.9007861208999729,5.15152645111084
Facebook,1,350,1138,0.4,0.5,20,0.19234971357063965,0.007874015748031496,1.0,5.135783910751343
Facebook,1,350,1138,0.4,0.5,21,0.19474189975770612,0.006933333333333333,0.8606668473841149,4.966774940490723
Facebook,1,350,1138,0.4,0.5,22,0.22406890957937017,0.0052141527001862194,0.9140688533477908,5.125805854797363
Facebook,1,350,1138,0.4,0.5,23,0.17835125058030446,0.010699588477366255,0.8747628083491461,4.9542882442474365
Facebook,1,350,1138,0.4,0.5,24,0.18945588535768218,0.010101010101010102,1.0,5.12301778793335
Facebook,1,350,1138,0.4,0.5,25,0.20842125252266475,0.006134969325153374,1.0,4.948627948760986
Facebook,1,350,1280,0.45,0.5,1,0.18355774398778682,0.01003584229390681,0.9137977771753862,5.190499782562256
Facebook,1,350,1280,0.45,0.5,2,0.21476267139358082,0.007407407407407408,0.8625643805909461,4.983156442642212
Facebook,1,350,1280,0.45,0.5,3,0.19712327519923106,0.006666666666666667,0.9471401463811331,5.168242931365967
Facebook,1,350,1280,0.45,0.5,4,0.19457926415226517,0.006993006993006993,1.0,4.953269720077515
Facebook,1,350,1280,0.45,0.5,5,0.2067107616715592,0.0068783068783068784,0.8715098942802928,5.1596784591674805
Facebook,1,350,1280,0.45,0.5,6,0.1943336207330262,0.008722741433021807,0.9110870154513419,4.971489667892456
Facebook,1,350,1280,0.45,0.5,7,0.1952377015630502,0.008754208754208754,0.8338303063160748,5.15034818649292
Facebook,1,350,1280,0.45,0.5,8,0.21334264968740269,0.011764705882352941,1.0,4.956744909286499
Facebook,1,350,1280,0.45,0.5,9,0.19368043998085901,0.016129032258064516,1.0,5.143360137939453
Facebook,1,350,1280,0.45,0.5,10,0.18947254066841038,0.009150326797385621,0.8980753591759284,4.955204248428345
Facebook,1,350,1280,0.45,0.5,11,0.19253975743813084,0.010980392156862745,0.9468690702087287,5.159334659576416
Facebook,1,350,1280,0.45,0.5,12,0.19030262411449703,0.0068783068783068784,0.9156953103822174,4.949908971786499
Facebook,1,350,1280,0.45,0.5,13,0.1857809072849377,0.01098901098901099,1.0,5.180373430252075
Facebook,1,350,1280,0.45,0.5,14,0.19927018863100696,0.008888888888888889,0.9400921658986175,4.951276779174805
Facebook,1,350,1280,0.45,0.5,15,0.21582937990720108,0.00676328502415459,0.9436161561398753,5.1616599559783936
Facebook,1,350,1280,0.45,0.5,16,0.21715606861819892,0.006060606060606061,0.8547031715912171,4.961765289306641
Facebook,1,350,1280,0.45,0.5,17,0.21604777445374487,0.0053639846743295016,0.9029547302792085,5.145391464233398
Facebook,1,350,1280,0.45,0.5,18,0.19550155498166025,0.010727969348659003,0.945242613174302,4.971935272216797
Facebook,1,350,1280,0.45,0.5,19,0.21275890110473375,0.007462686567164179,1.0,5.150068044662476
Facebook,1,350,1280,0.45,0.5,20,0.20154623957766665,0.006060606060606061,1.0,4.959327220916748
Facebook,1,350,1280,0.45,0.5,21,0.18246754412713778,0.005982905982905983,0.945242613174302,5.2064385414123535
Facebook,1,350,1280,0.45,0.5,22,0.19778136388115117,0.005273069679849341,0.9314177283816752,4.950311660766602
Facebook,1,350,1280,0.45,0.5,23,0.20659366099002785,0.0059447983014862,0.902683654106804,5.163872241973877
Facebook,1,350,1280,0.45,0.5,24,0.19430718126590107,0.012962962962962963,0.9365681756573597,4.952133655548096
Facebook,1,350,1280,0.45,0.5,25,0.20060698430099333,0.007344632768361582,0.8709677419354839,5.156320333480835
Facebook,1,350,1422,0.5,0.5,1,0.21092078087364377,0.0057777777777777775,0.8498238004879372,4.991159915924072
Facebook,1,350,1422,0.5,0.5,2,0.1981959029814381,0.010416666666666666,1.0,5.1456005573272705
Facebook,1,350,1422,0.5,0.5,3,0.21319906153953122,0.009219858156028368,0.8606668473841149,4.97164249420166
Facebook,1,350,1422,0.5,0.5,4,0.18924812517159004,0.009240924092409241,0.9606939550013553,5.180353879928589
Facebook,1,350,1422,0.5,0.5,5,0.1903468918789472,0.009061488673139158,0.9211168338303063,4.95913028717041
Facebook,1,350,1422,0.5,0.5,6,0.20691444365287434,0.005761316872427984,0.9194903767958796,5.172905921936035
Facebook,1,350,1422,0.5,0.5,7,0.2102120378343538,0.009824561403508772,0.9045811873136351,4.962837219238281
Facebook,1,350,1422,0.5,0.5,8,0.191595532480845,0.00809968847352025,0.8782867985904039,5.163031816482544
Facebook,1,350,1422,0.5,0.5,9,0.194852083891532,0.014925373134328358,1.0,4.9766318798065186
Facebook,1,350,1422,0.5,0.5,10,0.20299763840925106,0.009929078014184398,0.9541881268636487,5.174039602279663
Facebook,1,350,1422,0.5,0.5,11,0.1886924534017243,0.007349081364829396,0.8983464353483329,4.970537185668945
Facebook,1,350,1422,0.5,0.5,12,0.2137842945445543,0.008754208754208754,0.8750338845215505,5.214589357376099
Facebook,1,350,1422,0.5,0.5,13,0.18028989338297555,0.008928571428571428,1.0,4.994560480117798
Facebook,1,350,1422,0.5,0.5,14,0.18717188289004938,0.010980392156862745,0.9113580916237463,5.226005554199219
Facebook,1,350,1422,0.5,0.5,15,0.18677435700453127,0.005555555555555556,0.9495798319327731,4.966984033584595
Facebook,1,350,1422,0.5,0.5,16,0.19207913781826344,0.013333333333333334,0.9140688533477908,5.179931879043579
Facebook,1,350,1422,0.5,0.5,17,0.1773283814517982,0.013333333333333334,0.920303605313093,4.9999730587005615
Facebook,1,350,1422,0.5,0.5,18,0.1877745864162,0.007977207977207978,0.9189482244510707,5.227114677429199
Facebook,1,350,1422,0.5,0.5,19,0.1896050090643022,0.011111111111111112,1.0,5.046600341796875
Facebook,1,350,1422,0.5,0.5,20,0.1995643658284525,0.013145539906103286,0.9086473298997018,5.27155613899231
Facebook,1,350,1422,0.5,0.5,21,0.18116316205356803,0.009240924092409241,0.8896719978313906,5.050261497497559
Facebook,1,350,1422,0.5,0.5,22,0.18616181916294308,0.01282051282051282,1.0,5.26088285446167
Facebook,1,350,1422,0.5,0.5,23,0.187345392995773,0.009621993127147767,0.9216589861751152,5.057013750076294
Facebook,1,350,1422,0.5,0.5,24,0.18405198891644814,0.010309278350515464,1.0,5.274389743804932
Facebook,1,350,1422,0.5,0.5,25,0.20108521024007212,0.016129032258064516,1.0,5.034474611282349
Facebook,1,350,1565,0.55,0.5,1,0.18450050455566094,0.008408408408408409,0.9200325291406886,5.266942024230957
Facebook,1,350,1565,0.55,0.5,2,0.21005024043167006,0.005588822355289421,0.9536459745188398,5.004745960235596
Facebook,1,350,1565,0.55,0.5,3,0.1994995436960063,0.010970464135021098,0.8921116833830306,5.211924076080322
Facebook,1,350,1565,0.55,0.5,4,0.20953144379922725,0.011666666666666667,0.970181621035511,4.9881532192230225
Facebook,1,350,1565,0.55,0.5,5,0.21265071828683058,0.007526881720430108,0.9742477636215776,5.237136602401733
Facebook,1,350,1565,0.55,0.5,6,0.1984214575313949,0.008259587020648967,0.9056654920032529,5.04966926574707
Facebook,1,350,1565,0.55,0.5,7,0.18944199076438703,0.00931899641577061,0.8647329899701817,5.25844931602478
Facebook,1,350,1565,0.55,0.5,8,0.1812546989856587,0.00847457627118644,1.0,5.06360387802124
Facebook,1,350,1565,0.55,0.5,9,0.1897580080206228,0.009240924092409241,0.9208457576579019,5.29866361618042
Facebook,1,350,1565,0.55,0.5,10,0.17798163168595293,0.00980392156862745,1.0,5.020877838134766
Facebook,1,350,1565,0.55,0.5,11,0.1883353477201723,0.008722741433021807,0.947682298725942,5.256524562835693
Facebook,1,350,1565,0.55,0.5,12,0.1994142549072056,0.006862745098039216,0.919761452968284,5.012312412261963
Facebook,1,350,1565,0.55,0.5,13,0.18752200168066377,0.009523809523809525,1.0,5.209092855453491
Facebook,1,350,1565,0.55,0.5,14,0.20538908312494228,0.008024691358024692,0.8270534020059637,5.002712249755859
Facebook,1,350,1565,0.55,0.5,15,0.18416649753221007,0.007466666666666667,0.9162374627270263,5.213354110717773
Facebook,1,350,1565,0.55,0.5,16,0.21390824682746234,0.009150326797385621,0.9113580916237463,4.998839378356934
Facebook,1,350,1565,0.55,0.5,17,0.1825690316647985,0.012048192771084338,1.0,5.196084260940552
Facebook,1,350,1565,0.55,0.5,18,0.1997059932205239,0.008754208754208754,0.8593114665220927,5.002634525299072
Facebook,1,350,1565,0.55,0.5,19,0.1881134670671094,0.009009009009009009,1.0,5.1878767013549805
Facebook,1,350,1565,0.55,0.5,20,0.19756094584931425,0.006989247311827957,0.835727839522906,5.005173206329346
Facebook,1,350,1565,0.55,0.5,21,0.21436755828758058,0.008115942028985508,0.8940092165898618,5.213454008102417
Facebook,1,350,1565,0.55,0.5,22,0.17860003007698627,0.015053763440860216,0.9108159392789373,4.990028381347656
Facebook,1,350,1565,0.55,0.5,23,0.20837353211856657,0.008722741433021807,0.9116291677961507,5.202899932861328
Facebook,1,350,1565,0.55,0.5,24,0.1952783973180642,0.012037037037037037,0.8815397126592572,4.992299556732178
Facebook,1,350,1565,0.55,0.5,25,0.17933901620368523,0.01003584229390681,0.9428029276226619,5.197008848190308
Facebook,1,350,1707,0.6,0.5,1,0.1935515676361143,0.00784313725490196,0.9395500135538086,5.007751941680908
Facebook,1,350,1707,0.6,0.5,2,0.1876439354873807,0.012345679012345678,1.0,5.185570240020752
Facebook,1,350,1707,0.6,0.5,3,0.2011483859599785,0.008176100628930818,0.8416915153158038,5.016729831695557
Facebook,1,350,1707,0.6,0.5,4,0.2001171460022082,0.008403361344537815,1.0,5.202434062957764
Facebook,1,350,1707,0.6,0.5,5,0.18625077561443998,0.006222222222222222,0.9392789373814042,5.015450477600098
Facebook,1,350,1707,0.6,0.5,6,0.20351514222858355,0.009061488673139158,0.9143399295201952,5.211270093917847
Facebook,1,350,1707,0.6,0.5,7,0.1834659848577183,0.014492753623188406,1.0,4.999739408493042
Facebook,1,350,1707,0.6,0.5,8,0.2015734419255338,0.00760233918128655,0.8541610192464082,5.17470121383667
Facebook,1,350,1707,0.6,0.5,9,0.19723683761443986,0.008045977011494253,0.9232854432095419,4.997385740280151
Facebook,1,350,1707,0.6,0.5,10,0.21027236617821757,0.008333333333333333,0.8701545134182705,5.196038484573364
Facebook,1,350,1707,0.6,0.5,11,0.17042428583612576,0.014925373134328358,1.0,4.981139421463013
Facebook,1,350,1707,0.6,0.5,12,0.19040230637807623,0.009929078014184398,0.9148820818650041,5.185964345932007
Facebook,1,350,1707,0.6,0.5,13,0.22067751421242945,0.010144927536231883,0.9449715370018975,5.002463340759277
Facebook,1,350,1707,0.6,0.5,14,0.1922326014895581,0.011494252873563218,1.0,5.185928583145142
Facebook,1,350,1707,0.6,0.5,15,0.190083262759751,0.006557377049180328,0.7806993765248035,4.972757816314697
Facebook,1,350,1707,0.6,0.5,16,0.20888083133366936,0.008403361344537815,1.0,5.1792755126953125
Facebook,1,350,1707,0.6,0.5,17,0.21078236203740405,0.006289308176100629,1.0,5.0007030963897705
Facebook,1,350,1707,0.6,0.5,18,0.2142964434433875,0.005450733752620545,0.8341013824884793,5.189846992492676
Facebook,1,350,1707,0.6,0.5,19,0.19994425921746484,0.007349081364829396,0.9048522634860395,4.965878009796143
Facebook,1,350,1707,0.6,0.5,20,0.1994748245198848,0.008064516129032258,1.0,5.227752447128296
Facebook,1,350,1707,0.6,0.5,21,0.21358921881216067,0.0070921985815602835,1.0,5.086545467376709
Facebook,1,350,1707,0.6,0.5,22,0.22082176561435313,0.004924242424242424,0.8462998102466793,5.30316948890686
Facebook,1,350,1707,0.6,0.5,23,0.19126136811900676,0.01,0.805367308213608,5.096224784851074
Facebook,1,350,1707,0.6,0.5,24,0.19284933633126028,0.006349206349206349,0.927622661968013,5.291392087936401
Facebook,1,350,1707,0.6,0.5,25,0.1836514382082832,0.008130081300813009,1.0,5.067727327346802
Facebook,1,350,1849,0.65,0.5,1,0.20295045019217164,0.008722741433021807,0.9148820818650041,5.318795442581177
Facebook,1,350,1849,0.65,0.5,2,0.18321589135291907,0.008928571428571428,1.0,5.089678049087524
Facebook,1,350,1849,0.65,0.5,3,0.20118060334206647,0.010752688172043012,1.0,5.285135507583618
Facebook,1,350,1849,0.65,0.5,4,0.21554510199471555,0.0077777777777777776,0.9259962049335864,5.033556938171387
Facebook,1,350,1849,0.65,0.5,5,0.1911244739581834,0.01904761904761905,0.9322309568988886,5.225807189941406
Facebook,1,350,1849,0.65,0.5,6,0.19093002147783325,0.008641975308641974,0.9235565193819463,5.080790042877197
Facebook,1,350,1849,0.65,0.5,7,0.1910778209086078,0.010852713178294573,0.9463269178639198,5.287003993988037
Facebook,1,350,1849,0.65,0.5,8,0.20388914024224744,0.01003584229390681,0.8926538357278395,5.106474161148071
Facebook,1,350,1849,0.65,0.5,9,0.19019468895100455,0.012048192771084338,1.0,5.286973237991333
Facebook,1,350,1849,0.65,0.5,10,0.20273449627012116,0.016091954022988506,0.9693683925182977,5.063777208328247
Facebook,1,350,1849,0.65,0.5,11,0.20614587623170935,0.010416666666666666,1.0,5.237096786499023
Facebook,1,350,1849,0.65,0.5,12,0.22371581209982486,0.0070921985815602835,1.0,5.038022518157959
Facebook,1,350,1849,0.65,0.5,13,0.18692492121469412,0.0078125,1.0,5.233365774154663
Facebook,1,350,1849,0.65,0.5,14,0.2055216360093813,0.01,1.0,5.029446840286255
Facebook,1,350,1849,0.65,0.5,15,0.2023244288906804,0.008,1.0,5.224202394485474
Facebook,1,350,1849,0.65,0.5,16,0.21388091380542554,0.008771929824561403,1.0,5.0351176261901855
Facebook,1,350,1849,0.65,0.5,17,0.19206452209867564,0.010852713178294573,0.919761452968284,5.240864038467407
Facebook,1,350,1849,0.65,0.5,18,0.1817916620196902,0.009061488673139158,0.9371103280021686,5.030409097671509
Facebook,1,350,1849,0.65,0.5,19,0.1853092155151311,0.010852713178294573,0.9571699647600976,5.234111785888672
Facebook,1,350,1849,0.65,0.5,20,0.1844864150145165,0.012121212121212121,0.9306044998644619,5.0512473583221436
Facebook,1,350,1849,0.65,0.5,21,0.19788583502582704,0.008849557522123894,1.0,5.234241724014282
Facebook,1,350,1849,0.65,0.5,22,0.2003768187178305,0.010980392156862745,0.9352127947953375,5.05397367477417
Facebook,1,350,1849,0.65,0.5,23,0.2043109176186287,0.012195121951219513,1.0,5.232668161392212
Facebook,1,350,1849,0.65,0.5,24,0.1810510669161301,0.013333333333333334,0.9170506912442397,5.083971738815308
Facebook,1,350,1849,0.65,0.5,25,0.20037992524704049,0.00784313725490196,0.9013282732447818,5.236515283584595
Facebook,1,350,1991,0.7,0.5,1,0.18335918282481087,0.009621993127147767,0.9295201951748441,5.0687079429626465
Facebook,1,350,1991,0.7,0.5,2,0.19230746227004092,0.01282051282051282,1.0,5.287858724594116
Facebook,1,350,1991,0.7,0.5,3,0.18191611909361008,0.009427609427609427,0.9287069666576308,5.138061285018921
Facebook,1,350,1991,0.7,0.5,4,0.21643181360565747,0.005185185185185185,0.9284358904852263,5.307260990142822
Facebook,1,350,1991,0.7,0.5,5,0.1884221801486494,0.01003584229390681,0.9639468690702088,5.143945693969727
Facebook,1,350,1991,0.7,0.5,6,0.18572698504215265,0.011965811965811967,0.9189482244510707,5.338893890380859
Facebook,1,350,1991,0.7,0.5,7,0.19048704290228102,0.012987012987012988,1.0,5.128941774368286
Facebook,1,350,1991,0.7,0.5,8,0.220623668180139,0.005761316872427984,0.969639468690702,5.274590730667114
Facebook,1,350,1991,0.7,0.5,9,0.20097213279063533,0.008849557522123894,1.0,5.0521626472473145
Facebook,1,350,1991,0.7,0.5,10,0.19534764870283478,0.009523809523809525,0.9419896991054486,5.289691925048828
Facebook,1,350,1991,0.7,0.5,11,0.18842241640460433,0.011111111111111112,1.0,5.089440822601318
Facebook,1,350,1991,0.7,0.5,12,0.2143593368490113,0.010144927536231883,0.9503930604499864,5.315823554992676
Facebook,1,350,1991,0.7,0.5,13,0.19633051759660594,0.008666666666666666,0.8761181892111684,5.107653617858887
Facebook,1,350,1991,0.7,0.5,14,0.19309975586936381,0.012121212121212121,0.9132556248305774,5.305434226989746
Facebook,1,350,1991,0.7,0.5,15,0.19647896419772745,0.011711711711711712,0.8666305231770127,5.051297426223755
Facebook,1,350,1991,0.7,0.5,16,0.2083144823457823,0.008580858085808581,0.8097045269720792,5.257911682128906
Facebook,1,350,1991,0.7,0.5,17,0.1833552379964323,0.012658227848101266,1.0,5.0244221687316895
Facebook,1,350,1991,0.7,0.5,18,0.17946343138475535,0.017948717948717947,0.9409053944158309,5.252263069152832
Facebook,1,350,1991,0.7,0.5,19,0.21139063575304612,0.008849557522123894,1.0,5.043185472488403
Facebook,1,350,1991,0.7,0.5,20,0.1709195885463124,0.011904761904761904,1.0,5.243676662445068
Facebook,1,350,1991,0.7,0.5,21,0.19992383202039746,0.007936507936507936,1.0,5.032633066177368
Facebook,1,350,1991,0.7,0.5,22,0.20464413532904877,0.0077777777777777776,0.9354838709677419,5.241362571716309
Facebook,1,350,1991,0.7,0.5,23,0.203504940693669,0.010256410256410256,0.9560856600704798,5.050011873245239
Facebook,1,350,1991,0.7,0.5,24,0.20413999446133255,0.007526881720430108,0.9062076443480618,5.228200912475586
Facebook,1,350,1991,0.7,0.5,25,0.18537993359410607,0.012345679012345678,1.0,5.0379862785339355
Facebook,1,350,2134,0.75,0.5,1,0.18585763996680751,0.011363636363636364,1.0,5.246634244918823
Facebook,1,350,2134,0.75,0.5,2,0.18939696499558853,0.00671462829736211,0.9162374627270263,5.064971208572388
Facebook,1,350,2134,0.75,0.5,3,0.18073503801365615,0.009174311926605505,1.0,5.23679518699646
Facebook,1,350,2134,0.75,0.5,4,0.19540735800434023,0.010606060606060607,0.9417186229330442,5.073182582855225
Facebook,1,350,2134,0.75,0.5,5,0.18280083056721966,0.012280701754385965,0.932502033071293,5.266847133636475
Facebook,1,350,2134,0.75,0.5,6,0.19715673682894092,0.009009009009009009,1.0,5.118332624435425
Facebook,1,350,2134,0.75,0.5,7,0.21653766503682956,0.010638297872340425,1.0,5.3083720207214355
Facebook,1,350,2134,0.75,0.5,8,0.17346917864523678,0.014492753623188406,1.0,5.154770851135254
Facebook,1,350,2134,0.75,0.5,9,0.1928342771151281,0.01098901098901099,1.0,5.307339906692505
Facebook,1,350,2134,0.75,0.5,10,0.18140897590258875,0.010416666666666666,1.0,5.164172172546387
Facebook,1,350,2134,0.75,0.5,11,0.21351208338941755,0.011627906976744186,1.0,5.310391664505005
Facebook,1,350,2134,0.75,0.5,12,0.191883707510388,0.011363636363636364,1.0,5.086472272872925
Facebook,1,350,2134,0.75,0.5,13,0.21201145112675815,0.008484848484848486,0.9314177283816752,5.26124382019043
Facebook,1,350,2134,0.75,0.5,14,0.1924484540939077,0.00963855421686747,0.775548929249119,5.1021435260772705
Facebook,1,350,2134,0.75,0.5,15,0.1849710979095549,0.010980392156862745,0.9132556248305774,5.308205842971802
Facebook,1,350,2134,0.75,0.5,16,0.183892626960231,0.010526315789473684,1.0,5.17156457901001
Facebook,1,350,2134,0.75,0.5,17,0.1959522240490633,0.012048192771084338,1.0,5.31012749671936
Facebook,1,350,2134,0.75,0.5,18,0.2125273227413681,0.010256410256410256,0.8988885876931417,5.082120180130005
Facebook,1,350,2134,0.75,0.5,19,0.18573778646506545,0.014141414141414142,0.9520195174844132,5.272504806518555
Facebook,1,350,2134,0.75,0.5,20,0.2040361915197031,0.012345679012345678,1.0,5.07224440574646
Facebook,1,350,2134,0.75,0.5,21,0.1883665825575606,0.011666666666666667,0.9837354296557332,5.280413389205933
Facebook,1,350,2134,0.75,0.5,22,0.17629370875902603,0.011522633744855968,0.9465979940363242,5.0752787590026855
Facebook,1,350,2134,0.75,0.5,23,0.20271294607641174,0.010101010101010102,1.0,5.254800319671631
Facebook,1,350,2134,0.75,0.5,24,0.20842953890131094,0.010144927536231883,0.9205746814854974,5.052358627319336
Facebook,1,350,2134,0.75,0.5,25,0.20677406248441468,0.01694915254237288,1.0,5.250525951385498
Facebook,1,350,2276,0.8,0.5,1,0.1995587849897163,0.006329113924050633,1.0,5.066915035247803
Facebook,1,350,2276,0.8,0.5,2,0.18751391388117267,0.012345679012345678,1.0,5.255483150482178
Facebook,1,350,2276,0.8,0.5,3,0.19700475644724136,0.007471264367816092,0.8419625914882082,5.0828375816345215
Facebook,1,350,2276,0.8,0.5,4,0.19381499152764606,0.013157894736842105,1.0,5.279330253601074
Facebook,1,350,2276,0.8,0.5,5,0.207821689984756,0.00962962962962963,0.8698834372458661,5.1077916622161865
Facebook,1,350,2276,0.8,0.5,6,0.20722743686789818,0.011111111111111112,0.9381946326917864,5.356467962265015
Facebook,1,350,2276,0.8,0.5,7,0.19579805195770156,0.006802721088435374,1.0,5.1476099491119385
Facebook,1,350,2276,0.8,0.5,8,0.18628683147143857,0.0125,1.0,5.375358581542969
Facebook,1,350,2276,0.8,0.5,9,0.20045046520997103,0.007291666666666667,0.9192193006234752,5.167140483856201
Facebook,1,350,2276,0.8,0.5,10,0.18546460311252544,0.0125,1.0,5.33570408821106
Facebook,1,350,2276,0.8,0.5,11,0.18399640935642275,0.012048192771084338,1.0,5.11115026473999
Facebook,1,350,2276,0.8,0.5,12,0.18687110574384222,0.010144927536231883,0.969639468690702,5.284149646759033
Facebook,1,350,2276,0.8,0.5,13,0.19685673477684693,0.011235955056179775,1.0,5.144125699996948
Facebook,1,350,2276,0.8,0.5,14,0.20650416402647334,0.011627906976744186,1.0,5.385528802871704
Facebook,1,350,2276,0.8,0.5,15,0.17578118999388262,0.013157894736842105,1.0,5.145066022872925
Facebook,1,350,2276,0.8,0.5,16,0.1874158220360608,0.008722741433021807,0.9327731092436975,5.3420774936676025
Facebook,1,350,2276,0.8,0.5,17,0.1778556791254053,0.007909604519774011,0.9419896991054486,5.104989528656006
Facebook,1,350,2276,0.8,0.5,18,0.1915009462300611,0.011382113821138212,0.9316888045540797,5.256821870803833
Facebook,1,350,2276,0.8,0.5,19,0.18509830190512214,0.012195121951219513,1.0,5.065808296203613
Facebook,1,350,2276,0.8,0.5,20,0.1980383796248457,0.008641975308641974,0.8959067497966928,5.262391090393066
Facebook,1,350,2276,0.8,0.5,21,0.17856454569084057,0.009345794392523364,1.0,5.072044610977173
Facebook,1,350,2276,0.8,0.5,22,0.1883653896975501,0.013333333333333334,1.0,5.291587591171265
Facebook,1,350,2276,0.8,0.5,23,0.21878742989173688,0.009345794392523364,1.0,5.075013637542725
Facebook,1,350,2276,0.8,0.5,24,0.18598798579590525,0.012444444444444444,0.9072919490376796,5.261910915374756
Facebook,1,350,2276,0.8,0.5,25,0.19564468933581725,0.011235955056179775,1.0,5.082686424255371
Facebook,1,350,2418,0.85,0.5,1,0.20093006989433493,0.008771929824561403,1.0,5.2912209033966064
Facebook,1,350,2418,0.85,0.5,2,0.1866775789182293,0.012785388127853882,0.9474112225535375,5.101179838180542
Facebook,1,350,2418,0.85,0.5,3,0.20313574678435325,0.008974358974358974,0.9400921658986175,5.297227621078491
Facebook,1,350,2418,0.85,0.5,4,0.20235823701618091,0.00809968847352025,0.8465708864190837,5.151103496551514
Facebook,1,350,2418,0.85,0.5,5,0.18059746761471818,0.011403508771929825,0.9010571970723773,5.3659303188323975
Facebook,1,350,2418,0.85,0.5,6,0.1835525320538498,0.010486891385767791,0.9311466522092708,5.192501544952393
Facebook,1,350,2418,0.85,0.5,7,0.18941969364147881,0.013157894736842105,1.0,5.355932950973511
Facebook,1,350,2418,0.85,0.5,8,0.20446576230600777,0.011235955056179775,1.0,5.128046274185181
Facebook,1,350,2418,0.85,0.5,9,0.1855094873294094,0.008620689655172414,1.0,5.296886444091797
Facebook,1,350,2418,0.85,0.5,10,0.19078090829306726,0.007588075880758808,0.9688262401734887,5.111161947250366
Facebook,1,350,2418,0.85,0.5,11,0.19173734082470573,0.011904761904761904,1.0,5.34956955909729
Facebook,1,350,2418,0.85,0.5,12,0.19649575994936716,0.014285714285714285,1.0,5.1942267417907715
Facebook,1,350,2418,0.85,0.5,13,0.18152235890633744,0.015300546448087432,0.9287069666576308,5.3881614208221436
Facebook,1,350,2418,0.85,0.5,14,0.19639217641795412,0.011627906976744186,1.0,5.129263162612915
Facebook,1,350,2418,0.85,0.5,15,0.19246859363221044,0.016374269005847954,0.8997018162103552,5.294442415237427
Facebook,1,350,2418,0.85,0.5,16,0.22103242941092746,0.01098901098901099,1.0,5.113409996032715
Facebook,1,350,2418,0.85,0.5,17,0.20114344492087333,0.00819672131147541,1.0,5.320993661880493
Facebook,1,350,2418,0.85,0.5,18,0.19958098240196834,0.010606060606060607,0.9343995662781241,5.09831166267395
Facebook,1,350,2418,0.85,0.5,19,0.1816546427750299,0.01282051282051282,1.0,5.342077732086182
Facebook,1,350,2418,0.85,0.5,20,0.17496583797012635,0.008547008547008548,1.0,5.109788179397583
Facebook,1,350,2418,0.85,0.5,21,0.2122281549351484,0.01020408163265306,1.0,5.251153945922852
Facebook,1,350,2418,0.85,0.5,22,0.1946282918312251,0.011363636363636364,1.0,5.0921196937561035
Facebook,1,350,2418,0.85,0.5,23,0.18166050788673482,0.015384615384615385,1.0,5.3305885791778564
Facebook,1,350,2418,0.85,0.5,24,0.1953212289037337,0.013513513513513514,1.0,5.126720428466797
Facebook,1,350,2418,0.85,0.5,25,0.20977444304751092,0.012345679012345678,1.0,5.133960962295532
Facebook,1,350,2560,0.9,0.5,1,0.17960368414318384,0.007246376811594203,1.0,5.4057111740112305
Facebook,1,350,2560,0.9,0.5,2,0.20395334448433444,0.013333333333333334,1.0,5.383965492248535
Facebook,1,350,2560,0.9,0.5,3,0.17827715123823779,0.010869565217391304,1.0,5.188357830047607
Facebook,1,350,2560,0.9,0.5,4,0.17785415541495392,0.010869565217391304,1.0,5.39033055305481
Facebook,1,350,2560,0.9,0.5,5,0.18873462348773395,0.01694915254237288,1.0,5.130936145782471
Facebook,1,350,2560,0.9,0.5,6,0.2103101347155748,0.009333333333333334,0.940363242071022,5.326422691345215
Facebook,1,350,2560,0.9,0.5,7,0.21327549168697707,0.010727969348659003,0.9365681756573597,5.193889141082764
Facebook,1,350,2560,0.9,0.5,8,0.20111645645633972,0.009722222222222222,0.9658444022770398,5.36975622177124
Facebook,1,350,2560,0.9,0.5,9,0.19144303492218914,0.010727969348659003,0.9493087557603687,5.137401580810547
Facebook,1,350,2560,0.9,0.5,10,0.18422617063245805,0.009333333333333334,0.9360260233125508,5.387449026107788
Facebook,1,350,2560,0.9,0.5,11,0.17253579092592847,0.0136986301369863,1.0,5.118926525115967
Facebook,1,350,2560,0.9,0.5,12,0.20373322377664388,0.011666666666666667,0.9200325291406886,5.112139940261841
Facebook,1,350,2560,0.9,0.5,13,0.1980329661173687,0.012280701754385965,0.9015993494171862,5.30061674118042
Facebook,1,350,2560,0.9,0.5,14,0.19665460111426794,0.016091954022988506,0.9292491190024397,5.353496551513672
Facebook,1,350,2560,0.9,0.5,15,0.20521393605272492,0.009174311926605505,1.0,5.10762357711792
Facebook,1,350,2560,0.9,0.5,16,0.1999311878187482,0.011494252873563218,1.0,5.295580863952637
Facebook,1,350,2560,0.9,0.5,17,0.20503371895481554,0.008888888888888889,0.9018704255895906,5.1296374797821045
Facebook,1,350,2560,0.9,0.5,18,0.18528514666330187,0.010309278350515464,1.0,5.294935941696167
Facebook,1,350,2560,0.9,0.5,19,0.21087480055284613,0.010638297872340425,1.0,5.17985725402832
Facebook,1,350,2560,0.9,0.5,20,0.2044029339153478,0.012345679012345678,1.0,5.368551731109619
Facebook,1,350,2560,0.9,0.5,21,0.20113854451451807,0.011494252873563218,1.0,5.194294691085815
Facebook,1,350,2560,0.9,0.5,22,0.20027190592719707,0.008722741433021807,0.9536459745188398,5.418705224990845
Facebook,1,350,2560,0.9,0.5,23,0.17564418849117366,0.013888888888888888,1.0,5.174571514129639
Facebook,1,350,2560,0.9,0.5,24,0.18889120255921077,0.011244979919678716,0.9387367850365953,5.132301568984985
Facebook,1,350,2560,0.9,0.5,25,0.19062709036183376,0.009900990099009901,1.0,5.341270685195923
Facebook,1,350,2703,0.95,0.5,1,0.17554797218265025,0.011627906976744186,1.0,5.371235609054565
Facebook,1,350,2703,0.95,0.5,2,0.19735729989096723,0.012612612612612612,0.9013282732447818,5.204704999923706
Facebook,1,350,2703,0.95,0.5,3,0.1829319327749312,0.016666666666666666,1.0,5.412029266357422
Facebook,1,350,2703,0.95,0.5,4,0.1897467566881154,0.014492753623188406,1.0,5.133471727371216
Facebook,1,350,2703,0.95,0.5,5,0.18766893870251727,0.01020408163265306,1.0,5.3493125438690186
Facebook,1,350,2703,0.95,0.5,6,0.20551347655683222,0.009009009009009009,1.0,5.145641088485718
Facebook,1,350,2703,0.95,0.5,7,0.1787801780644814,0.017857142857142856,1.0,5.327020883560181
Facebook,1,350,2703,0.95,0.5,8,0.19665295667559035,0.014141414141414142,0.9441583084846842,5.123202800750732
Facebook,1,350,2703,0.95,0.5,9,0.23253235980337053,0.00847457627118644,1.0,5.356580972671509
Facebook,1,350,2703,0.95,0.5,10,0.1764859077278692,0.013333333333333334,0.8885876931417729,5.11725378036499
Facebook,1,350,2703,0.95,0.5,11,0.18853769829124767,0.007466666666666667,0.9167796150718351,5.150555849075317
Facebook,1,350,2703,0.95,0.5,12,0.23233341964466833,0.010638297872340425,1.0,5.400110244750977
Facebook,1,350,2703,0.95,0.5,13,0.19562181528232103,0.014492753623188406,1.0,5.400238275527954
Facebook,1,350,2703,0.95,0.5,14,0.2000550511102202,0.010606060606060607,0.9772296015180265,5.212948799133301
Facebook,1,350,2703,0.95,0.5,15,0.20097141520991874,0.009174311926605505,1.0,5.395873785018921
Facebook,1,350,2703,0.95,0.5,16,0.22486055115516118,0.01037037037037037,0.9671997831390621,5.2042248249053955
Facebook,1,350,2703,0.95,0.5,17,0.2177336360354395,0.010980392156862745,0.9631336405529954,5.416093826293945
Facebook,1,350,2703,0.95,0.5,18,0.20371695463142614,0.010869565217391304,1.0,5.158626317977905
Facebook,1,350,2703,0.95,0.5,19,0.18590832682082442,0.01694915254237288,1.0,5.385479927062988
Facebook,1,350,2703,0.95,0.5,20,0.20225934727032668,0.01181434599156118,0.9322309568988886,5.2126624584198
Facebook,1,350,2703,0.95,0.5,21,0.18129663603485632,0.012307692307692308,0.777988614800759,5.402979373931885
Facebook,1,350,2703,0.95,0.5,22,0.2042316772048092,0.009523809523809525,1.0,5.13519024848938
Facebook,1,350,2703,0.95,0.5,23,0.19534357779874312,0.010869565217391304,1.0,5.113880157470703
Facebook,1,350,2703,0.95,0.5,24,0.1996522295041378,0.010256410256410256,0.9693683925182977,5.349918842315674
Facebook,1,350,2703,0.95,0.5,25,0.1970690850377604,0.01098901098901099,1.0,5.318910598754883
Facebook,1,350,2845,1,0.5,1,0.20255414164725605,0.00880503144654088,0.9108159392789373,5.165271759033203
Facebook,1,350,2845,1,0.5,2,0.1883668780048817,0.00819672131147541,1.0,5.330299377441406
Facebook,1,350,2845,1,0.5,3,0.19690496213877048,0.01037037037037037,0.9113580916237463,5.169876575469971
Facebook,1,350,2845,1,0.5,4,0.19234446082984594,0.011764705882352941,1.0,5.368226051330566
Facebook,1,350,2845,1,0.5,5,0.206117867457137,0.006572769953051643,0.9533748983464353,5.2522969245910645
Facebook,1,350,2845,1,0.5,6,0.1840915631735021,0.012987012987012988,1.0,5.436971664428711
Facebook,1,350,2845,1,0.5,7,0.206436996920075,0.011522633744855968,0.8956356736242884,5.251227855682373
Facebook,1,350,2845,1,0.5,8,0.19322218307256517,0.013888888888888888,1.0,5.445803165435791
Facebook,1,350,2845,1,0.5,9,0.18576256079171086,0.016666666666666666,0.9181349959338574,5.1474549770355225
Facebook,1,350,2845,1,0.5,10,0.19010061645719878,0.013157894736842105,1.0,5.1279988288879395
Facebook,1,350,2845,1,0.5,11,0.18082787878083456,0.016666666666666666,1.0,5.453601360321045
Facebook,1,350,2845,1,0.5,12,0.195461824984514,0.009259259259259259,1.0,5.460060119628906
Facebook,1,350,2845,1,0.5,13,0.20819449958458996,0.009615384615384616,1.0,5.171900749206543
Facebook,1,350,2845,1,0.5,14,0.18460061083259482,0.009333333333333334,0.9674708593114665,5.349023103713989
Facebook,1,350,2845,1,0.5,15,0.19182459118154527,0.007349081364829396,0.9734345351043643,5.169301271438599
Facebook,1,350,2845,1,0.5,16,0.1973032857013423,0.008888888888888889,0.920303605313093,5.334841966629028
Facebook,1,350,2845,1,0.5,17,0.20545501048720313,0.011244979919678716,0.9745188397939821,5.197044849395752
Facebook,1,350,2845,1,0.5,18,0.19352404902433273,0.009621993127147767,0.9495798319327731,5.313395261764526
Facebook,1,350,2845,1,0.5,19,0.19952614089667642,0.01694915254237288,1.0,5.157562255859375
Facebook,1,350,2845,1,0.5,20,0.18121787868933448,0.007669616519174041,0.8660883708322038,5.3660595417022705
Facebook,1,350,2845,1,0.5,21,0.1933613169166464,0.014925373134328358,1.0,5.222301244735718
Facebook,1,350,2845,1,0.5,22,0.18798792790330882,0.012987012987012988,1.0,5.216852188110352
Facebook,1,350,2845,1,0.5,23,0.18913686243095698,0.00819672131147541,1.0,5.443479061126709
Facebook,1,350,2845,1,0.5,24,0.21959025996145246,0.011111111111111112,1.0,5.419243335723877
Facebook,1,350,2845,1,0.5,25,0.1939088420533002,0.011363636363636364,1.0,5.205941915512085
Facebook,2,432,0,0,,0,0.7283046354781813,0.0012646793134598012,0.299417798724702,
Facebook,2,432,0,0,,0,0.7136823343332621,0.0008230452674897119,0.3271416689769892,
Facebook,2,432,0,0,,0,0.7111340355719677,0.0010178117048346056,0.46132520099805935,
Facebook,2,432,0,0,,0,0.7376278120106278,0.0007092198581560284,0.11921264208483505,
Facebook,2,432,0,0,,0,0.7675668153782625,0.0009828009828009828,0.32242861103410037,
Facebook,2,432,0,0,,0,0.8061160542484154,0.0014851485148514852,0.4535625173274189,
Facebook,2,432,0,0,,0,0.745719367856131,0.0008613264427217916,0.24119767119489882,
Facebook,2,432,0,0,,0,0.7129158013221502,0.001381692573402418,0.431660659828112,
Facebook,2,432,0,0,,0,0.7673431926755876,0.0010282776349614395,0.3936789575824785,
Facebook,2,432,0,0,,0,0.7354977612085553,0.000641025641025641,0.1924036595508733,
Facebook,2,432,0,0,,0,0.649129177406612,0.0026666666666666666,0.5672303853617965,
Facebook,2,432,0,0,,0,0.7905719821597891,0.0019550342130987292,0.7183254782367618,
Facebook,2,432,0,0,,0,0.7498664601961428,0.001443001443001443,0.30302190185749933,
Facebook,2,432,0,0,,0,0.7507288179509845,0.0009082652134423251,0.2273357360687552,
Facebook,2,432,0,0,,0,0.7982240315813631,0.000639488409272582,0.18186858885500415,
Facebook,2,432,0,0,,0,0.6827631738452884,0.0016997167138810198,0.49570280011089546,
Facebook,2,432,0,0,,0,0.7643160897067742,0.00016963528413910093,0.013584696423620738,
Facebook,2,432,0,0,,0,0.7319933228136296,0.0010230179028132991,0.36456889381757696,
Facebook,2,432,0,0,,0,0.7136205935041897,0.0006349206349206349,0.03160521208760743,
Facebook,2,432,0,0,,0,0.708432159114047,0.000642570281124498,0.24840587746049347,
Facebook,2,432,0,0,,0,0.7963307698767752,0.0006304176516942475,0.08705295259218186,
Facebook,2,432,0,0,,0,0.7056565252992552,0.0011551155115511551,0.5622400887163848,
Facebook,2,432,0,0,,0,0.7236740060518454,0.0012578616352201257,0.4438591627391184,
Facebook,2,432,0,0,,0,0.7696204689721684,0.0013710368466152527,0.33739950097033544,
Facebook,2,432,0,0,,0,0.7771687458712839,0.0003284072249589491,0.06542833379539784,
Facebook,2,432,61,0.01,0.5,1,0.2905331999401977,0.007909604519774011,0.9032436928195176,4.822768688201904
Facebook,2,432,61,0.01,0.5,2,0.25058790720407953,0.009333333333333334,0.9298586082617133,4.98050332069397
Facebook,2,432,61,0.01,0.5,3,0.2636113105086154,0.009333333333333334,0.9889104518990851,4.844931125640869
Facebook,2,432,61,0.01,0.5,4,0.2934613887224139,0.00625,0.8189631272525645,5.021266460418701
Facebook,2,432,61,0.01,0.5,5,0.25074006477950406,0.009061488673139158,0.9248683116163017,4.866135358810425
Facebook,2,432,61,0.01,0.5,6,0.23689017108806715,0.011235955056179775,1.0,5.023704528808594
Facebook,2,432,61,0.01,0.5,7,0.27895076448836015,0.0064,0.7868034377599112,4.825988054275513
Facebook,2,432,61,0.01,0.5,8,0.30500185373141075,0.005962059620596206,0.7271971167174938,5.003254175186157
Facebook,2,432,61,0.01,0.5,9,0.27726455150987783,0.006989247311827957,0.8214582755752703,4.840961694717407
Facebook,2,432,61,0.01,0.5,10,0.2533886027778829,0.008024691358024692,0.8145273080121985,4.986418008804321
Facebook,2,432,61,0.01,0.5,11,0.2727795255897219,0.008580858085808581,0.9437205433878569,4.8243067264556885
Facebook,2,432,61,0.01,0.5,12,0.25589550850012255,0.0078125,1.0,5.107537508010864
Facebook,2,432,61,0.01,0.5,13,0.2725549101254107,0.006933333333333333,0.8469642362073746,4.833078622817993
Facebook,2,432,61,0.01,0.5,14,0.2590696579869842,0.005128205128205128,0.7571388965899639,5.026869773864746
Facebook,2,432,61,0.01,0.5,15,0.2370103307393378,0.00632183908045977,0.7624064319378985,4.849224328994751
Facebook,2,432,61,0.01,0.5,16,0.24715115366344032,0.007619047619047619,0.7967840310507347,4.815651178359985
Facebook,2,432,61,0.01,0.5,17,0.2858837554524045,0.00760233918128655,0.9135015248128638,5.023698568344116
Facebook,2,432,61,0.01,0.5,18,0.26651110179743565,0.006837606837606838,0.8544496811754921,4.810181617736816
Facebook,2,432,61,0.01,0.5,19,0.26500590919930195,0.00849673202614379,0.845855281397283,5.005207538604736
Facebook,2,432,61,0.01,0.5,20,0.23432401018203428,0.006933333333333333,0.8561131133906293,4.804498195648193
Facebook,2,432,61,0.01,0.5,21,0.23225518588323704,0.009333333333333334,0.9173828666481841,5.039534330368042
Facebook,2,432,61,0.01,0.5,22,0.23984912600660127,0.009737827715355805,0.8297754366509564,4.822253465652466
Facebook,2,432,61,0.01,0.5,23,0.25821205147673665,0.008253968253968255,0.8660937066814527,5.022504568099976
Facebook,2,432,61,0.01,0.5,24,0.23569146257996584,0.006372549019607843,0.874133629054616,4.827358245849609
Facebook,2,432,61,0.01,0.5,25,0.2508121516844179,0.009929078014184398,0.9065705572497921,5.028793573379517
Facebook,2,432,304,0.05,0.5,1,0.2544665508349345,0.00784313725490196,0.9395619628500138,4.8529276847839355
Facebook,2,432,304,0.05,0.5,2,0.2312441734217586,0.008843537414965987,0.8250623787080676,5.115005016326904
Facebook,2,432,304,0.05,0.5,3,0.24285091976778742,0.009345794392523364,1.0,4.850927829742432
Facebook,2,432,304,0.05,0.5,4,0.24298151217626343,0.006984126984126984,0.678957582478514,5.131283283233643
Facebook,2,432,304,0.05,0.5,5,0.2566150295875931,0.008421052631578947,0.7790407540892709,4.882545709609985
Facebook,2,432,304,0.05,0.5,6,0.25587830560503383,0.008974358974358974,0.9287496534516219,5.089680910110474
Facebook,2,432,304,0.05,0.5,7,0.27177804327529775,0.006419753086419753,0.8408649847518713,4.871140956878662
Facebook,2,432,304,0.05,0.5,8,0.24731845553404488,0.005925925925925926,0.8051011921264208,5.103594779968262
Facebook,2,432,304,0.05,0.5,9,0.2785759225818187,0.008843537414965987,0.8181314111449959,4.891857147216797
Facebook,2,432,304,0.05,0.5,10,0.27850179742680964,0.0068783068783068784,0.8658164679789299,5.062549829483032
Facebook,2,432,304,0.05,0.5,11,0.2534354145901822,0.006146572104018913,0.8247851400055448,4.880335569381714
Facebook,2,432,304,0.05,0.5,12,0.26972897185260186,0.009929078014184398,0.9273634599390075,5.046215772628784
Facebook,2,432,304,0.05,0.5,13,0.2785974434746776,0.01098901098901099,1.0,4.859228610992432
Facebook,2,432,304,0.05,0.5,14,0.2753461086901178,0.00880503144654088,0.9229276406986415,5.0635247230529785
Facebook,2,432,304,0.05,0.5,15,0.2699893581382873,0.009219858156028368,0.9201552536734128,4.871061086654663
Facebook,2,432,304,0.05,0.5,16,0.2597355997248971,0.007526881720430108,0.9428888272802883,5.058258056640625
Facebook,2,432,304,0.05,0.5,17,0.23737843141504336,0.008333333333333333,0.7019683947879124,4.880727529525757
Facebook,2,432,304,0.05,0.5,18,0.24356005265439348,0.008843537414965987,0.808982533961741,5.060218811035156
Facebook,2,432,304,0.05,0.5,19,0.27068101068710704,0.008333333333333333,0.9548100914887718,4.886436700820923
Facebook,2,432,304,0.05,0.5,20,0.27368419781815156,0.008843537414965987,0.8516772941502634,5.045877456665039
Facebook,2,432,304,0.05,0.5,21,0.26253258745312064,0.0077777777777777776,0.9184918214582756,4.906108379364014
Facebook,2,432,304,0.05,0.5,22,0.26380599180828124,0.0066157760814249365,0.9317992791793734,5.093982934951782
Facebook,2,432,304,0.05,0.5,23,0.2728300500423043,0.007282913165266107,0.9090657055724979,4.877665042877197
Facebook,2,432,304,0.05,0.5,24,0.2660230591974362,0.009302325581395349,0.791793734405323,4.825676202774048
Facebook,2,432,304,0.05,0.5,25,0.24811438191191734,0.007669616519174041,0.8453008039922373,5.034493923187256
Facebook,2,432,608,0.1,0.5,1,0.25378358542441115,0.008974358974358974,0.928472414749099,4.874724864959717
Facebook,2,432,608,0.1,0.5,2,0.2602261289163062,0.008176100628930818,0.8658164679789299,5.0714921951293945
Facebook,2,432,608,0.1,0.5,3,0.2664877863381921,0.007079646017699115,0.7535347934571667,4.921737194061279
Facebook,2,432,608,0.1,0.5,4,0.26514094061416216,0.008176100628930818,0.8799556418075963,5.076788663864136
Facebook,2,432,608,0.1,0.5,5,0.27382299964204915,0.008754208754208754,0.8466869975048517,4.860296964645386
Facebook,2,432,608,0.1,0.5,6,0.25511025726674486,0.008928571428571428,1.0,5.066962003707886
Facebook,2,432,608,0.1,0.5,7,0.24069320178353415,0.00784313725490196,0.9476018852231771,4.879303932189941
Facebook,2,432,608,0.1,0.5,8,0.2700545269605577,0.008333333333333333,0.8400332686443027,5.07816481590271
Facebook,2,432,608,0.1,0.5,9,0.2634357525267752,0.009427609427609427,0.9431660659828112,4.882718801498413
Facebook,2,432,608,0.1,0.5,10,0.2646226693955905,0.00808080808080808,0.7734959800388134,5.056782245635986
Facebook,2,432,608,0.1,0.5,11,0.268746454061799,0.008,0.8192403659550873,4.898096561431885
Facebook,2,432,608,0.1,0.5,12,0.24080570399711418,0.009061488673139158,0.9462156917105627,5.088505268096924
Facebook,2,432,608,0.1,0.5,13,0.25648916548040673,0.010256410256410256,0.9068477959523149,4.928748846054077
Facebook,2,432,608,0.1,0.5,14,0.26247511526945544,0.007407407407407408,0.9273634599390075,5.083157539367676
Facebook,2,432,608,0.1,0.5,15,0.2617235840525731,0.00849673202614379,0.8749653451621846,4.9238739013671875
Facebook,2,432,608,0.1,0.5,16,0.25438707002845373,0.008333333333333333,0.9334627113945106,4.894195795059204
Facebook,2,432,608,0.1,0.5,17,0.250816610224035,0.008176100628930818,0.8566675907956751,5.099525213241577
Facebook,2,432,608,0.1,0.5,18,0.23563420035445112,0.00784313725490196,0.9043526476296091,5.0515570640563965
Facebook,2,432,608,0.1,0.5,19,0.25400166332435503,0.00809968847352025,0.8774604934848905,4.87228536605835
Facebook,2,432,608,0.1,0.5,20,0.25097920886339325,0.010101010101010102,1.0,4.883467674255371
Facebook,2,432,608,0.1,0.5,21,0.2781683224832486,0.009333333333333334,0.9201552536734128,5.113964319229126
Facebook,2,432,608,0.1,0.5,22,0.2640616867329767,0.008176100628930818,0.8577765456057665,5.057271957397461
Facebook,2,432,608,0.1,0.5,23,0.2803592458575858,0.007713498622589532,0.917660105350707,4.884694337844849
Facebook,2,432,608,0.1,0.5,24,0.2977076982132405,0.006326034063260341,0.8100914887718326,4.855844736099243
Facebook,2,432,608,0.1,0.5,25,0.2725217436054259,0.006516290726817042,0.8622123648461325,5.102831125259399
Facebook,2,432,912,0.15,0.5,1,0.2718076001158812,0.006103286384976526,0.8849459384530081,5.1110570430755615
Facebook,2,432,912,0.15,0.5,2,0.28433793156205406,0.006956521739130435,0.8270030496257278,4.922958135604858
Facebook,2,432,912,0.15,0.5,3,0.27402492296307585,0.008843537414965987,0.8749653451621846,4.9256205558776855
Facebook,2,432,912,0.15,0.5,4,0.27417543052237714,0.007920792079207921,0.8411422234543943,5.117514610290527
Facebook,2,432,912,0.15,0.5,5,0.28049089471127847,0.006718346253229974,0.8386470751316883,5.1444878578186035
Facebook,2,432,912,0.15,0.5,6,0.23520487831411283,0.009150326797385621,0.9345716662046022,4.929435968399048
Facebook,2,432,912,0.15,0.5,7,0.2688360743843824,0.008148148148148147,0.7843082894372054,4.945494890213013
Facebook,2,432,912,0.15,0.5,8,0.27237054768721974,0.0068783068783068784,0.8660937066814527,5.126037359237671
Facebook,2,432,912,0.15,0.5,9,0.261200764373154,0.009259259259259259,1.0,4.949200391769409
Facebook,2,432,912,0.15,0.5,10,0.25731884097500907,0.0077777777777777776,0.9223731632935958,5.1311845779418945
Facebook,2,432,912,0.15,0.5,11,0.2729147213401138,0.00931899641577061,0.8511228167452176,5.14883017539978
Facebook,2,432,912,0.15,0.5,12,0.27813655206407056,0.007738095238095238,0.8533407263654006,4.9482197761535645
Facebook,2,432,912,0.15,0.5,13,0.28629904134266554,0.00672782874617737,0.7624064319378985,4.962928533554077
Facebook,2,432,912,0.15,0.5,14,0.24846815359327412,0.008333333333333333,0.9126698087052952,5.146873474121094
Facebook,2,432,912,0.15,0.5,15,0.2755313258675277,0.01098901098901099,1.0,4.9492645263671875
Facebook,2,432,912,0.15,0.5,16,0.27319038967961357,0.0067226890756302525,0.7920709731078459,5.137412071228027
Facebook,2,432,912,0.15,0.5,17,0.29146922640562273,0.008253968253968255,0.8860548932630995,4.95783805847168
Facebook,2,432,912,0.15,0.5,18,0.2941838568231,0.008115942028985508,0.8888272802883282,5.199655055999756
Facebook,2,432,912,0.15,0.5,19,0.27107985187431255,0.00909090909090909,0.7687829220959246,4.950845956802368
Facebook,2,432,912,0.15,0.5,20,0.2635424335865067,0.00718954248366013,0.7698918769060161,5.183717250823975
Facebook,2,432,912,0.15,0.5,21,0.28901350583197427,0.006837606837606838,0.8222899916828389,5.004622936248779
Facebook,2,432,912,0.15,0.5,22,0.2610334529254822,0.008403361344537815,1.0,5.144676446914673
Facebook,2,432,912,0.15,0.5,23,0.2801226422408494,0.008408408408408409,0.9889104518990851,4.966816425323486
Facebook,2,432,912,0.15,0.5,24,0.2622783009324854,0.008333333333333333,0.908788466869975,5.176606178283691
Facebook,2,432,912,0.15,0.5,25,0.2861362836372137,0.00962962962962963,0.7948433601330746,5.159872531890869
Facebook,2,432,1216,0.2,0.5,1,0.2692927900046708,0.00856269113149847,0.9279179373440533,4.9754462242126465
Facebook,2,432,1216,0.2,0.5,2,0.2593766463864036,0.006984126984126984,0.7319101746603826,4.998422145843506
Facebook,2,432,1216,0.2,0.5,3,0.2741436953654058,0.008754208754208754,0.8405877460493485,5.155693054199219
Facebook,2,432,1216,0.2,0.5,4,0.27037386938951047,0.007536231884057971,0.8816190740227335,4.991586208343506
Facebook,2,432,1216,0.2,0.5,5,0.2767995210714985,0.00880503144654088,0.9187690601607984,5.167693376541138
Facebook,2,432,1216,0.2,0.5,6,0.24227518097198378,0.00784313725490196,0.7937344053229831,5.1637866497039795
Facebook,2,432,1216,0.2,0.5,7,0.26578652205047854,0.009061488673139158,0.9062933185472692,4.965507984161377
Facebook,2,432,1216,0.2,0.5,8,0.2701299260900353,0.006280193236714976,0.8647075131688383,4.991488933563232
Facebook,2,432,1216,0.2,0.5,9,0.28405136909407136,0.006516290726817042,0.8771832547823676,5.16466498374939
Facebook,2,432,1216,0.2,0.5,10,0.25590795844138053,0.0068783068783068784,0.8281120044358192,4.962451934814453
Facebook,2,432,1216,0.2,0.5,11,0.2367191409620886,0.007119741100323625,0.6775713889658996,5.1532065868377686
Facebook,2,432,1216,0.2,0.5,12,0.2881689535523024,0.007103825136612022,0.9439977820903798,5.138406038284302
Facebook,2,432,1216,0.2,0.5,13,0.27737422596338707,0.007951070336391437,0.8369836429165511,4.925007343292236
Facebook,2,432,1216,0.2,0.5,14,0.25742544757089153,0.010526315789473684,1.0,4.940469026565552
Facebook,2,432,1216,0.2,0.5,15,0.26379310185325977,0.008580858085808581,0.8733019129470474,5.146834373474121
Facebook,2,432,1216,0.2,0.5,16,0.2619349862537577,0.00975609756097561,0.7801497088993623,4.9592907428741455
Facebook,2,432,1216,0.2,0.5,17,0.2818819214586745,0.008666666666666666,0.8877183254782368,5.163637399673462
Facebook,2,432,1216,0.2,0.5,18,0.2661070518910589,0.010980392156862745,0.9190462988633213,5.1305153369903564
Facebook,2,432,1216,0.2,0.5,19,0.26987577132770113,0.01019607843137255,0.8494593845300804,4.956560134887695
Facebook,2,432,1216,0.2,0.5,20,0.29732993208121145,0.00880503144654088,0.8857776545605767,4.937909126281738
Facebook,2,432,1216,0.2,0.5,21,0.2680368784124872,0.00760233918128655,0.8450235652897145,5.168551921844482
Facebook,2,432,1216,0.2,0.5,22,0.2737006992052419,0.008333333333333333,0.8006653728860549,4.925046682357788
Facebook,2,432,1216,0.2,0.5,23,0.27669773289642413,0.00787878787878788,0.9035209315220405,5.176276683807373
Facebook,2,432,1216,0.2,0.5,24,0.2676179014422161,0.006606606606606606,0.6709176601053507,5.143056392669678
Facebook,2,432,1216,0.2,0.5,25,0.26072370529596056,0.007547169811320755,0.7554754643748267,4.96420431137085
Facebook,2,432,1520,0.25,0.5,1,0.28554635174369525,0.00784313725490196,0.8333795397837538,4.977905035018921
Facebook,2,432,1520,0.25,0.5,2,0.27832215112300907,0.010416666666666666,1.0,5.182627439498901
Facebook,2,432,1520,0.25,0.5,3,0.24985254428206402,0.008580858085808581,0.8660937066814527,4.966546297073364
Facebook,2,432,1520,0.25,0.5,4,0.28115455406971557,0.011111111111111112,0.9622955364568894,5.187826156616211
Facebook,2,432,1520,0.25,0.5,5,0.23530122466940767,0.008253968253968255,0.8774604934848905,5.16161584854126
Facebook,2,432,1520,0.25,0.5,6,0.2722406552055779,0.008627450980392156,0.6947601885223177,4.973980903625488
Facebook,2,432,1520,0.25,0.5,7,0.27397086283291683,0.008754208754208754,0.9096201829775437,5.019405841827393
Facebook,2,432,1520,0.25,0.5,8,0.282523230809477,0.007079646017699115,0.752703077349598,5.197903633117676
Facebook,2,432,1520,0.25,0.5,9,0.26457460350636103,0.008,0.7421680066537288,4.95508337020874
Facebook,2,432,1520,0.25,0.5,10,0.2750531895058433,0.007807807807807808,0.8297754366509564,5.201279878616333
Facebook,2,432,1520,0.25,0.5,11,0.26750496850753636,0.008843537414965987,0.8444690878846687,5.16497015953064
Facebook,2,432,1520,0.25,0.5,12,0.28224410151821516,0.008974358974358974,0.8902134738009426,4.957073450088501
Facebook,2,432,1520,0.25,0.5,13,0.26977280380285007,0.008115942028985508,0.9664541169947325,4.9754698276519775
Facebook,2,432,1520,0.25,0.5,14,0.2672629869291327,0.009240924092409241,0.9462156917105627,5.194960832595825
Facebook,2,432,1520,0.25,0.5,15,0.2607074588057626,0.009219858156028368,0.896035486553923,4.959156274795532
Facebook,2,432,1520,0.25,0.5,16,0.26624261553784956,0.006989247311827957,0.9179373440532298,5.18275785446167
Facebook,2,432,1520,0.25,0.5,17,0.28979959265100275,0.009824561403508772,0.9243138342112559,5.173550605773926
Facebook,2,432,1520,0.25,0.5,18,0.26978365199838306,0.0056410256410256415,0.7321874133629055,4.9598548412323
Facebook,2,432,1520,0.25,0.5,19,0.23590057318010837,0.010638297872340425,1.0,4.968538045883179
Facebook,2,432,1520,0.25,0.5,20,0.25417996116978187,0.008580858085808581,0.8270030496257278,5.1781816482543945
Facebook,2,432,1520,0.25,0.5,21,0.281916344730501,0.007951070336391437,0.8929858608261714,4.959634065628052
Facebook,2,432,1520,0.25,0.5,22,0.2791638596392342,0.007909604519774011,0.902411976711949,5.216533899307251
Facebook,2,432,1520,0.25,0.5,23,0.27747578270292794,0.007339449541284404,0.8275575270307735,5.1610870361328125
Facebook,2,432,1520,0.25,0.5,24,0.28454040454522883,0.007407407407407408,0.7507624064319379,4.967984437942505
Facebook,2,432,1520,0.25,0.5,25,0.2620526508462232,0.007766990291262136,0.7859717216523426,4.969897985458374
Facebook,2,432,1825,0.3,0.5,1,0.28834509167300876,0.006376811594202898,0.750485167729415,5.22240948677063
Facebook,2,432,1825,0.3,0.5,2,0.291802409235496,0.005774278215223097,0.6778486276684225,5.017097234725952
Facebook,2,432,1825,0.3,0.5,3,0.27230623668947546,0.00787878787878788,0.8405877460493485,5.273723363876343
Facebook,2,432,1825,0.3,0.5,4,0.2661175670825276,0.008666666666666666,0.889381757693374,5.267423152923584
Facebook,2,432,1825,0.3,0.5,5,0.27668368210775773,0.008176100628930818,0.8447463265871916,5.073713064193726
Facebook,2,432,1825,0.3,0.5,6,0.2715040564504118,0.007142857142857143,0.828666481840865,5.0785863399505615
Facebook,2,432,1825,0.3,0.5,7,0.26212844956762077,0.008791208791208791,0.7723870252287219,5.300134897232056
Facebook,2,432,1825,0.3,0.5,8,0.2643197413737507,0.0068241469816272965,0.8613806487385639,5.104327917098999
Facebook,2,432,1825,0.3,0.5,9,0.25106587203209657,0.009061488673139158,0.9584141946215692,5.2658984661102295
Facebook,2,432,1825,0.3,0.5,10,0.2651231885379353,0.006896551724137931,0.7721097865261991,5.2544190883636475
Facebook,2,432,1825,0.3,0.5,11,0.26077470246109025,0.009061488673139158,0.9650679234821181,5.020406007766724
Facebook,2,432,1825,0.3,0.5,12,0.2542371894136841,0.008333333333333333,0.8383698364291655,5.05448842048645
Facebook,2,432,1825,0.3,0.5,13,0.2739372627125345,0.007282913165266107,0.8283892431383421,5.22475004196167
Facebook,2,432,1825,0.3,0.5,14,0.27760193224702845,0.007547169811320755,0.7676739672858331,5.0201005935668945
Facebook,2,432,1825,0.3,0.5,15,0.2388258222661368,0.008666666666666666,0.8439146104796229,5.252394676208496
Facebook,2,432,1825,0.3,0.5,16,0.26705540974172093,0.008176100628930818,0.8738563903520932,5.255342245101929
Facebook,2,432,1825,0.3,0.5,17,0.24795165215998402,0.008045977011494253,0.9101746603825894,5.067960977554321
Facebook,2,432,1825,0.3,0.5,18,0.26502133197123484,0.01003584229390681,0.9184918214582756,5.039926528930664
Facebook,2,432,1825,0.3,0.5,19,0.2608555058843677,0.007407407407407408,0.7507624064319379,5.255914211273193
Facebook,2,432,1825,0.3,0.5,20,0.28181939989728044,0.007272727272727273,0.7535347934571667,5.043237209320068
Facebook,2,432,1825,0.3,0.5,21,0.24781418598934488,0.010256410256410256,0.978098142500693,5.223421335220337
Facebook,2,432,1825,0.3,0.5,22,0.28494100557428953,0.008934707903780068,0.8389243138342113,5.202732086181641
Facebook,2,432,1825,0.3,0.5,23,0.2753049404804543,0.00980392156862745,1.0,5.016695737838745
Facebook,2,432,1825,0.3,0.5,24,0.2658669008627166,0.008695652173913044,1.0,5.00705623626709
Facebook,2,432,1825,0.3,0.5,25,0.23702807217423333,0.008722741433021807,0.9159966731355698,5.234134674072266
Facebook,2,432,2129,0.35,0.5,1,0.26242348044160985,0.007339449541284404,0.7845855281397283,5.03175687789917
Facebook,2,432,2129,0.35,0.5,2,0.2610683154902087,0.008176100628930818,0.8877183254782368,5.254546880722046
Facebook,2,432,2129,0.35,0.5,3,0.27605516282262027,0.007575757575757576,1.0,5.251935243606567
Facebook,2,432,2129,0.35,0.5,4,0.27085391468646225,0.004724409448818898,0.6293318547269199,5.047553539276123
Facebook,2,432,2129,0.35,0.5,5,0.24878276265950391,0.007407407407407408,0.8469642362073746,5.040785551071167
Facebook,2,432,2129,0.35,0.5,6,0.2567014966877063,0.008666666666666666,0.9082339894649293,5.236072540283203
Facebook,2,432,2129,0.35,0.5,7,0.2680004824873156,0.00809968847352025,0.8433601330745772,5.088905334472656
Facebook,2,432,2129,0.35,0.5,8,0.27748086477244616,0.007046070460704607,0.8583310230108123,5.2310850620269775
Facebook,2,432,2129,0.35,0.5,9,0.2663770687478652,0.007282913165266107,0.8239534238979762,5.220858335494995
Facebook,2,432,2129,0.35,0.5,10,0.24568862373681166,0.009333333333333334,0.917660105350707,5.048222541809082
Facebook,2,432,2129,0.35,0.5,11,0.30126610935371545,0.00784313725490196,0.7590795675076241,5.032644987106323
Facebook,2,432,2129,0.35,0.5,12,0.2669768358855535,0.008064516129032258,1.0,5.2599780559539795
Facebook,2,432,2129,0.35,0.5,13,0.2810139942502451,0.006837606837606838,0.8441918491821458,5.066459655761719
Facebook,2,432,2129,0.35,0.5,14,0.2831503794073056,0.008024691358024692,0.8597172165234267,5.335952997207642
Facebook,2,432,2129,0.35,0.5,15,0.23991644676036983,0.007344632768361582,0.8899362350984198,5.3267998695373535
Facebook,2,432,2129,0.35,0.5,16,0.2619007601806537,0.00784313725490196,0.8195176046576103,5.138535737991333
Facebook,2,432,2129,0.35,0.5,17,0.25899054543336986,0.008888888888888889,0.8347657332963682,5.114872217178345
Facebook,2,432,2129,0.35,0.5,18,0.26994314162822847,0.00784313725490196,0.832825062378708,5.315046310424805
Facebook,2,432,2129,0.35,0.5,19,0.2513474331728048,0.008484848484848486,0.9076795120598835,5.107107162475586
Facebook,2,432,2129,0.35,0.5,20,0.25944277258046883,0.008253968253968255,0.8397560299417799,5.296748161315918
Facebook,2,432,2129,0.35,0.5,21,0.28000738683307513,0.006547619047619048,0.7033545883005268,5.252721548080444
Facebook,2,432,2129,0.35,0.5,22,0.2663673891723681,0.008333333333333333,0.8469642362073746,5.039703607559204
Facebook,2,432,2129,0.35,0.5,23,0.2726622227084359,0.010833333333333334,0.8522317715553092,5.051025390625
Facebook,2,432,2129,0.35,0.5,24,0.23303970019502648,0.007333333333333333,0.7111172719711671,5.274941444396973
Facebook,2,432,2129,0.35,0.5,25,0.26994965053930414,0.008333333333333333,0.8150817854172443,5.070578336715698
Facebook,2,432,2433,0.4,0.5,1,0.2792070223366376,0.005092592592592593,0.7457721097865262,5.353523254394531
Facebook,2,432,2433,0.4,0.5,2,0.2605978725393604,0.007588075880758808,0.9123925700027724,5.3237059116363525
Facebook,2,432,2433,0.4,0.5,3,0.27626007435581784,0.0067708333333333336,0.8380925977266427,5.0834197998046875
Facebook,2,432,2433,0.4,0.5,4,0.28215601173623,0.007650273224043716,0.8913224286110341,5.041051864624023
Facebook,2,432,2433,0.4,0.5,5,0.285843191710845,0.009027777777777777,0.7987247019683947,5.247542858123779
Facebook,2,432,2433,0.4,0.5,6,0.26292582165805434,0.004238921001926782,0.6997504851677294,5.0326879024505615
Facebook,2,432,2433,0.4,0.5,7,0.2759882778117756,0.005392156862745098,0.7524258386470751,5.251771926879883
Facebook,2,432,2433,0.4,0.5,8,0.28318682037167536,0.0068241469816272965,0.800388134183532,5.04532790184021
Facebook,2,432,2433,0.4,0.5,9,0.30004603852780026,0.007162534435261708,0.8561131133906293,5.292062044143677
Facebook,2,432,2433,0.4,0.5,10,0.27262158145569304,0.008722741433021807,0.9085112281674522,5.062763929367065
Facebook,2,432,2433,0.4,0.5,11,0.26338884458393674,0.007692307692307693,1.0,5.293398380279541
Facebook,2,432,2433,0.4,0.5,12,0.2379624176572489,0.00880503144654088,0.9121153313002495,5.0583109855651855
Facebook,2,432,2433,0.4,0.5,13,0.27978526638955203,0.00809968847352025,0.8902134738009426,5.258012533187866
Facebook,2,432,2433,0.4,0.5,14,0.27695383893416914,0.00851063829787234,0.741890767951206,5.254897117614746
Facebook,2,432,2433,0.4,0.5,15,0.2522248305405705,0.00760233918128655,0.8608261713335181,5.0498857498168945
Facebook,2,432,2433,0.4,0.5,16,0.29369604493237406,0.006349206349206349,0.7737732187413363,5.04229736328125
Facebook,2,432,2433,0.4,0.5,17,0.2519316488996995,0.007407407407407408,0.8500138619351262,5.34882116317749
Facebook,2,432,2433,0.4,0.5,18,0.2913951602217399,0.006718346253229974,0.8145273080121985,5.1065051555633545
Facebook,2,432,2433,0.4,0.5,19,0.26607316304802336,0.01003584229390681,0.9157194344330468,5.387328624725342
Facebook,2,432,2433,0.4,0.5,20,0.253102416410663,0.007407407407407408,0.7779317992791793,5.169483661651611
Facebook,2,432,2433,0.4,0.5,21,0.2536363035390943,0.007142857142857143,0.7538120321596895,5.367496728897095
Facebook,2,432,2433,0.4,0.5,22,0.2568714374029689,0.008333333333333333,0.9207097310784585,5.1466193199157715
Facebook,2,432,2433,0.4,0.5,23,0.2787997816688839,0.009523809523809525,0.9068477959523149,5.322836875915527
Facebook,2,432,2433,0.4,0.5,24,0.28091872436353127,0.00847457627118644,1.0,5.09450888633728
Facebook,2,432,2433,0.4,0.5,25,0.2907336834541485,0.007669616519174041,0.8536179650679235,5.3071129322052
Facebook,2,432,2737,0.45,0.5,1,0.2664811761595033,0.008333333333333333,0.9290268921541447,5.312293767929077
Facebook,2,432,2737,0.45,0.5,2,0.24682248069287543,0.008666666666666666,0.845855281397283,5.181386709213257
Facebook,2,432,2737,0.45,0.5,3,0.27323407202320543,0.008024691358024692,0.7953978375381203,5.15934419631958
Facebook,2,432,2737,0.45,0.5,4,0.26728461903825557,0.00787878787878788,0.8500138619351262,5.362180233001709
Facebook,2,432,2737,0.45,0.5,5,0.26939227844568536,0.008484848484848486,0.9065705572497921,5.100728988647461
Facebook,2,432,2737,0.45,0.5,6,0.26308816127423884,0.006944444444444444,0.6384807319101746,5.3133320808410645
Facebook,2,432,2737,0.45,0.5,7,0.2755731635380148,0.006933333333333333,0.8514000554477406,5.106258153915405
Facebook,2,432,2737,0.45,0.5,8,0.2791683131163077,0.006956521739130435,0.7784862766842251,5.317892789840698
Facebook,2,432,2737,0.45,0.5,9,0.27606458752021595,0.008024691358024692,0.8813418353202107,5.123565196990967
Facebook,2,432,2737,0.45,0.5,10,0.25457941405596113,0.0067226890756302525,0.800388134183532,5.288406848907471
Facebook,2,432,2737,0.45,0.5,11,0.27290085356370347,0.005479452054794521,0.854726919878015,5.0796449184417725
Facebook,2,432,2737,0.45,0.5,12,0.26472916797920526,0.00809968847352025,0.8289437205433878,5.287139177322388
Facebook,2,432,2737,0.45,0.5,13,0.2751341860713847,0.006611570247933884,0.780981425006931,5.300602674484253
Facebook,2,432,2737,0.45,0.5,14,0.23253807026484924,0.00856269113149847,0.9215414471860272,5.103775978088379
Facebook,2,432,2737,0.45,0.5,15,0.2661944940681863,0.007692307692307693,0.8738563903520932,5.072298288345337
Facebook,2,432,2737,0.45,0.5,16,0.2666876431165964,0.007103825136612022,0.878569448294982,5.362464427947998
Facebook,2,432,2737,0.45,0.5,17,0.28503611398922873,0.011111111111111112,1.0,5.152986764907837
Facebook,2,432,2737,0.45,0.5,18,0.2664440699406736,0.0064,0.7654560576656502,5.3830647468566895
Facebook,2,432,2737,0.45,0.5,19,0.28936061724516643,0.006666666666666667,0.6648184086498475,5.179478168487549
Facebook,2,432,2737,0.45,0.5,20,0.2104042758787807,0.007272727272727273,0.8045467147213751,5.347996473312378
Facebook,2,432,2737,0.45,0.5,21,0.2731533354308888,0.007339449541284404,0.7305239811477682,5.173563003540039
Facebook,2,432,2737,0.45,0.5,22,0.2551444057610441,0.007650273224043716,0.9534238979761575,5.302597522735596
Facebook,2,432,2737,0.45,0.5,23,0.27553585106767803,0.007407407407407408,0.8843914610479623,5.06639552116394
Facebook,2,432,2737,0.45,0.5,24,0.25510647428065264,0.007482993197278911,0.7260881619074022,5.352898836135864
Facebook,2,432,2737,0.45,0.5,25,0.2630112576238275,0.00909090909090909,0.7981702245633491,5.342397212982178
Facebook,2,432,3041,0.5,0.5,1,0.24848425587318704,0.010752688172043012,1.0,5.211084604263306
Facebook,2,432,3041,0.5,0.5,2,0.25000855998621846,0.007162534435261708,0.86969780981425,5.2221434116363525
Facebook,2,432,3041,0.5,0.5,3,0.26951804323064027,0.006572769953051643,0.9243138342112559,5.330775260925293
Facebook,2,432,3041,0.5,0.5,4,0.26799485711026116,0.009900990099009901,1.0,5.129117727279663
Facebook,2,432,3041,0.5,0.5,5,0.22853523984154037,0.009420289855072464,0.8574993069032437,5.312945127487183
Facebook,2,432,3041,0.5,0.5,6,0.2690885944051101,0.007920792079207921,0.748544496811755,5.133181095123291
Facebook,2,432,3041,0.5,0.5,7,0.26228681373384044,0.007407407407407408,0.6878292209592459,5.329063415527344
Facebook,2,432,3041,0.5,0.5,8,0.27790047491357567,0.006060606060606061,0.746326587191572,5.115985870361328
Facebook,2,432,3041,0.5,0.5,9,0.26196966925049603,0.0062678062678062675,0.7219295813695592,5.32671332359314
Facebook,2,432,3041,0.5,0.5,10,0.27653869706312495,0.006718346253229974,0.7970612697532575,5.103754997253418
Facebook,2,432,3041,0.5,0.5,11,0.2603704825386831,0.00760233918128655,0.8403105073468257,5.345996141433716
Facebook,2,432,3041,0.5,0.5,12,0.27983911406347156,0.007920792079207921,0.7801497088993623,5.3772337436676025
Facebook,2,432,3041,0.5,0.5,13,0.26836663476646294,0.009420289855072464,0.86969780981425,5.25303840637207
Facebook,2,432,3041,0.5,0.5,14,0.25524969327299557,0.00816326530612245,0.7812586637094538,5.183492183685303
Facebook,2,432,3041,0.5,0.5,15,0.2625806080134743,0.007046070460704607,0.8888272802883282,5.416205883026123
Facebook,2,432,3041,0.5,0.5,16,0.21783463345351262,0.008333333333333333,0.828666481840865,5.192810535430908
Facebook,2,432,3041,0.5,0.5,17,0.26872076751062557,0.00809968847352025,0.8863321319656224,5.34402060508728
Facebook,2,432,3041,0.5,0.5,18,0.26892396014333114,0.006984126984126984,0.806764624341558,5.124537706375122
Facebook,2,432,3041,0.5,0.5,19,0.295999310132891,0.007046070460704607,0.8730246742445246,5.382120609283447
Facebook,2,432,3041,0.5,0.5,20,0.26856231281877185,0.008888888888888889,0.897976157471583,5.195915460586548
Facebook,2,432,3041,0.5,0.5,21,0.2623867956112512,0.007272727272727273,0.8098142500693096,5.411612272262573
Facebook,2,432,3041,0.5,0.5,22,0.25659561436074996,0.006153846153846154,0.8347657332963682,5.122434854507446
Facebook,2,432,3041,0.5,0.5,23,0.24091841633884933,0.00809968847352025,0.8530634876628778,5.330078601837158
Facebook,2,432,3041,0.5,0.5,24,0.2597877505994245,0.00784313725490196,0.954532852786249,5.335639715194702
Facebook,2,432,3041,0.5,0.5,25,0.27821064501664383,0.009737827715355805,0.7965067923482118,5.138840198516846
Facebook,2,432,3345,0.55,0.5,1,0.2671285351459837,0.009420289855072464,0.8738563903520932,5.1260693073272705
Facebook,2,432,3345,0.55,0.5,2,0.26933028998146796,0.006933333333333333,0.8799556418075963,5.357110023498535
Facebook,2,432,3345,0.55,0.5,3,0.23441654515918908,0.009929078014184398,0.9329082339894649,5.171643972396851
Facebook,2,432,3345,0.55,0.5,4,0.26398403069706355,0.0057777777777777775,0.8289437205433878,5.35735011100769
Facebook,2,432,3345,0.55,0.5,5,0.27681878468775406,0.00931899641577061,0.869975048516773,5.186082363128662
Facebook,2,432,3345,0.55,0.5,6,0.2604960353371021,0.006153846153846154,0.7529803160521209,5.453986883163452
Facebook,2,432,3345,0.55,0.5,7,0.24891100726671017,0.008,0.8125866370945384,5.261744022369385
Facebook,2,432,3345,0.55,0.5,8,0.2750535164178859,0.008333333333333333,0.8744108677571389,5.444773197174072
Facebook,2,432,3345,0.55,0.5,9,0.25831073029734536,0.008666666666666666,0.8899362350984198,5.205261707305908
Facebook,2,432,3345,0.55,0.5,10,0.27054287836888524,0.007282913165266107,0.8486276684225118,5.351457834243774
Facebook,2,432,3345,0.55,0.5,11,0.2582164758569865,0.00672782874617737,0.7371777100083171,5.386373519897461
Facebook,2,432,3345,0.55,0.5,12,0.2612224377695063,0.007476635514018692,0.8333795397837538,5.236168146133423
Facebook,2,432,3345,0.55,0.5,13,0.2579241004040559,0.007407407407407408,0.8788466869975049,5.2065818309783936
Facebook,2,432,3345,0.55,0.5,14,0.22090173279697917,0.007407407407407408,0.7632381480454672,5.366591453552246
Facebook,2,432,3345,0.55,0.5,15,0.2792148187165868,0.007801418439716312,0.7446631549764348,5.1467344760894775
Facebook,2,432,3345,0.55,0.5,16,0.2701771325281489,0.008187134502923977,0.9243138342112559,5.389732122421265
Facebook,2,432,3345,0.55,0.5,17,0.25643422368028385,0.0058823529411764705,0.7848627668422512,5.123318672180176
Facebook,2,432,3345,0.55,0.5,18,0.29585280858248053,0.00849673202614379,0.8051011921264208,5.3642919063568115
Facebook,2,432,3345,0.55,0.5,19,0.22120885597677523,0.008253968253968255,0.8203493207651789,5.121051549911499
Facebook,2,432,3345,0.55,0.5,20,0.25089517861193766,0.00816326530612245,0.7574161352924869,5.358262538909912
Facebook,2,432,3345,0.55,0.5,21,0.2848304173646275,0.007046070460704607,0.7978929858608261,5.124451637268066
Facebook,2,432,3345,0.55,0.5,22,0.2530970548660385,0.00849673202614379,0.8239534238979762,5.361780166625977
Facebook,2,432,3345,0.55,0.5,23,0.27009416335409203,0.006606606606606606,0.7125034654837815,5.311223983764648
Facebook,2,432,3345,0.55,0.5,24,0.2615207824563497,0.007807807807807808,0.8466869975048517,5.1600730419158936
Facebook,2,432,3345,0.55,0.5,25,0.28406142757694747,0.007738095238095238,0.8214582755752703,5.112496614456177
Facebook,2,432,3649,0.6,0.5,1,0.26831963586198593,0.008414239482200648,0.8558358746881065,5.383972644805908
Facebook,2,432,3649,0.6,0.5,2,0.25945432730556267,0.008414239482200648,0.837260881619074,5.157111644744873
Facebook,2,432,3649,0.6,0.5,3,0.27826404235276214,0.007046070460704607,0.8594399778209038,5.390503644943237
Facebook,2,432,3649,0.6,0.5,4,0.27949706633019156,0.007471264367816092,0.8619351261436097,5.258327484130859
Facebook,2,432,3649,0.6,0.5,5,0.2679266728930747,0.008253968253968255,0.8272802883282506,5.443145990371704
Facebook,2,432,3649,0.6,0.5,6,0.2837845302241742,0.00849673202614379,0.8597172165234267,5.183025360107422
Facebook,2,432,3649,0.6,0.5,7,0.2786398879151928,0.007807807807807808,0.8419739395619629,5.455973148345947
Facebook,2,432,3649,0.6,0.5,8,0.2609061562381189,0.00809968847352025,0.8638757970612697,5.295848608016968
Facebook,2,432,3649,0.6,0.5,9,0.281087713146022,0.0064516129032258064,0.7687829220959246,5.459268569946289
Facebook,2,432,3649,0.6,0.5,10,0.2622077421601912,0.00808080808080808,0.8256168561131134,5.170497417449951
Facebook,2,432,3649,0.6,0.5,11,0.27592854170562797,0.008333333333333333,0.8100914887718326,5.4139745235443115
Facebook,2,432,3649,0.6,0.5,12,0.26791214214804304,0.009427609427609427,0.9193235375658442,5.173868417739868
Facebook,2,432,3649,0.6,0.5,13,0.2708713630719072,0.008024691358024692,0.8802328805101192,5.392274379730225
Facebook,2,432,3649,0.6,0.5,14,0.2682857322499025,0.00582010582010582,0.7138896589963959,5.217314004898071
Facebook,2,432,3649,0.6,0.5,15,0.28387219660819674,0.007619047619047619,0.8278347657332964,5.400436878204346
Facebook,2,432,3649,0.6,0.5,16,0.26808244409187165,0.009009009009009009,1.0,5.2112016677856445
Facebook,2,432,3649,0.6,0.5,17,0.2730269843747171,0.00809968847352025,0.8910451899085112,5.492384910583496
Facebook,2,432,3649,0.6,0.5,18,0.2726678000596348,0.006557377049180328,0.8150817854172443,5.255131959915161
Facebook,2,432,3649,0.6,0.5,19,0.2818307417668094,0.00849673202614379,0.8494593845300804,5.47193455696106
Facebook,2,432,3649,0.6,0.5,20,0.2732617356877994,0.006896551724137931,0.8253396174105905,5.211888074874878
Facebook,2,432,3649,0.6,0.5,21,0.2585184373667857,0.008580858085808581,0.8425284169670086,5.416281700134277
Facebook,2,432,3649,0.6,0.5,22,0.27765046766955037,0.007619047619047619,0.8106459661768783,5.266536235809326
Facebook,2,432,3649,0.6,0.5,23,0.26561388768793986,0.0067226890756302525,0.8250623787080676,5.484811782836914
Facebook,2,432,3649,0.6,0.5,24,0.24003719360352602,0.006853582554517134,0.7335736068755199,5.22078013420105
Facebook,2,432,3649,0.6,0.5,25,0.2699000270778252,0.00787878787878788,0.9021347380094261,5.420839071273804
Facebook,2,432,3953,0.65,0.5,1,0.252287390867401,0.009824561403508772,0.902411976711949,5.2198827266693115
Facebook,2,432,3953,0.65,0.5,2,0.2757701779612794,0.005594405594405594,0.8375381203215969,5.45750880241394
Facebook,2,432,3953,0.65,0.5,3,0.2540186623486028,0.008414239482200648,0.8563903520931522,5.234851837158203
Facebook,2,432,3953,0.65,0.5,4,0.273932537604937,0.007103825136612022,0.8500138619351262,5.443357229232788
Facebook,2,432,3953,0.65,0.5,5,0.27569557534402944,0.004761904761904762,0.8294981979484336,5.251132965087891
Facebook,2,432,3953,0.65,0.5,6,0.231636388205441,0.008888888888888889,0.8281120044358192,5.523338317871094
Facebook,2,432,3953,0.65,0.5,7,0.2711577290881718,0.00808080808080808,0.7931799279179373,5.278966188430786
Facebook,2,432,3953,0.65,0.5,8,0.2791146050131074,0.008045977011494253,0.954532852786249,5.51765775680542
Facebook,2,432,3953,0.65,0.5,9,0.2736195929205109,0.007333333333333333,0.8064873856390352,5.216564178466797
Facebook,2,432,3953,0.65,0.5,10,0.2572869044454565,0.005627705627705628,0.8691433324092043,5.476628303527832
Facebook,2,432,3953,0.65,0.5,11,0.2745860110123354,0.00962962962962963,0.8705295259218186,5.316404104232788
Facebook,2,432,3953,0.65,0.5,12,0.22122676595364094,0.008754208754208754,0.9046298863321319,5.497934103012085
Facebook,2,432,3953,0.65,0.5,13,0.28494714924588327,0.005774278215223097,0.7590795675076241,5.211950302124023
Facebook,2,432,3953,0.65,0.5,14,0.2661332808053436,0.008253968253968255,0.9179373440532298,5.427222967147827
Facebook,2,432,3953,0.65,0.5,15,0.27115231448272514,0.009427609427609427,0.9744940393678958,5.213235378265381
Facebook,2,432,3953,0.65,0.5,16,0.2669717777157902,0.007466666666666667,0.9509287496534516,5.436204433441162
Facebook,2,432,3953,0.65,0.5,17,0.23452466271989292,0.00805860805860806,0.7238702522872194,5.247363090515137
Facebook,2,432,3953,0.65,0.5,18,0.2490496350061866,0.008333333333333333,0.9207097310784585,5.477694988250732
Facebook,2,432,3953,0.65,0.5,19,0.2671084525065813,0.00851063829787234,0.8325478236761852,5.282330751419067
Facebook,2,432,3953,0.65,0.5,20,0.26999155124593094,0.009219858156028368,0.8841142223454395,5.51408052444458
Facebook,2,432,3953,0.65,0.5,21,0.27028086828421743,0.008024691358024692,0.8450235652897145,5.293852090835571
Facebook,2,432,3953,0.65,0.5,22,0.25826997996186624,0.007807807807807808,0.8416967008594399,5.452121734619141
Facebook,2,432,3953,0.65,0.5,23,0.2668248645834466,0.005263157894736842,0.8536179650679235,5.234355688095093
Facebook,2,432,3953,0.65,0.5,24,0.22157480946897928,0.009061488673139158,0.9359578597172166,5.488035678863525
Facebook,2,432,3953,0.65,0.5,25,0.23563827074859828,0.009848484848484848,0.874133629054616,5.268708944320679
Facebook,2,432,4257,0.7,0.5,1,0.2865472564851394,0.0067226890756302525,0.8139728306071528,5.527287483215332
Facebook,2,432,4257,0.7,0.5,2,0.2631366557829657,0.007476635514018692,0.7995564180759634,5.262801647186279
Facebook,2,432,4257,0.7,0.5,3,0.2628359975343943,0.007222222222222222,0.8258940948156362,5.486041307449341
Facebook,2,432,4257,0.7,0.5,4,0.25541012259515045,0.008988764044943821,0.8200720820626559,5.243630886077881
Facebook,2,432,4257,0.7,0.5,5,0.2456036723716749,0.007142857142857143,0.865539229276407,5.453423261642456
Facebook,2,432,4257,0.7,0.5,6,0.21699443036459534,0.007407407407407408,0.7759911283615193,5.278208494186401
Facebook,2,432,4257,0.7,0.5,7,0.2710636520025041,0.00787878787878788,0.8832825062378709,5.548940896987915
Facebook,2,432,4257,0.7,0.5,8,0.2501051577202269,0.007650273224043716,0.9678403105073469,5.3055524826049805
Facebook,2,432,4257,0.7,0.5,9,0.275191689523238,0.008247422680412371,0.8253396174105905,5.542364835739136
Facebook,2,432,4257,0.7,0.5,10,0.25194395739244824,0.007920792079207921,0.8161907402273357,5.253616571426392
Facebook,2,432,4257,0.7,0.5,11,0.28103032196257094,0.0061068702290076335,0.8322705849736624,5.514773607254028
Facebook,2,432,4257,0.7,0.5,12,0.27378817793270055,0.007536231884057971,0.8272802883282506,5.3006510734558105
Facebook,2,432,4257,0.7,0.5,13,0.2957697992553346,0.007407407407407408,0.7066814527308012,5.520874261856079
Facebook,2,432,4257,0.7,0.5,14,0.26157505086782273,0.007407407407407408,0.7291377876351539,5.266704082489014
Facebook,2,432,4257,0.7,0.5,15,0.23663790899771212,0.010852713178294573,0.9403936789575825,5.466444492340088
Facebook,2,432,4257,0.7,0.5,16,0.2718801265941515,0.007282913165266107,0.8139728306071528,5.245145082473755
Facebook,2,432,4257,0.7,0.5,17,0.26250275650884225,0.00808080808080808,0.7909620182977544,5.45447039604187
Facebook,2,432,4257,0.7,0.5,18,0.27171260889928106,0.005962059620596206,0.6991960077626836,5.281860113143921
Facebook,2,432,4257,0.7,0.5,19,0.25184675561627273,0.011382113821138212,0.9093429442750208,5.5450522899627686
Facebook,2,432,4257,0.7,0.5,20,0.2633265158129794,0.007407407407407408,0.9229276406986415,5.326889276504517
Facebook,2,432,4257,0.7,0.5,21,0.2621895253109616,0.008253968253968255,0.8672026614915442,5.5526063442230225
Facebook,2,432,4257,0.7,0.5,22,0.26182075777872155,0.006837606837606838,0.728860548932631,5.252594232559204
Facebook,2,432,4257,0.7,0.5,23,0.2636137612538524,0.006516290726817042,0.8455780426947602,5.4918694496154785
Facebook,2,432,4257,0.7,0.5,24,0.264120108384483,0.00625,0.7815359024119767,5.327456474304199
Facebook,2,432,4257,0.7,0.5,25,0.25068142428387263,0.00816326530612245,0.8494593845300804,5.554965972900391
Facebook,2,432,4562,0.75,0.5,1,0.2672165637114805,0.007407407407407408,0.876351538674799,5.27795672416687
Facebook,2,432,4562,0.75,0.5,2,0.26655485551586244,0.00808080808080808,0.7637926254505129,5.484197616577148
Facebook,2,432,4562,0.75,0.5,3,0.2743401455302743,0.0057777777777777775,0.8899362350984198,5.262823820114136
Facebook,2,432,4562,0.75,0.5,4,0.2662709689607502,0.00808080808080808,0.7698918769060161,5.48408842086792
Facebook,2,432,4562,0.75,0.5,5,0.2599720994891937,0.00851063829787234,0.7868034377599112,5.321224212646484
Facebook,2,432,4562,0.75,0.5,6,0.2423146066541565,0.008602150537634409,0.7820903798170225,5.601032495498657
Facebook,2,432,4562,0.75,0.5,7,0.26255839160022815,0.010606060606060607,0.9273634599390075,5.381497621536255
Facebook,2,432,4562,0.75,0.5,8,0.29644683311038683,0.006419753086419753,0.9636817299695037,5.552879095077515
Facebook,2,432,4562,0.75,0.5,9,0.20507358448423477,0.0077192982456140355,0.7105627945661215,5.274138450622559
Facebook,2,432,4562,0.75,0.5,10,0.2605356223229246,0.007766990291262136,0.8081508178541724,5.572294235229492
Facebook,2,432,4562,0.75,0.5,11,0.27938983471729967,0.011627906976744186,1.0,5.350754499435425
Facebook,2,432,4562,0.75,0.5,12,0.24258619232336348,0.008,0.8064873856390352,5.5318591594696045
Facebook,2,432,4562,0.75,0.5,13,0.25273296723423977,0.009433962264150943,1.0,5.285965204238892
Facebook,2,432,4562,0.75,0.5,14,0.2756231604822022,0.00672782874617737,0.7549209869697809,5.48444390296936
Facebook,2,432,4562,0.75,0.5,15,0.30431261583030017,0.006718346253229974,0.8075963404491266,5.319920539855957
Facebook,2,432,4562,0.75,0.5,16,0.26689851501189066,0.008176100628930818,0.8990851122816745,5.509584665298462
Facebook,2,432,4562,0.75,0.5,17,0.28209959101803755,0.00931899641577061,0.8250623787080676,5.309100151062012
Facebook,2,432,4562,0.75,0.5,18,0.28497796329290076,0.007920792079207921,0.8270030496257278,5.586904287338257
Facebook,2,432,4562,0.75,0.5,19,0.26541766925320853,0.00671462829736211,0.9229276406986415,5.335698366165161
Facebook,2,432,4562,0.75,0.5,20,0.2707246415070213,0.007738095238095238,0.9060160798447463,5.513880968093872
Facebook,2,432,4562,0.75,0.5,21,0.2311351247919207,0.007977207977207978,0.9207097310784585,5.286649942398071
Facebook,2,432,4562,0.75,0.5,22,0.28448710472719807,0.008333333333333333,0.8197948433601331,5.596282243728638
Facebook,2,432,4562,0.75,0.5,23,0.2484508695766001,0.007471264367816092,0.8209037981702245,5.341428279876709
Facebook,2,432,4562,0.75,0.5,24,0.2885704186206562,0.007638888888888889,0.7000277238702522,5.48186993598938
Facebook,2,432,4562,0.75,0.5,25,0.26687569316520054,0.008580858085808581,0.8527862489603548,5.2591564655303955
Facebook,2,432,4866,0.8,0.5,1,0.23467329844977647,0.008333333333333333,0.7723870252287219,5.53186559677124
Facebook,2,432,4866,0.8,0.5,2,0.2529024232473959,0.006153846153846154,0.8486276684225118,5.294940233230591
Facebook,2,432,4866,0.8,0.5,3,0.2790932543821348,0.009061488673139158,0.8940948156362628,5.593808174133301
Facebook,2,432,4866,0.8,0.5,4,0.2641346275883431,0.006837606837606838,0.8012198502911007,5.399033784866333
Facebook,2,432,4866,0.8,0.5,5,0.2711876112316218,0.009523809523809525,0.8990851122816745,5.6066060066223145
Facebook,2,432,4866,0.8,0.5,6,0.27455711678711964,0.008843537414965987,0.8139728306071528,5.34072208404541
Facebook,2,432,4866,0.8,0.5,7,0.27616592471675394,0.008333333333333333,0.7629609093429442,5.510455846786499
Facebook,2,432,4866,0.8,0.5,8,0.2693525657935438,0.007207207207207207,0.7393956196285001,5.399571657180786
Facebook,2,432,4866,0.8,0.5,9,0.27393031667801154,0.007103825136612022,0.8727474355420016,5.58290696144104
Facebook,2,432,4866,0.8,0.5,10,0.2601488201986255,0.009302325581395349,0.7776545605766565,5.309125661849976
Facebook,2,432,4866,0.8,0.5,11,0.26806318134419727,0.007920792079207921,0.7352370390906571,5.5017993450164795
Facebook,2,432,4866,0.8,0.5,12,0.253847613931284,0.008722741433021807,0.9179373440532298,5.310504913330078
Facebook,2,432,4866,0.8,0.5,13,0.28150013115741285,0.007536231884057971,0.8405877460493485,5.520373344421387
Facebook,2,432,4866,0.8,0.5,14,0.26899308453242327,0.007282913165266107,0.8325478236761852,5.348687648773193
Facebook,2,432,4866,0.8,0.5,15,0.2702255119883143,0.00684931506849315,1.0,5.590498208999634
Facebook,2,432,4866,0.8,0.5,16,0.27063600065772897,0.008666666666666666,0.8073191017466038,5.388284683227539
Facebook,2,432,4866,0.8,0.5,17,0.26060885644192255,0.007669616519174041,0.891599667313557,5.555129289627075
Facebook,2,432,4866,0.8,0.5,18,0.22750019331356008,0.010727969348659003,0.9304130856667591,5.316635608673096
Facebook,2,432,4866,0.8,0.5,19,0.2755220591459669,0.009737827715355805,0.8153590241197671,5.621243238449097
Facebook,2,432,4866,0.8,0.5,20,0.26346293810822224,0.005739514348785872,0.8497366232326032,5.347609043121338
Facebook,2,432,4866,0.8,0.5,21,0.2511744297612218,0.009027777777777777,0.8344884945938453,5.522875070571899
Facebook,2,432,4866,0.8,0.5,22,0.27370906929242994,0.009174311926605505,1.0,5.296935796737671
Facebook,2,432,4866,0.8,0.5,23,0.2524204575031902,0.008484848484848486,0.9140560022179096,5.5052313804626465
Facebook,2,432,4866,0.8,0.5,24,0.26042036926623574,0.008484848484848486,0.9470474078181315,5.311614513397217
Facebook,2,432,4866,0.8,0.5,25,0.2831833796899692,0.006111111111111111,0.7014139173828666,5.633811712265015
Facebook,2,432,5170,0.85,0.5,1,0.2560609628923311,0.007051282051282051,0.7360687551982257,5.41114354133606
Facebook,2,432,5170,0.85,0.5,2,0.2750773119345527,0.007977207977207978,0.9126698087052952,5.644116163253784
Facebook,2,432,5170,0.85,0.5,3,0.2629409688074914,0.007536231884057971,0.8882728028832825,5.318309783935547
Facebook,2,432,5170,0.85,0.5,4,0.26181567435387626,0.008176100628930818,0.8505683393401718,5.633267641067505
Facebook,2,432,5170,0.85,0.5,5,0.25567233393593297,0.007407407407407408,0.8527862489603548,5.409432411193848
Facebook,2,432,5170,0.85,0.5,6,0.22351998978016763,0.006153846153846154,0.8400332686443027,5.5504255294799805
Facebook,2,432,5170,0.85,0.5,7,0.2631059017628295,0.007536231884057971,0.8591627391183809,5.32927942276001
Facebook,2,432,5170,0.85,0.5,8,0.22524046066099665,0.0067708333333333336,0.8927086221236484,5.5515296459198
Facebook,2,432,5170,0.85,0.5,9,0.26469058748760965,0.008024691358024692,0.8602716939284725,5.313457489013672
Facebook,2,432,5170,0.85,0.5,10,0.2433500880722382,0.01019607843137255,0.8450235652897145,5.578320026397705
Facebook,2,432,5170,0.85,0.5,11,0.2951280887127337,0.008176100628930818,0.8563903520931522,5.422984600067139
Facebook,2,432,5170,0.85,0.5,12,0.2591038023672452,0.007807807807807808,0.8367064042140283,5.620009422302246
Facebook,2,432,5170,0.85,0.5,13,0.2858430184120942,0.00816326530612245,0.7751594122539507,5.31913423538208
Facebook,2,432,5170,0.85,0.5,14,0.28764484393593304,0.007692307692307693,0.7122262267812587,5.61876368522644
Facebook,2,432,5170,0.85,0.5,15,0.25438827474491416,0.006896551724137931,0.7734959800388134,5.415506362915039
Facebook,2,432,5170,0.85,0.5,16,0.24678190649479365,0.009240924092409241,0.9606321042417522,5.542495965957642
Facebook,2,432,5170,0.85,0.5,17,0.2672027954338353,0.01003584229390681,0.9625727751594123,5.547391653060913
Facebook,2,432,5170,0.85,0.5,18,0.27019799634912817,0.009433962264150943,1.0,5.333344221115112
Facebook,2,432,5170,0.85,0.5,19,0.27185595131812396,0.009122807017543859,0.826448572220682,5.544230699539185
Facebook,2,432,5170,0.85,0.5,20,0.27012389923563057,0.00880503144654088,0.9021347380094261,5.420872211456299
Facebook,2,432,5170,0.85,0.5,21,0.29035366241075766,0.006666666666666667,0.7324646520654283,5.636864900588989
Facebook,2,432,5170,0.85,0.5,22,0.2740456624675368,0.007909604519774011,0.9218186858885501,5.4435224533081055
Facebook,2,432,5170,0.85,0.5,23,0.22941797869998026,0.008024691358024692,0.8630440809537011,5.49467921257019
Facebook,2,432,5170,0.85,0.5,24,0.26709156487524627,0.007349081364829396,0.9445522594954255,5.4241859912872314
Facebook,2,432,5170,0.85,0.5,25,0.2686098790009447,0.007977207977207978,0.9184918214582756,5.598463296890259
Facebook,2,432,5474,0.9,0.5,1,0.26621876894346674,0.008754208754208754,0.8735791516495702,5.354095458984375
Facebook,2,432,5474,0.9,0.5,2,0.2648531784262675,0.004819277108433735,0.8186858885500415,5.565566539764404
Facebook,2,432,5474,0.9,0.5,3,0.26016493550982095,0.007339449541284404,0.8416967008594399,5.358173370361328
Facebook,2,432,5474,0.9,0.5,4,0.2696358440334089,0.00809968847352025,0.8866093706681453,5.587008476257324
Facebook,2,432,5474,0.9,0.5,5,0.2551864479063462,0.007119741100323625,0.6836706404214028,5.451876401901245
Facebook,2,432,5474,0.9,0.5,6,0.2717796131496127,0.008253968253968255,0.8397560299417799,5.6284661293029785
Facebook,2,432,5474,0.9,0.5,7,0.2180967272726612,0.0071794871794871795,0.9232048794011644,5.407530784606934
Facebook,2,432,5474,0.9,0.5,8,0.27932098547099754,0.007526881720430108,0.8996395896867203,5.636386871337891
Facebook,2,432,5474,0.9,0.5,9,0.28010017615574295,0.0061068702290076335,0.8333795397837538,5.469239950180054
Facebook,2,432,5474,0.9,0.5,10,0.26241726813739585,0.00805860805860806,0.7155530912115331,5.6095404624938965
Facebook,2,432,5474,0.9,0.5,11,0.2679619918776408,0.008408408408408409,0.928472414749099,5.349394798278809
Facebook,2,432,5474,0.9,0.5,12,0.2868068844463953,0.008333333333333333,0.872192958136956,5.5789406299591064
Facebook,2,432,5474,0.9,0.5,13,0.2499223967768741,0.009900990099009901,1.0,5.422302484512329
Facebook,2,432,5474,0.9,0.5,14,0.26289130840269465,0.006779661016949152,0.8635985583587469,5.6336586475372314
Facebook,2,432,5474,0.9,0.5,15,0.2448041274456117,0.010980392156862745,0.9196007762683671,5.4575488567352295
Facebook,2,432,5474,0.9,0.5,16,0.2181422277965562,0.007536231884057971,0.8663709453839756,5.652605772018433
Facebook,2,432,5474,0.9,0.5,17,0.29763331674870364,0.00625,0.7929026892154145,5.363262891769409
Facebook,2,432,5474,0.9,0.5,18,0.24593561117627105,0.007669616519174041,0.8436373717771001,5.686182022094727
Facebook,2,432,5474,0.9,0.5,19,0.26413707027955996,0.007619047619047619,0.7543665095647353,5.457684278488159
Facebook,2,432,5474,0.9,0.5,20,0.2620846229147544,0.006956521739130435,0.7776545605766565,5.578002691268921
Facebook,2,432,5474,0.9,0.5,21,0.24181764642446327,0.01003584229390681,0.9276406986415303,5.571549892425537
Facebook,2,432,5474,0.9,0.5,22,0.2541934924743513,0.007588075880758808,0.9093429442750208,5.389260768890381
Facebook,2,432,5474,0.9,0.5,23,0.280891151864138,0.007272727272727273,0.7474355420016634,5.6210925579071045
Facebook,2,432,5474,0.9,0.5,24,0.2601840270107,0.008580858085808581,0.8028832825062379,5.47081995010376
Facebook,2,432,5474,0.9,0.5,25,0.26034613539370577,0.010526315789473684,1.0,5.653864860534668
Facebook,2,432,5778,0.95,0.5,1,0.26020044948420007,0.007951070336391437,0.878569448294982,5.409802675247192
Facebook,2,432,5778,0.95,0.5,2,0.27403975230516414,0.007713498622589532,0.9442750207929027,5.660704135894775
Facebook,2,432,5778,0.95,0.5,3,0.26180658370282994,0.006111111111111111,0.6847795952314943,5.476341009140015
Facebook,2,432,5778,0.95,0.5,4,0.29489143400838325,0.00808080808080808,0.7551982256723039,5.59755802154541
Facebook,2,432,5778,0.95,0.5,5,0.24923740527007257,0.00582010582010582,0.7432769614638204,5.384191036224365
Facebook,2,432,5778,0.95,0.5,6,0.2546004164236198,0.007476635514018692,0.8100914887718326,5.58309006690979
Facebook,2,432,5778,0.95,0.5,7,0.26206776172250906,0.009929078014184398,0.9281951760465761,5.438880681991577
Facebook,2,432,5778,0.95,0.5,8,0.25235736720102725,0.0068241469816272965,0.8638757970612697,5.679046630859375
Facebook,2,432,5778,0.95,0.5,9,0.261435344788703,0.008,1.0,5.4658637046813965
Facebook,2,432,5778,0.95,0.5,10,0.26252326230064293,0.009737827715355805,0.8408649847518713,5.617864608764648
Facebook,2,432,5778,0.95,0.5,11,0.2638134055348257,0.007471264367816092,0.8150817854172443,5.468750476837158
Facebook,2,432,5778,0.95,0.5,12,0.2207799548224225,0.008888888888888889,0.9265317438314389,5.7442946434021
Facebook,2,432,5778,0.95,0.5,13,0.2549910459218658,0.006933333333333333,0.8574993069032437,5.382494926452637
Facebook,2,432,5778,0.95,0.5,14,0.25901810330228286,0.007526881720430108,0.9215414471860272,5.580462455749512
Facebook,2,432,5778,0.95,0.5,15,0.26367438994523557,0.008974358974358974,0.9057388411422235,5.398052453994751
Facebook,2,432,5778,0.95,0.5,16,0.289319139426943,0.0061068702290076335,0.794011644025506,5.653102159500122
Facebook,2,432,5778,0.95,0.5,17,0.2750213494007657,0.009061488673139158,0.8996395896867203,5.477828741073608
Facebook,2,432,5778,0.95,0.5,18,0.26153518760870154,0.00809968847352025,0.896035486553923,5.663751125335693
Facebook,2,432,5778,0.95,0.5,19,0.2901309011074958,0.007103825136612022,0.8100914887718326,5.388140439987183
Facebook,2,432,5778,0.95,0.5,20,0.26254438026303084,0.005913978494623656,0.6869975048516773,5.688143968582153
Facebook,2,432,5778,0.95,0.5,21,0.2620188336695793,0.010441767068273093,0.8904907125034655,5.474726676940918
Facebook,2,432,5778,0.95,0.5,22,0.26647716519827197,0.008,0.7568616578874411,5.610212326049805
Facebook,2,432,5778,0.95,0.5,23,0.28033518875303515,0.00808080808080808,0.7488217355142778,5.40008807182312
Facebook,2,432,5778,0.95,0.5,24,0.25952503772679497,0.00849673202614379,0.8508455780426948,5.626910448074341
Facebook,2,432,5778,0.95,0.5,25,0.2534035448693675,0.008974358974358974,0.9215414471860272,5.64917516708374
Facebook,2,432,6082,1,0.5,1,0.2723299422296287,0.008333333333333333,0.9273634599390075,5.516885757446289
Facebook,2,432,6082,1,0.5,2,0.2863695648235197,0.008421052631578947,0.7898530634876629,5.649859428405762
Facebook,2,432,6082,1,0.5,3,0.2660506990822341,0.006572769953051643,0.9625727751594123,5.446140289306641
Facebook,2,432,6082,1,0.5,4,0.22016506219391135,0.008187134502923977,0.9254227890213473,5.74816370010376
Facebook,2,432,6082,1,0.5,5,0.25719016949511553,0.007738095238095238,0.8222899916828389,5.467619180679321
Facebook,2,432,6082,1,0.5,6,0.24207096299340367,0.009420289855072464,0.8952037704463544,5.587014436721802
Facebook,2,432,6082,1,0.5,7,0.26553785755225706,0.008843537414965987,0.8275575270307735,5.48735499382019
Facebook,2,432,6082,1,0.5,8,0.24740902056878675,0.007162534435261708,0.8586082617133352,5.653673887252808
Facebook,2,432,6082,1,0.5,9,0.2786044045292488,0.008580858085808581,0.8059329082339894,5.5135204792022705
Facebook,2,432,6082,1,0.5,10,0.21531945908963424,0.007807807807807808,0.856944829498198,5.716740131378174
Facebook,2,432,6082,1,0.5,11,0.2612105197090276,0.007807807807807808,0.8852231771555309,5.460577011108398
Facebook,2,432,6082,1,0.5,12,0.27811179690819454,0.006666666666666667,0.7316329359578597,5.736851215362549
Facebook,2,432,6082,1,0.5,13,0.27981956320527723,0.007466666666666667,0.900194067091766,5.468972206115723
Facebook,2,432,6082,1,0.5,14,0.29741249904171285,0.007738095238095238,0.7942888827280288,5.6136391162872314
Facebook,2,432,6082,1,0.5,15,0.22918467804950943,0.008641975308641974,0.9237593568062101,5.436714172363281
Facebook,2,432,6082,1,0.5,16,0.2721361279894177,0.008176100628930818,0.845855281397283,5.658132553100586
Facebook,2,432,6082,1,0.5,17,0.26374618160618035,0.007971014492753623,0.7607429997227613,5.501397132873535
Facebook,2,432,6082,1,0.5,18,0.26152067859362094,0.005684754521963824,0.7402273357360688,5.732032060623169
Facebook,2,432,6082,1,0.5,19,0.259931316784082,0.00784313725490196,0.9187690601607984,5.4251837730407715
Facebook,2,432,6082,1,0.5,20,0.23074192612299502,0.009259259259259259,1.0,5.730136871337891
Facebook,2,432,6082,1,0.5,21,0.2673215522587829,0.00856269113149847,0.9193235375658442,5.472194194793701
Facebook,2,432,6082,1,0.5,22,0.2649082025918944,0.006349206349206349,0.8527862489603548,5.636149644851685
Facebook,2,432,6082,1,0.5,23,0.28154808416745813,0.009219858156028368,0.8685888550041586,5.419536590576172
Facebook,2,432,6082,1,0.5,24,0.2588932296992293,0.00931899641577061,0.8145273080121985,5.6402692794799805
Facebook,2,432,6082,1,0.5,25,0.27863738155353646,0.00787878787878788,0.8270030496257278,5.447956323623657
Facebook,3,446,0,0,,0,0.6731809958917014,0.0009033423667570009,0.3311995546896744,
Facebook,3,446,0,0,,0,0.7977051366446402,0.0006717044500419815,0.19148344002226553,
Facebook,3,446,0,0,,0,0.6286148242659593,0.0005076142131979696,0.0840523239632619,
Facebook,3,446,0,0,,0,0.6741663713436253,0.00062015503875969,0.2585583078207626,
Facebook,3,446,0,0,,0,0.7480392078711651,0.00046948356807511736,0.19259671583634846,
Facebook,3,446,0,0,,0,0.7963498570454066,0.0004901960784313725,0.14723072641246868,
Facebook,3,446,0,0,,0,0.7486794660411918,0.0009389671361502347,0.22516003339827442,
Facebook,3,446,0,0,,0,0.7900731595640996,0.0006683375104427736,0.20706930141942667,
Facebook,3,446,0,0,,0,0.7753894774653558,0.00015467904098994585,0.008627887559142778,
Facebook,3,446,0,0,,0,0.7335648030159213,0.00048661800486618007,0.13025327024770386,
Facebook,3,446,0,0,,0,0.7326277966105937,0.0008130081300813008,0.2939048149178959,
Facebook,3,446,0,0,,0,0.7047116975564776,0.00048192771084337347,0.07152797105482883,
Facebook,3,446,0,0,,0,0.6994387887969497,0.0006144393241167435,0.24603395491232952,
Facebook,3,446,0,0,,0,0.7999429827349667,0.000642570281124498,0.219315335374339,
Facebook,3,446,0,0,,0,0.7522399386450497,0.00047281323877068556,0.16198163094906765,
Facebook,3,446,0,0,,0,0.7339776345765785,0.00048192771084337347,0.09351516838296688,
Facebook,3,446,0,0,,0,0.778743897383264,0.0003065134099616858,0.12774839966601725,
Facebook,3,446,0,0,,0,0.6469287095746291,0.0005128205128205128,0.17561925967158362,
Facebook,3,446,0,0,,0,0.7959300937354409,0.0004807692307692308,0.13832451989980518,
Facebook,3,446,0,0,,0,0.780460680376852,0.00031372549019607844,0.07987753966045087,
Facebook,3,446,0,0,,0,0.7555030951164617,0.0004987531172069825,0.17645421653214585,
Facebook,3,446,0,0,,0,0.7477604360206402,0.000310077519379845,0.09880322849986084,
Facebook,3,446,0,0,,0,0.8030275495078835,0.0009195402298850574,0.3754522682994712,
Facebook,3,446,0,0,,0,0.7038142776740166,0.0004807692307692308,0.14639576955190647,
Facebook,3,446,0,0,,0,0.7938553492597299,0.0004576659038901602,0.11550236571110492,
Facebook,3,446,168,0.01,0.5,1,0.22854471071544377,0.007692307692307693,0.7873643195101586,4.988162517547607
Facebook,3,446,168,0.01,0.5,2,0.2716551262729669,0.009737827715355805,0.8505427219593654,4.837795734405518
Facebook,3,446,168,0.01,0.5,3,0.26040259084666395,0.005420054200542005,0.6996938491511272,5.061180591583252
Facebook,3,446,168,0.01,0.5,4,0.2703233565236858,0.008580858085808581,0.8110214305594211,4.832970380783081
Facebook,3,446,168,0.01,0.5,5,0.2697518378028564,0.008,0.7578625104369607,5.0676257610321045
Facebook,3,446,168,0.01,0.5,6,0.2673667733509409,0.005660377358490566,0.5797383801836905,4.843480825424194
Facebook,3,446,168,0.01,0.5,7,0.2799542820206192,0.005128205128205128,0.548844976342889,5.063661813735962
Facebook,3,446,168,0.01,0.5,8,0.26722953932378185,0.006933333333333333,0.8046200946284442,4.850545406341553
Facebook,3,446,168,0.01,0.5,9,0.24240508223784635,0.007260726072607261,0.7266907876426385,5.051254034042358
Facebook,3,446,168,0.01,0.5,10,0.2670442829925538,0.009061488673139158,0.8984135819649318,4.900235176086426
Facebook,3,446,168,0.01,0.5,11,0.26683611469735535,0.006918238993710692,0.7790147509045366,5.127076625823975
Facebook,3,446,168,0.01,0.5,12,0.24361261398665232,0.007119741100323625,0.7264124686891177,4.903326988220215
Facebook,3,446,168,0.01,0.5,13,0.216305524328268,0.005962059620596206,0.7503478986919009,5.07612419128418
Facebook,3,446,168,0.01,0.5,14,0.2428735925744665,0.005128205128205128,0.6315057055385471,4.869935750961304
Facebook,3,446,168,0.01,0.5,15,0.2824054505408647,0.009333333333333334,0.9034233231283051,5.107513904571533
Facebook,3,446,168,0.01,0.5,16,0.2655519124447465,0.008602150537634409,0.7837461731143891,4.885292053222656
Facebook,3,446,168,0.01,0.5,17,0.2559025282557936,0.008988764044943821,0.8750347898691901,5.043274879455566
Facebook,3,446,168,0.01,0.5,18,0.27757119113955503,0.006918238993710692,0.70832173671027,4.835532903671265
Facebook,3,446,168,0.01,0.5,19,0.28463338030629115,0.008602150537634409,0.7019204007792931,5.021399021148682
Facebook,3,446,168,0.01,0.5,20,0.29306494518998555,0.005472636815920398,0.6957973838018369,4.832608222961426
Facebook,3,446,168,0.01,0.5,21,0.27540987810170126,0.005392156862745098,0.7467297522961314,5.030743837356567
Facebook,3,446,168,0.01,0.5,22,0.27339134424554185,0.007482993197278911,0.6813247982187587,4.837998628616333
Facebook,3,446,168,0.01,0.5,23,0.2509630598302065,0.005797101449275362,0.6534929028666853,5.074099779129028
Facebook,3,446,168,0.01,0.5,24,0.2674779494370444,0.00625,0.7812413025327025,4.828723192214966
Facebook,3,446,168,0.01,0.5,25,0.2869428144313949,0.006516290726817042,0.9390481491789591,5.0186426639556885
Facebook,3,446,838,0.05,0.5,1,0.272443607900146,0.009333333333333334,0.9112162538268856,4.912394285202026
Facebook,3,446,838,0.05,0.5,2,0.24786118951925568,0.01003584229390681,0.91288616754801,4.903233766555786
Facebook,3,446,838,0.05,0.5,3,0.2791247348113034,0.008641975308641974,0.978012802671862,5.109668970108032
Facebook,3,446,838,0.05,0.5,4,0.25786378994207243,0.00632183908045977,0.739771778458113,5.14394736289978
Facebook,3,446,838,0.05,0.5,5,0.2757770572788687,0.010256410256410256,0.7915391038129697,4.944284200668335
Facebook,3,446,838,0.05,0.5,6,0.29306126599318044,0.008835341365461847,0.6991372112440857,5.1110007762908936
Facebook,3,446,838,0.05,0.5,7,0.26070754490637893,0.010317460317460317,0.8188143612580017,4.962949991226196
Facebook,3,446,838,0.05,0.5,8,0.2551054533941895,0.008888888888888889,0.8998051767325355,4.940952301025391
Facebook,3,446,838,0.05,0.5,9,0.2811887364782902,0.008045977011494253,0.895073754522683,5.144161939620972
Facebook,3,446,838,0.05,0.5,10,0.27781746293200665,0.008695652173913044,1.0,4.92854905128479
Facebook,3,446,838,0.05,0.5,11,0.2570578483421434,0.008666666666666666,0.8978569440578903,5.1485981941223145
Facebook,3,446,838,0.05,0.5,12,0.291640377094509,0.012612612612612612,0.8920122460339549,5.154309511184692
Facebook,3,446,838,0.05,0.5,13,0.2644477834616568,0.007650273224043716,0.9070414695240746,4.946044206619263
Facebook,3,446,838,0.05,0.5,14,0.2699648798679575,0.0064516129032258064,0.8213192318396882,4.946047306060791
Facebook,3,446,838,0.05,0.5,15,0.2726220764881254,0.009427609427609427,0.9512941831338714,5.160506725311279
Facebook,3,446,838,0.05,0.5,16,0.26717133502666357,0.00760233918128655,0.8115780684664625,5.175863027572632
Facebook,3,446,838,0.05,0.5,17,0.27599958674933645,0.00931899641577061,0.8789312552184804,4.969862699508667
Facebook,3,446,838,0.05,0.5,18,0.2888791733080506,0.008024691358024692,0.8722516003339827,5.154394865036011
Facebook,3,446,838,0.05,0.5,19,0.2746588214580356,0.007282913165266107,0.8190926802115224,4.9661571979522705
Facebook,3,446,838,0.05,0.5,20,0.2644302952174112,0.008888888888888889,0.9039799610353465,4.964109182357788
Facebook,3,446,838,0.05,0.5,21,0.2741289489709026,0.008695652173913044,1.0,5.159747838973999
Facebook,3,446,838,0.05,0.5,22,0.2653465106959811,0.011244979919678716,0.9512941831338714,4.9614856243133545
Facebook,3,446,838,0.05,0.5,23,0.26100612736424156,0.00849673202614379,0.813247982187587,5.151089191436768
Facebook,3,446,838,0.05,0.5,24,0.2705423033250463,0.011111111111111112,1.0,5.171145677566528
Facebook,3,446,838,0.05,0.5,25,0.25777164640137584,0.008484848484848486,0.9028666852212636,4.928237676620483
Facebook,3,446,1676,0.1,0.5,1,0.2673243443824096,0.008602150537634409,0.813247982187587,5.020758867263794
Facebook,3,446,1676,0.1,0.5,2,0.15251470855816365,0.001949317738791423,0.9390481491789591,5.266807317733765
Facebook,3,446,1676,0.1,0.5,3,0.26069688091000703,0.008259587020648967,0.9109379348733648,4.966949701309204
Facebook,3,446,1676,0.1,0.5,4,0.24398052638425036,0.0071794871794871795,0.9334817701085444,5.207041025161743
Facebook,3,446,1676,0.1,0.5,5,0.2700634529291254,0.010980392156862745,0.9062065126635124,4.957889556884766
Facebook,3,446,1676,0.1,0.5,6,0.26272065596014227,0.009523809523809525,0.8424714723072642,5.181090354919434
Facebook,3,446,1676,0.1,0.5,7,0.23567119374453924,0.0064,0.7946006123016978,5.004287958145142
Facebook,3,446,1676,0.1,0.5,8,0.2613359952350352,0.00749063670411985,0.6025605343723908,5.1958746910095215
Facebook,3,446,1676,0.1,0.5,9,0.2687293347566714,0.007977207977207978,0.9092680211522405,4.951502799987793
Facebook,3,446,1676,0.1,0.5,10,0.26038757305228377,0.011255411255411256,0.8263289730030615,5.192268133163452
Facebook,3,446,1676,0.1,0.5,11,0.27589142860640486,0.007222222222222222,0.802671861953799,4.983973264694214
Facebook,3,446,1676,0.1,0.5,12,0.27057576925494387,0.008115942028985508,0.9891455608126913,5.184523582458496
Facebook,3,446,1676,0.1,0.5,13,0.2435986802644613,0.008247422680412371,0.8057333704425271,4.998895645141602
Facebook,3,446,1676,0.1,0.5,14,0.2588574680842599,0.005970149253731343,0.6955190648483162,5.193570375442505
Facebook,3,446,1676,0.1,0.5,15,0.2620077501893282,0.009411764705882352,0.7659337600890621,5.005499362945557
Facebook,3,446,1676,0.1,0.5,16,0.2671022682854973,0.007471264367816092,0.8424714723072642,5.1854026317596436
Facebook,3,446,1676,0.1,0.5,17,0.26589807446195785,0.009420289855072464,0.8563874199833008,4.9687933921813965
Facebook,3,446,1676,0.1,0.5,18,0.2662572293546987,0.006299212598425197,0.8168661285833565,5.19483494758606
Facebook,3,446,1676,0.1,0.5,19,0.26085082517054675,0.006779661016949152,0.8416365154467019,5.010007858276367
Facebook,3,446,1676,0.1,0.5,20,0.27632569424036124,0.006557377049180328,0.7767881992763708,5.19110894203186
Facebook,3,446,1676,0.1,0.5,21,0.27250923226584356,0.007936507936507936,1.0,4.970779657363892
Facebook,3,446,1676,0.1,0.5,22,0.26057598404307797,0.006896551724137931,0.8129696632340663,5.179342269897461
Facebook,3,446,1676,0.1,0.5,23,0.26296660495138524,0.007713498622589532,0.9053715558029501,4.977023363113403
Facebook,3,446,1676,0.1,0.5,24,0.2653488314235949,0.007936507936507936,1.0,5.180670261383057
Facebook,3,446,1676,0.1,0.5,25,0.2886402900633822,0.007692307692307693,1.0,4.977854490280151
Facebook,3,446,2513,0.15,0.5,1,0.26972700533058086,0.006516290726817042,0.8107431116059004,5.269849061965942
Facebook,3,446,2513,0.15,0.5,2,0.2735488998727544,0.00784313725490196,0.8964653492902867,5.086496114730835
Facebook,3,446,2513,0.15,0.5,3,0.273827128795339,0.007339449541284404,0.7787364319510158,5.358679294586182
Facebook,3,446,2513,0.15,0.5,4,0.24367033019489961,0.010144927536231883,0.9064848316170331,5.167118549346924
Facebook,3,446,2513,0.15,0.5,5,0.2798746674833265,0.00909090909090909,1.0,5.356577157974243
Facebook,3,446,2513,0.15,0.5,6,0.28396663938667077,0.005673758865248227,0.8485944892847203,5.151728630065918
Facebook,3,446,2513,0.15,0.5,7,0.24832938697394183,0.006419753086419753,0.8335652657946007,5.330711364746094
Facebook,3,446,2513,0.15,0.5,8,0.26823155456711156,0.00672782874617737,0.6479265237962706,5.0720579624176025
Facebook,3,446,2513,0.15,0.5,9,0.2635285546819801,0.007207207207207207,0.8639020317283607,5.288278341293335
Facebook,3,446,2513,0.15,0.5,10,0.2586843170340177,0.011111111111111112,0.8984135819649318,5.080431699752808
Facebook,3,446,2513,0.15,0.5,11,0.25689435951327877,0.009240924092409241,0.9165043139437796,5.35191535949707
Facebook,3,446,2513,0.15,0.5,12,0.2797811031734096,0.006103286384976526,0.7982187586974673,5.1403350830078125
Facebook,3,446,2513,0.15,0.5,13,0.2377737590618431,0.007471264367816092,0.9209574172001114,5.33136773109436
Facebook,3,446,2513,0.15,0.5,14,0.26601065252338874,0.010441767068273093,0.8580573337044253,5.0722033977508545
Facebook,3,446,2513,0.15,0.5,15,0.23435217433867492,0.0056022408963585435,0.6754801001948233,5.3009033203125
Facebook,3,446,2513,0.15,0.5,16,0.25267155122117174,0.006933333333333333,0.8575006957973837,5.053541660308838
Facebook,3,446,2513,0.15,0.5,17,0.2827164390536299,0.010699588477366255,0.8444197049819092,5.286605358123779
Facebook,3,446,2513,0.15,0.5,18,0.26199442072385326,0.010486891385767791,0.9176175897578626,5.052282810211182
Facebook,3,446,2513,0.15,0.5,19,0.23828323375026683,0.007633587786259542,1.0,5.277598142623901
Facebook,3,446,2513,0.15,0.5,20,0.2776586559911975,0.007633587786259542,1.0,5.038454055786133
Facebook,3,446,2513,0.15,0.5,21,0.26072394766755497,0.00582010582010582,0.7283607013637629,5.263979196548462
Facebook,3,446,2513,0.15,0.5,22,0.27441424230548317,0.009219858156028368,0.8491511271917618,5.040864706039429
Facebook,3,446,2513,0.15,0.5,23,0.2540964185241603,0.007407407407407408,0.8427497912607849,5.299749851226807
Facebook,3,446,2513,0.15,0.5,24,0.2852058442054535,0.010416666666666666,1.0,5.037417650222778
Facebook,3,446,2513,0.15,0.5,25,0.28994449969749114,0.010526315789473684,1.0,5.274422883987427
Facebook,3,446,3351,0.2,0.5,1,0.263262425168425,0.007909604519774011,0.9081547453381575,5.151636362075806
Facebook,3,446,3351,0.2,0.5,2,0.24565190737981404,0.007339449541284404,0.7614806568327304,5.408216238021851
Facebook,3,446,3351,0.2,0.5,3,0.25978109252510984,0.009929078014184398,0.8934038408015585,5.214229583740234
Facebook,3,446,3351,0.2,0.5,4,0.26104044276284827,0.01037037037037037,0.9691065961591985,5.457925319671631
Facebook,3,446,3351,0.2,0.5,5,0.25926184839578226,0.007619047619047619,0.8190926802115224,5.201707363128662
Facebook,3,446,3351,0.2,0.5,6,0.2582194569253497,0.010317460317460317,0.8591706095185082,5.347409248352051
Facebook,3,446,3351,0.2,0.5,7,0.2679513349528455,0.008934707903780068,0.889785694405789,5.16211199760437
Facebook,3,446,3351,0.2,0.5,8,0.2692363130405863,0.006015037593984963,0.7550793209017534,5.449454307556152
Facebook,3,446,3351,0.2,0.5,9,0.2638430198504134,0.008641975308641974,0.9777344837183413,5.221837282180786
Facebook,3,446,3351,0.2,0.5,10,0.2747764568687734,0.0062146892655367235,0.707208460896187,5.417264699935913
Facebook,3,446,3351,0.2,0.5,11,0.27646252917263864,0.012444444444444444,0.917060951850821,5.122856855392456
Facebook,3,446,3351,0.2,0.5,12,0.2275408611292803,0.008333333333333333,0.8268856109101029,5.362751483917236
Facebook,3,446,3351,0.2,0.5,13,0.25132480379858646,0.00847457627118644,1.0,5.124905347824097
Facebook,3,446,3351,0.2,0.5,14,0.26925852664012173,0.006557377049180328,0.8260506540495408,5.368478298187256
Facebook,3,446,3351,0.2,0.5,15,0.27789098189231437,0.008580858085808581,0.7934873364876148,5.146354675292969
Facebook,3,446,3351,0.2,0.5,16,0.2637378021732589,0.007407407407407408,0.8316170331199555,5.3646440505981445
Facebook,3,446,3351,0.2,0.5,17,0.26910107458319804,0.010317460317460317,0.8193709991650432,5.123218536376953
Facebook,3,446,3351,0.2,0.5,18,0.2755991320424762,0.010606060606060607,0.9574172001113276,5.388324975967407
Facebook,3,446,3351,0.2,0.5,19,0.2605346241487796,0.010441767068273093,0.7982187586974673,5.218425989151001
Facebook,3,446,3351,0.2,0.5,20,0.27246634562753125,0.008843537414965987,0.8149178959087113,5.43367338180542
Facebook,3,446,3351,0.2,0.5,21,0.2663812743622297,0.01038961038961039,0.7879209574172001,5.243954658508301
Facebook,3,446,3351,0.2,0.5,22,0.2876565905035528,0.011255411255411256,0.853047592541052,5.409747838973999
Facebook,3,446,3351,0.2,0.5,23,0.2903899079606793,0.0067226890756302525,0.7703868633453939,5.128920078277588
Facebook,3,446,3351,0.2,0.5,24,0.2726204691586717,0.005913978494623656,0.7086000556637907,5.391371011734009
Facebook,3,446,3351,0.2,0.5,25,0.271470253633667,0.007669616519174041,0.8914556081269135,5.220653533935547
Facebook,3,446,4189,0.25,0.5,1,0.22867556363197192,0.00856269113149847,0.8925688839409964,5.512596130371094
Facebook,3,446,4189,0.25,0.5,2,0.25478069010334997,0.008580858085808581,0.8491511271917618,5.236699819564819
Facebook,3,446,4189,0.25,0.5,3,0.2636762571379273,0.008666666666666666,0.8085165599777345,5.4284961223602295
Facebook,3,446,4189,0.25,0.5,4,0.2505041833232678,0.007344632768361582,0.8931255218480378,5.211871862411499
Facebook,3,446,4189,0.25,0.5,5,0.2660863668192813,0.010852713178294573,0.971611466740885,5.444626331329346
Facebook,3,446,4189,0.25,0.5,6,0.2652518289133628,0.007951070336391437,0.8082382410242137,5.220338582992554
Facebook,3,446,4189,0.25,0.5,7,0.26113049330475246,0.008408408408408409,0.8947954355691623,5.487428665161133
Facebook,3,446,4189,0.25,0.5,8,0.27364747768975645,0.00809968847352025,0.8282772056777067,5.283935546875
Facebook,3,446,4189,0.25,0.5,9,0.2710689179805999,0.007344632768361582,0.858335652657946,5.526556730270386
Facebook,3,446,4189,0.25,0.5,10,0.26984136704478073,0.009900990099009901,1.0,5.302757501602173
Facebook,3,446,4189,0.25,0.5,11,0.26985791239014845,0.008421052631578947,0.8218758697467298,5.4809112548828125
Facebook,3,446,4189,0.25,0.5,12,0.23976663563368256,0.008264462809917356,1.0,5.221047878265381
Facebook,3,446,4189,0.25,0.5,13,0.27855810055866737,0.007909604519774011,0.9053715558029501,5.480173587799072
Facebook,3,446,4189,0.25,0.5,14,0.25441401201135655,0.010980392156862745,0.9693849151127192,5.271242380142212
Facebook,3,446,4189,0.25,0.5,15,0.25735540789708233,0.006933333333333333,0.8332869468410798,5.501356601715088
Facebook,3,446,4189,0.25,0.5,16,0.2647356818119845,0.007713498622589532,0.8967436682438074,5.210010051727295
Facebook,3,446,4189,0.25,0.5,17,0.2539056791987982,0.00880503144654088,0.8953520734762037,5.4221107959747314
Facebook,3,446,4189,0.25,0.5,18,0.27882739832819126,0.007407407407407408,0.9677150013915947,5.225283622741699
Facebook,3,446,4189,0.25,0.5,19,0.28746805588787105,0.006965174129353234,0.9693849151127192,5.423021554946899
Facebook,3,446,4189,0.25,0.5,20,0.2601351150567499,0.007909604519774011,0.91288616754801,5.22451114654541
Facebook,3,446,4189,0.25,0.5,21,0.2713945090724603,0.007462686567164179,1.0,5.465249538421631
Facebook,3,446,4189,0.25,0.5,22,0.263574846747305,0.010852713178294573,0.9067631505705539,5.312518835067749
Facebook,3,446,4189,0.25,0.5,23,0.26903576958494413,0.008934707903780068,0.8263289730030615,5.52415657043457
Facebook,3,446,4189,0.25,0.5,24,0.2500595077724665,0.007103825136612022,0.8472028945171166,5.287509202957153
Facebook,3,446,4189,0.25,0.5,25,0.2602458352922772,0.006918238993710692,0.7133314778736431,5.4282920360565186
Facebook,3,446,5026,0.3,0.5,1,0.2727283266001455,0.007222222222222222,0.9095463401057612,5.347729682922363
Facebook,3,446,5026,0.3,0.5,2,0.25750288127522664,0.009824561403508772,0.8953520734762037,5.587913751602173
Facebook,3,446,5026,0.3,0.5,3,0.2610963322547881,0.008641975308641974,0.9176175897578626,5.33799409866333
Facebook,3,446,5026,0.3,0.5,4,0.2797549055524397,0.00819672131147541,1.0,5.542951822280884
Facebook,3,446,5026,0.3,0.5,5,0.2546441791057257,0.008547008547008548,1.0,5.313909530639648
Facebook,3,446,5026,0.3,0.5,6,0.24905376937001936,0.007526881720430108,0.9092680211522405,5.508522987365723
Facebook,3,446,5026,0.3,0.5,7,0.2671644224379057,0.007909604519774011,0.9028666852212636,5.28330397605896
Facebook,3,446,5026,0.3,0.5,8,0.26535653893389466,0.010526315789473684,0.8087948789312552,5.584640264511108
Facebook,3,446,5026,0.3,0.5,9,0.2865324448205156,0.0077192982456140355,0.6598942387976621,5.375769853591919
Facebook,3,446,5026,0.3,0.5,10,0.262113525097413,0.007874015748031496,1.0,5.572489500045776
Facebook,3,446,5026,0.3,0.5,11,0.2701602105958828,0.006989247311827957,0.822710826607292,5.308858633041382
Facebook,3,446,5026,0.3,0.5,12,0.2597424144151074,0.006837606837606838,0.7717784581129975,5.5808093547821045
Facebook,3,446,5026,0.3,0.5,13,0.23280707895689756,0.007407407407407408,0.8491511271917618,5.387270212173462
Facebook,3,446,5026,0.3,0.5,14,0.27007724149285167,0.010980392156862745,0.899248538825494,5.541822671890259
Facebook,3,446,5026,0.3,0.5,15,0.2705814660625921,0.006965174129353234,0.9165043139437796,5.319284677505493
Facebook,3,446,5026,0.3,0.5,16,0.2716284448743544,0.007536231884057971,0.8307820762593933,5.521869659423828
Facebook,3,446,5026,0.3,0.5,17,0.26460988707458355,0.008333333333333333,0.8872808238241024,5.288130044937134
Facebook,3,446,5026,0.3,0.5,18,0.27264497928773856,0.008602150537634409,0.8046200946284442,5.539428949356079
Facebook,3,446,5026,0.3,0.5,19,0.28907840015441527,0.009523809523809525,0.8204842749791261,5.327226400375366
Facebook,3,446,5026,0.3,0.5,20,0.26047667945524544,0.00909090909090909,0.7216810464792652,5.58752703666687
Facebook,3,446,5026,0.3,0.5,21,0.271998220153528,0.006299212598425197,0.7840244920679098,5.397505521774292
Facebook,3,446,5026,0.3,0.5,22,0.2538777992902696,0.006060606060606061,0.770108544391873,5.504016160964966
Facebook,3,446,5026,0.3,0.5,23,0.27901734042181514,0.007692307692307693,1.0,5.354293584823608
Facebook,3,446,5026,0.3,0.5,24,0.26600371594981653,0.006060606060606061,0.8349568605622043,5.60004734992981
Facebook,3,446,5026,0.3,0.5,25,0.2924926418178578,0.0068241469816272965,0.8906206512663513,5.324195861816406
Facebook,3,446,5864,0.35,0.5,1,0.276670567877977,0.006933333333333333,0.8160311717227943,5.593105792999268
Facebook,3,446,5864,0.35,0.5,2,0.2716742453519245,0.006467661691542288,0.8502644030058447,5.359282970428467
Facebook,3,446,5864,0.35,0.5,3,0.254282652418082,0.00909090909090909,0.8549958252156972,5.624542713165283
Facebook,3,446,5864,0.35,0.5,4,0.2720842211726759,0.007349081364829396,0.9220706930141943,5.656884431838989
Facebook,3,446,5864,0.35,0.5,5,0.27147399390451754,0.011904761904761904,1.0,5.463433027267456
Facebook,3,446,5864,0.35,0.5,6,0.28930407539861264,0.012745098039215686,0.8182577233509603,5.635843753814697
Facebook,3,446,5864,0.35,0.5,7,0.2631209599855727,0.007692307692307693,0.8060116893960478,5.446091890335083
Facebook,3,446,5864,0.35,0.5,8,0.2909754799795874,0.007526881720430108,0.934873364876148,5.461026191711426
Facebook,3,446,5864,0.35,0.5,9,0.27041526801379023,0.009333333333333334,0.8953520734762037,5.627465486526489
Facebook,3,446,5864,0.35,0.5,10,0.2700162879810168,0.006933333333333333,0.8616754801001948,5.374388217926025
Facebook,3,446,5864,0.35,0.5,11,0.27755976771479224,0.010256410256410256,0.7993320345115502,5.601832151412964
Facebook,3,446,5864,0.35,0.5,12,0.24928387270041147,0.008414239482200648,0.8920122460339549,5.5710978507995605
Facebook,3,446,5864,0.35,0.5,13,0.30009720929949,0.007407407407407408,0.7614806568327304,5.468416213989258
Facebook,3,446,5864,0.35,0.5,14,0.2692583311036784,0.008722741433021807,0.8928472028945171,5.650052309036255
Facebook,3,446,5864,0.35,0.5,15,0.23901877632506088,0.01020408163265306,1.0,5.443779468536377
Facebook,3,446,5864,0.35,0.5,16,0.26685123353269824,0.007407407407407408,0.9050932368494294,5.56684136390686
Facebook,3,446,5864,0.35,0.5,17,0.29176389162939365,0.009621993127147767,0.9070414695240746,5.488638877868652
Facebook,3,446,5864,0.35,0.5,18,0.25429261472328535,0.008974358974358974,0.9730030615084887,5.637467384338379
Facebook,3,446,5864,0.35,0.5,19,0.2269278059044322,0.008247422680412371,0.8444197049819092,5.411462306976318
Facebook,3,446,5864,0.35,0.5,20,0.2510053364790078,0.00962962962962963,0.831060395212914,5.580051422119141
Facebook,3,446,5864,0.35,0.5,21,0.2670516889320236,0.006557377049180328,0.7592541052045644,5.384362697601318
Facebook,3,446,5864,0.35,0.5,22,0.27066344964690897,0.007017543859649123,0.7787364319510158,5.618098974227905
Facebook,3,446,5864,0.35,0.5,23,0.26432960842911224,0.008259587020648967,0.935986640690231,5.464277744293213
Facebook,3,446,5864,0.35,0.5,24,0.28453365258250307,0.008934707903780068,0.935986640690231,5.653214454650879
Facebook,3,446,5864,0.35,0.5,25,0.2624040838667709,0.007807807807807808,0.8029501809073198,5.410213232040405
Facebook,3,446,6702,0.4,0.5,1,0.2668553837012189,0.007807807807807808,0.845811299749513,5.72767186164856
Facebook,3,446,6702,0.4,0.5,2,0.2955100628535972,0.007977207977207978,0.8928472028945171,5.529689073562622
Facebook,3,446,6702,0.4,0.5,3,0.26884935047999375,0.01056910569105691,0.8613971611466741,5.655530214309692
Facebook,3,446,6702,0.4,0.5,4,0.24273681741858083,0.01019607843137255,0.8249373782354579,5.461978435516357
Facebook,3,446,6702,0.4,0.5,5,0.21879269477735827,0.008484848484848486,0.9020317283607013,5.699090480804443
Facebook,3,446,6702,0.4,0.5,6,0.2737185300806449,0.011111111111111112,1.0,5.557987689971924
Facebook,3,446,6702,0.4,0.5,7,0.2701607720312003,0.009737827715355805,0.7940439743946562,5.748755931854248
Facebook,3,446,6702,0.4,0.5,8,0.26419904975227465,0.008484848484848486,0.8978569440578903,5.47685170173645
Facebook,3,446,6702,0.4,0.5,9,0.2608572291781626,0.00849673202614379,0.82577233509602,5.770567178726196
Facebook,3,446,6702,0.4,0.5,10,0.2814574044156175,0.010852713178294573,0.9295853047592542,5.542751789093018
Facebook,3,446,6702,0.4,0.5,11,0.25573664968473114,0.010752688172043012,1.0,5.675668239593506
Facebook,3,446,6702,0.4,0.5,12,0.23979525685914602,0.006913580246913581,0.9103812969663234,5.46284818649292
Facebook,3,446,6702,0.4,0.5,13,0.23631705815972442,0.00856269113149847,0.9799610353465071,5.699511766433716
Facebook,3,446,6702,0.4,0.5,14,0.2804067958106742,0.009824561403508772,0.9268021152240468,5.742273330688477
Facebook,3,446,6702,0.4,0.5,15,0.24948996384192695,0.007650273224043716,0.9053715558029501,5.553080081939697
Facebook,3,446,6702,0.4,0.5,16,0.2651601347129006,0.009523809523809525,0.9145560812691345,5.642166614532471
Facebook,3,446,6702,0.4,0.5,17,0.2514497432175718,0.006666666666666667,0.8318953520734762,5.573868274688721
Facebook,3,446,6702,0.4,0.5,18,0.20313438999152042,0.009848484848484848,0.8733648761480657,5.7054603099823
Facebook,3,446,6702,0.4,0.5,19,0.271877171315208,0.00760233918128655,0.873086557194545,5.474736213684082
Facebook,3,446,6702,0.4,0.5,20,0.26026190060182924,0.009122807017543859,0.8305037573058726,5.661518335342407
Facebook,3,446,6702,0.4,0.5,21,0.2774366881976525,0.009420289855072464,0.8371834121903702,5.508713245391846
Facebook,3,446,6702,0.4,0.5,22,0.22460930859515413,0.00996168582375479,0.8444197049819092,5.731132745742798
Facebook,3,446,6702,0.4,0.5,23,0.2742842299040016,0.009122807017543859,0.8474812134706373,5.567718744277954
Facebook,3,446,6702,0.4,0.5,24,0.24991037784022369,0.009523809523809525,0.9037016420818258,5.453048229217529
Facebook,3,446,6702,0.4,0.5,25,0.2604968224597327,0.00905349794238683,0.6944057890342332,5.762918949127197
Facebook,3,446,7540,0.45,0.5,1,0.25474216060101124,0.007713498622589532,0.9162259949902588,5.597403049468994
Facebook,3,446,7540,0.45,0.5,2,0.25482816487049964,0.008620689655172414,1.0,5.787336826324463
Facebook,3,446,7540,0.45,0.5,3,0.24806667540749827,0.007282913165266107,0.8917339270804342,5.533142566680908
Facebook,3,446,7540,0.45,0.5,4,0.24552752519637644,0.009929078014184398,0.908711383245199,5.848576307296753
Facebook,3,446,7540,0.45,0.5,5,0.25707073921838947,0.008754208754208754,0.8288338435847481,5.644246816635132
Facebook,3,446,7540,0.45,0.5,6,0.25198690538770524,0.01019607843137255,0.8505427219593654,5.759933710098267
Facebook,3,446,7540,0.45,0.5,7,0.24707001382710947,0.007407407407407408,0.8519343167269691,5.634213209152222
Facebook,3,446,7540,0.45,0.5,8,0.2845414918174366,0.008176100628930818,0.8613971611466741,5.806424617767334
Facebook,3,446,7540,0.45,0.5,9,0.26314339286688004,0.007526881720430108,0.9362649596437518,5.543854236602783
Facebook,3,446,7540,0.45,0.5,10,0.25247193474645374,0.00909090909090909,1.0,5.764089107513428
Facebook,3,446,7540,0.45,0.5,11,0.2759700837995925,0.0067708333333333336,0.8775396604508767,5.634706735610962
Facebook,3,446,7540,0.45,0.5,12,0.2871108064223464,0.007162534435261708,0.9042582799888672,5.856845855712891
Facebook,3,446,7540,0.45,0.5,13,0.26440940969158017,0.006103286384976526,0.8973003061508489,5.537526607513428
Facebook,3,446,7540,0.45,0.5,14,0.2752927224804406,0.007471264367816092,0.8143612580016699,5.837027072906494
Facebook,3,446,7540,0.45,0.5,15,0.24111055977979223,0.007017543859649123,0.8040634567214028,5.625403881072998
Facebook,3,446,7540,0.45,0.5,16,0.2378759826692935,0.010441767068273093,0.8179794043974394,5.788697719573975
Facebook,3,446,7540,0.45,0.5,17,0.27165381249518056,0.009027777777777777,0.8900640133593097,5.557437181472778
Facebook,3,446,7540,0.45,0.5,18,0.2727723465159363,0.006015037593984963,0.7728917339270804,5.811692476272583
Facebook,3,446,7540,0.45,0.5,19,0.2706539484278084,0.011111111111111112,1.0,5.6311516761779785
Facebook,3,446,7540,0.45,0.5,20,0.25975801648854435,0.007669616519174041,0.8252156971889786,5.814697504043579
Facebook,3,446,7540,0.45,0.5,21,0.26667711451834536,0.007103825136612022,0.8382966880044531,5.642595291137695
Facebook,3,446,7540,0.45,0.5,22,0.24855278123254534,0.0065040650406504065,0.753409407180629,5.785175323486328
Facebook,3,446,7540,0.45,0.5,23,0.23442718459585918,0.007807807807807808,0.8864458669635402,5.5478291511535645
Facebook,3,446,7540,0.45,0.5,24,0.12375984956448843,0.0010126582278481013,0.9412747008071249,5.830236911773682
Facebook,3,446,7540,0.45,0.5,25,0.26742765753792647,0.007920792079207921,0.7514611745059838,5.63174843788147
Facebook,3,446,8378,0.5,0.5,1,0.23197874308137445,0.009621993127147767,0.9209574172001114,5.91801905632019
Facebook,3,446,8378,0.5,0.5,2,0.26721443474082746,0.009027777777777777,0.8163094906763151,5.6646223068237305
Facebook,3,446,8378,0.5,0.5,3,0.2702492374783209,0.007920792079207921,0.7968271639298636,5.939925670623779
Facebook,3,446,8378,0.5,0.5,4,0.2684806982164368,0.008695652173913044,1.0,5.8105127811431885
Facebook,3,446,8378,0.5,0.5,5,0.27143200416328184,0.006516290726817042,0.829947119398831,5.632202386856079
Facebook,3,446,8378,0.5,0.5,6,0.24818075633983006,0.005925925925925926,0.8068466462566101,5.78953218460083
Facebook,3,446,8378,0.5,0.5,7,0.2493139736262188,0.008666666666666666,0.8686334539382132,5.631271123886108
Facebook,3,446,8378,0.5,0.5,8,0.262872652208332,0.006812652068126521,0.9131644865015307,5.811288833618164
Facebook,3,446,8378,0.5,0.5,9,0.2811427637606205,0.008888888888888889,0.9078764263846368,5.628851890563965
Facebook,3,446,8378,0.5,0.5,10,0.23599515575901858,0.010486891385767791,0.9070414695240746,5.769074201583862
Facebook,3,446,8378,0.5,0.5,11,0.2628282901360955,0.008888888888888889,0.9537990537155581,5.603882789611816
Facebook,3,446,8378,0.5,0.5,12,0.2495137037440366,0.010144927536231883,0.8920122460339549,5.83739709854126
Facebook,3,446,8378,0.5,0.5,13,0.25828268207988336,0.008888888888888889,0.8060116893960478,5.611486434936523
Facebook,3,446,8378,0.5,0.5,14,0.2640751292740289,0.008934707903780068,0.8369050932368495,5.922182083129883
Facebook,3,446,8378,0.5,0.5,15,0.23467567854416144,0.007885304659498209,0.6969106596159198,5.714962959289551
Facebook,3,446,8378,0.5,0.5,16,0.28096827263728114,0.006989247311827957,0.8124130253270248,5.885376453399658
Facebook,3,446,8378,0.5,0.5,17,0.26552295698476114,0.01003584229390681,0.9596437517394935,5.730845212936401
Facebook,3,446,8378,0.5,0.5,18,0.2808638801262123,0.00880503144654088,0.9098246590592819,5.869787693023682
Facebook,3,446,8378,0.5,0.5,19,0.260720747910635,0.007920792079207921,0.7845811299749513,5.621853351593018
Facebook,3,446,8378,0.5,0.5,20,0.24032011799386596,0.009240924092409241,0.9106596159198441,5.922435283660889
Facebook,3,446,8378,0.5,0.5,21,0.22421504863230457,0.00980392156862745,1.0,5.717233657836914
Facebook,3,446,8378,0.5,0.5,22,0.26220889049220397,0.010486891385767791,0.9025883662677429,5.890181541442871
Facebook,3,446,8378,0.5,0.5,23,0.27175883220883135,0.009061488673139158,0.9048149178959087,5.742698431015015
Facebook,3,446,8378,0.5,0.5,24,0.24917536118768194,0.007633587786259542,1.0,5.923374891281128
Facebook,3,446,8378,0.5,0.5,25,0.26850734407891863,0.006862745098039216,0.8984135819649318,5.637498617172241
Facebook,3,446,9215,0.55,0.5,1,0.2261328212835707,0.009411764705882352,0.7918174227664904,6.038249492645264
Facebook,3,446,9215,0.55,0.5,2,0.2678465649652076,0.007951070336391437,0.8143612580016699,5.82047438621521
Facebook,3,446,9215,0.55,0.5,3,0.27019171189926267,0.011522633744855968,0.9011967715001391,5.9739625453948975
Facebook,3,446,9215,0.55,0.5,4,0.24503866784678877,0.007920792079207921,0.7923740606735319,5.810870885848999
Facebook,3,446,9215,0.55,0.5,5,0.22461199590531655,0.005962059620596206,0.7163929863623713,5.9484875202178955
Facebook,3,446,9215,0.55,0.5,6,0.2683467803397329,0.007333333333333333,0.7130531589201224,5.7035205364227295
Facebook,3,446,9215,0.55,0.5,7,0.24201740305368094,0.010958904109589041,0.7742833286946841,6.0405802726745605
Facebook,3,446,9215,0.55,0.5,8,0.26018721270724876,0.008253968253968255,0.8293904814917896,5.7698400020599365
Facebook,3,446,9215,0.55,0.5,9,0.23049624198075866,0.008421052631578947,0.812134706373504,5.987457990646362
Facebook,3,446,9215,0.55,0.5,10,0.26516756114447926,0.00931899641577061,0.8744781519621486,6.001649379730225
Facebook,3,446,9215,0.55,0.5,11,0.27718638597317863,0.007471264367816092,0.8519343167269691,5.71334171295166
Facebook,3,446,9215,0.55,0.5,12,0.2591470931153184,0.006060606060606061,0.7152797105482883,5.971494197845459
Facebook,3,446,9215,0.55,0.5,13,0.2538149034945926,0.008115942028985508,0.895073754522683,5.804011583328247
Facebook,3,446,9215,0.55,0.5,14,0.2769353106107016,0.00760233918128655,0.8138046200946284,5.910660743713379
Facebook,3,446,9215,0.55,0.5,15,0.26714335448759974,0.009027777777777777,0.8939604787086001,5.824763774871826
Facebook,3,446,9215,0.55,0.5,16,0.2636537122410953,0.011522633744855968,0.9279153910381297,5.93791389465332
Facebook,3,446,9215,0.55,0.5,17,0.2727478139617071,0.008414239482200648,0.7987753966045088,5.760672569274902
Facebook,3,446,9215,0.55,0.5,18,0.24925896345909782,0.00819672131147541,1.0,6.004469156265259
Facebook,3,446,9215,0.55,0.5,19,0.27134872103343294,0.007339449541284404,0.7411633732257167,5.789759635925293
Facebook,3,446,9215,0.55,0.5,20,0.26988316415129876,0.008187134502923977,0.9020317283607013,6.018254518508911
Facebook,3,446,9215,0.55,0.5,21,0.26173245675905754,0.007017543859649123,0.9771778458112997,5.80028772354126
Facebook,3,446,9215,0.55,0.5,22,0.2462645031609004,0.007349081364829396,0.9615919844141386,5.92122745513916
Facebook,3,446,9215,0.55,0.5,23,0.26444070362987554,0.00787878787878788,0.8822710826607292,5.740639686584473
Facebook,3,446,9215,0.55,0.5,24,0.22857270667897983,0.00962962962962963,0.8160311717227943,6.009999513626099
Facebook,3,446,9215,0.55,0.5,25,0.22480034199478688,0.007536231884057971,0.8808794878931255,5.722325563430786
Facebook,3,446,10053,0.6,0.5,1,0.23450235495615412,0.007807807807807808,0.8338435847481214,6.118232250213623
Facebook,3,446,10053,0.6,0.5,2,0.25458207136601224,0.009345794392523364,1.0,6.000845909118652
Facebook,3,446,10053,0.6,0.5,3,0.26299258156367306,0.010317460317460317,0.8522126356804899,5.821072101593018
Facebook,3,446,10053,0.6,0.5,4,0.2720307245018185,0.009737827715355805,0.8775396604508767,5.8624794483184814
Facebook,3,446,10053,0.6,0.5,5,0.278183904515455,0.009027777777777777,0.8689117728917339,6.0292463302612305
Facebook,3,446,10053,0.6,0.5,6,0.24309455881877573,0.00676328502415459,0.8975786251043696,6.091082572937012
Facebook,3,446,10053,0.6,0.5,7,0.29372878037410793,0.010144927536231883,0.9666017255775118,5.850213289260864
Facebook,3,446,10053,0.6,0.5,8,0.26622202191108035,0.010309278350515464,1.0,6.015591621398926
Facebook,3,446,10053,0.6,0.5,9,0.2601957680250021,0.01038961038961039,0.7940439743946562,5.884005546569824
Facebook,3,446,10053,0.6,0.5,10,0.23424840165523528,0.00962962962962963,0.8658502644030058,5.843239068984985
Facebook,3,446,10053,0.6,0.5,11,0.28290050075774703,0.006989247311827957,0.8616754801001948,6.0947184562683105
Facebook,3,446,10053,0.6,0.5,12,0.24543819080566812,0.00996168582375479,0.8307820762593933,6.0545759201049805
Facebook,3,446,10053,0.6,0.5,13,0.2615096166154574,0.007536231884057971,0.8238241024213749,5.824934482574463
Facebook,3,446,10053,0.6,0.5,14,0.2592112342227845,0.008849557522123894,1.0,6.033861398696899
Facebook,3,446,10053,0.6,0.5,15,0.2513811206307235,0.009929078014184398,0.9089897021987198,5.8589301109313965
Facebook,3,446,10053,0.6,0.5,16,0.2801442685663252,0.00784313725490196,0.9582521569718898,6.10000205039978
Facebook,3,446,10053,0.6,0.5,17,0.25842403256714336,0.008414239482200648,0.8524909546340106,5.891249895095825
Facebook,3,446,10053,0.6,0.5,18,0.27136092737903894,0.007407407407407408,0.8380183690509324,6.04233980178833
Facebook,3,446,10053,0.6,0.5,19,0.2772382857063156,0.010441767068273093,0.8419148344002226,5.86551833152771
Facebook,3,446,10053,0.6,0.5,20,0.27213881960304315,0.007070707070707071,0.9771778458112997,6.092406272888184
Facebook,3,446,10053,0.6,0.5,21,0.2554631664690398,0.008259587020648967,0.9543556916225995,5.84575891494751
Facebook,3,446,10053,0.6,0.5,22,0.26422132935677817,0.008408408408408409,0.945449485109936,6.090328693389893
Facebook,3,446,10053,0.6,0.5,23,0.27703527033327285,0.006718346253229974,0.8427497912607849,5.79508900642395
Facebook,3,446,10053,0.6,0.5,24,0.2348284153976184,0.008024691358024692,0.8305037573058726,6.049215793609619
Facebook,3,446,10053,0.6,0.5,25,0.2590184370658228,0.009737827715355805,0.9009184525466184,5.8802924156188965
Facebook,3,446,10891,0.65,0.5,1,0.26599069204394565,0.008843537414965987,0.7948789312552185,6.163841485977173
Facebook,3,446,10891,0.65,0.5,2,0.26033495227756576,0.010970464135021098,0.8293904814917896,6.174569606781006
Facebook,3,446,10891,0.65,0.5,3,0.25987817322191165,0.008176100628930818,0.8229891455608127,5.93399453163147
Facebook,3,446,10891,0.65,0.5,4,0.23491691729906472,0.010727969348659003,0.9103812969663234,6.156702756881714
Facebook,3,446,10891,0.65,0.5,5,0.27235146992854,0.007977207977207978,0.9412747008071249,5.94767689704895
Facebook,3,446,10891,0.65,0.5,6,0.29768990007902035,0.007142857142857143,0.8327303089340384,6.175409317016602
Facebook,3,446,10891,0.65,0.5,7,0.22127479079781315,0.00849673202614379,0.851099359866407,5.945766925811768
Facebook,3,446,10891,0.65,0.5,8,0.2517085339958563,0.006572769953051643,0.905649874756471,6.10989236831665
Facebook,3,446,10891,0.65,0.5,9,0.2671616037098758,0.006666666666666667,0.7623156136932925,5.9820897579193115
Facebook,3,446,10891,0.65,0.5,10,0.26098632459393195,0.009195402298850575,0.7715001391594768,6.058236122131348
Facebook,3,446,10891,0.65,0.5,11,0.2521043034398872,0.009240924092409241,0.9114945727804064,6.003040075302124
Facebook,3,446,10891,0.65,0.5,12,0.20604502903594274,0.007536231884057971,0.8508210409128861,6.1017420291900635
Facebook,3,446,10891,0.65,0.5,13,0.25055000044308373,0.007951070336391437,0.8647369885889229,5.912050008773804
Facebook,3,446,10891,0.65,0.5,14,0.280269720943009,0.008580858085808581,0.8577790147509046,6.153185844421387
Facebook,3,446,10891,0.65,0.5,15,0.25247232465398034,0.009427609427609427,0.9073197884775953,5.924407243728638
Facebook,3,446,10891,0.65,0.5,16,0.27175044835206474,0.00931899641577061,0.935986640690231,6.214134693145752
Facebook,3,446,10891,0.65,0.5,17,0.2618575588031893,0.00816326530612245,0.7684386306707487,5.890130281448364
Facebook,3,446,10891,0.65,0.5,18,0.26377759898218206,0.007977207977207978,0.9640968549958252,6.206813097000122
Facebook,3,446,10891,0.65,0.5,19,0.26565488064893494,0.01020408163265306,1.0,5.914292812347412
Facebook,3,446,10891,0.65,0.5,20,0.25471476558041095,0.006812652068126521,0.9078764263846368,6.1866819858551025
Facebook,3,446,10891,0.65,0.5,21,0.22532769666356767,0.00849673202614379,0.797383801836905,5.920025825500488
Facebook,3,446,10891,0.65,0.5,22,0.2730742600328302,0.006918238993710692,0.8502644030058447,6.088815689086914
Facebook,3,446,10891,0.65,0.5,23,0.24424278978757807,0.006326034063260341,0.831060395212914,5.960057258605957
Facebook,3,446,10891,0.65,0.5,24,0.25714524740053263,0.008187134502923977,0.9095463401057612,6.077767372131348
Facebook,3,446,10891,0.65,0.5,25,0.2636713142240638,0.007407407407407408,0.9098246590592819,5.971618413925171
Facebook,3,446,11728,0.7,0.5,1,0.21220555753058012,0.007692307692307693,0.8330086278875591,6.180562257766724
Facebook,3,446,11728,0.7,0.5,2,0.2698951665316052,0.007588075880758808,0.9078764263846368,5.964205265045166
Facebook,3,446,11728,0.7,0.5,3,0.23321273789155855,0.010317460317460317,0.8238241024213749,6.282442569732666
Facebook,3,446,11728,0.7,0.5,4,0.2705542720713798,0.006467661691542288,0.881436125800167,6.233818531036377
Facebook,3,446,11728,0.7,0.5,5,0.26778743372139385,0.008176100628930818,0.8895073754522683,6.030191898345947
Facebook,3,446,11728,0.7,0.5,6,0.2728446869921689,0.007977207977207978,0.927637072084609,5.97830605506897
Facebook,3,446,11728,0.7,0.5,7,0.27262126221756877,0.008,1.0,6.2766523361206055
Facebook,3,446,11728,0.7,0.5,8,0.2781457700058852,0.008333333333333333,0.8032284998608406,6.205454587936401
Facebook,3,446,11728,0.7,0.5,9,0.2647364402533149,0.008408408408408409,0.9117728917339271,6.093077182769775
Facebook,3,446,11728,0.7,0.5,10,0.24222382170025092,0.007291666666666667,0.8995268577790148,6.13983416557312
Facebook,3,446,11728,0.7,0.5,11,0.27513212549866495,0.007951070336391437,0.8263289730030615,6.05497670173645
Facebook,3,446,11728,0.7,0.5,12,0.26059606364380866,0.009427609427609427,0.9607570275535764,6.164661884307861
Facebook,3,446,11728,0.7,0.5,13,0.2779878765623209,0.008695652173913044,0.8018369050932368,6.078650236129761
Facebook,3,446,11728,0.7,0.5,14,0.2540704378339042,0.009420289855072464,0.8074032841636516,6.200674295425415
Facebook,3,446,11728,0.7,0.5,15,0.23229440588673078,0.008045977011494253,0.9050932368494294,5.989784479141235
Facebook,3,446,11728,0.7,0.5,16,0.2754463970336353,0.006666666666666667,0.9387698302254384,6.25028395652771
Facebook,3,446,11728,0.7,0.5,17,0.26554795615693866,0.007547169811320755,0.8182577233509603,6.012299060821533
Facebook,3,446,11728,0.7,0.5,18,0.27501269191247985,0.010309278350515464,1.0,6.274439811706543
Facebook,3,446,11728,0.7,0.5,19,0.26451919105708815,0.011111111111111112,1.0,5.960791826248169
Facebook,3,446,11728,0.7,0.5,20,0.2540995394009244,0.009848484848484848,0.8616754801001948,6.276311874389648
Facebook,3,446,11728,0.7,0.5,21,0.27236610999832417,0.006349206349206349,0.9050932368494294,5.985973358154297
Facebook,3,446,11728,0.7,0.5,22,0.2587965750151616,0.00880503144654088,0.9198441413860284,6.29907488822937
Facebook,3,446,11728,0.7,0.5,23,0.26942472878985485,0.006349206349206349,0.7706651822989146,5.945270538330078
Facebook,3,446,11728,0.7,0.5,24,0.2794921198976726,0.007407407407407408,0.8956303924297244,6.284334659576416
Facebook,3,446,11728,0.7,0.5,25,0.26510746821979625,0.00784313725490196,0.7573058725299193,6.026097774505615
Facebook,3,446,12566,0.75,0.5,1,0.2659266294071183,0.0067708333333333336,0.8488728082382411,6.34306263923645
Facebook,3,446,12566,0.75,0.5,2,0.26130634197768415,0.01098901098901099,1.0,6.099913120269775
Facebook,3,446,12566,0.75,0.5,3,0.2695545512391628,0.010256410256410256,0.9039799610353465,6.301501750946045
Facebook,3,446,12566,0.75,0.5,4,0.27678053782764234,0.011111111111111112,0.9343167269691066,6.333164691925049
Facebook,3,446,12566,0.75,0.5,5,0.2613915580946118,0.011363636363636364,1.0,6.1438398361206055
Facebook,3,446,12566,0.75,0.5,6,0.28246181277276955,0.006812652068126521,0.9006401335930977,6.067566871643066
Facebook,3,446,12566,0.75,0.5,7,0.25147294549665616,0.011111111111111112,0.8193709991650432,6.329231262207031
Facebook,3,446,12566,0.75,0.5,8,0.26330529943103237,0.009737827715355805,0.8842193153353743,6.32631254196167
Facebook,3,446,12566,0.75,0.5,9,0.26575409075041984,0.007807807807807808,0.8021152240467576,6.157402515411377
Facebook,3,446,12566,0.75,0.5,10,0.26860290555468624,0.008641975308641974,0.9913721124408572,6.251218318939209
Facebook,3,446,12566,0.75,0.5,11,0.2592001835105689,0.011522633744855968,0.9262454773170052,6.093210458755493
Facebook,3,446,12566,0.75,0.5,12,0.2706287916750181,0.00808080808080808,0.7595324241580852,6.351928234100342
Facebook,3,446,12566,0.75,0.5,13,0.27740040516239606,0.0071246819338422395,0.8970219871973282,6.144320011138916
Facebook,3,446,12566,0.75,0.5,14,0.24695688931846385,0.008333333333333333,0.8524909546340106,6.302652835845947
Facebook,3,446,12566,0.75,0.5,15,0.2360605039164701,0.008064516129032258,1.0,6.037122011184692
Facebook,3,446,12566,0.75,0.5,16,0.27901835295413396,0.009848484848484848,0.8115780684664625,6.373529672622681
Facebook,3,446,12566,0.75,0.5,17,0.2466470404797178,0.008695652173913044,1.0,6.16927695274353
Facebook,3,446,12566,0.75,0.5,18,0.2683449877044154,0.008974358974358974,0.9663234066239911,6.3403894901275635
Facebook,3,446,12566,0.75,0.5,19,0.2655733290300575,0.006779661016949152,0.8012802671861954,6.0506322383880615
Facebook,3,446,12566,0.75,0.5,20,0.26095861588445085,0.008408408408408409,0.9351516838296688,6.3522138595581055
Facebook,3,446,12566,0.75,0.5,21,0.277242472525845,0.007119741100323625,0.6930141942666296,6.082945346832275
Facebook,3,446,12566,0.75,0.5,22,0.23842729923973216,0.009523809523809525,0.9340384080155859,6.3587327003479
Facebook,3,446,12566,0.75,0.5,23,0.22233977407704916,0.00809968847352025,0.8925688839409964,6.246720552444458
Facebook,3,446,12566,0.75,0.5,24,0.2674328452445736,0.011666666666666667,0.9198441413860284,6.1170477867126465
Facebook,3,446,12566,0.75,0.5,25,0.26505353295066825,0.007951070336391437,0.8338435847481214,6.072959899902344
Facebook,3,446,13404,0.8,0.5,1,0.2579788485489916,0.009420289855072464,0.8733648761480657,6.464633941650391
Facebook,3,446,13404,0.8,0.5,2,0.27181034998835096,0.007352941176470588,1.0,6.33779501914978
Facebook,3,446,13404,0.8,0.5,3,0.25613514147442296,0.011965811965811967,0.9037016420818258,6.223461151123047
Facebook,3,446,13404,0.8,0.5,4,0.26764472532097877,0.010606060606060607,0.9273587531310882,6.372397422790527
Facebook,3,446,13404,0.8,0.5,5,0.25342351135679225,0.007017543859649123,0.8232674645143334,6.209031105041504
Facebook,3,446,13404,0.8,0.5,6,0.26899743643034024,0.006718346253229974,0.8232674645143334,6.384521245956421
Facebook,3,446,13404,0.8,0.5,7,0.2803431236814937,0.00784313725490196,0.8533259114945728,6.237133264541626
Facebook,3,446,13404,0.8,0.5,8,0.28316024332583734,0.008024691358024692,0.8118563874199833,6.414280414581299
Facebook,3,446,13404,0.8,0.5,9,0.2572205349626577,0.010317460317460317,0.8090731978847759,6.177143335342407
Facebook,3,446,13404,0.8,0.5,10,0.26963424989222107,0.010256410256410256,0.9746729752296132,6.445427894592285
Facebook,3,446,13404,0.8,0.5,11,0.2647927498847274,0.007291666666666667,0.9173392708043417,6.200995683670044
Facebook,3,446,13404,0.8,0.5,12,0.2653219742221413,0.008333333333333333,0.9262454773170052,6.451498746871948
Facebook,3,446,13404,0.8,0.5,13,0.2547695140102649,0.01181434599156118,0.9098246590592819,6.120491981506348
Facebook,3,446,13404,0.8,0.5,14,0.23987879019418953,0.00787878787878788,0.8433064291678263,6.416276931762695
Facebook,3,446,13404,0.8,0.5,15,0.24924616241570824,0.007471264367816092,0.8463679376565544,6.113171577453613
Facebook,3,446,13404,0.8,0.5,16,0.2595536227041082,0.007669616519174041,0.8755914277762316,6.43921685218811
Facebook,3,446,13404,0.8,0.5,17,0.25974825154050035,0.00784313725490196,0.9448928472028946,6.324689626693726
Facebook,3,446,13404,0.8,0.5,18,0.27167999203416715,0.007977207977207978,0.9103812969663234,6.243144989013672
Facebook,3,446,13404,0.8,0.5,19,0.25635587811972477,0.007909604519774011,0.9242972446423602,6.3363542556762695
Facebook,3,446,13404,0.8,0.5,20,0.2598239979651788,0.00931899641577061,0.8213192318396882,6.253371953964233
Facebook,3,446,13404,0.8,0.5,21,0.2119971191234787,0.009900990099009901,1.0,6.318934202194214
Facebook,3,446,13404,0.8,0.5,22,0.25031127801802583,0.010833333333333334,0.8536042304480935,6.251493453979492
Facebook,3,446,13404,0.8,0.5,23,0.2573906049133009,0.009061488673139158,0.9248538825494016,6.369709014892578
Facebook,3,446,13404,0.8,0.5,24,0.25010715018151186,0.007471264367816092,0.9084330642916782,6.2450621128082275
Facebook,3,446,13404,0.8,0.5,25,0.23240646453364286,0.0077777777777777776,0.9415530197606456,6.357924461364746
Facebook,3,446,14242,0.85,0.5,1,0.24629256553673295,0.008045977011494253,0.9468410798775396,6.299219369888306
Facebook,3,446,14242,0.85,0.5,2,0.2603776586408293,0.008176100628930818,0.8271639298636237,6.525787830352783
Facebook,3,446,14242,0.85,0.5,3,0.26451159090339194,0.011111111111111112,0.9011967715001391,6.2671122550964355
Facebook,3,446,14242,0.85,0.5,4,0.2207111766682628,0.00931899641577061,0.849986084052324,6.485488414764404
Facebook,3,446,14242,0.85,0.5,5,0.2796767529990793,0.007713498622589532,0.9771778458112997,6.423424482345581
Facebook,3,446,14242,0.85,0.5,6,0.2678373703825855,0.009876543209876543,0.8644586696354022,6.312672853469849
Facebook,3,446,14242,0.85,0.5,7,0.2626280777711285,0.008888888888888889,0.7801280267186196,6.4078755378723145
Facebook,3,446,14242,0.85,0.5,8,0.24144083794893992,0.00931899641577061,0.9101029780128027,6.28313684463501
Facebook,3,446,14242,0.85,0.5,9,0.22678987997182803,0.005970149253731343,0.8190926802115224,6.528581142425537
Facebook,3,446,14242,0.85,0.5,10,0.25765944386671596,0.00931899641577061,0.8822710826607292,6.285797119140625
Facebook,3,446,14242,0.85,0.5,11,0.26339089662887094,0.012121212121212121,0.972724742554968,6.460928201675415
Facebook,3,446,14242,0.85,0.5,12,0.2564536370109398,0.01056910569105691,0.8218758697467298,6.252685546875
Facebook,3,446,14242,0.85,0.5,13,0.2445514676769362,0.010699588477366255,0.8207625939326468,6.5095789432525635
Facebook,3,446,14242,0.85,0.5,14,0.2494242554258941,0.009302325581395349,0.7801280267186196,6.223707437515259
Facebook,3,446,14242,0.85,0.5,15,0.26219966835810765,0.010833333333333334,0.822710826607292,6.506422758102417
Facebook,3,446,14242,0.85,0.5,16,0.2600522326227444,0.008115942028985508,0.9101029780128027,6.238369703292847
Facebook,3,446,14242,0.85,0.5,17,0.24286162912737036,0.007235142118863049,0.9537990537155581,6.49771785736084
Facebook,3,446,14242,0.85,0.5,18,0.2588192132781234,0.009061488673139158,0.923462287781798,6.423934459686279
Facebook,3,446,14242,0.85,0.5,19,0.2326571959077769,0.007874015748031496,1.0,6.3255603313446045
Facebook,3,446,14242,0.85,0.5,20,0.2755299459664153,0.008484848484848486,0.9101029780128027,6.531295537948608
Facebook,3,446,14242,0.85,0.5,21,0.2754260980662766,0.009523809523809525,0.8661285833565265,6.258920192718506
Facebook,3,446,14242,0.85,0.5,22,0.2601015531726713,0.010309278350515464,1.0,6.479827880859375
Facebook,3,446,14242,0.85,0.5,23,0.2535205629624759,0.007103825136612022,0.8296688004453103,6.251669406890869
Facebook,3,446,14242,0.85,0.5,24,0.26242572501192174,0.009122807017543859,0.889785694405789,6.531778573989868
Facebook,3,446,14242,0.85,0.5,25,0.2717769971851125,0.008484848484848486,0.9037016420818258,6.206332445144653
Facebook,3,446,15080,0.9,0.5,1,0.2660001162626999,0.009150326797385621,0.9023100473142222,6.552777051925659
Facebook,3,446,15080,0.9,0.5,2,0.27217788309096863,0.006718346253229974,0.8449763428889507,6.376035690307617
Facebook,3,446,15080,0.9,0.5,3,0.2697175393597883,0.008934707903780068,0.8140829390481492,6.571171998977661
Facebook,3,446,15080,0.9,0.5,4,0.26870840073380137,0.007291666666666667,0.899248538825494,6.398664712905884
Facebook,3,446,15080,0.9,0.5,5,0.262739970143791,0.007142857142857143,0.8307820762593933,6.517125606536865
Facebook,3,446,15080,0.9,0.5,6,0.27034038636950514,0.007046070460704607,0.8639020317283607,6.406639575958252
Facebook,3,446,15080,0.9,0.5,7,0.22858378033696544,0.011965811965811967,0.9112162538268856,6.527069807052612
Facebook,3,446,15080,0.9,0.5,8,0.25525412943562653,0.007046070460704607,0.8396882827720568,6.371785402297974
Facebook,3,446,15080,0.9,0.5,9,0.2508752810664385,0.009061488673139158,0.9145560812691345,6.632342576980591
Facebook,3,446,15080,0.9,0.5,10,0.2649719504184095,0.008247422680412371,0.7255775118285556,6.2926366329193115
Facebook,3,446,15080,0.9,0.5,11,0.2507219654431958,0.008408408408408409,0.9109379348733648,6.626946210861206
Facebook,3,446,15080,0.9,0.5,12,0.2738496137373226,0.008408408408408409,0.9151127191761759,6.375908613204956
Facebook,3,446,15080,0.9,0.5,13,0.27603590988058335,0.012785388127853882,0.8911772891733927,6.591764450073242
Facebook,3,446,15080,0.9,0.5,14,0.2247707320417769,0.01003584229390681,0.9120512106874478,6.38102388381958
Facebook,3,446,15080,0.9,0.5,15,0.2820205091496365,0.00784313725490196,0.7550793209017534,6.501404285430908
Facebook,3,446,15080,0.9,0.5,16,0.2823375694480496,0.011555555555555555,0.8483161703311995,6.405612945556641
Facebook,3,446,15080,0.9,0.5,17,0.26727436998753107,0.008045977011494253,0.9178959087113833,6.52243971824646
Facebook,3,446,15080,0.9,0.5,18,0.26951545223457557,0.007466666666666667,0.9791260784859449,6.362642526626587
Facebook,3,446,15080,0.9,0.5,19,0.22216813994969795,0.00980392156862745,1.0,6.60175085067749
Facebook,3,446,15080,0.9,0.5,20,0.23492144293541264,0.00784313725490196,0.9543556916225995,6.361279249191284
Facebook,3,446,15080,0.9,0.5,21,0.2837214922675467,0.008843537414965987,0.8872808238241024,6.6300132274627686
Facebook,3,446,15080,0.9,0.5,22,0.27020795215109006,0.007476635514018692,0.7923740606735319,6.301212310791016
Facebook,3,446,15080,0.9,0.5,23,0.28031559367275033,0.011255411255411256,0.871973281380462,6.61220645904541
Facebook,3,446,15080,0.9,0.5,24,0.2694624151454251,0.010486891385767791,0.9766212079042583,6.321216106414795
Facebook,3,446,15080,0.9,0.5,25,0.2540614934504133,0.008849557522123894,1.0,6.5571558475494385
Facebook,3,446,15917,0.95,0.5,1,0.25264561326492824,0.007977207977207978,0.9607570275535764,6.521398544311523
Facebook,3,446,15917,0.95,0.5,2,0.24255149107620919,0.010144927536231883,0.9588087948789312,6.614265441894531
Facebook,3,446,15917,0.95,0.5,3,0.2453643559969223,0.011522633744855968,0.9025883662677429,6.451416730880737
Facebook,3,446,15917,0.95,0.5,4,0.2744098117042062,0.006913580246913581,0.9017534094071806,6.697996616363525
Facebook,3,446,15917,0.95,0.5,5,0.22437240767706146,0.007407407407407408,1.0,6.420094013214111
Facebook,3,446,15917,0.95,0.5,6,0.2438632974658375,0.007951070336391437,0.9073197884775953,6.674196720123291
Facebook,3,446,15917,0.95,0.5,7,0.26118609364551104,0.008064516129032258,1.0,6.433054447174072
Facebook,3,446,15917,0.95,0.5,8,0.2869859681135568,0.008695652173913044,1.0,6.6853859424591064
Facebook,3,446,15917,0.95,0.5,9,0.26769337233741575,0.006965174129353234,0.9627052602282216,6.459183692932129
Facebook,3,446,15917,0.95,0.5,10,0.25987025184509993,0.008722741433021807,0.9039799610353465,6.640013694763184
Facebook,3,446,15917,0.95,0.5,11,0.26365055078448935,0.01003584229390681,0.9070414695240746,6.475387334823608
Facebook,3,446,15917,0.95,0.5,12,0.2844421426243372,0.008580858085808581,0.8293904814917896,6.653826713562012
Facebook,3,446,15917,0.95,0.5,13,0.274798442277958,0.010606060606060607,0.9816309490676315,6.4220192432403564
Facebook,3,446,15917,0.95,0.5,14,0.26583522886804084,0.00849673202614379,0.8371834121903702,6.701932191848755
Facebook,3,446,15917,0.95,0.5,15,0.25868091820547306,0.007536231884057971,0.8769830225438352,6.391301155090332
Facebook,3,446,15917,0.95,0.5,16,0.2608877314466983,0.01003584229390681,0.963261898135263,6.644469261169434
Facebook,3,446,15917,0.95,0.5,17,0.26753141244697465,0.010077519379844961,0.8177010854439187,6.482089996337891
Facebook,3,446,15917,0.95,0.5,18,0.2557684683586514,0.011382113821138212,0.895073754522683,6.563857316970825
Facebook,3,446,15917,0.95,0.5,19,0.2622806490955393,0.010416666666666666,1.0,6.462598085403442
Facebook,3,446,15917,0.95,0.5,20,0.25879258086109774,0.009333333333333334,0.9134428054550515,6.711346626281738
Facebook,3,446,15917,0.95,0.5,21,0.2878287377194909,0.008414239482200648,0.8015585861397161,6.4563305377960205
Facebook,3,446,15917,0.95,0.5,22,0.2565876079254986,0.007874015748031496,1.0,6.6884238719940186
Facebook,3,446,15917,0.95,0.5,23,0.26349707021188046,0.00808080808080808,0.7876426384636793,6.4323718547821045
Facebook,3,446,15917,0.95,0.5,24,0.2531810580508714,0.009824561403508772,0.9101029780128027,6.691655874252319
Facebook,3,446,15917,0.95,0.5,25,0.2604390474801905,0.008934707903780068,0.9393264681324798,6.454957723617554
Facebook,3,446,16755,1,0.5,1,0.2189732855143402,0.009737827715355805,0.8371834121903702,6.688140392303467
Facebook,3,446,16755,1,0.5,2,0.23136607020876687,0.009824561403508772,0.9476760367381019,6.573537826538086
Facebook,3,446,16755,1,0.5,3,0.28482653433418037,0.01056910569105691,0.8093515168382966,6.763592720031738
Facebook,3,446,16755,1,0.5,4,0.26268781139107916,0.006989247311827957,0.8179794043974394,6.678464889526367
Facebook,3,446,16755,1,0.5,5,0.2505255787081999,0.00996168582375479,0.836348455329808,6.581373453140259
Facebook,3,446,16755,1,0.5,6,0.2589060747621051,0.007588075880758808,0.9512941831338714,6.768348932266235
Facebook,3,446,16755,1,0.5,7,0.2519045960521891,0.010256410256410256,0.9323684942944614,6.549598932266235
Facebook,3,446,16755,1,0.5,8,0.26140635569219783,0.009824561403508772,0.9362649596437518,6.7942423820495605
Facebook,3,446,16755,1,0.5,9,0.27777684101949096,0.007909604519774011,0.9109379348733648,6.5593719482421875
Facebook,3,446,16755,1,0.5,10,0.26981480569958305,0.010727969348659003,0.9663234066239911,6.767861843109131
Facebook,3,446,16755,1,0.5,11,0.25906624916561494,0.006989247311827957,0.8068466462566101,6.549412965774536
Facebook,3,446,16755,1,0.5,12,0.28900841459207804,0.007079646017699115,0.742833286946841,6.735764741897583
Facebook,3,446,16755,1,0.5,13,0.2588219379305462,0.00847457627118644,1.0,6.558015823364258
Facebook,3,446,16755,1,0.5,14,0.250893759486073,0.011244979919678716,0.9841358196493181,6.791804552078247
Facebook,3,446,16755,1,0.5,15,0.2655934227434286,0.007272727272727273,0.7514611745059838,6.539482593536377
Facebook,3,446,16755,1,0.5,16,0.24569794165343684,0.010699588477366255,0.8925688839409964,6.783081531524658
Facebook,3,446,16755,1,0.5,17,0.25541456989904443,0.007807807807807808,0.9062065126635124,6.534917593002319
Facebook,3,446,16755,1,0.5,18,0.27418398999102456,0.009621993127147767,0.8914556081269135,6.8039069175720215
Facebook,3,446,16755,1,0.5,19,0.26464630192924543,0.007471264367816092,0.8513776788199277,6.566796779632568
Facebook,3,446,16755,1,0.5,20,0.2554484167778662,0.010126582278481013,0.8087948789312552,6.733163356781006
Facebook,3,446,16755,1,0.5,21,0.2329058432375279,0.008259587020648967,0.918174227664904,6.763960599899292
Facebook,3,446,16755,1,0.5,22,0.2615460483400247,0.007766990291262136,0.8895073754522683,6.566873073577881
Facebook,3,446,16755,1,0.5,23,0.2427159782954578,0.00996168582375479,0.8385750069579738,6.691232919692993
Facebook,3,446,16755,1,0.5,24,0.254254358083786,0.009420289855072464,0.8705816866128583,6.580251455307007
Facebook,3,446,16755,1,0.5,25,0.25669505707581175,0.007272727272727273,0.7993320345115502,6.720725774765015
Facebook,4,423,0,0,,0,0.7227527028174314,0.00016666666666666666,0.012444690265486726,
Facebook,4,423,0,0,,0,0.7291916086503839,0.0007187780772686433,0.14905973451327434,
Facebook,4,423,0,0,,0,0.7431402968960031,0.00016181229773462783,0.03844026548672566,
Facebook,4,423,0,0,,0,0.7890404568330747,0.0003418803418803419,0.09043141592920353,
Facebook,4,423,0,0,,0,0.8105234929907118,0.0003189792663476874,0.03926991150442478,
Facebook,4,423,0,0,,0,0.7566228461067603,0.0005089058524173028,0.09623893805309734,
Facebook,4,423,0,0,,0,0.7670626739129865,0.0003367003367003367,0.09900442477876106,
Facebook,4,423,0,0,,0,0.763590517157696,0.0003316749585406302,0.10370575221238938,
Facebook,4,423,0,0,,0,0.7648880316096309,0.0004950495049504951,0.1122787610619469,
Facebook,4,423,0,0,,0,0.7300501553832017,0.0003189792663476874,0.06360619469026549,
Facebook,4,423,0,0,,0,0.7906162978930612,0.0,0.0002765486725663717,
Facebook,4,423,0,0,,0,0.6352808851160814,0.00033085194375516956,0.05282079646017699,
Facebook,4,423,0,0,,0,0.7391855997554264,0.0005665722379603399,0.041482300884955754,
Facebook,4,423,0,0,,0,0.7468441025301847,0.00033003300330033004,0.03235619469026549,
Facebook,4,423,0,0,,0,0.6896970951991199,0.0001638001638001638,0.028761061946902654,
Facebook,4,423,0,0,,0,0.7736410226766594,0.00032362459546925567,0.09430309734513274,
Facebook,4,423,0,0,,0,0.7090334798289657,0.00031821797931583137,0.07936946902654868,
Facebook,4,423,0,0,,0,0.8089994938343602,0.00031821797931583137,0.040099557522123894,
Facebook,4,423,0,0,,0,0.7337738230040126,0.00034995625546806647,0.07688053097345132,
Facebook,4,423,0,0,,0,0.7206901588969393,0.00016299918500407498,0.011615044247787611,
Facebook,4,423,0,0,,0,0.7068695894940856,0.00016666666666666666,0.019081858407079644,
Facebook,4,423,0,0,,0,0.7302354087491694,0.00015835312747426763,0.013827433628318585,
Facebook,4,423,0,0,,0,0.6734852873113524,0.0003527336860670194,0.04811946902654867,
Facebook,4,423,0,0,,0,0.6661819087435462,0.00044742729306487697,0.04286504424778761,
Facebook,4,423,0,0,,0,0.8292364949207612,0.000321285140562249,0.046460176991150445,
Facebook,4,423,114,0.01,0.5,1,0.2760515676380846,0.007476635514018692,0.8042035398230089,4.927001714706421
Facebook,4,423,114,0.01,0.5,2,0.2313541846597929,0.004866180048661801,0.672566371681416,5.088155746459961
Facebook,4,423,114,0.01,0.5,3,0.2823469354181453,0.004526748971193415,0.6894358407079646,4.916821241378784
Facebook,4,423,114,0.01,0.5,4,0.2572041079504274,0.005555555555555556,0.636891592920354,5.061976194381714
Facebook,4,423,114,0.01,0.5,5,0.280774433989288,0.006837606837606838,0.849004424778761,4.937413692474365
Facebook,4,423,114,0.01,0.5,6,0.2663021880979031,0.005057471264367816,0.744745575221239,4.875401020050049
Facebook,4,423,114,0.01,0.5,7,0.2696395823397861,0.006060606060606061,0.7654867256637168,5.1171393394470215
Facebook,4,423,114,0.01,0.5,8,0.2755435788064382,0.005729166666666666,0.6850110619469026,4.879825830459595
Facebook,4,423,114,0.01,0.5,9,0.285427445042114,0.006289308176100629,0.6277654867256637,5.127261400222778
Facebook,4,423,114,0.01,0.5,10,0.26397282549856116,0.006547619047619048,0.7538716814159292,4.916454315185547
Facebook,4,423,114,0.01,0.5,11,0.2642847342011292,0.006230529595015576,0.6064712389380531,5.1477861404418945
Facebook,4,423,114,0.01,0.5,12,0.24657753979810382,0.0064516129032258064,0.7585730088495575,4.921185493469238
Facebook,4,423,114,0.01,0.5,13,0.24229951668879926,0.008843537414965987,0.8390486725663717,5.150649547576904
Facebook,4,423,114,0.01,0.5,14,0.25906654751198177,0.006918238993710692,0.7049225663716814,4.908381223678589
Facebook,4,423,114,0.01,0.5,15,0.27040120842332893,0.005392156862745098,0.7051991150442478,5.137744188308716
Facebook,4,423,114,0.01,0.5,16,0.27915584742600524,0.007333333333333333,0.7099004424778761,4.911098957061768
Facebook,4,423,114,0.01,0.5,17,0.25851158344870334,0.005729166666666666,0.6888827433628318,5.111379146575928
Facebook,4,423,114,0.01,0.5,18,0.2602476556266928,0.006006006006006006,0.6391039823008849,4.931052207946777
Facebook,4,423,114,0.01,0.5,19,0.2657573018252996,0.00535279805352798,0.7436393805309734,5.123668432235718
Facebook,4,423,114,0.01,0.5,20,0.26755191264782174,0.005513784461152882,0.6888827433628318,4.9326841831207275
Facebook,4,423,114,0.01,0.5,21,0.2627439134914389,0.005684754521963824,0.6794800884955752,5.14533543586731
Facebook,4,423,114,0.01,0.5,22,0.24644391331739676,0.006111111111111111,0.6908185840707964,4.927306652069092
Facebook,4,423,114,0.01,0.5,23,0.2439968517975637,0.006201550387596899,0.8174778761061947,5.109344244003296
Facebook,4,423,114,0.01,0.5,24,0.26832421504315507,0.007971014492753623,0.709070796460177,4.9463934898376465
Facebook,4,423,114,0.01,0.5,25,0.24877685099906408,0.006666666666666667,0.7953539823008849,5.12572169303894
Facebook,4,423,571,0.05,0.5,1,0.24482459092417402,0.007951070336391437,0.8584070796460177,4.966712236404419
Facebook,4,423,571,0.05,0.5,2,0.2825385700052843,0.006060606060606061,0.75,5.1520586013793945
Facebook,4,423,571,0.05,0.5,3,0.2696101337734126,0.0065040650406504065,0.7887168141592921,4.950985670089722
Facebook,4,423,571,0.05,0.5,4,0.2732768796576058,0.005513784461152882,0.7237278761061947,5.154505252838135
Facebook,4,423,571,0.05,0.5,5,0.2907964827530171,0.006896551724137931,1.0,4.9509477615356445
Facebook,4,423,571,0.05,0.5,6,0.23093286009722722,0.007119741100323625,0.730641592920354,5.150927543640137
Facebook,4,423,571,0.05,0.5,7,0.2576722342678196,0.007920792079207921,0.8210730088495575,4.960703134536743
Facebook,4,423,571,0.05,0.5,8,0.2830286484025459,0.00787878787878788,0.8459623893805309,5.177448272705078
Facebook,4,423,571,0.05,0.5,9,0.2522202207048222,0.006837606837606838,0.7729535398230089,4.955038785934448
Facebook,4,423,571,0.05,0.5,10,0.23400348076796323,0.006600660066006601,0.6875,5.138941764831543
Facebook,4,423,571,0.05,0.5,11,0.28121941210213586,0.006802721088435374,0.6482300884955752,4.939307928085327
Facebook,4,423,571,0.05,0.5,12,0.29347538470192047,0.006432748538011696,0.7242809734513275,5.173174619674683
Facebook,4,423,571,0.05,0.5,13,0.27707111770856,0.004793028322440087,0.7096238938053098,4.9787046909332275
Facebook,4,423,571,0.05,0.5,14,0.2613954331752627,0.007407407407407408,0.7782079646017699,5.137806415557861
Facebook,4,423,571,0.05,0.5,15,0.26116417084006827,0.007471264367816092,0.8241150442477876,4.966535806655884
Facebook,4,423,571,0.05,0.5,16,0.23361492128160732,0.0056022408963585435,0.6700774336283186,5.131442308425903
Facebook,4,423,571,0.05,0.5,17,0.27423323521886095,0.007344632768361582,0.8368362831858407,4.956442832946777
Facebook,4,423,571,0.05,0.5,18,0.2582733908300369,0.007222222222222222,0.8545353982300885,5.21492075920105
Facebook,4,423,571,0.05,0.5,19,0.26560765376944767,0.0064,0.8094579646017699,4.992427349090576
Facebook,4,423,571,0.05,0.5,20,0.2569819453946239,0.008253968253968255,0.8548119469026548,5.220178604125977
Facebook,4,423,571,0.05,0.5,21,0.26315988046000865,0.006060606060606061,0.7245575221238938,4.9532694816589355
Facebook,4,423,571,0.05,0.5,22,0.27017521735898853,0.0072992700729927005,1.0,5.156947612762451
Facebook,4,423,571,0.05,0.5,23,0.28035330607722375,0.008843537414965987,0.8122234513274337,4.951129198074341
Facebook,4,423,571,0.05,0.5,24,0.26881558466309413,0.00851063829787234,0.7997787610619469,5.181884050369263
Facebook,4,423,571,0.05,0.5,25,0.25424429890668476,0.007079646017699115,0.8014380530973452,4.942410230636597
Facebook,4,423,1142,0.1,0.5,1,0.2609104956246795,0.007920792079207921,0.7983960176991151,5.238540887832642
Facebook,4,423,1142,0.1,0.5,2,0.21638452947818118,0.007142857142857143,0.7820796460176991,5.015007734298706
Facebook,4,423,1142,0.1,0.5,3,0.25435454883303626,0.007751937984496124,0.629424778761062,5.204392910003662
Facebook,4,423,1142,0.1,0.5,4,0.2659230435806145,0.005866666666666667,0.7298119469026548,5.002984285354614
Facebook,4,423,1142,0.1,0.5,5,0.2690252937927435,0.01056910569105691,0.8617256637168141,5.225908279418945
Facebook,4,423,1142,0.1,0.5,6,0.24989239473593677,0.006984126984126984,0.7096238938053098,4.996704339981079
Facebook,4,423,1142,0.1,0.5,7,0.24247659905755403,0.007079646017699115,0.8238384955752213,5.1812217235565186
Facebook,4,423,1142,0.1,0.5,8,0.25792341361566856,0.005591397849462366,0.8752765486725663,5.014587163925171
Facebook,4,423,1142,0.1,0.5,9,0.26050732842597846,0.008695652173913044,0.8412610619469026,5.188427209854126
Facebook,4,423,1142,0.1,0.5,10,0.24560172261571706,0.0077777777777777776,0.9560287610619469,4.9393041133880615
Facebook,4,423,1142,0.1,0.5,11,0.271482626518267,0.00582010582010582,0.7353429203539823,5.169108152389526
Facebook,4,423,1142,0.1,0.5,12,0.22684837879812444,0.00805860805860806,0.7212389380530974,4.912598609924316
Facebook,4,423,1142,0.1,0.5,13,0.25662086683159246,0.007560137457044674,0.7422566371681416,5.168449878692627
Facebook,4,423,1142,0.1,0.5,14,0.2614485536424999,0.007669616519174041,0.8373893805309734,4.925992012023926
Facebook,4,423,1142,0.1,0.5,15,0.2484298468481866,0.007407407407407408,0.8003318584070797,5.16879415512085
Facebook,4,423,1142,0.1,0.5,16,0.262188659547517,0.00718954248366013,0.7486172566371682,4.931775093078613
Facebook,4,423,1142,0.1,0.5,17,0.23626499189788275,0.0057553956834532375,0.7762721238938053,5.184429168701172
Facebook,4,423,1142,0.1,0.5,18,0.26635723216720875,0.007339449541284404,0.7809734513274337,4.964890241622925
Facebook,4,423,1142,0.1,0.5,19,0.2749146636360143,0.006103286384976526,0.9007190265486725,5.205561876296997
Facebook,4,423,1142,0.1,0.5,20,0.2345650557201837,0.008333333333333333,0.8539823008849557,4.955716609954834
Facebook,4,423,1142,0.1,0.5,21,0.274939601718572,0.005774278215223097,0.7085176991150443,5.204373121261597
Facebook,4,423,1142,0.1,0.5,22,0.2538525585787509,0.00672782874617737,0.7441924778761062,5.000315189361572
Facebook,4,423,1142,0.1,0.5,23,0.29109291667123943,0.006779661016949152,0.7718473451327433,5.213839292526245
Facebook,4,423,1142,0.1,0.5,24,0.2879177063846101,0.006349206349206349,0.6595685840707964,4.981004953384399
Facebook,4,423,1142,0.1,0.5,25,0.23033188310347952,0.008253968253968255,0.8929756637168141,5.209814071655273
Facebook,4,423,1713,0.15,0.5,1,0.26048018080582286,0.00805860805860806,0.7168141592920354,5.034104824066162
Facebook,4,423,1713,0.15,0.5,2,0.23331858377922896,0.008,0.7724004424778761,5.251691579818726
Facebook,4,423,1713,0.15,0.5,3,0.2691823710232252,0.007476635514018692,0.7900995575221239,5.013590335845947
Facebook,4,423,1713,0.15,0.5,4,0.24287164713703377,0.009122807017543859,0.8561946902654868,5.245483875274658
Facebook,4,423,1713,0.15,0.5,5,0.25559764608123003,0.006779661016949152,0.8387721238938053,4.999943971633911
Facebook,4,423,1713,0.15,0.5,6,0.2760544172825747,0.0055979643765903305,0.7201327433628318,5.2421488761901855
Facebook,4,423,1713,0.15,0.5,7,0.2747233508205198,0.005913978494623656,0.7303650442477876,4.962632417678833
Facebook,4,423,1713,0.15,0.5,8,0.24525242891682916,0.006779661016949152,0.7809734513274337,5.226008892059326
Facebook,4,423,1713,0.15,0.5,9,0.2649658675412461,0.0064516129032258064,0.8144358407079646,4.984861612319946
Facebook,4,423,1713,0.15,0.5,10,0.28212839397683553,0.004968944099378882,0.8440265486725663,5.221529722213745
Facebook,4,423,1713,0.15,0.5,11,0.24567237873694445,0.006666666666666667,0.800608407079646,5.011880397796631
Facebook,4,423,1713,0.15,0.5,12,0.28693467439527554,0.005517241379310344,0.802820796460177,5.213653802871704
Facebook,4,423,1713,0.15,0.5,13,0.2773876077001836,0.005555555555555556,0.6634402654867256,5.003044366836548
Facebook,4,423,1713,0.15,0.5,14,0.2605545571380755,0.008130081300813009,0.6570796460176991,5.197920799255371
Facebook,4,423,1713,0.15,0.5,15,0.2573493300351464,0.007560137457044674,0.7262168141592921,4.998140811920166
Facebook,4,423,1713,0.15,0.5,16,0.24992130583197314,0.00582010582010582,0.6888827433628318,5.207623243331909
Facebook,4,423,1713,0.15,0.5,17,0.2704356617473575,0.007017543859649123,0.7989491150442478,4.998093366622925
Facebook,4,423,1713,0.15,0.5,18,0.2534924150984895,0.007536231884057971,0.8968473451327433,5.2042951583862305
Facebook,4,423,1713,0.15,0.5,19,0.27371050725738577,0.008024691358024692,0.9040376106194691,4.9944868087768555
Facebook,4,423,1713,0.15,0.5,20,0.27332537407566954,0.006015037593984963,0.7743362831858407,5.201210975646973
Facebook,4,423,1713,0.15,0.5,21,0.25803861789482535,0.006802721088435374,0.6908185840707964,5.02219033241272
Facebook,4,423,1713,0.15,0.5,22,0.21737681991167895,0.007692307692307693,0.8094579646017699,5.312594413757324
Facebook,4,423,1713,0.15,0.5,23,0.2445240845300152,0.0077192982456140355,0.7392146017699115,5.087694406509399
Facebook,4,423,1713,0.15,0.5,24,0.27402270080529667,0.0055979643765903305,0.7345132743362832,5.281030654907227
Facebook,4,423,1713,0.15,0.5,25,0.28510186042038865,0.007536231884057971,0.863108407079646,5.120481729507446
Facebook,4,423,2284,0.2,0.5,1,0.27496736108437125,0.009027777777777777,0.8412610619469026,5.344364166259766
Facebook,4,423,2284,0.2,0.5,2,0.2654012645024462,0.005673758865248227,0.807245575221239,5.179013967514038
Facebook,4,423,2284,0.2,0.5,3,0.2503437433554218,0.007951070336391437,0.8498340707964602,5.430893898010254
Facebook,4,423,2284,0.2,0.5,4,0.28488723745103745,0.006611570247933884,0.8213495575221239,5.243516206741333
Facebook,4,423,2284,0.2,0.5,5,0.2558286841183501,0.006153846153846154,0.7688053097345132,5.444944858551025
Facebook,4,423,2284,0.2,0.5,6,0.2720892690890037,0.007407407407407408,0.7884402654867256,5.229506969451904
Facebook,4,423,2284,0.2,0.5,7,0.2741822227006641,0.0064516129032258064,0.8147123893805309,5.420088529586792
Facebook,4,423,2284,0.2,0.5,8,0.24759625830281606,0.005555555555555556,0.8564712389380531,5.203866958618164
Facebook,4,423,2284,0.2,0.5,9,0.26560293542400804,0.0061624649859943975,0.7198561946902655,5.345768690109253
Facebook,4,423,2284,0.2,0.5,10,0.281464947883677,0.006600660066006601,0.6200221238938053,5.215030670166016
Facebook,4,423,2284,0.2,0.5,11,0.28804684251240537,0.006060606060606061,0.8158185840707964,5.438662052154541
Facebook,4,423,2284,0.2,0.5,12,0.2702179453308656,0.00535279805352798,0.7328539823008849,5.215364933013916
Facebook,4,423,2284,0.2,0.5,13,0.2717032981516059,0.007407407407407408,0.8349004424778761,5.319114923477173
Facebook,4,423,2284,0.2,0.5,14,0.23066678379927225,0.007051282051282051,0.7367256637168141,5.056840181350708
Facebook,4,423,2284,0.2,0.5,15,0.2669180469717711,0.007142857142857143,0.7851216814159292,5.270203351974487
Facebook,4,423,2284,0.2,0.5,16,0.2685053892055143,0.007272727272727273,0.7522123893805309,5.252410411834717
Facebook,4,423,2284,0.2,0.5,17,0.26780784361150584,0.007119741100323625,0.7582964601769911,5.065873384475708
Facebook,4,423,2284,0.2,0.5,18,0.27364865540394295,0.005714285714285714,0.8254977876106194,5.2325050830841064
Facebook,4,423,2284,0.2,0.5,19,0.27612314179192265,0.007349081364829396,0.9173119469026548,5.079172134399414
Facebook,4,423,2284,0.2,0.5,20,0.2715323034506308,0.0058823529411764705,0.797566371681416,5.215837478637695
Facebook,4,423,2284,0.2,0.5,21,0.25536206636669073,0.0058823529411764705,0.8185840707964602,5.04658055305481
Facebook,4,423,2284,0.2,0.5,22,0.2702712695661304,0.006181015452538631,0.9654314159292036,5.2542405128479
Facebook,4,423,2284,0.2,0.5,23,0.2607755248555137,0.00672782874617737,0.8017146017699115,5.0446507930755615
Facebook,4,423,2284,0.2,0.5,24,0.27126481655030776,0.007017543859649123,0.8523230088495575,5.241279363632202
Facebook,4,423,2284,0.2,0.5,25,0.2699573779769675,0.007619047619047619,0.7580199115044248,5.0694286823272705
Facebook,4,423,2856,0.25,0.5,1,0.2424461429874111,0.007282913165266107,0.8498340707964602,5.35489559173584
Facebook,4,423,2856,0.25,0.5,2,0.2830563064606524,0.006376811594202898,0.7450221238938053,5.181957244873047
Facebook,4,423,2856,0.25,0.5,3,0.2815409730460257,0.007669616519174041,0.8299225663716814,5.395036935806274
Facebook,4,423,2856,0.25,0.5,4,0.22765925026423667,0.006666666666666667,0.7054756637168141,5.182315826416016
Facebook,4,423,2856,0.25,0.5,5,0.27806716598834813,0.008253968253968255,0.855641592920354,5.380294322967529
Facebook,4,423,2856,0.25,0.5,6,0.2578097302127492,0.006853582554517134,0.7195796460176991,5.15949010848999
Facebook,4,423,2856,0.25,0.5,7,0.28421957857936364,0.007536231884057971,0.8545353982300885,5.353897333145142
Facebook,4,423,2856,0.25,0.5,8,0.2693955011594839,0.006779661016949152,0.8313053097345132,5.100831747055054
Facebook,4,423,2856,0.25,0.5,9,0.2513553811352883,0.006280193236714976,0.8454092920353983,5.303293466567993
Facebook,4,423,2856,0.25,0.5,10,0.278547955984058,0.007282913165266107,0.848174778761062,5.1677281856536865
Facebook,4,423,2856,0.25,0.5,11,0.2837246768548853,0.006326034063260341,0.8443030973451328,5.442208528518677
Facebook,4,423,2856,0.25,0.5,12,0.23156882251376593,0.005263157894736842,0.7679756637168141,5.1738080978393555
Facebook,4,423,2856,0.25,0.5,13,0.2695698514720823,0.005962059620596206,0.6991150442477876,5.338087320327759
Facebook,4,423,2856,0.25,0.5,14,0.2548588710166063,0.007575757575757576,0.7137721238938053,5.152767896652222
Facebook,4,423,2856,0.25,0.5,15,0.2700152866069206,0.007920792079207921,0.7771017699115044,5.335728168487549
Facebook,4,423,2856,0.25,0.5,16,0.25009215469790735,0.0077192982456140355,0.7334070796460177,5.121114730834961
Facebook,4,423,2856,0.25,0.5,17,0.2667858852778582,0.007738095238095238,0.9068030973451328,5.300400972366333
Facebook,4,423,2856,0.25,0.5,18,0.22452363707938708,0.008791208791208791,0.7903761061946902,5.100263357162476
Facebook,4,423,2856,0.25,0.5,19,0.2649180646381497,0.008253968253968255,0.8434734513274337,5.257534742355347
Facebook,4,423,2856,0.25,0.5,20,0.24543399975931418,0.006547619047619048,0.6955199115044248,5.114875078201294
Facebook,4,423,2856,0.25,0.5,21,0.2911142110672343,0.006872852233676976,0.7060287610619469,5.296854734420776
Facebook,4,423,2856,0.25,0.5,22,0.24642295901662187,0.0061068702290076335,0.764933628318584,5.094036340713501
Facebook,4,423,2856,0.25,0.5,23,0.2656759136546014,0.007476635514018692,0.7676991150442478,5.364856958389282
Facebook,4,423,2856,0.25,0.5,24,0.2842541667592633,0.006230529595015576,0.7170907079646017,5.125077962875366
Facebook,4,423,2856,0.25,0.5,25,0.2338036152356341,0.007260726072607261,0.6908185840707964,5.391096591949463
Facebook,4,423,3427,0.3,0.5,1,0.2747021133343347,0.006060606060606061,0.8841261061946902,5.2459681034088135
Facebook,4,423,3427,0.3,0.5,2,0.2729523093714355,0.006802721088435374,0.6913716814159292,5.490878582000732
Facebook,4,423,3427,0.3,0.5,3,0.2754377889406764,0.007766990291262136,0.8163716814159292,5.231553316116333
Facebook,4,423,3427,0.3,0.5,4,0.2357087954967612,0.00582010582010582,0.7173672566371682,5.394664525985718
Facebook,4,423,3427,0.3,0.5,5,0.25725702955472723,0.006956521739130435,0.7632743362831859,5.175133466720581
Facebook,4,423,3427,0.3,0.5,6,0.26142838102735694,0.005962059620596206,0.7010508849557522,5.385425806045532
Facebook,4,423,3427,0.3,0.5,7,0.2705733518756439,0.0065040650406504065,0.7632743362831859,5.247177600860596
Facebook,4,423,3427,0.3,0.5,8,0.24853275978485148,0.006547619047619048,0.7107300884955752,5.407203674316406
Facebook,4,423,3427,0.3,0.5,9,0.27288658168204943,0.005698005698005698,0.7060287610619469,5.218275547027588
Facebook,4,423,3427,0.3,0.5,10,0.25725663121349707,0.005925925925925926,0.8257743362831859,5.393435716629028
Facebook,4,423,3427,0.3,0.5,11,0.22449675095908594,0.007476635514018692,0.7743362831858407,5.15715479850769
Facebook,4,423,3427,0.3,0.5,12,0.2786974209507439,0.006060606060606061,0.7394911504424779,5.376382112503052
Facebook,4,423,3427,0.3,0.5,13,0.2683611768335214,0.005369127516778523,0.7953539823008849,5.167618036270142
Facebook,4,423,3427,0.3,0.5,14,0.2703023257968926,0.006349206349206349,0.8127765486725663,5.385944366455078
Facebook,4,423,3427,0.3,0.5,15,0.2763707141584577,0.006547619047619048,0.7295353982300885,5.175095558166504
Facebook,4,423,3427,0.3,0.5,16,0.2554453988093963,0.009848484848484848,0.8390486725663717,5.386463642120361
Facebook,4,423,3427,0.3,0.5,17,0.24879713925072638,0.00516795865633075,0.6084070796460177,5.242229700088501
Facebook,4,423,3427,0.3,0.5,18,0.2341937179427178,0.007333333333333333,0.7267699115044248,5.455933570861816
Facebook,4,423,3427,0.3,0.5,19,0.2512565300316988,0.0044742729306487695,0.6490597345132744,5.250162839889526
Facebook,4,423,3427,0.3,0.5,20,0.2644566995923601,0.006376811594202898,0.7173672566371682,5.470299005508423
Facebook,4,423,3427,0.3,0.5,21,0.22439974485985323,0.0062146892655367235,0.7361725663716814,5.2254462242126465
Facebook,4,423,3427,0.3,0.5,22,0.27672558194740254,0.005673758865248227,0.7372787610619469,5.394990921020508
Facebook,4,423,3427,0.3,0.5,23,0.27149041704423266,0.007339449541284404,0.8401548672566371,5.228839874267578
Facebook,4,423,3427,0.3,0.5,24,0.24235015673906793,0.00522875816993464,0.7815265486725663,5.450256109237671
Facebook,4,423,3427,0.3,0.5,25,0.29010481403736355,0.007920792079207921,0.828816371681416,5.226752281188965
Facebook,4,423,3998,0.35,0.5,1,0.2712312788664428,0.0062146892655367235,0.7275995575221239,5.495142221450806
Facebook,4,423,3998,0.35,0.5,2,0.24353072622563457,0.006432748538011696,0.7309181415929203,5.23337984085083
Facebook,4,423,3998,0.35,0.5,3,0.23672729401399858,0.00905349794238683,0.7137721238938053,5.455872058868408
Facebook,4,423,3998,0.35,0.5,4,0.27697536384467014,0.006837606837606838,0.8575774336283186,5.24271559715271
Facebook,4,423,3998,0.35,0.5,5,0.24702346985285584,0.007560137457044674,0.6991150442477876,5.435153245925903
Facebook,4,423,3998,0.35,0.5,6,0.2512343813174328,0.005291005291005291,0.6750553097345132,5.199872255325317
Facebook,4,423,3998,0.35,0.5,7,0.2533585738440481,0.006853582554517134,0.75,5.449927091598511
Facebook,4,423,3998,0.35,0.5,8,0.2452609946157297,0.007407407407407408,0.7201327433628318,5.166790962219238
Facebook,4,423,3998,0.35,0.5,9,0.2866766979922962,0.007162534435261708,0.855641592920354,5.405686378479004
Facebook,4,423,3998,0.35,0.5,10,0.2651019805009642,0.00583941605839416,0.8172013274336283,5.4102654457092285
Facebook,4,423,3998,0.35,0.5,11,0.22678940675676743,0.007407407407407408,0.7173672566371682,5.22395920753479
Facebook,4,423,3998,0.35,0.5,12,0.2384908911569909,0.00784313725490196,0.6612278761061947,5.417154312133789
Facebook,4,423,3998,0.35,0.5,13,0.2533804813165145,0.005057471264367816,0.7256637168141593,5.222848415374756
Facebook,4,423,3998,0.35,0.5,14,0.27857171131270314,0.007339449541284404,0.7704646017699115,5.1851420402526855
Facebook,4,423,3998,0.35,0.5,15,0.2607953103819841,0.005684754521963824,0.728429203539823,5.3989903926849365
Facebook,4,423,3998,0.35,0.5,16,0.25071732138480823,0.008032128514056224,0.6742256637168141,5.407780408859253
Facebook,4,423,3998,0.35,0.5,17,0.2563099773901099,0.007560137457044674,0.7292588495575221,5.247278451919556
Facebook,4,423,3998,0.35,0.5,18,0.2842094465279279,0.00909090909090909,0.8141592920353983,5.479258298873901
Facebook,4,423,3998,0.35,0.5,19,0.26011889125425064,0.007407407407407408,0.8539823008849557,5.227076530456543
Facebook,4,423,3998,0.35,0.5,20,0.27674789754439877,0.006896551724137931,0.8362831858407079,5.443692922592163
Facebook,4,423,3998,0.35,0.5,21,0.2525100548022855,0.007920792079207921,0.7782079646017699,5.239270210266113
Facebook,4,423,3998,0.35,0.5,22,0.2437926144398184,0.005936073059360731,0.8484513274336283,5.438716173171997
Facebook,4,423,3998,0.35,0.5,23,0.26554958370080883,0.0062146892655367235,0.7195796460176991,5.265223503112793
Facebook,4,423,3998,0.35,0.5,24,0.26611349468898093,0.0064,0.8138827433628318,5.505847930908203
Facebook,4,423,3998,0.35,0.5,25,0.2625482753132034,0.006779661016949152,0.7848451327433629,5.333099842071533
Facebook,4,423,4569,0.4,0.5,1,0.24300961459159284,0.007407407407407408,0.8918694690265486,5.340742111206055
Facebook,4,423,4569,0.4,0.5,2,0.27183196789465386,0.006467661691542288,0.8058628318584071,5.520320653915405
Facebook,4,423,4569,0.4,0.5,3,0.22082707415454855,0.008791208791208791,0.8205199115044248,5.559016227722168
Facebook,4,423,4569,0.4,0.5,4,0.2778226039551419,0.0055979643765903305,0.661504424778761,5.400118589401245
Facebook,4,423,4569,0.4,0.5,5,0.2689409665614348,0.007638888888888889,0.7483407079646017,5.4668943881988525
Facebook,4,423,4569,0.4,0.5,6,0.2667023111069496,0.009722222222222222,0.9452433628318584,5.272241830825806
Facebook,4,423,4569,0.4,0.5,7,0.27301971974461686,0.008247422680412371,0.7549778761061947,5.482600927352905
Facebook,4,423,4569,0.4,0.5,8,0.2602048825479896,0.006666666666666667,0.7237278761061947,5.301170825958252
Facebook,4,423,4569,0.4,0.5,9,0.26027578603845725,0.0062146892655367235,0.709070796460177,5.5077736377716064
Facebook,4,423,4569,0.4,0.5,10,0.25915040289828023,0.006984126984126984,0.699391592920354,5.397377014160156
Facebook,4,423,4569,0.4,0.5,11,0.22662540715675739,0.0061624649859943975,0.7085176991150443,5.569385290145874
Facebook,4,423,4569,0.4,0.5,12,0.23003041520390333,0.006837606837606838,0.8047566371681416,5.324921607971191
Facebook,4,423,4569,0.4,0.5,13,0.26939809824393207,0.005774278215223097,0.7364491150442478,5.297810792922974
Facebook,4,423,4569,0.4,0.5,14,0.21163190867253812,0.00625,0.7903761061946902,5.6035590171813965
Facebook,4,423,4569,0.4,0.5,15,0.26776827593876096,0.006432748538011696,0.7389380530973452,5.5744922161102295
Facebook,4,423,4569,0.4,0.5,16,0.28687149286819424,0.008791208791208791,0.802820796460177,5.4146504402160645
Facebook,4,423,4569,0.4,0.5,17,0.22643352150234125,0.00816326530612245,0.8160951327433629,5.549932241439819
Facebook,4,423,4569,0.4,0.5,18,0.2761472522668103,0.006060606060606061,0.7118362831858407,5.382591962814331
Facebook,4,423,4569,0.4,0.5,19,0.2740211056902234,0.005517241379310344,0.8116703539823009,5.63428807258606
Facebook,4,423,4569,0.4,0.5,20,0.24820953799376266,0.006432748538011696,0.7331305309734514,5.504925727844238
Facebook,4,423,4569,0.4,0.5,21,0.26860117880693946,0.005164319248826291,0.7317477876106194,5.683377265930176
Facebook,4,423,4569,0.4,0.5,22,0.27939616549312474,0.006606606606606606,0.7450221238938053,5.420892000198364
Facebook,4,423,4569,0.4,0.5,23,0.2490165074287859,0.006837606837606838,0.7452986725663717,5.687061548233032
Facebook,4,423,4569,0.4,0.5,24,0.25478162775092583,0.007260726072607261,0.7195796460176991,5.444362640380859
Facebook,4,423,4569,0.4,0.5,25,0.2834760320127661,0.006666666666666667,0.7112831858407079,5.398678779602051
Facebook,4,423,5140,0.45,0.5,1,0.27204473012230557,0.005952380952380952,0.7016039823008849,5.679920673370361
Facebook,4,423,5140,0.45,0.5,2,0.26400939250151945,0.007119741100323625,0.7082411504424779,5.643722772598267
Facebook,4,423,5140,0.45,0.5,3,0.26995413619808734,0.0067708333333333336,0.8329646017699115,5.538922548294067
Facebook,4,423,5140,0.45,0.5,4,0.23075280947620602,0.006790123456790123,0.7198561946902655,5.728680372238159
Facebook,4,423,5140,0.45,0.5,5,0.2730219571222684,0.007536231884057971,0.8617256637168141,5.467411756515503
Facebook,4,423,5140,0.45,0.5,6,0.249751173469408,0.00632183908045977,0.7162610619469026,5.685097932815552
Facebook,4,423,5140,0.45,0.5,7,0.24125060933528766,0.008176100628930818,0.8636615044247787,5.5185017585754395
Facebook,4,423,5140,0.45,0.5,8,0.2583756109528784,0.006376811594202898,0.7591261061946902,5.630197048187256
Facebook,4,423,5140,0.45,0.5,9,0.21341094057667484,0.009195402298850575,0.7804203539823009,5.453921318054199
Facebook,4,423,5140,0.45,0.5,10,0.2692681134646038,0.006606606606606606,0.7176438053097345,5.623422622680664
Facebook,4,423,5140,0.45,0.5,11,0.2635242996730789,0.007738095238095238,0.8567477876106194,5.533909559249878
Facebook,4,423,5140,0.45,0.5,12,0.26133441957576836,0.008333333333333333,0.7712942477876106,5.705505847930908
Facebook,4,423,5140,0.45,0.5,13,0.2642843333680833,0.005314009661835749,0.7505530973451328,5.490448713302612
Facebook,4,423,5140,0.45,0.5,14,0.2328709154519428,0.007207207207207207,0.7779314159292036,5.659865379333496
Facebook,4,423,5140,0.45,0.5,15,0.26290149909339233,0.008176100628930818,0.8387721238938053,5.541037559509277
Facebook,4,423,5140,0.45,0.5,16,0.2720821786944493,0.007168458781362007,0.6977323008849557,5.644823312759399
Facebook,4,423,5140,0.45,0.5,17,0.2503974405896362,0.0077192982456140355,0.7226216814159292,5.466546058654785
Facebook,4,423,5140,0.45,0.5,18,0.24110608937178307,0.007051282051282051,0.7303650442477876,5.63245415687561
Facebook,4,423,5140,0.45,0.5,19,0.26874647493202913,0.0065656565656565654,0.8202433628318584,5.476139068603516
Facebook,4,423,5140,0.45,0.5,20,0.28774837615072413,0.007079646017699115,0.7635508849557522,5.718158483505249
Facebook,4,423,5140,0.45,0.5,21,0.2704991889468309,0.005866666666666667,0.7591261061946902,5.560546398162842
Facebook,4,423,5140,0.45,0.5,22,0.27031270643534383,0.007017543859649123,0.7688053097345132,5.639851331710815
Facebook,4,423,5140,0.45,0.5,23,0.26730221734954496,0.005962059620596206,0.7364491150442478,5.5525689125061035
Facebook,4,423,5140,0.45,0.5,24,0.270143721258053,0.005925925925925926,0.8398783185840708,5.674849987030029
Facebook,4,423,5140,0.45,0.5,25,0.25667762535806704,0.008333333333333333,0.7685287610619469,5.455352783203125
Facebook,4,423,5711,0.5,0.5,1,0.25855213257786874,0.005555555555555556,0.740320796460177,5.7108869552612305
Facebook,4,423,5711,0.5,0.5,2,0.29304422210169995,0.005298013245033113,0.7718473451327433,5.53459620475769
Facebook,4,423,5711,0.5,0.5,3,0.23561978621767762,0.00672782874617737,0.7342367256637168,5.802507162094116
Facebook,4,423,5711,0.5,0.5,4,0.2324786173953098,0.008148148148148147,0.7289823008849557,5.593205451965332
Facebook,4,423,5711,0.5,0.5,5,0.25903824669888237,0.006111111111111111,0.7356194690265486,5.717448472976685
Facebook,4,423,5711,0.5,0.5,6,0.25530384787522387,0.0067226890756302525,0.7610619469026548,5.617143392562866
Facebook,4,423,5711,0.5,0.5,7,0.27083749827146564,0.005555555555555556,0.8116703539823009,5.679270267486572
Facebook,4,423,5711,0.5,0.5,8,0.27780707223513285,0.0064,0.8144358407079646,5.442736864089966
Facebook,4,423,5711,0.5,0.5,9,0.2685897641611851,0.007751937984496124,0.7018805309734514,5.588846445083618
Facebook,4,423,5711,0.5,0.5,10,0.26763350985689155,0.005164319248826291,0.759679203539823,5.463221311569214
Facebook,4,423,5711,0.5,0.5,11,0.2280795303642865,0.006547619047619048,0.7251106194690266,5.700392484664917
Facebook,4,423,5711,0.5,0.5,12,0.26474156068649907,0.005970149253731343,0.7889933628318584,5.471628665924072
Facebook,4,423,5711,0.5,0.5,13,0.2173880638659091,0.006547619047619048,0.7228982300884956,5.6252124309539795
Facebook,4,423,5711,0.5,0.5,14,0.273460876480125,0.0058956916099773245,0.8503871681415929,5.520301818847656
Facebook,4,423,5711,0.5,0.5,15,0.23735159514868653,0.008602150537634409,0.7782079646017699,5.634384632110596
Facebook,4,423,5711,0.5,0.5,16,0.2479059060754412,0.007476635514018692,0.8147123893805309,5.420460939407349
Facebook,4,423,5711,0.5,0.5,17,0.2668999312893271,0.00784313725490196,0.9026548672566371,5.622799634933472
Facebook,4,423,5711,0.5,0.5,18,0.27583235944662293,0.007738095238095238,0.8346238938053098,5.431251525878906
Facebook,4,423,5711,0.5,0.5,19,0.2583818649426733,0.004761904761904762,0.7226216814159292,5.668348550796509
Facebook,4,423,5711,0.5,0.5,20,0.2691907170707078,0.007407407407407408,0.7964601769911505,5.489619970321655
Facebook,4,423,5711,0.5,0.5,21,0.271322437330604,0.006547619047619048,0.7419800884955752,5.655449390411377
Facebook,4,423,5711,0.5,0.5,22,0.2296238454403004,0.00816326530612245,0.8301991150442478,5.443675756454468
Facebook,4,423,5711,0.5,0.5,23,0.2608412688500307,0.007017543859649123,0.8235619469026548,5.718279600143433
Facebook,4,423,5711,0.5,0.5,24,0.26413072282122035,0.006802721088435374,0.6490597345132744,5.4206953048706055
Facebook,4,423,5711,0.5,0.5,25,0.24085719357075966,0.006956521739130435,0.8003318584070797,5.594561815261841
Facebook,4,423,6282,0.55,0.5,1,0.2537361898171505,0.004921700223713647,0.7314712389380531,5.448301315307617
Facebook,4,423,6282,0.55,0.5,2,0.2701321690715747,0.007349081364829396,0.8962942477876106,5.655795097351074
Facebook,4,423,6282,0.55,0.5,3,0.25350568721087785,0.007272727272727273,0.7978429203539823,5.5633604526519775
Facebook,4,423,6282,0.55,0.5,4,0.27032065650503495,0.010077519379844961,0.8459623893805309,5.803129196166992
Facebook,4,423,6282,0.55,0.5,5,0.2714159101864158,0.005472636815920398,0.754424778761062,5.504417657852173
Facebook,4,423,6282,0.55,0.5,6,0.23977623185402877,0.00962962962962963,0.8487278761061947,5.752948999404907
Facebook,4,423,6282,0.55,0.5,7,0.2699897995964621,0.006956521739130435,0.7748893805309734,5.528705596923828
Facebook,4,423,6282,0.55,0.5,8,0.2659232229504447,0.0064,0.8116703539823009,5.662191152572632
Facebook,4,423,6282,0.55,0.5,9,0.2183631559995907,0.005774278215223097,0.7148783185840708,5.47205376625061
Facebook,4,423,6282,0.55,0.5,10,0.2611867044527288,0.007142857142857143,0.7707411504424779,5.674750566482544
Facebook,4,423,6282,0.55,0.5,11,0.26972881633689566,0.005729166666666666,0.730641592920354,5.561904668807983
Facebook,4,423,6282,0.55,0.5,12,0.24905808410927388,0.0052525252525252525,0.8564712389380531,5.7429022789001465
Facebook,4,423,6282,0.55,0.5,13,0.26710146131911655,0.006790123456790123,0.7505530973451328,5.517571926116943
Facebook,4,423,6282,0.55,0.5,14,0.24511041528544317,0.008791208791208791,0.7804203539823009,5.751265525817871
Facebook,4,423,6282,0.55,0.5,15,0.22688880421558486,0.005063291139240506,0.7793141592920354,5.486909866333008
Facebook,4,423,6282,0.55,0.5,16,0.24945557739263763,0.005866666666666667,0.7151548672566371,5.645105361938477
Facebook,4,423,6282,0.55,0.5,17,0.2843448753650438,0.005701754385964913,0.8523230088495575,5.468658924102783
Facebook,4,423,6282,0.55,0.5,18,0.27181014905724726,0.005513784461152882,0.7262168141592921,5.6840033531188965
Facebook,4,423,6282,0.55,0.5,19,0.24842049022687773,0.0062678062678062675,0.7563606194690266,5.533130168914795
Facebook,4,423,6282,0.55,0.5,20,0.2504480708316925,0.008333333333333333,0.8183075221238938,5.753954887390137
Facebook,4,423,6282,0.55,0.5,21,0.27445934966871155,0.005092592592592593,0.7829092920353983,5.48525071144104
Facebook,4,423,6282,0.55,0.5,22,0.2586705722263177,0.0056410256410256415,0.740320796460177,5.753397703170776
Facebook,4,423,6282,0.55,0.5,23,0.26920246995412495,0.00625,0.8191371681415929,5.523237228393555
Facebook,4,423,6282,0.55,0.5,24,0.2670061514090258,0.008247422680412371,0.8053097345132744,5.6906092166900635
Facebook,4,423,6282,0.55,0.5,25,0.23969421020013779,0.006299212598425197,0.7936946902654868,5.475082635879517
Facebook,4,423,6853,0.6,0.5,1,0.2740642703611647,0.005392156862745098,0.7558075221238938,5.7749035358428955
Facebook,4,423,6853,0.6,0.5,2,0.2539922478775454,0.005517241379310344,0.7754424778761062,5.633059024810791
Facebook,4,423,6853,0.6,0.5,3,0.2788060441468689,0.005925925925925926,0.828816371681416,5.715049505233765
Facebook,4,423,6853,0.6,0.5,4,0.28886579686637476,0.006557377049180328,0.797566371681416,5.601698398590088
Facebook,4,423,6853,0.6,0.5,5,0.26761206812279786,0.00805860805860806,0.7480641592920354,5.802593946456909
Facebook,4,423,6853,0.6,0.5,6,0.25424178548736404,0.00749063670411985,0.6496128318584071,5.531336307525635
Facebook,4,423,6853,0.6,0.5,7,0.23020191498703663,0.007482993197278911,0.7389380530973452,5.695101499557495
Facebook,4,423,6853,0.6,0.5,8,0.2680336985155925,0.007207207207207207,0.7726769911504425,5.540006875991821
Facebook,4,423,6853,0.6,0.5,9,0.26233598270660813,0.006790123456790123,0.7311946902654868,5.825035810470581
Facebook,4,423,6853,0.6,0.5,10,0.24719347948192816,0.007333333333333333,0.6902654867256637,5.569286823272705
Facebook,4,423,6853,0.6,0.5,11,0.2575358409323856,0.008527131782945736,0.7264933628318584,5.747658014297485
Facebook,4,423,6853,0.6,0.5,12,0.23582829084576482,0.005238095238095238,0.7107300884955752,5.640545606613159
Facebook,4,423,6853,0.6,0.5,13,0.27056192180873845,0.008666666666666666,0.860066371681416,5.768310070037842
Facebook,4,423,6853,0.6,0.5,14,0.22319779780121646,0.007885304659498209,0.7394911504424779,5.521429061889648
Facebook,4,423,6853,0.6,0.5,15,0.2613097908905139,0.0067226890756302525,0.7414269911504425,5.7438576221466064
Facebook,4,423,6853,0.6,0.5,16,0.2802040756557171,0.007407407407407408,0.90625,5.589306116104126
Facebook,4,423,6853,0.6,0.5,17,0.26371260095102117,0.007282913165266107,0.8517699115044248,5.820038795471191
Facebook,4,423,6853,0.6,0.5,18,0.2268304821623015,0.007885304659498209,0.7234513274336283,5.524252414703369
Facebook,4,423,6853,0.6,0.5,19,0.23047915919971,0.007119741100323625,0.7046460176991151,5.844141006469727
Facebook,4,423,6853,0.6,0.5,20,0.2780194931467422,0.00787878787878788,0.8509402654867256,5.585028886795044
Facebook,4,423,6853,0.6,0.5,21,0.2833349941020568,0.00805860805860806,0.7173672566371682,5.711384534835815
Facebook,4,423,6853,0.6,0.5,22,0.2608626684259084,0.007339449541284404,0.7859513274336283,5.547717809677124
Facebook,4,423,6853,0.6,0.5,23,0.2605595845174549,0.007476635514018692,0.8061393805309734,5.798491716384888
Facebook,4,423,6853,0.6,0.5,24,0.26790610537181153,0.00842911877394636,0.7679756637168141,5.579212427139282
Facebook,4,423,6853,0.6,0.5,25,0.24840000432739315,0.006918238993710692,0.7430862831858407,5.76029372215271
Facebook,4,423,7424,0.65,0.5,1,0.26498549497921353,0.006989247311827957,0.8628318584070797,5.704610586166382
Facebook,4,423,7424,0.65,0.5,2,0.28103530828648016,0.008,0.8083517699115044,5.8364081382751465
Facebook,4,423,7424,0.65,0.5,3,0.26707270292659274,0.009219858156028368,0.8163716814159292,5.604637622833252
Facebook,4,423,7424,0.65,0.5,4,0.2745954081125983,0.0077192982456140355,0.7547013274336283,5.810744285583496
Facebook,4,423,7424,0.65,0.5,5,0.24656105882796633,0.005050505050505051,0.6678650442477876,5.674803018569946
Facebook,4,423,7424,0.65,0.5,6,0.2721547099548131,0.006718346253229974,0.8296460176991151,5.850954532623291
Facebook,4,423,7424,0.65,0.5,7,0.2635540717764846,0.005866666666666667,0.6930309734513275,5.60420036315918
Facebook,4,423,7424,0.65,0.5,8,0.26483671686951943,0.007407407407407408,0.8232853982300885,5.890584230422974
Facebook,4,423,7424,0.65,0.5,9,0.27343870783238794,0.006956521739130435,0.7533185840707964,5.554977178573608
Facebook,4,423,7424,0.65,0.5,10,0.23621293011487204,0.006944444444444444,0.6742256637168141,5.781102418899536
Facebook,4,423,7424,0.65,0.5,11,0.2514671126319225,0.008333333333333333,0.8105641592920354,5.621279239654541
Facebook,4,423,7424,0.65,0.5,12,0.26479235818149754,0.009122807017543859,0.8561946902654868,5.868389129638672
Facebook,4,423,7424,0.65,0.5,13,0.2763505000615641,0.007272727272727273,0.7950774336283186,5.6200690269470215
Facebook,4,423,7424,0.65,0.5,14,0.2164414141023306,0.008602150537634409,0.7837389380530974,5.864075660705566
Facebook,4,423,7424,0.65,0.5,15,0.25428542188556624,0.006989247311827957,0.8498340707964602,5.696788787841797
Facebook,4,423,7424,0.65,0.5,16,0.22149949376159156,0.007547169811320755,0.7729535398230089,5.803940773010254
Facebook,4,423,7424,0.65,0.5,17,0.27248786490015775,0.007807807807807808,0.7978429203539823,5.5657994747161865
Facebook,4,423,7424,0.65,0.5,18,0.25756468533487276,0.005555555555555556,0.7356194690265486,5.889163494110107
Facebook,4,423,7424,0.65,0.5,19,0.2714147237810495,0.00535279805352798,0.7253871681415929,5.661190986633301
Facebook,4,423,7424,0.65,0.5,20,0.25855682187019613,0.007272727272727273,0.7773783185840708,5.82117223739624
Facebook,4,423,7424,0.65,0.5,21,0.24053901946325093,0.0065040650406504065,0.8066924778761062,5.679266691207886
Facebook,4,423,7424,0.65,0.5,22,0.2631040454705989,0.005392156862745098,0.7289823008849557,5.821763038635254
Facebook,4,423,7424,0.65,0.5,23,0.2607685897847045,0.007079646017699115,0.8075221238938053,5.575298547744751
Facebook,4,423,7424,0.65,0.5,24,0.24035062769030358,0.005962059620596206,0.7270464601769911,5.812471389770508
Facebook,4,423,7424,0.65,0.5,25,0.25641493590997905,0.007692307692307693,0.7859513274336283,5.645266771316528
Facebook,4,423,7995,0.7,0.5,1,0.2725309754972715,0.006779661016949152,0.7652101769911505,5.853099584579468
Facebook,4,423,7995,0.7,0.5,2,0.2542419877809366,0.008934707903780068,0.853429203539823,5.769978284835815
Facebook,4,423,7995,0.7,0.5,3,0.2670992770973773,0.004988662131519274,0.714325221238938,5.890323877334595
Facebook,4,423,7995,0.7,0.5,4,0.2687691050690757,0.007079646017699115,0.7721238938053098,5.629359722137451
Facebook,4,423,7995,0.7,0.5,5,0.2635472415245064,0.0058823529411764705,0.7654867256637168,5.863198280334473
Facebook,4,423,7995,0.7,0.5,6,0.2504110528088165,0.008791208791208791,0.8061393805309734,5.696898460388184
Facebook,4,423,7995,0.7,0.5,7,0.24412488943622482,0.008722741433021807,0.9048672566371682,5.8449530601501465
Facebook,4,423,7995,0.7,0.5,8,0.2720157976030882,0.007207207207207207,0.7762721238938053,5.692080497741699
Facebook,4,423,7995,0.7,0.5,9,0.27157404430559684,0.00787878787878788,0.8730641592920354,5.942278146743774
Facebook,4,423,7995,0.7,0.5,10,0.23789341412975512,0.007407407407407408,0.7505530973451328,5.6281468868255615
Facebook,4,423,7995,0.7,0.5,11,0.22976305352321635,0.007407407407407408,0.7804203539823009,5.855841398239136
Facebook,4,423,7995,0.7,0.5,12,0.26012094178548717,0.007282913165266107,0.8509402654867256,5.704485177993774
Facebook,4,423,7995,0.7,0.5,13,0.23378241862508542,0.005913978494623656,0.6960730088495575,5.9251484870910645
Facebook,4,423,7995,0.7,0.5,14,0.2567260551281594,0.0077192982456140355,0.6886061946902655,5.891886949539185
Facebook,4,423,7995,0.7,0.5,15,0.2504901498498056,0.008247422680412371,0.8077986725663717,5.745087623596191
Facebook,4,423,7995,0.7,0.5,16,0.26333106929782646,0.0067708333333333336,0.8683628318584071,5.827061414718628
Facebook,4,423,7995,0.7,0.5,17,0.25033278242285256,0.00582010582010582,0.7317477876106194,5.646894693374634
Facebook,4,423,7995,0.7,0.5,18,0.25429628927223263,0.008988764044943821,0.7676991150442478,5.917500019073486
Facebook,4,423,7995,0.7,0.5,19,0.2608619043632533,0.009333333333333334,0.9469026548672567,5.733362913131714
Facebook,4,423,7995,0.7,0.5,20,0.2622181756405452,0.00784313725490196,0.8044800884955752,5.866461753845215
Facebook,4,423,7995,0.7,0.5,21,0.2405232973018544,0.006853582554517134,0.7107300884955752,5.725906133651733
Facebook,4,423,7995,0.7,0.5,22,0.25490149343029506,0.008754208754208754,0.8307522123893806,5.802225112915039
Facebook,4,423,7995,0.7,0.5,23,0.2302263967993516,0.005962059620596206,0.7110066371681416,5.634785890579224
Facebook,4,423,7995,0.7,0.5,24,0.24579001283977936,0.008695652173913044,0.8064159292035398,5.875105142593384
Facebook,4,423,7995,0.7,0.5,25,0.28479767802758604,0.006853582554517134,0.786504424778761,5.757047176361084
Facebook,4,423,8566,0.75,0.5,1,0.2813904315652225,0.007619047619047619,0.8069690265486725,5.877795696258545
Facebook,4,423,8566,0.75,0.5,2,0.25414840155257673,0.007920792079207921,0.8069690265486725,5.799357652664185
Facebook,4,423,8566,0.75,0.5,3,0.26262804486753955,0.0066157760814249365,0.8520464601769911,5.9421470165252686
Facebook,4,423,8566,0.75,0.5,4,0.2600919131350516,0.006956521739130435,0.7547013274336283,5.679593086242676
Facebook,4,423,8566,0.75,0.5,5,0.2546352288632797,0.006666666666666667,0.7732300884955752,6.010472774505615
Facebook,4,423,8566,0.75,0.5,6,0.21909545728715357,0.007079646017699115,0.8147123893805309,5.769289016723633
Facebook,4,423,8566,0.75,0.5,7,0.25056345419382325,0.006299212598425197,0.800608407079646,5.939371824264526
Facebook,4,423,8566,0.75,0.5,8,0.2636323674779369,0.006956521739130435,0.7737831858407079,5.795950889587402
Facebook,4,423,8566,0.75,0.5,9,0.26776342450435453,0.007471264367816092,0.8141592920353983,5.8820366859436035
Facebook,4,423,8566,0.75,0.5,10,0.2761325947469488,0.007272727272727273,0.7831858407079646,5.666867971420288
Facebook,4,423,8566,0.75,0.5,11,0.26538816195706694,0.0068783068783068784,0.8423672566371682,5.99566912651062
Facebook,4,423,8566,0.75,0.5,12,0.2879710612464601,0.008024691358024692,0.8445796460176991,5.796566009521484
Facebook,4,423,8566,0.75,0.5,13,0.2674570492100456,0.007951070336391437,0.8774889380530974,5.981649875640869
Facebook,4,423,8566,0.75,0.5,14,0.24947504312026159,0.006146572104018913,0.8622787610619469,5.767136812210083
Facebook,4,423,8566,0.75,0.5,15,0.22216289291286376,0.006918238993710692,0.7242809734513275,5.92106032371521
Facebook,4,423,8566,0.75,0.5,16,0.27741625815708304,0.009621993127147767,0.9574115044247787,5.714477062225342
Facebook,4,423,8566,0.75,0.5,17,0.24861327196721866,0.00718954248366013,0.7513827433628318,5.997905492782593
Facebook,4,423,8566,0.75,0.5,18,0.21610445256405947,0.008641975308641974,0.9297566371681416,5.692362546920776
Facebook,4,423,8566,0.75,0.5,19,0.27022137890489134,0.007162534435261708,0.8440265486725663,5.987572193145752
Facebook,4,423,8566,0.75,0.5,20,0.26409629854813066,0.008988764044943821,0.744745575221239,5.965949535369873
Facebook,4,423,8566,0.75,0.5,21,0.21561780021315277,0.007339449541284404,0.7840154867256637,5.696279525756836
Facebook,4,423,8566,0.75,0.5,22,0.24939441289940248,0.00718954248366013,0.7309181415929203,5.986324787139893
Facebook,4,423,8566,0.75,0.5,23,0.25895863364333443,0.007017543859649123,0.7671460176991151,5.804518699645996
Facebook,4,423,8566,0.75,0.5,24,0.2530193399060919,0.00632183908045977,0.7353429203539823,5.928882837295532
Facebook,4,423,8566,0.75,0.5,25,0.26151939020693393,0.006837606837606838,0.8055862831858407,5.806927919387817
Facebook,4,423,9138,0.8,0.5,1,0.2584947964328937,0.00625,0.78125,5.933365106582642
Facebook,4,423,9138,0.8,0.5,2,0.2688032031525161,0.006606606606606606,0.7475110619469026,5.776635408401489
Facebook,4,423,9138,0.8,0.5,3,0.22760958523118868,0.005714285714285714,0.786504424778761,6.040753126144409
Facebook,4,423,9138,0.8,0.5,4,0.2679748381204604,0.0065040650406504065,0.8470685840707964,5.768326282501221
Facebook,4,423,9138,0.8,0.5,5,0.2594895963099828,0.00996168582375479,0.8636615044247787,6.034289121627808
Facebook,4,423,9138,0.8,0.5,6,0.23413541829971551,0.0057553956834532375,0.769358407079646,5.762571811676025
Facebook,4,423,9138,0.8,0.5,7,0.24572697785068678,0.007536231884057971,0.8741703539823009,5.929317951202393
Facebook,4,423,9138,0.8,0.5,8,0.24293571313770299,0.00851063829787234,0.8011615044247787,5.82385778427124
Facebook,4,423,9138,0.8,0.5,9,0.24829504798455165,0.006918238993710692,0.7480641592920354,6.010568141937256
Facebook,4,423,9138,0.8,0.5,10,0.241121271017271,0.006547619047619048,0.733683628318584,5.816537141799927
Facebook,4,423,9138,0.8,0.5,11,0.23970413189714798,0.006944444444444444,0.6775442477876106,6.059394598007202
Facebook,4,423,9138,0.8,0.5,12,0.266876097655779,0.00760233918128655,0.807245575221239,5.747310638427734
Facebook,4,423,9138,0.8,0.5,13,0.26816851129627034,0.005925925925925926,0.7793141592920354,6.0525805950164795
Facebook,4,423,9138,0.8,0.5,14,0.22077260077934455,0.008333333333333333,0.785674778761062,5.850013732910156
Facebook,4,423,9138,0.8,0.5,15,0.25398806360338294,0.008934707903780068,0.8396017699115044,6.003027439117432
Facebook,4,423,9138,0.8,0.5,16,0.2824415783291623,0.007407407407407408,0.8260508849557522,5.833019971847534
Facebook,4,423,9138,0.8,0.5,17,0.23399560276250553,0.007920792079207921,0.7820796460176991,5.96308445930481
Facebook,4,423,9138,0.8,0.5,18,0.2699831338323024,0.005555555555555556,0.8091814159292036,5.737523555755615
Facebook,4,423,9138,0.8,0.5,19,0.2646334288741145,0.005633802816901409,0.796183628318584,6.040085077285767
Facebook,4,423,9138,0.8,0.5,20,0.2413973520727809,0.00784313725490196,0.7735066371681416,5.7782957553863525
Facebook,4,423,9138,0.8,0.5,21,0.2540843417017855,0.007692307692307693,0.7771017699115044,6.070150136947632
Facebook,4,423,9138,0.8,0.5,22,0.25199817921389295,0.005913978494623656,0.7690818584070797,5.78403639793396
Facebook,4,423,9138,0.8,0.5,23,0.234572299023507,0.007692307692307693,0.7660398230088495,5.956260442733765
Facebook,4,423,9138,0.8,0.5,24,0.23221455230134716,0.006060606060606061,0.6570796460176991,5.83429217338562
Facebook,4,423,9138,0.8,0.5,25,0.27026832407303797,0.006896551724137931,0.7920353982300885,6.015940189361572
Facebook,4,423,9709,0.85,0.5,1,0.2371526051779615,0.00760233918128655,0.8462389380530974,6.133336067199707
Facebook,4,423,9709,0.85,0.5,2,0.2446299323185066,0.007476635514018692,0.831858407079646,5.909301042556763
Facebook,4,423,9709,0.85,0.5,3,0.26947144303972703,0.0064,0.8224557522123894,6.014722108840942
Facebook,4,423,9709,0.85,0.5,4,0.25786892887349544,0.006718346253229974,0.8042035398230089,5.933929204940796
Facebook,4,423,9709,0.85,0.5,5,0.27964504647959953,0.005970149253731343,0.7558075221238938,6.070497512817383
Facebook,4,423,9709,0.85,0.5,6,0.22848192131767078,0.007272727272727273,0.7945243362831859,5.905653476715088
Facebook,4,423,9709,0.85,0.5,7,0.26592996899685467,0.007017543859649123,0.7809734513274337,6.054113149642944
Facebook,4,423,9709,0.85,0.5,8,0.2335421754952,0.005925925925925926,0.7848451327433629,5.81670069694519
Facebook,4,423,9709,0.85,0.5,9,0.2638447643053343,0.007920792079207921,0.7967367256637168,6.062552452087402
Facebook,4,423,9709,0.85,0.5,10,0.26017661216581245,0.008666666666666666,0.8409845132743363,5.876302719116211
Facebook,4,423,9709,0.85,0.5,11,0.23520523466170104,0.007482993197278911,0.7450221238938053,6.136003494262695
Facebook,4,423,9709,0.85,0.5,12,0.26321011393109023,0.007471264367816092,0.8429203539823009,5.869049787521362
Facebook,4,423,9709,0.85,0.5,13,0.2560365582709861,0.010833333333333334,0.8573008849557522,6.030890464782715
Facebook,4,423,9709,0.85,0.5,14,0.2624394223878943,0.005376344086021506,0.6733960176991151,5.875732660293579
Facebook,4,423,9709,0.85,0.5,15,0.25756706213164227,0.006965174129353234,0.9557522123893806,6.088014841079712
Facebook,4,423,9709,0.85,0.5,16,0.2641590487376484,0.006060606060606061,0.7093473451327433,5.897364616394043
Facebook,4,423,9709,0.85,0.5,17,0.23203834995580994,0.011111111111111112,0.9170353982300885,6.1154704093933105
Facebook,4,423,9709,0.85,0.5,18,0.24493526108455643,0.006349206349206349,0.8506637168141593,5.846055507659912
Facebook,4,423,9709,0.85,0.5,19,0.2827004165728986,0.0067226890756302525,0.7948008849557522,6.094242334365845
Facebook,4,423,9709,0.85,0.5,20,0.2539514441220711,0.008,0.7956305309734514,5.876062393188477
Facebook,4,423,9709,0.85,0.5,21,0.2768048710132467,0.0066157760814249365,0.8597898230088495,6.0894365310668945
Facebook,4,423,9709,0.85,0.5,22,0.2648598428383683,0.005962059620596206,0.7295353982300885,5.867990255355835
Facebook,4,423,9709,0.85,0.5,23,0.2481136859291152,0.00718954248366013,0.7563606194690266,6.012085914611816
Facebook,4,423,9709,0.85,0.5,24,0.24581154199682712,0.008602150537634409,0.7585730088495575,5.915281772613525
Facebook,4,423,9709,0.85,0.5,25,0.2657684401746506,0.007476635514018692,0.8191371681415929,6.109443664550781
Facebook,4,423,10280,0.9,0.5,1,0.25792234431228533,0.0065040650406504065,0.8039269911504425,5.960808277130127
Facebook,4,423,10280,0.9,0.5,2,0.244267713515252,0.007766990291262136,0.8125,6.166435956954956
Facebook,4,423,10280,0.9,0.5,3,0.2618108424149924,0.007807807807807808,0.8512168141592921,5.884047508239746
Facebook,4,423,10280,0.9,0.5,4,0.2435578718326752,0.007344632768361582,0.858683628318584,6.168310165405273
Facebook,4,423,10280,0.9,0.5,5,0.24990266925183405,0.0064,0.8180309734513275,5.88016414642334
Facebook,4,423,10280,0.9,0.5,6,0.2513341140247864,0.007017543859649123,0.8025442477876106,6.160182237625122
Facebook,4,423,10280,0.9,0.5,7,0.23450280574360197,0.006837606837606838,0.7718473451327433,5.9156811237335205
Facebook,4,423,10280,0.9,0.5,8,0.26699482801780017,0.008176100628930818,0.8523230088495575,6.071242094039917
Facebook,4,423,10280,0.9,0.5,9,0.2690211101257102,0.007536231884057971,0.8655973451327433,5.961505889892578
Facebook,4,423,10280,0.9,0.5,10,0.24724758286956072,0.00849673202614379,0.8548119469026548,6.092915773391724
Facebook,4,423,10280,0.9,0.5,11,0.2604837791395037,0.006015037593984963,0.8105641592920354,5.988801717758179
Facebook,4,423,10280,0.9,0.5,12,0.2104965881171828,0.009523809523809525,0.7867809734513275,6.062304735183716
Facebook,4,423,10280,0.9,0.5,13,0.26397755561540437,0.0077192982456140355,0.7491703539823009,5.9229278564453125
Facebook,4,423,10280,0.9,0.5,14,0.28467530681443787,0.007142857142857143,0.8315818584070797,6.144849061965942
Facebook,4,423,10280,0.9,0.5,15,0.256502828904194,0.00784313725490196,0.7840154867256637,5.931902885437012
Facebook,4,423,10280,0.9,0.5,16,0.25815443943460153,0.007162534435261708,0.853429203539823,6.179952144622803
Facebook,4,423,10280,0.9,0.5,17,0.25157245292031605,0.006918238993710692,0.7184734513274337,5.879928350448608
Facebook,4,423,10280,0.9,0.5,18,0.22861988194354227,0.006837606837606838,0.7820796460176991,6.132121562957764
Facebook,4,423,10280,0.9,0.5,19,0.25260249250305905,0.009427609427609427,0.8929756637168141,5.930093050003052
Facebook,4,423,10280,0.9,0.5,20,0.27286425404804804,0.0064,0.754424778761062,6.17675518989563
Facebook,4,423,10280,0.9,0.5,21,0.26719114018270673,0.00909090909090909,0.7538716814159292,5.911001920700073
Facebook,4,423,10280,0.9,0.5,22,0.262565401563975,0.008641975308641974,0.9712389380530974,6.0607709884643555
Facebook,4,423,10280,0.9,0.5,23,0.21086594371575257,0.008403361344537815,1.0,5.9678990840911865
Facebook,4,423,10280,0.9,0.5,24,0.26816500352651007,0.008421052631578947,0.8119469026548672,6.0907371044158936
Facebook,4,423,10280,0.9,0.5,25,0.2733403933300561,0.00625,0.7754424778761062,5.981402158737183
Facebook,4,423,10851,0.95,0.5,1,0.2794071975579255,0.006606606606606606,0.7295353982300885,6.1834752559661865
Facebook,4,423,10851,0.95,0.5,2,0.23057926245283758,0.007207207207207207,0.7870575221238938,5.963210821151733
Facebook,4,423,10851,0.95,0.5,3,0.2461722929113789,0.01038961038961039,0.8155420353982301,6.247805118560791
Facebook,4,423,10851,0.95,0.5,4,0.2512611200042302,0.00760233918128655,0.8487278761061947,6.0077691078186035
Facebook,4,423,10851,0.95,0.5,5,0.2568540051207589,0.008,0.7743362831858407,6.211883068084717
Facebook,4,423,10851,0.95,0.5,6,0.2670272024119717,0.008024691358024692,0.8335176991150443,5.956546783447266
Facebook,4,423,10851,0.95,0.5,7,0.2728620224480382,0.006933333333333333,0.8650442477876106,6.2163989543914795
Facebook,4,423,10851,0.95,0.5,8,0.25619625871425533,0.0057553956834532375,0.7859513274336283,5.92992091178894
Facebook,4,423,10851,0.95,0.5,9,0.220734066206374,0.005925925925925926,0.8257743362831859,6.215338945388794
Facebook,4,423,10851,0.95,0.5,10,0.24063368909724442,0.007079646017699115,0.796183628318584,5.911691904067993
Facebook,4,423,10851,0.95,0.5,11,0.2654581125729667,0.005394990366088632,0.9640486725663717,6.1893463134765625
Facebook,4,423,10851,0.95,0.5,12,0.2576462376940887,0.006516290726817042,0.8415376106194691,6.01462721824646
Facebook,4,423,10851,0.95,0.5,13,0.2586322614693285,0.009848484848484848,0.8166482300884956,6.253276824951172
Facebook,4,423,10851,0.95,0.5,14,0.2586752394209154,0.007046070460704607,0.8042035398230089,6.023529052734375
Facebook,4,423,10851,0.95,0.5,15,0.2584225700298552,0.006153846153846154,0.8509402654867256,6.144925832748413
Facebook,4,423,10851,0.95,0.5,16,0.25779080390865744,0.007222222222222222,0.8260508849557522,6.0127034187316895
Facebook,4,423,10851,0.95,0.5,17,0.26109326873595035,0.008695652173913044,0.8227323008849557,6.171054363250732
Facebook,4,423,10851,0.95,0.5,18,0.25343024360608013,0.01056910569105691,0.8379424778761062,6.0347700119018555
Facebook,4,423,10851,0.95,0.5,19,0.24742708886026415,0.0064,0.7502765486725663,6.139113187789917
Facebook,4,423,10851,0.95,0.5,20,0.2231235787056325,0.0062146892655367235,0.7328539823008849,6.0160393714904785
Facebook,4,423,10851,0.95,0.5,21,0.2575453773916595,0.007766990291262136,0.7367256637168141,6.215878009796143
Facebook,4,423,10851,0.95,0.5,22,0.2619664314355621,0.006153846153846154,0.8216261061946902,6.037621259689331
Facebook,4,423,10851,0.95,0.5,23,0.2313833610002671,0.007536231884057971,0.9126106194690266,6.18568229675293
Facebook,4,423,10851,0.95,0.5,24,0.24083070996020797,0.008580858085808581,0.9217367256637168,5.93687105178833
Facebook,4,423,10851,0.95,0.5,25,0.2592938713853383,0.008666666666666666,0.8252212389380531,6.235122919082642
Facebook,4,423,11422,1,0.5,1,0.24443182115004922,0.007669616519174041,0.8603429203539823,6.195452451705933
Facebook,4,423,11422,1,0.5,2,0.23854142511094248,0.008247422680412371,0.8125,6.1158130168914795
Facebook,4,423,11422,1,0.5,3,0.22560777132873588,0.007920792079207921,0.7953539823008849,6.173842430114746
Facebook,4,423,11422,1,0.5,4,0.25898947434671393,0.007142857142857143,0.8077986725663717,6.098881721496582
Facebook,4,423,11422,1,0.5,5,0.25509175656636784,0.00784313725490196,0.7317477876106194,6.1634440422058105
Facebook,4,423,11422,1,0.5,6,0.2576349279579476,0.009411764705882352,0.7804203539823009,6.0881266593933105
Facebook,4,423,11422,1,0.5,7,0.2678414228764207,0.006790123456790123,0.6944137168141593,6.162123441696167
Facebook,4,423,11422,1,0.5,8,0.21517746459002782,0.008934707903780068,0.8467920353982301,6.0591912269592285
Facebook,4,423,11422,1,0.5,9,0.23736601457578343,0.006235011990407674,0.8788716814159292,6.226353883743286
Facebook,4,423,11422,1,0.5,10,0.25321133427372655,0.009240924092409241,0.9043141592920354,6.103357553482056
Facebook,4,423,11422,1,0.5,11,0.2802367703269064,0.007282913165266107,0.8520464601769911,6.224634885787964
Facebook,4,423,11422,1,0.5,12,0.2305866516650375,0.00787878787878788,0.8669800884955752,6.040265798568726
Facebook,4,423,11422,1,0.5,13,0.2690922351338154,0.008247422680412371,0.7779314159292036,6.296813011169434
Facebook,4,423,11422,1,0.5,14,0.26917209787509344,0.007333333333333333,0.6689712389380531,6.071110486984253
Facebook,4,423,11422,1,0.5,15,0.2562412699964388,0.01003584229390681,0.9236725663716814,6.275047540664673
Facebook,4,423,11422,1,0.5,16,0.26105086036668984,0.006666666666666667,0.8039269911504425,5.998138904571533
Facebook,4,423,11422,1,0.5,17,0.2645462999766781,0.0062678062678062675,0.709070796460177,6.268746614456177
Facebook,4,423,11422,1,0.5,18,0.27307654137184173,0.007260726072607261,0.7217920353982301,6.047686815261841
Facebook,4,423,11422,1,0.5,19,0.249848448046918,0.008934707903780068,0.8633849557522124,6.264306306838989
Facebook,4,423,11422,1,0.5,20,0.24933489893751354,0.007471264367816092,0.8738938053097345,6.005749225616455
Facebook,4,423,11422,1,0.5,21,0.27840861157803304,0.008253968253968255,0.8763827433628318,6.283173084259033
Facebook,4,423,11422,1,0.5,22,0.2553434897040058,0.006718346253229974,0.8313053097345132,5.980457305908203
Facebook,4,423,11422,1,0.5,23,0.22837178450759468,0.007619047619047619,0.8210730088495575,6.298246622085571
Facebook,4,423,11422,1,0.5,24,0.2624853798843989,0.006489675516224189,0.7226216814159292,6.191033840179443
Facebook,4,423,11422,1,0.5,25,0.22731469958213815,0.007536231884057971,0.8570243362831859,6.125251054763794
Facebook,5,323,0,0,,0,0.8009843199622589,0.0008574490889603429,0.25053821313240043,
Facebook,5,323,0,0,,0,0.7624222092982106,0.0008686210640608035,0.20371367061356296,
Facebook,5,323,0,0,,0,0.7663493671505819,0.0012738853503184713,0.4031216361679225,
Facebook,5,323,0,0,,0,0.7661152588504606,0.0006802721088435374,0.05893433799784715,
Facebook,5,323,0,0,,0,0.7551615229158428,0.000641025641025641,0.04709364908503767,
Facebook,5,323,0,0,,0,0.7435351842119668,0.0010548523206751054,0.2801399354144241,
Facebook,5,323,0,0,,0,0.8175203838971548,0.0008519701810436634,0.2938643702906351,
Facebook,5,323,0,0,,0,0.774779242333277,0.0008385744234800838,0.31942949407965554,
Facebook,5,323,0,0,,0,0.7474422178194078,0.0004246284501061571,0.06054897739504844,
Facebook,5,323,0,0,,0,0.7950371176995308,0.0010515247108307045,0.3877825618945102,
Facebook,5,323,0,0,,0,0.7363273572951201,0.0006557377049180328,0.14316469321851452,
Facebook,5,323,0,0,,0,0.6950430042237511,0.0011261261261261261,0.22739504843918193,
Facebook,5,323,0,0,,0,0.7353470262376186,0.0004259850905218317,0.09580193756727665,
Facebook,5,323,0,0,,0,0.6739123491337897,0.0008714596949891067,0.23815931108719052,
Facebook,5,323,0,0,,0,0.6826008960062737,0.0004179728317659352,0.1671151776103337,
Facebook,5,323,0,0,,0,0.6696029396236529,0.0008412197686645636,0.3054359526372443,
Facebook,5,323,0,0,,0,0.7882792142963658,0.00043572984749455336,0.18164693218514533,
Facebook,5,323,0,0,,0,0.7777399986379967,0.0010615711252653928,0.3727125941872982,
Facebook,5,323,0,0,,0,0.7469003374528608,0.00020768431983385254,0.07696447793326157,
Facebook,5,323,0,0,,0,0.7408207282334045,0.0010615711252653928,0.20371367061356296,
Facebook,5,323,0,0,,0,0.6830670524029102,0.000625,0.27314316469321853,
Facebook,5,323,0,0,,0,0.673150276599616,0.0004153686396677051,0.2661463939720129,
Facebook,5,323,0,0,,0,0.8056630460404931,0.0004371584699453552,0.09795479009687837,
Facebook,5,323,0,0,,0,0.7110295843633756,0.00045045045045045046,0.10145317545748116,
Facebook,5,323,0,0,,0,0.763551193484549,0.0004153686396677051,0.1671151776103337,
Facebook,5,323,63,0.01,0.5,1,0.2652480324307859,0.013131313131313131,0.9106566200215285,4.837535381317139
Facebook,5,323,63,0.01,0.5,2,0.2703003243890217,0.008547008547008548,0.6178686759956943,5.0037617683410645
Facebook,5,323,63,0.01,0.5,3,0.2928161313154064,0.01004566210045662,0.594994617868676,4.866711854934692
Facebook,5,323,63,0.01,0.5,4,0.2766192480540591,0.008823529411764706,0.5993003229278795,5.043256998062134
Facebook,5,323,63,0.01,0.5,5,0.27854016730707615,0.014689265536723164,0.7968245425188375,4.861011028289795
Facebook,5,323,63,0.01,0.5,6,0.28366421595938596,0.011282051282051283,0.7214747039827771,5.029103994369507
Facebook,5,323,63,0.01,0.5,7,0.2725692219939237,0.012698412698412698,0.8732508073196986,4.82614541053772
Facebook,5,323,63,0.01,0.5,8,0.24963101270681123,0.009649122807017544,0.746232508073197,5.047925710678101
Facebook,5,323,63,0.01,0.5,9,0.2673041538390796,0.00966183574879227,0.668729817007535,4.8273375034332275
Facebook,5,323,63,0.01,0.5,10,0.2704489216474649,0.008547008547008548,0.5801937567276642,5.076847791671753
Facebook,5,323,63,0.01,0.5,11,0.28949039983169145,0.007894736842105263,0.6044133476856836,4.8860344886779785
Facebook,5,323,63,0.01,0.5,12,0.2440787205129215,0.010628019323671498,0.7432723358449946,5.098134279251099
Facebook,5,323,63,0.01,0.5,13,0.255488488869,0.00990990990990991,0.6942949407965554,4.858007431030273
Facebook,5,323,63,0.01,0.5,14,0.25640210627594745,0.011282051282051283,0.7295479009687836,5.0662736892700195
Facebook,5,323,63,0.01,0.5,15,0.22264908929719815,0.00966183574879227,0.6052206673842842,4.8963189125061035
Facebook,5,323,63,0.01,0.5,16,0.2709437061845217,0.010256410256410256,0.7734122712594187,5.055654525756836
Facebook,5,323,63,0.01,0.5,17,0.2816080084310791,0.007407407407407408,0.4895048439181916,4.86872673034668
Facebook,5,323,63,0.01,0.5,18,0.25460511688634085,0.010945273631840797,0.7117868675995694,5.022720813751221
Facebook,5,323,63,0.01,0.5,19,0.2775418951838553,0.01004566210045662,0.6741119483315393,4.90354061126709
Facebook,5,323,63,0.01,0.5,20,0.27120415345132914,0.01164021164021164,0.6902583423035522,5.086747407913208
Facebook,5,323,63,0.01,0.5,21,0.2649397021655738,0.009259259259259259,0.6765339074273412,4.8798511028289795
Facebook,5,323,63,0.01,0.5,22,0.26894932684597894,0.010752688172043012,0.7448869752421959,5.053345441818237
Facebook,5,323,63,0.01,0.5,23,0.2704802436048006,0.010582010582010581,0.631324004305705,4.863767385482788
Facebook,5,323,63,0.01,0.5,24,0.27267451994139047,0.010256410256410256,0.7158234660925726,5.065245151519775
Facebook,5,323,63,0.01,0.5,25,0.2564963628331957,0.008108108108108109,0.5384822389666308,4.87579607963562
Facebook,5,323,314,0.05,0.5,1,0.2728461100142834,0.010628019323671498,0.7090958019375673,5.072413921356201
Facebook,5,323,314,0.05,0.5,2,0.2788062779901871,0.010526315789473684,0.792518837459634,4.859910726547241
Facebook,5,323,314,0.05,0.5,3,0.26542568123462623,0.007960199004975124,0.4736275565123789,5.049553155899048
Facebook,5,323,314,0.05,0.5,4,0.28647355259728635,0.006837606837606838,0.5193756727664155,4.862256050109863
Facebook,5,323,314,0.05,0.5,5,0.28789278133032836,0.011111111111111112,0.7317007534983854,4.849203109741211
Facebook,5,323,314,0.05,0.5,6,0.2657950058497782,0.013559322033898305,0.7497308934337998,5.051105976104736
Facebook,5,323,314,0.05,0.5,7,0.2553203201641744,0.009259259259259259,0.6130247578040904,4.84085750579834
Facebook,5,323,314,0.05,0.5,8,0.24437563405413543,0.01092896174863388,0.6932185145317545,5.048323392868042
Facebook,5,323,314,0.05,0.5,9,0.2736383976340795,0.011695906432748537,0.6189451022604952,4.834207057952881
Facebook,5,323,314,0.05,0.5,10,0.2535939854982765,0.010582010582010581,0.6111410118406889,5.066747188568115
Facebook,5,323,314,0.05,0.5,11,0.2587019153130619,0.011764705882352941,0.7820236813778256,4.905285596847534
Facebook,5,323,314,0.05,0.5,12,0.25671317476415445,0.009259259259259259,0.7047900968783638,5.108082294464111
Facebook,5,323,314,0.05,0.5,13,0.265230839562944,0.008823529411764706,0.5479009687836384,4.851046562194824
Facebook,5,323,314,0.05,0.5,14,0.29462341046426777,0.009166666666666667,0.7518837459634015,5.069007158279419
Facebook,5,323,314,0.05,0.5,15,0.2625700660639482,0.010256410256410256,0.7648008611410119,4.849215030670166
Facebook,5,323,314,0.05,0.5,16,0.28438156889541294,0.010810810810810811,0.7626480086114101,5.067613840103149
Facebook,5,323,314,0.05,0.5,17,0.2738516017195706,0.008658008658008658,0.5936490850376749,4.826512575149536
Facebook,5,323,314,0.05,0.5,18,0.24605587550628913,0.00821917808219178,0.5960710441334769,5.081676244735718
Facebook,5,323,314,0.05,0.5,19,0.2685096733019927,0.01004566210045662,0.6897201291711518,4.875026702880859
Facebook,5,323,314,0.05,0.5,20,0.3020034584139754,0.011711711711711712,0.7726049515608181,5.069730043411255
Facebook,5,323,314,0.05,0.5,21,0.2666071590969344,0.010077519379844961,0.7981700753498385,4.854994773864746
Facebook,5,323,314,0.05,0.5,22,0.291337750705093,0.008627450980392156,0.7093649085037675,5.060438632965088
Facebook,5,323,314,0.05,0.5,23,0.28435329056815056,0.012121212121212121,0.6033369214208827,4.862445116043091
Facebook,5,323,314,0.05,0.5,24,0.2767061242597159,0.009950248756218905,0.629978471474704,5.0371551513671875
Facebook,5,323,314,0.05,0.5,25,0.26425172578477346,0.009411764705882352,0.7954790096878364,4.8873491287231445
Facebook,5,323,629,0.1,0.5,1,0.2830588176446634,0.010945273631840797,0.7443487621097955,5.11362361907959
Facebook,5,323,629,0.1,0.5,2,0.2532263876367849,0.009523809523809525,0.6808396124865447,4.8818395137786865
Facebook,5,323,629,0.1,0.5,3,0.25841785250034205,0.009777777777777778,0.7365446716899893,5.085120439529419
Facebook,5,323,629,0.1,0.5,4,0.26760038974412165,0.014705882352941176,1.0,4.88800048828125
Facebook,5,323,629,0.1,0.5,5,0.2392755054701079,0.011764705882352941,0.7995156081808397,5.085340261459351
Facebook,5,323,629,0.1,0.5,6,0.25860010167146585,0.010185185185185186,0.6485468245425189,4.926371097564697
Facebook,5,323,629,0.1,0.5,7,0.27639374524390675,0.00990990990990991,0.7502691065662002,5.061032056808472
Facebook,5,323,629,0.1,0.5,8,0.2486402466123477,0.00967741935483871,0.6122174381054898,4.910784959793091
Facebook,5,323,629,0.1,0.5,9,0.27333859879915745,0.00905349794238683,0.7424650161463939,5.090389966964722
Facebook,5,323,629,0.1,0.5,10,0.2797146809579114,0.013131313131313131,0.8121636167922497,4.905035018920898
Facebook,5,323,629,0.1,0.5,11,0.26781451513750965,0.00873015873015873,0.7693756727664155,5.074381113052368
Facebook,5,323,629,0.1,0.5,12,0.2529193527289082,0.008527131782945736,0.6972551130247578,4.957121849060059
Facebook,5,323,629,0.1,0.5,13,0.24854361218373153,0.010416666666666666,0.6515069967707212,5.08163595199585
Facebook,5,323,629,0.1,0.5,14,0.27065297518555675,0.009259259259259259,0.6910656620021528,4.93461537361145
Facebook,5,323,629,0.1,0.5,15,0.2693099631441496,0.011428571428571429,0.7602260495156081,5.1093151569366455
Facebook,5,323,629,0.1,0.5,16,0.29728364799718593,0.011711711711711712,0.893702906350915,4.925128698348999
Facebook,5,323,629,0.1,0.5,17,0.27344312542613974,0.00823045267489712,0.6216361679224973,5.198967456817627
Facebook,5,323,629,0.1,0.5,18,0.279308762868315,0.011940298507462687,0.7629171151776103,4.962862730026245
Facebook,5,323,629,0.1,0.5,19,0.2587637311542675,0.009950248756218905,0.6630785791173305,5.11745548248291
Facebook,5,323,629,0.1,0.5,20,0.27836582810870975,0.00966183574879227,0.6821851453175457,4.958064079284668
Facebook,5,323,629,0.1,0.5,21,0.26494944865005066,0.009523809523809525,0.6428955866523143,5.113667011260986
Facebook,5,323,629,0.1,0.5,22,0.28354246428263485,0.011711711711711712,0.7962863293864371,4.955425977706909
Facebook,5,323,629,0.1,0.5,23,0.2755256554030168,0.00966183574879227,0.6480086114101185,5.162512302398682
Facebook,5,323,629,0.1,0.5,24,0.24182700436806306,0.010810810810810811,0.8196986006458558,4.970105409622192
Facebook,5,323,629,0.1,0.5,25,0.23735091904248987,0.011872146118721462,0.8342303552206674,5.13523530960083
Facebook,5,323,943,0.15,0.5,1,0.2647492562368522,0.011555555555555555,0.8471474703982778,4.984818696975708
Facebook,5,323,943,0.15,0.5,2,0.2935275237188347,0.011255411255411256,0.8732508073196986,5.182274341583252
Facebook,5,323,943,0.15,0.5,3,0.2320994456416133,0.011111111111111112,0.7688374596340151,5.00433611869812
Facebook,5,323,943,0.15,0.5,4,0.2738070859384249,0.00980392156862745,0.6243272335844995,5.189196348190308
Facebook,5,323,943,0.15,0.5,5,0.27588373917278075,0.009523809523809525,0.658772874058127,4.982536792755127
Facebook,5,323,943,0.15,0.5,6,0.26046813496526444,0.011111111111111112,0.715016146393972,5.18716025352478
Facebook,5,323,943,0.15,0.5,7,0.26562990452028223,0.011458333333333333,0.734930032292788,4.941288948059082
Facebook,5,323,943,0.15,0.5,8,0.26343046775852963,0.010126582278481013,0.8032831001076426,5.162016153335571
Facebook,5,323,943,0.15,0.5,9,0.25781103287293805,0.010526315789473684,0.802475780409042,4.92875599861145
Facebook,5,323,943,0.15,0.5,10,0.2790477571965513,0.011940298507462687,0.7260495156081809,5.211425542831421
Facebook,5,323,943,0.15,0.5,11,0.28951939964230367,0.010526315789473684,0.7023681377825619,4.952433347702026
Facebook,5,323,943,0.15,0.5,12,0.24211648950724635,0.009401709401709401,0.7521528525296017,5.153549432754517
Facebook,5,323,943,0.15,0.5,13,0.264044892048219,0.013580246913580247,0.6934876210979548,4.945821285247803
Facebook,5,323,943,0.15,0.5,14,0.25610125252807947,0.010256410256410256,0.7147470398277718,5.1401047706604
Facebook,5,323,943,0.15,0.5,15,0.27658889275990217,0.011267605633802818,0.7023681377825619,4.944187164306641
Facebook,5,323,943,0.15,0.5,16,0.2462262699717794,0.010256410256410256,0.7586114101184069,5.180842161178589
Facebook,5,323,943,0.15,0.5,17,0.2602718617051509,0.008627450980392156,0.8118945102260495,4.95251202583313
Facebook,5,323,943,0.15,0.5,18,0.2840155571883326,0.011111111111111112,0.7123250807319699,5.176661968231201
Facebook,5,323,943,0.15,0.5,19,0.2726796368009364,0.00980392156862745,0.6342841765339075,4.910054683685303
Facebook,5,323,943,0.15,0.5,20,0.2923048668381321,0.014084507042253521,1.0,5.140808820724487
Facebook,5,323,943,0.15,0.5,21,0.2776156720000609,0.012429378531073447,0.7268568353067815,4.916743516921997
Facebook,5,323,943,0.15,0.5,22,0.26226889547127913,0.011428571428571429,0.7884822389666308,5.157943248748779
Facebook,5,323,943,0.15,0.5,23,0.2383489891975088,0.010101010101010102,0.6641550053821313,4.933253049850464
Facebook,5,323,943,0.15,0.5,24,0.2391836923492705,0.012865497076023392,0.6784176533907428,5.131533622741699
Facebook,5,323,943,0.15,0.5,25,0.24345054600714613,0.009950248756218905,0.6805705059203444,4.9456353187561035
Facebook,5,323,1258,0.2,0.5,1,0.2795223751880764,0.010526315789473684,0.790096878363832,5.151913404464722
Facebook,5,323,1258,0.2,0.5,2,0.25846711473300155,0.008108108108108109,0.5433261571582346,4.95353102684021
Facebook,5,323,1258,0.2,0.5,3,0.24037907910129552,0.010752688172043012,0.6472012917115177,5.182623386383057
Facebook,5,323,1258,0.2,0.5,4,0.2639832270992167,0.010185185185185186,0.6652314316469322,4.943420171737671
Facebook,5,323,1258,0.2,0.5,5,0.2548745705850739,0.011904761904761904,0.6442411194833154,5.158806324005127
Facebook,5,323,1258,0.2,0.5,6,0.27212909100273075,0.010328638497652582,0.6555435952637244,4.986254453659058
Facebook,5,323,1258,0.2,0.5,7,0.2634738207953756,0.010328638497652582,0.7109795479009687,5.158154726028442
Facebook,5,323,1258,0.2,0.5,8,0.2656408341590304,0.007792207792207792,0.5169537136706136,4.9646570682525635
Facebook,5,323,1258,0.2,0.5,9,0.2643443851748999,0.009523809523809525,0.721205597416577,5.166811227798462
Facebook,5,323,1258,0.2,0.5,10,0.26370794234666867,0.012903225806451613,0.721205597416577,4.954482555389404
Facebook,5,323,1258,0.2,0.5,11,0.2679656638013565,0.009950248756218905,0.6496232508073198,4.964014768600464
Facebook,5,323,1258,0.2,0.5,12,0.2650734844401633,0.0125,0.7575349838536061,5.156166315078735
Facebook,5,323,1258,0.2,0.5,13,0.23831299833347852,0.00990990990990991,0.7064047362755651,4.9570152759552
Facebook,5,323,1258,0.2,0.5,14,0.27319048562179615,0.011904761904761904,0.6552744886975242,5.173221111297607
Facebook,5,323,1258,0.2,0.5,15,0.238920006295099,0.012021857923497269,0.6819160387513455,4.934670925140381
Facebook,5,323,1258,0.2,0.5,16,0.2673430282369763,0.011428571428571429,0.8075888051668461,5.168898344039917
Facebook,5,323,1258,0.2,0.5,17,0.26733507199098083,0.010441767068273093,0.8423035522066739,4.9377663135528564
Facebook,5,323,1258,0.2,0.5,18,0.25599326277148654,0.011940298507462687,0.761302475780409,5.164370775222778
Facebook,5,323,1258,0.2,0.5,19,0.2577557390098442,0.008108108108108109,0.5516684607104413,5.008234739303589
Facebook,5,323,1258,0.2,0.5,20,0.2583310159031222,0.013541666666666667,0.8436490850376749,5.159749507904053
Facebook,5,323,1258,0.2,0.5,21,0.27065462522775463,0.00821917808219178,0.5906889128094726,4.964311838150024
Facebook,5,323,1258,0.2,0.5,22,0.2715320628308838,0.01092896174863388,0.6571582346609257,5.14426851272583
Facebook,5,323,1258,0.2,0.5,23,0.26020772911294454,0.010256410256410256,0.6243272335844995,4.946619033813477
Facebook,5,323,1258,0.2,0.5,24,0.2652265636935764,0.008333333333333333,0.5575888051668461,5.1619932651519775
Facebook,5,323,1258,0.2,0.5,25,0.27257237173919013,0.010476190476190476,0.6711517761033369,4.96940016746521
Facebook,5,323,1572,0.25,0.5,1,0.2747938200979993,0.012206572769953052,0.923842841765339,5.169148921966553
Facebook,5,323,1572,0.25,0.5,2,0.24029205650386096,0.011711711711711712,0.8867061356297093,4.970769643783569
Facebook,5,323,1572,0.25,0.5,3,0.27196521124700984,0.010185185185185186,0.6794940796555436,5.176451921463013
Facebook,5,323,1572,0.25,0.5,4,0.2707390594110483,0.0125,0.7123250807319699,4.973326921463013
Facebook,5,323,1572,0.25,0.5,5,0.27478182755354574,0.010784313725490196,0.7282023681377826,5.19460654258728
Facebook,5,323,1572,0.25,0.5,6,0.2581826139419928,0.010810810810810811,0.7518837459634015,5.037326335906982
Facebook,5,323,1572,0.25,0.5,7,0.2833616570257629,0.009523809523809525,0.7505382131324004,5.16959810256958
Facebook,5,323,1572,0.25,0.5,8,0.27026864614963436,0.007729468599033816,0.509956942949408,4.965083837509155
Facebook,5,323,1572,0.25,0.5,9,0.26444211641899745,0.011299435028248588,0.72497308934338,5.207580804824829
Facebook,5,323,1572,0.25,0.5,10,0.24823041792205283,0.00821917808219178,0.6620021528525296,4.95816707611084
Facebook,5,323,1572,0.25,0.5,11,0.24824202098774648,0.009401709401709401,0.7459634015069968,5.155782222747803
Facebook,5,323,1572,0.25,0.5,12,0.2636689557916707,0.012307692307692308,0.81243272335845,4.998699903488159
Facebook,5,323,1572,0.25,0.5,13,0.2762804307482137,0.011111111111111112,0.7567276641550054,5.196881532669067
Facebook,5,323,1572,0.25,0.5,14,0.25121602022881623,0.011111111111111112,0.7082884822389667,4.986782073974609
Facebook,5,323,1572,0.25,0.5,15,0.27173672440206387,0.011827956989247311,0.7077502691065662,5.168532848358154
Facebook,5,323,1572,0.25,0.5,16,0.2689419654260614,0.010185185185185186,0.7373519913885899,5.005268812179565
Facebook,5,323,1572,0.25,0.5,17,0.2622394345758197,0.010628019323671498,0.6942949407965554,5.178274393081665
Facebook,5,323,1572,0.25,0.5,18,0.27518170472415676,0.011827956989247311,0.7252421959095802,4.99668550491333
Facebook,5,323,1572,0.25,0.5,19,0.26716123070697856,0.009876543209876543,0.7876749192680301,5.224112510681152
Facebook,5,323,1572,0.25,0.5,20,0.26277986585173163,0.011458333333333333,0.7693756727664155,5.029720067977905
Facebook,5,323,1572,0.25,0.5,21,0.26875295920110154,0.009523809523809525,0.6883745963401507,5.246710777282715
Facebook,5,323,1572,0.25,0.5,22,0.29959608012819,0.00966183574879227,0.773681377825619,5.073022127151489
Facebook,5,323,1572,0.25,0.5,23,0.26590415404074275,0.00990990990990991,0.7497308934337998,5.263179063796997
Facebook,5,323,1572,0.25,0.5,24,0.269712810160997,0.008835341365461847,0.7160925726587729,5.125673532485962
Facebook,5,323,1572,0.25,0.5,25,0.25846628075928385,0.011267605633802818,0.790096878363832,5.272888898849487
Facebook,5,323,1886,0.3,0.5,1,0.26780700771753274,0.008658008658008658,0.6881054897739505,5.112096786499023
Facebook,5,323,1886,0.3,0.5,2,0.27379780720340097,0.010101010101010102,0.6103336921420882,5.063636302947998
Facebook,5,323,1886,0.3,0.5,3,0.24000764265811128,0.01164021164021164,0.7096340150699677,5.212154150009155
Facebook,5,323,1886,0.3,0.5,4,0.27967265513949324,0.008835341365461847,0.68756727664155,5.029972553253174
Facebook,5,323,1886,0.3,0.5,5,0.2580081673223856,0.0091324200913242,0.7252421959095802,5.259113788604736
Facebook,5,323,1886,0.3,0.5,6,0.27820610918845656,0.00905349794238683,0.72497308934338,5.048532724380493
Facebook,5,323,1886,0.3,0.5,7,0.23583056773292127,0.00980392156862745,0.6420882669537137,5.2789459228515625
Facebook,5,323,1886,0.3,0.5,8,0.27568876030519207,0.010256410256410256,0.569967707212056,5.128016710281372
Facebook,5,323,1886,0.3,0.5,9,0.272897247070353,0.009282700421940928,0.7123250807319699,5.274459362030029
Facebook,5,323,1886,0.3,0.5,10,0.2876272585883679,0.010416666666666666,0.5756189451022605,5.052576541900635
Facebook,5,323,1886,0.3,0.5,11,0.2674954726280197,0.008239700374531835,0.6652314316469322,5.248636484146118
Facebook,5,323,1886,0.3,0.5,12,0.2716400407050935,0.012698412698412698,0.7529601722282023,5.2336859703063965
Facebook,5,323,1886,0.3,0.5,13,0.2724455071816587,0.007207207207207207,0.5067276641550054,5.027382850646973
Facebook,5,323,1886,0.3,0.5,14,0.26789263841793753,0.010101010101010102,0.6205597416576965,5.025600433349609
Facebook,5,323,1886,0.3,0.5,15,0.2227175639029686,0.009166666666666667,0.6781485468245425,5.2361791133880615
Facebook,5,323,1886,0.3,0.5,16,0.2261426911984836,0.010101010101010102,0.6515069967707212,5.065362215042114
Facebook,5,323,1886,0.3,0.5,17,0.27065022993114324,0.00990990990990991,0.748654467168999,5.2325873374938965
Facebook,5,323,1886,0.3,0.5,18,0.28136057294441585,0.013756613756613757,0.8092034445640474,5.0212461948394775
Facebook,5,323,1886,0.3,0.5,19,0.24885966269297818,0.010666666666666666,0.8283100107642627,5.249525308609009
Facebook,5,323,1886,0.3,0.5,20,0.27229937388436004,0.010416666666666666,0.7247039827771797,5.037137508392334
Facebook,5,323,1886,0.3,0.5,21,0.27117179747058484,0.010958904109589041,0.7782561894510226,5.249021053314209
Facebook,5,323,1886,0.3,0.5,22,0.2511327463850647,0.012206572769953052,0.8592572658772875,5.041125059127808
Facebook,5,323,1886,0.3,0.5,23,0.2550312363274649,0.0091324200913242,0.6159849300322928,5.233520746231079
Facebook,5,323,1886,0.3,0.5,24,0.24367502429884744,0.010582010582010581,0.6466630785791173,5.028393030166626
Facebook,5,323,1886,0.3,0.5,25,0.2514282374713124,0.011111111111111112,0.6528525296017222,5.263364791870117
Facebook,5,323,2201,0.35,0.5,1,0.26950702322606884,0.011282051282051283,0.7080193756727664,5.069010972976685
Facebook,5,323,2201,0.35,0.5,2,0.27576246173117763,0.007692307692307693,0.5570505920344456,5.362313270568848
Facebook,5,323,2201,0.35,0.5,3,0.23240666591947137,0.0125,0.7203982777179763,5.18123197555542
Facebook,5,323,2201,0.35,0.5,4,0.26551727104738815,0.010256410256410256,0.6232508073196986,5.363258361816406
Facebook,5,323,2201,0.35,0.5,5,0.27209429417914793,0.011111111111111112,0.8371905274488698,5.163381576538086
Facebook,5,323,2201,0.35,0.5,6,0.2542189112814134,0.010185185185185186,0.7260495156081809,5.33719801902771
Facebook,5,323,2201,0.35,0.5,7,0.2701501661224109,0.011827956989247311,0.6918729817007535,5.051884889602661
Facebook,5,323,2201,0.35,0.5,8,0.2663213419837216,0.009523809523809525,0.7761033369214209,5.259589433670044
Facebook,5,323,2201,0.35,0.5,9,0.2462731423980117,0.009950248756218905,0.6792249730893434,5.075550556182861
Facebook,5,323,2201,0.35,0.5,10,0.27833747417013677,0.00966183574879227,0.6428955866523143,5.329751014709473
Facebook,5,323,2201,0.35,0.5,11,0.28074116237677793,0.007662835249042145,0.6649623250807319,5.125890493392944
Facebook,5,323,2201,0.35,0.5,12,0.2779673159274814,0.009777777777777778,0.7809472551130248,5.372886896133423
Facebook,5,323,2201,0.35,0.5,13,0.23789603541615661,0.009523809523809525,0.6681916038751345,5.0912392139434814
Facebook,5,323,2201,0.35,0.5,14,0.24348343057941824,0.0091324200913242,0.6391280947255114,5.3095574378967285
Facebook,5,323,2201,0.35,0.5,15,0.2679868060119793,0.00963855421686747,0.8684068891280947,5.051077842712402
Facebook,5,323,2201,0.35,0.5,16,0.27651580822421007,0.013559322033898305,0.806243272335845,5.281124591827393
Facebook,5,323,2201,0.35,0.5,17,0.24766290904569857,0.011111111111111112,0.7553821313240043,5.07790994644165
Facebook,5,323,2201,0.35,0.5,18,0.26710862615396275,0.00980392156862745,0.6167922497308934,5.290170431137085
Facebook,5,323,2201,0.35,0.5,19,0.23092976917390431,0.00990990990990991,0.7682992465016146,5.053443193435669
Facebook,5,323,2201,0.35,0.5,20,0.21663982502874088,0.00966183574879227,0.6864908503767492,5.277803897857666
Facebook,5,323,2201,0.35,0.5,21,0.25035241282584375,0.0091324200913242,0.7026372443487621,5.047618865966797
Facebook,5,323,2201,0.35,0.5,22,0.24433188527786195,0.010126582278481013,0.8390742734122713,5.248012542724609
Facebook,5,323,2201,0.35,0.5,23,0.2717132414482728,0.013114754098360656,0.7518837459634015,5.042746067047119
Facebook,5,323,2201,0.35,0.5,24,0.2388211274781077,0.010628019323671498,0.7443487621097955,5.282841682434082
Facebook,5,323,2201,0.35,0.5,25,0.2777519796267527,0.010185185185185186,0.6749192680301399,5.07031512260437
Facebook,5,323,2515,0.4,0.5,1,0.24786195139664563,0.011267605633802818,0.7491926803013994,5.357111215591431
Facebook,5,323,2515,0.4,0.5,2,0.2629837543045447,0.011940298507462687,0.7564585575888052,5.194308042526245
Facebook,5,323,2515,0.4,0.5,3,0.27409331602824616,0.009259259259259259,0.6649623250807319,5.402132034301758
Facebook,5,323,2515,0.4,0.5,4,0.25149325656969107,0.01004566210045662,0.734930032292788,5.189775228500366
Facebook,5,323,2515,0.4,0.5,5,0.28726182839786035,0.00963855421686747,0.7672228202368138,5.390332460403442
Facebook,5,323,2515,0.4,0.5,6,0.23575605265241936,0.011764705882352941,0.7809472551130248,5.139913320541382
Facebook,5,323,2515,0.4,0.5,7,0.26043800860102545,0.012429378531073447,0.668729817007535,5.275370121002197
Facebook,5,323,2515,0.4,0.5,8,0.2180397083302051,0.010416666666666666,0.6219052744886975,5.075767993927002
Facebook,5,323,2515,0.4,0.5,9,0.25570591022247896,0.00967741935483871,0.6057588805166846,5.3603174686431885
Facebook,5,323,2515,0.4,0.5,10,0.23457358927171984,0.008888888888888889,0.6493541442411195,5.138057708740234
Facebook,5,323,2515,0.4,0.5,11,0.27221632096983095,0.01,0.7960172228202368,5.3916966915130615
Facebook,5,323,2515,0.4,0.5,12,0.28297349038928954,0.010628019323671498,0.6714208826695371,5.10944390296936
Facebook,5,323,2515,0.4,0.5,13,0.2706924422510139,0.010101010101010102,0.6646932185145318,5.338994264602661
Facebook,5,323,2515,0.4,0.5,14,0.26866607334293313,0.013541666666666667,0.8242734122712594,5.077248811721802
Facebook,5,323,2515,0.4,0.5,15,0.26643741100400736,0.009950248756218905,0.6431646932185145,5.289593696594238
Facebook,5,323,2515,0.4,0.5,16,0.26980165866324174,0.012698412698412698,0.7236275565123789,5.073040246963501
Facebook,5,323,2515,0.4,0.5,17,0.27240278500413506,0.010256410256410256,0.6132938643702907,5.309335231781006
Facebook,5,323,2515,0.4,0.5,18,0.2749340918340797,0.00966183574879227,0.6994079655543596,5.123490810394287
Facebook,5,323,2515,0.4,0.5,19,0.2726708346158249,0.014285714285714285,0.7927879440258342,5.288544416427612
Facebook,5,323,2515,0.4,0.5,20,0.24377587572228787,0.011267605633802818,0.7405812701829925,5.098586320877075
Facebook,5,323,2515,0.4,0.5,21,0.2912394219333554,0.007792207792207792,0.6052206673842842,5.305667877197266
Facebook,5,323,2515,0.4,0.5,22,0.2546196472808817,0.012021857923497269,0.6967168998923574,5.119440317153931
Facebook,5,323,2515,0.4,0.5,23,0.26697014566169763,0.011111111111111112,0.7860602798708288,5.376171588897705
Facebook,5,323,2515,0.4,0.5,24,0.27325168410638007,0.009282700421940928,0.6431646932185145,5.189981460571289
Facebook,5,323,2515,0.4,0.5,25,0.2701684198486707,0.010476190476190476,0.6733046286329386,5.359516382217407
Facebook,5,323,2830,0.45,0.5,1,0.2256585473983247,0.00980392156862745,0.6743810548977395,5.197369337081909
Facebook,5,323,2830,0.45,0.5,2,0.2764436996184103,0.014035087719298246,0.7763724434876211,5.383441209793091
Facebook,5,323,2830,0.45,0.5,3,0.2531244320520531,0.008888888888888889,0.6533907427341227,5.118575811386108
Facebook,5,323,2830,0.45,0.5,4,0.24329528483422702,0.010328638497652582,0.6977933261571583,5.380920648574829
Facebook,5,323,2830,0.45,0.5,5,0.27585428741828133,0.01264367816091954,0.7761033369214209,5.185276985168457
Facebook,5,323,2830,0.45,0.5,6,0.2629593617572141,0.009411764705882352,0.7952099031216362,5.40855598449707
Facebook,5,323,2830,0.45,0.5,7,0.2718090501458142,0.010810810810810811,0.827502691065662,5.1723620891571045
Facebook,5,323,2830,0.45,0.5,8,0.28598806202226573,0.008835341365461847,0.7236275565123789,5.389618873596191
Facebook,5,323,2830,0.45,0.5,9,0.2620523473828387,0.011282051282051283,0.6523143164693218,5.110851049423218
Facebook,5,323,2830,0.45,0.5,10,0.26277180331113625,0.008695652173913044,0.6878363832077503,5.363884925842285
Facebook,5,323,2830,0.45,0.5,11,0.24584653969011083,0.00966183574879227,0.6485468245425189,5.109332323074341
Facebook,5,323,2830,0.45,0.5,12,0.26261146001654656,0.012222222222222223,0.6426264800861141,5.3305723667144775
Facebook,5,323,2830,0.45,0.5,13,0.25952824022365983,0.0125,0.8476856835306782,5.127467155456543
Facebook,5,323,2830,0.45,0.5,14,0.2612674427715172,0.008888888888888889,0.509956942949408,5.316939830780029
Facebook,5,323,2830,0.45,0.5,15,0.27508091143887253,0.00980392156862745,0.6512378902045209,5.132643461227417
Facebook,5,323,2830,0.45,0.5,16,0.2407029017529215,0.010185185185185186,0.7055974165769645,5.410074472427368
Facebook,5,323,2830,0.45,0.5,17,0.24412405190237396,0.011111111111111112,0.6765339074273412,5.190975189208984
Facebook,5,323,2830,0.45,0.5,18,0.2703471511190099,0.011111111111111112,0.7034445640473628,5.410303592681885
Facebook,5,323,2830,0.45,0.5,19,0.2537515081169487,0.013559322033898305,0.7839074273412271,5.204395532608032
Facebook,5,323,2830,0.45,0.5,20,0.27945538621191335,0.009009009009009009,0.5328310010764262,5.401690244674683
Facebook,5,323,2830,0.45,0.5,21,0.2609391450276029,0.010185185185185186,0.6663078579117331,5.137382745742798
Facebook,5,323,2830,0.45,0.5,22,0.2615621915245078,0.008032128514056224,0.7037136706135629,5.35129451751709
Facebook,5,323,2830,0.45,0.5,23,0.26561369388441214,0.010628019323671498,0.7497308934337998,5.173350095748901
Facebook,5,323,2830,0.45,0.5,24,0.2693469002224692,0.008888888888888889,0.6501614639397201,5.397866725921631
Facebook,5,323,2830,0.45,0.5,25,0.271392017598639,0.01164021164021164,0.7319698600645855,5.182324171066284
Facebook,5,323,3144,0.5,0.5,1,0.27829866001529524,0.012037037037037037,0.8439181916038752,5.406733989715576
Facebook,5,323,3144,0.5,0.5,2,0.26787924313175254,0.010810810810810811,0.7642626480086114,5.149495840072632
Facebook,5,323,3144,0.5,0.5,3,0.2602681703456787,0.008695652173913044,0.639935414424112,5.372165203094482
Facebook,5,323,3144,0.5,0.5,4,0.2806118958304538,0.007894736842105263,0.6017222820236814,5.147976398468018
Facebook,5,323,3144,0.5,0.5,5,0.24660239230052003,0.00980392156862745,0.6803013993541442,5.365121841430664
Facebook,5,323,3144,0.5,0.5,6,0.24427275241656551,0.010101010101010102,0.680032292787944,5.165443420410156
Facebook,5,323,3144,0.5,0.5,7,0.2766595246117709,0.011695906432748537,0.6307857911733046,5.363750696182251
Facebook,5,323,3144,0.5,0.5,8,0.26096371468351337,0.010628019323671498,0.7556512378902045,5.206385612487793
Facebook,5,323,3144,0.5,0.5,9,0.26298733947238423,0.008450704225352112,0.6741119483315393,5.43036150932312
Facebook,5,323,3144,0.5,0.5,10,0.27337343731268293,0.008771929824561403,0.6184068891280947,5.231082201004028
Facebook,5,323,3144,0.5,0.5,11,0.28443775084789646,0.011111111111111112,0.6891819160387513,5.438478469848633
Facebook,5,323,3144,0.5,0.5,12,0.27398716068054824,0.009523809523809525,0.6657696447793326,5.26317834854126
Facebook,5,323,3144,0.5,0.5,13,0.27180885213496664,0.011711711711711712,0.831270182992465,5.419106483459473
Facebook,5,323,3144,0.5,0.5,14,0.2556295962504931,0.012345679012345678,0.6348223896663079,5.170158386230469
Facebook,5,323,3144,0.5,0.5,15,0.27232490276739146,0.009523809523809525,0.7591496232508074,5.459575176239014
Facebook,5,323,3144,0.5,0.5,16,0.2672763021014862,0.009009009009009009,0.6916038751345532,5.246517658233643
Facebook,5,323,3144,0.5,0.5,17,0.2668935266442527,0.010476190476190476,0.7333153928955867,5.441719055175781
Facebook,5,323,3144,0.5,0.5,18,0.253234922594017,0.010752688172043012,0.6081808396124866,5.145338535308838
Facebook,5,323,3144,0.5,0.5,19,0.2742152206784708,0.010526315789473684,0.7279332615715823,5.383585691452026
Facebook,5,323,3144,0.5,0.5,20,0.24939411524968375,0.010185185185185186,0.6827233584499461,5.132009744644165
Facebook,5,323,3144,0.5,0.5,21,0.27185168683421956,0.009389671361502348,0.6235199138858988,5.3626708984375
Facebook,5,323,3144,0.5,0.5,22,0.23593406003382514,0.011711711711711712,0.8530678148546824,5.137209415435791
Facebook,5,323,3144,0.5,0.5,23,0.24247118696644268,0.01004566210045662,0.693756727664155,5.358261585235596
Facebook,5,323,3144,0.5,0.5,24,0.28352505737095696,0.010945273631840797,0.6003767491926802,5.162072420120239
Facebook,5,323,3144,0.5,0.5,25,0.2483810821877698,0.009523809523809525,0.6531216361679225,5.44863486289978
Facebook,5,323,3458,0.55,0.5,1,0.2685006208425549,0.0091324200913242,0.6606566200215285,5.28281569480896
Facebook,5,323,3458,0.55,0.5,2,0.2702341312818037,0.01,0.7569967707212056,5.48372745513916
Facebook,5,323,3458,0.55,0.5,3,0.2355636704057248,0.011940298507462687,0.8301937567276642,5.249828100204468
Facebook,5,323,3458,0.55,0.5,4,0.26790442696812483,0.009950248756218905,0.5839612486544672,5.418053865432739
Facebook,5,323,3458,0.55,0.5,5,0.2586687858295271,0.010752688172043012,0.6251345532831001,5.208641052246094
Facebook,5,323,3458,0.55,0.5,6,0.2671019790573528,0.009950248756218905,0.6396663078579118,5.480184316635132
Facebook,5,323,3458,0.55,0.5,7,0.2707026677019699,0.00980392156862745,0.6506996770721205,5.2617974281311035
Facebook,5,323,3458,0.55,0.5,8,0.2825029773124854,0.009777777777777778,0.7260495156081809,5.450271129608154
Facebook,5,323,3458,0.55,0.5,9,0.29281671582531377,0.012021857923497269,0.7954790096878364,5.192409515380859
Facebook,5,323,3458,0.55,0.5,10,0.2728648018870357,0.011255411255411256,0.8183530678148547,5.419343948364258
Facebook,5,323,3458,0.55,0.5,11,0.26178965943846905,0.013756613756613757,0.9297631862217438,5.167823791503906
Facebook,5,323,3458,0.55,0.5,12,0.27744483022397887,0.00905349794238683,0.7257804090419806,5.414368391036987
Facebook,5,323,3458,0.55,0.5,13,0.2657834542277342,0.010958904109589041,0.7290096878363832,5.227302551269531
Facebook,5,323,3458,0.55,0.5,14,0.2669972740324173,0.008130081300813009,0.5993003229278795,5.424485683441162
Facebook,5,323,3458,0.55,0.5,15,0.26288349637706576,0.00784313725490196,0.49569429494079653,5.257253646850586
Facebook,5,323,3458,0.55,0.5,16,0.295873208120484,0.011827956989247311,0.71259418729817,5.477573871612549
Facebook,5,323,3458,0.55,0.5,17,0.2690140246492886,0.00905349794238683,0.6921420882669537,5.275118827819824
Facebook,5,323,3458,0.55,0.5,18,0.26814492549287894,0.009777777777777778,0.7187836383207751,5.447061777114868
Facebook,5,323,3458,0.55,0.5,19,0.2844627623343246,0.010526315789473684,0.8293864370290636,5.20026159286499
Facebook,5,323,3458,0.55,0.5,20,0.2746536665044442,0.011428571428571429,0.7023681377825619,5.425277948379517
Facebook,5,323,3458,0.55,0.5,21,0.26176415930413083,0.008333333333333333,0.6628094725511302,5.259276628494263
Facebook,5,323,3458,0.55,0.5,22,0.26945248002403055,0.011428571428571429,0.7524219590958019,5.504026651382446
Facebook,5,323,3458,0.55,0.5,23,0.2374375846745745,0.01004566210045662,0.6749192680301399,5.190620183944702
Facebook,5,323,3458,0.55,0.5,24,0.23999039253703036,0.011827956989247311,0.6894510226049516,5.4176716804504395
Facebook,5,323,3458,0.55,0.5,25,0.2364106585560524,0.00980392156862745,0.6504305705059203,5.232950925827026
Facebook,5,323,3773,0.6,0.5,1,0.22871038001179897,0.010958904109589041,0.8151237890204521,5.429538249969482
Facebook,5,323,3773,0.6,0.5,2,0.29775043385988076,0.009523809523809525,0.641280947255113,5.214210510253906
Facebook,5,323,3773,0.6,0.5,3,0.27415835772071917,0.011282051282051283,0.6840688912809473,5.465193748474121
Facebook,5,323,3773,0.6,0.5,4,0.22453315550508343,0.01264367816091954,0.7101722282023681,5.279827833175659
Facebook,5,323,3773,0.6,0.5,5,0.2605997446438488,0.014035087719298246,0.8221205597416577,5.525908470153809
Facebook,5,323,3773,0.6,0.5,6,0.27432547881940017,0.01004566210045662,0.6897201291711518,5.291763067245483
Facebook,5,323,3773,0.6,0.5,7,0.28195668851145256,0.00821917808219178,0.657427341227126,5.459045886993408
Facebook,5,323,3773,0.6,0.5,8,0.27112445874190577,0.010526315789473684,0.819967707212056,5.2317726612091064
Facebook,5,323,3773,0.6,0.5,9,0.24799877589748034,0.009950248756218905,0.6859526372443487,5.517343044281006
Facebook,5,323,3773,0.6,0.5,10,0.2485508282661742,0.008771929824561403,0.6111410118406889,5.265156269073486
Facebook,5,323,3773,0.6,0.5,11,0.26382802278326,0.009166666666666667,0.6945640473627557,5.482619762420654
Facebook,5,323,3773,0.6,0.5,12,0.2645280947369747,0.012121212121212121,0.7524219590958019,5.213520288467407
Facebook,5,323,3773,0.6,0.5,13,0.2613648903521739,0.008450704225352112,0.6794940796555436,5.4151225090026855
Facebook,5,323,3773,0.6,0.5,14,0.28374771292701895,0.010185185185185186,0.6630785791173305,5.228484392166138
Facebook,5,323,3773,0.6,0.5,15,0.2550434949052118,0.007936507936507936,0.6127556512378902,5.429459095001221
Facebook,5,323,3773,0.6,0.5,16,0.26332374948980775,0.01181434599156118,0.961248654467169,5.225405693054199
Facebook,5,323,3773,0.6,0.5,17,0.23738018316487786,0.010582010582010581,0.6159849300322928,5.467691659927368
Facebook,5,323,3773,0.6,0.5,18,0.2781693093277662,0.01,0.5605489773950484,5.335631847381592
Facebook,5,323,3773,0.6,0.5,19,0.24363885843840188,0.0091324200913242,0.6515069967707212,5.504632949829102
Facebook,5,323,3773,0.6,0.5,20,0.28969209545734087,0.010416666666666666,0.6154467168998924,5.286072254180908
Facebook,5,323,3773,0.6,0.5,21,0.2681927216356917,0.009009009009009009,0.6722282023681377,5.428994655609131
Facebook,5,323,3773,0.6,0.5,22,0.24592257646514704,0.011255411255411256,0.8444564047362756,5.25966739654541
Facebook,5,323,3773,0.6,0.5,23,0.27788021056430184,0.0091324200913242,0.6044133476856836,5.48947548866272
Facebook,5,323,3773,0.6,0.5,24,0.22764819981913934,0.010582010582010581,0.6663078579117331,5.248835563659668
Facebook,5,323,3773,0.6,0.5,25,0.2523495327193256,0.010582010582010581,0.6805705059203444,5.448239326477051
Facebook,5,323,4087,0.65,0.5,1,0.23543620341603147,0.009523809523809525,0.6178686759956943,5.236172437667847
Facebook,5,323,4087,0.65,0.5,2,0.2593423855122268,0.009523809523809525,0.7115177610333692,5.469626188278198
Facebook,5,323,4087,0.65,0.5,3,0.26134699418042323,0.011428571428571429,0.7392357373519914,5.242089748382568
Facebook,5,323,4087,0.65,0.5,4,0.2287548505455638,0.011282051282051283,0.734930032292788,5.500541687011719
Facebook,5,323,4087,0.65,0.5,5,0.30036240950467125,0.011403508771929825,0.823735199138859,5.323160171508789
Facebook,5,323,4087,0.65,0.5,6,0.27614181021061207,0.008771929824561403,0.6759956942949408,5.559717655181885
Facebook,5,323,4087,0.65,0.5,7,0.2658500141282846,0.009259259259259259,0.6889128094725512,5.3240742683410645
Facebook,5,323,4087,0.65,0.5,8,0.25935175296825214,0.011428571428571429,0.7273950484391819,5.464334487915039
Facebook,5,323,4087,0.65,0.5,9,0.2733123559220305,0.012021857923497269,0.8280409041980624,5.274487257003784
Facebook,5,323,4087,0.65,0.5,10,0.2977382578164426,0.010628019323671498,0.71259418729817,5.560381650924683
Facebook,5,323,4087,0.65,0.5,11,0.2817817680208549,0.009389671361502348,0.5815392895586652,5.300234794616699
Facebook,5,323,4087,0.65,0.5,12,0.2440085452787068,0.009259259259259259,0.6773412271259419,5.5477094650268555
Facebook,5,323,4087,0.65,0.5,13,0.26359100685396886,0.01004566210045662,0.7163616792249731,5.252426862716675
Facebook,5,323,4087,0.65,0.5,14,0.2690548507856011,0.012307692307692308,0.7338536060279871,5.470556735992432
Facebook,5,323,4087,0.65,0.5,15,0.28540700946199027,0.010476190476190476,0.6065662002152853,5.260652542114258
Facebook,5,323,4087,0.65,0.5,16,0.2702294692065034,0.008771929824561403,0.6297093649085038,5.501577138900757
Facebook,5,323,4087,0.65,0.5,17,0.26922714226333583,0.00966183574879227,0.5452099031216362,5.332155466079712
Facebook,5,323,4087,0.65,0.5,18,0.25643742755073934,0.009166666666666667,0.721205597416577,5.529337406158447
Facebook,5,323,4087,0.65,0.5,19,0.27069061537363076,0.008239700374531835,0.7642626480086114,5.338552474975586
Facebook,5,323,4087,0.65,0.5,20,0.2544128459602065,0.010256410256410256,0.6044133476856836,5.503628253936768
Facebook,5,323,4087,0.65,0.5,21,0.2838484703716065,0.010784313725490196,0.66254036598493,5.2646644115448
Facebook,5,323,4087,0.65,0.5,22,0.26914069355277775,0.008658008658008658,0.6227125941872982,5.5256428718566895
Facebook,5,323,4087,0.65,0.5,23,0.2618550838050029,0.010628019323671498,0.6611948331539289,5.351082801818848
Facebook,5,323,4087,0.65,0.5,24,0.2730001960525907,0.009649122807017544,0.7023681377825619,5.501280069351196
Facebook,5,323,4087,0.65,0.5,25,0.26501954984914633,0.009649122807017544,0.7473089343379978,5.309613227844238
Facebook,5,323,4402,0.7,0.5,1,0.2744346254457646,0.009777777777777778,0.696178686759957,5.510584354400635
Facebook,5,323,4402,0.7,0.5,2,0.2713524462316814,0.010476190476190476,0.648815931108719,5.2744529247283936
Facebook,5,323,4402,0.7,0.5,3,0.2661410924325193,0.00894308943089431,0.6595801937567277,5.577657699584961
Facebook,5,323,4402,0.7,0.5,4,0.2773016510078581,0.00966183574879227,0.6132938643702907,5.336703062057495
Facebook,5,323,4402,0.7,0.5,5,0.28290809944317824,0.008032128514056224,0.5982238966630786,5.5808539390563965
Facebook,5,323,4402,0.7,0.5,6,0.264782483679465,0.009950248756218905,0.6361679224973089,5.399934768676758
Facebook,5,323,4402,0.7,0.5,7,0.27307172071003244,0.009523809523809525,0.6568891280947255,5.501965761184692
Facebook,5,323,4402,0.7,0.5,8,0.25874642222607436,0.008,0.5608180839612487,5.3647401332855225
Facebook,5,323,4402,0.7,0.5,9,0.26541934651046656,0.008571428571428572,0.5473627556512379,5.575525760650635
Facebook,5,323,4402,0.7,0.5,10,0.2706107584795277,0.009230769230769232,0.5191065662002153,5.318861484527588
Facebook,5,323,4402,0.7,0.5,11,0.24688012606900062,0.009389671361502348,0.6663078579117331,5.534172773361206
Facebook,5,323,4402,0.7,0.5,12,0.22517419934911811,0.008108108108108109,0.6076426264800862,5.288726568222046
Facebook,5,323,4402,0.7,0.5,13,0.24431927576852233,0.012903225806451613,0.8188912809472552,5.4787633419036865
Facebook,5,323,4402,0.7,0.5,14,0.2173714406617223,0.011695906432748537,0.6512378902045209,5.30676794052124
Facebook,5,323,4402,0.7,0.5,15,0.25019569523937724,0.010328638497652582,0.6827233584499461,5.609880447387695
Facebook,5,323,4402,0.7,0.5,16,0.2661691359277684,0.010666666666666666,0.7529601722282023,5.360863924026489
Facebook,5,323,4402,0.7,0.5,17,0.278247950825303,0.012021857923497269,0.7257804090419806,5.588323593139648
Facebook,5,323,4402,0.7,0.5,18,0.26316176918227424,0.011940298507462687,0.7831001076426265,5.367469549179077
Facebook,5,323,4402,0.7,0.5,19,0.2856809172484993,0.011940298507462687,0.7685683530678149,5.549148797988892
Facebook,5,323,4402,0.7,0.5,20,0.2812143770621378,0.00980392156862745,0.7179763186221744,5.402806758880615
Facebook,5,323,4402,0.7,0.5,21,0.2685282241944417,0.010185185185185186,0.7142088266953713,5.527338981628418
Facebook,5,323,4402,0.7,0.5,22,0.2687768494287929,0.008771929824561403,0.560010764262648,5.30533242225647
Facebook,5,323,4402,0.7,0.5,23,0.25920769430630924,0.010476190476190476,0.7182454251883746,5.5284264087677
Facebook,5,323,4402,0.7,0.5,24,0.26572371470407796,0.01004566210045662,0.68756727664155,5.283996343612671
Facebook,5,323,4402,0.7,0.5,25,0.2702751210415219,0.00990990990990991,0.6988697524219591,5.4862282276153564
Facebook,5,323,4716,0.75,0.5,1,0.2674833978595735,0.012903225806451613,0.7615715823466093,5.363762378692627
Facebook,5,323,4716,0.75,0.5,2,0.2131589805691651,0.008823529411764706,0.5906889128094726,5.637223482131958
Facebook,5,323,4716,0.75,0.5,3,0.28520091659973845,0.009389671361502348,0.6994079655543596,5.405641317367554
Facebook,5,323,4716,0.75,0.5,4,0.2683870780265059,0.010810810810810811,0.788751345532831,5.517942667007446
Facebook,5,323,4716,0.75,0.5,5,0.2170960654770234,0.010185185185185186,0.6996770721205597,5.3793625831604
Facebook,5,323,4716,0.75,0.5,6,0.2549162195147166,0.011764705882352941,0.7930570505920345,5.6567065715789795
Facebook,5,323,4716,0.75,0.5,7,0.2648763420020991,0.009009009009009009,0.5984930032292788,5.333700180053711
Facebook,5,323,4716,0.75,0.5,8,0.2545851128699557,0.010628019323671498,0.7185145317545748,5.542916536331177
Facebook,5,323,4716,0.75,0.5,9,0.24822978631794282,0.00980392156862745,0.6393972012917115,5.314552307128906
Facebook,5,323,4716,0.75,0.5,10,0.2772161823614698,0.009389671361502348,0.6746501614639397,5.5651655197143555
Facebook,5,323,4716,0.75,0.5,11,0.25186369330109565,0.007662835249042145,0.6173304628632938,5.327338457107544
Facebook,5,323,4716,0.75,0.5,12,0.24241900483517057,0.01038961038961039,0.8439181916038752,5.604491233825684
Facebook,5,323,4716,0.75,0.5,13,0.23704269872291805,0.01,0.5995694294940797,5.403727054595947
Facebook,5,323,4716,0.75,0.5,14,0.26019157638073875,0.008955223880597015,0.6192142088266954,5.590380430221558
Facebook,5,323,4716,0.75,0.5,15,0.24953924861510646,0.011111111111111112,0.817545748116254,5.328864812850952
Facebook,5,323,4716,0.75,0.5,16,0.26885837591505707,0.011111111111111112,0.6986006458557589,5.650407314300537
Facebook,5,323,4716,0.75,0.5,17,0.2675978306642826,0.011111111111111112,0.8732508073196986,5.410369157791138
Facebook,5,323,4716,0.75,0.5,18,0.2725231516907287,0.008333333333333333,0.5438643702906351,5.533674240112305
Facebook,5,323,4716,0.75,0.5,19,0.2516377769385095,0.008823529411764706,0.5134553283100107,5.3389527797698975
Facebook,5,323,4716,0.75,0.5,20,0.2839060381178475,0.00966183574879227,0.6321313240043057,5.529135465621948
Facebook,5,323,4716,0.75,0.5,21,0.25949692034290844,0.010476190476190476,0.6929494079655544,5.3478639125823975
Facebook,5,323,4716,0.75,0.5,22,0.25246933329010374,0.009009009009009009,0.711248654467169,5.650981426239014
Facebook,5,323,4716,0.75,0.5,23,0.2797299926066273,0.010784313725490196,0.7241657696447793,5.431936264038086
Facebook,5,323,4716,0.75,0.5,24,0.23514006066671678,0.009389671361502348,0.6364370290635092,5.613322973251343
Facebook,5,323,4716,0.75,0.5,25,0.2807129120459755,0.009389671361502348,0.5947255113024758,5.317591428756714
Facebook,5,323,5030,0.8,0.5,1,0.2576330269946649,0.011764705882352941,0.8361141011840689,5.6771039962768555
Facebook,5,323,5030,0.8,0.5,2,0.2639234876019133,0.011282051282051283,0.715016146393972,5.431312322616577
Facebook,5,323,5030,0.8,0.5,3,0.24795898030005167,0.010752688172043012,0.626210979547901,5.60639214515686
Facebook,5,323,5030,0.8,0.5,4,0.26030412727939833,0.00966183574879227,0.6797631862217438,5.341817617416382
Facebook,5,323,5030,0.8,0.5,5,0.23291330417506825,0.010328638497652582,0.6996770721205597,5.619277477264404
Facebook,5,323,5030,0.8,0.5,6,0.27162759219218763,0.008658008658008658,0.6092572658772875,5.376441478729248
Facebook,5,323,5030,0.8,0.5,7,0.269627980837801,0.009523809523809525,0.6189451022604952,5.649751901626587
Facebook,5,323,5030,0.8,0.5,8,0.24973580825302202,0.009523809523809525,0.6407427341227125,5.45223593711853
Facebook,5,323,5030,0.8,0.5,9,0.2608489655634002,0.009649122807017544,0.7427341227125942,5.618677854537964
Facebook,5,323,5030,0.8,0.5,10,0.2576555164726739,0.008823529411764706,0.6356297093649085,5.409819841384888
Facebook,5,323,5030,0.8,0.5,11,0.25392543181757365,0.007207207207207207,0.5121097954790097,5.630748987197876
Facebook,5,323,5030,0.8,0.5,12,0.271094602149585,0.00966183574879227,0.5664693218514532,5.387184143066406
Facebook,5,323,5030,0.8,0.5,13,0.2674255377818255,0.011267605633802818,0.8078579117330463,5.599888563156128
Facebook,5,323,5030,0.8,0.5,14,0.27959471555754,0.00873015873015873,0.6776103336921421,5.400785684585571
Facebook,5,323,5030,0.8,0.5,15,0.26046643062374397,0.008771929824561403,0.6620021528525296,5.558526039123535
Facebook,5,323,5030,0.8,0.5,16,0.2693836455876751,0.010476190476190476,0.7155543595263725,5.417157411575317
Facebook,5,323,5030,0.8,0.5,17,0.2713198042562854,0.011111111111111112,0.6636167922497309,5.66454553604126
Facebook,5,323,5030,0.8,0.5,18,0.2626837684444818,0.010714285714285714,0.5801937567276642,5.4214794635772705
Facebook,5,323,5030,0.8,0.5,19,0.2499397280658025,0.008571428571428572,0.5882669537136707,5.584021806716919
Facebook,5,323,5030,0.8,0.5,20,0.2883547784003251,0.009282700421940928,0.736275565123789,5.452820301055908
Facebook,5,323,5030,0.8,0.5,21,0.24849426750212852,0.01038961038961039,0.8536060279870828,5.681527853012085
Facebook,5,323,5030,0.8,0.5,22,0.2722267793946002,0.010526315789473684,0.777448869752422,5.352116823196411
Facebook,5,323,5030,0.8,0.5,23,0.2819326091610454,0.00749063670411985,0.5565123789020452,5.56288480758667
Facebook,5,323,5030,0.8,0.5,24,0.26628338222850434,0.009523809523809525,0.6781485468245425,5.367214679718018
Facebook,5,323,5030,0.8,0.5,25,0.2783237912708011,0.009259259259259259,0.6517761033369214,5.639128684997559
Facebook,5,323,5345,0.85,0.5,1,0.2462084848165402,0.00990990990990991,0.7214747039827771,5.47813081741333
Facebook,5,323,5345,0.85,0.5,2,0.2638589032237479,0.00990990990990991,0.7203982777179763,5.659019947052002
Facebook,5,323,5345,0.85,0.5,3,0.26839207059934705,0.011111111111111112,0.6655005382131324,5.426873445510864
Facebook,5,323,5345,0.85,0.5,4,0.25047933973971287,0.011940298507462687,0.7594187298170075,5.683320999145508
Facebook,5,323,5345,0.85,0.5,5,0.2855394968541576,0.011594202898550725,0.7922497308934338,5.472329378128052
Facebook,5,323,5345,0.85,0.5,6,0.27063211973314183,0.009649122807017544,0.7793326157158235,5.606817722320557
Facebook,5,323,5345,0.85,0.5,7,0.2917559330813699,0.010833333333333334,0.7954790096878364,5.390273094177246
Facebook,5,323,5345,0.85,0.5,8,0.2530106398415536,0.010416666666666666,0.6630785791173305,5.596280097961426
Facebook,5,323,5345,0.85,0.5,9,0.24216795907552432,0.010476190476190476,0.7279332615715823,5.382537126541138
Facebook,5,323,5345,0.85,0.5,10,0.2760424944658982,0.008771929824561403,0.6506996770721205,5.702629327774048
Facebook,5,323,5345,0.85,0.5,11,0.25390194923813664,0.010582010582010581,0.670075349838536,5.491527318954468
Facebook,5,323,5345,0.85,0.5,12,0.3017253649412523,0.008658008658008658,0.7185145317545748,5.621220350265503
Facebook,5,323,5345,0.85,0.5,13,0.25929183920327864,0.010344827586206896,0.5772335844994618,5.6814680099487305
Facebook,5,323,5345,0.85,0.5,14,0.23971328808387457,0.009523809523809525,0.6038751345532831,5.472835302352905
Facebook,5,323,5345,0.85,0.5,15,0.2823913422734606,0.009401709401709401,0.7470398277717977,5.618874788284302
Facebook,5,323,5345,0.85,0.5,16,0.2581940303813089,0.010185185185185186,0.7497308934337998,5.3969948291778564
Facebook,5,323,5345,0.85,0.5,17,0.22812918765029494,0.00990990990990991,0.751345532831001,5.3766021728515625
Facebook,5,323,5345,0.85,0.5,18,0.28015927847041205,0.007326007326007326,0.6243272335844995,5.647961139678955
Facebook,5,323,5345,0.85,0.5,19,0.25471648271694974,0.0091324200913242,0.6038751345532831,5.453567743301392
Facebook,5,323,5345,0.85,0.5,20,0.2524079920337816,0.00980392156862745,0.6493541442411195,5.661196947097778
Facebook,5,323,5345,0.85,0.5,21,0.25348841779367953,0.008333333333333333,0.5489773950484392,5.399261474609375
Facebook,5,323,5345,0.85,0.5,22,0.2570073241876966,0.012206572769953052,0.8296555435952637,5.684902667999268
Facebook,5,323,5345,0.85,0.5,23,0.2389369167294779,0.008771929824561403,0.6420882669537137,5.454436302185059
Facebook,5,323,5345,0.85,0.5,24,0.2462854778744889,0.01164021164021164,0.746232508073197,5.6112141609191895
Facebook,5,323,5345,0.85,0.5,25,0.29014674873719715,0.011299435028248588,0.581270182992465,5.393292427062988
Facebook,5,323,5659,0.9,0.5,1,0.26459618199957696,0.008571428571428572,0.6609257265877287,5.639489412307739
Facebook,5,323,5659,0.9,0.5,2,0.27199421256472495,0.007894736842105263,0.648815931108719,5.482465505599976
Facebook,5,323,5659,0.9,0.5,3,0.25844793145305206,0.011428571428571429,0.8008611410118407,5.71788215637207
Facebook,5,323,5659,0.9,0.5,4,0.2626743211888418,0.01164021164021164,0.6835306781485468,5.4921629428863525
Facebook,5,323,5659,0.9,0.5,5,0.26283250473949527,0.011111111111111112,0.6590419806243273,5.665245532989502
Facebook,5,323,5659,0.9,0.5,6,0.24493538874440668,0.00966183574879227,0.628632938643703,5.522134780883789
Facebook,5,323,5659,0.9,0.5,7,0.2612433775077805,0.01,0.5729278794402584,5.710596323013306
Facebook,5,323,5659,0.9,0.5,8,0.2658977481827936,0.011111111111111112,0.7376210979547901,5.414135694503784
Facebook,5,323,5659,0.9,0.5,9,0.24107956458199842,0.011695906432748537,0.6531216361679225,5.638595104217529
Facebook,5,323,5659,0.9,0.5,10,0.2462948688212076,0.009777777777777778,0.7238966630785791,5.43741774559021
Facebook,5,323,5659,0.9,0.5,11,0.26630477598957675,0.008771929824561403,0.6811087190527448,5.736797332763672
Facebook,5,323,5659,0.9,0.5,12,0.26079985970341824,0.008333333333333333,0.6224434876210979,5.5032267570495605
Facebook,5,323,5659,0.9,0.5,13,0.26673747674168197,0.00966183574879227,0.6119483315392895,5.630806922912598
Facebook,5,323,5659,0.9,0.5,14,0.25386164626216007,0.009523809523809525,0.6571582346609257,5.487050294876099
Facebook,5,323,5659,0.9,0.5,15,0.2687814285401728,0.00980392156862745,0.6326695371367062,5.690749645233154
Facebook,5,323,5659,0.9,0.5,16,0.26657527144329257,0.011111111111111112,0.8092034445640474,5.420446157455444
Facebook,5,323,5659,0.9,0.5,17,0.257948882790109,0.0091324200913242,0.6671151776103337,5.632052183151245
Facebook,5,323,5659,0.9,0.5,18,0.2630387180411455,0.013541666666666667,0.8772874058127018,5.428004503250122
Facebook,5,323,5659,0.9,0.5,19,0.26566303060682217,0.010628019323671498,0.7526910656620022,5.726279258728027
Facebook,5,323,5659,0.9,0.5,20,0.2649298813862968,0.009009009009009009,0.6496232508073198,5.5418243408203125
Facebook,5,323,5659,0.9,0.5,21,0.2689483957514322,0.009523809523809525,0.6894510226049516,5.643294811248779
Facebook,5,323,5659,0.9,0.5,22,0.26448282074941404,0.010582010582010581,0.5640473627556513,5.494797468185425
Facebook,5,323,5659,0.9,0.5,23,0.26932074764785197,0.009523809523809525,0.689989235737352,5.730696678161621
Facebook,5,323,5659,0.9,0.5,24,0.2708098350696266,0.008571428571428572,0.6353606027987083,5.398853778839111
Facebook,5,323,5659,0.9,0.5,25,0.26459908624219114,0.009282700421940928,0.7050592034445641,5.631052255630493
Facebook,5,323,5974,0.95,0.5,1,0.267175833056133,0.009649122807017544,0.7131324004305705,5.448336124420166
Facebook,5,323,5974,0.95,0.5,2,0.2722900093120417,0.00905349794238683,0.6940258342303552,5.740000009536743
Facebook,5,323,5974,0.95,0.5,3,0.23181150913512366,0.00963855421686747,0.7801399354144241,5.536245584487915
Facebook,5,323,5974,0.95,0.5,4,0.2671573430724627,0.011764705882352941,0.7602260495156081,5.720670700073242
Facebook,5,323,5974,0.95,0.5,5,0.27266071508605366,0.008333333333333333,0.5554359526372443,5.483207702636719
Facebook,5,323,5974,0.95,0.5,6,0.2578204443919056,0.011428571428571429,0.8240043057050592,5.7493627071380615
Facebook,5,323,5974,0.95,0.5,7,0.22330145591329706,0.01092896174863388,0.668729817007535,5.48374080657959
Facebook,5,323,5974,0.95,0.5,8,0.2516596012072974,0.011555555555555555,0.8032831001076426,5.688390254974365
Facebook,5,323,5974,0.95,0.5,9,0.2661180614591092,0.010810810810810811,0.7755651237890204,5.479777574539185
Facebook,5,323,5974,0.95,0.5,10,0.2759355215368053,0.00980392156862745,0.7629171151776103,5.753123998641968
Facebook,5,323,5974,0.95,0.5,11,0.26793860329332175,0.009950248756218905,0.577502691065662,5.538132905960083
Facebook,5,323,5974,0.95,0.5,12,0.2380174445264103,0.008888888888888889,0.6996770721205597,5.669218063354492
Facebook,5,323,5974,0.95,0.5,13,0.28044372932715195,0.01004566210045662,0.7096340150699677,5.483829498291016
Facebook,5,323,5974,0.95,0.5,14,0.2581894274302677,0.01164021164021164,0.7185145317545748,5.758155822753906
Facebook,5,323,5974,0.95,0.5,15,0.25214720456486395,0.011299435028248588,0.5847685683530678,5.46970796585083
Facebook,5,323,5974,0.95,0.5,16,0.25109966762735353,0.010416666666666666,0.6776103336921421,5.671632766723633
Facebook,5,323,5974,0.95,0.5,17,0.26929314948144883,0.00980392156862745,0.5745425188374597,5.443774700164795
Facebook,5,323,5974,0.95,0.5,18,0.22077970217146825,0.011940298507462687,0.7817545748116254,5.721341609954834
Facebook,5,323,5974,0.95,0.5,19,0.26136735162530206,0.011827956989247311,0.7187836383207751,5.53782844543457
Facebook,5,323,5974,0.95,0.5,20,0.24585415435307073,0.011594202898550725,0.7973627556512379,5.7087836265563965
Facebook,5,323,5974,0.95,0.5,21,0.2594141593355363,0.011428571428571429,0.8490312163616792,5.508992671966553
Facebook,5,323,5974,0.95,0.5,22,0.2826646258594212,0.009649122807017544,0.6558127018299247,5.7739784717559814
Facebook,5,323,5974,0.95,0.5,23,0.266743233100707,0.010328638497652582,0.7715285252960172,5.443801403045654
Facebook,5,323,5974,0.95,0.5,24,0.2514839891723919,0.010958904109589041,0.7863293864370291,5.653510808944702
Facebook,5,323,5974,0.95,0.5,25,0.26379675934438523,0.012429378531073447,0.7045209903121636,5.5208587646484375
Facebook,5,323,6288,1,0.5,1,0.2574459275016373,0.010945273631840797,0.7623789020452099,5.768892526626587
Facebook,5,323,6288,1,0.5,2,0.2530347837402152,0.00909090909090909,0.5858449946178687,5.5790793895721436
Facebook,5,323,6288,1,0.5,3,0.26865901868168346,0.009009009009009009,0.7376210979547901,5.704216003417969
Facebook,5,323,6288,1,0.5,4,0.26591976040391907,0.010126582278481013,0.7489235737351991,5.572912931442261
Facebook,5,323,6288,1,0.5,5,0.26032376517968303,0.00980392156862745,0.6202906350914962,5.777446746826172
Facebook,5,323,6288,1,0.5,6,0.26379482877076726,0.010958904109589041,0.7790635091496233,5.498450756072998
Facebook,5,323,6288,1,0.5,7,0.2547334695677736,0.009401709401709401,0.7187836383207751,5.699220418930054
Facebook,5,323,6288,1,0.5,8,0.2682005248320166,0.00966183574879227,0.5882669537136707,5.479491949081421
Facebook,5,323,6288,1,0.5,9,0.27226566606743585,0.010970464135021098,0.8194294940796556,5.788060426712036
Facebook,5,323,6288,1,0.5,10,0.262686050944442,0.009649122807017544,0.6832615715823466,5.577413320541382
Facebook,5,323,6288,1,0.5,11,0.29369329963532076,0.008888888888888889,0.6385898815931109,5.765783786773682
Facebook,5,323,6288,1,0.5,12,0.23638311969494852,0.010476190476190476,0.7228202368137783,5.599052906036377
Facebook,5,323,6288,1,0.5,13,0.2528473870645162,0.010699588477366255,0.8301937567276642,5.7245073318481445
Facebook,5,323,6288,1,0.5,14,0.26676282624864145,0.011594202898550725,0.7405812701829925,5.508846998214722
Facebook,5,323,6288,1,0.5,15,0.25198167041700076,0.011111111111111112,0.6859526372443487,5.707869291305542
Facebook,5,323,6288,1,0.5,16,0.23068671695154166,0.007482993197278911,0.6765339074273412,5.566446542739868
Facebook,5,323,6288,1,0.5,17,0.2619164577919541,0.011494252873563218,0.5783100107642627,5.785932302474976
Facebook,5,323,6288,1,0.5,18,0.26554081383339817,0.013333333333333334,0.9152314316469322,5.559409141540527
Facebook,5,323,6288,1,0.5,19,0.2763366180927032,0.010784313725490196,0.7101722282023681,5.796663522720337
Facebook,5,323,6288,1,0.5,20,0.2578122632671306,0.013836477987421384,0.689989235737352,5.579970121383667
Facebook,5,323,6288,1,0.5,21,0.23679138522527926,0.010101010101010102,0.7050592034445641,5.7243170738220215
Facebook,5,323,6288,1,0.5,22,0.2644956129363202,0.011827956989247311,0.6843379978471474,5.490552663803101
Facebook,5,323,6288,1,0.5,23,0.2647197847358512,0.009259259259259259,0.6291711517761034,5.709972143173218
Facebook,5,323,6288,1,0.5,24,0.28755983605438584,0.011428571428571429,0.7072120559741658,5.576257944107056
Facebook,5,323,6288,1,0.5,25,0.27562578053898423,0.012903225806451613,0.7534983853606028,5.79870867729187
Facebook,6,25,0,0,,0,0.7326652914797567,0.0,0.08769307424015944,
Facebook,6,25,0,0,,0,0.7486334413056956,0.0,0.026407573492775286,
Facebook,6,25,0,0,,0,0.6930878453674476,0.0,0.05281514698555057,
Facebook,6,25,0,0,,0,0.799052171950485,0.0,0.10488290981564524,
Facebook,6,25,0,0,,0,0.6713146130571253,0.0,0.08071748878923767,
Facebook,6,25,0,0,,0,0.8070134047698493,0.0,0.06203288490284006,
Facebook,6,25,0,0,,0,0.7511087596462555,0.0,0.008470353761833582,
Facebook,6,25,0,0,,0,0.7558186375079469,0.0,0.010214250124564025,
Facebook,6,25,0,0,,0,0.8076092419302268,0.0,0.08694569008470354,
Facebook,6,25,0,0,,0,0.8072550262270082,0.0,0.044593921275535624,
Facebook,6,25,0,0,,0,0.7299305889180716,0.0,0.07548579970104634,
Facebook,6,25,0,0,,0,0.7384142933928112,0.0,0.05530642750373692,
Facebook,6,25,0,0,,0,0.6682103467417596,0.0,0.06975585450921774,
Facebook,6,25,0,0,,0,0.6733476855469684,0.0,0.027902341803687097,
Facebook,6,25,0,0,,0,0.6882809616928304,0.0,0.05057299451918286,
Facebook,6,25,0,0,,0,0.7883211907190971,0.0,0.0037369207772795215,
Facebook,6,25,0,0,,0,0.7580869460842283,0.0,0.012207274539113104,
Facebook,6,25,0,0,,0,0.7413940352216252,0.0,0.02192326856003986,
Facebook,6,25,0,0,,0,0.717948103268353,0.0,0.04035874439461883,
Facebook,6,25,0,0,,0,0.734810868646699,0.0,0.0007473841554559044,
Facebook,6,25,0,0,,0,0.6932940224252248,0.0,0.023168908819133034,
Facebook,6,25,0,0,,0,0.7556112154436798,0.0,0.09591429995017439,
Facebook,6,25,0,0,,0,0.7152557836954158,0.0,0.06477329347284504,
Facebook,6,25,0,0,,0,0.7944772718339606,0.0,0.006726457399103139,
Facebook,6,25,0,0,,0,0.8038920247166678,0.0,0.009715994020926755,
Facebook,6,25,3,0.01,0.5,1,0.2543909601780387,0.041666666666666664,0.4110612855007474,4.840731620788574
Facebook,6,25,3,0.01,0.5,2,0.26020328740748166,0.02666666666666667,0.2927254608868959,5.000526428222656
Facebook,6,25,3,0.01,0.5,3,0.26761083990253953,0.016666666666666666,0.24813153961136025,4.838595867156982
Facebook,6,25,3,0.01,0.5,4,0.26805526710950994,0.02962962962962963,0.3089187842551071,5.046973705291748
Facebook,6,25,3,0.01,0.5,5,0.23182184440638712,0.041666666666666664,0.3637269556552068,4.84324836730957
Facebook,6,25,3,0.01,0.5,6,0.2717722314112222,0.016666666666666666,0.26681614349775784,5.0620458126068115
Facebook,6,25,3,0.01,0.5,7,0.276400999378514,0.022222222222222223,0.2478824115595416,4.878690958023071
Facebook,6,25,3,0.01,0.5,8,0.2774155671438092,0.0380952380952381,0.32635774788241156,5.0473973751068115
Facebook,6,25,3,0.01,0.5,9,0.25599686279060685,0.02,0.25460886895864476,4.843386650085449
Facebook,6,25,3,0.01,0.5,10,0.28512132218224345,0.022222222222222223,0.2471350274040857,5.02646017074585
Facebook,6,25,3,0.01,0.5,11,0.284643305530934,0.02962962962962963,0.26332835077229694,4.826842784881592
Facebook,6,25,3,0.01,0.5,12,0.280030100116789,0.03333333333333333,0.32112605879422024,5.025022745132446
Facebook,6,25,3,0.01,0.5,13,0.2684349407210208,0.03333333333333333,0.3201295465869457,4.843810558319092
Facebook,6,25,3,0.01,0.5,14,0.22449185458022064,0.025,0.2635774788241156,5.065089225769043
Facebook,6,25,3,0.01,0.5,15,0.2745538145973736,0.02962962962962963,0.35650224215246634,4.838146686553955
Facebook,6,25,3,0.01,0.5,16,0.2847317639282932,0.03333333333333333,0.31265570503238665,4.836536884307861
Facebook,6,25,3,0.01,0.5,17,0.25899610233942866,0.02666666666666667,0.3268560039860488,5.038207292556763
Facebook,6,25,3,0.01,0.5,18,0.2691576954408811,0.02666666666666667,0.3213751868460389,4.845418691635132
Facebook,6,25,3,0.01,0.5,19,0.312542265538039,0.011111111111111112,0.21649227703039362,5.079538106918335
Facebook,6,25,3,0.01,0.5,20,0.26709851503344384,0.05714285714285714,0.4678624813153961,4.838211536407471
Facebook,6,25,3,0.01,0.5,21,0.26471950191104116,0.02,0.24962630792227206,5.054331064224243
Facebook,6,25,3,0.01,0.5,22,0.27159089260898633,0.022222222222222223,0.25037369207772797,4.869744300842285
Facebook,6,25,3,0.01,0.5,23,0.2696280042137828,0.02666666666666667,0.31813652217239663,5.100793361663818
Facebook,6,25,3,0.01,0.5,24,0.25634280475749177,0.02666666666666667,0.3071748878923767,4.86938738822937
Facebook,6,25,3,0.01,0.5,25,0.24887043614066548,0.02962962962962963,0.32286995515695066,5.044932842254639
Facebook,6,25,13,0.05,0.5,1,0.24866676209233665,0.02,0.2645739910313901,4.859130144119263
Facebook,6,25,13,0.05,0.5,2,0.2509240681170575,0.02,0.244892874937718,5.001699447631836
Facebook,6,25,13,0.05,0.5,3,0.27602620315912635,0.013333333333333334,0.23218734429496762,4.867058515548706
Facebook,6,25,13,0.05,0.5,4,0.26652454200315584,0.03333333333333333,0.3266068759342302,5.041991949081421
Facebook,6,25,13,0.05,0.5,5,0.25841551118683503,0.044444444444444446,0.4419531639262581,4.8233160972595215
Facebook,6,25,13,0.05,0.5,6,0.258198197212655,0.01818181818181818,0.23642252117588441,5.045155763626099
Facebook,6,25,13,0.05,0.5,7,0.25503640311056364,0.041666666666666664,0.3507722969606378,4.836537837982178
Facebook,6,25,13,0.05,0.5,8,0.2676783537823158,0.02666666666666667,0.2952167414050822,4.88064980506897
Facebook,6,25,13,0.05,0.5,9,0.2521150317807525,0.037037037037037035,0.35401096163428003,5.021471977233887
Facebook,6,25,13,0.05,0.5,10,0.2732794033707059,0.02666666666666667,0.32286995515695066,4.898190259933472
Facebook,6,25,13,0.05,0.5,11,0.24835778084229057,0.02666666666666667,0.3236173393124066,5.069076776504517
Facebook,6,25,13,0.05,0.5,12,0.2664356801185011,0.015384615384615385,0.23044344793223717,4.8971638679504395
Facebook,6,25,13,0.05,0.5,13,0.2933004601420304,0.025,0.2516193323368211,5.08152174949646
Facebook,6,25,13,0.05,0.5,14,0.301382764514103,0.02,0.28898854010961633,4.920989751815796
Facebook,6,25,13,0.05,0.5,15,0.27450183427886854,0.02962962962962963,0.302192326856004,5.107678174972534
Facebook,6,25,13,0.05,0.5,16,0.27180988796718436,0.030303030303030304,0.34329845540607873,4.9253668785095215
Facebook,6,25,13,0.05,0.5,17,0.2628351866766725,0.02962962962962963,0.3111609367214748,5.124292612075806
Facebook,6,25,13,0.05,0.5,18,0.24101130496731704,0.041666666666666664,0.3445440956651719,4.9353437423706055
Facebook,6,25,13,0.05,0.5,19,0.2814885183767515,0.02,0.2406576980568012,5.136137247085571
Facebook,6,25,13,0.05,0.5,20,0.2807134817801137,0.024242424242424242,0.3238664673642252,4.921606779098511
Facebook,6,25,13,0.05,0.5,21,0.272167734675776,0.022222222222222223,0.3201295465869457,5.07771110534668
Facebook,6,25,13,0.05,0.5,22,0.261139215214245,0.037037037037037035,0.32536123567513703,4.93781852722168
Facebook,6,25,13,0.05,0.5,23,0.27525719877805005,0.02,0.24389636273044346,5.08051609992981
Facebook,6,25,13,0.05,0.5,24,0.262744015352913,0.02,0.2516193323368211,4.9020702838897705
Facebook,6,25,13,0.05,0.5,25,0.3051851369043449,0.01818181818181818,0.2665670154459392,5.145979642868042
Facebook,6,25,26,0.1,0.5,1,0.2652947256256707,0.03333333333333333,0.3256103637269557,4.896777868270874
Facebook,6,25,26,0.1,0.5,2,0.2786713208209699,0.02666666666666667,0.28176382660687593,5.110137939453125
Facebook,6,25,26,0.1,0.5,3,0.2720019490004052,0.010256410256410256,0.2227204783258595,4.913755893707275
Facebook,6,25,26,0.1,0.5,4,0.2588164016709734,0.025,0.26681614349775784,4.983025074005127
Facebook,6,25,26,0.1,0.5,5,0.2768614113576305,0.04,0.39212755356253115,5.106733083724976
Facebook,6,25,26,0.1,0.5,6,0.2692071541530607,0.03333333333333333,0.31813652217239663,4.9055516719818115
Facebook,6,25,26,0.1,0.5,7,0.2827621448489459,0.023809523809523808,0.40433482810164423,5.115409851074219
Facebook,6,25,26,0.1,0.5,8,0.28097792419388135,0.03333333333333333,0.270802192326856,4.909487724304199
Facebook,6,25,26,0.1,0.5,9,0.2760719279204485,0.02666666666666667,0.36347782760338815,5.0994713306427
Facebook,6,25,26,0.1,0.5,10,0.2783086333229146,0.022222222222222223,0.2526158445440957,4.922200441360474
Facebook,6,25,26,0.1,0.5,11,0.2573369655993173,0.022222222222222223,0.3146487294469357,5.149169683456421
Facebook,6,25,26,0.1,0.5,12,0.25706961317885163,0.02666666666666667,0.3148978574987544,4.956200361251831
Facebook,6,25,26,0.1,0.5,13,0.2570270961212218,0.02666666666666667,0.2927254608868959,5.108574867248535
Facebook,6,25,26,0.1,0.5,14,0.27695929358332866,0.02666666666666667,0.30493273542600896,4.9242167472839355
Facebook,6,25,26,0.1,0.5,15,0.2865467986773381,0.022222222222222223,0.31141006477329347,5.134450912475586
Facebook,6,25,26,0.1,0.5,16,0.2545258221821455,0.03333333333333333,0.41355256601893375,4.911850214004517
Facebook,6,25,26,0.1,0.5,17,0.29255763655072253,0.03333333333333333,0.3231190832087693,5.121295690536499
Facebook,6,25,26,0.1,0.5,18,0.28133662270828924,0.0380952380952381,0.34479322371699056,4.928094387054443
Facebook,6,25,26,0.1,0.5,19,0.2367797571375842,0.0380952380952381,0.3196312904833084,5.07172703742981
Facebook,6,25,26,0.1,0.5,20,0.2639226744420364,0.022222222222222223,0.2513702042850025,4.935822248458862
Facebook,6,25,26,0.1,0.5,21,0.2606478065796951,0.01904761904761905,0.33358246138515196,5.137229681015015
Facebook,6,25,26,0.1,0.5,22,0.23920806525921298,0.01904761904761905,0.31988041853512705,4.92579460144043
Facebook,6,25,26,0.1,0.5,23,0.2686436472365874,0.01818181818181818,0.26557050323866466,5.104475498199463
Facebook,6,25,26,0.1,0.5,24,0.249249137499642,0.02666666666666667,0.2897359242650722,4.940999507904053
Facebook,6,25,26,0.1,0.5,25,0.28306354808486117,0.02962962962962963,0.3325859491778774,4.915104866027832
Facebook,6,25,39,0.15,0.5,1,0.2711861217714951,0.02666666666666667,0.3223716990533134,5.1165831089019775
Facebook,6,25,39,0.15,0.5,2,0.2661229760117519,0.02,0.23891380169407075,4.920287132263184
Facebook,6,25,39,0.15,0.5,3,0.26128031265320323,0.041666666666666664,0.3966118584952666,5.113948583602905
Facebook,6,25,39,0.15,0.5,4,0.29593328593549667,0.02666666666666667,0.29596412556053814,4.96144437789917
Facebook,6,25,39,0.15,0.5,5,0.24083700791870988,0.01818181818181818,0.24588938714499253,5.169388294219971
Facebook,6,25,39,0.15,0.5,6,0.2469627740017165,0.03333333333333333,0.31215744892874936,4.95758318901062
Facebook,6,25,39,0.15,0.5,7,0.26208864459737985,0.02962962962962963,0.3106626806178376,5.108854532241821
Facebook,6,25,39,0.15,0.5,8,0.2632784957098403,0.02962962962962963,0.33707025411061287,4.934957027435303
Facebook,6,25,39,0.15,0.5,9,0.23134398050018984,0.02666666666666667,0.31415047334329843,5.107522010803223
Facebook,6,25,39,0.15,0.5,10,0.29522571052086105,0.016666666666666666,0.22869955156950672,4.964202880859375
Facebook,6,25,39,0.15,0.5,11,0.2632284956850514,0.044444444444444446,0.30019930244145493,5.141514301300049
Facebook,6,25,39,0.15,0.5,12,0.29315838589363935,0.02962962962962963,0.3171400099651221,4.930559873580933
Facebook,6,25,39,0.15,0.5,13,0.2787693275984666,0.015384615384615385,0.24240159441953163,5.093000411987305
Facebook,6,25,39,0.15,0.5,14,0.2535955397051723,0.022222222222222223,0.31863477827603387,4.969662427902222
Facebook,6,25,39,0.15,0.5,15,0.2816491519217246,0.03333333333333333,0.3221225710014948,5.107335090637207
Facebook,6,25,39,0.15,0.5,16,0.28694517890162646,0.027777777777777776,0.34080717488789236,4.914337635040283
Facebook,6,25,39,0.15,0.5,17,0.2664335991911558,0.02666666666666667,0.31639262580966615,5.175555467605591
Facebook,6,25,39,0.15,0.5,18,0.26819176642836406,0.02,0.24663677130044842,4.973073959350586
Facebook,6,25,39,0.15,0.5,19,0.26917023631333314,0.02564102564102564,0.34728450423517687,5.029408693313599
Facebook,6,25,39,0.15,0.5,20,0.2738641396308071,0.022222222222222223,0.25535625311410065,4.836867570877075
Facebook,6,25,39,0.15,0.5,21,0.2731979483654548,0.02,0.2501245640259093,4.858447313308716
Facebook,6,25,39,0.15,0.5,22,0.252258878045495,0.02666666666666667,0.2907324364723468,5.056251764297485
Facebook,6,25,39,0.15,0.5,23,0.26222823846547366,0.03333333333333333,0.2787742899850523,4.862783193588257
Facebook,6,25,39,0.15,0.5,24,0.2762765629752473,0.02666666666666667,0.2992027902341804,5.047797918319702
Facebook,6,25,39,0.15,0.5,25,0.23918700207952362,0.044444444444444446,0.3196312904833084,4.847585439682007
Facebook,6,25,52,0.2,0.5,1,0.2606043701488764,0.02962962962962963,0.3146487294469357,5.052988052368164
Facebook,6,25,52,0.2,0.5,2,0.2640827178696908,0.01818181818181818,0.2850024912805182,4.85492730140686
Facebook,6,25,52,0.2,0.5,3,0.2607280935949789,0.02666666666666667,0.3201295465869457,5.054147243499756
Facebook,6,25,52,0.2,0.5,4,0.27333516396363194,0.05714285714285714,0.4033383158943697,4.850763559341431
Facebook,6,25,52,0.2,0.5,5,0.2615222209807979,0.020512820512820513,0.34205281514698554,5.048545837402344
Facebook,6,25,52,0.2,0.5,6,0.26364353182919215,0.022222222222222223,0.25037369207772797,4.87680721282959
Facebook,6,25,52,0.2,0.5,7,0.2558218730184278,0.025,0.26731439960139514,5.12730860710144
Facebook,6,25,52,0.2,0.5,8,0.27208629133771867,0.02962962962962963,0.322620827105132,4.893728733062744
Facebook,6,25,52,0.2,0.5,9,0.26634595854221804,0.01818181818181818,0.2538614848031888,5.114346742630005
Facebook,6,25,52,0.2,0.5,10,0.2545890502544647,0.01818181818181818,0.24539113104135526,4.950503587722778
Facebook,6,25,52,0.2,0.5,11,0.2755777991317443,0.02962962962962963,0.2620827105132038,5.15182900428772
Facebook,6,25,52,0.2,0.5,12,0.27970480880282267,0.0380952380952381,0.3295964125560538,4.972147464752197
Facebook,6,25,52,0.2,0.5,13,0.29780588876633685,0.025,0.2463876432486298,5.212383985519409
Facebook,6,25,52,0.2,0.5,14,0.28981056027246405,0.02666666666666667,0.2772795216741405,4.976492881774902
Facebook,6,25,52,0.2,0.5,15,0.24443108709021388,0.047619047619047616,0.3662182361733931,5.159397125244141
Facebook,6,25,52,0.2,0.5,16,0.22766055428182466,0.022222222222222223,0.25959142999501744,4.988270044326782
Facebook,6,25,52,0.2,0.5,17,0.24676096798700947,0.01818181818181818,0.244892874937718,4.966120004653931
Facebook,6,25,52,0.2,0.5,18,0.2769806314835579,0.02,0.2493771798704534,5.169292688369751
Facebook,6,25,52,0.2,0.5,19,0.2876421167430134,0.03333333333333333,0.31340308918784254,4.955675840377808
Facebook,6,25,52,0.2,0.5,20,0.284666837144752,0.022222222222222223,0.32062780269058294,5.167369842529297
Facebook,6,25,52,0.2,0.5,21,0.27615676619672697,0.02962962962962963,0.33657199800697557,4.973085165023804
Facebook,6,25,52,0.2,0.5,22,0.2700985801187572,0.024242424242424242,0.3290981564524165,5.149752616882324
Facebook,6,25,52,0.2,0.5,23,0.27798161516826553,0.02666666666666667,0.3188839063278525,4.9867448806762695
Facebook,6,25,52,0.2,0.5,24,0.26112662738015546,0.02962962962962963,0.3171400099651221,5.127450227737427
Facebook,6,25,52,0.2,0.5,25,0.26933232707342486,0.020512820512820513,0.26955655206776286,4.9739415645599365
Facebook,6,25,65,0.25,0.5,1,0.3127817346351279,0.037037037037037035,0.33781763826606875,5.129228830337524
Facebook,6,25,65,0.25,0.5,2,0.278799346653183,0.02666666666666667,0.317887394120578,4.9847166538238525
Facebook,6,25,65,0.25,0.5,3,0.2611202026483251,0.022222222222222223,0.2558545092177379,5.148771047592163
Facebook,6,25,65,0.25,0.5,4,0.24149305418383962,0.037037037037037035,0.36522172396611857,4.936561584472656
Facebook,6,25,65,0.25,0.5,5,0.2620202842271886,0.0380952380952381,0.3064275037369208,5.104881286621094
Facebook,6,25,65,0.25,0.5,6,0.2591695140876791,0.02857142857142857,0.2543597409068261,4.943523168563843
Facebook,6,25,65,0.25,0.5,7,0.2281362859090059,0.041666666666666664,0.35999003487792725,5.124435186386108
Facebook,6,25,65,0.25,0.5,8,0.26961837425596336,0.02962962962962963,0.35226706527154955,4.967319011688232
Facebook,6,25,65,0.25,0.5,9,0.27226283350046976,0.037037037037037035,0.3338315894369706,5.244086265563965
Facebook,6,25,65,0.25,0.5,10,0.29409184513535636,0.0380952380952381,0.268061783756851,4.932385444641113
Facebook,6,25,65,0.25,0.5,11,0.26245330204899586,0.03333333333333333,0.3358246138515197,5.158709287643433
Facebook,6,25,65,0.25,0.5,12,0.2638842094471945,0.013333333333333334,0.1948181365221724,4.928314208984375
Facebook,6,25,65,0.25,0.5,13,0.2708335414638784,0.041666666666666664,0.3266068759342302,4.963207721710205
Facebook,6,25,65,0.25,0.5,14,0.2714665700942023,0.01818181818181818,0.2406576980568012,5.14820122718811
Facebook,6,25,65,0.25,0.5,15,0.26701993952018976,0.01818181818181818,0.24265072247135028,4.969197988510132
Facebook,6,25,65,0.25,0.5,16,0.2722440302188579,0.01818181818181818,0.23592426507224715,5.150421857833862
Facebook,6,25,65,0.25,0.5,17,0.2789876857944438,0.03333333333333333,0.31340308918784254,4.9248597621917725
Facebook,6,25,65,0.25,0.5,18,0.3107234035509698,0.02666666666666667,0.32112605879422024,5.16191029548645
Facebook,6,25,65,0.25,0.5,19,0.24075635583466376,0.020512820512820513,0.29247633283507724,4.962037086486816
Facebook,6,25,65,0.25,0.5,20,0.2702720771028527,0.02962962962962963,0.2571001494768311,5.155683517456055
Facebook,6,25,65,0.25,0.5,21,0.2681163011122381,0.016666666666666666,0.23368211260587943,4.9529688358306885
Facebook,6,25,65,0.25,0.5,22,0.2851721025708967,0.022222222222222223,0.32336821126058796,5.148510217666626
Facebook,6,25,65,0.25,0.5,23,0.26457719144483316,0.02857142857142857,0.25062282012954656,4.978905200958252
Facebook,6,25,65,0.25,0.5,24,0.2738659473084994,0.03333333333333333,0.32336821126058796,5.170650482177734
Facebook,6,25,65,0.25,0.5,25,0.2700908115253144,0.024242424242424242,0.3153961136023916,4.9630420207977295
Facebook,6,25,78,0.3,0.5,1,0.2612956107498419,0.024242424242424242,0.3213751868460389,5.125678300857544
Facebook,6,25,78,0.3,0.5,2,0.2578711723140333,0.025,0.2650722471350274,4.965289354324341
Facebook,6,25,78,0.3,0.5,3,0.23476245099004547,0.03333333333333333,0.32112605879422024,5.1509480476379395
Facebook,6,25,78,0.3,0.5,4,0.21872794294155704,0.02962962962962963,0.322620827105132,4.951895236968994
Facebook,6,25,78,0.3,0.5,5,0.261811316686621,0.02666666666666667,0.27678126557050325,5.195562124252319
Facebook,6,25,78,0.3,0.5,6,0.2765224515816573,0.025,0.2568510214250125,4.9358861446380615
Facebook,6,25,78,0.3,0.5,7,0.26637073665166866,0.0380952380952381,0.3223716990533134,5.17942476272583
Facebook,6,25,78,0.3,0.5,8,0.29839327306692565,0.02666666666666667,0.3183856502242152,4.964672565460205
Facebook,6,25,78,0.3,0.5,9,0.27523574312911336,0.025,0.22969606377678126,4.952701091766357
Facebook,6,25,78,0.3,0.5,10,0.2834925820994839,0.022222222222222223,0.30842052815146986,5.147775888442993
Facebook,6,25,78,0.3,0.5,11,0.2694785459208176,0.03333333333333333,0.3158943697060289,5.0056233406066895
Facebook,6,25,78,0.3,0.5,12,0.25255518263346777,0.023809523809523808,0.36422521175884404,5.168125152587891
Facebook,6,25,78,0.3,0.5,13,0.26480468915651223,0.03333333333333333,0.38091679123069255,4.963261365890503
Facebook,6,25,78,0.3,0.5,14,0.2588358921660603,0.02666666666666667,0.32062780269058294,5.121378660202026
Facebook,6,25,78,0.3,0.5,15,0.26187979206136497,0.041666666666666664,0.3931240657698057,4.948716402053833
Facebook,6,25,78,0.3,0.5,16,0.25968909581095906,0.01904761904761905,0.31190832087693077,5.136214971542358
Facebook,6,25,78,0.3,0.5,17,0.2897589131869899,0.024242424242424242,0.3266068759342302,4.959600448608398
Facebook,6,25,78,0.3,0.5,18,0.153403820461882,0.012121212121212121,0.7722969606377678,5.200453758239746
Facebook,6,25,78,0.3,0.5,19,0.27098972788921416,0.024242424242424242,0.3213751868460389,4.949753522872925
Facebook,6,25,78,0.3,0.5,20,0.26566405788558095,0.02666666666666667,0.28699551569506726,5.1918625831604
Facebook,6,25,78,0.3,0.5,21,0.2697927083296951,0.02962962962962963,0.315146985550573,4.980278253555298
Facebook,6,25,78,0.3,0.5,22,0.2879233672776853,0.03333333333333333,0.33482810164424515,5.107335805892944
Facebook,6,25,78,0.3,0.5,23,0.2355934721192141,0.02962962962962963,0.35500747384155457,4.966371536254883
Facebook,6,25,78,0.3,0.5,24,0.2727577788036915,0.016666666666666666,0.27703039362232185,5.13287615776062
Facebook,6,25,78,0.3,0.5,25,0.26042932390210427,0.02,0.25037369207772797,4.988151788711548
Facebook,6,25,91,0.35,0.5,1,0.23568816066909168,0.02666666666666667,0.3116591928251121,5.111308336257935
Facebook,6,25,91,0.35,0.5,2,0.24115586404134937,0.041666666666666664,0.3597409068261086,4.977208375930786
Facebook,6,25,91,0.35,0.5,3,0.27263130407369845,0.01818181818181818,0.25660189337319383,5.127660751342773
Facebook,6,25,91,0.35,0.5,4,0.2792235411911674,0.037037037037037035,0.3577478824115595,4.999089002609253
Facebook,6,25,91,0.35,0.5,5,0.26650367281550524,0.02666666666666667,0.3201295465869457,5.218940496444702
Facebook,6,25,91,0.35,0.5,6,0.2656984623859329,0.02666666666666667,0.32585949177877427,4.988932371139526
Facebook,6,25,91,0.35,0.5,7,0.2311318097344191,0.02,0.25037369207772797,5.195901393890381
Facebook,6,25,91,0.35,0.5,8,0.25545715357857673,0.02666666666666667,0.2937219730941704,4.919897556304932
Facebook,6,25,91,0.35,0.5,9,0.2730618289483191,0.02666666666666667,0.32062780269058294,4.900050163269043
Facebook,6,25,91,0.35,0.5,10,0.27006853484267224,0.022222222222222223,0.296711509715994,5.132303714752197
Facebook,6,25,91,0.35,0.5,11,0.2960753673201686,0.025,0.2688091679123069,4.914050579071045
Facebook,6,25,91,0.35,0.5,12,0.27717948532533077,0.02666666666666667,0.3350772296960638,5.162792205810547
Facebook,6,25,91,0.35,0.5,13,0.2627682948668623,0.024242424242424242,0.30144494270054806,4.915592193603516
Facebook,6,25,91,0.35,0.5,14,0.263563176145091,0.02,0.2573492775286497,5.0867087841033936
Facebook,6,25,91,0.35,0.5,15,0.26808333184793864,0.02962962962962963,0.3036870951669158,4.945192337036133
Facebook,6,25,91,0.35,0.5,16,0.25664033237231226,0.030303030303030304,0.3380667663178874,5.12145209312439
Facebook,6,25,91,0.35,0.5,17,0.24196437374406668,0.01818181818181818,0.30019930244145493,4.966372966766357
Facebook,6,25,91,0.35,0.5,18,0.27359207199213886,0.037037037037037035,0.34055804683607377,5.119095087051392
Facebook,6,25,91,0.35,0.5,19,0.2617640331428472,0.03333333333333333,0.32286995515695066,4.929250478744507
Facebook,6,25,91,0.35,0.5,20,0.3019008117603626,0.01818181818181818,0.29048330842052816,5.097814559936523
Facebook,6,25,91,0.35,0.5,21,0.26791297605924214,0.02666666666666667,0.32585949177877427,4.911187171936035
Facebook,6,25,91,0.35,0.5,22,0.27723065336286523,0.02666666666666667,0.29471848530144495,5.114733457565308
Facebook,6,25,91,0.35,0.5,23,0.2400560132719075,0.02962962962962963,0.31190832087693077,4.923468589782715
Facebook,6,25,91,0.35,0.5,24,0.2810249921189426,0.024242424242424242,0.2640757349277529,5.087853670120239
Facebook,6,25,91,0.35,0.5,25,0.27398629511140776,0.02962962962962963,0.33607374190333833,4.953073978424072
Facebook,6,25,104,0.4,0.5,1,0.2665911439298028,0.022222222222222223,0.2897359242650722,5.121020078659058
Facebook,6,25,104,0.4,0.5,2,0.26696056870515295,0.01818181818181818,0.2536123567513702,4.919780492782593
Facebook,6,25,104,0.4,0.5,3,0.2609513328504618,0.030303030303030304,0.3460388639760837,5.103859901428223
Facebook,6,25,104,0.4,0.5,4,0.28272618053856363,0.022222222222222223,0.24314897857498755,4.909642934799194
Facebook,6,25,104,0.4,0.5,5,0.27548384291790445,0.02666666666666667,0.3251121076233184,4.9540369510650635
Facebook,6,25,104,0.4,0.5,6,0.28106174837863585,0.03333333333333333,0.39810662680617837,5.0960917472839355
Facebook,6,25,104,0.4,0.5,7,0.26905342380969355,0.022222222222222223,0.2478824115595416,4.948974370956421
Facebook,6,25,104,0.4,0.5,8,0.25201431945673786,0.01818181818181818,0.242152466367713,5.113650321960449
Facebook,6,25,104,0.4,0.5,9,0.2672483711533421,0.02666666666666667,0.31190832087693077,4.961742162704468
Facebook,6,25,104,0.4,0.5,10,0.2640626694701467,0.03333333333333333,0.27802690582959644,5.114384174346924
Facebook,6,25,104,0.4,0.5,11,0.2533189274075343,0.02962962962962963,0.34554060787244645,4.942623138427734
Facebook,6,25,104,0.4,0.5,12,0.24299008171174374,0.03333333333333333,0.29546586945690084,5.148494243621826
Facebook,6,25,104,0.4,0.5,13,0.2761656186409656,0.025,0.2620827105132038,4.969065427780151
Facebook,6,25,104,0.4,0.5,14,0.26718557605303167,0.041666666666666664,0.3756851021425012,5.112621545791626
Facebook,6,25,104,0.4,0.5,15,0.2689584344362245,0.02666666666666667,0.3148978574987544,4.953663110733032
Facebook,6,25,104,0.4,0.5,16,0.2756049295292888,0.022222222222222223,0.24539113104135526,5.088845729827881
Facebook,6,25,104,0.4,0.5,17,0.22137358216554745,0.02962962962962963,0.3066766317887394,4.959790945053101
Facebook,6,25,104,0.4,0.5,18,0.28101012871184133,0.02962962962962963,0.28774289985052315,5.099799394607544
Facebook,6,25,104,0.4,0.5,19,0.2322297711761347,0.030303030303030304,0.3756851021425012,4.901919364929199
Facebook,6,25,104,0.4,0.5,20,0.24253119840773768,0.02666666666666667,0.28774289985052315,5.110174894332886
Facebook,6,25,104,0.4,0.5,21,0.2736603368741226,0.022222222222222223,0.2543597409068261,4.919713020324707
Facebook,6,25,104,0.4,0.5,22,0.2652860767050911,0.024242424242424242,0.3208769307424016,5.118942975997925
Facebook,6,25,104,0.4,0.5,23,0.2698539275393896,0.02,0.24987543597409068,4.928197145462036
Facebook,6,25,104,0.4,0.5,24,0.2662475571219192,0.022222222222222223,0.257847533632287,5.154143333435059
Facebook,6,25,104,0.4,0.5,25,0.26342250098831493,0.02962962962962963,0.27254608868958646,4.922428131103516
Facebook,6,25,117,0.45,0.5,1,0.2748582316808337,0.02,0.25759840558046837,4.9229888916015625
Facebook,6,25,117,0.45,0.5,2,0.28361960073961795,0.022222222222222223,0.24265072247135028,5.115659236907959
Facebook,6,25,117,0.45,0.5,3,0.2566982682996147,0.025,0.2620827105132038,4.9380950927734375
Facebook,6,25,117,0.45,0.5,4,0.2711399941161611,0.022222222222222223,0.31863477827603387,5.132550477981567
Facebook,6,25,117,0.45,0.5,5,0.2897663446260717,0.02666666666666667,0.2932237169905331,4.9393041133880615
Facebook,6,25,117,0.45,0.5,6,0.2521792536898615,0.02666666666666667,0.2887394120577977,5.10845947265625
Facebook,6,25,117,0.45,0.5,7,0.2802690260427392,0.02962962962962963,0.3216243148978575,4.91711688041687
Facebook,6,25,117,0.45,0.5,8,0.2811581679845033,0.02962962962962963,0.3066766317887394,5.126520395278931
Facebook,6,25,117,0.45,0.5,9,0.2582257023823312,0.02962962962962963,0.3295964125560538,4.929892539978027
Facebook,6,25,117,0.45,0.5,10,0.2927044359846906,0.02,0.24190333831589436,5.12073826789856
Facebook,6,25,117,0.45,0.5,11,0.26433505212523856,0.02,0.2478824115595416,4.939013719558716
Facebook,6,25,117,0.45,0.5,12,0.27023449712943026,0.02962962962962963,0.2678126557050324,5.088188886642456
Facebook,6,25,117,0.45,0.5,13,0.2741529304978843,0.0380952380952381,0.3201295465869457,4.909662485122681
Facebook,6,25,117,0.45,0.5,14,0.27198830037888827,0.02564102564102564,0.36721474838066764,5.114995718002319
Facebook,6,25,117,0.45,0.5,15,0.24493776607322265,0.016666666666666666,0.26557050323866466,4.919426202774048
Facebook,6,25,117,0.45,0.5,16,0.28249829108998975,0.02,0.28998505231689087,5.093705654144287
Facebook,6,25,117,0.45,0.5,17,0.3050820833030706,0.02666666666666667,0.273542600896861,4.935927867889404
Facebook,6,25,117,0.45,0.5,18,0.2612789429213144,0.03333333333333333,0.27553562531141007,5.178802967071533
Facebook,6,25,117,0.45,0.5,19,0.262779277325269,0.024242424242424242,0.2777777777777778,4.925365447998047
Facebook,6,25,117,0.45,0.5,20,0.28111501549200824,0.02,0.25411061285500747,5.161914110183716
Facebook,6,25,117,0.45,0.5,21,0.2632986974359996,0.022222222222222223,0.25460886895864476,4.916547060012817
Facebook,6,25,117,0.45,0.5,22,0.2851847847706547,0.03333333333333333,0.3236173393124066,4.9084556102752686
Facebook,6,25,117,0.45,0.5,23,0.24762379916882146,0.02666666666666667,0.31564524165421026,5.133146047592163
Facebook,6,25,117,0.45,0.5,24,0.26662549916918943,0.02962962962962963,0.30742401594419533,4.913431644439697
Facebook,6,25,117,0.45,0.5,25,0.2787535220203587,0.02,0.2491280518186348,5.103812217712402
Facebook,6,25,130,0.5,0.5,1,0.2674868477594202,0.02962962962962963,0.322620827105132,4.93532133102417
Facebook,6,25,130,0.5,0.5,2,0.25609499987764994,0.01818181818181818,0.244892874937718,5.107820272445679
Facebook,6,25,130,0.5,0.5,3,0.2756608101388483,0.02,0.24514200298953662,4.9564783573150635
Facebook,6,25,130,0.5,0.5,4,0.28774760981440495,0.03333333333333333,0.30991529646238164,5.1370530128479
Facebook,6,25,130,0.5,0.5,5,0.2720734618398096,0.02962962962962963,0.3238664673642252,4.928354263305664
Facebook,6,25,130,0.5,0.5,6,0.2766868666499533,0.024242424242424242,0.3059292476332835,5.148798227310181
Facebook,6,25,130,0.5,0.5,7,0.2667777313170516,0.022222222222222223,0.25311410064773293,4.960108280181885
Facebook,6,25,130,0.5,0.5,8,0.2634991043502858,0.02962962962962963,0.3101644245142003,5.09376859664917
Facebook,6,25,130,0.5,0.5,9,0.22665702013418457,0.01818181818181818,0.2516193323368211,4.927836656570435
Facebook,6,25,130,0.5,0.5,10,0.27418093082533485,0.01818181818181818,0.25062282012954656,5.122012138366699
Facebook,6,25,130,0.5,0.5,11,0.22209731666601903,0.024242424242424242,0.3196312904833084,4.909072160720825
Facebook,6,25,130,0.5,0.5,12,0.26877562126256704,0.02,0.25485799701046336,5.074002504348755
Facebook,6,25,130,0.5,0.5,13,0.26302438109712806,0.022222222222222223,0.24015944195316394,4.934275388717651
Facebook,6,25,130,0.5,0.5,14,0.23001888850054383,0.03333333333333333,0.3188839063278525,5.122511863708496
Facebook,6,25,130,0.5,0.5,15,0.2702638562061799,0.022222222222222223,0.27802690582959644,4.929014682769775
Facebook,6,25,130,0.5,0.5,16,0.26032421321599153,0.022222222222222223,0.2730443447932237,5.141448974609375
Facebook,6,25,130,0.5,0.5,17,0.27516728963039916,0.022222222222222223,0.2585949177877429,4.9604551792144775
Facebook,6,25,130,0.5,0.5,18,0.27757818194538525,0.02666666666666667,0.26831091180866967,4.928435802459717
Facebook,6,25,130,0.5,0.5,19,0.26161885578394306,0.025,0.26382660687593423,5.12841010093689
Facebook,6,25,130,0.5,0.5,20,0.271400460693233,0.03333333333333333,0.38066766317887396,4.918506860733032
Facebook,6,25,130,0.5,0.5,21,0.2617848820849435,0.02,0.24090682610861983,5.1411497592926025
Facebook,6,25,130,0.5,0.5,22,0.25785269478497397,0.01818181818181818,0.2999501743896363,4.914341449737549
Facebook,6,25,130,0.5,0.5,23,0.2584369264984835,0.01818181818181818,0.25460886895864476,5.160221815109253
Facebook,6,25,130,0.5,0.5,24,0.27384187654530456,0.0380952380952381,0.26606875934230195,4.914078950881958
Facebook,6,25,130,0.5,0.5,25,0.2736139240774738,0.02,0.24514200298953662,5.16928505897522
Facebook,6,25,143,0.55,0.5,1,0.29134504900466346,0.0380952380952381,0.2897359242650722,4.925840854644775
Facebook,6,25,143,0.55,0.5,2,0.23599534747066078,0.016666666666666666,0.2521175884404584,5.098316192626953
Facebook,6,25,143,0.55,0.5,3,0.24279899483996764,0.02962962962962963,0.2872446437468859,4.936801433563232
Facebook,6,25,143,0.55,0.5,4,0.2925778933720729,0.02666666666666667,0.3036870951669158,5.100912570953369
Facebook,6,25,143,0.55,0.5,5,0.2601697830090448,0.03333333333333333,0.3146487294469357,4.946723699569702
Facebook,6,25,143,0.55,0.5,6,0.25708292928783466,0.02962962962962963,0.34080717488789236,5.100197076797485
Facebook,6,25,143,0.55,0.5,7,0.25904757297033804,0.022222222222222223,0.2894867962132536,4.920852899551392
Facebook,6,25,143,0.55,0.5,8,0.30315968432182305,0.01818181818181818,0.24389636273044346,5.136548280715942
Facebook,6,25,143,0.55,0.5,9,0.2749636085598034,0.022222222222222223,0.2558545092177379,4.914178848266602
Facebook,6,25,143,0.55,0.5,10,0.27796929756859257,0.03333333333333333,0.3089187842551071,5.162975788116455
Facebook,6,25,143,0.55,0.5,11,0.27755313598346754,0.016666666666666666,0.24688589935226707,4.930818796157837
Facebook,6,25,143,0.55,0.5,12,0.24977837545829895,0.022222222222222223,0.25112107623318386,5.125253677368164
Facebook,6,25,143,0.55,0.5,13,0.26899708678865364,0.02962962962962963,0.28898854010961633,4.917458772659302
Facebook,6,25,143,0.55,0.5,14,0.2715264167019985,0.02962962962962963,0.33906327852516194,4.972244024276733
Facebook,6,25,143,0.55,0.5,15,0.27793335987335394,0.01818181818181818,0.24813153961136025,5.129120349884033
Facebook,6,25,143,0.55,0.5,16,0.28791399318330524,0.02666666666666667,0.3266068759342302,4.9318788051605225
Facebook,6,25,143,0.55,0.5,17,0.261479317285454,0.022222222222222223,0.2558545092177379,5.094662189483643
Facebook,6,25,143,0.55,0.5,18,0.26624196574740205,0.03333333333333333,0.28699551569506726,4.911067962646484
Facebook,6,25,143,0.55,0.5,19,0.2676293538520217,0.03333333333333333,0.3146487294469357,5.141505479812622
Facebook,6,25,143,0.55,0.5,20,0.27923854897221606,0.024242424242424242,0.33059292476332836,4.966501712799072
Facebook,6,25,143,0.55,0.5,21,0.24515683952057807,0.030303030303030304,0.3577478824115595,5.134695291519165
Facebook,6,25,143,0.55,0.5,22,0.2904930305715321,0.02,0.2929745889387145,4.9141950607299805
Facebook,6,25,143,0.55,0.5,23,0.23750291283603722,0.02962962962962963,0.32336821126058796,5.141212224960327
Facebook,6,25,143,0.55,0.5,24,0.27004988836147065,0.037037037037037035,0.3460388639760837,4.941901922225952
Facebook,6,25,143,0.55,0.5,25,0.22482696529228818,0.025,0.2501245640259093,5.109960079193115
Facebook,6,25,156,0.6,0.5,1,0.27256423178447076,0.022222222222222223,0.24738415545590434,4.933147192001343
Facebook,6,25,156,0.6,0.5,2,0.2556035576765719,0.02666666666666667,0.32635774788241156,5.092374801635742
Facebook,6,25,156,0.6,0.5,3,0.28577363834691477,0.02,0.24838066766317887,4.953038692474365
Facebook,6,25,156,0.6,0.5,4,0.26436695318895503,0.022222222222222223,0.2730443447932237,5.087115526199341
Facebook,6,25,156,0.6,0.5,5,0.23438483305446844,0.02666666666666667,0.31614349775784756,4.97046971321106
Facebook,6,25,156,0.6,0.5,6,0.28886004676449895,0.02962962962962963,0.29845540607872445,5.14309287071228
Facebook,6,25,156,0.6,0.5,7,0.29846539687549467,0.022222222222222223,0.27254608868958646,4.929548978805542
Facebook,6,25,156,0.6,0.5,8,0.28746253125881555,0.016666666666666666,0.26133532635774787,5.11649751663208
Facebook,6,25,156,0.6,0.5,9,0.25638832088703606,0.02962962962962963,0.32536123567513703,4.939690589904785
Facebook,6,25,156,0.6,0.5,10,0.253975386652863,0.02,0.2610861983059293,4.9496846199035645
Facebook,6,25,156,0.6,0.5,11,0.2844714930418263,0.0380952380952381,0.3238664673642252,5.132697343826294
Facebook,6,25,156,0.6,0.5,12,0.2852829498625275,0.022222222222222223,0.25062282012954656,4.923708200454712
Facebook,6,25,156,0.6,0.5,13,0.27196758346453387,0.02,0.2538614848031888,5.1233673095703125
Facebook,6,25,156,0.6,0.5,14,0.22568244990850853,0.02962962962962963,0.30916791230692575,4.921805381774902
Facebook,6,25,156,0.6,0.5,15,0.24813785840523384,0.041666666666666664,0.3744394618834081,5.108194589614868
Facebook,6,25,156,0.6,0.5,16,0.26962698616899516,0.022222222222222223,0.24738415545590434,4.980347633361816
Facebook,6,25,156,0.6,0.5,17,0.26586231847392117,0.0380952380952381,0.30194319880418535,5.148651838302612
Facebook,6,25,156,0.6,0.5,18,0.22381205077795682,0.02962962962962963,0.31415047334329843,4.938601016998291
Facebook,6,25,156,0.6,0.5,19,0.27139542399519423,0.02666666666666667,0.302192326856004,5.134372234344482
Facebook,6,25,156,0.6,0.5,20,0.2753124546904196,0.03333333333333333,0.3350772296960638,4.945563793182373
Facebook,6,25,156,0.6,0.5,21,0.2523579185619517,0.025,0.24663677130044842,5.07497239112854
Facebook,6,25,156,0.6,0.5,22,0.26058739097215206,0.02,0.2478824115595416,4.941594362258911
Facebook,6,25,156,0.6,0.5,23,0.2840893018575621,0.013333333333333334,0.21150971599402094,5.111313104629517
Facebook,6,25,156,0.6,0.5,24,0.2738687183180292,0.02666666666666667,0.29172894867962135,4.948608875274658
Facebook,6,25,156,0.6,0.5,25,0.2357606334189847,0.03333333333333333,0.31041355256601894,5.092914819717407
Facebook,6,25,169,0.65,0.5,1,0.2657777751062698,0.022222222222222223,0.32536123567513703,4.909888744354248
Facebook,6,25,169,0.65,0.5,2,0.262974171827372,0.025,0.268061783756851,5.148844957351685
Facebook,6,25,169,0.65,0.5,3,0.2968425464924811,0.03333333333333333,0.32336821126058796,4.915186882019043
Facebook,6,25,169,0.65,0.5,4,0.2587263699652244,0.0380952380952381,0.3046836073741903,5.138864755630493
Facebook,6,25,169,0.65,0.5,5,0.26404381747026145,0.030303030303030304,0.4003487792725461,4.923052549362183
Facebook,6,25,169,0.65,0.5,6,0.2668784204902048,0.02,0.24539113104135526,4.898399829864502
Facebook,6,25,169,0.65,0.5,7,0.25228454734321215,0.02962962962962963,0.32112605879422024,5.1441731452941895
Facebook,6,25,169,0.65,0.5,8,0.27302083768137864,0.01904761904761905,0.2922272047832586,4.919719457626343
Facebook,6,25,169,0.65,0.5,9,0.2524995965471358,0.02962962962962963,0.3116591928251121,5.132267475128174
Facebook,6,25,169,0.65,0.5,10,0.24761622436664774,0.037037037037037035,0.3659691081215745,4.930718660354614
Facebook,6,25,169,0.65,0.5,11,0.2600762549160564,0.03333333333333333,0.3213751868460389,5.148095369338989
Facebook,6,25,169,0.65,0.5,12,0.29304786250595705,0.01818181818181818,0.25311410064773293,4.913165092468262
Facebook,6,25,169,0.65,0.5,13,0.2631890714146265,0.02962962962962963,0.3094170403587444,5.162468433380127
Facebook,6,25,169,0.65,0.5,14,0.2790154101265836,0.024242424242424242,0.322620827105132,4.9257237911224365
Facebook,6,25,169,0.65,0.5,15,0.2430200403686374,0.02666666666666667,0.3183856502242152,5.15569806098938
Facebook,6,25,169,0.65,0.5,16,0.2814549018587213,0.02666666666666667,0.34055804683607377,4.918285608291626
Facebook,6,25,169,0.65,0.5,17,0.2683932491232222,0.02666666666666667,0.27329347284504235,5.082509994506836
Facebook,6,25,169,0.65,0.5,18,0.2845262372154657,0.024242424242424242,0.3208769307424016,4.9408652782440186
Facebook,6,25,169,0.65,0.5,19,0.2953637173440148,0.025,0.25062282012954656,5.096464395523071
Facebook,6,25,169,0.65,0.5,20,0.27544276659012745,0.02962962962962963,0.322620827105132,4.943286180496216
Facebook,6,25,169,0.65,0.5,21,0.2782400014642032,0.03333333333333333,0.3231190832087693,5.131328582763672
Facebook,6,25,169,0.65,0.5,22,0.27690931943337976,0.024242424242424242,0.3059292476332835,4.951440095901489
Facebook,6,25,169,0.65,0.5,23,0.26639559585159156,0.030303030303030304,0.34678624813153963,5.143402576446533
Facebook,6,25,169,0.65,0.5,24,0.27684364879205886,0.02666666666666667,0.3208769307424016,4.942880630493164
Facebook,6,25,169,0.65,0.5,25,0.2651803763395575,0.0380952380952381,0.3183856502242152,5.141841411590576
Facebook,6,25,182,0.7,0.5,1,0.26504566390891826,0.016666666666666666,0.23916292974588937,4.943325996398926
Facebook,6,25,182,0.7,0.5,2,0.23647344500098214,0.03333333333333333,0.3166417538614848,4.917724609375
Facebook,6,25,182,0.7,0.5,3,0.2701336839937421,0.02,0.2341803687095167,5.139257431030273
Facebook,6,25,182,0.7,0.5,4,0.2760503684483058,0.03333333333333333,0.32461385151968114,4.9262778759002686
Facebook,6,25,182,0.7,0.5,5,0.28447309396795706,0.02666666666666667,0.2914798206278027,5.1177403926849365
Facebook,6,25,182,0.7,0.5,6,0.2836352298844223,0.03333333333333333,0.38091679123069255,4.926935911178589
Facebook,6,25,182,0.7,0.5,7,0.2556620565200117,0.02666666666666667,0.2722969606377678,5.109167098999023
Facebook,6,25,182,0.7,0.5,8,0.2771157268261522,0.022222222222222223,0.3166417538614848,4.935568571090698
Facebook,6,25,182,0.7,0.5,9,0.25907558127245744,0.02564102564102564,0.37070254110612855,5.138647794723511
Facebook,6,25,182,0.7,0.5,10,0.2642007882556924,0.01818181818181818,0.26532137518684606,4.943115949630737
Facebook,6,25,182,0.7,0.5,11,0.2614303656069461,0.02857142857142857,0.26756352765321373,5.13586688041687
Facebook,6,25,182,0.7,0.5,12,0.2486402413765242,0.027777777777777776,0.3400597907324365,4.938122272491455
Facebook,6,25,182,0.7,0.5,13,0.2360404448264969,0.02666666666666667,0.3086696562032885,5.123734474182129
Facebook,6,25,182,0.7,0.5,14,0.2672952744932661,0.022222222222222223,0.3158943697060289,4.952326059341431
Facebook,6,25,182,0.7,0.5,15,0.2637321270038698,0.03333333333333333,0.3051818634778276,5.125422954559326
Facebook,6,25,182,0.7,0.5,16,0.2732781042325445,0.025,0.24887892376681614,4.94223952293396
Facebook,6,25,182,0.7,0.5,17,0.270706012814452,0.03333333333333333,0.3537618335824614,5.104569435119629
Facebook,6,25,182,0.7,0.5,18,0.2605017168607115,0.025,0.24862979571499752,4.919102668762207
Facebook,6,25,182,0.7,0.5,19,0.2712058431263505,0.022222222222222223,0.24962630792227206,5.14748215675354
Facebook,6,25,182,0.7,0.5,20,0.23898520681501534,0.03333333333333333,0.3166417538614848,4.906519889831543
Facebook,6,25,182,0.7,0.5,21,0.2668404540743142,0.022222222222222223,0.24987543597409068,5.135585784912109
Facebook,6,25,182,0.7,0.5,22,0.21909510922225267,0.03333333333333333,0.3208769307424016,4.9351747035980225
Facebook,6,25,182,0.7,0.5,23,0.268776462207917,0.02857142857142857,0.26482311908320877,4.942945957183838
Facebook,6,25,182,0.7,0.5,24,0.2732711036046303,0.022222222222222223,0.2705530642750374,5.126979112625122
Facebook,6,25,182,0.7,0.5,25,0.2764254923858502,0.02962962962962963,0.31265570503238665,4.9238364696502686
Facebook,6,25,195,0.75,0.5,1,0.22626796107795333,0.01818181818181818,0.2513702042850025,5.142183542251587
Facebook,6,25,195,0.75,0.5,2,0.2593277784203361,0.016666666666666666,0.25535625311410065,4.979053735733032
Facebook,6,25,195,0.75,0.5,3,0.2723661455776102,0.025,0.23891380169407075,5.131891965866089
Facebook,6,25,195,0.75,0.5,4,0.24961626606928164,0.041666666666666664,0.34080717488789236,4.940879583358765
Facebook,6,25,195,0.75,0.5,5,0.2808062744426169,0.016666666666666666,0.2907324364723468,5.160929918289185
Facebook,6,25,195,0.75,0.5,6,0.2610017373790079,0.02,0.25834578973592426,4.935853719711304
Facebook,6,25,195,0.75,0.5,7,0.27788617983987374,0.016666666666666666,0.2643248629795715,5.115245580673218
Facebook,6,25,195,0.75,0.5,8,0.262678883339048,0.03333333333333333,0.3261086198305929,4.957854986190796
Facebook,6,25,195,0.75,0.5,9,0.25525501952165497,0.024242424242424242,0.27379172894867965,5.096452713012695
Facebook,6,25,195,0.75,0.5,10,0.2849432373153832,0.030303030303030304,0.4133034379671151,4.916508913040161
Facebook,6,25,195,0.75,0.5,11,0.24562151830249615,0.03333333333333333,0.3106626806178376,5.117049694061279
Facebook,6,25,195,0.75,0.5,12,0.2788465877851579,0.01818181818181818,0.27703039362232185,4.92358922958374
Facebook,6,25,195,0.75,0.5,13,0.26523924763902423,0.022222222222222223,0.23692077727952168,5.114818334579468
Facebook,6,25,195,0.75,0.5,14,0.3041775351037941,0.016666666666666666,0.2478824115595416,4.929438352584839
Facebook,6,25,195,0.75,0.5,15,0.24452188920347429,0.03333333333333333,0.31863477827603387,5.162575721740723
Facebook,6,25,195,0.75,0.5,16,0.2702465344646814,0.03333333333333333,0.3201295465869457,4.9191834926605225
Facebook,6,25,195,0.75,0.5,17,0.2756779154345727,0.02666666666666667,0.31988041853512705,5.110213994979858
Facebook,6,25,195,0.75,0.5,18,0.2894581382213154,0.02,0.25062282012954656,4.95767879486084
Facebook,6,25,195,0.75,0.5,19,0.26431748297879415,0.03333333333333333,0.31913303437967117,4.917756795883179
Facebook,6,25,195,0.75,0.5,20,0.2600859899276547,0.024242424242424242,0.31564524165421026,5.154308319091797
Facebook,6,25,195,0.75,0.5,21,0.26802886277850047,0.01818181818181818,0.23766816143497757,4.9195990562438965
Facebook,6,25,195,0.75,0.5,22,0.27214690659304264,0.02962962962962963,0.31988041853512705,5.130705833435059
Facebook,6,25,195,0.75,0.5,23,0.27896166885322315,0.020512820512820513,0.3460388639760837,4.913116216659546
Facebook,6,25,195,0.75,0.5,24,0.2693159388725843,0.024242424242424242,0.31988041853512705,5.147234916687012
Facebook,6,25,195,0.75,0.5,25,0.2653002714034816,0.02666666666666667,0.3016940707523667,4.923304557800293
Facebook,6,25,208,0.8,0.5,1,0.26648011194830895,0.02666666666666667,0.32835077229696064,5.172242164611816
Facebook,6,25,208,0.8,0.5,2,0.28541991079446016,0.0380952380952381,0.27628300946686596,4.922164678573608
Facebook,6,25,208,0.8,0.5,3,0.26441420331205495,0.02,0.25062282012954656,5.144895076751709
Facebook,6,25,208,0.8,0.5,4,0.2785190755112428,0.01818181818181818,0.24763328350772296,4.921263933181763
Facebook,6,25,208,0.8,0.5,5,0.26866845527395333,0.023809523809523808,0.3659691081215745,5.089383125305176
Facebook,6,25,208,0.8,0.5,6,0.2646695479302217,0.02,0.24763328350772296,4.9623894691467285
Facebook,6,25,208,0.8,0.5,7,0.23643404857469902,0.024242424242424242,0.32286995515695066,5.09633469581604
Facebook,6,25,208,0.8,0.5,8,0.25715738136539523,0.02962962962962963,0.3290981564524165,4.956382751464844
Facebook,6,25,208,0.8,0.5,9,0.27198426865020897,0.030303030303030304,0.3295964125560538,5.0935680866241455
Facebook,6,25,208,0.8,0.5,10,0.27265750343861406,0.013333333333333334,0.28276033881415047,4.962239742279053
Facebook,6,25,208,0.8,0.5,11,0.27006290301955865,0.022222222222222223,0.2491280518186348,5.162389278411865
Facebook,6,25,208,0.8,0.5,12,0.2658532629505461,0.022222222222222223,0.2436472346786248,4.934248208999634
Facebook,6,25,208,0.8,0.5,13,0.26255360917280784,0.02666666666666667,0.31141006477329347,5.106228351593018
Facebook,6,25,208,0.8,0.5,14,0.27277365646679524,0.01818181818181818,0.2436472346786248,4.94976806640625
Facebook,6,25,208,0.8,0.5,15,0.24952333329816676,0.020512820512820513,0.3375685102142501,4.925314426422119
Facebook,6,25,208,0.8,0.5,16,0.28402452172024795,0.02666666666666667,0.2850024912805182,5.11039662361145
Facebook,6,25,208,0.8,0.5,17,0.24515919651144985,0.022222222222222223,0.31340308918784254,4.9347984790802
Facebook,6,25,208,0.8,0.5,18,0.27865100495747946,0.02666666666666667,0.3153961136023916,5.09783673286438
Facebook,6,25,208,0.8,0.5,19,0.2691750369818342,0.027777777777777776,0.3938714499252616,4.943197965621948
Facebook,6,25,208,0.8,0.5,20,0.2603686524693811,0.03333333333333333,0.3109118086696562,5.134590148925781
Facebook,6,25,208,0.8,0.5,21,0.26679005501651293,0.02962962962962963,0.3153961136023916,4.946812391281128
Facebook,6,25,208,0.8,0.5,22,0.24907747091721047,0.022222222222222223,0.30966616841056305,5.142626047134399
Facebook,6,25,208,0.8,0.5,23,0.25915672115206473,0.03333333333333333,0.30119581464872947,4.9692792892456055
Facebook,6,25,208,0.8,0.5,24,0.2400086350048797,0.02962962962962963,0.3171400099651221,5.140517473220825
Facebook,6,25,208,0.8,0.5,25,0.2762970123985735,0.02,0.24688589935226707,4.951643466949463
Facebook,6,25,221,0.85,0.5,1,0.2750767996480537,0.044444444444444446,0.30119581464872947,5.129070043563843
Facebook,6,25,221,0.85,0.5,2,0.2368800808579246,0.022222222222222223,0.25062282012954656,4.934876203536987
Facebook,6,25,221,0.85,0.5,3,0.2642176586612116,0.02,0.2747882411559542,5.102009296417236
Facebook,6,25,221,0.85,0.5,4,0.23676359937331146,0.02564102564102564,0.39636273044344794,4.942896127700806
Facebook,6,25,221,0.85,0.5,5,0.28646035994222424,0.025,0.24389636273044346,5.099306344985962
Facebook,6,25,221,0.85,0.5,6,0.2538943641324769,0.03333333333333333,0.2982062780269058,4.9298858642578125
Facebook,6,25,221,0.85,0.5,7,0.2412715035452046,0.02962962962962963,0.31689088191330345,5.169808626174927
Facebook,6,25,221,0.85,0.5,8,0.27078206758919954,0.030303030303030304,0.330842052815147,4.9042158126831055
Facebook,6,25,221,0.85,0.5,9,0.2714131636491136,0.016666666666666666,0.2501245640259093,5.158032417297363
Facebook,6,25,221,0.85,0.5,10,0.27575126664169697,0.022222222222222223,0.30568011958146485,4.9286439418792725
Facebook,6,25,221,0.85,0.5,11,0.2194134163850947,0.016666666666666666,0.26756352765321373,4.976654291152954
Facebook,6,25,221,0.85,0.5,12,0.2654626443429455,0.02962962962962963,0.28699551569506726,5.154925584793091
Facebook,6,25,221,0.85,0.5,13,0.26273013603351003,0.022222222222222223,0.24414549078226208,4.9592695236206055
Facebook,6,25,221,0.85,0.5,14,0.24997856917911063,0.02962962962962963,0.32536123567513703,5.133345127105713
Facebook,6,25,221,0.85,0.5,15,0.26327116169494913,0.030303030303030304,0.3901345291479821,4.937681198120117
Facebook,6,25,221,0.85,0.5,16,0.2373842701870023,0.024242424242424242,0.3238664673642252,5.140700340270996
Facebook,6,25,221,0.85,0.5,17,0.26203900946202513,0.022222222222222223,0.244892874937718,4.922945499420166
Facebook,6,25,221,0.85,0.5,18,0.2920992941049953,0.02666666666666667,0.2979571499750872,5.17406439781189
Facebook,6,25,221,0.85,0.5,19,0.29248894403587306,0.022222222222222223,0.24339810662680617,4.926035165786743
Facebook,6,25,221,0.85,0.5,20,0.2706891760747474,0.03333333333333333,0.32461385151968114,5.1340179443359375
Facebook,6,25,221,0.85,0.5,21,0.2857003857348115,0.02,0.2802690582959641,4.92543888092041
Facebook,6,25,221,0.85,0.5,22,0.26820627321058504,0.024242424242424242,0.3183856502242152,5.081718444824219
Facebook,6,25,221,0.85,0.5,23,0.27325343017081777,0.02666666666666667,0.3188839063278525,4.933760166168213
Facebook,6,25,221,0.85,0.5,24,0.2536172251611454,0.02666666666666667,0.31639262580966615,5.110102653503418
Facebook,6,25,221,0.85,0.5,25,0.27192289758852556,0.02666666666666667,0.30194319880418535,4.948110580444336
Facebook,6,25,234,0.9,0.5,1,0.2785596846420325,0.025,0.24588938714499253,5.120572805404663
Facebook,6,25,234,0.9,0.5,2,0.2752367231487939,0.022222222222222223,0.2513702042850025,4.9593682289123535
Facebook,6,25,234,0.9,0.5,3,0.2609777172777651,0.02962962962962963,0.3064275037369208,5.168849468231201
Facebook,6,25,234,0.9,0.5,4,0.27220327800033944,0.022222222222222223,0.2650722471350274,4.935868740081787
Facebook,6,25,234,0.9,0.5,5,0.23671371281948705,0.0125,0.24663677130044842,5.130485534667969
Facebook,6,25,234,0.9,0.5,6,0.24862112145392368,0.02,0.25485799701046336,4.9405646324157715
Facebook,6,25,234,0.9,0.5,7,0.23564909798631223,0.02666666666666667,0.3143996013951171,4.914057970046997
Facebook,6,25,234,0.9,0.5,8,0.26237404446802154,0.047619047619047616,0.3721973094170404,5.15248441696167
Facebook,6,25,234,0.9,0.5,9,0.27122680676014904,0.02666666666666667,0.31564524165421026,4.917552709579468
Facebook,6,25,234,0.9,0.5,10,0.2890769710327038,0.02962962962962963,0.328101644245142,5.1208176612854
Facebook,6,25,234,0.9,0.5,11,0.28322953347885516,0.02962962962962963,0.31215744892874936,4.931730508804321
Facebook,6,25,234,0.9,0.5,12,0.2697636115703991,0.030303030303030304,0.3624813153961136,5.1257476806640625
Facebook,6,25,234,0.9,0.5,13,0.2800780954587988,0.02,0.26258096661684105,4.934412240982056
Facebook,6,25,234,0.9,0.5,14,0.2693683124026957,0.03333333333333333,0.32286995515695066,5.128119707107544
Facebook,6,25,234,0.9,0.5,15,0.2806358126363052,0.02962962962962963,0.2982062780269058,4.939331293106079
Facebook,6,25,234,0.9,0.5,16,0.25680272230737006,0.02962962962962963,0.3213751868460389,5.152108669281006
Facebook,6,25,234,0.9,0.5,17,0.2747175847494094,0.01818181818181818,0.2857498754359741,4.93634557723999
Facebook,6,25,234,0.9,0.5,18,0.2290289645911401,0.024242424242424242,0.2929745889387145,5.111871004104614
Facebook,6,25,234,0.9,0.5,19,0.2709537041221122,0.01818181818181818,0.25485799701046336,4.9454505443573
Facebook,6,25,234,0.9,0.5,20,0.2584055294087854,0.02666666666666667,0.3081714000996512,5.123768329620361
Facebook,6,25,234,0.9,0.5,21,0.25622117382021026,0.025,0.26731439960139514,4.95951509475708
Facebook,6,25,234,0.9,0.5,22,0.2936430345456677,0.024242424242424242,0.30069755854509217,5.109189033508301
Facebook,6,25,234,0.9,0.5,23,0.27261501437991714,0.024242424242424242,0.3183856502242152,4.943666934967041
Facebook,6,25,234,0.9,0.5,24,0.2689274435464505,0.02962962962962963,0.3183856502242152,5.162017107009888
Facebook,6,25,234,0.9,0.5,25,0.24794713527342777,0.030303030303030304,0.36223218734429496,4.948795318603516
Facebook,6,25,247,0.95,0.5,1,0.2570979056173396,0.020512820512820513,0.3036870951669158,5.117814302444458
Facebook,6,25,247,0.95,0.5,2,0.23577182282156242,0.03333333333333333,0.3111609367214748,4.949201822280884
Facebook,6,25,247,0.95,0.5,3,0.2649797351307479,0.016666666666666666,0.2857498754359741,4.927084684371948
Facebook,6,25,247,0.95,0.5,4,0.23194307494168107,0.02666666666666667,0.3059292476332835,5.147395133972168
Facebook,6,25,247,0.95,0.5,5,0.27353168790015614,0.025,0.26681614349775784,4.936055898666382
Facebook,6,25,247,0.95,0.5,6,0.2689138379643056,0.01818181818181818,0.26905829596412556,5.1382646560668945
Facebook,6,25,247,0.95,0.5,7,0.2591064941701684,0.02962962962962963,0.31141006477329347,4.9223854541778564
Facebook,6,25,247,0.95,0.5,8,0.2400883224314044,0.047619047619047616,0.34554060787244645,5.164715528488159
Facebook,6,25,247,0.95,0.5,9,0.2862685744415225,0.02,0.27105132037867463,4.954702615737915
Facebook,6,25,247,0.95,0.5,10,0.2340069569806652,0.02962962962962963,0.30692575984055803,5.159179925918579
Facebook,6,25,247,0.95,0.5,11,0.27922028147371075,0.024242424242424242,0.3143996013951171,4.932379484176636
Facebook,6,25,247,0.95,0.5,12,0.24642990193717992,0.03333333333333333,0.3188839063278525,5.13164758682251
Facebook,6,25,247,0.95,0.5,13,0.2672502291831832,0.02666666666666667,0.31913303437967117,4.9498021602630615
Facebook,6,25,247,0.95,0.5,14,0.27578695911283446,0.024242424242424242,0.31614349775784756,5.104143381118774
Facebook,6,25,247,0.95,0.5,15,0.25730392903261473,0.03333333333333333,0.3774289985052317,4.929108381271362
Facebook,6,25,247,0.95,0.5,16,0.2688007215201489,0.022222222222222223,0.2306925759840558,5.123370170593262
Facebook,6,25,247,0.95,0.5,17,0.2850625259257771,0.02,0.24838066766317887,4.944700717926025
Facebook,6,25,247,0.95,0.5,18,0.2759925853652706,0.02666666666666667,0.32884902840059793,5.1041505336761475
Facebook,6,25,247,0.95,0.5,19,0.2897244459528506,0.02,0.23941205779770802,4.930322170257568
Facebook,6,25,247,0.95,0.5,20,0.27180009466256766,0.02666666666666667,0.28998505231689087,5.148653268814087
Facebook,6,25,247,0.95,0.5,21,0.26519633816914223,0.025,0.24887892376681614,4.947234869003296
Facebook,6,25,247,0.95,0.5,22,0.2644472675314072,0.02,0.2526158445440957,5.165701627731323
Facebook,6,25,247,0.95,0.5,23,0.2799341712098166,0.024242424242424242,0.27030393622321874,4.958119869232178
Facebook,6,25,247,0.95,0.5,24,0.2554797462132156,0.037037037037037035,0.3744394618834081,4.934829473495483
Facebook,6,25,247,0.95,0.5,25,0.28072350949253944,0.037037037037037035,0.3285999003487793,5.137441635131836
Facebook,6,25,260,1,0.5,1,0.27680287889323985,0.037037037037037035,0.34130543099152966,4.973907947540283
Facebook,6,25,260,1,0.5,2,0.27664610375569654,0.02666666666666667,0.31988041853512705,5.106491327285767
Facebook,6,25,260,1,0.5,3,0.30827007524760214,0.02,0.2493771798704534,4.973556280136108
Facebook,6,25,260,1,0.5,4,0.24523814993440848,0.025,0.2526158445440957,5.113398790359497
Facebook,6,25,260,1,0.5,5,0.23957940155331298,0.022222222222222223,0.26033881415047333,4.94920802116394
Facebook,6,25,260,1,0.5,6,0.2657237701809436,0.022222222222222223,0.2693074240159442,5.1197829246521
Facebook,6,25,260,1,0.5,7,0.27418690864251255,0.030303030303030304,0.3976083707025411,4.943297386169434
Facebook,6,25,260,1,0.5,8,0.26458093560043866,0.025,0.24663677130044842,5.141035556793213
Facebook,6,25,260,1,0.5,9,0.25954324906625914,0.024242424242424242,0.35749875435974093,4.948246002197266
Facebook,6,25,260,1,0.5,10,0.26841155087677954,0.022222222222222223,0.25959142999501744,5.119968414306641
Facebook,6,25,260,1,0.5,11,0.26651806869040456,0.024242424242424242,0.2600896860986547,4.923781871795654
Facebook,6,25,260,1,0.5,12,0.2830363993880309,0.02666666666666667,0.3193821624314898,5.119329214096069
Facebook,6,25,260,1,0.5,13,0.26866859857876035,0.02564102564102564,0.3502740408570005,4.950262546539307
Facebook,6,25,260,1,0.5,14,0.2631772756258803,0.02962962962962963,0.32062780269058294,5.12147068977356
Facebook,6,25,260,1,0.5,15,0.28003785370844214,0.024242424242424242,0.32037867463876435,4.9431984424591064
Facebook,6,25,260,1,0.5,16,0.2773259898239894,0.02,0.2894867962132536,5.179152488708496
Facebook,6,25,260,1,0.5,17,0.27228127355811943,0.022222222222222223,0.2558545092177379,4.906348705291748
Facebook,6,25,260,1,0.5,18,0.26917582861537054,0.022222222222222223,0.2807673143996014,5.138649225234985
Facebook,6,25,260,1,0.5,19,0.2771546000706823,0.0380952380952381,0.31763826606875933,4.9069414138793945
Facebook,6,25,260,1,0.5,20,0.27227128831855335,0.02857142857142857,0.24987543597409068,4.945635080337524
Facebook,6,25,260,1,0.5,21,0.2626432334128706,0.012121212121212121,0.2219730941704036,5.140378713607788
Facebook,6,25,260,1,0.5,22,0.2670115477980935,0.01904761904761905,0.3173891380169407,4.9491376876831055
Facebook,6,25,260,1,0.5,23,0.27018121657905203,0.011111111111111112,0.2593423019431988,5.144918918609619
Facebook,6,25,260,1,0.5,24,0.26717185096133506,0.02,0.24862979571499752,4.966318845748901
Facebook,6,25,260,1,0.5,25,0.29140941089649575,0.0380952380952381,0.322620827105132,5.116518974304199
Facebook,7,60,0,0,,0,0.7868235521751855,0.01282051282051282,0.3684342799698417,
Facebook,7,60,0,0,,0,0.7696441288485023,0.00404040404040404,0.1588338778587585,
Facebook,7,60,0,0,,0,0.8042701126645846,0.00784313725490196,0.3010806735360643,
Facebook,7,60,0,0,,0,0.7414715396640632,0.0027210884353741495,0.08293541090726313,
Facebook,7,60,0,0,,0,0.6903649001927975,0.01,0.4998743402865041,
Facebook,7,60,0,0,,0,0.7956686440451135,0.008333333333333333,0.34832872581050517,
Facebook,7,60,0,0,,0,0.8215771555442929,0.007407407407407408,0.09977381251570747,
Facebook,7,60,0,0,,0,0.7513178582421502,0.00522875816993464,0.3179190751445087,
Facebook,7,60,0,0,,0,0.778679269513673,0.0013605442176870747,0.1171148529781352,
Facebook,7,60,0,0,,0,0.6491613690449719,0.0026666666666666666,0.17039457150037698,
Facebook,7,60,0,0,,0,0.7315621686865796,0.010666666666666666,0.19200804222166373,
Facebook,7,60,0,0,,0,0.8296670780534353,0.016666666666666666,0.4154310128172908,
Facebook,7,60,0,0,,0,0.7333230524387169,0.016666666666666666,0.37295802965569236,
Facebook,7,60,0,0,,0,0.7774379045608205,0.007575757575757576,0.33350087961799446,
Facebook,7,60,0,0,,0,0.7240711660757677,0.012345679012345678,0.33701935159587837,
Facebook,7,60,0,0,,0,0.780932031616327,0.010752688172043012,0.33727067102287006,
Facebook,7,60,0,0,,0,0.7817802523614829,0.004081632653061225,0.19728575018848957,
Facebook,7,60,0,0,,0,0.6534414858164612,0.006201550387596899,0.30082935410907263,
Facebook,7,60,0,0,,0,0.7899254671320225,0.00522875816993464,0.1824579039959789,
Facebook,7,60,0,0,,0,0.8097014364004275,0.0011299435028248588,0.09148027142498115,
Facebook,7,60,0,0,,0,0.6387153126334243,0.013333333333333334,0.2973108821311887,
Facebook,7,60,0,0,,0,0.7416717644234068,0.005925925925925926,0.23196783111334507,
Facebook,7,60,0,0,,0,0.7163998344348463,0.02,0.45011309374214625,
Facebook,7,60,0,0,,0,0.6451748368899629,0.008888888888888889,0.2734355365669766,
Facebook,7,60,0,0,,0,0.8053424224281882,0.0013333333333333333,0.023624026137220408,
Facebook,7,60,2,0.01,0.5,1,0.2660921888989508,0.008130081300813009,0.3985926112088464,4.834446430206299
Facebook,7,60,2,0.01,0.5,2,0.26973430413455385,0.020512820512820513,0.5596883639105302,5.048836708068848
Facebook,7,60,2,0.01,0.5,3,0.2844396984665521,0.018666666666666668,0.5199798944458407,4.839418411254883
Facebook,7,60,2,0.01,0.5,4,0.2535207191856311,0.008333333333333333,0.28273435536566977,5.051412343978882
Facebook,7,60,2,0.01,0.5,5,0.2572790776818992,0.019444444444444445,0.5056546871073134,4.83227276802063
Facebook,7,60,2,0.01,0.5,6,0.2621593480579259,0.025396825396825397,0.5561698919326464,4.829472303390503
Facebook,7,60,2,0.01,0.5,7,0.2727214640721639,0.011494252873563218,0.39532545865795427,5.031965732574463
Facebook,7,60,2,0.01,0.5,8,0.29953716776786726,0.019753086419753086,0.5634581553154059,4.825636386871338
Facebook,7,60,2,0.01,0.5,9,0.2876683529892332,0.016666666666666666,0.49308871575772806,5.024441957473755
Facebook,7,60,2,0.01,0.5,10,0.2760228536450706,0.017948717948717947,0.5202312138728323,4.833773374557495
Facebook,7,60,2,0.01,0.5,11,0.27620453892051816,0.017391304347826087,0.370696154812767,5.06400728225708
Facebook,7,60,2,0.01,0.5,12,0.2763716718426219,0.014035087719298246,0.31817039457150037,4.831517696380615
Facebook,7,60,2,0.01,0.5,13,0.28247053546165796,0.011111111111111112,0.43377733098768534,5.045628309249878
Facebook,7,60,2,0.01,0.5,14,0.27082998093252203,0.02857142857142857,0.5787886403618999,4.841340065002441
Facebook,7,60,2,0.01,0.5,15,0.2574171271779307,0.029333333333333333,0.8170394571500377,5.045445680618286
Facebook,7,60,2,0.01,0.5,16,0.2747474944885112,0.006060606060606061,0.2719276200050264,4.836137056350708
Facebook,7,60,2,0.01,0.5,17,0.2609609837055831,0.03508771929824561,0.6217642623774817,5.015908241271973
Facebook,7,60,2,0.01,0.5,18,0.257171994711736,0.030303030303030304,0.6285498869062579,4.846384286880493
Facebook,7,60,2,0.01,0.5,19,0.2617849044047148,0.013793103448275862,0.47021864790148277,5.029016494750977
Facebook,7,60,2,0.01,0.5,20,0.26336908616479304,0.013333333333333334,0.45011309374214625,4.848176956176758
Facebook,7,60,2,0.01,0.5,21,0.2663225249740536,0.011382113821138212,0.47021864790148277,5.054973602294922
Facebook,7,60,2,0.01,0.5,22,0.26101529350050084,0.006944444444444444,0.44609198291027896,4.85741925239563
Facebook,7,60,2,0.01,0.5,23,0.24553340244660232,0.050980392156862744,0.8698165368182961,5.095019817352295
Facebook,7,60,2,0.01,0.5,24,0.2663925650446334,0.008130081300813009,0.35586830862025637,4.864347219467163
Facebook,7,60,2,0.01,0.5,25,0.2674697192903728,0.016666666666666666,0.4938426740387032,5.0845067501068115
Facebook,7,60,10,0.05,0.5,1,0.26700938838232635,0.007751937984496124,0.35913546117114853,4.88990592956543
Facebook,7,60,10,0.05,0.5,2,0.293722293363229,0.022916666666666665,0.7167630057803468,4.844284772872925
Facebook,7,60,10,0.05,0.5,3,0.25821246368823164,0.016666666666666666,0.5212364915807992,5.056854724884033
Facebook,7,60,10,0.05,0.5,4,0.24733398802228188,0.03508771929824561,0.6416184971098265,4.8510823249816895
Facebook,7,60,10,0.05,0.5,5,0.2735186556232829,0.005673758865248227,0.29027393817542096,5.045325756072998
Facebook,7,60,10,0.05,0.5,6,0.2549658285339208,0.010256410256410256,0.4629303845187233,4.845395565032959
Facebook,7,60,10,0.05,0.5,7,0.27906463312696306,0.0380952380952381,0.5403367680321689,5.0482048988342285
Facebook,7,60,10,0.05,0.5,8,0.2644453966566112,0.014141414141414142,0.4656948982156321,4.894856691360474
Facebook,7,60,10,0.05,0.5,9,0.2464487911426863,0.07878787878787878,0.8680573008293541,5.154309272766113
Facebook,7,60,10,0.05,0.5,10,0.2649785412150206,0.009523809523809525,0.4355365669766273,4.84878945350647
Facebook,7,60,10,0.05,0.5,11,0.28433850928939053,0.0375,0.6418698165368183,5.0633955001831055
Facebook,7,60,10,0.05,0.5,12,0.279271593872132,0.014583333333333334,0.4672028147775823,4.833078145980835
Facebook,7,60,10,0.05,0.5,13,0.25726141094095484,0.006060606060606061,0.275697411409902,5.045438528060913
Facebook,7,60,10,0.05,0.5,14,0.25835812323351065,0.03529411764705882,0.6406132194018598,4.862138509750366
Facebook,7,60,10,0.05,0.5,15,0.27544568387592244,0.022222222222222223,0.47675295300326714,5.01747727394104
Facebook,7,60,10,0.05,0.5,16,0.2609960406454981,0.028070175438596492,0.5576778084945966,4.849066495895386
Facebook,7,60,10,0.05,0.5,17,0.2568727322465552,0.025396825396825397,0.583061070620759,5.0592944622039795
Facebook,7,60,10,0.05,0.5,18,0.2697055076133356,0.00851063829787234,0.42096004021110833,4.886733055114746
Facebook,7,60,10,0.05,0.5,19,0.2827399138537266,0.00909090909090909,0.42246795677305854,5.086580991744995
Facebook,7,60,10,0.05,0.5,20,0.25912191130800305,0.004166666666666667,0.22467956773058556,4.854050874710083
Facebook,7,60,10,0.05,0.5,21,0.27354400592618283,0.02962962962962963,0.47700427243025884,5.040597200393677
Facebook,7,60,10,0.05,0.5,22,0.26634747331686426,0.007692307692307693,0.4061321940185976,4.862202405929565
Facebook,7,60,10,0.05,0.5,23,0.26973159440442485,0.004166666666666667,0.25911032922844934,4.8476128578186035
Facebook,7,60,10,0.05,0.5,24,0.2629152388577107,0.015,0.6122141241517969,5.076075792312622
Facebook,7,60,10,0.05,0.5,25,0.280042287526913,0.022222222222222223,0.482030660970093,4.837462663650513
Facebook,7,60,20,0.1,0.5,1,0.26423699553670604,0.006944444444444444,0.3923096255340538,5.03754448890686
Facebook,7,60,20,0.1,0.5,2,0.25873108247761584,0.01616161616161616,0.5302839909525007,4.835730075836182
Facebook,7,60,20,0.1,0.5,3,0.2638533491944248,0.016666666666666666,0.4669514953505906,5.116319894790649
Facebook,7,60,20,0.1,0.5,4,0.257346529287,0.0125,0.42322191505403367,4.870975494384766
Facebook,7,60,20,0.1,0.5,5,0.2767348727299105,0.015053763440860216,0.5101784367931641,5.082315683364868
Facebook,7,60,20,0.1,0.5,6,0.2788322195557283,0.03111111111111111,0.4898215632068359,4.864290237426758
Facebook,7,60,20,0.1,0.5,7,0.2400505171633635,0.008695652173913044,0.4403116360894697,5.125326156616211
Facebook,7,60,20,0.1,0.5,8,0.244357070908918,0.03666666666666667,0.7014325207338528,4.86431622505188
Facebook,7,60,20,0.1,0.5,9,0.2738062681833867,0.00980392156862745,0.39205830610706205,5.0403101444244385
Facebook,7,60,20,0.1,0.5,10,0.2634906181613595,0.020833333333333332,0.6345815531540588,4.863917589187622
Facebook,7,60,20,0.1,0.5,11,0.2936152702199766,0.016666666666666666,0.6451369690877105,5.038005113601685
Facebook,7,60,20,0.1,0.5,12,0.26690837196042777,0.00909090909090909,0.3855240010052777,4.865165710449219
Facebook,7,60,20,0.1,0.5,13,0.27411046183008264,0.022222222222222223,0.5144508670520231,5.083405494689941
Facebook,7,60,20,0.1,0.5,14,0.27905614993760836,0.011666666666666667,0.5614475998994722,4.872696399688721
Facebook,7,60,20,0.1,0.5,15,0.2806454756742282,0.03529411764705882,0.5760241266649913,5.116972208023071
Facebook,7,60,20,0.1,0.5,16,0.2719822217933667,0.03859649122807018,0.7325961296808243,4.875144958496094
Facebook,7,60,20,0.1,0.5,17,0.2766227768157708,0.017391304347826087,0.45237496858507165,5.04969334602356
Facebook,7,60,20,0.1,0.5,18,0.2619681398300062,0.00980392156862745,0.4176928876602161,4.90676212310791
Facebook,7,60,20,0.1,0.5,19,0.2719854935458323,0.007407407407407408,0.24654435787886403,4.854722023010254
Facebook,7,60,20,0.1,0.5,20,0.28358654374167575,0.016666666666666666,0.6164865544106559,5.0880255699157715
Facebook,7,60,20,0.1,0.5,21,0.27469722858813916,0.01,0.412666499120382,4.859109401702881
Facebook,7,60,20,0.1,0.5,22,0.27537999350448483,0.015384615384615385,0.4405629555164614,5.060345888137817
Facebook,7,60,20,0.1,0.5,23,0.28947536094799486,0.013888888888888888,0.31741643629052524,4.872803449630737
Facebook,7,60,20,0.1,0.5,24,0.2818557959843432,0.012345679012345678,0.3292284493591355,5.069172143936157
Facebook,7,60,20,0.1,0.5,25,0.2758170643870371,0.007751937984496124,0.41819552651419956,4.943574666976929
Facebook,7,60,31,0.15,0.5,1,0.2636085231731991,0.018666666666666668,0.4644383010806735,5.106509208679199
Facebook,7,60,31,0.15,0.5,2,0.2694165430319471,0.03529411764705882,0.5697411409901986,4.860668659210205
Facebook,7,60,31,0.15,0.5,3,0.2832573338733065,0.043137254901960784,0.78939432018095,5.066514015197754
Facebook,7,60,31,0.15,0.5,4,0.3166268623233209,0.008888888888888889,0.4016084443327469,4.9013378620147705
Facebook,7,60,31,0.15,0.5,5,0.2717169900472704,0.005673758865248227,0.2596129680824328,5.0614800453186035
Facebook,7,60,31,0.15,0.5,6,0.2785741074533315,0.016666666666666666,0.6619753706961549,4.878190994262695
Facebook,7,60,31,0.15,0.5,7,0.26151700358926355,0.042105263157894736,0.8162854988690625,5.032012701034546
Facebook,7,60,31,0.15,0.5,8,0.2913088348436236,0.011666666666666667,0.48303593867805983,4.90272855758667
Facebook,7,60,31,0.15,0.5,9,0.2821796672800424,0.009523809523809525,0.4531289268660467,5.058428525924683
Facebook,7,60,31,0.15,0.5,10,0.2892089872094085,0.01904761904761905,0.5657200301583313,4.840072870254517
Facebook,7,60,31,0.15,0.5,11,0.2766149372114457,0.021212121212121213,0.39205830610706205,5.092226028442383
Facebook,7,60,31,0.15,0.5,12,0.2626389866852405,0.03111111111111111,0.4895702437798442,4.876666784286499
Facebook,7,60,31,0.15,0.5,13,0.26425091391694927,0.011666666666666667,0.45740135712490576,5.061560869216919
Facebook,7,60,31,0.15,0.5,14,0.2686534618099073,0.007751937984496124,0.3239507413923096,4.851226806640625
Facebook,7,60,31,0.15,0.5,15,0.26269414349889086,0.027777777777777776,0.6800703694395577,4.883504390716553
Facebook,7,60,31,0.15,0.5,16,0.2677722636022977,0.008888888888888889,0.34405629555164613,5.044824600219727
Facebook,7,60,31,0.15,0.5,17,0.2642544244548564,0.03529411764705882,0.6009047499371701,4.880447149276733
Facebook,7,60,31,0.15,0.5,18,0.27364203054689235,0.037037037037037035,0.6886152299572756,5.0706164836883545
Facebook,7,60,31,0.15,0.5,19,0.24726056541483624,0.00641025641025641,0.34782608695652173,4.93733549118042
Facebook,7,60,31,0.15,0.5,20,0.2370185398598633,0.010752688172043012,0.3279718522241769,5.043931007385254
Facebook,7,60,31,0.15,0.5,21,0.279154408426566,0.020289855072463767,0.4433274692133702,4.851289510726929
Facebook,7,60,31,0.15,0.5,22,0.26844358877039537,0.007575757575757576,0.3659210856999246,5.066945791244507
Facebook,7,60,31,0.15,0.5,23,0.2593306407183371,0.03333333333333333,0.48027142498115105,4.850468397140503
Facebook,7,60,31,0.15,0.5,24,0.23433703635300826,0.03333333333333333,0.6114601658708219,5.117671966552734
Facebook,7,60,31,0.15,0.5,25,0.24145709499635934,0.011904761904761904,0.40588087459160593,4.868329763412476
Facebook,7,60,41,0.2,0.5,1,0.2638340608843387,0.014414414414414415,0.5870821814526263,5.04540228843689
Facebook,7,60,41,0.2,0.5,2,0.27828476990194995,0.02608695652173913,0.595124403116361,4.859405755996704
Facebook,7,60,41,0.2,0.5,3,0.22863082696539036,0.02318840579710145,0.6177431515456144,5.035958766937256
Facebook,7,60,41,0.2,0.5,4,0.27301910027343085,0.014285714285714285,0.6192510681075647,4.866094589233398
Facebook,7,60,41,0.2,0.5,5,0.2598145755896379,0.05128205128205128,0.7680321688866549,5.054495334625244
Facebook,7,60,41,0.2,0.5,6,0.2603738022860917,0.020512820512820513,0.4908268409148027,4.870373964309692
Facebook,7,60,41,0.2,0.5,7,0.22749301988544418,0.03529411764705882,0.6272932897712993,5.087257623672485
Facebook,7,60,41,0.2,0.5,8,0.2690515450581545,0.02142857142857143,0.665242523247047,4.866244316101074
Facebook,7,60,41,0.2,0.5,9,0.2674672695094452,0.019753086419753086,0.5310379492334757,5.085432529449463
Facebook,7,60,41,0.2,0.5,10,0.2554539297229345,0.018666666666666668,0.48806232721789394,4.86143684387207
Facebook,7,60,41,0.2,0.5,11,0.28881256742871536,0.023333333333333334,0.5224930887157577,4.879987955093384
Facebook,7,60,41,0.2,0.5,12,0.27099098852478243,0.015,0.591605931138477,5.040577411651611
Facebook,7,60,41,0.2,0.5,13,0.2641142967147506,0.02857142857142857,0.6340789143000753,4.840788841247559
Facebook,7,60,41,0.2,0.5,14,0.264327817729943,0.011666666666666667,0.48303593867805983,5.031717777252197
Facebook,7,60,41,0.2,0.5,15,0.25603126185587716,0.025,0.5946217642623775,4.842446804046631
Facebook,7,60,41,0.2,0.5,16,0.26946637605754303,0.015238095238095238,0.46041719024880623,5.04126763343811
Facebook,7,60,41,0.2,0.5,17,0.26916055843254283,0.006802721088435374,0.3239507413923096,4.8551857471466064
Facebook,7,60,41,0.2,0.5,18,0.2872184606983808,0.019444444444444445,0.4775069112842423,5.0457000732421875
Facebook,7,60,41,0.2,0.5,19,0.23008081848694614,0.01728395061728395,0.4719778838904247,4.850568056106567
Facebook,7,60,41,0.2,0.5,20,0.2866419791168459,0.06153846153846154,0.8316159839155567,5.066499948501587
Facebook,7,60,41,0.2,0.5,21,0.25434117733525574,0.0375,0.5725056546871073,4.869601011276245
Facebook,7,60,41,0.2,0.5,22,0.21778463669329776,0.07878787878787878,0.8627795928625283,5.0492165088653564
Facebook,7,60,41,0.2,0.5,23,0.25421618130324464,0.031746031746031744,0.6619753706961549,4.8630146980285645
Facebook,7,60,41,0.2,0.5,24,0.26707681479349654,0.0125,0.35209851721538077,5.0408775806427
Facebook,7,60,41,0.2,0.5,25,0.24533686865903132,0.02619047619047619,0.7632570997738125,4.866267204284668
Facebook,7,60,51,0.25,0.5,1,0.27734658268549134,0.035555555555555556,0.5664739884393064,5.042914867401123
Facebook,7,60,51,0.25,0.5,2,0.2755201620688764,0.017391304347826087,0.39683337521990447,4.87814474105835
Facebook,7,60,51,0.25,0.5,3,0.2505548619689957,0.04888888888888889,0.7730585574264891,5.131219148635864
Facebook,7,60,51,0.25,0.5,4,0.2621204380304485,0.016666666666666666,0.402362402613722,4.896022796630859
Facebook,7,60,51,0.25,0.5,5,0.27234020608053516,0.008695652173913044,0.43151545614476,5.093345403671265
Facebook,7,60,51,0.25,0.5,6,0.2880892889653143,0.022222222222222223,0.6843427996984167,4.881958246231079
Facebook,7,60,51,0.25,0.5,7,0.26686388362274416,0.0196078431372549,0.6587082181452626,4.904170274734497
Facebook,7,60,51,0.25,0.5,8,0.25846372991217775,0.07222222222222222,0.8957024377984418,5.101996183395386
Facebook,7,60,51,0.25,0.5,9,0.2264723068626858,0.023076923076923078,0.6122141241517969,4.8983001708984375
Facebook,7,60,51,0.25,0.5,10,0.2570349592683164,0.03333333333333333,0.6222669012314652,5.162109136581421
Facebook,7,60,51,0.25,0.5,11,0.27959337660215744,0.011666666666666667,0.47675295300326714,4.953866481781006
Facebook,7,60,51,0.25,0.5,12,0.2819590935891501,0.03333333333333333,0.5805478763508419,5.092338800430298
Facebook,7,60,51,0.25,0.5,13,0.24568701241086074,0.022988505747126436,0.703694395576778,4.897256135940552
Facebook,7,60,51,0.25,0.5,14,0.23962784149646413,0.028070175438596492,0.5473737119879367,5.098930358886719
Facebook,7,60,51,0.25,0.5,15,0.26785299983420613,0.016666666666666666,0.5511435033928123,4.89855170249939
Facebook,7,60,51,0.25,0.5,16,0.2921683488077706,0.020289855072463767,0.5023875345564212,5.126534938812256
Facebook,7,60,51,0.25,0.5,17,0.2838344978279387,0.02456140350877193,0.5109323950741392,4.936547756195068
Facebook,7,60,51,0.25,0.5,18,0.27557742925075634,0.0196078431372549,0.5604423221915054,5.144626617431641
Facebook,7,60,51,0.25,0.5,19,0.2616076241724084,0.014814814814814815,0.5682332244282483,4.994244813919067
Facebook,7,60,51,0.25,0.5,20,0.26597196380757143,0.025396825396825397,0.5149535059060065,5.16973876953125
Facebook,7,60,51,0.25,0.5,21,0.2670297235154543,0.021212121212121213,0.5124403116360895,4.985565185546875
Facebook,7,60,51,0.25,0.5,22,0.23312183031935904,0.025396825396825397,0.5503895451118371,5.215267181396484
Facebook,7,60,51,0.25,0.5,23,0.2730808836210013,0.024242424242424242,0.5338024629303845,4.910259008407593
Facebook,7,60,51,0.25,0.5,24,0.2713556947918513,0.010101010101010102,0.3103794923347575,5.096861362457275
Facebook,7,60,51,0.25,0.5,25,0.2660130538028488,0.019753086419753086,0.5355616989193265,4.861545562744141
Facebook,7,60,62,0.3,0.5,1,0.2724877913731977,0.0375,0.597637597386278,5.08941912651062
Facebook,7,60,62,0.3,0.5,2,0.2730195391435483,0.016666666666666666,0.5152048253329983,4.855814218521118
Facebook,7,60,62,0.3,0.5,3,0.2618819063623656,0.03333333333333333,0.6154812767026892,4.879568099975586
Facebook,7,60,62,0.3,0.5,4,0.27169645120143604,0.022988505747126436,0.7167630057803468,5.089441299438477
Facebook,7,60,62,0.3,0.5,5,0.2732788258676256,0.03333333333333333,0.5810505152048253,4.874445915222168
Facebook,7,60,62,0.3,0.5,6,0.2772060829078545,0.031746031746031744,0.6559437044483538,5.064796447753906
Facebook,7,60,62,0.3,0.5,7,0.26434722757573514,0.0375,0.5740135712490575,4.8666980266571045
Facebook,7,60,62,0.3,0.5,8,0.2933845902646476,0.04,0.5946217642623775,5.05949854850769
Facebook,7,60,62,0.3,0.5,9,0.27762859132416856,0.043137254901960784,0.7049509927117367,4.859466314315796
Facebook,7,60,62,0.3,0.5,10,0.2731026128460596,0.014285714285714285,0.48454385524001004,5.055471897125244
Facebook,7,60,62,0.3,0.5,11,0.2684858093122461,0.0962962962962963,0.8479517466700176,5.03806471824646
Facebook,7,60,62,0.3,0.5,12,0.2613209932259657,0.00909090909090909,0.4835385775320432,5.2225258350372314
Facebook,7,60,62,0.3,0.5,13,0.26032817139561576,0.03529411764705882,0.6305604423221915,5.014096736907959
Facebook,7,60,62,0.3,0.5,14,0.2978501718503301,0.015053763440860216,0.5229957275697411,5.14043664932251
Facebook,7,60,62,0.3,0.5,15,0.2720783517482806,0.02,0.6272932897712993,4.962247610092163
Facebook,7,60,62,0.3,0.5,16,0.23307284043071855,0.047619047619047616,0.6685096757979392,5.140485525131226
Facebook,7,60,62,0.3,0.5,17,0.2779335403616213,0.014141414141414142,0.48680573008293543,4.945155143737793
Facebook,7,60,62,0.3,0.5,18,0.2628777165554796,0.05641025641025641,0.8524754963558683,5.1399548053741455
Facebook,7,60,62,0.3,0.5,19,0.2692965055966722,0.020512820512820513,0.5913546117114853,4.952656507492065
Facebook,7,60,62,0.3,0.5,20,0.26668082296375534,0.043137254901960784,0.7707966825835637,5.173732280731201
Facebook,7,60,62,0.3,0.5,21,0.26469860135900414,0.029166666666666667,0.5021362151294295,4.9416515827178955
Facebook,7,60,62,0.3,0.5,22,0.281247346962205,0.03,0.6245287760743905,5.146773099899292
Facebook,7,60,62,0.3,0.5,23,0.27327983131252787,0.031578947368421054,0.5506408645388289,4.923030853271484
Facebook,7,60,62,0.3,0.5,24,0.2501509375163449,0.07272727272727272,0.7715506408645388,4.9556286334991455
Facebook,7,60,62,0.3,0.5,25,0.26545178727672836,0.0392156862745098,0.6582055792912792,5.109475135803223
Facebook,7,60,72,0.35,0.5,1,0.2860393634613443,0.024,0.6215129429504901,4.958918333053589
Facebook,7,60,72,0.35,0.5,2,0.26985797702092423,0.04888888888888889,0.7479266147273185,5.1124749183654785
Facebook,7,60,72,0.35,0.5,3,0.24581949813469575,0.047058823529411764,0.7861271676300579,4.947280645370483
Facebook,7,60,72,0.35,0.5,4,0.26774202582966083,0.029166666666666667,0.4596632319678311,5.112837076187134
Facebook,7,60,72,0.35,0.5,5,0.2824670116958452,0.006802721088435374,0.30459914551394823,4.964263677597046
Facebook,7,60,72,0.35,0.5,6,0.2744697219168144,0.035555555555555556,0.5141995476250314,5.13184118270874
Facebook,7,60,72,0.35,0.5,7,0.25987089211785386,0.02666666666666667,0.6473988439306358,4.9528279304504395
Facebook,7,60,72,0.35,0.5,8,0.2252643154527204,0.027777777777777776,0.703694395576778,5.102829456329346
Facebook,7,60,72,0.35,0.5,9,0.26743168436595016,0.040740740740740744,0.808243277205328,4.942077398300171
Facebook,7,60,72,0.35,0.5,10,0.26797774118609574,0.05238095238095238,0.7587333500879618,5.103928327560425
Facebook,7,60,72,0.35,0.5,11,0.2820004997068041,0.022222222222222223,0.5116863533551144,4.95841646194458
Facebook,7,60,72,0.35,0.5,12,0.24199208731003088,0.04,0.6328223171651168,5.093120813369751
Facebook,7,60,72,0.35,0.5,13,0.2834737161216707,0.03666666666666667,0.7924101533048504,4.909876585006714
Facebook,7,60,72,0.35,0.5,14,0.27886954788165763,0.015053763440860216,0.4782608695652174,5.13441014289856
Facebook,7,60,72,0.35,0.5,15,0.28604281226499334,0.02318840579710145,0.5526514199547625,4.929188966751099
Facebook,7,60,72,0.35,0.5,16,0.28283199963217615,0.02318840579710145,0.5064086453882886,5.176752090454102
Facebook,7,60,72,0.35,0.5,17,0.2773587373710186,0.02564102564102564,0.6255340537823574,4.903855800628662
Facebook,7,60,72,0.35,0.5,18,0.2620292072368896,0.013888888888888888,0.4207087207841166,5.096197605133057
Facebook,7,60,72,0.35,0.5,19,0.28676510946861905,0.01728395061728395,0.48906760492586077,4.929190158843994
Facebook,7,60,72,0.35,0.5,20,0.2568818713999132,0.025396825396825397,0.49937170143252074,4.907012939453125
Facebook,7,60,72,0.35,0.5,21,0.2731127110693944,0.044444444444444446,0.5285247549635587,5.0679497718811035
Facebook,7,60,72,0.35,0.5,22,0.2739800137942701,0.03188405797101449,0.7119879366675044,4.912588119506836
Facebook,7,60,72,0.35,0.5,23,0.2754594292146654,0.014583333333333334,0.4749937170143252,5.091999053955078
Facebook,7,60,72,0.35,0.5,24,0.263178825233648,0.02318840579710145,0.5149535059060065,4.873331069946289
Facebook,7,60,72,0.35,0.5,25,0.25307447244905773,0.02727272727272727,0.6024126664991204,5.074487686157227
Facebook,7,60,82,0.4,0.5,1,0.24544761719137456,0.06190476190476191,0.8517215380748931,4.914329290390015
Facebook,7,60,82,0.4,0.5,2,0.25893545407286594,0.04583333333333333,0.7361146016587082,5.106616973876953
Facebook,7,60,82,0.4,0.5,3,0.25187978761198926,0.009523809523809525,0.34078914300075397,4.912299156188965
Facebook,7,60,82,0.4,0.5,4,0.2736533300194544,0.05128205128205128,0.6727821060567982,5.10520601272583
Facebook,7,60,82,0.4,0.5,5,0.27998322225892475,0.011764705882352941,0.44181955265142,4.90954852104187
Facebook,7,60,82,0.4,0.5,6,0.2631547535620306,0.08148148148148149,0.7564714752450364,5.0641930103302
Facebook,7,60,82,0.4,0.5,7,0.2646645419243596,0.02727272727272727,0.6587082181452626,4.9113805294036865
Facebook,7,60,82,0.4,0.5,8,0.25333371728813897,0.015555555555555555,0.45790399597888914,5.093935966491699
Facebook,7,60,82,0.4,0.5,9,0.2660176838738591,0.030303030303030304,0.6446343302337271,4.912012577056885
Facebook,7,60,82,0.4,0.5,10,0.2808661602232552,0.04583333333333333,0.7682834883136467,5.079042434692383
Facebook,7,60,82,0.4,0.5,11,0.2254656080488326,0.02619047619047619,0.7210354360392058,4.933642864227295
Facebook,7,60,82,0.4,0.5,12,0.22598703481276225,0.06666666666666667,0.8597637597386278,5.157727479934692
Facebook,7,60,82,0.4,0.5,13,0.24687237499519768,0.04888888888888889,0.7444081427494346,4.936263084411621
Facebook,7,60,82,0.4,0.5,14,0.25602740108156774,0.016091954022988506,0.4998743402865041,5.139995574951172
Facebook,7,60,82,0.4,0.5,15,0.2782794819190071,0.024242424242424242,0.5501382256848454,4.936800956726074
Facebook,7,60,82,0.4,0.5,16,0.23368297111871678,0.06666666666666667,0.71575772807238,4.912410259246826
Facebook,7,60,82,0.4,0.5,17,0.250762569493214,0.031578947368421054,0.5875848203066097,5.147151231765747
Facebook,7,60,82,0.4,0.5,18,0.27961073461641145,0.03859649122807018,0.7315908519728574,4.919828414916992
Facebook,7,60,82,0.4,0.5,19,0.26228653252250195,0.024,0.5820557929127922,5.158705949783325
Facebook,7,60,82,0.4,0.5,20,0.27217078950868584,0.013333333333333334,0.5451118371450113,4.922098159790039
Facebook,7,60,82,0.4,0.5,21,0.26805795850603814,0.021505376344086023,0.6984166876099522,5.142336368560791
Facebook,7,60,82,0.4,0.5,22,0.23410014840837784,0.04583333333333333,0.7079668258356371,4.904916524887085
Facebook,7,60,82,0.4,0.5,23,0.26490414924495304,0.020202020202020204,0.6330736365921086,5.142674922943115
Facebook,7,60,82,0.4,0.5,24,0.28026519839258973,0.010852713178294573,0.4913294797687861,4.9351747035980225
Facebook,7,60,82,0.4,0.5,25,0.27686345020406034,0.022222222222222223,0.4317667755717517,5.18807053565979
Facebook,7,60,92,0.45,0.5,1,0.27799658595191223,0.05555555555555555,0.6365921085699925,4.91919469833374
Facebook,7,60,92,0.45,0.5,2,0.2751957796904523,0.03,0.6682583563709474,5.090567111968994
Facebook,7,60,92,0.45,0.5,3,0.2721683902864721,0.06111111111111111,0.7150037697914049,4.9380717277526855
Facebook,7,60,92,0.45,0.5,4,0.2751139050445011,0.05555555555555555,0.6413671776828349,5.103193759918213
Facebook,7,60,92,0.45,0.5,5,0.2670532443204242,0.03137254901960784,0.5413420457401357,4.936213731765747
Facebook,7,60,92,0.45,0.5,6,0.27147388244902215,0.030303030303030304,0.6873586328223171,5.122433423995972
Facebook,7,60,92,0.45,0.5,7,0.2569500702963452,0.06190476190476191,0.9004775069112843,4.940580606460571
Facebook,7,60,92,0.45,0.5,8,0.28022128410431546,0.01728395061728395,0.4584066348328726,5.1480913162231445
Facebook,7,60,92,0.45,0.5,9,0.28716690329317734,0.020289855072463767,0.44584066348328727,4.945392370223999
Facebook,7,60,92,0.45,0.5,10,0.21123671831266969,0.027160493827160494,0.7094747423975873,5.123527526855469
Facebook,7,60,92,0.45,0.5,11,0.2648345528935466,0.01875,0.6325709977381252,4.931581735610962
Facebook,7,60,92,0.45,0.5,12,0.292509245398738,0.03529411764705882,0.7009298818798693,4.937672138214111
Facebook,7,60,92,0.45,0.5,13,0.2711830312257114,0.030303030303030304,0.6901231465192259,5.159552335739136
Facebook,7,60,92,0.45,0.5,14,0.2541701842239619,0.02608695652173913,0.5785373209349083,4.9134681224823
Facebook,7,60,92,0.45,0.5,15,0.2985207573957664,0.07222222222222222,0.8678059814023624,5.156967878341675
Facebook,7,60,92,0.45,0.5,16,0.27482984948475525,0.020289855072463767,0.5114350339281226,4.9151599407196045
Facebook,7,60,92,0.45,0.5,17,0.25233414970419027,0.01839080459770115,0.5722543352601156,5.108909606933594
Facebook,7,60,92,0.45,0.5,18,0.27080677168145423,0.031578947368421054,0.5126916310630811,4.9627110958099365
Facebook,7,60,92,0.45,0.5,19,0.2701809057452971,0.02528735632183908,0.6863533551143504,5.1194984912872314
Facebook,7,60,92,0.45,0.5,20,0.2853699847719733,0.043137254901960784,0.6916310630811762,4.914047479629517
Facebook,7,60,92,0.45,0.5,21,0.25893992256596404,0.03859649122807018,0.7202814777582307,5.140095949172974
Facebook,7,60,92,0.45,0.5,22,0.25898751798459535,0.030555555555555555,0.8255843176677558,4.935330629348755
Facebook,7,60,92,0.45,0.5,23,0.2334868812296256,0.044444444444444446,0.6391053028399095,5.096827745437622
Facebook,7,60,92,0.45,0.5,24,0.23374845660511182,0.04888888888888889,0.7142498115104298,4.978738307952881
Facebook,7,60,92,0.45,0.5,25,0.24210487686532955,0.03492063492063492,0.7559688363910531,5.093864440917969
Facebook,7,60,102,0.5,0.5,1,0.2706366716824042,0.08888888888888889,0.77909022367429,4.905472993850708
Facebook,7,60,102,0.5,0.5,2,0.27844701274340483,0.03333333333333333,0.5001256597134959,5.079014778137207
Facebook,7,60,102,0.5,0.5,3,0.26994783545467305,0.028985507246376812,0.5911032922844935,4.931925535202026
Facebook,7,60,102,0.5,0.5,4,0.24697947481833749,0.06666666666666667,0.7378738376476501,5.133915901184082
Facebook,7,60,102,0.5,0.5,5,0.2667971221600963,0.01904761904761905,0.5330485046494094,4.916493654251099
Facebook,7,60,102,0.5,0.5,6,0.23332486261936589,0.08666666666666667,0.875848203066097,5.098944664001465
Facebook,7,60,102,0.5,0.5,7,0.27215647447637537,0.041025641025641026,0.5270168384016084,4.885965347290039
Facebook,7,60,102,0.5,0.5,8,0.26497981652200003,0.07272727272727272,0.7828600150791656,4.93436598777771
Facebook,7,60,102,0.5,0.5,9,0.26671501158272193,0.02666666666666667,0.5131942699170646,5.105704307556152
Facebook,7,60,102,0.5,0.5,10,0.27206324506948115,0.05238095238095238,0.7783362653933149,4.875042915344238
Facebook,7,60,102,0.5,0.5,11,0.26720054799883625,0.025396825396825397,0.5438552400100528,5.129355192184448
Facebook,7,60,102,0.5,0.5,12,0.2702775758527122,0.04583333333333333,0.8130183463181704,4.879211902618408
Facebook,7,60,102,0.5,0.5,13,0.2813108529448682,0.06666666666666667,0.7758230711233979,5.091901779174805
Facebook,7,60,102,0.5,0.5,14,0.27637634728083044,0.020833333333333332,0.7127418949484795,4.888922214508057
Facebook,7,60,102,0.5,0.5,15,0.28591758746092355,0.03333333333333333,0.5911032922844935,5.1213014125823975
Facebook,7,60,102,0.5,0.5,16,0.25362668748298456,0.06666666666666667,0.8456898718270922,4.89585542678833
Facebook,7,60,102,0.5,0.5,17,0.2725078166457652,0.04285714285714286,0.6556923850213622,5.1121299266815186
Facebook,7,60,102,0.5,0.5,18,0.2390329956954835,0.05238095238095238,0.7416436290525258,4.896551132202148
Facebook,7,60,102,0.5,0.5,19,0.27662391005352177,0.031746031746031744,0.7283236994219653,5.069355010986328
Facebook,7,60,102,0.5,0.5,20,0.2753741621492796,0.011111111111111112,0.4403116360894697,4.877351522445679
Facebook,7,60,102,0.5,0.5,21,0.2756291767809567,0.023655913978494623,0.7481779341543101,5.05783486366272
Facebook,7,60,102,0.5,0.5,22,0.23417298191037372,0.07222222222222222,0.8954511183714501,4.929724454879761
Facebook,7,60,102,0.5,0.5,23,0.270688295718938,0.07333333333333333,0.7330987685348077,5.101472616195679
Facebook,7,60,102,0.5,0.5,24,0.2616439358815265,0.031746031746031744,0.6541844684594119,4.917949199676514
Facebook,7,60,102,0.5,0.5,25,0.2719255305519008,0.015238095238095238,0.5358130183463181,5.188833713531494
Facebook,7,60,113,0.55,0.5,1,0.2561394130350026,0.04583333333333333,0.7004272430258859,4.8996546268463135
Facebook,7,60,113,0.55,0.5,2,0.272418214038042,0.015238095238095238,0.5272681578286001,5.167179822921753
Facebook,7,60,113,0.55,0.5,3,0.27224190572346985,0.02666666666666667,0.5043980899723549,4.899113893508911
Facebook,7,60,113,0.55,0.5,4,0.2673129680635384,0.06666666666666667,0.9100276451369691,4.938088655471802
Facebook,7,60,113,0.55,0.5,5,0.27667126321457824,0.03508771929824561,0.6592108569992461,5.100505590438843
Facebook,7,60,113,0.55,0.5,6,0.2653094346830083,0.03333333333333333,0.5875848203066097,4.946926116943359
Facebook,7,60,113,0.55,0.5,7,0.2885353680468362,0.023809523809523808,0.6916310630811762,5.099149465560913
Facebook,7,60,113,0.55,0.5,8,0.2706341813285629,0.05128205128205128,0.6428750942447852,4.920912742614746
Facebook,7,60,113,0.55,0.5,9,0.24358377550840912,0.05238095238095238,0.7160090474993717,5.1149680614471436
Facebook,7,60,113,0.55,0.5,10,0.27210614546785095,0.06153846153846154,0.8250816788137723,4.929420471191406
Facebook,7,60,113,0.55,0.5,11,0.27604663962977916,0.025,0.5491329479768786,5.139492511749268
Facebook,7,60,113,0.55,0.5,12,0.2610939404691143,0.04888888888888889,0.7041970344307615,4.9171788692474365
Facebook,7,60,113,0.55,0.5,13,0.23997598878425028,0.032,0.8316159839155567,5.112415313720703
Facebook,7,60,113,0.55,0.5,14,0.2670592876920894,0.02318840579710145,0.5926112088464438,4.941236734390259
Facebook,7,60,113,0.55,0.5,15,0.2598218876425643,0.05641025641025641,0.7227946720281477,5.077686548233032
Facebook,7,60,113,0.55,0.5,16,0.2681605035761302,0.017777777777777778,0.5679819050012566,4.900213956832886
Facebook,7,60,113,0.55,0.5,17,0.24320630991756412,0.1037037037037037,0.9421965317919075,5.101099014282227
Facebook,7,60,113,0.55,0.5,18,0.2698077096260906,0.035555555555555556,0.5420960040211108,4.905535936355591
Facebook,7,60,113,0.55,0.5,19,0.26150504269135816,0.029333333333333333,0.6888665493842674,5.082149982452393
Facebook,7,60,113,0.55,0.5,20,0.2784668108609186,0.04,0.8039708469464689,4.92737078666687
Facebook,7,60,113,0.55,0.5,21,0.26855752907798164,0.0375,0.6468962050766525,5.122376441955566
Facebook,7,60,113,0.55,0.5,22,0.2900959810884858,0.03666666666666667,0.7745664739884393,4.925897598266602
Facebook,7,60,113,0.55,0.5,23,0.2727334972022247,0.047058823529411764,0.8539834129178185,5.112766742706299
Facebook,7,60,113,0.55,0.5,24,0.2687864470111561,0.037037037037037035,0.6644885649660719,4.912403106689453
Facebook,7,60,113,0.55,0.5,25,0.265801022067319,0.027777777777777776,0.635335511435034,4.915944576263428
Facebook,7,60,123,0.6,0.5,1,0.26345512145627165,0.03666666666666667,0.7406383513445589,5.1271936893463135
Facebook,7,60,123,0.6,0.5,2,0.27122979106452716,0.014634146341463415,0.6117114852978135,4.894162178039551
Facebook,7,60,123,0.6,0.5,3,0.2668238966954601,0.03529411764705882,0.5991455139482282,5.117918491363525
Facebook,7,60,123,0.6,0.5,4,0.23701788944217697,0.06666666666666667,0.6416184971098265,4.896784543991089
Facebook,7,60,123,0.6,0.5,5,0.24653294716774707,0.03492063492063492,0.7067102287006786,5.0956199169158936
Facebook,7,60,123,0.6,0.5,6,0.2624481950894713,0.028070175438596492,0.48303593867805983,4.914782762527466
Facebook,7,60,123,0.6,0.5,7,0.28277389076725123,0.03859649122807018,0.7429002261874843,5.121703863143921
Facebook,7,60,123,0.6,0.5,8,0.29217044173252715,0.028205128205128206,0.7514450867052023,4.951298236846924
Facebook,7,60,123,0.6,0.5,9,0.22556164821617558,0.03333333333333333,0.5662226690123147,5.109989881515503
Facebook,7,60,123,0.6,0.5,10,0.30204229322798687,0.05555555555555555,0.6916310630811762,4.902733325958252
Facebook,7,60,123,0.6,0.5,11,0.2742838750145755,0.034782608695652174,0.8303593867805982,5.107057809829712
Facebook,7,60,123,0.6,0.5,12,0.24223469864871378,0.044444444444444446,0.6099522493088716,4.917097091674805
Facebook,7,60,123,0.6,0.5,13,0.23402659904810366,0.03508771929824561,0.650665996481528,5.123911380767822
Facebook,7,60,123,0.6,0.5,14,0.269999061520718,0.03137254901960784,0.5360643377733099,4.916192293167114
Facebook,7,60,123,0.6,0.5,15,0.28147819226265264,0.021212121212121213,0.4433274692133702,5.08883261680603
Facebook,7,60,123,0.6,0.5,16,0.29181148828584663,0.03333333333333333,0.526514199547625,4.8921058177948
Facebook,7,60,123,0.6,0.5,17,0.26979677746802644,0.04583333333333333,0.7187735611962804,5.138020277023315
Facebook,7,60,123,0.6,0.5,18,0.27728183149188085,0.05238095238095238,0.698668007036944,4.934117794036865
Facebook,7,60,123,0.6,0.5,19,0.26170351946430537,0.06111111111111111,0.6692636340789143,5.121227979660034
Facebook,7,60,123,0.6,0.5,20,0.2715640507975452,0.03333333333333333,0.6891178688112591,4.9051783084869385
Facebook,7,60,123,0.6,0.5,21,0.2624874320552025,0.021568627450980392,0.6996732847449108,4.912787199020386
Facebook,7,60,123,0.6,0.5,22,0.27127135557840154,0.020512820512820513,0.5270168384016084,5.113452672958374
Facebook,7,60,123,0.6,0.5,23,0.2688208596889435,0.041666666666666664,0.6461422467956773,4.918337821960449
Facebook,7,60,123,0.6,0.5,24,0.27335723916877297,0.023076923076923078,0.591605931138477,5.120433807373047
Facebook,7,60,123,0.6,0.5,25,0.2692914534253693,0.025396825396825397,0.6433777330987686,4.931049346923828
Facebook,7,60,133,0.65,0.5,1,0.2550054270347936,0.029333333333333333,0.6845941191254084,5.0936713218688965
Facebook,7,60,133,0.65,0.5,2,0.27052558855446585,0.02608695652173913,0.589846695149535,4.924565315246582
Facebook,7,60,133,0.65,0.5,3,0.2700600276169519,0.03529411764705882,0.5390801708972104,5.115840673446655
Facebook,7,60,133,0.65,0.5,4,0.27938514280635335,0.03529411764705882,0.5456144759989947,4.913317441940308
Facebook,7,60,133,0.65,0.5,5,0.2675306296604096,0.03529411764705882,0.6024126664991204,5.1277430057525635
Facebook,7,60,133,0.65,0.5,6,0.21101998122499,0.03333333333333333,0.6928876602161347,4.901732683181763
Facebook,7,60,133,0.65,0.5,7,0.24684433418905652,0.023076923076923078,0.6647398843930635,5.085607051849365
Facebook,7,60,133,0.65,0.5,8,0.2925027377318643,0.04285714285714286,0.562452877607439,4.914977550506592
Facebook,7,60,133,0.65,0.5,9,0.2534363153309224,0.02318840579710145,0.5260115606936416,5.076808929443359
Facebook,7,60,133,0.65,0.5,10,0.28917854029918544,0.02528735632183908,0.7353606433777331,4.9007837772369385
Facebook,7,60,133,0.65,0.5,11,0.23867264169049354,0.04583333333333333,0.6989193264639356,5.102457046508789
Facebook,7,60,133,0.65,0.5,12,0.2679680033610237,0.050980392156862744,0.8409148027142498,4.93795371055603
Facebook,7,60,133,0.65,0.5,13,0.28332596230349155,0.043137254901960784,0.7263131440060316,5.103307485580444
Facebook,7,60,133,0.65,0.5,14,0.23307438904874017,0.04583333333333333,0.772304599145514,4.915817022323608
Facebook,7,60,133,0.65,0.5,15,0.2854355513268537,0.06153846153846154,0.8027142498115104,5.09720778465271
Facebook,7,60,133,0.65,0.5,16,0.2505345313785834,0.04126984126984127,0.8735863282231716,4.912211179733276
Facebook,7,60,133,0.65,0.5,17,0.25632294549227924,0.017543859649122806,0.7222920331741643,4.908427715301514
Facebook,7,60,133,0.65,0.5,18,0.24337894602826632,0.06153846153846154,0.7911535561698919,5.099571704864502
Facebook,7,60,133,0.65,0.5,19,0.25629746317157404,0.02727272727272727,0.6142246795677306,4.948911905288696
Facebook,7,60,133,0.65,0.5,20,0.26990313101062546,0.044444444444444446,0.6732847449107816,5.095156192779541
Facebook,7,60,133,0.65,0.5,21,0.2707758005062915,0.020689655172413793,0.5883387785875848,4.893315076828003
Facebook,7,60,133,0.65,0.5,22,0.28303957392683077,0.02857142857142857,0.6200050263885398,5.139681339263916
Facebook,7,60,133,0.65,0.5,23,0.2754334495064842,0.05714285714285714,0.7725559185725056,4.897673606872559
Facebook,7,60,133,0.65,0.5,24,0.27553452945372364,0.027777777777777776,0.6451369690877105,5.171380043029785
Facebook,7,60,133,0.65,0.5,25,0.27248014027486417,0.03666666666666667,0.7215380748931892,4.912024736404419
Facebook,7,60,144,0.7,0.5,1,0.26792370822319256,0.04814814814814815,0.8238250816788137,5.117844343185425
Facebook,7,60,144,0.7,0.5,2,0.2514500922344657,0.04583333333333333,0.7833626539331491,4.919084072113037
Facebook,7,60,144,0.7,0.5,3,0.230649946928247,0.03,0.6099522493088716,5.079774856567383
Facebook,7,60,144,0.7,0.5,4,0.2787003293927998,0.05,0.8203066097009298,4.912558078765869
Facebook,7,60,144,0.7,0.5,5,0.27303922669412295,0.047058823529411764,0.7941693892937924,5.101962089538574
Facebook,7,60,144,0.7,0.5,6,0.25405112025655335,0.06060606060606061,0.6682583563709474,4.904470682144165
Facebook,7,60,144,0.7,0.5,7,0.2646096870898101,0.012612612612612612,0.46544357878864034,5.095316648483276
Facebook,7,60,144,0.7,0.5,8,0.2722898515021272,0.028985507246376812,0.7132445338024629,4.918527841567993
Facebook,7,60,144,0.7,0.5,9,0.2665862289896402,0.022222222222222223,0.5026388539834129,5.1250083446502686
Facebook,7,60,144,0.7,0.5,10,0.27271523732968667,0.01818181818181818,0.5584317667755717,4.910494089126587
Facebook,7,60,144,0.7,0.5,11,0.26053127296257633,0.040740740740740744,0.7177682834883137,5.106706857681274
Facebook,7,60,144,0.7,0.5,12,0.27525871975528804,0.025396825396825397,0.551394822819804,4.89338231086731
Facebook,7,60,144,0.7,0.5,13,0.25948522252381234,0.02608695652173913,0.6391053028399095,4.851528882980347
Facebook,7,60,144,0.7,0.5,14,0.2412601500772558,0.08888888888888889,0.8205579291279216,5.05830454826355
Facebook,7,60,144,0.7,0.5,15,0.26934852816825705,0.040740740740740744,0.7255591857250565,4.827116250991821
Facebook,7,60,144,0.7,0.5,16,0.27381044370350077,0.09333333333333334,0.91605931138477,5.025333404541016
Facebook,7,60,144,0.7,0.5,17,0.2633276990953234,0.02857142857142857,0.8283488313646645,4.8332555294036865
Facebook,7,60,144,0.7,0.5,18,0.269703847472928,0.02564102564102564,0.5674792661472732,5.066726922988892
Facebook,7,60,144,0.7,0.5,19,0.251441091694468,0.018018018018018018,0.6705202312138728,4.905647039413452
Facebook,7,60,144,0.7,0.5,20,0.26707084591874736,0.015053763440860216,0.4478512188992209,5.074747800827026
Facebook,7,60,144,0.7,0.5,21,0.2509249776727533,0.06666666666666667,0.822819803970847,4.857588291168213
Facebook,7,60,144,0.7,0.5,22,0.22008364196239236,0.03768115942028986,0.8831364664488565,5.049093008041382
Facebook,7,60,144,0.7,0.5,23,0.2639313677511098,0.05128205128205128,0.6654938426740387,4.846875190734863
Facebook,7,60,144,0.7,0.5,24,0.2843838851884845,0.02666666666666667,0.6127167630057804,5.0222132205963135
Facebook,7,60,144,0.7,0.5,25,0.24391244379813556,0.03768115942028986,0.9361648655441066,4.861492395401001
Facebook,7,60,154,0.75,0.5,1,0.28680732531825076,0.07777777777777778,0.9487308368936919,5.032556056976318
Facebook,7,60,154,0.75,0.5,2,0.2751015626368486,0.01728395061728395,0.4558934405629555,4.8383331298828125
Facebook,7,60,154,0.75,0.5,3,0.2589579215379696,0.029333333333333333,0.7097260618245791,5.023801326751709
Facebook,7,60,154,0.75,0.5,4,0.23721376703037933,0.04888888888888889,0.7029404372958029,4.83914041519165
Facebook,7,60,154,0.75,0.5,5,0.25593071671706663,0.03333333333333333,0.56848454385524,5.059659242630005
Facebook,7,60,154,0.75,0.5,6,0.2799539661580263,0.02608695652173913,0.6097009298818798,4.854351043701172
Facebook,7,60,154,0.75,0.5,7,0.24435244334703463,0.024,0.6056798190500126,5.0478880405426025
Facebook,7,60,154,0.75,0.5,8,0.2598684039244926,0.06153846153846154,0.7665242523247047,4.834669351577759
Facebook,7,60,154,0.75,0.5,9,0.26850614427288527,0.041666666666666664,0.6418698165368183,4.896007537841797
Facebook,7,60,154,0.75,0.5,10,0.27878222385336593,0.03333333333333333,0.7690374465946218,5.057883024215698
Facebook,7,60,154,0.75,0.5,11,0.2666919803888249,0.017777777777777778,0.5516461422467956,4.825948715209961
Facebook,7,60,154,0.75,0.5,12,0.23254737052766494,0.06666666666666667,0.7046996732847449,5.0369486808776855
Facebook,7,60,154,0.75,0.5,13,0.26570355760096775,0.040740740740740744,0.7099773812515707,4.885087728500366
Facebook,7,60,154,0.75,0.5,14,0.25705947863898665,0.047619047619047616,0.6964061321940186,5.052055358886719
Facebook,7,60,154,0.75,0.5,15,0.26907693263069044,0.03529411764705882,0.6014073887911535,4.899389028549194
Facebook,7,60,154,0.75,0.5,16,0.2696449077012369,0.031746031746031744,0.678059814023624,5.107651233673096
Facebook,7,60,154,0.75,0.5,17,0.2850406175779342,0.08,0.8735863282231716,4.921740770339966
Facebook,7,60,154,0.75,0.5,18,0.26141253779933415,0.05333333333333334,0.791907514450867,5.128252744674683
Facebook,7,60,154,0.75,0.5,19,0.2636407289654362,0.07333333333333333,0.7175169640613219,4.925377368927002
Facebook,7,60,154,0.75,0.5,20,0.24469619294213377,0.06060606060606061,0.6976627293289771,5.093078136444092
Facebook,7,60,154,0.75,0.5,21,0.26507553111815263,0.05,0.8193013319929631,4.905059814453125
Facebook,7,60,154,0.75,0.5,22,0.27967016381749515,0.06222222222222222,0.939180698668007,5.079360246658325
Facebook,7,60,154,0.75,0.5,23,0.2986997699159553,0.08,0.7861271676300579,4.925817012786865
Facebook,7,60,154,0.75,0.5,24,0.23880360203411288,0.08666666666666667,0.825332998240764,5.085524320602417
Facebook,7,60,154,0.75,0.5,25,0.23913315402103413,0.07407407407407407,0.6657451621010304,4.898792505264282
Facebook,7,60,164,0.8,0.5,1,0.25954723032574106,0.08148148148148149,0.7336014073887912,5.085572242736816
Facebook,7,60,164,0.8,0.5,2,0.2708366402706664,0.023076923076923078,0.6056798190500126,4.896005392074585
Facebook,7,60,164,0.8,0.5,3,0.21744819158641804,0.08666666666666667,0.8798693138979643,5.078861474990845
Facebook,7,60,164,0.8,0.5,4,0.28186174028821903,0.06666666666666667,0.7489318924352852,4.859708786010742
Facebook,7,60,164,0.8,0.5,5,0.25478025503172347,0.05333333333333334,0.8539834129178185,4.841973781585693
Facebook,7,60,164,0.8,0.5,6,0.27661135113885943,0.025,0.5818044734858004,5.040883779525757
Facebook,7,60,164,0.8,0.5,7,0.26518704713497243,0.042105263157894736,0.8507162603669264,4.8278772830963135
Facebook,7,60,164,0.8,0.5,8,0.2701482727160131,0.035555555555555556,0.5911032922844935,5.028120279312134
Facebook,7,60,164,0.8,0.5,9,0.2759257799385967,0.08484848484848485,0.9532545865795427,4.83982515335083
Facebook,7,60,164,0.8,0.5,10,0.2391523997303532,0.017204301075268817,0.5227444081427495,5.035066366195679
Facebook,7,60,164,0.8,0.5,11,0.2366113597172753,0.044444444444444446,0.7798441819552652,4.842206954956055
Facebook,7,60,164,0.8,0.5,12,0.2755435003262703,0.044444444444444446,0.8052274440814275,5.047999620437622
Facebook,7,60,164,0.8,0.5,13,0.28623132136273094,0.040740740740740744,0.7230459914551395,4.838716268539429
Facebook,7,60,164,0.8,0.5,14,0.26232577932508955,0.02857142857142857,0.8371450113093742,5.052760362625122
Facebook,7,60,164,0.8,0.5,15,0.27241730028687816,0.1,0.8012063332495601,4.833320140838623
Facebook,7,60,164,0.8,0.5,16,0.26109929331315873,0.07222222222222222,0.8431766775571752,5.020277738571167
Facebook,7,60,164,0.8,0.5,17,0.21857939976992627,0.02666666666666667,0.5679819050012566,4.850506067276001
Facebook,7,60,164,0.8,0.5,18,0.26713913526139904,0.023809523809523808,0.6617240512691631,5.021163702011108
Facebook,7,60,164,0.8,0.5,19,0.2926673444693379,0.05641025641025641,0.7363659210856999,4.87391996383667
Facebook,7,60,164,0.8,0.5,20,0.27694025127984395,0.020833333333333332,0.6064337773309877,5.0590832233428955
Facebook,7,60,164,0.8,0.5,21,0.26177665254078414,0.04,0.762000502638854,4.854682445526123
Facebook,7,60,164,0.8,0.5,22,0.27670821808396967,0.043137254901960784,0.6948982156320683,5.054785251617432
Facebook,7,60,164,0.8,0.5,23,0.2636453151709021,0.07878787878787878,0.9070118120130686,4.839627027511597
Facebook,7,60,164,0.8,0.5,24,0.2632294768497729,0.03939393939393939,0.8537320934908268,5.06942081451416
Facebook,7,60,164,0.8,0.5,25,0.2770578387908004,0.043137254901960784,0.7308368936918824,4.919166088104248
Facebook,7,60,174,0.85,0.5,1,0.24757686459946018,0.057777777777777775,0.8909273686855994,4.904012680053711
Facebook,7,60,174,0.85,0.5,2,0.25609256091252214,0.08666666666666667,0.8828851470218648,5.1079394817352295
Facebook,7,60,174,0.85,0.5,3,0.22445579547642047,0.05238095238095238,0.7152550892183965,4.90970516204834
Facebook,7,60,174,0.85,0.5,4,0.30204512294570857,0.02564102564102564,0.6830862025634582,5.104395389556885
Facebook,7,60,174,0.85,0.5,5,0.26366993190458193,0.03,0.5466197537069616,4.927811622619629
Facebook,7,60,174,0.85,0.5,6,0.27498926794218637,0.05128205128205128,0.6898718270922343,5.104868412017822
Facebook,7,60,174,0.85,0.5,7,0.2741803888508133,0.013008130081300813,0.6006534305101784,4.895242691040039
Facebook,7,60,174,0.85,0.5,8,0.27007742617759134,0.03859649122807018,0.7097260618245791,5.142133951187134
Facebook,7,60,174,0.85,0.5,9,0.2489925122019069,0.03529411764705882,0.6139733601407389,4.9049646854400635
Facebook,7,60,174,0.85,0.5,10,0.28236513801659996,0.043137254901960784,0.7625031414928374,5.089108228683472
Facebook,7,60,174,0.85,0.5,11,0.28400250480895306,0.06111111111111111,0.6813269665745162,4.888386249542236
Facebook,7,60,174,0.85,0.5,12,0.27335284084160255,0.01904761904761905,0.6617240512691631,5.051883697509766
Facebook,7,60,174,0.85,0.5,13,0.2567364164570309,0.11666666666666667,0.9678311133450616,4.850200891494751
Facebook,7,60,174,0.85,0.5,14,0.2688193166559954,0.025,0.5664739884393064,5.0178611278533936
Facebook,7,60,174,0.85,0.5,15,0.2588451536506008,0.04888888888888889,0.7006785624528776,4.845996379852295
Facebook,7,60,174,0.85,0.5,16,0.2675593534360991,0.043137254901960784,0.7909022367429003,4.99787449836731
Facebook,7,60,174,0.85,0.5,17,0.26877713411694454,0.041666666666666664,0.6423724553908017,4.845170021057129
Facebook,7,60,174,0.85,0.5,18,0.2674997002086832,0.08,0.7743151545614476,5.087918996810913
Facebook,7,60,174,0.85,0.5,19,0.24945483371160704,0.06666666666666667,0.711485297813521,4.849329233169556
Facebook,7,60,174,0.85,0.5,20,0.27633185869755006,0.05238095238095238,0.7549635586830862,5.038493394851685
Facebook,7,60,174,0.85,0.5,21,0.27204848977708435,0.03859649122807018,0.7916561950238753,4.847456455230713
Facebook,7,60,174,0.85,0.5,22,0.2785539502361608,0.04583333333333333,0.7308368936918824,4.83891487121582
Facebook,7,60,174,0.85,0.5,23,0.2831280391691601,0.037037037037037035,0.6760492586076904,5.037778615951538
Facebook,7,60,174,0.85,0.5,24,0.26962681828363116,0.04888888888888889,0.7451621010304097,4.838697195053101
Facebook,7,60,174,0.85,0.5,25,0.2866216602525421,0.09333333333333334,0.9695903493340036,5.053177833557129
Facebook,7,60,184,0.9,0.5,1,0.22756952671238695,0.07878787878787878,0.8740889670771551,4.862930059432983
Facebook,7,60,184,0.9,0.5,2,0.2290092659738975,0.044444444444444446,0.6657451621010304,5.048757791519165
Facebook,7,60,184,0.9,0.5,3,0.2795419891117028,0.05641025641025641,0.6619753706961549,4.843184232711792
Facebook,7,60,184,0.9,0.5,4,0.2484311867171955,0.05238095238095238,0.7622518220658457,5.0538246631622314
Facebook,7,60,184,0.9,0.5,5,0.2586401295613071,0.028985507246376812,0.6881125911032923,4.906039476394653
Facebook,7,60,184,0.9,0.5,6,0.2628030869172491,0.05416666666666667,0.8313646644885649,5.108802556991577
Facebook,7,60,184,0.9,0.5,7,0.2889585847936016,0.03666666666666667,0.7461673787383765,4.901446580886841
Facebook,7,60,184,0.9,0.5,8,0.2606308534138457,0.03859649122807018,0.7099773812515707,5.076507568359375
Facebook,7,60,184,0.9,0.5,9,0.2559892821494405,0.10833333333333334,0.884393063583815,4.920883893966675
Facebook,7,60,184,0.9,0.5,10,0.28095250967245305,0.06190476190476191,0.8798693138979643,5.098945379257202
Facebook,7,60,184,0.9,0.5,11,0.24369427451703643,0.01935483870967742,0.6393566222669013,4.900839805603027
Facebook,7,60,184,0.9,0.5,12,0.25177591823717327,0.05714285714285714,0.7695400854486052,5.1101484298706055
Facebook,7,60,184,0.9,0.5,13,0.24873242246339367,0.05238095238095238,0.7255591857250565,4.9098060131073
Facebook,7,60,184,0.9,0.5,14,0.27187923795074886,0.08666666666666667,0.9075144508670521,5.0821638107299805
Facebook,7,60,184,0.9,0.5,15,0.2580064099805959,0.050980392156862744,0.8685599396833376,4.85787034034729
Facebook,7,60,184,0.9,0.5,16,0.274526302786233,0.09333333333333334,0.9198291027896457,5.0752809047698975
Facebook,7,60,184,0.9,0.5,17,0.2749762569282764,0.06190476190476191,0.9150540336768033,4.824933290481567
Facebook,7,60,184,0.9,0.5,18,0.2798673388002144,0.07878787878787878,0.8841417441568233,4.819648504257202
Facebook,7,60,184,0.9,0.5,19,0.2699228186162545,0.03188405797101449,0.7021864790148279,5.036710977554321
Facebook,7,60,184,0.9,0.5,20,0.2417600577278998,0.0962962962962963,0.8680573008293541,4.8243937492370605
Facebook,7,60,184,0.9,0.5,21,0.24494897119236916,0.06666666666666667,0.7617491832118622,5.027360200881958
Facebook,7,60,184,0.9,0.5,22,0.28316813729106677,0.015384615384615385,0.39808997235486304,4.8404011726379395
Facebook,7,60,184,0.9,0.5,23,0.28331418146591686,0.0392156862745098,0.6722794672028147,5.030350685119629
Facebook,7,60,184,0.9,0.5,24,0.2824810390042838,0.04583333333333333,0.7273184217139985,4.828990459442139
Facebook,7,60,184,0.9,0.5,25,0.25053782552081827,0.02666666666666667,0.6461422467956773,5.0546674728393555
Facebook,7,60,195,0.95,0.5,1,0.26919545739489226,0.03508771929824561,0.6433777330987686,4.838836669921875
Facebook,7,60,195,0.95,0.5,2,0.2754026840376855,0.03492063492063492,0.7278210605679819,5.082810640335083
Facebook,7,60,195,0.95,0.5,3,0.26530314619514184,0.05641025641025641,0.7104800201055541,4.956884145736694
Facebook,7,60,195,0.95,0.5,4,0.23894021685975814,0.050980392156862744,0.8215632068358885,5.027221441268921
Facebook,7,60,195,0.95,0.5,5,0.26359341390284363,0.047058823529411764,0.764513696908771,4.856701374053955
Facebook,7,60,195,0.95,0.5,6,0.2596127869685527,0.0392156862745098,0.6466448856496607,5.0494771003723145
Facebook,7,60,195,0.95,0.5,7,0.2540840640449366,0.08888888888888889,0.7539582809751194,4.883089303970337
Facebook,7,60,195,0.95,0.5,8,0.2872699687066448,0.03508771929824561,0.6159839155566725,5.113016843795776
Facebook,7,60,195,0.95,0.5,9,0.27213684727341503,0.08,0.8215632068358885,4.933513641357422
Facebook,7,60,195,0.95,0.5,10,0.2753364356933314,0.04583333333333333,0.6720281477758231,5.122062921524048
Facebook,7,60,195,0.95,0.5,11,0.27618150048047063,0.043137254901960784,0.713998492083438,4.919495344161987
Facebook,7,60,195,0.95,0.5,12,0.2721647552260734,0.06153846153846154,0.8218145262628801,5.106648921966553
Facebook,7,60,195,0.95,0.5,13,0.26708718476547455,0.06666666666666667,0.791907514450867,4.9393086433410645
Facebook,7,60,195,0.95,0.5,14,0.2788327895132401,0.03333333333333333,0.5805478763508419,4.920223951339722
Facebook,7,60,195,0.95,0.5,15,0.26417187557134214,0.08,0.7798441819552652,5.1302809715271
Facebook,7,60,195,0.95,0.5,16,0.286327942040667,0.05454545454545454,0.5978889168132696,4.902049779891968
Facebook,7,60,195,0.95,0.5,17,0.2740695641592565,0.0392156862745098,0.6406132194018598,5.054071664810181
Facebook,7,60,195,0.95,0.5,18,0.2678990370822476,0.05641025641025641,0.6878612716763006,4.834552764892578
Facebook,7,60,195,0.95,0.5,19,0.26240933087672735,0.024691358024691357,0.6308117617491832,5.036078691482544
Facebook,7,60,195,0.95,0.5,20,0.2869830744879398,0.05238095238095238,0.7341040462427746,4.837555885314941
Facebook,7,60,195,0.95,0.5,21,0.26579948863179825,0.02456140350877193,0.4428248303593868,5.071270942687988
Facebook,7,60,195,0.95,0.5,22,0.2867131221827838,0.04814814814814815,0.8449359135461171,4.841346979141235
Facebook,7,60,195,0.95,0.5,23,0.24481640021640497,0.06666666666666667,0.8848957024377985,5.045286655426025
Facebook,7,60,195,0.95,0.5,24,0.2725622062974126,0.03666666666666667,0.7255591857250565,4.831681251525879
Facebook,7,60,195,0.95,0.5,25,0.2664098539974081,0.043137254901960784,0.6916310630811762,5.013479709625244
Facebook,7,60,205,1,0.5,1,0.23176116500879743,0.05641025641025641,0.7408896707715507,4.844150543212891
Facebook,7,60,205,1,0.5,2,0.2756433550964621,0.02857142857142857,0.8678059814023624,5.050312042236328
Facebook,7,60,205,1,0.5,3,0.2768575050561201,0.028985507246376812,0.6984166876099522,4.851485013961792
Facebook,7,60,205,1,0.5,4,0.2662985464136053,0.0392156862745098,0.6504146770545363,5.046469211578369
Facebook,7,60,205,1,0.5,5,0.2783576455754907,0.037037037037037035,0.6760492586076904,4.858799695968628
Facebook,7,60,205,1,0.5,6,0.26377775214167837,0.05641025641025641,0.7165116863533552,5.078116416931152
Facebook,7,60,205,1,0.5,7,0.27106365389328374,0.03508771929824561,0.6700175923598894,4.8961334228515625
Facebook,7,60,205,1,0.5,8,0.2558224293729342,0.041666666666666664,0.7029404372958029,5.116343259811401
Facebook,7,60,205,1,0.5,9,0.25996285655388546,0.05641025641025641,0.7288263382759488,4.9249653816223145
Facebook,7,60,205,1,0.5,10,0.25233495690503716,0.028985507246376812,0.6597134958532295,4.923407316207886
Facebook,7,60,205,1,0.5,11,0.2648439649984223,0.07272727272727272,0.7728072379994974,5.0954368114471436
Facebook,7,60,205,1,0.5,12,0.2528250927611432,0.042105263157894736,0.7609952249308871,4.925209999084473
Facebook,7,60,205,1,0.5,13,0.2670275909233801,0.06153846153846154,0.8044734858004524,5.105003595352173
Facebook,7,60,205,1,0.5,14,0.25005780758800256,0.047619047619047616,0.6388539834129178,4.877760410308838
Facebook,7,60,205,1,0.5,15,0.27100172225268876,0.047619047619047616,0.6916310630811762,5.07664680480957
Facebook,7,60,205,1,0.5,16,0.26971931891417705,0.04,0.8602663985926112,4.81938624382019
Facebook,7,60,205,1,0.5,17,0.24312499133500146,0.1037037037037037,0.9545111837145012,5.051388263702393
Facebook,7,60,205,1,0.5,18,0.2562458465828128,0.05333333333333334,0.7959286252827343,4.834638833999634
Facebook,7,60,205,1,0.5,19,0.26910572434429814,0.014414414414414415,0.5659713495853229,5.0428102016448975
Facebook,7,60,205,1,0.5,20,0.2578298748911038,0.05641025641025641,0.7102287006785625,4.892621278762817
Facebook,7,60,205,1,0.5,21,0.24258559758873685,0.03666666666666667,0.7333500879617995,5.009042739868164
Facebook,7,60,205,1,0.5,22,0.2914881446756778,0.02857142857142857,0.6265393314903241,4.82947301864624
Facebook,7,60,205,1,0.5,23,0.25495335228573734,0.06153846153846154,0.7718019602915306,5.016106605529785
Facebook,7,60,205,1,0.5,24,0.25038352259774327,0.04583333333333333,0.7147524503644131,4.843922138214111
Facebook,7,60,205,1,0.5,25,0.2806166498371411,0.02608695652173913,0.6938929379241016,5.064350366592407
Facebook,8,206,0,0,,0,0.7640606041656711,0.0,0.012522828072006262,
Facebook,8,206,0,0,,0,0.7867950598093949,0.0006837606837606838,0.13070701800156537,
Facebook,8,206,0,0,,0,0.805009156685564,0.0014814814814814814,0.1972345421340986,
Facebook,8,206,0,0,,0,0.7336169925231968,0.0010256410256410256,0.15810070440907906,
Facebook,8,206,0,0,,0,0.725634056547083,0.0015873015873015873,0.2201930602661101,
Facebook,8,206,0,0,,0,0.7073676538237564,0.0007168458781362007,0.15183929037307592,
Facebook,8,206,0,0,,0,0.7441788541772145,0.000326797385620915,0.08426819723454214,
Facebook,8,206,0,0,,0,0.7735853858725775,0.00036429872495446266,0.04409079050352205,
Facebook,8,206,0,0,,0,0.7329464149896153,0.001098901098901099,0.25515262196712757,
Facebook,8,206,0,0,,0,0.7687092565642346,0.0010582010582010583,0.1301852334985651,
Facebook,8,206,0,0,,0,0.7688384888702303,0.0,0.007565875293503783,
Facebook,8,206,0,0,,0,0.7055241226537777,0.0010471204188481676,0.14166449256457084,
Facebook,8,206,0,0,,0,0.7122056876925462,0.0003252032520325203,0.1001826245760501,
Facebook,8,206,0,0,,0,0.8159832479096706,0.0006734006734006734,0.12105400469606052,
Facebook,8,206,0,0,,0,0.7612502364791511,0.0011111111111111111,0.1481867988520741,
Facebook,8,206,0,0,,0,0.7289356925722751,0.0,0.02295851813201148,
Facebook,8,206,0,0,,0,0.7895009563555453,0.0007168458781362007,0.11557526741455779,
Facebook,8,206,0,0,,0,0.7035274720629412,0.001142857142857143,0.15314375163057659,
Facebook,8,206,0,0,,0,0.7590276508518794,0.0003454231433506045,0.08687711974954344,
Facebook,8,206,0,0,,0,0.7745339802678957,0.001075268817204301,0.1294025567440647,
Facebook,8,206,0,0,,0,0.730347062536765,0.0,0.02374119488651187,
Facebook,8,206,0,0,,0,0.7573276998453486,0.0014571948998178506,0.19149491260109575,
Facebook,8,206,0,0,,0,0.8185982909226519,0.000690846286701209,0.1526219671275763,
Facebook,8,206,0,0,,0,0.7673960256272092,0.0024242424242424242,0.22332376728411166,
Facebook,8,206,0,0,,0,0.8395203150692447,0.0,0.0026089225150013043,
Facebook,8,206,20,0.01,0.5,1,0.2696381096565666,0.0043859649122807015,0.36368379859118183,4.890703439712524
Facebook,8,206,20,0.01,0.5,2,0.2799960281254305,0.005194805194805195,0.3709887816331855,4.849351644515991
Facebook,8,206,20,0.01,0.5,3,0.25251337705465515,0.0053639846743295016,0.48369423428124186,5.04188084602356
Facebook,8,206,20,0.01,0.5,4,0.27275869938925895,0.005,0.4589094703887295,4.857084035873413
Facebook,8,206,20,0.01,0.5,5,0.2637125157316595,0.005714285714285714,0.42447169319071226,5.065983533859253
Facebook,8,206,20,0.01,0.5,6,0.24434488795825343,0.004301075268817204,0.47404122097573703,4.885232448577881
Facebook,8,206,20,0.01,0.5,7,0.28424627512571,0.0044444444444444444,0.38429428645969216,5.111973524093628
Facebook,8,206,20,0.01,0.5,8,0.27081696304572483,0.005063291139240506,0.35690060005217844,4.893765687942505
Facebook,8,206,20,0.01,0.5,9,0.25645866488505026,0.006222222222222222,0.4782154969997391,5.076658487319946
Facebook,8,206,20,0.01,0.5,10,0.2682920657599003,0.0043859649122807015,0.3874249934776937,4.83182954788208
Facebook,8,206,20,0.01,0.5,11,0.26285384665044104,0.004347826086956522,0.43255935298721626,5.06135630607605
Facebook,8,206,20,0.01,0.5,12,0.24494851269054468,0.006862745098039216,0.465953561179233,4.854339122772217
Facebook,8,206,20,0.01,0.5,13,0.25096463139367786,0.004651162790697674,0.4456039655622228,5.0443878173828125
Facebook,8,206,20,0.01,0.5,14,0.27215356997942985,0.003418803418803419,0.29193842942864595,4.814636707305908
Facebook,8,206,20,0.01,0.5,15,0.28135822722496184,0.004395604395604396,0.3425515262196713,5.0148537158966064
Facebook,8,206,20,0.01,0.5,16,0.26854434023627494,0.0035460992907801418,0.32063657709366034,4.818471908569336
Facebook,8,206,20,0.01,0.5,17,0.2790262441960236,0.004273504273504274,0.3255935298721628,5.048013210296631
Facebook,8,206,20,0.01,0.5,18,0.2677685831236055,0.007142857142857143,0.6621445343073311,4.834549188613892
Facebook,8,206,20,0.01,0.5,19,0.2740854378574666,0.003703703703703704,0.384033394208192,5.019978761672974
Facebook,8,206,20,0.01,0.5,20,0.2733849157812387,0.004016064257028112,0.38533785546569266,4.833958387374878
Facebook,8,206,20,0.01,0.5,21,0.27115323092581267,0.007207207207207207,0.5392642838507696,5.037926197052002
Facebook,8,206,20,0.01,0.5,22,0.2674650030790664,0.005072463768115942,0.4662144534307331,4.849843502044678
Facebook,8,206,20,0.01,0.5,23,0.25823800877210223,0.006572769953051643,0.5103052439342551,5.05206036567688
Facebook,8,206,20,0.01,0.5,24,0.267335929679207,0.0049382716049382715,0.4166449256457083,4.884770631790161
Facebook,8,206,20,0.01,0.5,25,0.27142044971655466,0.006392694063926941,0.4813462040177407,5.065922975540161
Facebook,8,206,99,0.05,0.5,1,0.2745794618733644,0.005072463768115942,0.5371771458387686,4.919235467910767
Facebook,8,206,99,0.05,0.5,2,0.2835960202830551,0.006222222222222222,0.4769110357422385,5.092027187347412
Facebook,8,206,99,0.05,0.5,3,0.2793206555490289,0.005833333333333334,0.4826506652752413,4.882506608963013
Facebook,8,206,99,0.05,0.5,4,0.26783385301738954,0.004273504273504274,0.33263762066266633,5.043815612792969
Facebook,8,206,99,0.05,0.5,5,0.28346494244364157,0.00676328502415459,0.3743803809026872,4.830317258834839
Facebook,8,206,99,0.05,0.5,6,0.2585303667355209,0.005208333333333333,0.3532481085311766,5.013434171676636
Facebook,8,206,99,0.05,0.5,7,0.27740716173118896,0.006060606060606061,0.30993999478215495,4.876432418823242
Facebook,8,206,99,0.05,0.5,8,0.2886924611365081,0.005982905982905983,0.396034437777198,5.017428398132324
Facebook,8,206,99,0.05,0.5,9,0.25224291535588933,0.006965174129353234,0.4938690320897469,4.82850456237793
Facebook,8,206,99,0.05,0.5,10,0.2637322773329469,0.006222222222222222,0.4758674667362379,5.013468503952026
Facebook,8,206,99,0.05,0.5,11,0.29128064672995607,0.006306306306306306,0.453952517610227,4.8330299854278564
Facebook,8,206,99,0.05,0.5,12,0.2758544233358735,0.005,0.36811896686668405,5.044688701629639
Facebook,8,206,99,0.05,0.5,13,0.2625822043506456,0.005490196078431373,0.477954604748239,4.847302436828613
Facebook,8,206,99,0.05,0.5,14,0.25181383077761754,0.00625,0.396034437777198,5.039147853851318
Facebook,8,206,99,0.05,0.5,15,0.2758423789655992,0.00676328502415459,0.4977824158622489,4.839834690093994
Facebook,8,206,99,0.05,0.5,16,0.28467831390659787,0.004329004329004329,0.3287242368901644,5.051497936248779
Facebook,8,206,99,0.05,0.5,17,0.24741213499888173,0.005050505050505051,0.33028959039916517,4.887073755264282
Facebook,8,206,99,0.05,0.5,18,0.2772088815900278,0.004597701149425287,0.38012001043569005,5.096992254257202
Facebook,8,206,99,0.05,0.5,19,0.27769369972423363,0.005555555555555556,0.3592486303156796,4.913452386856079
Facebook,8,206,99,0.05,0.5,20,0.27938747581930773,0.005,0.47456300547873725,5.085602045059204
Facebook,8,206,99,0.05,0.5,21,0.2406466280277482,0.006779661016949152,0.4409079050352204,4.871868371963501
Facebook,8,206,99,0.05,0.5,22,0.2697672700241887,0.004301075268817204,0.2882859379076441,5.036863565444946
Facebook,8,206,99,0.05,0.5,23,0.2658552888203278,0.005263157894736842,0.3754239499086877,4.830092191696167
Facebook,8,206,99,0.05,0.5,24,0.26987500655894986,0.006666666666666667,0.5270023480302635,5.025834083557129
Facebook,8,206,99,0.05,0.5,25,0.2576628129757317,0.005333333333333333,0.37255413514218627,4.823041677474976
Facebook,8,206,198,0.1,0.5,1,0.2803988127025061,0.011111111111111112,0.5337855465692669,5.019920110702515
Facebook,8,206,198,0.1,0.5,2,0.25391665627455656,0.00784313725490196,0.41507957213670754,4.844893217086792
Facebook,8,206,198,0.1,0.5,3,0.26682582107630687,0.004878048780487805,0.43282024523871643,5.03346586227417
Facebook,8,206,198,0.1,0.5,4,0.24448390887317395,0.005633802816901409,0.4106444038612053,4.844918727874756
Facebook,8,206,198,0.1,0.5,5,0.26285925612255456,0.005555555555555556,0.396034437777198,5.028876304626465
Facebook,8,206,198,0.1,0.5,6,0.29207774339969544,0.005063291139240506,0.46804069919123403,4.858907461166382
Facebook,8,206,198,0.1,0.5,7,0.2511371626450942,0.004219409282700422,0.31333159405165667,5.033881902694702
Facebook,8,206,198,0.1,0.5,8,0.27929847361389126,0.005333333333333333,0.4296895382207148,4.840595245361328
Facebook,8,206,198,0.1,0.5,9,0.27188856780843906,0.007511737089201878,0.5614401252282807,5.078144788742065
Facebook,8,206,198,0.1,0.5,10,0.28076060137674247,0.0045045045045045045,0.34516044873467255,4.92775821685791
Facebook,8,206,198,0.1,0.5,11,0.2685578481450203,0.0044444444444444444,0.37829376467518916,5.117241859436035
Facebook,8,206,198,0.1,0.5,12,0.24710116202069557,0.007207207207207207,0.5867466736237934,4.900357007980347
Facebook,8,206,198,0.1,0.5,13,0.24627493755456406,0.005128205128205128,0.40855726584920427,5.1114373207092285
Facebook,8,206,198,0.1,0.5,14,0.29384062301771835,0.006153846153846154,0.3668145056091834,4.881155490875244
Facebook,8,206,198,0.1,0.5,15,0.2886988068373488,0.008974358974358974,0.5272632402817636,5.043595790863037
Facebook,8,206,198,0.1,0.5,16,0.27056876182657835,0.005479452054794521,0.42786329246021393,4.846635341644287
Facebook,8,206,198,0.1,0.5,17,0.22524812086818763,0.0053639846743295016,0.4703887294547352,5.044871091842651
Facebook,8,206,198,0.1,0.5,18,0.22375906448762445,0.006349206349206349,0.39629533002869816,4.857143402099609
Facebook,8,206,198,0.1,0.5,19,0.23158386324871244,0.006965174129353234,0.45447430211322726,5.072070360183716
Facebook,8,206,198,0.1,0.5,20,0.27766011839580107,0.007070707070707071,0.5270023480302635,4.819138050079346
Facebook,8,206,198,0.1,0.5,21,0.27121287857486315,0.006060606060606061,0.4789981737542395,5.038122892379761
Facebook,8,206,198,0.1,0.5,22,0.26339723245423846,0.0045662100456621,0.336029219932168,4.8372642993927
Facebook,8,206,198,0.1,0.5,23,0.2638820960384351,0.007407407407407408,0.5551787111922776,5.076304912567139
Facebook,8,206,198,0.1,0.5,24,0.26623989356617117,0.0071794871794871795,0.39133837725019566,4.934084892272949
Facebook,8,206,198,0.1,0.5,25,0.26377246012087757,0.005833333333333334,0.4962170623532481,4.852295160293579
Facebook,8,206,297,0.15,0.5,1,0.2366833612533001,0.00676328502415459,0.49204278632924603,5.064663410186768
Facebook,8,206,297,0.15,0.5,2,0.2691827441155165,0.007729468599033816,0.5382207148447691,4.876997232437134
Facebook,8,206,297,0.15,0.5,3,0.29318885374018294,0.005,0.36733629011218366,5.12701153755188
Facebook,8,206,297,0.15,0.5,4,0.2545633552350251,0.007272727272727273,0.4002087138012001,4.948880195617676
Facebook,8,206,297,0.15,0.5,5,0.2307707697054093,0.007960199004975124,0.5256978867727629,5.138639688491821
Facebook,8,206,297,0.15,0.5,6,0.2709232120330588,0.005714285714285714,0.35090007826767544,4.911104917526245
Facebook,8,206,297,0.15,0.5,7,0.23155349692987562,0.005479452054794521,0.39212105400469605,5.1733410358428955
Facebook,8,206,297,0.15,0.5,8,0.27011394057340277,0.005797101449275362,0.39681711453169843,4.8693249225616455
Facebook,8,206,297,0.15,0.5,9,0.270839804900888,0.005555555555555556,0.3409861727106705,5.054748773574829
Facebook,8,206,297,0.15,0.5,10,0.26401404573279014,0.005982905982905983,0.43777719801721887,4.868579149246216
Facebook,8,206,297,0.15,0.5,11,0.27583149102948207,0.005063291139240506,0.3923819462561962,5.072809934616089
Facebook,8,206,297,0.15,0.5,12,0.2705594445879261,0.005442176870748299,0.5528306809287764,4.839784622192383
Facebook,8,206,297,0.15,0.5,13,0.27214496455112863,0.008450704225352112,0.6352726324028176,5.017829895019531
Facebook,8,206,297,0.15,0.5,14,0.28545163220840464,0.007070707070707071,0.5150013044612575,4.8563642501831055
Facebook,8,206,297,0.15,0.5,15,0.27531932613202376,0.005333333333333333,0.39681711453169843,5.04336953163147
Facebook,8,206,297,0.15,0.5,16,0.246727390164523,0.008450704225352112,0.5843986433602922,4.848938465118408
Facebook,8,206,297,0.15,0.5,17,0.267837564578894,0.008205128205128205,0.5794416905817897,5.1438658237457275
Facebook,8,206,297,0.15,0.5,18,0.27456067523890587,0.006965174129353234,0.5152621967127576,4.859412908554077
Facebook,8,206,297,0.15,0.5,19,0.26751282817226857,0.007407407407407408,0.549960866162275,5.0728607177734375
Facebook,8,206,297,0.15,0.5,20,0.2616583723455763,0.005405405405405406,0.45630054787372815,4.916512727737427
Facebook,8,206,297,0.15,0.5,21,0.2812955159969418,0.0071111111111111115,0.4891729715627446,5.120829105377197
Facebook,8,206,297,0.15,0.5,22,0.28307059428588793,0.007017543859649123,0.5285677015392642,4.907167673110962
Facebook,8,206,297,0.15,0.5,23,0.2594023999521894,0.005263157894736842,0.38012001043569005,4.9844443798065186
Facebook,8,206,297,0.15,0.5,24,0.26586232981660385,0.008333333333333333,0.6423167231933211,5.086700439453125
Facebook,8,206,297,0.15,0.5,25,0.2739059260534507,0.007407407407407408,0.48525958779024264,4.908319711685181
Facebook,8,206,397,0.2,0.5,1,0.2698564794612332,0.007792207792207792,0.6029219932168015,5.07854437828064
Facebook,8,206,397,0.2,0.5,2,0.2529552434302746,0.006666666666666667,0.4646490999217323,4.861345291137695
Facebook,8,206,397,0.2,0.5,3,0.2589473307750559,0.011347517730496455,0.5723975997912862,5.052941083908081
Facebook,8,206,397,0.2,0.5,4,0.25885598802386556,0.00784313725490196,0.603965562222802,4.87035608291626
Facebook,8,206,397,0.2,0.5,5,0.22874427208868736,0.006896551724137931,0.5603965562222802,5.056373596191406
Facebook,8,206,397,0.2,0.5,6,0.2754252937714478,0.005194805194805195,0.34385598747717194,4.848964691162109
Facebook,8,206,397,0.2,0.5,7,0.266179171630348,0.006837606837606838,0.5366553613357683,5.047468185424805
Facebook,8,206,397,0.2,0.5,8,0.2540533413426363,0.007407407407407408,0.5306548395512654,4.848174333572388
Facebook,8,206,397,0.2,0.5,9,0.21721883714473714,0.005797101449275362,0.3934255152621967,5.137742280960083
Facebook,8,206,397,0.2,0.5,10,0.2600213228171823,0.006837606837606838,0.5423949908687712,4.907704591751099
Facebook,8,206,397,0.2,0.5,11,0.2329528713516562,0.006557377049180328,0.3803809026871902,5.035083293914795
Facebook,8,206,397,0.2,0.5,12,0.2878435176623345,0.006666666666666667,0.4414296895382207,4.926780462265015
Facebook,8,206,397,0.2,0.5,13,0.24004223096310467,0.006666666666666667,0.4106444038612053,5.16968035697937
Facebook,8,206,397,0.2,0.5,14,0.2576393951051304,0.0065040650406504065,0.5765718758152882,4.946660280227661
Facebook,8,206,397,0.2,0.5,15,0.28212878475481223,0.008974358974358974,0.4594312548917297,5.132931709289551
Facebook,8,206,397,0.2,0.5,16,0.264048071258836,0.005333333333333333,0.4349073832507174,4.93715238571167
Facebook,8,206,397,0.2,0.5,17,0.260118611729158,0.0058823529411764705,0.423949908687712,5.108507394790649
Facebook,8,206,397,0.2,0.5,18,0.23739674657535953,0.006965174129353234,0.4706496217062353,4.863621234893799
Facebook,8,206,397,0.2,0.5,19,0.2774837173097452,0.009950248756218905,0.6068353769893035,5.0339555740356445
Facebook,8,206,397,0.2,0.5,20,0.2811483629714847,0.007792207792207792,0.6989303417688495,4.855066299438477
Facebook,8,206,397,0.2,0.5,21,0.27174758265517585,0.008771929824561403,0.6890164362118445,5.082189083099365
Facebook,8,206,397,0.2,0.5,22,0.2610165050053716,0.007894736842105263,0.5877902426297938,4.909199237823486
Facebook,8,206,397,0.2,0.5,23,0.26441051873319643,0.006862745098039216,0.5110879206887555,4.868147850036621
Facebook,8,206,397,0.2,0.5,24,0.2820576586041011,0.008465608465608466,0.565875293503783,5.056257009506226
Facebook,8,206,397,0.2,0.5,25,0.274486940314784,0.008602150537634409,0.5820506130967911,4.862498760223389
Facebook,8,206,496,0.25,0.5,1,0.28614910353996054,0.00676328502415459,0.4236890164362118,5.114409446716309
Facebook,8,206,496,0.25,0.5,2,0.27029445330262714,0.008571428571428572,0.5669188625097834,5.079830169677734
Facebook,8,206,496,0.25,0.5,3,0.28910819562968393,0.004878048780487805,0.38090268719019044,4.8980395793914795
Facebook,8,206,496,0.25,0.5,4,0.24847884937490824,0.005185185185185185,0.44403861205322204,4.91273307800293
Facebook,8,206,496,0.25,0.5,5,0.2855998356249417,0.006392694063926941,0.4829115575267415,5.158276081085205
Facebook,8,206,496,0.25,0.5,6,0.26804593206617866,0.006862745098039216,0.43412470649621704,4.99052357673645
Facebook,8,206,496,0.25,0.5,7,0.26189555751454363,0.0091324200913242,0.6704930863553352,5.132622480392456
Facebook,8,206,496,0.25,0.5,8,0.2953291471430297,0.006306306306306306,0.4729976519697365,4.944217205047607
Facebook,8,206,496,0.25,0.5,9,0.24689125894181452,0.005622489959839358,0.506130967910253,5.130002975463867
Facebook,8,206,496,0.25,0.5,10,0.26447798493294217,0.006584362139917695,0.6073571614923037,4.8631579875946045
Facebook,8,206,496,0.25,0.5,11,0.25965498299580575,0.006392694063926941,0.5390033915992695,5.062982559204102
Facebook,8,206,496,0.25,0.5,12,0.26805201943757295,0.005263157894736842,0.4283850769632142,4.850889444351196
Facebook,8,206,496,0.25,0.5,13,0.27766265540970986,0.005970149253731343,0.3949908687711975,5.04817795753479
Facebook,8,206,496,0.25,0.5,14,0.26498708195672255,0.005633802816901409,0.45656144012522826,4.853042125701904
Facebook,8,206,496,0.25,0.5,15,0.27678950254997314,0.008,0.6097051917558048,5.122533559799194
Facebook,8,206,496,0.25,0.5,16,0.2757566604761989,0.00784313725490196,0.5911818418992956,4.874305486679077
Facebook,8,206,496,0.25,0.5,17,0.2630642177400191,0.0064516129032258064,0.41481867988520743,5.0675129890441895
Facebook,8,206,496,0.25,0.5,18,0.2802965817589473,0.006572769953051643,0.4388207670232194,4.926501512527466
Facebook,8,206,496,0.25,0.5,19,0.2624962472740106,0.007894736842105263,0.6613618575528307,5.096455097198486
Facebook,8,206,496,0.25,0.5,20,0.2566047976739477,0.0061403508771929825,0.48630315679624314,4.890271186828613
Facebook,8,206,496,0.25,0.5,21,0.2758784394425831,0.005,0.3991651447951996,5.200922012329102
Facebook,8,206,496,0.25,0.5,22,0.26689246710448594,0.010185185185185186,0.7586746673623793,4.924377918243408
Facebook,8,206,496,0.25,0.5,23,0.252472360824838,0.006666666666666667,0.40281763631620143,5.160830020904541
Facebook,8,206,496,0.25,0.5,24,0.2705131448354382,0.005405405405405406,0.39629533002869816,4.9485673904418945
Facebook,8,206,496,0.25,0.5,25,0.2603931446880599,0.007291666666666667,0.47404122097573703,5.122818231582642
Facebook,8,206,595,0.3,0.5,1,0.26780813238135187,0.007792207792207792,0.6504043829898252,4.885380983352661
Facebook,8,206,595,0.3,0.5,2,0.26977109452045284,0.003703703703703704,0.28489433863814245,4.877420663833618
Facebook,8,206,595,0.3,0.5,3,0.2411164589362331,0.007619047619047619,0.5776154448212888,5.0750226974487305
Facebook,8,206,595,0.3,0.5,4,0.27671310701778856,0.005063291139240506,0.4077745890947039,4.905544757843018
Facebook,8,206,595,0.3,0.5,5,0.24787103189635598,0.006306306306306306,0.507957213670754,5.071097135543823
Facebook,8,206,595,0.3,0.5,6,0.24746752892261042,0.007142857142857143,0.5867466736237934,4.870416641235352
Facebook,8,206,595,0.3,0.5,7,0.27100921109565995,0.008032128514056224,0.7393686407513697,5.0645904541015625
Facebook,8,206,595,0.3,0.5,8,0.26447270487120017,0.006926406926406926,0.5022175841377511,4.899389028549194
Facebook,8,206,595,0.3,0.5,9,0.2426337333183051,0.007894736842105263,0.6647534568223323,5.116055727005005
Facebook,8,206,595,0.3,0.5,10,0.2610788933909129,0.007909604519774011,0.45108270284372554,4.8838794231414795
Facebook,8,206,595,0.3,0.5,11,0.2717604220065367,0.007017543859649123,0.40751369684320377,5.124813795089722
Facebook,8,206,595,0.3,0.5,12,0.2353647023116194,0.010256410256410256,0.5465692668927733,4.943134069442749
Facebook,8,206,595,0.3,0.5,13,0.26285845468512076,0.006392694063926941,0.5789199060787895,5.191402912139893
Facebook,8,206,595,0.3,0.5,14,0.24994225340247603,0.005633802816901409,0.4309939994782155,4.897100210189819
Facebook,8,206,595,0.3,0.5,15,0.26421232745142953,0.004901960784313725,0.3229846073571615,5.034022569656372
Facebook,8,206,595,0.3,0.5,16,0.2499247734733832,0.0071111111111111115,0.5700495695277851,4.849496126174927
Facebook,8,206,595,0.3,0.5,17,0.27691414480415216,0.00642570281124498,0.542134098617271,5.083377122879028
Facebook,8,206,595,0.3,0.5,18,0.27125872065970197,0.006837606837606838,0.505870075658753,4.877817869186401
Facebook,8,206,595,0.3,0.5,19,0.2754151767633999,0.005555555555555556,0.5948343334202975,5.0736236572265625
Facebook,8,206,595,0.3,0.5,20,0.260167771976777,0.00625,0.6475345682233238,4.894447088241577
Facebook,8,206,595,0.3,0.5,21,0.24568460290908542,0.00784313725490196,0.4842160187842421,5.053055286407471
Facebook,8,206,595,0.3,0.5,22,0.2926173597730362,0.006666666666666667,0.5935298721627967,4.850849628448486
Facebook,8,206,595,0.3,0.5,23,0.2703074081876155,0.005333333333333333,0.4296895382207148,5.09377121925354
Facebook,8,206,595,0.3,0.5,24,0.2678640179994658,0.006392694063926941,0.49047743282024525,4.860284328460693
Facebook,8,206,595,0.3,0.5,25,0.2307417713666245,0.008695652173913044,0.5470910513957735,5.026882886886597
Facebook,8,206,694,0.35,0.5,1,0.27784999381552383,0.00909090909090909,0.5903991651447952,4.919078588485718
Facebook,8,206,694,0.35,0.5,2,0.28581994963911467,0.0046204620462046205,0.4938690320897469,5.091203212738037
Facebook,8,206,694,0.35,0.5,3,0.23375086819984414,0.006572769953051643,0.46256196190973126,4.945252418518066
Facebook,8,206,694,0.35,0.5,4,0.25252413651187267,0.006392694063926941,0.47951995825723975,5.199636936187744
Facebook,8,206,694,0.35,0.5,5,0.2747829436748261,0.005833333333333334,0.4184711714062092,4.9723124504089355
Facebook,8,206,694,0.35,0.5,6,0.2800372604300194,0.009836065573770493,0.5877902426297938,4.967000484466553
Facebook,8,206,694,0.35,0.5,7,0.26086508249470935,0.006222222222222222,0.4996086616227498,5.155858278274536
Facebook,8,206,694,0.35,0.5,8,0.2749001088427733,0.00784313725490196,0.4523871641012262,5.000814914703369
Facebook,8,206,694,0.35,0.5,9,0.29204464627529303,0.006060606060606061,0.35611792329767805,5.181061029434204
Facebook,8,206,694,0.35,0.5,10,0.2680817638460633,0.006060606060606061,0.47508478998173753,5.014966726303101
Facebook,8,206,694,0.35,0.5,11,0.264298193906788,0.006965174129353234,0.495956170101748,5.145222187042236
Facebook,8,206,694,0.35,0.5,12,0.2525503500024817,0.0064516129032258064,0.4343855987477172,4.958237648010254
Facebook,8,206,694,0.35,0.5,13,0.26680794365823973,0.007692307692307693,0.5776154448212888,5.142679452896118
Facebook,8,206,694,0.35,0.5,14,0.2778852747886984,0.006965174129353234,0.41507957213670754,4.978045225143433
Facebook,8,206,694,0.35,0.5,15,0.25790634405195023,0.009836065573770493,0.6198799895643099,5.169236183166504
Facebook,8,206,694,0.35,0.5,16,0.2787656361637834,0.005177993527508091,0.5384816070962692,4.947969675064087
Facebook,8,206,694,0.35,0.5,17,0.26419737816344785,0.00823045267489712,0.6879728672058439,5.1727294921875
Facebook,8,206,694,0.35,0.5,18,0.25288494348543805,0.004878048780487805,0.42890686146621443,4.935603380203247
Facebook,8,206,694,0.35,0.5,19,0.2550163553737523,0.005,0.3855987477171928,5.128904581069946
Facebook,8,206,694,0.35,0.5,20,0.2728359376748911,0.007526881720430108,0.4591703626402296,4.925887107849121
Facebook,8,206,694,0.35,0.5,21,0.25551339573772813,0.0071111111111111115,0.5183929037307592,5.1531267166137695
Facebook,8,206,694,0.35,0.5,22,0.27635046711036265,0.006666666666666667,0.46204017740673103,4.909722805023193
Facebook,8,206,694,0.35,0.5,23,0.2725180941540288,0.00808080808080808,0.4909992173232455,5.067477226257324
Facebook,8,206,694,0.35,0.5,24,0.2326323409660635,0.007960199004975124,0.5366553613357683,4.92231559753418
Facebook,8,206,694,0.35,0.5,25,0.23774923404924406,0.006481481481481481,0.4951734933472476,5.141974687576294
Facebook,8,206,793,0.4,0.5,1,0.2735171368755907,0.0035087719298245615,0.3289851291416645,4.950458526611328
Facebook,8,206,793,0.4,0.5,2,0.27870396115386525,0.008450704225352112,0.6269240803548135,5.1243133544921875
Facebook,8,206,793,0.4,0.5,3,0.2599357262587418,0.006666666666666667,0.43282024523871643,4.956143617630005
Facebook,8,206,793,0.4,0.5,4,0.2791249628855375,0.005303030303030303,0.4711714062092356,5.165411710739136
Facebook,8,206,793,0.4,0.5,5,0.2544015110608694,0.008333333333333333,0.6016175319593008,4.969966650009155
Facebook,8,206,793,0.4,0.5,6,0.26234446140947476,0.007058823529411765,0.5883120271327942,5.190148115158081
Facebook,8,206,793,0.4,0.5,7,0.2601967590728153,0.005691056910569106,0.5069136446647534,4.956393003463745
Facebook,8,206,793,0.4,0.5,8,0.25628067316124575,0.008743169398907104,0.5617010174797809,5.170519590377808
Facebook,8,206,793,0.4,0.5,9,0.2685572472531026,0.005128205128205128,0.43829898252021915,4.946956634521484
Facebook,8,206,793,0.4,0.5,10,0.29506625710661727,0.00676328502415459,0.44951734933472476,5.240501880645752
Facebook,8,206,793,0.4,0.5,11,0.24969058142977102,0.007407407407407408,0.48447691103574225,4.958449840545654
Facebook,8,206,793,0.4,0.5,12,0.245175804193336,0.007511737089201878,0.5455256978867727,5.146381139755249
Facebook,8,206,793,0.4,0.5,13,0.26541663985817665,0.008627450980392156,0.7331072267153665,4.932484149932861
Facebook,8,206,793,0.4,0.5,14,0.26574504382166675,0.007291666666666667,0.5296112705452648,5.084604501724243
Facebook,8,206,793,0.4,0.5,15,0.2562536850367404,0.0052434456928838954,0.4583876858857292,4.94477391242981
Facebook,8,206,793,0.4,0.5,16,0.22545026824588013,0.007070707070707071,0.4766501434907383,5.168885707855225
Facebook,8,206,793,0.4,0.5,17,0.2615642262758462,0.008187134502923977,0.4583876858857292,4.932607412338257
Facebook,8,206,793,0.4,0.5,18,0.265227695661842,0.007729468599033816,0.5444821288807722,5.154082298278809
Facebook,8,206,793,0.4,0.5,19,0.2704375759561127,0.00676328502415459,0.4758674667362379,4.932666301727295
Facebook,8,206,793,0.4,0.5,20,0.27036479738526886,0.008602150537634409,0.5643099399947822,4.904110908508301
Facebook,8,206,793,0.4,0.5,21,0.2569598747128853,0.006349206349206349,0.5447430211322724,5.152500629425049
Facebook,8,206,793,0.4,0.5,22,0.26134779693208915,0.004219409282700422,0.3472475867466736,4.935781240463257
Facebook,8,206,793,0.4,0.5,23,0.2597958634257463,0.0071111111111111115,0.5742238455517871,5.135730743408203
Facebook,8,206,793,0.4,0.5,24,0.28817970383763286,0.005797101449275362,0.47378032872423687,4.897613048553467
Facebook,8,206,793,0.4,0.5,25,0.270284463232989,0.00749063670411985,0.6858857291938429,5.097120046615601
Facebook,8,206,892,0.45,0.5,1,0.2713218410701544,0.005833333333333334,0.4662144534307331,4.9430272579193115
Facebook,8,206,892,0.45,0.5,2,0.258541069357499,0.009389671361502348,0.6903208974693451,5.129741191864014
Facebook,8,206,892,0.45,0.5,3,0.2722747249801362,0.005761316872427984,0.5131750587007566,5.133370399475098
Facebook,8,206,892,0.45,0.5,4,0.26720870841443484,0.006666666666666667,0.4247325854422124,4.921705961227417
Facebook,8,206,892,0.45,0.5,5,0.2688739388797388,0.005263157894736842,0.4257761544482129,4.97201943397522
Facebook,8,206,892,0.45,0.5,6,0.27999453301777555,0.006584362139917695,0.5267414557787634,5.123496770858765
Facebook,8,206,892,0.45,0.5,7,0.26943195902415995,0.005633802816901409,0.4176884946517088,4.963247060775757
Facebook,8,206,892,0.45,0.5,8,0.2749960958743206,0.008333333333333333,0.5092616749282546,5.1221771240234375
Facebook,8,206,892,0.45,0.5,9,0.2559482291103724,0.008333333333333333,0.5243934255152622,4.941090106964111
Facebook,8,206,892,0.45,0.5,10,0.2398067856878627,0.008695652173913044,0.6107487607618054,5.127835512161255
Facebook,8,206,892,0.45,0.5,11,0.26039958114327033,0.005970149253731343,0.4127315418732064,4.944676637649536
Facebook,8,206,892,0.45,0.5,12,0.26800160642202625,0.00821917808219178,0.6571875815288286,5.14256739616394
Facebook,8,206,892,0.45,0.5,13,0.2629406824959268,0.0073059360730593605,0.5405687451082702,4.948391914367676
Facebook,8,206,892,0.45,0.5,14,0.26645951443665306,0.0071111111111111115,0.5410905296112706,5.140456199645996
Facebook,8,206,892,0.45,0.5,15,0.2791349738140044,0.006572769953051643,0.4969997391077485,4.9454345703125
Facebook,8,206,892,0.45,0.5,16,0.26776828009217374,0.006392694063926941,0.465953561179233,5.162644147872925
Facebook,8,206,892,0.45,0.5,17,0.2665007827081842,0.005982905982905983,0.48004174276024003,4.94348931312561
Facebook,8,206,892,0.45,0.5,18,0.27835177504860814,0.006481481481481481,0.43647273675971826,5.1813225746154785
Facebook,8,206,892,0.45,0.5,19,0.2781189536427993,0.005555555555555556,0.5757891990607878,4.9289422035217285
Facebook,8,206,892,0.45,0.5,20,0.26175752261206053,0.01,0.6303156796243151,5.176201820373535
Facebook,8,206,892,0.45,0.5,21,0.23155098271988933,0.007070707070707071,0.45969214714322987,4.923913240432739
Facebook,8,206,892,0.45,0.5,22,0.264490145242119,0.005263157894736842,0.39081659274719543,5.1853625774383545
Facebook,8,206,892,0.45,0.5,23,0.24521648361655052,0.01090909090909091,0.5911818418992956,4.913990259170532
Facebook,8,206,892,0.45,0.5,24,0.26902283820888934,0.008333333333333333,0.5343073310722671,5.184960842132568
Facebook,8,206,892,0.45,0.5,25,0.2697935953363495,0.008187134502923977,0.4649099921732325,4.915722131729126
Facebook,8,206,992,0.5,0.5,1,0.23531296161959495,0.005479452054794521,0.44951734933472476,5.1900413036346436
Facebook,8,206,992,0.5,0.5,2,0.26644456199670474,0.006896551724137931,0.3874249934776937,4.964085102081299
Facebook,8,206,992,0.5,0.5,3,0.26404584128556985,0.006666666666666667,0.47508478998173753,5.170731544494629
Facebook,8,206,992,0.5,0.5,4,0.2644389013232823,0.00967741935483871,0.6133576832768067,4.9516191482543945
Facebook,8,206,992,0.5,0.5,5,0.2667007815003513,0.0049382716049382715,0.348030263501174,5.214176177978516
Facebook,8,206,992,0.5,0.5,6,0.3058594405642138,0.005128205128205128,0.3874249934776937,4.941443681716919
Facebook,8,206,992,0.5,0.5,7,0.22711867266589789,0.005714285714285714,0.41012261935820504,5.1672210693359375
Facebook,8,206,992,0.5,0.5,8,0.2691083007685218,0.005925925925925926,0.567962431515784,4.946651458740234
Facebook,8,206,992,0.5,0.5,9,0.26014369647149244,0.007017543859649123,0.5789199060787895,5.196171760559082
Facebook,8,206,992,0.5,0.5,10,0.2773516916538152,0.008484848484848486,0.5285677015392642,4.96280837059021
Facebook,8,206,992,0.5,0.5,11,0.2609337362228376,0.007619047619047619,0.6151839290373076,5.206878423690796
Facebook,8,206,992,0.5,0.5,12,0.2701568930949315,0.005633802816901409,0.3923819462561962,4.947633266448975
Facebook,8,206,992,0.5,0.5,13,0.21922839375265477,0.00966183574879227,0.6331854943908166,5.239545822143555
Facebook,8,206,992,0.5,0.5,14,0.29470833330753143,0.00676328502415459,0.42603704669971304,4.957857608795166
Facebook,8,206,992,0.5,0.5,15,0.25776730984181695,0.004545454545454545,0.38585963996869294,5.2131218910217285
Facebook,8,206,992,0.5,0.5,16,0.28524533564238086,0.008333333333333333,0.5392642838507696,4.9553399085998535
Facebook,8,206,992,0.5,0.5,17,0.27277522318990627,0.006521739130434782,0.6475345682233238,5.195094585418701
Facebook,8,206,992,0.5,0.5,18,0.2706926550726368,0.005263157894736842,0.378032872423689,4.975282669067383
Facebook,8,206,992,0.5,0.5,19,0.27684956365755103,0.006666666666666667,0.4894338638142447,4.95103907585144
Facebook,8,206,992,0.5,0.5,20,0.2677409609652719,0.008108108108108109,0.5697886772762849,5.171573162078857
Facebook,8,206,992,0.5,0.5,21,0.2764251176020575,0.006862745098039216,0.4909992173232455,5.007078170776367
Facebook,8,206,992,0.5,0.5,22,0.2740578967878736,0.005633802816901409,0.38612053222019305,5.153330087661743
Facebook,8,206,992,0.5,0.5,23,0.2901633707822669,0.005982905982905983,0.510044351682755,5.1856465339660645
Facebook,8,206,992,0.5,0.5,24,0.28579999039086484,0.007142857142857143,0.5875293503782938,4.962376117706299
Facebook,8,206,992,0.5,0.5,25,0.2676102899231847,0.006965174129353234,0.4456039655622228,4.96917462348938
Facebook,8,206,1091,0.55,0.5,1,0.27253111806189023,0.01045751633986928,0.5549178189407774,5.1726274490356445
Facebook,8,206,1091,0.55,0.5,2,0.25978579286334574,0.008888888888888889,0.5463083746412731,5.012999534606934
Facebook,8,206,1091,0.55,0.5,3,0.2655869760000573,0.00676328502415459,0.44612575006522304,5.18932843208313
Facebook,8,206,1091,0.55,0.5,4,0.28122239261688126,0.005633802816901409,0.39733889903469866,4.9685399532318115
Facebook,8,206,1091,0.55,0.5,5,0.2501979124393661,0.012244897959183673,0.5627445864857814,5.182277679443359
Facebook,8,206,1091,0.55,0.5,6,0.277786656832106,0.005208333333333333,0.3195930080876598,4.983840227127075
Facebook,8,206,1091,0.55,0.5,7,0.27571255132428646,0.00967741935483871,0.5963996869292982,5.163754463195801
Facebook,8,206,1091,0.55,0.5,8,0.2668074660526436,0.006837606837606838,0.5071745369162536,4.969084978103638
Facebook,8,206,1091,0.55,0.5,9,0.25849758236940856,0.0061403508771929825,0.47430211322723714,5.1936657428741455
Facebook,8,206,1091,0.55,0.5,10,0.22813194173078083,0.006666666666666667,0.4868249412992434,4.94356894493103
Facebook,8,206,1091,0.55,0.5,11,0.2723239374845654,0.007650273224043716,0.5337855465692669,5.184186935424805
Facebook,8,206,1091,0.55,0.5,12,0.2716811238977281,0.008450704225352112,0.6287503261153143,4.957302093505859
Facebook,8,206,1091,0.55,0.5,13,0.25833492938381547,0.006306306306306306,0.4876076180537438,5.165617942810059
Facebook,8,206,1091,0.55,0.5,14,0.2615121777143078,0.006572769953051643,0.489955648317245,4.982973337173462
Facebook,8,206,1091,0.55,0.5,15,0.26173823500844523,0.006382978723404255,0.5708322462822855,5.161820411682129
Facebook,8,206,1091,0.55,0.5,16,0.2781257050546578,0.006060606060606061,0.4111661883642056,4.958948612213135
Facebook,8,206,1091,0.55,0.5,17,0.26975213481287175,0.006392694063926941,0.4317766762327159,5.160315990447998
Facebook,8,206,1091,0.55,0.5,18,0.27244311966683116,0.005860805860805861,0.5322201930602661,4.939327955245972
Facebook,8,206,1091,0.55,0.5,19,0.26996469654436717,0.008955223880597015,0.6010957474563006,5.176046371459961
Facebook,8,206,1091,0.55,0.5,20,0.25284361341588646,0.005847953216374269,0.34463866423167233,4.9472496509552
Facebook,8,206,1091,0.55,0.5,21,0.3008027895474214,0.006751054852320675,0.5296112705452648,5.177786588668823
Facebook,8,206,1091,0.55,0.5,22,0.27967977809594663,0.005405405405405406,0.3947299765196974,4.96259069442749
Facebook,8,206,1091,0.55,0.5,23,0.2741899151721245,0.01045751633986928,0.5084789981737542,5.140885353088379
Facebook,8,206,1091,0.55,0.5,24,0.24084834349658027,0.005263157894736842,0.46204017740673103,4.960535526275635
Facebook,8,206,1091,0.55,0.5,25,0.25677774590388563,0.006837606837606838,0.5896164883902948,5.1581809520721436
Facebook,8,206,1190,0.6,0.5,1,0.2732601482100789,0.009375,0.5810070440907905,4.955731153488159
Facebook,8,206,1190,0.6,0.5,2,0.2612057585223205,0.010416666666666666,0.6488390294808244,5.117060422897339
Facebook,8,206,1190,0.6,0.5,3,0.2774602648820887,0.007291666666666667,0.4881294025567441,4.9528093338012695
Facebook,8,206,1190,0.6,0.5,4,0.26977455546103896,0.008333333333333333,0.5567440647012784,5.175828456878662
Facebook,8,206,1190,0.6,0.5,5,0.2777561095539146,0.008187134502923977,0.4873467258022437,4.934175729751587
Facebook,8,206,1190,0.6,0.5,6,0.2658160248266567,0.006572769953051643,0.45473519436472737,5.1323933601379395
Facebook,8,206,1190,0.6,0.5,7,0.2681652602376289,0.006896551724137931,0.5977041481867988,4.953814506530762
Facebook,8,206,1190,0.6,0.5,8,0.26987431137607854,0.008888888888888889,0.5288285937907644,5.239583492279053
Facebook,8,206,1190,0.6,0.5,9,0.27996032514739627,0.009195402298850575,0.4878685103052439,4.97094988822937
Facebook,8,206,1190,0.6,0.5,10,0.3019985685579154,0.008571428571428572,0.6412731541873207,5.165804386138916
Facebook,8,206,1190,0.6,0.5,11,0.23678464694700008,0.007142857142857143,0.4007304983042004,4.955926179885864
Facebook,8,206,1190,0.6,0.5,12,0.2714815146673945,0.006392694063926941,0.46177928515523087,5.120924949645996
Facebook,8,206,1190,0.6,0.5,13,0.2633265248873989,0.007594936708860759,0.6381424471693191,4.980256080627441
Facebook,8,206,1190,0.6,0.5,14,0.2760717602568504,0.005797101449275362,0.4549960866162275,4.973393440246582
Facebook,8,206,1190,0.6,0.5,15,0.27862441027699475,0.007511737089201878,0.5718758152882859,5.155194282531738
Facebook,8,206,1190,0.6,0.5,16,0.22758842273947819,0.006572769953051643,0.46256196190973126,4.958941698074341
Facebook,8,206,1190,0.6,0.5,17,0.21111238909489285,0.005263157894736842,0.41534046438820765,5.161813497543335
Facebook,8,206,1190,0.6,0.5,18,0.2685611753686429,0.005982905982905983,0.46334463866423165,5.175851345062256
Facebook,8,206,1190,0.6,0.5,19,0.2619911554861836,0.008333333333333333,0.5723975997912862,4.98790717124939
Facebook,8,206,1190,0.6,0.5,20,0.269281822034282,0.008205128205128205,0.5525697886772762,4.979986906051636
Facebook,8,206,1190,0.6,0.5,21,0.2595957113000943,0.007017543859649123,0.5828332898512915,5.183224201202393
Facebook,8,206,1190,0.6,0.5,22,0.25657248437102254,0.006481481481481481,0.5053482911557526,4.994022607803345
Facebook,8,206,1190,0.6,0.5,23,0.2744759801830661,0.009259259259259259,0.6394469084268197,5.216506242752075
Facebook,8,206,1190,0.6,0.5,24,0.25796469471324196,0.009523809523809525,0.6086616227498043,5.0238847732543945
Facebook,8,206,1190,0.6,0.5,25,0.2606859976485789,0.007894736842105263,0.577876337072789,5.226062774658203
Facebook,8,206,1289,0.65,0.5,1,0.2562992315684905,0.0061403508771929825,0.44429950430472215,5.027081251144409
Facebook,8,206,1289,0.65,0.5,2,0.2672488118375452,0.00590717299578059,0.4589094703887295,5.244353294372559
Facebook,8,206,1289,0.65,0.5,3,0.2674342376235854,0.007407407407407408,0.46256196190973126,5.04551887512207
Facebook,8,206,1289,0.65,0.5,4,0.2826771934431404,0.009009009009009009,0.6655361335768327,5.238623380661011
Facebook,8,206,1289,0.65,0.5,5,0.2621072903996519,0.008,0.6034437777198017,5.0369956493377686
Facebook,8,206,1289,0.65,0.5,6,0.27423219101970947,0.008,0.6433602921993217,5.2414491176605225
Facebook,8,206,1289,0.65,0.5,7,0.26638686132069483,0.008108108108108109,0.5958779024262979,5.044827461242676
Facebook,8,206,1289,0.65,0.5,8,0.30354783582842987,0.004545454545454545,0.4936081398382468,5.246487140655518
Facebook,8,206,1289,0.65,0.5,9,0.2616624301207141,0.006926406926406926,0.5423949908687712,5.035160541534424
Facebook,8,206,1289,0.65,0.5,10,0.2698938220950669,0.010169491525423728,0.6355335246543178,5.237854480743408
Facebook,8,206,1289,0.65,0.5,11,0.282462670267689,0.00676328502415459,0.44012522828072004,5.115055322647095
Facebook,8,206,1289,0.65,0.5,12,0.25285731271203304,0.007511737089201878,0.5228280720062615,5.280713319778442
Facebook,8,206,1289,0.65,0.5,13,0.26394396368249234,0.007526881720430108,0.5084789981737542,5.053493022918701
Facebook,8,206,1289,0.65,0.5,14,0.27585103617861273,0.004901960784313725,0.3957735455256979,5.298363447189331
Facebook,8,206,1289,0.65,0.5,15,0.2626300766244192,0.007017543859649123,0.5045656144012522,5.085653781890869
Facebook,8,206,1289,0.65,0.5,16,0.2785684343268959,0.006666666666666667,0.4711714062092356,5.294428586959839
Facebook,8,206,1289,0.65,0.5,17,0.25655440455411743,0.005833333333333334,0.4771719279937386,5.080160140991211
Facebook,8,206,1289,0.65,0.5,18,0.2574122392823587,0.00784313725490196,0.5022175841377511,5.231050491333008
Facebook,8,206,1289,0.65,0.5,19,0.2743120906843185,0.008333333333333333,0.5836159666057918,5.030250310897827
Facebook,8,206,1289,0.65,0.5,20,0.26103253806206034,0.005797101449275362,0.5632663709887816,5.221783638000488
Facebook,8,206,1289,0.65,0.5,21,0.25576341769555533,0.007207207207207207,0.5217845030002609,5.026015043258667
Facebook,8,206,1289,0.65,0.5,22,0.2654226908513008,0.009523809523809525,0.5144795199582572,5.244779109954834
Facebook,8,206,1289,0.65,0.5,23,0.20293747931848724,0.007407407407407408,0.5617010174797809,5.042781829833984
Facebook,8,206,1289,0.65,0.5,24,0.2649656007896608,0.004975124378109453,0.32272371510566134,5.2516162395477295
Facebook,8,206,1289,0.65,0.5,25,0.23118269465349703,0.00590717299578059,0.4993477693712497,5.032135009765625
Facebook,8,206,1388,0.7,0.5,1,0.2735654476172725,0.005982905982905983,0.42212366292721104,5.233303070068359
Facebook,8,206,1388,0.7,0.5,2,0.2761012398627899,0.0071111111111111115,0.516044873467258,5.030732870101929
Facebook,8,206,1388,0.7,0.5,3,0.2677505502482663,0.005970149253731343,0.354030785285677,5.234055042266846
Facebook,8,206,1388,0.7,0.5,4,0.2535862477807471,0.009523809523809525,0.5429167753717714,5.077609539031982
Facebook,8,206,1388,0.7,0.5,5,0.2569588503618253,0.008465608465608466,0.5217845030002609,5.258508205413818
Facebook,8,206,1388,0.7,0.5,6,0.26754506025110636,0.0075,0.566136185755283,5.03178858757019
Facebook,8,206,1388,0.7,0.5,7,0.2119500257985353,0.008602150537634409,0.5478737281502739,5.214326620101929
Facebook,8,206,1388,0.7,0.5,8,0.309828546482248,0.005194805194805195,0.40333942081920166,5.053179979324341
Facebook,8,206,1388,0.7,0.5,9,0.2752055108580609,0.0049382716049382715,0.4197756326637099,5.262537479400635
Facebook,8,206,1388,0.7,0.5,10,0.26938121712180907,0.006751054852320675,0.542134098617271,5.026845216751099
Facebook,8,206,1388,0.7,0.5,11,0.22940841374891519,0.007407407407407408,0.5447430211322724,5.248571872711182
Facebook,8,206,1388,0.7,0.5,12,0.26584513587574515,0.008,0.5567440647012784,5.028759717941284
Facebook,8,206,1388,0.7,0.5,13,0.263564855298982,0.006926406926406926,0.5095225671797547,5.227353572845459
Facebook,8,206,1388,0.7,0.5,14,0.27023297363360804,0.009195402298850575,0.506130967910253,5.0302510261535645
Facebook,8,206,1388,0.7,0.5,15,0.26528221110101746,0.006481481481481481,0.42655883120271326,5.260750770568848
Facebook,8,206,1388,0.7,0.5,16,0.258804923459572,0.010945273631840797,0.7122358465953561,5.039845705032349
Facebook,8,206,1388,0.7,0.5,17,0.2800408784054665,0.005555555555555556,0.43647273675971826,5.251202344894409
Facebook,8,206,1388,0.7,0.5,18,0.2728696437248921,0.006666666666666667,0.4876076180537438,5.035875082015991
Facebook,8,206,1388,0.7,0.5,19,0.2545960971770585,0.008045977011494253,0.4829115575267415,5.229537010192871
Facebook,8,206,1388,0.7,0.5,20,0.24562092874517374,0.00676328502415459,0.49830420036524914,5.0596630573272705
Facebook,8,206,1388,0.7,0.5,21,0.23181245812953447,0.0071794871794871795,0.4763892512392382,5.232898235321045
Facebook,8,206,1388,0.7,0.5,22,0.2612331237499787,0.00676328502415459,0.5168275502217584,5.033432960510254
Facebook,8,206,1388,0.7,0.5,23,0.27061293738726994,0.0073059360730593605,0.5922254109052961,5.234442710876465
Facebook,8,206,1388,0.7,0.5,24,0.279248016683266,0.006222222222222222,0.477954604748239,5.033456325531006
Facebook,8,206,1388,0.7,0.5,25,0.27324245209081865,0.006349206349206349,0.4012522828072006,5.247113943099976
Facebook,8,206,1487,0.75,0.5,1,0.20724466141700557,0.009523809523809525,0.6151839290373076,5.049605846405029
Facebook,8,206,1487,0.75,0.5,2,0.2321109615515774,0.009259259259259259,0.6310983563788155,5.256752014160156
Facebook,8,206,1487,0.75,0.5,3,0.2551645882253629,0.007017543859649123,0.5243934255152622,5.044854402542114
Facebook,8,206,1487,0.75,0.5,4,0.2615715124232073,0.006926406926406926,0.4873467258022437,5.2212560176849365
Facebook,8,206,1487,0.75,0.5,5,0.25925142545944496,0.006837606837606838,0.5525697886772762,5.050236463546753
Facebook,8,206,1487,0.75,0.5,6,0.28000498224397274,0.007909604519774011,0.45212627184972604,5.254020690917969
Facebook,8,206,1487,0.75,0.5,7,0.2552311997950889,0.006349206349206349,0.5888338116357944,5.045198917388916
Facebook,8,206,1487,0.75,0.5,8,0.26283400548904506,0.009523809523809525,0.6008348552048004,5.329195022583008
Facebook,8,206,1487,0.75,0.5,9,0.2730032718160302,0.005479452054794521,0.46047482389773026,5.064499855041504
Facebook,8,206,1487,0.75,0.5,10,0.2775654571506346,0.008547008547008548,0.6613618575528307,5.255905389785767
Facebook,8,206,1487,0.75,0.5,11,0.27261177148621607,0.006572769953051643,0.4821288807722411,5.062453031539917
Facebook,8,206,1487,0.75,0.5,12,0.2661482410803804,0.007729468599033816,0.5515262196712758,5.080548524856567
Facebook,8,206,1487,0.75,0.5,13,0.2504076902749889,0.0071111111111111115,0.5236107487607619,5.24085545539856
Facebook,8,206,1487,0.75,0.5,14,0.23059673502425007,0.010526315789473684,0.6415340464388207,5.043450355529785
Facebook,8,206,1487,0.75,0.5,15,0.2630942358747449,0.00590717299578059,0.5045656144012522,5.24189567565918
Facebook,8,206,1487,0.75,0.5,16,0.27666675957771486,0.00625,0.36890164362118444,5.06632399559021
Facebook,8,206,1487,0.75,0.5,17,0.24998899669671573,0.012222222222222223,0.7318027654578659,5.24781608581543
Facebook,8,206,1487,0.75,0.5,18,0.26325055414813264,0.004810996563573883,0.5173493347247586,5.038673639297485
Facebook,8,206,1487,0.75,0.5,19,0.2552446061305086,0.00980392156862745,0.6488390294808244,5.2449047565460205
Facebook,8,206,1487,0.75,0.5,20,0.24979618490610014,0.0073059360730593605,0.589877380641795,5.039491415023804
Facebook,8,206,1487,0.75,0.5,21,0.23634448649391898,0.011695906432748537,0.6605791807983303,5.2367119789123535
Facebook,8,206,1487,0.75,0.5,22,0.28399675511906985,0.004878048780487805,0.36107487607618055,5.040578842163086
Facebook,8,206,1487,0.75,0.5,23,0.28551220990400833,0.008450704225352112,0.6117923297678058,5.246544361114502
Facebook,8,206,1487,0.75,0.5,24,0.2632120045302,0.009523809523809525,0.678058961648839,5.042046308517456
Facebook,8,206,1487,0.75,0.5,25,0.2933620204604469,0.006153846153846154,0.43047221497521526,5.250858545303345
Facebook,8,206,1586,0.8,0.5,1,0.2643869019003574,0.008187134502923977,0.522045395251761,5.111805200576782
Facebook,8,206,1586,0.8,0.5,2,0.256444447791727,0.006060606060606061,0.3735977041481868,5.29424262046814
Facebook,8,206,1586,0.8,0.5,3,0.2862368567029867,0.007407407407407408,0.6224889120793112,5.061802387237549
Facebook,8,206,1586,0.8,0.5,4,0.27782956900694283,0.005691056910569106,0.47847638925123925,5.28048038482666
Facebook,8,206,1586,0.8,0.5,5,0.26266026942414794,0.008484848484848486,0.48473780328724236,5.053951263427734
Facebook,8,206,1586,0.8,0.5,6,0.22396505483387835,0.007317073170731708,0.6391860161753196,5.238331079483032
Facebook,8,206,1586,0.8,0.5,7,0.2698074612573174,0.005970149253731343,0.45630054787372815,5.047047853469849
Facebook,8,206,1586,0.8,0.5,8,0.2638131845734327,0.00909090909090909,0.5870075658752935,5.267880439758301
Facebook,8,206,1586,0.8,0.5,9,0.237509798078285,0.0077777777777777776,0.43255935298721626,5.087241172790527
Facebook,8,206,1586,0.8,0.5,10,0.2600939505718746,0.006965174129353234,0.4925645708322463,5.292642116546631
Facebook,8,206,1586,0.8,0.5,11,0.26000552368663454,0.005633802816901409,0.3983824680406992,5.067599773406982
Facebook,8,206,1586,0.8,0.5,12,0.26323205272432454,0.00590717299578059,0.4729976519697365,5.250460386276245
Facebook,8,206,1586,0.8,0.5,13,0.27530302252614286,0.007407407407407408,0.5765718758152882,5.0499587059021
Facebook,8,206,1586,0.8,0.5,14,0.25948706806037697,0.008450704225352112,0.6151839290373076,5.263440370559692
Facebook,8,206,1586,0.8,0.5,15,0.2858165656518509,0.006306306306306306,0.441951474041221,5.054943561553955
Facebook,8,206,1586,0.8,0.5,16,0.26341334234534175,0.006926406926406926,0.5465692668927733,5.273200750350952
Facebook,8,206,1586,0.8,0.5,17,0.27712451882188244,0.00880503144654088,0.4771719279937386,5.07589864730835
Facebook,8,206,1586,0.8,0.5,18,0.28409804151807444,0.00625,0.41455778763370726,5.285391807556152
Facebook,8,206,1586,0.8,0.5,19,0.27172958686267107,0.006584362139917695,0.48473780328724236,5.0574469566345215
Facebook,8,206,1586,0.8,0.5,20,0.21616506025674856,0.007407407407407408,0.5246543177667623,5.273171901702881
Facebook,8,206,1586,0.8,0.5,21,0.2709025789186868,0.007511737089201878,0.5502217584137751,5.057832956314087
Facebook,8,206,1586,0.8,0.5,22,0.23942437664569022,0.006222222222222222,0.507957213670754,5.239599227905273
Facebook,8,206,1586,0.8,0.5,23,0.2826258864650685,0.0064516129032258064,0.3524654317766762,5.046379089355469
Facebook,8,206,1586,0.8,0.5,24,0.25709795955219517,0.008955223880597015,0.6117923297678058,5.264895915985107
Facebook,8,206,1586,0.8,0.5,25,0.25492435585790346,0.006862745098039216,0.4489955648317245,5.040324687957764
Facebook,8,206,1686,0.85,0.5,1,0.28204694968586114,0.007894736842105263,0.6329246021393165,5.256883859634399
Facebook,8,206,1686,0.85,0.5,2,0.265440063050477,0.008658008658008658,0.6571875815288286,5.046101093292236
Facebook,8,206,1686,0.85,0.5,3,0.2624559628399893,0.007792207792207792,0.6386642316723193,5.237409830093384
Facebook,8,206,1686,0.85,0.5,4,0.27838536125661795,0.006926406926406926,0.5293503782937646,5.0425755977630615
Facebook,8,206,1686,0.85,0.5,5,0.22140986075291805,0.008205128205128205,0.5465692668927733,5.004426956176758
Facebook,8,206,1686,0.85,0.5,6,0.2468997235272781,0.008032128514056224,0.735977041481868,5.200330495834351
Facebook,8,206,1686,0.85,0.5,7,0.2654994420499631,0.008108108108108109,0.6313592486303157,5.005584239959717
Facebook,8,206,1686,0.85,0.5,8,0.23565328879978137,0.008045977011494253,0.4463866423167232,5.203847646713257
Facebook,8,206,1686,0.85,0.5,9,0.261724200730665,0.009375,0.615966605791808,4.98663592338562
Facebook,8,206,1686,0.85,0.5,10,0.25573299138792494,0.006751054852320675,0.5770936603182886,5.208399772644043
Facebook,8,206,1686,0.85,0.5,11,0.26511712070090915,0.007017543859649123,0.5588312027132795,5.007584571838379
Facebook,8,206,1686,0.85,0.5,12,0.2516908914636159,0.010666666666666666,0.5387424993477694,5.203247547149658
Facebook,8,206,1686,0.85,0.5,13,0.26503225571429084,0.008450704225352112,0.5885729193842942,4.987816572189331
Facebook,8,206,1686,0.85,0.5,14,0.2666456575599021,0.010256410256410256,0.5525697886772762,5.182952880859375
Facebook,8,206,1686,0.85,0.5,15,0.2626781470026528,0.0065040650406504065,0.5327419775632664,5.000312328338623
Facebook,8,206,1686,0.85,0.5,16,0.25601399577856737,0.007526881720430108,0.5069136446647534,5.214741468429565
Facebook,8,206,1686,0.85,0.5,17,0.26843194253606106,0.011299435028248588,0.6055309157318027,5.008753061294556
Facebook,8,206,1686,0.85,0.5,18,0.25532551015678734,0.006666666666666667,0.5032611531437516,5.173794507980347
Facebook,8,206,1686,0.85,0.5,19,0.23279441975199022,0.013095238095238096,0.7552830680928776,4.983211278915405
Facebook,8,206,1686,0.85,0.5,20,0.26055239497458454,0.007142857142857143,0.6044873467258023,5.2341530323028564
Facebook,8,206,1686,0.85,0.5,21,0.280046971276128,0.007526881720430108,0.4933472475867467,5.008737564086914
Facebook,8,206,1686,0.85,0.5,22,0.25372414131814414,0.006306306306306306,0.44873467258022437,5.233649969100952
Facebook,8,206,1686,0.85,0.5,23,0.24981052829777547,0.0077777777777777776,0.4549960866162275,5.014127969741821
Facebook,8,206,1686,0.85,0.5,24,0.2693374147784205,0.006060606060606061,0.43908165927471954,5.227080821990967
Facebook,8,206,1686,0.85,0.5,25,0.2523380002924257,0.008465608465608466,0.5481346204017741,5.036200523376465
Facebook,8,206,1785,0.9,0.5,1,0.2534996522716029,0.0071794871794871795,0.5063918601617532,5.285621881484985
Facebook,8,206,1785,0.9,0.5,2,0.2782392819704791,0.008695652173913044,0.5734411687972867,5.069609880447388
Facebook,8,206,1785,0.9,0.5,3,0.25592530873864516,0.007407407407407408,0.615966605791808,5.296755313873291
Facebook,8,206,1785,0.9,0.5,4,0.25648603397891573,0.0064516129032258064,0.3934255152621967,5.022698402404785
Facebook,8,206,1785,0.9,0.5,5,0.2707177125593236,0.006222222222222222,0.5050873989042526,5.216099977493286
Facebook,8,206,1785,0.9,0.5,6,0.2770093605224316,0.007619047619047619,0.5272632402817636,5.031736850738525
Facebook,8,206,1785,0.9,0.5,7,0.2710878058509836,0.0091324200913242,0.6464909992173232,5.242321014404297
Facebook,8,206,1785,0.9,0.5,8,0.2825805485389768,0.007909604519774011,0.4508218105922254,5.136178016662598
Facebook,8,206,1785,0.9,0.5,9,0.2586949996813389,0.00821917808219178,0.6282285416123141,5.2928667068481445
Facebook,8,206,1785,0.9,0.5,10,0.26738226843447155,0.00821917808219178,0.5776154448212888,5.1008007526397705
Facebook,8,206,1785,0.9,0.5,11,0.2573078266656389,0.006862745098039216,0.5113488129402557,5.2853593826293945
Facebook,8,206,1785,0.9,0.5,12,0.2868984138789808,0.006481481481481481,0.43151578398121576,5.134689569473267
Facebook,8,206,1785,0.9,0.5,13,0.2856374945227289,0.006392694063926941,0.40490477432820243,5.333605766296387
Facebook,8,206,1785,0.9,0.5,14,0.2668107506330177,0.009523809523809525,0.5123923819462562,5.160989999771118
Facebook,8,206,1785,0.9,0.5,15,0.24368684028247012,0.008333333333333333,0.4398643360292199,5.311195135116577
Facebook,8,206,1785,0.9,0.5,16,0.2469524992987558,0.005479452054794521,0.34463866423167233,5.149691581726074
Facebook,8,206,1785,0.9,0.5,17,0.2794744459618048,0.008333333333333333,0.6871901904513436,5.331256866455078
Facebook,8,206,1785,0.9,0.5,18,0.25856917867146934,0.008823529411764706,0.6146621445343073,5.1603639125823975
Facebook,8,206,1785,0.9,0.5,19,0.2529202969525612,0.010344827586206896,0.6204017740673102,5.34656834602356
Facebook,8,206,1785,0.9,0.5,20,0.25906643607575414,0.006392694063926941,0.5131750587007566,5.148738384246826
Facebook,8,206,1785,0.9,0.5,21,0.27312697350138926,0.0049382716049382715,0.3999478215497,5.322692155838013
Facebook,8,206,1785,0.9,0.5,22,0.2868422256595358,0.00676328502415459,0.44873467258022437,5.143706321716309
Facebook,8,206,1785,0.9,0.5,23,0.2605104999932081,0.00967741935483871,0.6170101747978085,5.10971474647522
Facebook,8,206,1785,0.9,0.5,24,0.2383643843046456,0.005063291139240506,0.41507957213670754,5.3421361446380615
Facebook,8,206,1785,0.9,0.5,25,0.28383431055480296,0.006349206349206349,0.4234281241847117,5.128891944885254
Facebook,8,206,1884,0.95,0.5,1,0.2700668377443764,0.00909090909090909,0.6425776154448213,5.3690900802612305
Facebook,8,206,1884,0.95,0.5,2,0.2654861553175598,0.00808080808080808,0.5131750587007566,5.129588842391968
Facebook,8,206,1884,0.95,0.5,3,0.2537410649166407,0.007291666666666667,0.5027393686407514,5.349766492843628
Facebook,8,206,1884,0.95,0.5,4,0.279366731473234,0.0071111111111111115,0.5063918601617532,5.137233257293701
Facebook,8,206,1884,0.95,0.5,5,0.22954271272291546,0.011299435028248588,0.7028437255413514,5.350564002990723
Facebook,8,206,1884,0.95,0.5,6,0.275990091436826,0.00903954802259887,0.5194364727367597,5.13257098197937
Facebook,8,206,1884,0.95,0.5,7,0.2520633488768391,0.01090909090909091,0.5864857813722932,5.366633653640747
Facebook,8,206,1884,0.95,0.5,8,0.2894650336470518,0.006572769953051643,0.43829898252021915,5.13078761100769
Facebook,8,206,1884,0.95,0.5,9,0.26823829993739234,0.007792207792207792,0.5369162535872685,5.371748924255371
Facebook,8,206,1884,0.95,0.5,10,0.2816477616027205,0.006306306306306306,0.4458648578137229,5.129005670547485
Facebook,8,206,1884,0.95,0.5,11,0.2397912009761421,0.008641975308641974,0.4823897730237412,5.3632800579071045
Facebook,8,206,1884,0.95,0.5,12,0.2548457234310296,0.006060606060606061,0.4748238977302374,5.195814371109009
Facebook,8,206,1884,0.95,0.5,13,0.26047280364021286,0.008108108108108109,0.6232715888338116,5.355286121368408
Facebook,8,206,1884,0.95,0.5,14,0.26696142846923676,0.008333333333333333,0.6031828854683016,5.1604368686676025
Facebook,8,206,1884,0.95,0.5,15,0.23158509800620802,0.007291666666666667,0.49830420036524914,5.348886251449585
Facebook,8,206,1884,0.95,0.5,16,0.25152239269377846,0.005063291139240506,0.3876858857291938,5.148439645767212
Facebook,8,206,1884,0.95,0.5,17,0.27106406697611213,0.006572769953051643,0.46256196190973126,5.313308954238892
Facebook,8,206,1884,0.95,0.5,18,0.2644062262937986,0.008695652173913044,0.5927471954082963,5.143760442733765
Facebook,8,206,1884,0.95,0.5,19,0.24740004791666342,0.005833333333333334,0.5306548395512654,5.3540849685668945
Facebook,8,206,1884,0.95,0.5,20,0.2647170413396718,0.008333333333333333,0.6770153926428385,5.1537275314331055
Facebook,8,206,1884,0.95,0.5,21,0.2627737609403815,0.006751054852320675,0.541873206365771,5.355438470840454
Facebook,8,206,1884,0.95,0.5,22,0.25486308133134006,0.009950248756218905,0.6991912340203496,5.121440172195435
Facebook,8,206,1884,0.95,0.5,23,0.2692290888547574,0.0064516129032258064,0.46204017740673103,5.310007810592651
Facebook,8,206,1884,0.95,0.5,24,0.2722705395675519,0.006751054852320675,0.5606574484737803,5.155633211135864
Facebook,8,206,1884,0.95,0.5,25,0.29423103551266244,0.006222222222222222,0.45708322462822853,5.311038494110107
Facebook,8,206,1983,1,0.5,1,0.2293767440552218,0.005797101449275362,0.5632663709887816,5.0857765674591064
Facebook,8,206,1983,1,0.5,2,0.26446345672258276,0.009523809523809525,0.6350117401513176,5.322918891906738
Facebook,8,206,1983,1,0.5,3,0.24963450673503507,0.005970149253731343,0.4714322984607357,5.116613864898682
Facebook,8,206,1983,1,0.5,4,0.25406893763295446,0.011111111111111112,0.651969736498826,5.286987781524658
Facebook,8,206,1983,1,0.5,5,0.27140225223865233,0.011494252873563218,0.6738846856248369,5.097315549850464
Facebook,8,206,1983,1,0.5,6,0.2363156269867505,0.007511737089201878,0.5322201930602661,5.306530475616455
Facebook,8,206,1983,1,0.5,7,0.26290225375151,0.007650273224043716,0.47378032872423687,5.092776536941528
Facebook,8,206,1983,1,0.5,8,0.2579813330553044,0.008450704225352112,0.5768327680667884,5.257368803024292
Facebook,8,206,1983,1,0.5,9,0.27133916970856264,0.006306306306306306,0.42551526219671276,5.067491054534912
Facebook,8,206,1983,1,0.5,10,0.28308289187922125,0.005622489959839358,0.4709105139577355,5.299698352813721
Facebook,8,206,1983,1,0.5,11,0.2794591316932724,0.006349206349206349,0.39029480824419516,5.094389200210571
Facebook,8,206,1983,1,0.5,12,0.24769178666608094,0.00903954802259887,0.49569527785024786,5.327313423156738
Facebook,8,206,1983,1,0.5,13,0.22073657039034966,0.011282051282051283,0.74015131750587,5.0944836139678955
Facebook,8,206,1983,1,0.5,14,0.26732095554376517,0.009389671361502348,0.6337072788938168,5.293101072311401
Facebook,8,206,1983,1,0.5,15,0.2675349488326515,0.006751054852320675,0.5043047221497522,5.081031799316406
Facebook,8,206,1983,1,0.5,16,0.2571624945945717,0.009876543209876543,0.5833550743542917,5.073307275772095
Facebook,8,206,1983,1,0.5,17,0.26530993353412446,0.007792207792207792,0.6412731541873207,5.267607688903809
Facebook,8,206,1983,1,0.5,18,0.2663925829022943,0.007207207207207207,0.5371771458387686,5.0686187744140625
Facebook,8,206,1983,1,0.5,19,0.22034801704649404,0.005714285714285714,0.4276024002087138,5.303324222564697
Facebook,8,206,1983,1,0.5,20,0.265371632413971,0.005479452054794521,0.40229585181320116,5.088002920150757
Facebook,8,206,1983,1,0.5,21,0.27251945607739064,0.006926406926406926,0.4962170623532481,5.3203206062316895
Facebook,8,206,1983,1,0.5,22,0.23774447542497176,0.01092896174863388,0.6642316723193321,5.1588757038116455
Facebook,8,206,1983,1,0.5,23,0.2505494311439598,0.005333333333333333,0.3696843203756848,5.311559200286865
Facebook,8,206,1983,1,0.5,24,0.2546399387404666,0.009150326797385621,0.46856248369423426,5.171569585800171
Facebook,8,206,1983,1,0.5,25,0.27007376909424696,0.006481481481481481,0.4641273154187321,5.3138978481292725
Facebook,9,548,0,0,,0,0.7289660121672482,0.0003333333333333333,0.0495560011458035,
Facebook,9,548,0,0,,0,0.7457870696426374,0.00041025641025641023,0.013749641936407906,
Facebook,9,548,0,0,,0,0.8092183132067149,0.00027434842249657066,0.05872242910340877,
Facebook,9,548,0,0,,0,0.8065616686704709,0.0006785411365564037,0.1818963047837296,
Facebook,9,548,0,0,,0,0.7552674166011317,0.0007597340930674264,0.20767688341449442,
Facebook,9,548,0,0,,0,0.7891622082878765,0.0005076142131979696,0.09510169006015469,
Facebook,9,548,0,0,,0,0.7601632250181906,0.00033250207813798836,0.02979089086221713,
Facebook,9,548,0,0,,0,0.6704618710905627,0.001092896174863388,0.15468347178458894,
Facebook,9,548,0,0,,0,0.7425488249765171,0.0005763688760806917,0.22629619020338013,
Facebook,9,548,0,0,,0,0.747115925613252,0.0006488240064882401,0.13033514752219993,
Facebook,9,548,0,0,,0,0.7614609654878904,0.00014492753623188405,0.0002864508736751647,
Facebook,9,548,0,0,,0,0.7355242969919666,0.000749063670411985,0.2426238900028645,
Facebook,9,548,0,0,,0,0.7900831412924395,0.000588235294117647,0.1486680034374105,
Facebook,9,548,0,0,,0,0.7878779938948174,0.0005567153792623522,0.2222858779719278,
Facebook,9,548,0,0,,0,0.7526812753187728,0.0006980802792321117,0.13921512460613006,
Facebook,9,548,0,0,,0,0.7350721967409573,0.0005069708491761723,0.011744485820681752,
Facebook,9,548,0,0,,0,0.7922116565743044,0.00042918454935622315,0.05299341162990547,
Facebook,9,548,0,0,,0,0.6834328119576225,0.00015048908954100828,0.0014322543683758235,
Facebook,9,548,0,0,,0,0.6726330514353449,0.0005108556832694764,0.016041248925809225,
Facebook,9,548,0,0,,0,0.800406839504076,0.00031152647975077883,0.020338012030936693,
Facebook,9,548,0,0,,0,0.6656746803316006,0.0006802721088435374,0.08851331996562589,
Facebook,9,548,0,0,,0,0.646754417525133,0.0009107468123861566,0.2761386422228588,
Facebook,9,548,0,0,,0,0.7593850248592898,0.00041025641025641023,0.03265539959896878,
Facebook,9,548,0,0,,0,0.6761721666257839,0.0005333333333333334,0.11085648811228874,
Facebook,9,548,0,0,,0,0.7263138737125907,0.0004166666666666667,0.062446290461185903,
Facebook,9,548,54,0.01,0.5,1,0.26273390142814673,0.002677376171352075,0.66943569177886,4.929813861846924
Facebook,9,548,54,0.01,0.5,2,0.2614301426079313,0.002564102564102564,0.7845889429962761,4.865198850631714
Facebook,9,548,54,0.01,0.5,3,0.23277808599253927,0.0024096385542168677,0.780865081638499,5.056222677230835
Facebook,9,548,54,0.01,0.5,4,0.2755517326898937,0.001996007984031936,0.6075623030650243,5.050665378570557
Facebook,9,548,54,0.01,0.5,5,0.2612694775032347,0.0024858757062146894,0.6499570323689488,4.880102157592773
Facebook,9,548,54,0.01,0.5,6,0.2785180727497587,0.0019665683382497543,0.5751933543397307,4.8866987228393555
Facebook,9,548,54,0.01,0.5,7,0.28171006627907824,0.00231335436382755,0.6808937267258666,5.07123327255249
Facebook,9,548,54,0.01,0.5,8,0.26886333860542844,0.0020905923344947735,0.6021197364651962,4.8658154010772705
Facebook,9,548,54,0.01,0.5,9,0.257838326416611,0.002962962962962963,0.5903752506445145,5.125327825546265
Facebook,9,548,54,0.01,0.5,10,0.26767642497245925,0.002150537634408602,0.7467774276711544,4.927225828170776
Facebook,9,548,54,0.01,0.5,11,0.25364772604824126,0.0031073446327683617,0.747923231165855,5.0739171504974365
Facebook,9,548,54,0.01,0.5,12,0.2742718926696892,0.0024291497975708503,0.506158693784016,4.954330682754517
Facebook,9,548,54,0.01,0.5,13,0.2762999073009304,0.0023228803716608595,0.7255800630191922,5.175557374954224
Facebook,9,548,54,0.01,0.5,14,0.288231136343637,0.0018755328218243818,0.6866227441993699,4.966263055801392
Facebook,9,548,54,0.01,0.5,15,0.22355360861464277,0.0026431718061674008,0.518189630478373,5.1703009605407715
Facebook,9,548,54,0.01,0.5,16,0.277968884521408,0.0022598870056497176,0.8384417072472071,4.905249357223511
Facebook,9,548,54,0.01,0.5,17,0.260908090112916,0.002909090909090909,0.7476367802921798,5.058593273162842
Facebook,9,548,54,0.01,0.5,18,0.2677863225138643,0.0024464831804281344,0.7880263534803781,4.867927074432373
Facebook,9,548,54,0.01,0.5,19,0.23431637153236484,0.003076923076923077,0.8152391864795188,5.081228017807007
Facebook,9,548,54,0.01,0.5,20,0.28536572740060834,0.0015151515151515152,0.47951876253222575,4.9029669761657715
Facebook,9,548,54,0.01,0.5,21,0.26415156519550465,0.002158273381294964,0.5442566599828129,5.10139274597168
Facebook,9,548,54,0.01,0.5,22,0.28231071687061865,0.0022222222222222222,0.7854482956173017,4.865509510040283
Facebook,9,548,54,0.01,0.5,23,0.26670689533546726,0.0033986928104575162,0.8650816384989974,5.083851337432861
Facebook,9,548,54,0.01,0.5,24,0.26317977766788997,0.0033722438391699094,0.8404468633629333,4.903242349624634
Facebook,9,548,54,0.01,0.5,25,0.2590644688885038,0.0028314028314028314,0.7378974505872243,4.904586553573608
Facebook,9,548,268,0.05,0.5,1,0.23578331254578844,0.002380952380952381,0.7301632769979949,5.169402837753296
Facebook,9,548,268,0.05,0.5,2,0.2250963359008251,0.003472222222222222,1.0,4.948251008987427
Facebook,9,548,268,0.05,0.5,3,0.27061747861965024,0.0021164021164021165,0.5554282440561443,5.174908638000488
Facebook,9,548,268,0.05,0.5,4,0.26679963019384056,0.002380952380952381,0.62618160985391,4.942058801651001
Facebook,9,548,268,0.05,0.5,5,0.2663818153244834,0.0023655913978494624,0.6860498424520195,5.108618974685669
Facebook,9,548,268,0.05,0.5,6,0.26835739605398934,0.0017964071856287425,0.5640217702663993,4.889227867126465
Facebook,9,548,268,0.05,0.5,7,0.2591942633888323,0.0032305433186490457,0.6849040389573188,5.0906150341033936
Facebook,9,548,268,0.05,0.5,8,0.26182792880747296,0.0034482758620689655,0.7553709538814093,4.946950435638428
Facebook,9,548,268,0.05,0.5,9,0.25186643694439736,0.002150537634408602,0.5883700945287883,5.0883848667144775
Facebook,9,548,268,0.05,0.5,10,0.3025376579613131,0.0019388516032811335,0.8696648524778,4.884753704071045
Facebook,9,548,268,0.05,0.5,11,0.2519863606743077,0.0033462033462033462,0.8421655686049843,5.102358102798462
Facebook,9,548,268,0.05,0.5,12,0.25284090108807294,0.0020434227330779057,0.48753938699513033,4.908108949661255
Facebook,9,548,268,0.05,0.5,13,0.2573762035326619,0.0030683403068340305,0.7298768261243197,5.113313674926758
Facebook,9,548,268,0.05,0.5,14,0.25788544970112837,0.0029378531073446326,0.857347464909768,4.914414882659912
Facebook,9,548,268,0.05,0.5,15,0.26771059709475864,0.0026097271648873074,0.6823259810942424,5.130991220474243
Facebook,9,548,268,0.05,0.5,16,0.27377096412264024,0.0017647058823529412,0.5454024634775136,4.975126028060913
Facebook,9,548,268,0.05,0.5,17,0.21368575578896185,0.0035714285714285713,0.7814379833858494,5.171480894088745
Facebook,9,548,268,0.05,0.5,18,0.254620637303658,0.002185792349726776,0.594672013749642,4.9405152797698975
Facebook,9,548,268,0.05,0.5,19,0.2509182117391343,0.002173913043478261,0.6001145803494701,5.134033679962158
Facebook,9,548,268,0.05,0.5,20,0.26679851532042087,0.0029304029304029304,0.7920366657118304,4.8983471393585205
Facebook,9,548,268,0.05,0.5,21,0.26408919917092355,0.002594810379241517,0.8676596963620739,5.098621606826782
Facebook,9,548,268,0.05,0.5,22,0.2728627608028755,0.002127659574468085,0.59123460326554,4.925933599472046
Facebook,9,548,268,0.05,0.5,23,0.2696580283477204,0.001899335232668566,0.6665711830421083,5.099494218826294
Facebook,9,548,268,0.05,0.5,24,0.2585761809324012,0.003452855245683931,0.8155256373531939,4.882673740386963
Facebook,9,548,268,0.05,0.5,25,0.26895064321016665,0.0022148394241417496,0.6281867659696362,5.091236114501953
Facebook,9,548,536,0.1,0.5,1,0.2665132406156082,0.002686202686202686,0.7103981667144085,4.95901346206665
Facebook,9,548,536,0.1,0.5,2,0.2538337932774833,0.0031496062992125984,0.7141220280721856,5.130253553390503
Facebook,9,548,536,0.1,0.5,3,0.25981011046023905,0.003551912568306011,0.8547694070466915,4.93760085105896
Facebook,9,548,536,0.1,0.5,4,0.26223880044650555,0.0028469750889679717,0.8788312804354054,5.185713768005371
Facebook,9,548,536,0.1,0.5,5,0.26021037544833814,0.0026578073089701,0.812088226869092,4.975539684295654
Facebook,9,548,536,0.1,0.5,6,0.2535464395400996,0.0038194444444444443,0.6777427671154397,5.201297998428345
Facebook,9,548,536,0.1,0.5,7,0.2516354570455675,0.003303303303303303,0.7416213119450015,4.974302768707275
Facebook,9,548,536,0.1,0.5,8,0.2668714323675192,0.003153153153153153,0.9435691778859926,5.115671157836914
Facebook,9,548,536,0.1,0.5,9,0.2723890519723252,0.002909090909090909,0.8344313950157548,4.910200357437134
Facebook,9,548,536,0.1,0.5,10,0.25453227344583734,0.005376344086021506,1.0,5.130232572555542
Facebook,9,548,536,0.1,0.5,11,0.2703830659383371,0.0026584867075664623,0.8241191635634488,4.907793045043945
Facebook,9,548,536,0.1,0.5,12,0.26734917063966623,0.003801169590643275,0.8181036952162704,5.09891152381897
Facebook,9,548,536,0.1,0.5,13,0.26413681304790776,0.0045871559633027525,1.0,4.918612718582153
Facebook,9,548,536,0.1,0.5,14,0.22629817320480206,0.004186795491143317,0.8857061014036093,5.1117212772369385
Facebook,9,548,536,0.1,0.5,15,0.25601405303475144,0.003988603988603989,0.9490117444858207,4.970231533050537
Facebook,9,548,536,0.1,0.5,16,0.2618980347652916,0.002277432712215321,0.6754511601260383,5.121963977813721
Facebook,9,548,536,0.1,0.5,17,0.273167634247428,0.003051643192488263,0.8155256373531939,4.951677083969116
Facebook,9,548,536,0.1,0.5,18,0.26482757964572484,0.002523659305993691,0.7951876253222573,5.218219041824341
Facebook,9,548,536,0.1,0.5,19,0.24374373017491743,0.0033333333333333335,0.9232311658550558,4.985749006271362
Facebook,9,548,536,0.1,0.5,20,0.23524479754208832,0.0043859649122807015,1.0,5.1772401332855225
Facebook,9,548,536,0.1,0.5,21,0.25924656975148325,0.0031746031746031746,0.636493841306216,4.944121360778809
Facebook,9,548,536,0.1,0.5,22,0.26639809723469393,0.0030601092896174863,0.9487252936121455,5.1174962520599365
Facebook,9,548,536,0.1,0.5,23,0.2199984051579452,0.0035230352303523035,0.8682325981094242,4.970961332321167
Facebook,9,548,536,0.1,0.5,24,0.27605137385884204,0.0025157232704402514,0.9659123460326554,5.107052803039551
Facebook,9,548,536,0.1,0.5,25,0.26947788205602413,0.0034120734908136482,0.867946147235749,4.898049354553223
Facebook,9,548,803,0.15,0.5,1,0.23385008695896578,0.0044233807266982625,0.9409911200229161,5.152202367782593
Facebook,9,548,803,0.15,0.5,2,0.2652453416433738,0.0036601307189542483,0.9301059868232598,5.136719465255737
Facebook,9,548,803,0.15,0.5,3,0.26178211738854323,0.0027210884353741495,0.8341449441420796,4.955344200134277
Facebook,9,548,803,0.15,0.5,4,0.25848869044972,0.0036458333333333334,0.9590375250644515,4.987916946411133
Facebook,9,548,803,0.15,0.5,5,0.2565108936890322,0.003735632183908046,0.9450014322543684,5.143181324005127
Facebook,9,548,803,0.15,0.5,6,0.24796854649329636,0.0040650406504065045,1.0,5.002214431762695
Facebook,9,548,803,0.15,0.5,7,0.26158004112532707,0.0035230352303523035,0.9349756516757376,5.225831985473633
Facebook,9,548,803,0.15,0.5,8,0.24712911740629834,0.0034334763948497852,0.7834431395015755,5.016347169876099
Facebook,9,548,803,0.15,0.5,9,0.19752692594251475,0.007407407407407408,1.0,5.231618404388428
Facebook,9,548,803,0.15,0.5,10,0.2671824622168918,0.002523659305993691,0.8481810369521627,4.962305545806885
Facebook,9,548,803,0.15,0.5,11,0.2313631445610723,0.004022988505747126,0.9395588656545403,5.150818824768066
Facebook,9,548,803,0.15,0.5,12,0.21079842237551333,0.0034946236559139786,0.8046405041535377,5.126756906509399
Facebook,9,548,803,0.15,0.5,13,0.2485556387573153,0.0034482758620689655,1.0,4.954241991043091
Facebook,9,548,803,0.15,0.5,14,0.2377178062935114,0.004975124378109453,1.0,4.917950391769409
Facebook,9,548,803,0.15,0.5,15,0.23929638290069094,0.0036458333333333334,0.9515898023488971,5.163642883300781
Facebook,9,548,803,0.15,0.5,16,0.24280851884603583,0.0036414565826330533,0.8393010598682326,4.934451580047607
Facebook,9,548,803,0.15,0.5,17,0.21859874365793344,0.0035398230088495575,0.8579203666571183,5.1780853271484375
Facebook,9,548,803,0.15,0.5,18,0.21824555127607276,0.0051813471502590676,1.0,5.017898082733154
Facebook,9,548,803,0.15,0.5,19,0.249037467394601,0.0036262203626220364,0.8524778000572901,5.212992191314697
Facebook,9,548,803,0.15,0.5,20,0.26840903178821185,0.0038348082595870206,0.8668003437410484,5.093893051147461
Facebook,9,548,803,0.15,0.5,21,0.2671078308547636,0.0035087719298245615,0.8496132913205385,5.319400072097778
Facebook,9,548,803,0.15,0.5,22,0.2578381636035698,0.0035087719298245615,0.9613291320538527,5.3194708824157715
Facebook,9,548,803,0.15,0.5,23,0.22291575364155636,0.004424778761061947,1.0,5.119637489318848
Facebook,9,548,803,0.15,0.5,24,0.26725399555418494,0.003902439024390244,0.8284159266685763,5.059114456176758
Facebook,9,548,803,0.15,0.5,25,0.25881123708922177,0.0037184594953519256,0.989401317674019,5.256260633468628
Facebook,9,548,1071,0.2,0.5,1,0.24040445234576946,0.005031446540880503,0.7834431395015755,5.03448224067688
Facebook,9,548,1071,0.2,0.5,2,0.2521749345317206,0.004048582995951417,1.0,5.256402254104614
Facebook,9,548,1071,0.2,0.5,3,0.24219329654572003,0.004207119741100324,0.8716700085935262,5.039789199829102
Facebook,9,548,1071,0.2,0.5,4,0.1931171076787343,0.0064516129032258064,1.0,5.277820587158203
Facebook,9,548,1071,0.2,0.5,5,0.2133072329362624,0.0031007751937984496,0.9587510741907763,5.0292205810546875
Facebook,9,548,1071,0.2,0.5,6,0.24319408600817052,0.0044444444444444444,0.8937267258665139,5.244251012802124
Facebook,9,548,1071,0.2,0.5,7,0.23736525206783843,0.004878048780487805,1.0,5.023061037063599
Facebook,9,548,1071,0.2,0.5,8,0.19962312003131463,0.007235142118863049,0.9550272128329992,5.28715705871582
Facebook,9,548,1071,0.2,0.5,9,0.26432146637802784,0.002564102564102564,0.6745918075050129,5.12749171257019
Facebook,9,548,1071,0.2,0.5,10,0.23650080169451276,0.00484171322160149,0.8461758808364366,5.320467710494995
Facebook,9,548,1071,0.2,0.5,11,0.23300743237055974,0.005952380952380952,1.0,5.0591816902160645
Facebook,9,548,1071,0.2,0.5,12,0.2413344018569614,0.0035961272475795295,0.8842738470352335,5.377124547958374
Facebook,9,548,1071,0.2,0.5,13,0.20963848159198273,0.004666666666666667,0.9510169006015469,5.117170572280884
Facebook,9,548,1071,0.2,0.5,14,0.24609961134575398,0.005185185185185185,0.9212260097393297,5.326092481613159
Facebook,9,548,1071,0.2,0.5,15,0.2043337976984593,0.007042253521126761,1.0,5.121265172958374
Facebook,9,548,1071,0.2,0.5,16,0.2406933668340048,0.0038179148311306903,0.8404468633629333,5.3931965827941895
Facebook,9,548,1071,0.2,0.5,17,0.2668199300146569,0.0024043715846994535,0.6648524778000573,5.087800025939941
Facebook,9,548,1071,0.2,0.5,18,0.21495706396880804,0.00546448087431694,1.0,5.277011156082153
Facebook,9,548,1071,0.2,0.5,19,0.2542930548438615,0.0038461538461538464,1.0,5.03061318397522
Facebook,9,548,1071,0.2,0.5,20,0.25072950133027583,0.0039573820395738205,0.9074763678029218,5.042158603668213
Facebook,9,548,1071,0.2,0.5,21,0.23079525998102327,0.0035714285714285713,0.7891721569750788,5.254281759262085
Facebook,9,548,1071,0.2,0.5,22,0.2149256512049625,0.006622516556291391,1.0,5.055325031280518
Facebook,9,548,1071,0.2,0.5,23,0.23835637942871196,0.005714285714285714,1.0,5.227759122848511
Facebook,9,548,1071,0.2,0.5,24,0.2511540834704916,0.004609929078014184,0.8086508163849899,5.046689748764038
Facebook,9,548,1071,0.2,0.5,25,0.22368040494747082,0.0058823529411764705,1.0,5.259460210800171
Facebook,9,548,1339,0.25,0.5,1,0.269068994989607,0.0031847133757961785,1.0,5.116824626922607
Facebook,9,548,1339,0.25,0.5,2,0.22117709213622194,0.005017921146953405,0.92179891148668,5.42960786819458
Facebook,9,548,1339,0.25,0.5,3,0.22180599125026748,0.009708737864077669,1.0,5.101803541183472
Facebook,9,548,1339,0.25,0.5,4,0.23243344051498527,0.008130081300813009,1.0,5.424906015396118
Facebook,9,548,1339,0.25,0.5,5,0.23356112904212997,0.006181015452538631,0.9381266112861644,5.140880107879639
Facebook,9,548,1339,0.25,0.5,6,0.2062478327626393,0.008333333333333333,0.8917215697507878,5.352665901184082
Facebook,9,548,1339,0.25,0.5,7,0.2535300575163025,0.002962962962962963,0.8942996276138642,5.1656529903411865
Facebook,9,548,1339,0.25,0.5,8,0.2458591192110779,0.0037914691943127963,0.7473503294185048,5.369930028915405
Facebook,9,548,1339,0.25,0.5,9,0.2257417016488554,0.005128205128205128,0.9418504726439416,5.143160581588745
Facebook,9,548,1339,0.25,0.5,10,0.23544586232472275,0.00392156862745098,0.9137782870237754,5.318879127502441
Facebook,9,548,1339,0.25,0.5,11,0.24869016242037065,0.005434782608695652,1.0,5.079981803894043
Facebook,9,548,1339,0.25,0.5,12,0.2086151368880101,0.005917159763313609,1.0,5.331003427505493
Facebook,9,548,1339,0.25,0.5,13,0.20421812594414793,0.007526881720430108,0.951303351475222,5.092981815338135
Facebook,9,548,1339,0.25,0.5,14,0.22981948736728594,0.004129793510324484,0.9226582641077056,5.286703109741211
Facebook,9,548,1339,0.25,0.5,15,0.2535136737687903,0.0041841004184100415,1.0,5.062345743179321
Facebook,9,548,1339,0.25,0.5,16,0.24542637743651793,0.004901960784313725,1.0,5.286235332489014
Facebook,9,548,1339,0.25,0.5,17,0.21492490099920808,0.006060606060606061,0.9226582641077056,5.085406541824341
Facebook,9,548,1339,0.25,0.5,18,0.24296139163490152,0.0045528455284552845,0.9346892008020624,5.265500545501709
Facebook,9,548,1339,0.25,0.5,19,0.214992992137815,0.004901960784313725,1.0,5.126990795135498
Facebook,9,548,1339,0.25,0.5,20,0.25010363868525964,0.003751803751803752,0.8656545402463478,5.338699579238892
Facebook,9,548,1339,0.25,0.5,21,0.2326154467528894,0.0064516129032258064,1.0,5.094034910202026
Facebook,9,548,1339,0.25,0.5,22,0.25823122270605087,0.003851851851851852,0.8450300773417359,5.409230947494507
Facebook,9,548,1339,0.25,0.5,23,0.21062324399330923,0.0051813471502590676,1.0,5.163957357406616
Facebook,9,548,1339,0.25,0.5,24,0.24974164110330338,0.005376344086021506,1.0,5.3588573932647705
Facebook,9,548,1339,0.25,0.5,25,0.2270306935549473,0.005316973415132925,0.8768261243196792,5.189079999923706
Facebook,9,548,1607,0.3,0.5,1,0.24291958760744198,0.004537521815008726,0.8971641363506159,5.408262252807617
Facebook,9,548,1607,0.3,0.5,2,0.21728721268707057,0.0056179775280898875,1.0,5.144371747970581
Facebook,9,548,1607,0.3,0.5,3,0.20513683632958146,0.0068783068783068784,0.8395875107419077,5.377014398574829
Facebook,9,548,1607,0.3,0.5,4,0.2238971295342519,0.005649717514124294,1.0,5.0985798835754395
Facebook,9,548,1607,0.3,0.5,5,0.22244232147371987,0.004524886877828055,1.0,5.334485054016113
Facebook,9,548,1607,0.3,0.5,6,0.24556514053473322,0.004057971014492754,0.925236321970782,5.112887620925903
Facebook,9,548,1607,0.3,0.5,7,0.22806600176532602,0.004311774461028192,0.8710971068461759,5.301166772842407
Facebook,9,548,1607,0.3,0.5,8,0.19356165952670173,0.005917159763313609,1.0,5.092719793319702
Facebook,9,548,1607,0.3,0.5,9,0.24843748437987262,0.0034391534391534392,0.8335720423947293,5.326539039611816
Facebook,9,548,1607,0.3,0.5,10,0.19057127912776176,0.006944444444444444,1.0,5.106702089309692
Facebook,9,548,1607,0.3,0.5,11,0.2414060257866308,0.0049382716049382715,0.9175021483815525,5.121998310089111
Facebook,9,548,1607,0.3,0.5,12,0.2233338074113409,0.0078125,1.0,5.451080799102783
Facebook,9,548,1607,0.3,0.5,13,0.255092230599531,0.003205128205128205,1.0,5.1311750411987305
Facebook,9,548,1607,0.3,0.5,14,0.21470543810315712,0.005303030303030303,0.9415640217702664,5.35518217086792
Facebook,9,548,1607,0.3,0.5,15,0.256799532714496,0.003763440860215054,0.9415640217702664,5.15704345703125
Facebook,9,548,1607,0.3,0.5,16,0.24079412700501474,0.005490196078431373,0.9767974792323116,5.402471303939819
Facebook,9,548,1607,0.3,0.5,17,0.2506033866638426,0.004185351270553065,0.949584646233171,5.193812847137451
Facebook,9,548,1607,0.3,0.5,18,0.21343629239789985,0.008176100628930818,0.8997421942136924,5.388702154159546
Facebook,9,548,1607,0.3,0.5,19,0.2343995798318263,0.004952380952380952,0.847035233457462,5.124682426452637
Facebook,9,548,1607,0.3,0.5,20,0.20895720051228678,0.004585537918871252,0.8673732454883988,5.333851099014282
Facebook,9,548,1607,0.3,0.5,21,0.24692900225844,0.00546448087431694,1.0,5.123884916305542
Facebook,9,548,1607,0.3,0.5,22,0.2108554739430004,0.009345794392523364,1.0,5.3116700649261475
Facebook,9,548,1607,0.3,0.5,23,0.24795590566686782,0.004361370716510903,0.9481523918647952,5.0933003425598145
Facebook,9,548,1607,0.3,0.5,24,0.20638907931583053,0.006666666666666667,0.9464336866227442,5.3418145179748535
Facebook,9,548,1607,0.3,0.5,25,0.20476924447515876,0.005917159763313609,1.0,5.102630615234375
Facebook,9,548,1875,0.35,0.5,1,0.19743370863445517,0.005952380952380952,1.0,5.2817628383636475
Facebook,9,548,1875,0.35,0.5,2,0.24591727196105068,0.0047169811320754715,1.0,5.104654550552368
Facebook,9,548,1875,0.35,0.5,3,0.2538955891636394,0.003905160390516039,0.9415640217702664,5.35050630569458
Facebook,9,548,1875,0.35,0.5,4,0.24367487076735841,0.005747126436781609,1.0,5.122151613235474
Facebook,9,548,1875,0.35,0.5,5,0.19192459660044328,0.009615384615384616,1.0,5.332280158996582
Facebook,9,548,1875,0.35,0.5,6,0.2072154738181563,0.005235602094240838,1.0,5.072953462600708
Facebook,9,548,1875,0.35,0.5,7,0.20860598971586297,0.008722741433021807,0.92179891148668,5.107519626617432
Facebook,9,548,1875,0.35,0.5,8,0.23152269104605003,0.0057259713701431495,0.9616155829275279,5.316848278045654
Facebook,9,548,1875,0.35,0.5,9,0.22216096019956447,0.003548795944233207,0.9295330850759095,5.310795545578003
Facebook,9,548,1875,0.35,0.5,10,0.22181426382813685,0.007936507936507936,1.0,5.120885848999023
Facebook,9,548,1875,0.35,0.5,11,0.2270999623906502,0.005050505050505051,1.0,5.091498136520386
Facebook,9,548,1875,0.35,0.5,12,0.24573056447270483,0.0049382716049382715,0.9467201374964194,5.338830947875977
Facebook,9,548,1875,0.35,0.5,13,0.23421574583899082,0.005847953216374269,1.0,5.32287335395813
Facebook,9,548,1875,0.35,0.5,14,0.23580498264030827,0.005917159763313609,1.0,5.197346448898315
Facebook,9,548,1875,0.35,0.5,15,0.240525535903695,0.004672897196261682,1.0,5.163864612579346
Facebook,9,548,1875,0.35,0.5,16,0.2180531315955232,0.006060606060606061,1.0,5.4190590381622314
Facebook,9,548,1875,0.35,0.5,17,0.21652087286328928,0.008403361344537815,1.0,5.413529396057129
Facebook,9,548,1875,0.35,0.5,18,0.2429150598069207,0.00558659217877095,1.0,5.199630975723267
Facebook,9,548,1875,0.35,0.5,19,0.24368286740358855,0.006097560975609756,1.0,5.15114426612854
Facebook,9,548,1875,0.35,0.5,20,0.2107651809832285,0.005383022774327122,0.8742480664566027,5.427764654159546
Facebook,9,548,1875,0.35,0.5,21,0.22274858557602287,0.004467353951890034,0.9083357204239473,5.53900408744812
Facebook,9,548,1875,0.35,0.5,22,0.2168725000859978,0.006812652068126521,0.9541678602119736,5.144659996032715
Facebook,9,548,1875,0.35,0.5,23,0.24618842781571473,0.004761904761904762,0.8582068175307934,5.109517812728882
Facebook,9,548,1875,0.35,0.5,24,0.2157905623975177,0.00546448087431694,1.0,5.327654123306274
Facebook,9,548,1875,0.35,0.5,25,0.23124218004303804,0.005982905982905983,0.9464336866227442,5.307180404663086
Facebook,9,548,2142,0.4,0.5,1,0.22918967086712097,0.005185185185185185,0.9364079060441134,5.163467884063721
Facebook,9,548,2142,0.4,0.5,2,0.22933026154175765,0.005555555555555556,0.9329704955600114,5.113277912139893
Facebook,9,548,2142,0.4,0.5,3,0.20542161491688835,0.007909604519774011,0.9573188198224004,5.283670663833618
Facebook,9,548,2142,0.4,0.5,4,0.24405896964006576,0.0049261083743842365,1.0,5.069291591644287
Facebook,9,548,2142,0.4,0.5,5,0.22998176206211168,0.008064516129032258,1.0,5.275866985321045
Facebook,9,548,2142,0.4,0.5,6,0.20625621244019532,0.006263982102908278,0.94786594099112,5.337275743484497
Facebook,9,548,2142,0.4,0.5,7,0.20962520597839024,0.0064516129032258064,1.0,5.150650262832642
Facebook,9,548,2142,0.4,0.5,8,0.2368335625953603,0.007142857142857143,1.0,5.154660224914551
Facebook,9,548,2142,0.4,0.5,9,0.23441719290379892,0.01,1.0,5.395005702972412
Facebook,9,548,2142,0.4,0.5,10,0.23720316544126843,0.004643449419568822,0.904325408192495,5.3387041091918945
Facebook,9,548,2142,0.4,0.5,11,0.25891104981451013,0.0031746031746031746,1.0,5.081622838973999
Facebook,9,548,2142,0.4,0.5,12,0.24271126209911204,0.005622489959839358,0.9392724147808651,5.05628228187561
Facebook,9,548,2142,0.4,0.5,13,0.23418930786742018,0.005434782608695652,1.0,5.343543767929077
Facebook,9,548,2142,0.4,0.5,14,0.2430463794296488,0.0058823529411764705,1.0,5.129646062850952
Facebook,9,548,2142,0.4,0.5,15,0.21677694948031387,0.0045138888888888885,0.881695789172157,5.3443663120269775
Facebook,9,548,2142,0.4,0.5,16,0.22985632659801372,0.004784688995215311,1.0,5.133255243301392
Facebook,9,548,2142,0.4,0.5,17,0.22423808177472443,0.007936507936507936,1.0,5.311518907546997
Facebook,9,548,2142,0.4,0.5,18,0.22335804302782014,0.00819672131147541,1.0,5.293187618255615
Facebook,9,548,2142,0.4,0.5,19,0.19725318420293955,0.007692307692307693,1.0,5.0962255001068115
Facebook,9,548,2142,0.4,0.5,20,0.21875008724759032,0.005627705627705628,0.8367230020051561,5.264503002166748
Facebook,9,548,2142,0.4,0.5,21,0.21114342625930022,0.00625,1.0,5.117005109786987
Facebook,9,548,2142,0.4,0.5,22,0.23823072531808587,0.005100182149362477,0.9636207390432541,5.099755525588989
Facebook,9,548,2142,0.4,0.5,23,0.22640746500805978,0.005847953216374269,1.0,5.272227764129639
Facebook,9,548,2142,0.4,0.5,24,0.21679566277065457,0.006535947712418301,1.0,5.276669502258301
Facebook,9,548,2142,0.4,0.5,25,0.20816926099634825,0.0058823529411764705,1.0,5.068462133407593
Facebook,9,548,2410,0.45,0.5,1,0.23793079876254794,0.008620689655172414,1.0,5.109638929367065
Facebook,9,548,2410,0.45,0.5,2,0.22680912416185614,0.005208333333333333,1.0,5.301236629486084
Facebook,9,548,2410,0.45,0.5,3,0.2343704278889768,0.006392694063926941,0.9825264967058149,5.095402002334595
Facebook,9,548,2410,0.45,0.5,4,0.19672235485335257,0.006493506493506494,1.0,5.334147691726685
Facebook,9,548,2410,0.45,0.5,5,0.2255126888243403,0.004545454545454545,1.0,5.363131046295166
Facebook,9,548,2410,0.45,0.5,6,0.21836138335772048,0.006181015452538631,0.9243769693497565,5.189614772796631
Facebook,9,548,2410,0.45,0.5,7,0.2348408850664246,0.00980392156862745,1.0,5.176152229309082
Facebook,9,548,2410,0.45,0.5,8,0.22430165958290654,0.0068241469816272965,0.8894299627613864,5.3975989818573
Facebook,9,548,2410,0.45,0.5,9,0.20106830415520122,0.00676328502415459,0.9481523918647952,5.17073917388916
Facebook,9,548,2410,0.45,0.5,10,0.23419457198964583,0.005833333333333334,0.9490117444858207,5.356374740600586
Facebook,9,548,2410,0.45,0.5,11,0.23305118956021445,0.0053475935828877,1.0,5.301238775253296
Facebook,9,548,2410,0.45,0.5,12,0.20995172757044453,0.008130081300813009,1.0,5.068885087966919
Facebook,9,548,2410,0.45,0.5,13,0.2249370243981867,0.005158730158730159,0.8650816384989974,5.096330881118774
Facebook,9,548,2410,0.45,0.5,14,0.2048789626739189,0.004575163398692811,0.9524491549699227,5.343458890914917
Facebook,9,548,2410,0.45,0.5,15,0.25115067838844585,0.004032258064516129,1.0,5.167638301849365
Facebook,9,548,2410,0.45,0.5,16,0.2325516463259198,0.004810996563573883,0.9498710971068461,5.375674247741699
Facebook,9,548,2410,0.45,0.5,17,0.22985685728842456,0.00558659217877095,1.0,5.384309530258179
Facebook,9,548,2410,0.45,0.5,18,0.20309057327349725,0.006666666666666667,1.0,5.145183563232422
Facebook,9,548,2410,0.45,0.5,19,0.22407619161399975,0.006021505376344086,0.9306788885706101,5.13723349571228
Facebook,9,548,2410,0.45,0.5,20,0.22077162804403377,0.005847953216374269,1.0,5.318113565444946
Facebook,9,548,2410,0.45,0.5,21,0.2172607497342656,0.007874015748031496,1.0,5.118404388427734
Facebook,9,548,2410,0.45,0.5,22,0.25293857589326535,0.004608294930875576,1.0,5.29966402053833
Facebook,9,548,2410,0.45,0.5,23,0.24853393897104506,0.005714285714285714,1.0,5.284060001373291
Facebook,9,548,2410,0.45,0.5,24,0.17898458090519204,0.008045977011494253,0.9438556287596677,5.122982978820801
Facebook,9,548,2410,0.45,0.5,25,0.2507089668313911,0.00641025641025641,1.0,5.092562198638916
Facebook,9,548,2678,0.5,0.5,1,0.23457626935905224,0.006024096385542169,1.0,5.328740835189819
Facebook,9,548,2678,0.5,0.5,2,0.2456522348072495,0.005870020964360587,0.9490117444858207,5.135402202606201
Facebook,9,548,2678,0.5,0.5,3,0.23400692734096573,0.006756756756756757,1.0,5.327131748199463
Facebook,9,548,2678,0.5,0.5,4,0.24798306737923242,0.0036601307189542483,0.9312517903179605,5.340237855911255
Facebook,9,548,2678,0.5,0.5,5,0.2413162608415235,0.006060606060606061,0.9378401604124893,5.14204740524292
Facebook,9,548,2678,0.5,0.5,6,0.20929768147679717,0.006103286384976526,0.8868519048983099,5.148049354553223
Facebook,9,548,2678,0.5,0.5,7,0.24421968690987642,0.0078125,1.0,5.32408332824707
Facebook,9,548,2678,0.5,0.5,8,0.23354594627931524,0.0072992700729927005,1.0,5.146425485610962
Facebook,9,548,2678,0.5,0.5,9,0.24452972485226418,0.0064516129032258064,1.0,5.356952667236328
Facebook,9,548,2678,0.5,0.5,10,0.23859563342597628,0.00392156862745098,1.0,5.352404832839966
Facebook,9,548,2678,0.5,0.5,11,0.21644184276203082,0.00590717299578059,0.9647665425379547,5.206082344055176
Facebook,9,548,2678,0.5,0.5,12,0.2436732777450958,0.005208333333333333,1.0,5.156287431716919
Facebook,9,548,2678,0.5,0.5,13,0.21197361040194035,0.009009009009009009,1.0,5.416804313659668
Facebook,9,548,2678,0.5,0.5,14,0.22276366329905942,0.0058823529411764705,1.0,5.206786394119263
Facebook,9,548,2678,0.5,0.5,15,0.23792462890712335,0.006097560975609756,1.0,5.449299335479736
Facebook,9,548,2678,0.5,0.5,16,0.23123569847917805,0.008641975308641974,0.932111142938986,5.4003586769104
Facebook,9,548,2678,0.5,0.5,17,0.23656971153349257,0.005555555555555556,1.0,5.219160079956055
Facebook,9,548,2678,0.5,0.5,18,0.23566806165576382,0.006306306306306306,0.9535949584646233,5.2021050453186035
Facebook,9,548,2678,0.5,0.5,19,0.22182975634823163,0.004465709728867623,0.9624749355485535,5.396812200546265
Facebook,9,548,2678,0.5,0.5,20,0.214349067497896,0.0055248618784530384,1.0,5.209949970245361
Facebook,9,548,2678,0.5,0.5,21,0.22268409291042587,0.008045977011494253,0.9679175021483816,5.392280101776123
Facebook,9,548,2678,0.5,0.5,22,0.22022643821196447,0.005045045045045045,0.965339444285305,5.40700888633728
Facebook,9,548,2678,0.5,0.5,23,0.22345633056007272,0.007042253521126761,1.0,5.133588075637817
Facebook,9,548,2678,0.5,0.5,24,0.23981005849928358,0.004093567251461989,0.9154969922658264,5.166600227355957
Facebook,9,548,2678,0.5,0.5,25,0.21830259152370204,0.007349081364829396,0.9435691778859926,5.311785697937012
Facebook,9,548,2946,0.55,0.5,1,0.2128514766398943,0.006493506493506494,1.0,5.166539907455444
Facebook,9,548,2946,0.55,0.5,2,0.19537319406802905,0.005747126436781609,1.0,5.38017201423645
Facebook,9,548,2946,0.55,0.5,3,0.2025877330969254,0.009061488673139158,0.9710684617588083,5.3911356925964355
Facebook,9,548,2946,0.55,0.5,4,0.21659360432385855,0.0049261083743842365,1.0,5.2265095710754395
Facebook,9,548,2946,0.55,0.5,5,0.24743030037442518,0.005208333333333333,1.0,5.22480320930481
Facebook,9,548,2946,0.55,0.5,6,0.244632893528569,0.005458089668615985,0.9134918361501002,5.4400551319122314
Facebook,9,548,2946,0.55,0.5,7,0.2165826292088675,0.008695652173913044,1.0,5.227365016937256
Facebook,9,548,2946,0.55,0.5,8,0.21163496130539483,0.006134969325153374,1.0,5.393991947174072
Facebook,9,548,2946,0.55,0.5,9,0.19126501362307274,0.007407407407407408,1.0,5.399737596511841
Facebook,9,548,2946,0.55,0.5,10,0.21911552450978652,0.005681818181818182,1.0,5.164639234542847
Facebook,9,548,2946,0.55,0.5,11,0.2564157876873105,0.004329004329004329,1.0,5.191718578338623
Facebook,9,548,2946,0.55,0.5,12,0.23134928453570305,0.005522682445759369,0.949584646233171,5.377071857452393
Facebook,9,548,2946,0.55,0.5,13,0.24789567192346335,0.005128205128205128,0.8241191635634488,5.180889844894409
Facebook,9,548,2946,0.55,0.5,14,0.22201385250809183,0.006060606060606061,0.9346892008020624,5.432373762130737
Facebook,9,548,2946,0.55,0.5,15,0.23041558374366636,0.0071246819338422395,0.9346892008020624,5.3901145458221436
Facebook,9,548,2946,0.55,0.5,16,0.22022809091623305,0.005761316872427984,0.9455743340017188,5.155815362930298
Facebook,9,548,2946,0.55,0.5,17,0.20870932241505682,0.01,1.0,5.1810462474823
Facebook,9,548,2946,0.55,0.5,18,0.23788377089240126,0.0051813471502590676,1.0,5.396906614303589
Facebook,9,548,2946,0.55,0.5,19,0.20629249573391856,0.006812652068126521,0.9593239759381266,5.15792179107666
Facebook,9,548,2946,0.55,0.5,20,0.24330589534130054,0.006329113924050633,1.0,5.374976634979248
Facebook,9,548,2946,0.55,0.5,21,0.20670458401261244,0.00558659217877095,1.0,5.383209705352783
Facebook,9,548,2946,0.55,0.5,22,0.21100434026182655,0.007633587786259542,1.0,5.146859169006348
Facebook,9,548,2946,0.55,0.5,23,0.23166086024454943,0.009061488673139158,0.9292466342022343,5.17787766456604
Facebook,9,548,2946,0.55,0.5,24,0.2360006468228726,0.004739336492890996,1.0,5.406537055969238
Facebook,9,548,2946,0.55,0.5,25,0.23026861728281534,0.004347826086956522,1.0,5.15526008605957
Facebook,9,548,3214,0.6,0.5,1,0.22835397536283566,0.00819672131147541,1.0,5.402274131774902
Facebook,9,548,3214,0.6,0.5,2,0.23337685242042058,0.007194244604316547,1.0,5.410370826721191
Facebook,9,548,3214,0.6,0.5,3,0.2218216571826992,0.00909090909090909,1.0,5.2172935009002686
Facebook,9,548,3214,0.6,0.5,4,0.20512159307038513,0.005303030303030303,0.9767974792323116,5.184133052825928
Facebook,9,548,3214,0.6,0.5,5,0.23433335906246233,0.006493506493506494,1.0,5.38976788520813
Facebook,9,548,3214,0.6,0.5,6,0.2269916887850514,0.007291666666666667,0.9435691778859926,5.191431045532227
Facebook,9,548,3214,0.6,0.5,7,0.20792713114099848,0.00909090909090909,1.0,5.405512571334839
Facebook,9,548,3214,0.6,0.5,8,0.19647232274792029,0.006993006993006993,1.0,5.367882966995239
Facebook,9,548,3214,0.6,0.5,9,0.24538033851329394,0.004281345565749235,0.9154969922658264,5.191861391067505
Facebook,9,548,3214,0.6,0.5,10,0.21857696955678593,0.006021505376344086,0.9567459180750502,5.213143348693848
Facebook,9,548,3214,0.6,0.5,11,0.210648766096426,0.0064516129032258064,1.0,5.403289318084717
Facebook,9,548,3214,0.6,0.5,12,0.2225216581629172,0.0058823529411764705,1.0,5.192074775695801
Facebook,9,548,3214,0.6,0.5,13,0.2182797327860764,0.00546448087431694,1.0,5.384766578674316
Facebook,9,548,3214,0.6,0.5,14,0.23565710017194966,0.006369426751592357,1.0,5.4125988483428955
Facebook,9,548,3214,0.6,0.5,15,0.21357075053442082,0.005263157894736842,1.0,5.204028129577637
Facebook,9,548,3214,0.6,0.5,16,0.22810585188830143,0.006280193236714976,0.8435978229733601,5.235244274139404
Facebook,9,548,3214,0.6,0.5,17,0.23019677602626015,0.006263982102908278,0.9533085075909482,5.430118560791016
Facebook,9,548,3214,0.6,0.5,18,0.22544310506430135,0.005494505494505495,1.0,5.242976903915405
Facebook,9,548,3214,0.6,0.5,19,0.23526632273469625,0.004878048780487805,1.0,5.432701110839844
Facebook,9,548,3214,0.6,0.5,20,0.20955534235996126,0.008130081300813009,1.0,5.461424112319946
Facebook,9,548,3214,0.6,0.5,21,0.24204791176685084,0.006329113924050633,1.0,5.247026681900024
Facebook,9,548,3214,0.6,0.5,22,0.18217937796304076,0.006812652068126521,0.9392724147808651,5.240111351013184
Facebook,9,548,3214,0.6,0.5,23,0.2473598252511838,0.0049504950495049506,1.0,5.438921928405762
Facebook,9,548,3214,0.6,0.5,24,0.2408006744798148,0.0070921985815602835,1.0,5.240570783615112
Facebook,9,548,3214,0.6,0.5,25,0.18629211398496237,0.00558659217877095,1.0,5.442557096481323
Facebook,9,548,3481,0.65,0.5,1,0.23858150611443682,0.006060606060606061,1.0,5.484516859054565
Facebook,9,548,3481,0.65,0.5,2,0.24130094832275706,0.005154639175257732,1.0,5.25154185295105
Facebook,9,548,3481,0.65,0.5,3,0.20240981121237483,0.007407407407407408,1.0,5.261822938919067
Facebook,9,548,3481,0.65,0.5,4,0.2490346614889963,0.006211180124223602,1.0,5.444824934005737
Facebook,9,548,3481,0.65,0.5,5,0.21764653653038088,0.006493506493506494,1.0,5.253736257553101
Facebook,9,548,3481,0.65,0.5,6,0.207883593665536,0.006306306306306306,0.9163563448868519,5.465291261672974
Facebook,9,548,3481,0.65,0.5,7,0.19049302322105993,0.006392694063926941,0.9372672586651389,5.24699854850769
Facebook,9,548,3481,0.65,0.5,8,0.21738312346264888,0.009259259259259259,1.0,5.4447221755981445
Facebook,9,548,3481,0.65,0.5,9,0.22297043480726894,0.008,1.0,5.488055944442749
Facebook,9,548,3481,0.65,0.5,10,0.2145929996362314,0.008064516129032258,1.0,5.268028736114502
Facebook,9,548,3481,0.65,0.5,11,0.23437643176001133,0.005235602094240838,1.0,5.493234634399414
Facebook,9,548,3481,0.65,0.5,12,0.21223422801042785,0.00641025641025641,1.0,5.248999357223511
Facebook,9,548,3481,0.65,0.5,13,0.22279840101671874,0.0071246819338422395,0.9633342881695789,5.493608713150024
Facebook,9,548,3481,0.65,0.5,14,0.20097036004840238,0.006060606060606061,1.0,5.304417610168457
Facebook,9,548,3481,0.65,0.5,15,0.2247487502448587,0.006329113924050633,1.0,5.473129987716675
Facebook,9,548,3481,0.65,0.5,16,0.21675839208008016,0.008264462809917356,1.0,5.2899861335754395
Facebook,9,548,3481,0.65,0.5,17,0.2229166196460353,0.006097560975609756,1.0,5.268206596374512
Facebook,9,548,3481,0.65,0.5,18,0.22164058972777265,0.007142857142857143,1.0,5.472909212112427
Facebook,9,548,3481,0.65,0.5,19,0.23024502544902722,0.005426356589147287,0.9186479518762533,5.260454893112183
Facebook,9,548,3481,0.65,0.5,20,0.2103441454967011,0.00625,1.0,5.464489936828613
Facebook,9,548,3481,0.65,0.5,21,0.22094054976517136,0.004835924006908463,0.9424233743912919,5.445162534713745
Facebook,9,548,3481,0.65,0.5,22,0.20824563690875947,0.005522682445759369,0.9154969922658264,5.256903886795044
Facebook,9,548,3481,0.65,0.5,23,0.2117675085623433,0.004643449419568822,0.9378401604124893,5.447789192199707
Facebook,9,548,3481,0.65,0.5,24,0.23008681102262518,0.007692307692307693,1.0,5.309376955032349
Facebook,9,548,3481,0.65,0.5,25,0.24305480080829753,0.004185351270553065,0.9106273274133486,5.543664932250977
Facebook,9,548,3749,0.7,0.5,1,0.1849166240857868,0.009708737864077669,1.0,5.344026803970337
Facebook,9,548,3749,0.7,0.5,2,0.23539621851482767,0.005714285714285714,1.0,5.559013605117798
Facebook,9,548,3749,0.7,0.5,3,0.22443068440911332,0.006289308176100629,1.0,5.376276731491089
Facebook,9,548,3749,0.7,0.5,4,0.24019195002086763,0.007692307692307693,1.0,5.350533962249756
Facebook,9,548,3749,0.7,0.5,5,0.2312485792414663,0.006329113924050633,1.0,5.579517364501953
Facebook,9,548,3749,0.7,0.5,6,0.21788804956523217,0.004830917874396135,1.0,5.365298748016357
Facebook,9,548,3749,0.7,0.5,7,0.22202662221357528,0.010144927536231883,0.9335433973073618,5.591636657714844
Facebook,9,548,3749,0.7,0.5,8,0.20474639687072413,0.006944444444444444,1.0,5.604175090789795
Facebook,9,548,3749,0.7,0.5,9,0.23081470369834953,0.008620689655172414,1.0,5.412063837051392
Facebook,9,548,3749,0.7,0.5,10,0.22065100853137137,0.009061488673139158,0.9556001145803494,5.643841981887817
Facebook,9,548,3749,0.7,0.5,11,0.23843801284034358,0.005952380952380952,1.0,5.429576635360718
Facebook,9,548,3749,0.7,0.5,12,0.24531273545872004,0.0064516129032258064,1.0,5.621062755584717
Facebook,9,548,3749,0.7,0.5,13,0.2074229832860535,0.006944444444444444,1.0,5.427209854125977
Facebook,9,548,3749,0.7,0.5,14,0.22170520812309216,0.006481481481481481,0.967058149527356,5.623632431030273
Facebook,9,548,3749,0.7,0.5,15,0.22293670609545468,0.00558659217877095,1.0,5.393080949783325
Facebook,9,548,3749,0.7,0.5,16,0.21217944229859653,0.00847457627118644,1.0,5.41745138168335
Facebook,9,548,3749,0.7,0.5,17,0.22381944291670453,0.007575757575757576,1.0,5.627678155899048
Facebook,9,548,3749,0.7,0.5,18,0.211541425654374,0.007633587786259542,1.0,5.419715166091919
Facebook,9,548,3749,0.7,0.5,19,0.22578987452034077,0.007017543859649123,0.9541678602119736,5.656497955322266
Facebook,9,548,3749,0.7,0.5,20,0.23817251459945138,0.005847953216374269,1.0,5.6490960121154785
Facebook,9,548,3749,0.7,0.5,21,0.23474614327765642,0.004761904761904762,1.0,5.4427995681762695
Facebook,9,548,3749,0.7,0.5,22,0.22379063116443165,0.007194244604316547,1.0,5.70209264755249
Facebook,9,548,3749,0.7,0.5,23,0.20808034261630093,0.010526315789473684,1.0,5.397390604019165
Facebook,9,548,3749,0.7,0.5,24,0.24086145292613892,0.006172839506172839,1.0,5.751715183258057
Facebook,9,548,3749,0.7,0.5,25,0.22528854714308091,0.00880503144654088,0.9810942423374391,5.368612051010132
Facebook,9,548,4017,0.75,0.5,1,0.2186691880713243,0.005847953216374269,1.0,5.739459276199341
Facebook,9,548,4017,0.75,0.5,2,0.22672713432781688,0.007692307692307693,1.0,5.379383325576782
Facebook,9,548,4017,0.75,0.5,3,0.20243719569095345,0.008045977011494253,0.9278143798338585,5.4106223583221436
Facebook,9,548,4017,0.75,0.5,4,0.22286453513689042,0.008115942028985508,0.9421369235176167,5.683592796325684
Facebook,9,548,4017,0.75,0.5,5,0.2331946601539669,0.0078125,1.0,5.408514022827148
Facebook,9,548,4017,0.75,0.5,6,0.22511591974165146,0.008928571428571428,1.0,5.646629095077515
Facebook,9,548,4017,0.75,0.5,7,0.19388514423097836,0.006944444444444444,1.0,5.670351028442383
Facebook,9,548,4017,0.75,0.5,8,0.2339126435184699,0.0077777777777777776,0.9553136637066743,5.371847867965698
Facebook,9,548,4017,0.75,0.5,9,0.22160090095985596,0.0057259713701431495,0.9664852477800058,5.671143531799316
Facebook,9,548,4017,0.75,0.5,10,0.20623577180876787,0.010101010101010102,1.0,5.350023984909058
Facebook,9,548,4017,0.75,0.5,11,0.23504638573619144,0.005681818181818182,1.0,5.712906837463379
Facebook,9,548,4017,0.75,0.5,12,0.2087870857119773,0.006289308176100629,1.0,5.364489793777466
Facebook,9,548,4017,0.75,0.5,13,0.2205720830308615,0.0056179775280898875,1.0,5.734523057937622
Facebook,9,548,4017,0.75,0.5,14,0.18641584373217027,0.006172839506172839,1.0,5.38395357131958
Facebook,9,548,4017,0.75,0.5,15,0.18870372604490707,0.00847457627118644,1.0,5.4232847690582275
Facebook,9,548,4017,0.75,0.5,16,0.19704068159695573,0.00909090909090909,1.0,5.701195001602173
Facebook,9,548,4017,0.75,0.5,17,0.23968233869506717,0.007692307692307693,1.0,5.436480760574341
Facebook,9,548,4017,0.75,0.5,18,0.22506885598717705,0.009433962264150943,1.0,5.706345796585083
Facebook,9,548,4017,0.75,0.5,19,0.23163734852770637,0.003875968992248062,1.0,5.660552978515625
Facebook,9,548,4017,0.75,0.5,20,0.23823554502583963,0.007575757575757576,1.0,5.440706491470337
Facebook,9,548,4017,0.75,0.5,21,0.23918556275825462,0.005156537753222836,0.9604697794328273,5.639825344085693
Facebook,9,548,4017,0.75,0.5,22,0.21475069729547097,0.005426356589147287,0.9501575479805213,5.444249391555786
Facebook,9,548,4017,0.75,0.5,23,0.23087095928732598,0.0053475935828877,1.0,5.649548292160034
Facebook,9,548,4017,0.75,0.5,24,0.20430703867133365,0.008259587020648967,0.9384130621598396,5.453857898712158
Facebook,9,548,4017,0.75,0.5,25,0.23030196693278288,0.004347826086956522,1.0,5.629211664199829
Facebook,9,548,4285,0.8,0.5,1,0.2311505034769524,0.006578947368421052,1.0,5.463418483734131
Facebook,9,548,4285,0.8,0.5,2,0.22849652988382296,0.007650273224043716,0.9169292466342023,5.438838481903076
Facebook,9,548,4285,0.8,0.5,3,0.20663387215622608,0.009722222222222222,0.9312517903179605,5.671727180480957
Facebook,9,548,4285,0.8,0.5,4,0.23387391909497815,0.0049504950495049506,1.0,5.403774976730347
Facebook,9,548,4285,0.8,0.5,5,0.20655480709912089,0.008,1.0,5.655024766921997
Facebook,9,548,4285,0.8,0.5,6,0.2291707816113248,0.005490196078431373,0.9266685763391578,5.60187554359436
Facebook,9,548,4285,0.8,0.5,7,0.19753578355406756,0.007751937984496124,1.0,5.424829483032227
Facebook,9,548,4285,0.8,0.5,8,0.23274283661265094,0.008403361344537815,1.0,5.628880500793457
Facebook,9,548,4285,0.8,0.5,9,0.2117079922492061,0.007526881720430108,0.9286737324548839,5.446837425231934
Facebook,9,548,4285,0.8,0.5,10,0.22873953681834494,0.006578947368421052,1.0,5.6170525550842285
Facebook,9,548,4285,0.8,0.5,11,0.1941243237025483,0.007936507936507936,1.0,5.396957635879517
Facebook,9,548,4285,0.8,0.5,12,0.22358301616493084,0.009900990099009901,1.0,5.607954740524292
Facebook,9,548,4285,0.8,0.5,13,0.19617645913925055,0.006944444444444444,1.0,5.414635181427002
Facebook,9,548,4285,0.8,0.5,14,0.19929100480233242,0.005649717514124294,1.0,5.432678937911987
Facebook,9,548,4285,0.8,0.5,15,0.21786469224490956,0.006993006993006993,1.0,5.657346963882446
Facebook,9,548,4285,0.8,0.5,16,0.2241231965664102,0.0056179775280898875,1.0,5.458575487136841
Facebook,9,548,4285,0.8,0.5,17,0.23983768719723011,0.007349081364829396,0.9369808077914638,5.663804292678833
Facebook,9,548,4285,0.8,0.5,18,0.2109903886880746,0.008484848484848486,0.9369808077914638,5.661090135574341
Facebook,9,548,4285,0.8,0.5,19,0.21043498794549054,0.005681818181818182,1.0,5.441644906997681
Facebook,9,548,4285,0.8,0.5,20,0.22633592890949264,0.005847953216374269,1.0,5.675144672393799
Facebook,9,548,4285,0.8,0.5,21,0.22036987168329203,0.006578947368421052,1.0,5.425234079360962
Facebook,9,548,4285,0.8,0.5,22,0.21538930837235534,0.008130081300813009,1.0,5.653205633163452
Facebook,9,548,4285,0.8,0.5,23,0.20437633829855176,0.011235955056179775,1.0,5.449814081192017
Facebook,9,548,4285,0.8,0.5,24,0.21764832841179751,0.008695652173913044,1.0,5.629805326461792
Facebook,9,548,4285,0.8,0.5,25,0.19528996716112035,0.006369426751592357,1.0,5.437295436859131
Facebook,9,548,4553,0.85,0.5,1,0.23067054367150908,0.005747126436781609,1.0,5.419788837432861
Facebook,9,548,4553,0.85,0.5,2,0.21295917245244061,0.007352941176470588,1.0,5.645866870880127
Facebook,9,548,4553,0.85,0.5,3,0.23422501201907736,0.009523809523809525,0.953022056717273,5.410206317901611
Facebook,9,548,4553,0.85,0.5,4,0.21389565786179227,0.007407407407407408,1.0,5.661738872528076
Facebook,9,548,4553,0.85,0.5,5,0.23388202424872143,0.0061403508771929825,0.9263821254654827,5.615539789199829
Facebook,9,548,4553,0.85,0.5,6,0.1918811817344053,0.008849557522123894,1.0,5.450707197189331
Facebook,9,548,4553,0.85,0.5,7,0.22473128179189486,0.009345794392523364,1.0,5.622941970825195
Facebook,9,548,4553,0.85,0.5,8,0.2038471865534671,0.00980392156862745,1.0,5.410288333892822
Facebook,9,548,4553,0.85,0.5,9,0.22438319802177326,0.006862745098039216,0.9404182182755657,5.5937745571136475
Facebook,9,548,4553,0.85,0.5,10,0.21801078626728823,0.006896551724137931,1.0,5.402992010116577
Facebook,9,548,4553,0.85,0.5,11,0.2266553789247899,0.006097560975609756,1.0,5.616119623184204
Facebook,9,548,4553,0.85,0.5,12,0.209777065743943,0.008333333333333333,1.0,5.4151458740234375
Facebook,9,548,4553,0.85,0.5,13,0.22985975208484669,0.005714285714285714,1.0,5.38750147819519
Facebook,9,548,4553,0.85,0.5,14,0.18808472594173267,0.005622489959839358,0.932111142938986,5.595314979553223
Facebook,9,548,4553,0.85,0.5,15,0.21059947692374784,0.006993006993006993,1.0,5.399219512939453
Facebook,9,548,4553,0.85,0.5,16,0.21552433249909841,0.007713498622589532,0.9819535949584646,5.605350017547607
Facebook,9,548,4553,0.85,0.5,17,0.1900878436137687,0.007352941176470588,1.0,5.644906520843506
Facebook,9,548,4553,0.85,0.5,18,0.23889619893709316,0.006578947368421052,1.0,5.4030601978302
Facebook,9,548,4553,0.85,0.5,19,0.18402314882441728,0.006622516556291391,1.0,5.58870005607605
Facebook,9,548,4553,0.85,0.5,20,0.22971780388266522,0.006711409395973154,1.0,5.390787363052368
Facebook,9,548,4553,0.85,0.5,21,0.1946129213949747,0.004784688995215311,1.0,5.6109397411346436
Facebook,9,548,4553,0.85,0.5,22,0.19634090257509126,0.007291666666666667,0.911486680034374,5.406808853149414
Facebook,9,548,4553,0.85,0.5,23,0.22744678621670433,0.008771929824561403,1.0,5.7376439571380615
Facebook,9,548,4553,0.85,0.5,24,0.2063565494253265,0.010526315789473684,1.0,5.428944826126099
Facebook,9,548,4553,0.85,0.5,25,0.21536708033677246,0.006711409395973154,1.0,5.447213649749756
Facebook,9,548,4820,0.9,0.5,1,0.21562788831743368,0.009708737864077669,1.0,5.731895923614502
Facebook,9,548,4820,0.9,0.5,2,0.20821194998755221,0.008333333333333333,0.9601833285591521,5.514001846313477
Facebook,9,548,4820,0.9,0.5,3,0.22791239695418858,0.008,1.0,5.694280385971069
Facebook,9,548,4820,0.9,0.5,4,0.19805360459641225,0.009345794392523364,1.0,5.447579622268677
Facebook,9,548,4820,0.9,0.5,5,0.2388465411153531,0.0051813471502590676,1.0,5.65618896484375
Facebook,9,548,4820,0.9,0.5,6,0.21915725815904386,0.006134969325153374,1.0,5.429680347442627
Facebook,9,548,4820,0.9,0.5,7,0.2298256157004544,0.005235602094240838,1.0,5.709299564361572
Facebook,9,548,4820,0.9,0.5,8,0.1955602302194358,0.0070921985815602835,1.0,5.469290018081665
Facebook,9,548,4820,0.9,0.5,9,0.22805950065785968,0.006134969325153374,1.0,5.72942590713501
Facebook,9,548,4820,0.9,0.5,10,0.2433201683517655,0.006181015452538631,0.9865368089372673,5.527933597564697
Facebook,9,548,4820,0.9,0.5,11,0.20540827560692598,0.007692307692307693,1.0,5.742127895355225
Facebook,9,548,4820,0.9,0.5,12,0.20010157223626374,0.01020408163265306,1.0,5.472965955734253
Facebook,9,548,4820,0.9,0.5,13,0.21671582566467304,0.00856269113149847,0.9515898023488971,5.747692108154297
Facebook,9,548,4820,0.9,0.5,14,0.2149406243963775,0.007246376811594203,1.0,5.488110542297363
Facebook,9,548,4820,0.9,0.5,15,0.22404364749930247,0.005458089668615985,0.9048983099398453,5.700999736785889
Facebook,9,548,4820,0.9,0.5,16,0.22127563213061255,0.007936507936507936,1.0,5.467686653137207
Facebook,9,548,4820,0.9,0.5,17,0.22781279935631313,0.005025125628140704,1.0,5.63591456413269
Facebook,9,548,4820,0.9,0.5,18,0.20096236540382345,0.007352941176470588,1.0,5.428591012954712
Facebook,9,548,4820,0.9,0.5,19,0.23070398738563203,0.006493506493506494,1.0,5.640911102294922
Facebook,9,548,4820,0.9,0.5,20,0.18419066352298377,0.0036363636363636364,1.0,5.652418851852417
Facebook,9,548,4820,0.9,0.5,21,0.22537723201974474,0.0053475935828877,1.0,5.422327995300293
Facebook,9,548,4820,0.9,0.5,22,0.17528164469271174,0.011111111111111112,1.0,5.629336833953857
Facebook,9,548,4820,0.9,0.5,23,0.2252784265046123,0.008403361344537815,1.0,5.438266277313232
Facebook,9,548,4820,0.9,0.5,24,0.18452220315273943,0.0078125,1.0,5.668630599975586
Facebook,9,548,4820,0.9,0.5,25,0.22960814256608164,0.007466666666666667,0.9281008307075337,5.423485040664673
Facebook,9,548,5088,0.95,0.5,1,0.19892856459417751,0.010416666666666666,1.0,5.663963556289673
Facebook,9,548,5088,0.95,0.5,2,0.20094962096285857,0.008403361344537815,1.0,5.447351694107056
Facebook,9,548,5088,0.95,0.5,3,0.23701160483173375,0.006526806526806527,0.9292466342022343,5.69914984703064
Facebook,9,548,5088,0.95,0.5,4,0.21232564752522132,0.009009009009009009,1.0,5.467979192733765
Facebook,9,548,5088,0.95,0.5,5,0.22015559797546724,0.005988023952095809,1.0,5.71411919593811
Facebook,9,548,5088,0.95,0.5,6,0.23781502749098568,0.006802721088435374,1.0,5.538491249084473
Facebook,9,548,5088,0.95,0.5,7,0.2066157745262879,0.007633587786259542,1.0,5.771807432174683
Facebook,9,548,5088,0.95,0.5,8,0.19245131155855177,0.006222222222222222,0.9240905184760814,5.5377702713012695
Facebook,9,548,5088,0.95,0.5,9,0.22798941152000798,0.00625,1.0,5.758854866027832
Facebook,9,548,5088,0.95,0.5,10,0.210474878748855,0.009333333333333334,0.9498710971068461,5.496723651885986
Facebook,9,548,5088,0.95,0.5,11,0.23215608452446196,0.007692307692307693,1.0,5.671754837036133
Facebook,9,548,5088,0.95,0.5,12,0.2398926908333362,0.005208333333333333,1.0,5.494003534317017
Facebook,9,548,5088,0.95,0.5,13,0.20426071209702662,0.008403361344537815,1.0,5.750921964645386
Facebook,9,548,5088,0.95,0.5,14,0.21190440396807034,0.00784313725490196,0.9292466342022343,5.583670377731323
Facebook,9,548,5088,0.95,0.5,15,0.23260308235631208,0.005813953488372093,1.0,5.64900541305542
Facebook,9,548,5088,0.95,0.5,16,0.1708511242892219,0.012987012987012988,1.0,5.446070432662964
Facebook,9,548,5088,0.95,0.5,17,0.22476486342270502,0.005797101449275362,0.9873961615582928,5.615524053573608
Facebook,9,548,5088,0.95,0.5,18,0.2103499384808448,0.007518796992481203,1.0,5.412498474121094
Facebook,9,548,5088,0.95,0.5,19,0.22032447937550528,0.008333333333333333,0.9206531079919794,5.579517126083374
Facebook,9,548,5088,0.95,0.5,20,0.22629939250171469,0.007352941176470588,1.0,5.385912179946899
Facebook,9,548,5088,0.95,0.5,21,0.21019495855832185,0.006896551724137931,1.0,5.579263687133789
Facebook,9,548,5088,0.95,0.5,22,0.21121148546234433,0.007633587786259542,1.0,5.406174421310425
Facebook,9,548,5088,0.95,0.5,23,0.17550063489788248,0.007751937984496124,1.0,5.564537048339844
Facebook,9,548,5088,0.95,0.5,24,0.23829872014124165,0.0070921985815602835,1.0,5.377171516418457
Facebook,9,548,5088,0.95,0.5,25,0.23902073327822013,0.005714285714285714,1.0,5.61844277381897
Facebook,9,548,5356,1,0.5,1,0.19862707112932285,0.008264462809917356,1.0,5.459940671920776
Facebook,9,548,5356,1,0.5,2,0.2034036147304987,0.008928571428571428,1.0,5.643585443496704
Facebook,9,548,5356,1,0.5,3,0.20313450704721617,0.008403361344537815,1.0,5.460989713668823
Facebook,9,548,5356,1,0.5,4,0.20583334832707367,0.005405405405405406,1.0,5.655368328094482
Facebook,9,548,5356,1,0.5,5,0.19583863410016006,0.008259587020648967,0.9289601833285591,5.383155584335327
Facebook,9,548,5356,1,0.5,6,0.21008834545623306,0.007407407407407408,1.0,5.651998519897461
Facebook,9,548,5356,1,0.5,7,0.22206819567923367,0.00819672131147541,1.0,5.484057426452637
Facebook,9,548,5356,1,0.5,8,0.2217517657468232,0.007407407407407408,1.0,5.658649921417236
Facebook,9,548,5356,1,0.5,9,0.20354636671710571,0.010309278350515464,1.0,5.470499277114868
Facebook,9,548,5356,1,0.5,10,0.1795528040444668,0.00980392156862745,1.0,5.651090860366821
Facebook,9,548,5356,1,0.5,11,0.18810489690885432,0.010638297872340425,1.0,5.423964500427246
Facebook,9,548,5356,1,0.5,12,0.21298034355267492,0.007936507936507936,1.0,5.603726387023926
Facebook,9,548,5356,1,0.5,13,0.18482757915506284,0.011382113821138212,0.9424233743912919,5.424208164215088
Facebook,9,548,5356,1,0.5,14,0.20707617120751765,0.008045977011494253,0.9464336866227442,5.61334490776062
Facebook,9,548,5356,1,0.5,15,0.2242952660004947,0.007407407407407408,1.0,5.388983726501465
Facebook,9,548,5356,1,0.5,16,0.21470411369542788,0.005936073059360731,0.8814093382984818,5.594661474227905
Facebook,9,548,5356,1,0.5,17,0.23354653204724513,0.009174311926605505,1.0,5.425657749176025
Facebook,9,548,5356,1,0.5,18,0.23586050590414948,0.00671462829736211,0.9553136637066743,5.63346529006958
Facebook,9,548,5356,1,0.5,19,0.1988302878354329,0.008259587020648967,0.9195073044972787,5.432819366455078
Facebook,9,548,5356,1,0.5,20,0.21761796053603807,0.006493506493506494,1.0,5.669970989227295
Facebook,9,548,5356,1,0.5,21,0.19668513117010877,0.008620689655172414,1.0,5.448040246963501
Facebook,9,548,5356,1,0.5,22,0.19367484759311857,0.012345679012345678,1.0,5.6040358543396
Facebook,9,548,5356,1,0.5,23,0.23104900843995288,0.005988023952095809,1.0,5.484080791473389
Facebook,9,548,5356,1,0.5,24,0.19102302690229872,0.00819672131147541,1.0,5.673917293548584
Facebook,9,548,5356,1,0.5,25,0.20587680824794616,0.00847457627118644,1.0,5.5250537395477295
Facebook,10,117,0,0,,0,0.6844871509335752,0.003745318352059925,0.23916369199388068,
Facebook,10,117,0,0,,0,0.7293762070966546,0.002352941176470588,0.22386537480877103,
Facebook,10,117,0,0,,0,0.7111152508810815,0.002867383512544803,0.2672106068332483,
Facebook,10,117,0,0,,0,0.7347360291582574,0.0017857142857142857,0.25165731769505356,
Facebook,10,117,0,0,,0,0.7330832667559442,0.0012578616352201257,0.15655277919428862,
Facebook,10,117,0,0,,0,0.7617195449625668,0.004,0.5507394186639469,
Facebook,10,117,0,0,,0,0.8385590033555017,0.005555555555555556,0.46991330953595106,
Facebook,10,117,0,0,,0,0.792589565067208,0.0011695906432748538,0.13284038755736868,
Facebook,10,117,0,0,,0,0.8156067252983058,0.005,0.43982661907190207,
Facebook,10,117,0,0,,0,0.8127129433996738,0.003472222222222222,0.34548699643039266,
Facebook,10,117,0,0,,0,0.7100437601768332,0.001388888888888889,0.15451300356960734,
Facebook,10,117,0,0,,0,0.7305296386350244,0.004166666666666667,0.31642019377868436,
Facebook,10,117,0,0,,0,0.7607756574389185,0.004878048780487805,0.3500764915859256,
Facebook,10,117,0,0,,0,0.7183979518523271,0.002,0.14711881693013767,
Facebook,10,117,0,0,,0,0.8277953492905012,0.0018018018018018018,0.21621621621621623,
Facebook,10,117,0,0,,0,0.7900541994821754,0.003436426116838488,0.2835288118306986,
Facebook,10,117,0,0,,0,0.8301996782219417,0.0015503875968992248,0.1295257521672616,
Facebook,10,117,0,0,,0,0.8043892272959052,0.01045751633986928,0.5438551759306476,
Facebook,10,117,0,0,,0,0.8060984363842592,0.0011594202898550724,0.13437021927587967,
Facebook,10,117,0,0,,0,0.7436294640254691,0.005050505050505051,0.43090260071392145,
Facebook,10,117,0,0,,0,0.7610025448146249,0.002962962962962963,0.30392656807751145,
Facebook,10,117,0,0,,0,0.7987237844809977,0.001834862385321101,0.15859255481896992,
Facebook,10,117,0,0,,0,0.7693706362454646,0.010884353741496598,0.5831208567057624,
Facebook,10,117,0,0,,0,0.809251002316343,0.00196078431372549,0.19913309535951046,
Facebook,10,117,0,0,,0,0.7520046508067176,0.0037735849056603774,0.2455379908210097,
Facebook,10,117,10,0.01,0.5,1,0.28840961575641233,0.02608695652173913,0.531871494135645,4.873978137969971
Facebook,10,117,10,0.01,0.5,2,0.2804584835423887,0.028205128205128206,0.6927587965323815,5.052026987075806
Facebook,10,117,10,0.01,0.5,3,0.24146369232956053,0.030555555555555555,0.7330443651198368,4.968534231185913
Facebook,10,117,10,0.01,0.5,4,0.253246377314964,0.02666666666666667,0.6440591534931157,5.116292715072632
Facebook,10,117,10,0.01,0.5,5,0.2766189625098065,0.027586206896551724,0.7593064762876084,4.883676290512085
Facebook,10,117,10,0.01,0.5,6,0.27242823307334946,0.02528735632183908,0.7225905150433453,5.054062604904175
Facebook,10,117,10,0.01,0.5,7,0.26163181879720254,0.023076923076923078,0.6330953595104538,4.861648082733154
Facebook,10,117,10,0.01,0.5,8,0.2608612134154097,0.028985507246376812,0.658847526772055,5.137535810470581
Facebook,10,117,10,0.01,0.5,9,0.24765604419388734,0.020833333333333332,0.6700662927078022,4.973942995071411
Facebook,10,117,10,0.01,0.5,10,0.28117730209162534,0.022222222222222223,0.5831208567057624,5.088892459869385
Facebook,10,117,10,0.01,0.5,11,0.27819296268628885,0.022222222222222223,0.6583375828658847,4.874039888381958
Facebook,10,117,10,0.01,0.5,12,0.2655879953008782,0.022988505747126436,0.6608873023967363,5.063438653945923
Facebook,10,117,10,0.01,0.5,13,0.26854101732183916,0.02666666666666667,0.6297807241203468,4.848621845245361
Facebook,10,117,10,0.01,0.5,14,0.27059546026627784,0.02619047619047619,0.684089750127486,5.064433813095093
Facebook,10,117,10,0.01,0.5,15,0.26223903838164636,0.027160493827160494,0.7536970933197348,4.973792552947998
Facebook,10,117,10,0.01,0.5,16,0.2638765699975507,0.02528735632183908,0.7544620091789903,5.129549741744995
Facebook,10,117,10,0.01,0.5,17,0.2821038066940132,0.023076923076923078,0.5668026517083121,4.888061285018921
Facebook,10,117,10,0.01,0.5,18,0.24046696160680409,0.01935483870967742,0.6376848546659868,5.096931219100952
Facebook,10,117,10,0.01,0.5,19,0.2738667191505444,0.02857142857142857,0.8832228454869965,4.856067657470703
Facebook,10,117,10,0.01,0.5,20,0.27620811928740485,0.020512820512820513,0.5178480367159612,5.176083087921143
Facebook,10,117,10,0.01,0.5,21,0.2741994366503567,0.02666666666666667,0.658847526772055,4.949034929275513
Facebook,10,117,10,0.01,0.5,22,0.2676338925133223,0.02666666666666667,0.6695563488016318,4.862982749938965
Facebook,10,117,10,0.01,0.5,23,0.2787022864768661,0.020512820512820513,0.534931157572667,5.0898377895355225
Facebook,10,117,10,0.01,0.5,24,0.26242219252409654,0.024242424242424242,0.5854156042835288,4.8776750564575195
Facebook,10,117,10,0.01,0.5,25,0.2687694078311549,0.0380952380952381,0.7422233554309026,5.06490683555603
Facebook,10,117,52,0.05,0.5,1,0.2598252707888509,0.022222222222222223,0.528556858745538,4.858696699142456
Facebook,10,117,52,0.05,0.5,2,0.2671813263247442,0.031746031746031744,0.6308006119326874,5.173015117645264
Facebook,10,117,52,0.05,0.5,3,0.27702493096196623,0.0380952380952381,0.7616012238653748,4.898742914199829
Facebook,10,117,52,0.05,0.5,4,0.27332491504811696,0.022222222222222223,0.6216216216216216,5.054298162460327
Facebook,10,117,52,0.05,0.5,5,0.2505350196802569,0.028205128205128206,0.723865374808771,4.863063335418701
Facebook,10,117,52,0.05,0.5,6,0.24446233682711088,0.02,0.6277409484956655,5.092912197113037
Facebook,10,117,52,0.05,0.5,7,0.2653869907252744,0.028205128205128206,0.7312595614482407,4.8971874713897705
Facebook,10,117,52,0.05,0.5,8,0.2922727179219343,0.027777777777777776,0.5828658847526772,5.202885389328003
Facebook,10,117,52,0.05,0.5,9,0.2744713103534845,0.016666666666666666,0.5719020907700153,4.891885042190552
Facebook,10,117,52,0.05,0.5,10,0.2639284558488341,0.028205128205128206,0.7027027027027027,5.093271255493164
Facebook,10,117,52,0.05,0.5,11,0.28004352028423246,0.027160493827160494,0.7060173380928098,4.868550539016724
Facebook,10,117,52,0.05,0.5,12,0.301357697193981,0.022222222222222223,0.6835798062213156,5.140013217926025
Facebook,10,117,52,0.05,0.5,13,0.2664465365062055,0.02666666666666667,0.6644569097399287,4.934587240219116
Facebook,10,117,52,0.05,0.5,14,0.27820612365106046,0.01568627450980392,0.5311065782763896,5.11722469329834
Facebook,10,117,52,0.05,0.5,15,0.2748964941759743,0.01935483870967742,0.6652218255991841,4.91008734703064
Facebook,10,117,52,0.05,0.5,16,0.27491586973430543,0.020370370370370372,0.7401835798062213,5.087907552719116
Facebook,10,117,52,0.05,0.5,17,0.2707593161813,0.021505376344086023,0.6399796022437532,4.8517069816589355
Facebook,10,117,52,0.05,0.5,18,0.2765858342675385,0.03188405797101449,0.7266700662927078,5.085913419723511
Facebook,10,117,52,0.05,0.5,19,0.29762030390717126,0.024,0.5716471188169301,4.950856924057007
Facebook,10,117,52,0.05,0.5,20,0.25760686239929764,0.01839080459770115,0.557113717491076,5.097496271133423
Facebook,10,117,52,0.05,0.5,21,0.259733897907277,0.02608695652173913,0.5645079041305456,4.884077787399292
Facebook,10,117,52,0.05,0.5,22,0.2724541375360886,0.021333333333333333,0.5341662417134115,5.118823289871216
Facebook,10,117,52,0.05,0.5,23,0.24869385958741333,0.025,0.6404895461499235,4.882686138153076
Facebook,10,117,52,0.05,0.5,24,0.28959532755976186,0.02564102564102564,0.6863844977052524,4.940982341766357
Facebook,10,117,52,0.05,0.5,25,0.22409235488040452,0.023076923076923078,0.6356450790413054,5.125849485397339
Facebook,10,117,103,0.1,0.5,1,0.25803673536132055,0.02666666666666667,0.6631820499745028,4.949183702468872
Facebook,10,117,103,0.1,0.5,2,0.2521467272185017,0.02608695652173913,0.5772565017848037,5.081299304962158
Facebook,10,117,103,0.1,0.5,3,0.23320104959294977,0.02608695652173913,0.5851606323304437,4.847788333892822
Facebook,10,117,103,0.1,0.5,4,0.2882507858685711,0.034782608695652174,0.728454869964304,5.0415568351745605
Facebook,10,117,103,0.1,0.5,5,0.2582565060959847,0.02528735632183908,0.7299847016828149,4.962585926055908
Facebook,10,117,103,0.1,0.5,6,0.2502026093343252,0.028205128205128206,0.6991330953595104,5.084463596343994
Facebook,10,117,103,0.1,0.5,7,0.23792647516258528,0.013333333333333334,0.528556858745538,4.878141641616821
Facebook,10,117,103,0.1,0.5,8,0.2686047393118678,0.02,0.5833758286588475,5.070679426193237
Facebook,10,117,103,0.1,0.5,9,0.26743504839907084,0.024691358024691357,0.6973482916879143,4.912666320800781
Facebook,10,117,103,0.1,0.5,10,0.25956771321247324,0.024,0.6290158082610913,5.109225034713745
Facebook,10,117,103,0.1,0.5,11,0.2771975538958865,0.024242424242424242,0.5775114737378888,4.914054870605469
Facebook,10,117,103,0.1,0.5,12,0.2509310399480427,0.024691358024691357,0.6947985721570628,5.14185357093811
Facebook,10,117,103,0.1,0.5,13,0.2875078043274565,0.02727272727272727,0.6259561448240694,4.906643390655518
Facebook,10,117,103,0.1,0.5,14,0.27239944242858827,0.025,0.7756246812850587,5.0523154735565186
Facebook,10,117,103,0.1,0.5,15,0.25474271293076034,0.020512820512820513,0.5058643549209587,4.924663782119751
Facebook,10,117,103,0.1,0.5,16,0.25877339689778817,0.020689655172413793,0.6195818459969403,5.1528966426849365
Facebook,10,117,103,0.1,0.5,17,0.2647673401967108,0.020689655172413793,0.6040285568587456,4.950791597366333
Facebook,10,117,103,0.1,0.5,18,0.28160160709990645,0.028985507246376812,0.6896991330953595,5.08498740196228
Facebook,10,117,103,0.1,0.5,19,0.2664642665731529,0.024691358024691357,0.6325854156042835,4.8775315284729
Facebook,10,117,103,0.1,0.5,20,0.2687253496513196,0.022988505747126436,0.6927587965323815,5.136905908584595
Facebook,10,117,103,0.1,0.5,21,0.3054241983759208,0.01875,0.5058643549209587,4.9438042640686035
Facebook,10,117,103,0.1,0.5,22,0.27222073324926144,0.021505376344086023,0.682559918408975,5.138611078262329
Facebook,10,117,103,0.1,0.5,23,0.2945927907098404,0.02857142857142857,0.6744008159102499,4.886205196380615
Facebook,10,117,103,0.1,0.5,24,0.2748316109371531,0.017777777777777778,0.6246812850586435,5.184323787689209
Facebook,10,117,103,0.1,0.5,25,0.27802968392716126,0.02619047619047619,0.7595614482406935,4.896121263504028
Facebook,10,117,155,0.15,0.5,1,0.27726298282935263,0.02,0.6106578276389597,4.965985298156738
Facebook,10,117,155,0.15,0.5,2,0.21509116193213412,0.031746031746031744,0.6797552269250382,5.167713642120361
Facebook,10,117,155,0.15,0.5,3,0.26682243146175116,0.022222222222222223,0.6853646098929118,4.875247955322266
Facebook,10,117,155,0.15,0.5,4,0.27359185622093035,0.019753086419753086,0.5785313615502294,5.072263717651367
Facebook,10,117,155,0.15,0.5,5,0.27563613792763175,0.02,0.6438041815400306,4.877241849899292
Facebook,10,117,155,0.15,0.5,6,0.27879478395852053,0.020512820512820513,0.5170831208567057,5.111082553863525
Facebook,10,117,155,0.15,0.5,7,0.28937132152195566,0.020370370370370372,0.7465578786333503,4.9703688621521
Facebook,10,117,155,0.15,0.5,8,0.26960486186956506,0.01904761904761905,0.5887302396736359,5.0858705043792725
Facebook,10,117,155,0.15,0.5,9,0.26271402845287933,0.021333333333333333,0.5127485976542581,4.875924348831177
Facebook,10,117,155,0.15,0.5,10,0.2798877848758339,0.01875,0.5940846506884243,5.070969820022583
Facebook,10,117,155,0.15,0.5,11,0.2756769125745591,0.022222222222222223,0.6940336562978072,4.935979604721069
Facebook,10,117,155,0.15,0.5,12,0.22907525211532342,0.022988505747126436,0.6323304436511984,5.225214719772339
Facebook,10,117,155,0.15,0.5,13,0.2642294159106125,0.02962962962962963,0.776134625191229,4.918415307998657
Facebook,10,117,155,0.15,0.5,14,0.2666849703353904,0.031746031746031744,0.62697603263641,5.088029384613037
Facebook,10,117,155,0.15,0.5,15,0.2672239515552396,0.031578947368421054,0.706272310045895,4.887556314468384
Facebook,10,117,155,0.15,0.5,16,0.26666532788309133,0.024691358024691357,0.668281489036206,5.133702754974365
Facebook,10,117,155,0.15,0.5,17,0.24374747782535855,0.022222222222222223,0.5731769505354412,4.968600034713745
Facebook,10,117,155,0.15,0.5,18,0.25536230526628556,0.02564102564102564,0.704742478327384,5.1280248165130615
Facebook,10,117,155,0.15,0.5,19,0.26853161739902764,0.022222222222222223,0.6945436002039775,4.882112979888916
Facebook,10,117,155,0.15,0.5,20,0.2589691384434468,0.023076923076923078,0.6685364609892912,5.1341564655303955
Facebook,10,117,155,0.15,0.5,21,0.2587854511673454,0.02564102564102564,0.6851096379398266,4.860051393508911
Facebook,10,117,155,0.15,0.5,22,0.277948872473347,0.02,0.5900050994390617,5.078789949417114
Facebook,10,117,155,0.15,0.5,23,0.2617075069447748,0.013008130081300813,0.5685874553799082,4.968229532241821
Facebook,10,117,155,0.15,0.5,24,0.2931930817795782,0.01839080459770115,0.48878123406425295,5.12978720664978
Facebook,10,117,155,0.15,0.5,25,0.27115295389637545,0.01935483870967742,0.5879653238143804,4.878745079040527
Facebook,10,117,206,0.2,0.5,1,0.28199879643742953,0.017777777777777778,0.5456399796022438,5.129626035690308
Facebook,10,117,206,0.2,0.5,2,0.26907649004501827,0.02,0.5711371749107598,4.867648363113403
Facebook,10,117,206,0.2,0.5,3,0.26804737839689047,0.03188405797101449,0.7391636919938807,4.9705305099487305
Facebook,10,117,206,0.2,0.5,4,0.2747088451813682,0.01818181818181818,0.5645079041305456,5.099891901016235
Facebook,10,117,206,0.2,0.5,5,0.2605029437104634,0.01875,0.5981642019377869,4.893025636672974
Facebook,10,117,206,0.2,0.5,6,0.29793852450106995,0.014035087719298246,0.5588985211626721,5.054425477981567
Facebook,10,117,206,0.2,0.5,7,0.255166770161085,0.02608695652173913,0.5958694543600204,4.903115510940552
Facebook,10,117,206,0.2,0.5,8,0.23641724635166067,0.018018018018018018,0.6731259561448241,5.154462814331055
Facebook,10,117,206,0.2,0.5,9,0.27361069527017534,0.02727272727272727,0.6483936766955635,4.909412860870361
Facebook,10,117,206,0.2,0.5,10,0.23295567584285234,0.031746031746031744,0.6392146863844977,5.088855028152466
Facebook,10,117,206,0.2,0.5,11,0.26184458609988187,0.03333333333333333,0.7501274859765426,4.9068663120269775
Facebook,10,117,206,0.2,0.5,12,0.25253792002341435,0.02619047619047619,0.7595614482406935,5.053682804107666
Facebook,10,117,206,0.2,0.5,13,0.2830725261018614,0.02608695652173913,0.5790413054563998,4.960214614868164
Facebook,10,117,206,0.2,0.5,14,0.2807178597007686,0.018518518518518517,0.6733809280979093,5.0883708000183105
Facebook,10,117,206,0.2,0.5,15,0.2616973992441437,0.01818181818181818,0.6218765935747068,4.883589267730713
Facebook,10,117,206,0.2,0.5,16,0.2652172084575043,0.024,0.664966853646099,5.124999523162842
Facebook,10,117,206,0.2,0.5,17,0.227210114816031,0.024444444444444446,0.7192758796532381,4.8900065422058105
Facebook,10,117,206,0.2,0.5,18,0.271976485240915,0.02564102564102564,0.6700662927078022,5.152563810348511
Facebook,10,117,206,0.2,0.5,19,0.2465341183547792,0.027777777777777776,0.6749107598164202,4.9352123737335205
Facebook,10,117,206,0.2,0.5,20,0.2554103545253754,0.028205128205128206,0.7182559918408975,5.086315155029297
Facebook,10,117,206,0.2,0.5,21,0.28868482392123734,0.014035087719298246,0.5242223355430903,4.866543531417847
Facebook,10,117,206,0.2,0.5,22,0.27722410060706254,0.020202020202020204,0.6376848546659868,5.096797466278076
Facebook,10,117,206,0.2,0.5,23,0.26552770987939883,0.01875,0.5874553799082101,4.987613916397095
Facebook,10,117,206,0.2,0.5,24,0.2671245643965072,0.028985507246376812,0.5986741458439572,5.091405391693115
Facebook,10,117,206,0.2,0.5,25,0.2584776675310206,0.019753086419753086,0.6083630800611932,4.9118332862854
Facebook,10,117,258,0.25,0.5,1,0.27002372437093447,0.020689655172413793,0.6608873023967363,5.08363938331604
Facebook,10,117,258,0.25,0.5,2,0.3035985507058129,0.022988505747126436,0.6960734319224885,4.9546403884887695
Facebook,10,117,258,0.25,0.5,3,0.27669358089454765,0.020833333333333332,0.5971443141254462,5.203108310699463
Facebook,10,117,258,0.25,0.5,4,0.2903071770334497,0.024242424242424242,0.5599184089750128,4.916783571243286
Facebook,10,117,258,0.25,0.5,5,0.23836230364401673,0.025,0.6290158082610913,4.940821647644043
Facebook,10,117,258,0.25,0.5,6,0.2781725238018986,0.024,0.6529831718510963,5.089612007141113
Facebook,10,117,258,0.25,0.5,7,0.24151340112768255,0.02,0.6562978072412035,4.886187553405762
Facebook,10,117,258,0.25,0.5,8,0.27123744082928986,0.0196078431372549,0.6621621621621622,5.152833938598633
Facebook,10,117,258,0.25,0.5,9,0.25411850004282194,0.024,0.6180520142784294,4.924614191055298
Facebook,10,117,258,0.25,0.5,10,0.28818864201931177,0.021333333333333333,0.5884752677205507,5.139614820480347
Facebook,10,117,258,0.25,0.5,11,0.2735342076152809,0.016666666666666666,0.598419173890872,4.889006614685059
Facebook,10,117,258,0.25,0.5,12,0.2649596327390811,0.023076923076923078,0.5884752677205507,5.081347227096558
Facebook,10,117,258,0.25,0.5,13,0.2626490272306511,0.021333333333333333,0.5869454360020397,4.937318325042725
Facebook,10,117,258,0.25,0.5,14,0.270732474950878,0.01904761904761905,0.5293217746047935,5.0779619216918945
Facebook,10,117,258,0.25,0.5,15,0.27272034708686477,0.02564102564102564,0.7355940846506884,4.905604839324951
Facebook,10,117,258,0.25,0.5,16,0.28138628504322744,0.024,0.6509433962264151,5.128326892852783
Facebook,10,117,258,0.25,0.5,17,0.26103203529549435,0.027777777777777776,0.6960734319224885,4.960989713668823
Facebook,10,117,258,0.25,0.5,18,0.2428924829103493,0.024,0.6129525752167262,5.13867974281311
Facebook,10,117,258,0.25,0.5,19,0.2636320030167133,0.02619047619047619,0.7483426823049465,4.907081127166748
Facebook,10,117,258,0.25,0.5,20,0.27794924912228064,0.02666666666666667,0.7470678225395206,5.12023138999939
Facebook,10,117,258,0.25,0.5,21,0.251341965146038,0.028205128205128206,0.7542070372259051,4.8946146965026855
Facebook,10,117,258,0.25,0.5,22,0.2780580451372229,0.02142857142857143,0.6277409484956655,5.177995443344116
Facebook,10,117,258,0.25,0.5,23,0.27891765330316887,0.02962962962962963,0.7774094849566547,4.894776821136475
Facebook,10,117,258,0.25,0.5,24,0.26256548731502416,0.02,0.612697603263641,5.137509346008301
Facebook,10,117,258,0.25,0.5,25,0.2876579637020341,0.021505376344086023,0.6991330953595104,4.875633239746094
Facebook,10,117,309,0.3,0.5,1,0.2678144451695185,0.02318840579710145,0.5339112697603263,5.128265380859375
Facebook,10,117,309,0.3,0.5,2,0.22115305390610177,0.017777777777777778,0.5747067822539521,5.0054473876953125
Facebook,10,117,309,0.3,0.5,3,0.27930071677215323,0.021333333333333333,0.6096379398266191,5.145030736923218
Facebook,10,117,309,0.3,0.5,4,0.2433925484027178,0.028985507246376812,0.6223865374808771,4.901771545410156
Facebook,10,117,309,0.3,0.5,5,0.2724044731508092,0.01929824561403509,0.7106068332483427,5.100940942764282
Facebook,10,117,309,0.3,0.5,6,0.27098973821933975,0.02142857142857143,0.6088730239673635,4.929047346115112
Facebook,10,117,309,0.3,0.5,7,0.24451483988573952,0.024691358024691357,0.6613972463029066,4.977006912231445
Facebook,10,117,309,0.3,0.5,8,0.2759260255818839,0.022222222222222223,0.6083630800611932,5.106705904006958
Facebook,10,117,309,0.3,0.5,9,0.2365162806718721,0.020512820512820513,0.5216726160122387,4.930038928985596
Facebook,10,117,309,0.3,0.5,10,0.2393207833432859,0.02318840579710145,0.5509943906170321,5.080008029937744
Facebook,10,117,309,0.3,0.5,11,0.2730002611825252,0.020689655172413793,0.6139724630290668,4.980458974838257
Facebook,10,117,309,0.3,0.5,12,0.2646131109872711,0.034782608695652174,0.7891381947985722,5.162832736968994
Facebook,10,117,309,0.3,0.5,13,0.2704607305937783,0.022988505747126436,0.6657317695053544,4.8914794921875
Facebook,10,117,309,0.3,0.5,14,0.29317485461683507,0.02727272727272727,0.6463539010708822,5.082579135894775
Facebook,10,117,309,0.3,0.5,15,0.2542100331803235,0.01904761904761905,0.5576236613972463,4.95632529258728
Facebook,10,117,309,0.3,0.5,16,0.2686916063373391,0.01818181818181818,0.6356450790413054,5.169549465179443
Facebook,10,117,309,0.3,0.5,17,0.3016945546210327,0.017204301075268817,0.5606833248342682,4.8990561962127686
Facebook,10,117,309,0.3,0.5,18,0.2830601821466982,0.02564102564102564,0.7516573176950535,5.101965665817261
Facebook,10,117,309,0.3,0.5,19,0.2577328156837454,0.02,0.6272310045894951,4.8717873096466064
Facebook,10,117,309,0.3,0.5,20,0.26088958520203376,0.01904761904761905,0.6708312085670576,5.1958208084106445
Facebook,10,117,309,0.3,0.5,21,0.29082237537719113,0.01929824561403509,0.7891381947985722,5.024995803833008
Facebook,10,117,309,0.3,0.5,22,0.2721151684582425,0.02666666666666667,0.6935237123916369,5.104322671890259
Facebook,10,117,309,0.3,0.5,23,0.28112794319100215,0.022222222222222223,0.5372259051504334,4.9257612228393555
Facebook,10,117,309,0.3,0.5,24,0.27091327436128027,0.02528735632183908,0.6907190209077001,5.073566675186157
Facebook,10,117,309,0.3,0.5,25,0.2513507440911594,0.020689655172413793,0.6596124426313106,4.941650390625
Facebook,10,117,361,0.35,0.5,1,0.2606451564133633,0.01818181818181818,0.6037735849056604,5.131810665130615
Facebook,10,117,361,0.35,0.5,2,0.25414901575079757,0.01839080459770115,0.5504844467108618,4.903567790985107
Facebook,10,117,361,0.35,0.5,3,0.27137127582270937,0.023809523809523808,0.7210606833248343,5.125725984573364
Facebook,10,117,361,0.35,0.5,4,0.28424056649875046,0.01818181818181818,0.598419173890872,4.94077730178833
Facebook,10,117,361,0.35,0.5,5,0.27921879301460095,0.01839080459770115,0.5731769505354412,5.222463607788086
Facebook,10,117,361,0.35,0.5,6,0.25581622750852656,0.02,0.64278429372769,4.905611515045166
Facebook,10,117,361,0.35,0.5,7,0.25463714693712347,0.01568627450980392,0.5662927078021418,5.169410467147827
Facebook,10,117,361,0.35,0.5,8,0.2446142164068407,0.021333333333333333,0.5326364099949006,4.9101881980896
Facebook,10,117,361,0.35,0.5,9,0.24377275462897147,0.01875,0.6323304436511984,5.045375108718872
Facebook,10,117,361,0.35,0.5,10,0.2707949995228343,0.016666666666666666,0.5436002039775625,5.262776136398315
Facebook,10,117,361,0.35,0.5,11,0.2865316182619633,0.025,0.5775114737378888,4.973209857940674
Facebook,10,117,361,0.35,0.5,12,0.2688292399933327,0.019753086419753086,0.604793472718001,5.170381546020508
Facebook,10,117,361,0.35,0.5,13,0.25803908177922963,0.02318840579710145,0.5719020907700153,4.970945119857788
Facebook,10,117,361,0.35,0.5,14,0.2810175276136862,0.02142857142857143,0.6657317695053544,5.214817762374878
Facebook,10,117,361,0.35,0.5,15,0.2656047293429882,0.022222222222222223,0.6007139214686384,5.024238586425781
Facebook,10,117,361,0.35,0.5,16,0.25673471398477526,0.01875,0.5578786333503315,5.154961824417114
Facebook,10,117,361,0.35,0.5,17,0.26247169978200485,0.024691358024691357,0.6596124426313106,4.980313539505005
Facebook,10,117,361,0.35,0.5,18,0.267252374926453,0.020689655172413793,0.5900050994390617,5.213484048843384
Facebook,10,117,361,0.35,0.5,19,0.2748560290445581,0.02564102564102564,0.691993880673126,5.029464244842529
Facebook,10,117,361,0.35,0.5,20,0.2626095261292203,0.025,0.6772055073941866,5.259968996047974
Facebook,10,117,361,0.35,0.5,21,0.2687651071743918,0.01818181818181818,0.6236613972463029,4.95171046257019
Facebook,10,117,361,0.35,0.5,22,0.23050930135365225,0.025,0.6180520142784294,5.154841423034668
Facebook,10,117,361,0.35,0.5,23,0.2812008902549597,0.02142857142857143,0.5940846506884243,5.002211093902588
Facebook,10,117,361,0.35,0.5,24,0.23153137581860228,0.032,0.8375828658847527,5.257952690124512
Facebook,10,117,361,0.35,0.5,25,0.26249592604123384,0.022222222222222223,0.6267210606833248,5.010082483291626
Facebook,10,117,412,0.4,0.5,1,0.26929845903044486,0.02608695652173913,0.6073431922488526,5.1534199714660645
Facebook,10,117,412,0.4,0.5,2,0.28477202331995277,0.021333333333333333,0.5877103518612953,4.966494560241699
Facebook,10,117,412,0.4,0.5,3,0.28969625373831726,0.013675213675213675,0.5392656807751147,5.283518314361572
Facebook,10,117,412,0.4,0.5,4,0.2613524404719217,0.01875,0.6042835288118307,5.024016380310059
Facebook,10,117,412,0.4,0.5,5,0.23554990862036607,0.01764705882352941,0.6435492095869454,5.186950922012329
Facebook,10,117,412,0.4,0.5,6,0.23233490608115667,0.020689655172413793,0.625446200917899,4.965421438217163
Facebook,10,117,412,0.4,0.5,7,0.2713406130348623,0.019753086419753086,0.5527791942886282,5.311701059341431
Facebook,10,117,412,0.4,0.5,8,0.28781888241888326,0.01839080459770115,0.5173380928097909,5.0552380084991455
Facebook,10,117,412,0.4,0.5,9,0.2671921770267009,0.020512820512820513,0.5757266700662927,5.217636585235596
Facebook,10,117,412,0.4,0.5,10,0.2658004440126602,0.02,0.5583885772565018,4.976588249206543
Facebook,10,117,412,0.4,0.5,11,0.2475751689175926,0.018518518518518517,0.6738908720040796,4.963324546813965
Facebook,10,117,412,0.4,0.5,12,0.2762514582215885,0.022988505747126436,0.5859255481896991,5.227822780609131
Facebook,10,117,412,0.4,0.5,13,0.28094685225513244,0.016666666666666666,0.5239673635900051,5.064690589904785
Facebook,10,117,412,0.4,0.5,14,0.27676417426473526,0.017204301075268817,0.5372259051504334,5.188608169555664
Facebook,10,117,412,0.4,0.5,15,0.2653611171139144,0.02666666666666667,0.7514023457419684,5.042193412780762
Facebook,10,117,412,0.4,0.5,16,0.27825388562688175,0.015,0.5874553799082101,5.172547340393066
Facebook,10,117,412,0.4,0.5,17,0.2705081948120889,0.017142857142857144,0.547679755226925,5.041447877883911
Facebook,10,117,412,0.4,0.5,18,0.24937480978416735,0.01875,0.6292707802141765,5.195360422134399
Facebook,10,117,412,0.4,0.5,19,0.27754092850014955,0.01764705882352941,0.5775114737378888,5.00788140296936
Facebook,10,117,412,0.4,0.5,20,0.28328738691472266,0.017204301075268817,0.5645079041305456,5.159829616546631
Facebook,10,117,412,0.4,0.5,21,0.2706675702072276,0.020512820512820513,0.5147883732789393,5.061821222305298
Facebook,10,117,412,0.4,0.5,22,0.2779146467454608,0.024,0.6290158082610913,5.265132188796997
Facebook,10,117,412,0.4,0.5,23,0.2691125686490231,0.024691358024691357,0.6853646098929118,4.944687366485596
Facebook,10,117,412,0.4,0.5,24,0.2712337324679356,0.02564102564102564,0.6259561448240694,5.206305027008057
Facebook,10,117,412,0.4,0.5,25,0.2761821561826734,0.024,0.6129525752167262,4.960942029953003
Facebook,10,117,464,0.45,0.5,1,0.27236493752568397,0.028985507246376812,0.6848546659867415,5.21189022064209
Facebook,10,117,464,0.45,0.5,2,0.2649100726557074,0.025,0.6504334523202447,4.942645788192749
Facebook,10,117,464,0.45,0.5,3,0.27227332623457867,0.02,0.6820499745028047,5.172548770904541
Facebook,10,117,464,0.45,0.5,4,0.269817589804078,0.03333333333333333,0.6389597144314125,4.964540481567383
Facebook,10,117,464,0.45,0.5,5,0.2722931116404528,0.025,0.6183069862315146,5.189795732498169
Facebook,10,117,464,0.45,0.5,6,0.2836498376086753,0.02142857142857143,0.6213666496685365,4.961255311965942
Facebook,10,117,464,0.45,0.5,7,0.2734630986218695,0.01839080459770115,0.5690973992860785,5.204447031021118
Facebook,10,117,464,0.45,0.5,8,0.2679123984990046,0.020833333333333332,0.6160122386537481,4.95966100692749
Facebook,10,117,464,0.45,0.5,9,0.2674670611896146,0.022222222222222223,0.5359510453850076,5.180899143218994
Facebook,10,117,464,0.45,0.5,10,0.25524452761385386,0.02142857142857143,0.6552779194288628,5.0641045570373535
Facebook,10,117,464,0.45,0.5,11,0.2741575290905763,0.01935483870967742,0.5963793982661907,5.364211320877075
Facebook,10,117,464,0.45,0.5,12,0.23554688437107224,0.022222222222222223,0.5509943906170321,5.054838418960571
Facebook,10,117,464,0.45,0.5,13,0.29379998043972744,0.017142857142857144,0.6670066292707802,5.072617053985596
Facebook,10,117,464,0.45,0.5,14,0.28903336499663956,0.020512820512820513,0.61907190209077,5.239044666290283
Facebook,10,117,464,0.45,0.5,15,0.29746091380327305,0.025,0.5900050994390617,5.084211826324463
Facebook,10,117,464,0.45,0.5,16,0.28192708076957085,0.023655913978494623,0.6708312085670576,5.294263124465942
Facebook,10,117,464,0.45,0.5,17,0.26733632438131666,0.025,0.6432942376338603,5.116196393966675
Facebook,10,117,464,0.45,0.5,18,0.2902386753518177,0.01935483870967742,0.6438041815400306,5.270486116409302
Facebook,10,117,464,0.45,0.5,19,0.2856136017436215,0.022988505747126436,0.6937786843447221,5.052126884460449
Facebook,10,117,464,0.45,0.5,20,0.27299978366432076,0.020512820512820513,0.5484446710861806,5.20988392829895
Facebook,10,117,464,0.45,0.5,21,0.24589226342885798,0.02727272727272727,0.598419173890872,5.006337881088257
Facebook,10,117,464,0.45,0.5,22,0.29523900523693797,0.01935483870967742,0.5423253442121366,5.184406995773315
Facebook,10,117,464,0.45,0.5,23,0.2796060855581514,0.016666666666666666,0.5043345232024478,4.976417064666748
Facebook,10,117,464,0.45,0.5,24,0.27884276879174086,0.01568627450980392,0.5716471188169301,5.2369890213012695
Facebook,10,117,464,0.45,0.5,25,0.258828562454728,0.021333333333333333,0.5509943906170321,4.995768308639526
Facebook,10,117,516,0.5,0.5,1,0.27723178036630286,0.024,0.6504334523202447,5.204120635986328
Facebook,10,117,516,0.5,0.5,2,0.22851398018648994,0.019753086419753086,0.5767465578786334,5.0145485401153564
Facebook,10,117,516,0.5,0.5,3,0.253623415567845,0.01935483870967742,0.5925548189699134,5.191477298736572
Facebook,10,117,516,0.5,0.5,4,0.28081460105157735,0.01728395061728395,0.4864864864864865,5.000186204910278
Facebook,10,117,516,0.5,0.5,5,0.2755119206327176,0.023809523809523808,0.6514533401325854,5.184019327163696
Facebook,10,117,516,0.5,0.5,6,0.2902771489169972,0.02318840579710145,0.5392656807751147,4.98637056350708
Facebook,10,117,516,0.5,0.5,7,0.22335429450520702,0.02,0.6318204997450281,5.206229209899902
Facebook,10,117,516,0.5,0.5,8,0.2960924662630542,0.028985507246376812,0.7236104028556859,4.995370864868164
Facebook,10,117,516,0.5,0.5,9,0.28941418631193533,0.02564102564102564,0.6239163691993881,5.204807281494141
Facebook,10,117,516,0.5,0.5,10,0.27258864047343784,0.01929824561403509,0.7348291687914329,4.998885869979858
Facebook,10,117,516,0.5,0.5,11,0.24319697797663092,0.01839080459770115,0.5356960734319225,5.233777046203613
Facebook,10,117,516,0.5,0.5,12,0.26549953074556776,0.025396825396825397,0.5826109127995921,4.97230076789856
Facebook,10,117,516,0.5,0.5,13,0.2704842594154926,0.031578947368421054,0.5548189699133096,5.235348701477051
Facebook,10,117,516,0.5,0.5,14,0.26466757099981997,0.020202020202020204,0.6407445181030087,5.020752191543579
Facebook,10,117,516,0.5,0.5,15,0.26467190628884085,0.023809523809523808,0.6167771545130035,5.038264274597168
Facebook,10,117,516,0.5,0.5,16,0.23016831461996662,0.02727272727272727,0.6389597144314125,5.268687009811401
Facebook,10,117,516,0.5,0.5,17,0.27664295501628405,0.022222222222222223,0.72233554309026,5.1039910316467285
Facebook,10,117,516,0.5,0.5,18,0.26172963203004923,0.022222222222222223,0.6731259561448241,5.285314083099365
Facebook,10,117,516,0.5,0.5,19,0.2628452031887519,0.02,0.6068332483426823,5.060802936553955
Facebook,10,117,516,0.5,0.5,20,0.23148626992659285,0.019753086419753086,0.5385007649158593,5.277539253234863
Facebook,10,117,516,0.5,0.5,21,0.2750589511760271,0.024,0.5668026517083121,5.1130897998809814
Facebook,10,117,516,0.5,0.5,22,0.272289510910447,0.018518518518518517,0.6489036206017338,5.295830011367798
Facebook,10,117,516,0.5,0.5,23,0.2828379544288213,0.01764705882352941,0.5372259051504334,5.08068585395813
Facebook,10,117,516,0.5,0.5,24,0.2696971147432278,0.02857142857142857,0.6308006119326874,5.257415056228638
Facebook,10,117,516,0.5,0.5,25,0.24402295643949207,0.02857142857142857,0.6565527791942887,5.005126714706421
Facebook,10,117,567,0.55,0.5,1,0.2640075135268904,0.017777777777777778,0.5050994390617032,5.2780070304870605
Facebook,10,117,567,0.55,0.5,2,0.2956646983330262,0.021505376344086023,0.6040285568587456,5.060272455215454
Facebook,10,117,567,0.55,0.5,3,0.2665132134744395,0.02142857142857143,0.6751657317695053,5.298854351043701
Facebook,10,117,567,0.55,0.5,4,0.2651627456408232,0.022988505747126436,0.6675165731769506,5.121351003646851
Facebook,10,117,567,0.55,0.5,5,0.2656220469775416,0.024691358024691357,0.6858745537990821,5.303006649017334
Facebook,10,117,567,0.55,0.5,6,0.27187827088291117,0.017142857142857144,0.6534931157572667,5.0472252368927
Facebook,10,117,567,0.55,0.5,7,0.2707473393062813,0.022988505747126436,0.6764405915349312,5.237636089324951
Facebook,10,117,567,0.55,0.5,8,0.2286842283707883,0.017204301075268817,0.549209586945436,5.010212182998657
Facebook,10,117,567,0.55,0.5,9,0.27719264459468007,0.021333333333333333,0.5346761856195819,5.22648024559021
Facebook,10,117,567,0.55,0.5,10,0.28133597778601027,0.02,0.6453340132585416,5.019352197647095
Facebook,10,117,567,0.55,0.5,11,0.2693711422976751,0.022222222222222223,0.6172870984191738,5.253377199172974
Facebook,10,117,567,0.55,0.5,12,0.2733656575503331,0.020512820512820513,0.6343702192758797,4.98665714263916
Facebook,10,117,567,0.55,0.5,13,0.27375072974013165,0.024691358024691357,0.5828658847526772,5.210883855819702
Facebook,10,117,567,0.55,0.5,14,0.2666210486911761,0.023809523809523808,0.6652218255991841,4.996025323867798
Facebook,10,117,567,0.55,0.5,15,0.2695742812636882,0.025396825396825397,0.5354411014788373,5.313002109527588
Facebook,10,117,567,0.55,0.5,16,0.2800734993614773,0.02142857142857143,0.6336053034166241,4.993706464767456
Facebook,10,117,567,0.55,0.5,17,0.25814166520775866,0.023076923076923078,0.6420193778684344,5.1981401443481445
Facebook,10,117,567,0.55,0.5,18,0.25916618378509154,0.027777777777777776,0.6440591534931157,5.014942169189453
Facebook,10,117,567,0.55,0.5,19,0.26987798498801563,0.01935483870967742,0.6121876593574707,5.2812840938568115
Facebook,10,117,567,0.55,0.5,20,0.2576275099447187,0.017142857142857144,0.5940846506884243,5.000413417816162
Facebook,10,117,567,0.55,0.5,21,0.21766774154213678,0.01904761904761905,0.5639979602243753,5.221843242645264
Facebook,10,117,567,0.55,0.5,22,0.2775447032071216,0.01904761904761905,0.5535441101478837,4.984737873077393
Facebook,10,117,567,0.55,0.5,23,0.27549881847238383,0.022222222222222223,0.5657827638959715,4.972492456436157
Facebook,10,117,567,0.55,0.5,24,0.27023751651984135,0.019753086419753086,0.5109637939826619,5.21185827255249
Facebook,10,117,567,0.55,0.5,25,0.27284199603124254,0.020689655172413793,0.5749617542070372,5.039024591445923
Facebook,10,117,619,0.6,0.5,1,0.2674509138791783,0.022222222222222223,0.7113717491075982,5.212646961212158
Facebook,10,117,619,0.6,0.5,2,0.2755608789716411,0.01904761904761905,0.5734319224885263,5.012159109115601
Facebook,10,117,619,0.6,0.5,3,0.2709464939756959,0.02666666666666667,0.6960734319224885,5.199008226394653
Facebook,10,117,619,0.6,0.5,4,0.2896057688448874,0.022916666666666665,0.7837837837837838,4.988900184631348
Facebook,10,117,619,0.6,0.5,5,0.2755959163387892,0.02528735632183908,0.6616522182559919,5.211582660675049
Facebook,10,117,619,0.6,0.5,6,0.26985237739219875,0.01818181818181818,0.6542580316165222,5.0372583866119385
Facebook,10,117,619,0.6,0.5,7,0.2881512401194733,0.021505376344086023,0.6891891891891891,5.207537889480591
Facebook,10,117,619,0.6,0.5,8,0.27186501045336636,0.020512820512820513,0.5030596634370219,5.006753444671631
Facebook,10,117,619,0.6,0.5,9,0.24263487024620461,0.01904761904761905,0.5410504844467109,5.222495079040527
Facebook,10,117,619,0.6,0.5,10,0.27455350228875675,0.016666666666666666,0.4551249362570117,5.010265827178955
Facebook,10,117,619,0.6,0.5,11,0.25385332150237616,0.02142857142857143,0.617542070372259,5.200040817260742
Facebook,10,117,619,0.6,0.5,12,0.2664756493881543,0.020202020202020204,0.6909739928607853,5.037192106246948
Facebook,10,117,619,0.6,0.5,13,0.2691371600907472,0.028985507246376812,0.6409994900560938,5.2526631355285645
Facebook,10,117,619,0.6,0.5,14,0.26965154862553486,0.01818181818181818,0.6611422743498215,5.028168201446533
Facebook,10,117,619,0.6,0.5,15,0.2771747499298797,0.01935483870967742,0.5481896991330953,5.322646141052246
Facebook,10,117,619,0.6,0.5,16,0.24649420628946145,0.022222222222222223,0.5928097909229985,5.0619261264801025
Facebook,10,117,619,0.6,0.5,17,0.2506795646726433,0.01839080459770115,0.5662927078021418,5.252413511276245
Facebook,10,117,619,0.6,0.5,18,0.2752798390053532,0.021333333333333333,0.5910249872514024,5.042880058288574
Facebook,10,117,619,0.6,0.5,19,0.27667318184790113,0.020689655172413793,0.6320754716981132,5.235571384429932
Facebook,10,117,619,0.6,0.5,20,0.26165888469486026,0.025,0.617542070372259,5.043752431869507
Facebook,10,117,619,0.6,0.5,21,0.2690180024729232,0.023076923076923078,0.6593574706782254,5.251287937164307
Facebook,10,117,619,0.6,0.5,22,0.28396404352022575,0.02095238095238095,0.755481896991331,5.048407554626465
Facebook,10,117,619,0.6,0.5,23,0.26830178653779957,0.025,0.8505864354920959,5.263605833053589
Facebook,10,117,619,0.6,0.5,24,0.2718828058398278,0.016666666666666666,0.5772565017848037,5.0566747188568115
Facebook,10,117,619,0.6,0.5,25,0.24753489834635242,0.020833333333333332,0.696838347781744,5.242833852767944
Facebook,10,117,670,0.65,0.5,1,0.27275426711863054,0.019753086419753086,0.5622131565527791,5.0566864013671875
Facebook,10,117,670,0.65,0.5,2,0.29729745111560346,0.01875,0.6662417134115247,5.417169094085693
Facebook,10,117,670,0.65,0.5,3,0.25883675120174054,0.027777777777777776,0.6851096379398266,5.020190477371216
Facebook,10,117,670,0.65,0.5,4,0.23334206619576922,0.028985507246376812,0.6657317695053544,5.233886957168579
Facebook,10,117,670,0.65,0.5,5,0.265974603217494,0.027777777777777776,0.6769505354411015,5.048888206481934
Facebook,10,117,670,0.65,0.5,6,0.2731265982880968,0.017204301075268817,0.5466598674145844,5.375572919845581
Facebook,10,117,670,0.65,0.5,7,0.2686376262111481,0.020689655172413793,0.5979092299847016,5.036982536315918
Facebook,10,117,670,0.65,0.5,8,0.26675635754826377,0.02727272727272727,0.6172870984191738,5.343662738800049
Facebook,10,117,670,0.65,0.5,9,0.2548208258690205,0.017204301075268817,0.6320754716981132,5.033715009689331
Facebook,10,117,670,0.65,0.5,10,0.27399523627883926,0.02318840579710145,0.5902600713921469,5.036884784698486
Facebook,10,117,670,0.65,0.5,11,0.2564234261323333,0.020512820512820513,0.5183579806221316,5.337442874908447
Facebook,10,117,670,0.65,0.5,12,0.280333453260262,0.021333333333333333,0.547679755226925,5.063085556030273
Facebook,10,117,670,0.65,0.5,13,0.26889258914148434,0.01728395061728395,0.5155532891381948,5.339694499969482
Facebook,10,117,670,0.65,0.5,14,0.282374771607377,0.020689655172413793,0.6104028556858746,5.020236492156982
Facebook,10,117,670,0.65,0.5,15,0.27849801329354557,0.019753086419753086,0.5614482406935237,5.384318828582764
Facebook,10,117,670,0.65,0.5,16,0.2822162986576789,0.022222222222222223,0.5655277919428863,5.082094192504883
Facebook,10,117,670,0.65,0.5,17,0.2540279245197137,0.020833333333333332,0.6167771545130035,5.382575273513794
Facebook,10,117,670,0.65,0.5,18,0.2826823892297725,0.014035087719298246,0.49133095359510454,5.0556488037109375
Facebook,10,117,670,0.65,0.5,19,0.27047892663773093,0.01568627450980392,0.5502294747577766,5.362377882003784
Facebook,10,117,670,0.65,0.5,20,0.28658861394623364,0.01764705882352941,0.5430902600713922,5.106676816940308
Facebook,10,117,670,0.65,0.5,21,0.2798983220165092,0.02666666666666667,0.6109127995920449,5.357839107513428
Facebook,10,117,670,0.65,0.5,22,0.2646863238386947,0.01904761904761905,0.5537990821009688,5.043372392654419
Facebook,10,117,670,0.65,0.5,23,0.27029105823818106,0.024242424242424242,0.5701172870984191,5.362407207489014
Facebook,10,117,670,0.65,0.5,24,0.24365918378328025,0.01904761904761905,0.5229474757776644,5.10218358039856
Facebook,10,117,670,0.65,0.5,25,0.28885221513440373,0.020689655172413793,0.5081591024987251,5.346407413482666
Facebook,10,117,722,0.7,0.5,1,0.2677132790730036,0.017543859649122806,0.6973482916879143,5.088460445404053
Facebook,10,117,722,0.7,0.5,2,0.2711927267025629,0.01764705882352941,0.5670576236613972,5.300135612487793
Facebook,10,117,722,0.7,0.5,3,0.30160381956765986,0.016666666666666666,0.581081081081081,5.160273790359497
Facebook,10,117,722,0.7,0.5,4,0.2692632104179486,0.01764705882352941,0.6228964813870475,5.252864122390747
Facebook,10,117,722,0.7,0.5,5,0.2541381728450243,0.017777777777777778,0.6142274349821519,5.099182605743408
Facebook,10,117,722,0.7,0.5,6,0.2788680612934232,0.030555555555555555,0.825344212136665,5.240048885345459
Facebook,10,117,722,0.7,0.5,7,0.2842965453848015,0.01568627450980392,0.5560938296787353,5.074578285217285
Facebook,10,117,722,0.7,0.5,8,0.28344018778262897,0.02142857142857143,0.5596634370219276,5.219780683517456
Facebook,10,117,722,0.7,0.5,9,0.2509605437716581,0.025396825396825397,0.5647628760836308,5.042049884796143
Facebook,10,117,722,0.7,0.5,10,0.26927974233365953,0.022222222222222223,0.5028046914839368,5.304661273956299
Facebook,10,117,722,0.7,0.5,11,0.26079082279487925,0.022222222222222223,0.6534931157572667,5.062855005264282
Facebook,10,117,722,0.7,0.5,12,0.266529438982622,0.01839080459770115,0.5617032126466088,5.298779487609863
Facebook,10,117,722,0.7,0.5,13,0.28696859042345085,0.02727272727272727,0.6466088730239674,5.066463947296143
Facebook,10,117,722,0.7,0.5,14,0.23343267259759032,0.021333333333333333,0.5165731769505354,5.377177476882935
Facebook,10,117,722,0.7,0.5,15,0.2773046168887719,0.016666666666666666,0.7060173380928098,5.052949905395508
Facebook,10,117,722,0.7,0.5,16,0.2773629425935315,0.021505376344086023,0.6876593574706782,5.3228631019592285
Facebook,10,117,722,0.7,0.5,17,0.2566441994497522,0.02962962962962963,0.8036715961244263,5.101362943649292
Facebook,10,117,722,0.7,0.5,18,0.2716232280495089,0.022222222222222223,0.5719020907700153,5.36487078666687
Facebook,10,117,722,0.7,0.5,19,0.27262921943464435,0.028985507246376812,0.661907190209077,5.092594146728516
Facebook,10,117,722,0.7,0.5,20,0.27552302198153245,0.02619047619047619,0.6542580316165222,5.346550226211548
Facebook,10,117,722,0.7,0.5,21,0.27783518684650615,0.02564102564102564,0.6323304436511984,5.076218366622925
Facebook,10,117,722,0.7,0.5,22,0.23417952313039153,0.022222222222222223,0.5821009688934218,5.061350584030151
Facebook,10,117,722,0.7,0.5,23,0.260562429856224,0.020689655172413793,0.6542580316165222,5.314218521118164
Facebook,10,117,722,0.7,0.5,24,0.24725367826373185,0.020689655172413793,0.6591024987251403,5.108872890472412
Facebook,10,117,722,0.7,0.5,25,0.23912316573254327,0.030303030303030304,0.6310555838857725,5.295851707458496
Facebook,10,117,773,0.75,0.5,1,0.26581796096073135,0.02727272727272727,0.5502294747577766,5.15094256401062
Facebook,10,117,773,0.75,0.5,2,0.2812275153180559,0.023076923076923078,0.5609382967873534,5.29941725730896
Facebook,10,117,773,0.75,0.5,3,0.2380215569386925,0.01839080459770115,0.5313615502294747,5.08198094367981
Facebook,10,117,773,0.75,0.5,4,0.2535453917201258,0.01904761904761905,0.708057113717491,5.314360857009888
Facebook,10,117,773,0.75,0.5,5,0.2769908324514082,0.025,0.644569097399286,5.098094701766968
Facebook,10,117,773,0.75,0.5,6,0.23583100858840692,0.025,0.6881693013768485,5.310445070266724
Facebook,10,117,773,0.75,0.5,7,0.2734457609004109,0.022222222222222223,0.6698113207547169,5.079061031341553
Facebook,10,117,773,0.75,0.5,8,0.2688642438723572,0.016666666666666666,0.5328913819479857,5.3085222244262695
Facebook,10,117,773,0.75,0.5,9,0.2785879698251477,0.017777777777777778,0.5961244263131056,5.097236633300781
Facebook,10,117,773,0.75,0.5,10,0.26706189733879687,0.020512820512820513,0.5517593064762876,5.288629770278931
Facebook,10,117,773,0.75,0.5,11,0.25600486907764447,0.02564102564102564,0.6478837327893932,5.050537586212158
Facebook,10,117,773,0.75,0.5,12,0.2539387286911534,0.024691358024691357,0.6606323304436512,5.319928407669067
Facebook,10,117,773,0.75,0.5,13,0.2930179252908539,0.02,0.6851096379398266,5.0527427196502686
Facebook,10,117,773,0.75,0.5,14,0.2782091643741852,0.01935483870967742,0.5782763895971443,5.3232855796813965
Facebook,10,117,773,0.75,0.5,15,0.28088984611132023,0.021505376344086023,0.6922488526262112,5.036990165710449
Facebook,10,117,773,0.75,0.5,16,0.27414668440495743,0.023076923076923078,0.563488016318205,5.2441489696502686
Facebook,10,117,773,0.75,0.5,17,0.23689553415350895,0.02564102564102564,0.6693013768485466,5.023482084274292
Facebook,10,117,773,0.75,0.5,18,0.2795973133126081,0.0196078431372549,0.6779704232534421,5.247457504272461
Facebook,10,117,773,0.75,0.5,19,0.25044519412239513,0.017777777777777778,0.5461499235084141,5.015937089920044
Facebook,10,117,773,0.75,0.5,20,0.27872062402211195,0.02564102564102564,0.6932687404385518,5.22961950302124
Facebook,10,117,773,0.75,0.5,21,0.2482366149177937,0.016091954022988506,0.49133095359510454,5.034043550491333
Facebook,10,117,773,0.75,0.5,22,0.2565450418198651,0.022222222222222223,0.6139724630290668,5.247564792633057
Facebook,10,117,773,0.75,0.5,23,0.24281336458714808,0.02,0.6012238653748088,5.023751497268677
Facebook,10,117,773,0.75,0.5,24,0.2837281383041185,0.024691358024691357,0.6180520142784294,5.262080907821655
Facebook,10,117,773,0.75,0.5,25,0.24837251260538135,0.02,0.5724120346761856,5.047566175460815
Facebook,10,117,825,0.8,0.5,1,0.22056665352698898,0.01839080459770115,0.5568587455379909,5.270935535430908
Facebook,10,117,825,0.8,0.5,2,0.27751065197903424,0.018018018018018018,0.6277409484956655,5.034525632858276
Facebook,10,117,825,0.8,0.5,3,0.2680438956713947,0.01904761904761905,0.6621621621621622,5.300258636474609
Facebook,10,117,825,0.8,0.5,4,0.2750275337851713,0.017204301075268817,0.5741968383477818,5.028689384460449
Facebook,10,117,825,0.8,0.5,5,0.2732725973831832,0.02142857142857143,0.5734319224885263,5.270752668380737
Facebook,10,117,825,0.8,0.5,6,0.258336076766424,0.02142857142857143,0.5752167261601224,5.016932249069214
Facebook,10,117,825,0.8,0.5,7,0.2909057180798376,0.028205128205128206,0.7093319734829169,5.303761720657349
Facebook,10,117,825,0.8,0.5,8,0.280778378598069,0.030555555555555555,0.6963284038755737,5.032747983932495
Facebook,10,117,825,0.8,0.5,9,0.27309574096080586,0.020289855072463767,0.49847016828148905,5.084998846054077
Facebook,10,117,825,0.8,0.5,10,0.2598205795274977,0.022222222222222223,0.6879143294237634,5.367664813995361
Facebook,10,117,825,0.8,0.5,11,0.2522201143716123,0.022222222222222223,0.596889342172361,5.0836169719696045
Facebook,10,117,825,0.8,0.5,12,0.27205823954943176,0.017777777777777778,0.5178480367159612,5.299960374832153
Facebook,10,117,825,0.8,0.5,13,0.26454695021181734,0.022222222222222223,0.585670576236614,5.066576719284058
Facebook,10,117,825,0.8,0.5,14,0.26285531327303935,0.025,0.5851606323304437,5.264095067977905
Facebook,10,117,825,0.8,0.5,15,0.2789581828785096,0.015238095238095238,0.5670576236613972,5.133688688278198
Facebook,10,117,825,0.8,0.5,16,0.2697366437140926,0.01904761904761905,0.557113717491076,5.338252305984497
Facebook,10,117,825,0.8,0.5,17,0.26183452102512994,0.022222222222222223,0.5930647628760837,5.146824359893799
Facebook,10,117,825,0.8,0.5,18,0.27499617875253235,0.022988505747126436,0.6616522182559919,5.306394577026367
Facebook,10,117,825,0.8,0.5,19,0.2732158599800775,0.027777777777777776,0.6282508924018358,5.0859739780426025
Facebook,10,117,825,0.8,0.5,20,0.2847020500561962,0.02142857142857143,0.6532381438041815,5.3234899044036865
Facebook,10,117,825,0.8,0.5,21,0.2757647876838209,0.025,0.5586435492095869,5.072213172912598
Facebook,10,117,825,0.8,0.5,22,0.2796155879144618,0.022988505747126436,0.7503824579296278,5.294569253921509
Facebook,10,117,825,0.8,0.5,23,0.25457671785003716,0.017777777777777778,0.5652728199898012,5.040040969848633
Facebook,10,117,825,0.8,0.5,24,0.27344812185723516,0.027777777777777776,0.7516573176950535,5.267983675003052
Facebook,10,117,825,0.8,0.5,25,0.2800941541642408,0.02608695652173913,0.5767465578786334,5.011241912841797
Facebook,10,117,876,0.85,0.5,1,0.21554840259857483,0.02564102564102564,0.6823049464558899,5.2815892696380615
Facebook,10,117,876,0.85,0.5,2,0.2582624767567132,0.02,0.5504844467108618,5.016223907470703
Facebook,10,117,876,0.85,0.5,3,0.23352352051423272,0.01764705882352941,0.5759816420193778,5.280369997024536
Facebook,10,117,876,0.85,0.5,4,0.27464773173558715,0.022222222222222223,0.5729219785823559,5.0252485275268555
Facebook,10,117,876,0.85,0.5,5,0.25895951072365825,0.01568627450980392,0.5532891381947985,5.22153377532959
Facebook,10,117,876,0.85,0.5,6,0.2715327273685204,0.015555555555555555,0.5084140744518103,5.032493591308594
Facebook,10,117,876,0.85,0.5,7,0.27188222394861905,0.019753086419753086,0.5295767465578787,5.217273235321045
Facebook,10,117,876,0.85,0.5,8,0.2751271334213388,0.02142857142857143,0.6216216216216216,5.037731170654297
Facebook,10,117,876,0.85,0.5,9,0.2613189643896352,0.017948717948717947,0.4752677205507394,5.24439001083374
Facebook,10,117,876,0.85,0.5,10,0.2748466033304279,0.020689655172413793,0.5966343702192759,5.0391340255737305
Facebook,10,117,876,0.85,0.5,11,0.2543337426841345,0.020689655172413793,0.5826109127995921,5.27490758895874
Facebook,10,117,876,0.85,0.5,12,0.26178643538794305,0.01568627450980392,0.5331463539010709,5.150980234146118
Facebook,10,117,876,0.85,0.5,13,0.27959900474030747,0.01616161616161616,0.542835288118307,5.339356184005737
Facebook,10,117,876,0.85,0.5,14,0.25353905241568614,0.01764705882352941,0.5708822029576747,5.064839839935303
Facebook,10,117,876,0.85,0.5,15,0.26939723392687953,0.023076923076923078,0.5805711371749107,5.290318965911865
Facebook,10,117,876,0.85,0.5,16,0.2778675417700739,0.01764705882352941,0.5731769505354412,5.123295068740845
Facebook,10,117,876,0.85,0.5,17,0.288219470608657,0.022222222222222223,0.6777154513003569,5.36431360244751
Facebook,10,117,876,0.85,0.5,18,0.2664474748509173,0.01839080459770115,0.5456399796022438,5.100979328155518
Facebook,10,117,876,0.85,0.5,19,0.2718353374376124,0.020512820512820513,0.5196328403875574,5.345530033111572
Facebook,10,117,876,0.85,0.5,20,0.2697856796045527,0.024,0.6236613972463029,5.115199327468872
Facebook,10,117,876,0.85,0.5,21,0.2542606985275713,0.023076923076923078,0.6364099949005609,5.059853553771973
Facebook,10,117,876,0.85,0.5,22,0.26652589135043114,0.023076923076923078,0.6149923508414075,5.274180173873901
Facebook,10,117,876,0.85,0.5,23,0.2743265262348258,0.02,0.5754716981132075,5.029557228088379
Facebook,10,117,876,0.85,0.5,24,0.2850540790383889,0.02564102564102564,0.6139724630290668,5.243607997894287
Facebook,10,117,876,0.85,0.5,25,0.27563078440599686,0.02,0.6086180520142784,5.045897483825684
Facebook,10,117,928,0.9,0.5,1,0.2654855457108532,0.01818181818181818,0.5706272310045895,5.258887767791748
Facebook,10,117,928,0.9,0.5,2,0.2817438523641664,0.022916666666666665,0.704742478327384,5.038864612579346
Facebook,10,117,928,0.9,0.5,3,0.27836118367021695,0.020689655172413793,0.6017338092809791,5.231823205947876
Facebook,10,117,928,0.9,0.5,4,0.28527128814548836,0.025,0.549209586945436,5.026360988616943
Facebook,10,117,928,0.9,0.5,5,0.2707906592782737,0.017777777777777778,0.587200407955125,5.22102689743042
Facebook,10,117,928,0.9,0.5,6,0.24474943542471694,0.01875,0.6529831718510963,5.0791015625
Facebook,10,117,928,0.9,0.5,7,0.26423470353816425,0.027160493827160494,0.7401835798062213,5.284698486328125
Facebook,10,117,928,0.9,0.5,8,0.2679911355305928,0.01568627450980392,0.533401325854156,5.098637342453003
Facebook,10,117,928,0.9,0.5,9,0.2708774314446438,0.023809523809523808,0.6381947985721571,5.3544533252716064
Facebook,10,117,928,0.9,0.5,10,0.2759619680352692,0.019444444444444445,0.5214176440591535,5.0523364543914795
Facebook,10,117,928,0.9,0.5,11,0.274468314455558,0.020512820512820513,0.5550739418663947,5.260741233825684
Facebook,10,117,928,0.9,0.5,12,0.27123963367617643,0.01839080459770115,0.5504844467108618,5.12308144569397
Facebook,10,117,928,0.9,0.5,13,0.2656147599684544,0.027777777777777776,0.6766955634880163,5.3578267097473145
Facebook,10,117,928,0.9,0.5,14,0.23766705805429747,0.027777777777777776,0.6221315655277919,5.123189449310303
Facebook,10,117,928,0.9,0.5,15,0.2636178095961868,0.021505376344086023,0.6884242733299337,5.327525615692139
Facebook,10,117,928,0.9,0.5,16,0.2807356251991956,0.025,0.6195818459969403,5.097988128662109
Facebook,10,117,928,0.9,0.5,17,0.28358372438851265,0.016091954022988506,0.520652728199898,5.251209497451782
Facebook,10,117,928,0.9,0.5,18,0.2695280015752466,0.024,0.5280469148393677,5.030835390090942
Facebook,10,117,928,0.9,0.5,19,0.272292081645868,0.022222222222222223,0.7728199898011219,5.240283966064453
Facebook,10,117,928,0.9,0.5,20,0.2633347802831173,0.020512820512820513,0.5382457929627741,5.029308557510376
Facebook,10,117,928,0.9,0.5,21,0.25607256934428785,0.024691358024691357,0.6300356960734319,5.237217426300049
Facebook,10,117,928,0.9,0.5,22,0.26038849152917243,0.027777777777777776,0.666751657317695,5.035304546356201
Facebook,10,117,928,0.9,0.5,23,0.29034857744641496,0.022222222222222223,0.6601223865374809,5.21219277381897
Facebook,10,117,928,0.9,0.5,24,0.2678203712151096,0.015238095238095238,0.541305456399796,5.052128791809082
Facebook,10,117,928,0.9,0.5,25,0.26143322287287973,0.023076923076923078,0.579296277409485,5.3884642124176025
Facebook,10,117,979,0.95,0.5,1,0.2840092029936824,0.01839080459770115,0.5507394186639469,5.077414512634277
Facebook,10,117,979,0.95,0.5,2,0.2668448912915291,0.02142857142857143,0.6305456399796022,5.274116039276123
Facebook,10,117,979,0.95,0.5,3,0.262120247006459,0.022222222222222223,0.5560938296787353,5.059075117111206
Facebook,10,117,979,0.95,0.5,4,0.2671234682642233,0.02727272727272727,0.5367159612442631,5.393248796463013
Facebook,10,117,979,0.95,0.5,5,0.2574347616646004,0.01981981981981982,0.6677715451300357,5.1473376750946045
Facebook,10,117,979,0.95,0.5,6,0.27548669202754944,0.02142857142857143,0.5734319224885263,5.335404396057129
Facebook,10,117,979,0.95,0.5,7,0.26709473242175963,0.024,0.6081081081081081,5.129530906677246
Facebook,10,117,979,0.95,0.5,8,0.26897057133114677,0.020689655172413793,0.6468638449770525,5.135138511657715
Facebook,10,117,979,0.95,0.5,9,0.288106055099857,0.015238095238095238,0.6223865374808771,5.300390958786011
Facebook,10,117,979,0.95,0.5,10,0.26856695933680585,0.01616161616161616,0.5351861295257522,5.032592058181763
Facebook,10,117,979,0.95,0.5,11,0.24918062846782274,0.023076923076923078,0.6142274349821519,5.261943817138672
Facebook,10,117,979,0.95,0.5,12,0.2693892412166469,0.027777777777777776,0.6896991330953595,5.011395454406738
Facebook,10,117,979,0.95,0.5,13,0.27730140455203045,0.02666666666666667,0.7146863844977053,5.23213267326355
Facebook,10,117,979,0.95,0.5,14,0.26836543054048545,0.01818181818181818,0.5135135135135135,5.041374683380127
Facebook,10,117,979,0.95,0.5,15,0.2621829354391034,0.022222222222222223,0.6629270780214176,5.235978126525879
Facebook,10,117,979,0.95,0.5,16,0.2709651839917763,0.02142857142857143,0.6098929117797043,5.056439638137817
Facebook,10,117,979,0.95,0.5,17,0.2774199453786367,0.024691358024691357,0.6853646098929118,5.255946636199951
Facebook,10,117,979,0.95,0.5,18,0.2647131615714651,0.02,0.588985211626721,5.089377403259277
Facebook,10,117,979,0.95,0.5,19,0.24625533133854058,0.022988505747126436,0.6891891891891891,5.316342115402222
Facebook,10,117,979,0.95,0.5,20,0.2830393793928971,0.01818181818181818,0.5782763895971443,5.052379131317139
Facebook,10,117,979,0.95,0.5,21,0.26714382622356564,0.024691358024691357,0.668281489036206,5.311499357223511
Facebook,10,117,979,0.95,0.5,22,0.2564598777373915,0.022222222222222223,0.5152983171851097,5.133551597595215
Facebook,10,117,979,0.95,0.5,23,0.2684187331328715,0.02619047619047619,0.6830698623151453,5.3315441608428955
Facebook,10,117,979,0.95,0.5,24,0.2603417285241971,0.020202020202020204,0.696838347781744,5.069997787475586
Facebook,10,117,979,0.95,0.5,25,0.2649838642963592,0.023076923076923078,0.5673125956144824,5.313807964324951
Facebook,10,117,1031,1,0.5,1,0.25594733539613806,0.023076923076923078,0.6241713411524732,5.056194067001343
Facebook,10,117,1031,1,0.5,2,0.2721486329578044,0.01818181818181818,0.5466598674145844,5.2628138065338135
Facebook,10,117,1031,1,0.5,3,0.2556046972371206,0.02608695652173913,0.6012238653748088,5.0513999462127686
Facebook,10,117,1031,1,0.5,4,0.2593326039184086,0.01728395061728395,0.5275369709331974,5.248568773269653
Facebook,10,117,1031,1,0.5,5,0.26784597925968606,0.021568627450980392,0.708057113717491,5.036862134933472
Facebook,10,117,1031,1,0.5,6,0.24740493092289184,0.01935483870967742,0.628505864354921,5.253359794616699
Facebook,10,117,1031,1,0.5,7,0.28370456053817233,0.015053763440860216,0.5280469148393677,5.04359245300293
Facebook,10,117,1031,1,0.5,8,0.24059816358919206,0.017142857142857144,0.5604283528811831,5.358259677886963
Facebook,10,117,1031,1,0.5,9,0.27212765088436924,0.022222222222222223,0.6305456399796022,5.0716822147369385
Facebook,10,117,1031,1,0.5,10,0.27253791992621945,0.022222222222222223,0.64278429372769,5.318785905838013
Facebook,10,117,1031,1,0.5,11,0.27406217599806854,0.02142857142857143,0.5785313615502294,5.1521501541137695
Facebook,10,117,1031,1,0.5,12,0.2854792380194086,0.01935483870967742,0.6550229474757777,5.438314437866211
Facebook,10,117,1031,1,0.5,13,0.2684547793693441,0.017777777777777778,0.5183579806221316,5.11719012260437
Facebook,10,117,1031,1,0.5,14,0.267887391036116,0.02564102564102564,0.6657317695053544,5.290097951889038
Facebook,10,117,1031,1,0.5,15,0.25814546592124893,0.01904761904761905,0.5509943906170321,5.0532591342926025
Facebook,10,117,1031,1,0.5,16,0.2646692672599299,0.02564102564102564,0.7281998980112188,5.311774969100952
Facebook,10,117,1031,1,0.5,17,0.28934819003619594,0.022222222222222223,0.6330953595104538,5.058741331100464
Facebook,10,117,1031,1,0.5,18,0.2670729245404947,0.020512820512820513,0.5382457929627741,5.258630037307739
Facebook,10,117,1031,1,0.5,19,0.24221992694703506,0.024691358024691357,0.7088220295767466,5.06620454788208
Facebook,10,117,1031,1,0.5,20,0.24258096376187435,0.02318840579710145,0.5466598674145844,5.043756484985352
Facebook,10,117,1031,1,0.5,21,0.2527032310795,0.016216216216216217,0.569862315145334,5.266838788986206
Facebook,10,117,1031,1,0.5,22,0.257176645939445,0.017204301075268817,0.5385007649158593,5.123800754547119
Facebook,10,117,1031,1,0.5,23,0.2772418206568207,0.02142857142857143,0.6458439571647119,5.344682455062866
Facebook,10,117,1031,1,0.5,24,0.2747040762812529,0.015602836879432624,0.7394186639469659,5.074142694473267
Facebook,10,117,1031,1,0.5,25,0.26966727939104235,0.017777777777777778,0.536460989291178,5.349073171615601
Facebook,11,535,0,0,,0,0.8011558680135168,0.0005637773079633545,0.2833904109589041,
Facebook,11,535,0,0,,0,0.754818798031064,0.00027662517289073305,0.007990867579908675,
Facebook,11,535,0,0,,0,0.7694037293641975,0.0008149959250203749,0.1481164383561644,
Facebook,11,535,0,0,,0,0.7319067797176321,0.0005865102639296188,0.0502283105022831,
Facebook,11,535,0,0,,0,0.7632009191916742,0.0004166666666666667,0.18692922374429224,
Facebook,11,535,0,0,,0,0.733099471877792,0.00047393364928909954,0.1475456621004566,
Facebook,11,535,0,0,,0,0.8352428891951816,0.0007680491551459293,0.2948059360730594,
Facebook,11,535,0,0,,0,0.734741525877233,0.0005025125628140704,0.18864155251141554,
Facebook,11,535,0,0,,0,0.709614956850111,0.0007220216606498195,0.1769406392694064,
Facebook,11,535,0,0,,0,0.7572083609891107,0.0004219409282700422,0.10245433789954338,
Facebook,11,535,0,0,,0,0.657549428952531,0.00048426150121065375,0.09988584474885845,
Facebook,11,535,0,0,,0,0.7421438942531441,0.0005614035087719298,0.228310502283105,
Facebook,11,535,0,0,,0,0.7352740492316145,0.0002861230329041488,0.03795662100456621,
Facebook,11,535,0,0,,0,0.7293045234710348,0.0006734006734006734,0.05507990867579909,
Facebook,11,535,0,0,,0,0.8004225410727451,0.0005270092226613965,0.047659817351598174,
Facebook,11,535,0,0,,0,0.7153797561125561,0.0004608294930875576,0.108162100456621,
Facebook,11,535,0,0,,0,0.834132083218005,0.0006289308176100629,0.1464041095890411,
Facebook,11,535,0,0,,0,0.8029230896689822,0.0005544005544005544,0.18521689497716895,
Facebook,11,535,0,0,,0,0.7227301791488279,0.00028129395218002813,0.09531963470319635,
Facebook,11,535,0,0,,0,0.7431254963025613,0.00045662100456621003,0.1797945205479452,
Facebook,11,535,0,0,,0,0.7706608825605127,0.0004424778761061947,0.05565068493150685,
Facebook,11,535,0,0,,0,0.7666857015476525,0.00031746031746031746,0.0319634703196347,
Facebook,11,535,0,0,,0,0.7603260313955006,0.00013227513227513228,0.005136986301369863,
Facebook,11,535,0,0,,0,0.7864391294267473,0.0006747638326585695,0.2862442922374429,
Facebook,11,535,0,0,,0,0.6808172487169776,0.0014035087719298245,0.2628424657534247,
Facebook,11,535,87,0.01,0.5,1,0.24834963357184447,0.004399323181049069,0.817351598173516,4.955461263656616
Facebook,11,535,87,0.01,0.5,2,0.27995028106507186,0.0033333333333333335,0.7962328767123288,5.144904613494873
Facebook,11,535,87,0.01,0.5,3,0.24955238608630476,0.002168021680216802,0.5085616438356164,4.9564125537872314
Facebook,11,535,87,0.01,0.5,4,0.2812831746483647,0.0024875621890547263,0.6292808219178082,5.195997476577759
Facebook,11,535,87,0.01,0.5,5,0.2758869278188972,0.0033333333333333335,0.7094748858447488,4.978992223739624
Facebook,11,535,87,0.01,0.5,6,0.2533370983054057,0.0039447731755424065,0.653824200913242,5.306954860687256
Facebook,11,535,87,0.01,0.5,7,0.27601922318626954,0.0027434842249657062,0.5904680365296804,5.047359466552734
Facebook,11,535,87,0.01,0.5,8,0.24980449070226185,0.0030165912518853697,0.6501141552511416,5.2217700481414795
Facebook,11,535,87,0.01,0.5,9,0.25918503049909786,0.0031446540880503146,0.6386986301369864,4.942937135696411
Facebook,11,535,87,0.01,0.5,10,0.23309216615183306,0.0034904013961605585,0.673230593607306,5.187736511230469
Facebook,11,535,87,0.01,0.5,11,0.26154410319517796,0.0030555555555555557,0.7360159817351598,4.977849006652832
Facebook,11,535,87,0.01,0.5,12,0.26905476584451554,0.0034428794992175274,0.6940639269406392,5.181354284286499
Facebook,11,535,87,0.01,0.5,13,0.270907329033046,0.0029333333333333334,0.6812214611872146,4.945675611495972
Facebook,11,535,87,0.01,0.5,14,0.2676404939251086,0.0033500837520938024,0.5978881278538812,5.025214672088623
Facebook,11,535,87,0.01,0.5,15,0.2797400385021889,0.002583979328165375,0.5950342465753424,5.189674139022827
Facebook,11,535,87,0.01,0.5,16,0.28842699599581106,0.0024390243902439024,0.6093036529680366,5.032163381576538
Facebook,11,535,87,0.01,0.5,17,0.27468997211382795,0.002553191489361702,0.5436643835616438,5.2424232959747314
Facebook,11,535,87,0.01,0.5,18,0.2584378432066384,0.004140786749482402,0.5947488584474886,4.985788822174072
Facebook,11,535,87,0.01,0.5,19,0.27145424966809445,0.0030303030303030303,0.7134703196347032,5.162794589996338
Facebook,11,535,87,0.01,0.5,20,0.2728770216871783,0.0027434842249657062,0.584189497716895,4.9265851974487305
Facebook,11,535,87,0.01,0.5,21,0.2776957165275683,0.004467353951890034,0.8730022831050228,5.150424957275391
Facebook,11,535,87,0.01,0.5,22,0.2519005887205717,0.0035772357723577236,0.7160388127853882,4.936083555221558
Facebook,11,535,87,0.01,0.5,23,0.2681063571228827,0.0031446540880503146,0.6840753424657534,5.16786527633667
Facebook,11,535,87,0.01,0.5,24,0.2598659953883866,0.003205128205128205,0.6364155251141552,4.9972429275512695
Facebook,11,535,87,0.01,0.5,25,0.2827740965566438,0.0035087719298245615,0.6932077625570776,5.2442591190338135
Facebook,11,535,435,0.05,0.5,1,0.2852518745481849,0.0030942334739803095,0.6386986301369864,5.055991172790527
Facebook,11,535,435,0.05,0.5,2,0.269122949517046,0.0030441400304414,0.5876141552511416,5.2621424198150635
Facebook,11,535,435,0.05,0.5,3,0.2725126666596849,0.002842377260981912,0.6749429223744292,4.992990255355835
Facebook,11,535,435,0.05,0.5,4,0.27217038644092817,0.0032679738562091504,0.634703196347032,5.237163305282593
Facebook,11,535,435,0.05,0.5,5,0.2778053172575052,0.003189792663476874,0.5807648401826484,4.97942852973938
Facebook,11,535,435,0.05,0.5,6,0.22301500243697703,0.0035087719298245615,0.5878995433789954,5.180656671524048
Facebook,11,535,435,0.05,0.5,7,0.25373588961652377,0.003968253968253968,0.6304223744292238,4.985859155654907
Facebook,11,535,435,0.05,0.5,8,0.27430569598335897,0.003202328966521106,0.7303082191780822,5.248196840286255
Facebook,11,535,435,0.05,0.5,9,0.2592101931646213,0.0033500837520938024,0.64925799086758,5.016043186187744
Facebook,11,535,435,0.05,0.5,10,0.2782817547699458,0.0033333333333333335,0.6940639269406392,5.253147125244141
Facebook,11,535,435,0.05,0.5,11,0.26993707187277677,0.003120567375886525,0.6820776255707762,5.0609753131866455
Facebook,11,535,435,0.05,0.5,12,0.2620422940890372,0.00392156862745098,0.8261986301369864,5.27196192741394
Facebook,11,535,435,0.05,0.5,13,0.27364629246048305,0.0030581039755351682,0.5916095890410958,4.990042686462402
Facebook,11,535,435,0.05,0.5,14,0.26764049565523396,0.0036363636363636364,0.807648401826484,5.201979398727417
Facebook,11,535,435,0.05,0.5,15,0.262609421802793,0.003389830508474576,0.7448630136986302,5.045250415802002
Facebook,11,535,435,0.05,0.5,16,0.2532466098529592,0.004347826086956522,0.738013698630137,5.302655935287476
Facebook,11,535,435,0.05,0.5,17,0.2718672795009326,0.0033333333333333335,0.7157534246575342,5.008044242858887
Facebook,11,535,435,0.05,0.5,18,0.25578741429451,0.003236245954692557,0.6855022831050228,5.058959484100342
Facebook,11,535,435,0.05,0.5,19,0.2688782451193713,0.0035555555555555557,0.7890981735159818,5.198904514312744
Facebook,11,535,435,0.05,0.5,20,0.2580490483954479,0.003766478342749529,0.5904680365296804,5.05631685256958
Facebook,11,535,435,0.05,0.5,21,0.2597913184849359,0.004324324324324324,0.7831050228310502,5.266691446304321
Facebook,11,535,435,0.05,0.5,22,0.2577673809598709,0.004119850187265918,0.7360159817351598,4.987817049026489
Facebook,11,535,435,0.05,0.5,23,0.26897338959255146,0.003875968992248062,0.615296803652968,5.192042350769043
Facebook,11,535,435,0.05,0.5,24,0.2788172203082454,0.003157894736842105,0.5416666666666666,4.9721856117248535
Facebook,11,535,435,0.05,0.5,25,0.23020785694748203,0.00321285140562249,0.5176940639269406,5.224581718444824
Facebook,11,535,869,0.1,0.5,1,0.25832388654297234,0.00361247947454844,0.6389840182648402,5.037874937057495
Facebook,11,535,869,0.1,0.5,2,0.26349039911039945,0.004188481675392671,0.7822488584474886,5.266350507736206
Facebook,11,535,869,0.1,0.5,3,0.27104446882642175,0.003303303303303303,0.6986301369863014,5.0533287525177
Facebook,11,535,869,0.1,0.5,4,0.2616252806361529,0.0041025641025641026,0.778824200913242,5.332960605621338
Facebook,11,535,869,0.1,0.5,5,0.25714162425600545,0.00299625468164794,0.781107305936073,5.100308656692505
Facebook,11,535,869,0.1,0.5,6,0.2697787145369179,0.0036850921273031824,0.6943493150684932,5.299797773361206
Facebook,11,535,869,0.1,0.5,7,0.28523846788179913,0.003827751196172249,0.6937785388127854,5.013227224349976
Facebook,11,535,869,0.1,0.5,8,0.2574498677595072,0.004705882352941176,0.7434360730593608,5.251888751983643
Facebook,11,535,869,0.1,0.5,9,0.26269588162027957,0.003404255319148936,0.730593607305936,5.018763780593872
Facebook,11,535,869,0.1,0.5,10,0.2230093285284489,0.004545454545454545,0.7651255707762558,5.2428202629089355
Facebook,11,535,869,0.1,0.5,11,0.2591925681021928,0.0035256410256410257,0.680079908675799,5.003000736236572
Facebook,11,535,869,0.1,0.5,12,0.26128105913115235,0.003492063492063492,0.7240296803652968,5.335069894790649
Facebook,11,535,869,0.1,0.5,13,0.26341591628826344,0.0035598705501618125,0.6672374429223744,5.043482780456543
Facebook,11,535,869,0.1,0.5,14,0.28640625200061454,0.003975535168195718,0.8613013698630136,5.360816717147827
Facebook,11,535,869,0.1,0.5,15,0.2696529959705958,0.004624277456647399,0.7482876712328768,5.101881504058838
Facebook,11,535,869,0.1,0.5,16,0.2714320595214643,0.0031007751937984496,0.646689497716895,5.287673234939575
Facebook,11,535,869,0.1,0.5,17,0.27864933030758476,0.0029451137884872825,0.6526826484018264,5.009407997131348
Facebook,11,535,869,0.1,0.5,18,0.2804139539883691,0.003686635944700461,0.7617009132420092,5.228844404220581
Facebook,11,535,869,0.1,0.5,19,0.26266306516006976,0.004145077720207254,0.7748287671232876,5.037735223770142
Facebook,11,535,869,0.1,0.5,20,0.279545209593803,0.0034666666666666665,0.834189497716895,5.249290943145752
Facebook,11,535,869,0.1,0.5,21,0.27446576898001424,0.004166666666666667,0.8062214611872146,5.061589241027832
Facebook,11,535,869,0.1,0.5,22,0.26518276059586865,0.0035087719298245615,0.6461187214611872,5.353423833847046
Facebook,11,535,869,0.1,0.5,23,0.26497970152363376,0.003157894736842105,0.548230593607306,5.0870749950408936
Facebook,11,535,869,0.1,0.5,24,0.29682245515426536,0.0030555555555555557,0.6743721461187214,5.075305700302124
Facebook,11,535,869,0.1,0.5,25,0.25698882663442246,0.00583941605839416,0.7656963470319634,5.23098087310791
Facebook,11,535,1304,0.15,0.5,1,0.25021480701027493,0.004498977505112475,0.7023401826484018,5.039107799530029
Facebook,11,535,1304,0.15,0.5,2,0.2692197598945128,0.003985507246376811,0.7034817351598174,5.263849973678589
Facebook,11,535,1304,0.15,0.5,3,0.26248291274983787,0.004583333333333333,0.7942351598173516,5.037320375442505
Facebook,11,535,1304,0.15,0.5,4,0.2303201037574736,0.004575163398692811,0.9192351598173516,5.257439851760864
Facebook,11,535,1304,0.15,0.5,5,0.25722786839147227,0.004761904761904762,0.8016552511415526,5.103064060211182
Facebook,11,535,1304,0.15,0.5,6,0.28616374228631913,0.003363914373088685,0.6218607305936074,5.316406965255737
Facebook,11,535,1304,0.15,0.5,7,0.2630145250113791,0.0035398230088495575,0.7480022831050228,5.156992197036743
Facebook,11,535,1304,0.15,0.5,8,0.24506501525434454,0.0049079754601227,0.8133561643835616,5.363030672073364
Facebook,11,535,1304,0.15,0.5,9,0.27192984823849375,0.004395604395604396,0.7699771689497716,5.134066820144653
Facebook,11,535,1304,0.15,0.5,10,0.277130367688095,0.0030303030303030303,0.728310502283105,5.2789084911346436
Facebook,11,535,1304,0.15,0.5,11,0.262877928120624,0.004007285974499089,0.694634703196347,5.071499824523926
Facebook,11,535,1304,0.15,0.5,12,0.2681940729111968,0.0033333333333333335,0.7674086757990868,5.257337331771851
Facebook,11,535,1304,0.15,0.5,13,0.2637044407047405,0.004878048780487805,0.7585616438356164,5.058594226837158
Facebook,11,535,1304,0.15,0.5,14,0.2810505333979218,0.0035772357723577236,0.6361301369863014,5.239403963088989
Facebook,11,535,1304,0.15,0.5,15,0.255250857434076,0.004554865424430642,0.7340182648401826,5.170274972915649
Facebook,11,535,1304,0.15,0.5,16,0.25896738786341167,0.0035772357723577236,0.6934931506849316,5.351239204406738
Facebook,11,535,1304,0.15,0.5,17,0.23984540945361693,0.0050387596899224806,0.8261986301369864,5.146095514297485
Facebook,11,535,1304,0.15,0.5,18,0.2652234934908974,0.004395604395604396,0.7437214611872146,5.3335747718811035
Facebook,11,535,1304,0.15,0.5,19,0.25730120698800385,0.0042780748663101605,0.7579908675799086,5.071453094482422
Facebook,11,535,1304,0.15,0.5,20,0.2566553428103281,0.0034934497816593887,0.7922374429223744,5.079698085784912
Facebook,11,535,1304,0.15,0.5,21,0.25747154628380725,0.005220883534136547,0.8670091324200914,5.27686071395874
Facebook,11,535,1304,0.15,0.5,22,0.2776220252671686,0.003683241252302026,0.5967465753424658,5.060910940170288
Facebook,11,535,1304,0.15,0.5,23,0.27081933119217677,0.004735883424408015,0.8276255707762558,5.238569736480713
Facebook,11,535,1304,0.15,0.5,24,0.2245479565882394,0.004612159329140462,0.682648401826484,5.1628029346466064
Facebook,11,535,1304,0.15,0.5,25,0.24802787390818531,0.004313725490196078,0.6698059360730594,5.351844549179077
Facebook,11,535,1738,0.2,0.5,1,0.2542312786592615,0.003401360544217687,0.6087328767123288,5.177233457565308
Facebook,11,535,1738,0.2,0.5,2,0.26497483107249153,0.003216374269005848,0.7071917808219178,5.440070390701294
Facebook,11,535,1738,0.2,0.5,3,0.26290874704241507,0.0037195994277539344,0.8324771689497716,5.10535192489624
Facebook,11,535,1738,0.2,0.5,4,0.2279936593731362,0.0061068702290076335,0.8307648401826484,5.375860691070557
Facebook,11,535,1738,0.2,0.5,5,0.26383014826715195,0.0032967032967032967,0.5405251141552512,5.101252555847168
Facebook,11,535,1738,0.2,0.5,6,0.2581335165826565,0.0031339031339031338,0.7411529680365296,5.33024787902832
Facebook,11,535,1738,0.2,0.5,7,0.2766819227373994,0.0033500837520938024,0.5927511415525114,5.116289377212524
Facebook,11,535,1738,0.2,0.5,8,0.2695331887839058,0.0035598705501618125,0.7206050228310502,5.395728588104248
Facebook,11,535,1738,0.2,0.5,9,0.28390294204109817,0.0031446540880503146,0.5710616438356164,5.132870674133301
Facebook,11,535,1738,0.2,0.5,10,0.26567006431786655,0.0038194444444444443,0.6743721461187214,5.37870192527771
Facebook,11,535,1738,0.2,0.5,11,0.25700925725921636,0.003703703703703704,0.7026255707762558,5.227224826812744
Facebook,11,535,1738,0.2,0.5,12,0.24062379744206386,0.004248366013071895,0.8738584474885844,5.433388948440552
Facebook,11,535,1738,0.2,0.5,13,0.2551189448116016,0.0046846846846846845,0.8787100456621004,5.112360000610352
Facebook,11,535,1738,0.2,0.5,14,0.2631053864850986,0.006153846153846154,0.7628424657534246,5.3126466274261475
Facebook,11,535,1738,0.2,0.5,15,0.25847018405017486,0.004007285974499089,0.7254566210045662,5.1195409297943115
Facebook,11,535,1738,0.2,0.5,16,0.219030215191128,0.004912280701754386,0.9320776255707762,5.316895484924316
Facebook,11,535,1738,0.2,0.5,17,0.2803569405933002,0.0049382716049382715,0.7365867579908676,5.070908069610596
Facebook,11,535,1738,0.2,0.5,18,0.26640006084553053,0.004007285974499089,0.6663812785388128,5.389808416366577
Facebook,11,535,1738,0.2,0.5,19,0.23420726664431707,0.00404040404040404,0.6095890410958904,5.124601602554321
Facebook,11,535,1738,0.2,0.5,20,0.2258670401292352,0.004219409282700422,0.653824200913242,5.446920394897461
Facebook,11,535,1738,0.2,0.5,21,0.2815140374529766,0.00425531914893617,0.8096461187214612,5.179224491119385
Facebook,11,535,1738,0.2,0.5,22,0.27167432758730653,0.004007285974499089,0.6698059360730594,5.309298992156982
Facebook,11,535,1738,0.2,0.5,23,0.2608397084319614,0.0048484848484848485,0.8732876712328768,5.1225199699401855
Facebook,11,535,1738,0.2,0.5,24,0.24975742245761437,0.0030581039755351682,0.6258561643835616,5.095530271530151
Facebook,11,535,1738,0.2,0.5,25,0.2570780770833562,0.005095541401273885,0.7682648401826484,5.294106721878052
Facebook,11,535,2173,0.25,0.5,1,0.28408704704173243,0.004301075268817204,0.6772260273972602,5.153073787689209
Facebook,11,535,2173,0.25,0.5,2,0.2800552092581349,0.0035598705501618125,0.6832191780821918,5.450818300247192
Facebook,11,535,2173,0.25,0.5,3,0.22149816702279201,0.00522875816993464,0.7636986301369864,5.190696716308594
Facebook,11,535,2173,0.25,0.5,4,0.24955936406109408,0.003883495145631068,0.7577054794520548,5.4654624462127686
Facebook,11,535,2173,0.25,0.5,5,0.268616043597572,0.004140786749482402,0.5630707762557078,5.467223167419434
Facebook,11,535,2173,0.25,0.5,6,0.23813390320427977,0.0030683403068340305,0.6989155251141552,5.1897008419036865
Facebook,11,535,2173,0.25,0.5,7,0.2745290709213694,0.0044444444444444444,0.6629566210045662,5.150692701339722
Facebook,11,535,2173,0.25,0.5,8,0.25447856648576134,0.0038095238095238095,0.60074200913242,5.367516994476318
Facebook,11,535,2173,0.25,0.5,9,0.2592618177242804,0.005664488017429194,0.8353310502283106,5.364711284637451
Facebook,11,535,2173,0.25,0.5,10,0.26374908427074856,0.004143126177024482,0.7131849315068494,5.148499965667725
Facebook,11,535,2173,0.25,0.5,11,0.27054009232038956,0.0049382716049382715,0.738013698630137,5.179615020751953
Facebook,11,535,2173,0.25,0.5,12,0.2476632207557108,0.004123711340206186,0.7442922374429224,5.460779190063477
Facebook,11,535,2173,0.25,0.5,13,0.2889133996938224,0.0036429872495446266,0.5970319634703196,5.434869766235352
Facebook,11,535,2173,0.25,0.5,14,0.27525740040973573,0.0031746031746031746,0.7026255707762558,5.261323928833008
Facebook,11,535,2173,0.25,0.5,15,0.276901304429516,0.0058956916099773245,0.819920091324201,5.207782506942749
Facebook,11,535,2173,0.25,0.5,16,0.24921134184466362,0.004612159329140462,0.6912100456621004,5.371379852294922
Facebook,11,535,2173,0.25,0.5,17,0.2568299333669233,0.004166666666666667,0.7214611872146118,5.153663635253906
Facebook,11,535,2173,0.25,0.5,18,0.25939640013386467,0.005194805194805195,0.7833904109589042,5.354039430618286
Facebook,11,535,2173,0.25,0.5,19,0.2626277640866425,0.003992015968063872,0.6837899543378996,5.1486899852752686
Facebook,11,535,2173,0.25,0.5,20,0.24576982896257235,0.004554865424430642,0.7585616438356164,5.341638088226318
Facebook,11,535,2173,0.25,0.5,21,0.27563395652166395,0.0038863976083707025,0.8795662100456622,5.156078577041626
Facebook,11,535,2173,0.25,0.5,22,0.22672795158102096,0.0042904290429042905,0.7965182648401826,5.4113171100616455
Facebook,11,535,2173,0.25,0.5,23,0.2500518693891745,0.0052434456928838954,0.9260844748858448,5.2409348487854
Facebook,11,535,2173,0.25,0.5,24,0.2659687275187293,0.005555555555555556,0.814783105022831,5.416960000991821
Facebook,11,535,2173,0.25,0.5,25,0.27096302312583914,0.004498977505112475,0.6555365296803652,5.132761240005493
Facebook,11,535,2607,0.3,0.5,1,0.26939878410416906,0.0036262203626220364,0.8301940639269406,5.410752058029175
Facebook,11,535,2607,0.3,0.5,2,0.2645157099473697,0.004395604395604396,0.7922374429223744,5.200784921646118
Facebook,11,535,2607,0.3,0.5,3,0.2546633340709642,0.005450733752620545,0.8758561643835616,5.4056243896484375
Facebook,11,535,2607,0.3,0.5,4,0.23522670931478773,0.004311774461028192,0.8541666666666666,5.188059329986572
Facebook,11,535,2607,0.3,0.5,5,0.26340642694709054,0.005369127516778523,0.7705479452054794,5.427420139312744
Facebook,11,535,2607,0.3,0.5,6,0.25723427346981603,0.005063291139240506,0.7659817351598174,5.237936496734619
Facebook,11,535,2607,0.3,0.5,7,0.24115287405770683,0.004140786749482402,0.6247146118721462,5.552526473999023
Facebook,11,535,2607,0.3,0.5,8,0.2668950721026987,0.004210526315789474,0.7736872146118722,5.2378621101379395
Facebook,11,535,2607,0.3,0.5,9,0.21510809749530346,0.004140786749482402,0.6264269406392694,5.433432102203369
Facebook,11,535,2607,0.3,0.5,10,0.24394387978270468,0.0032679738562091504,0.6341324200913242,5.194146633148193
Facebook,11,535,2607,0.3,0.5,11,0.28176579281309516,0.004519774011299435,0.6823630136986302,5.392374038696289
Facebook,11,535,2607,0.3,0.5,12,0.2637181429664566,0.003827751196172249,0.7488584474885844,5.205056667327881
Facebook,11,535,2607,0.3,0.5,13,0.278025342384597,0.004612159329140462,0.6255707762557078,5.436025857925415
Facebook,11,535,2607,0.3,0.5,14,0.2822438720032374,0.004819277108433735,0.728595890410959,5.240576982498169
Facebook,11,535,2607,0.3,0.5,15,0.273082129280929,0.0028314028314028314,0.6926369863013698,5.431619167327881
Facebook,11,535,2607,0.3,0.5,16,0.24774405205366634,0.004081632653061225,0.7679794520547946,5.272688150405884
Facebook,11,535,2607,0.3,0.5,17,0.272656102255372,0.003587443946188341,0.7665525114155252,5.51763653755188
Facebook,11,535,2607,0.3,0.5,18,0.26384753843759545,0.005,0.733162100456621,5.199617624282837
Facebook,11,535,2607,0.3,0.5,19,0.26528705159380617,0.0033950617283950617,0.675513698630137,5.3990819454193115
Facebook,11,535,2607,0.3,0.5,20,0.2597728554727117,0.004411764705882353,0.5750570776255708,5.20067286491394
Facebook,11,535,2607,0.3,0.5,21,0.2843138255446628,0.004355108877721943,0.884417808219178,5.426666736602783
Facebook,11,535,2607,0.3,0.5,22,0.2714356964719052,0.006015037593984963,0.7420091324200914,5.165473461151123
Facebook,11,535,2607,0.3,0.5,23,0.25514704677546207,0.004878048780487805,0.7999429223744292,5.526177167892456
Facebook,11,535,2607,0.3,0.5,24,0.27390484170481916,0.0034755134281200632,0.7565639269406392,5.2199156284332275
Facebook,11,535,2607,0.3,0.5,25,0.2586242117728782,0.004419889502762431,0.747716894977169,5.512129306793213
Facebook,11,535,3042,0.35,0.5,1,0.25400544480864673,0.003663003663003663,0.636986301369863,5.267770051956177
Facebook,11,535,3042,0.35,0.5,2,0.2642590667311053,0.004545454545454545,0.8381849315068494,5.452456474304199
Facebook,11,535,3042,0.35,0.5,3,0.2632506900168725,0.004049844236760125,0.8404680365296804,5.226465940475464
Facebook,11,535,3042,0.35,0.5,4,0.26293097205806426,0.00522875816993464,0.759703196347032,5.467986583709717
Facebook,11,535,3042,0.35,0.5,5,0.24440468732042703,0.0038314176245210726,0.6124429223744292,5.233691453933716
Facebook,11,535,3042,0.35,0.5,6,0.25654530035140444,0.004710144927536232,0.831906392694064,5.420433044433594
Facebook,11,535,3042,0.35,0.5,7,0.2550112745670702,0.005128205128205128,0.776541095890411,5.286745309829712
Facebook,11,535,3042,0.35,0.5,8,0.22357588781728524,0.003703703703703704,0.7422945205479452,5.522979974746704
Facebook,11,535,3042,0.35,0.5,9,0.24557736112563314,0.004471544715447155,0.6663812785388128,5.318926095962524
Facebook,11,535,3042,0.35,0.5,10,0.26121457669857623,0.004347826086956522,0.7497146118721462,5.539752006530762
Facebook,11,535,3042,0.35,0.5,11,0.2572151163809799,0.005432098765432099,0.7528538812785388,5.240083456039429
Facebook,11,535,3042,0.35,0.5,12,0.24621107546325285,0.004339250493096647,0.6823630136986302,5.481945037841797
Facebook,11,535,3042,0.35,0.5,13,0.25409335701471397,0.004190476190476191,0.713755707762557,5.2580389976501465
Facebook,11,535,3042,0.35,0.5,14,0.26969171576086987,0.004498977505112475,0.735730593607306,5.441196441650391
Facebook,11,535,3042,0.35,0.5,15,0.27092602094100604,0.004896421845574388,0.8424657534246576,5.219263076782227
Facebook,11,535,3042,0.35,0.5,16,0.28234891586473754,0.005161290322580645,0.711472602739726,5.544009447097778
Facebook,11,535,3042,0.35,0.5,17,0.2557671964649686,0.003780068728522337,0.7049086757990868,5.25036096572876
Facebook,11,535,3042,0.35,0.5,18,0.26427204815547445,0.0049079754601227,0.7876712328767124,5.529634475708008
Facebook,11,535,3042,0.35,0.5,19,0.2328853032820019,0.0055979643765903305,0.7494292237442922,5.298591613769531
Facebook,11,535,3042,0.35,0.5,20,0.22197589324991782,0.003527336860670194,0.658675799086758,5.473367214202881
Facebook,11,535,3042,0.35,0.5,21,0.2523406588947178,0.0050682261208577,0.8881278538812786,5.249533176422119
Facebook,11,535,3042,0.35,0.5,22,0.27393835148156837,0.0042884990253411305,0.6983447488584474,5.4498984813690186
Facebook,11,535,3042,0.35,0.5,23,0.27195548583724366,0.0031339031339031338,0.6966324200913242,5.230766296386719
Facebook,11,535,3042,0.35,0.5,24,0.2788701286909429,0.004612159329140462,0.6501141552511416,5.4329400062561035
Facebook,11,535,3042,0.35,0.5,25,0.25585263978498235,0.003305785123966942,0.7913812785388128,5.364864826202393
Facebook,11,535,3476,0.4,0.5,1,0.25463716629024147,0.0038095238095238095,0.9529109589041096,5.510916709899902
Facebook,11,535,3476,0.4,0.5,2,0.24466599143320672,0.004790419161676647,0.7679794520547946,5.388030290603638
Facebook,11,535,3476,0.4,0.5,3,0.2682719117849941,0.003801169590643275,0.8378995433789954,5.5564398765563965
Facebook,11,535,3476,0.4,0.5,4,0.22628191281600507,0.0042904290429042905,0.8861301369863014,5.248471260070801
Facebook,11,535,3476,0.4,0.5,5,0.2730742221381566,0.0037195994277539344,0.8598744292237442,5.518296718597412
Facebook,11,535,3476,0.4,0.5,6,0.27112018327532333,0.0030864197530864196,0.598744292237443,5.284733533859253
Facebook,11,535,3476,0.4,0.5,7,0.2694606852999535,0.005333333333333333,0.5976027397260274,5.4974424839019775
Facebook,11,535,3476,0.4,0.5,8,0.23722349518571634,0.005098039215686275,0.8276255707762558,5.26960015296936
Facebook,11,535,3476,0.4,0.5,9,0.25830433195061214,0.004793028322440087,0.704337899543379,5.605152130126953
Facebook,11,535,3476,0.4,0.5,10,0.24512403674657982,0.0044444444444444444,0.7351598173515982,5.278412580490112
Facebook,11,535,3476,0.4,0.5,11,0.2625644135587225,0.005031446540880503,0.7745433789954338,5.580618858337402
Facebook,11,535,3476,0.4,0.5,12,0.2597658017019486,0.0038800705467372134,0.680079908675799,5.374810695648193
Facebook,11,535,3476,0.4,0.5,13,0.2408740980830025,0.004143126177024482,0.6509703196347032,5.5241782665252686
Facebook,11,535,3476,0.4,0.5,14,0.2459517668183495,0.005517241379310344,0.8087899543378996,5.487445116043091
Facebook,11,535,3476,0.4,0.5,15,0.2657577545366006,0.003303303303303303,0.6752283105022832,5.275773048400879
Facebook,11,535,3476,0.4,0.5,16,0.24767744512955386,0.004878048780487805,0.8204908675799086,5.478433609008789
Facebook,11,535,3476,0.4,0.5,17,0.2177397072720469,0.004371584699453552,0.764269406392694,5.2657248973846436
Facebook,11,535,3476,0.4,0.5,18,0.26333980085398623,0.003900709219858156,0.697203196347032,5.582387924194336
Facebook,11,535,3476,0.4,0.5,19,0.2474105448725423,0.004583333333333333,0.6837899543378996,5.31357216835022
Facebook,11,535,3476,0.4,0.5,20,0.2570766092363812,0.0035256410256410257,0.6966324200913242,5.54981541633606
Facebook,11,535,3476,0.4,0.5,21,0.2654435036415761,0.005092592592592593,0.6695205479452054,5.37631368637085
Facebook,11,535,3476,0.4,0.5,22,0.2506781743844606,0.0036036036036036037,0.791095890410959,5.496497631072998
Facebook,11,535,3476,0.4,0.5,23,0.2483222686627203,0.004583333333333333,0.6626712328767124,5.323639869689941
Facebook,11,535,3476,0.4,0.5,24,0.24565323408017178,0.004166666666666667,0.7131849315068494,5.513689756393433
Facebook,11,535,3476,0.4,0.5,25,0.2263443080338157,0.0033182503770739064,0.726027397260274,5.293649435043335
Facebook,11,535,3911,0.45,0.5,1,0.23309055818927205,0.003963963963963964,0.7051940639269406,5.6100499629974365
Facebook,11,535,3911,0.45,0.5,2,0.2654253410300421,0.00402930402930403,0.7151826484018264,5.2194366455078125
Facebook,11,535,3911,0.45,0.5,3,0.2775230404237253,0.004399323181049069,0.7848173515981736,5.414448976516724
Facebook,11,535,3911,0.45,0.5,4,0.253608232006012,0.004705882352941176,0.77425799086758,5.335796117782593
Facebook,11,535,3911,0.45,0.5,5,0.21407526368791718,0.0035842293906810036,0.6495433789954338,5.512884855270386
Facebook,11,535,3911,0.45,0.5,6,0.26617526993143525,0.003663003663003663,0.6415525114155252,5.266160249710083
Facebook,11,535,3911,0.45,0.5,7,0.25011774534016395,0.0036850921273031824,0.6892123287671232,5.437373399734497
Facebook,11,535,3911,0.45,0.5,8,0.24935843421873322,0.00392156862745098,0.6929223744292238,5.247599363327026
Facebook,11,535,3911,0.45,0.5,9,0.25309836068662844,0.0052525252525252525,0.8573059360730594,5.447200775146484
Facebook,11,535,3911,0.45,0.5,10,0.23241267999182044,0.0044444444444444444,0.8635844748858448,5.327760219573975
Facebook,11,535,3911,0.45,0.5,11,0.2575706740708785,0.005977011494252874,0.870148401826484,5.478472948074341
Facebook,11,535,3911,0.45,0.5,12,0.2865074094590026,0.004263565891472868,0.7825342465753424,5.316244602203369
Facebook,11,535,3911,0.45,0.5,13,0.2548889207353444,0.004634581105169341,0.8122146118721462,5.513313055038452
Facebook,11,535,3911,0.45,0.5,14,0.22944045621556805,0.004819277108433735,0.7753995433789954,5.241015195846558
Facebook,11,535,3911,0.45,0.5,15,0.250970269476409,0.004761904761904762,0.8538812785388128,5.435263156890869
Facebook,11,535,3911,0.45,0.5,16,0.26562855981481703,0.0034755134281200632,0.6857876712328768,5.2301084995269775
Facebook,11,535,3911,0.45,0.5,17,0.26896061579889696,0.004119850187265918,0.7705479452054794,5.443002462387085
Facebook,11,535,3911,0.45,0.5,18,0.23601431109912305,0.004537521815008726,0.8524543378995434,5.316189289093018
Facebook,11,535,3911,0.45,0.5,19,0.2716277594024114,0.004313725490196078,0.6943493150684932,5.450840711593628
Facebook,11,535,3911,0.45,0.5,20,0.24615107853023066,0.005729166666666666,0.7126141552511416,5.315483570098877
Facebook,11,535,3911,0.45,0.5,21,0.2567776969102148,0.005220883534136547,0.8835616438356164,5.551290512084961
Facebook,11,535,3911,0.45,0.5,22,0.25894314881708885,0.005128205128205128,0.8730022831050228,5.253648996353149
Facebook,11,535,3911,0.45,0.5,23,0.26806823206958996,0.004545454545454545,0.7368721461187214,5.454975605010986
Facebook,11,535,3911,0.45,0.5,24,0.26906116103772904,0.004081632653061225,0.7511415525114156,5.267405986785889
Facebook,11,535,3911,0.45,0.5,25,0.23428757446331877,0.004490500863557859,0.8524543378995434,5.470813989639282
Facebook,11,535,4346,0.5,0.5,1,0.283680890741781,0.004301075268817204,0.7263127853881278,5.298523187637329
Facebook,11,535,4346,0.5,0.5,2,0.27060673669791746,0.004324324324324324,0.7414383561643836,5.508899688720703
Facebook,11,535,4346,0.5,0.5,3,0.2610357727416649,0.004896421845574388,0.8016552511415526,5.324023485183716
Facebook,11,535,4346,0.5,0.5,4,0.2274033445104603,0.004888888888888889,0.7385844748858448,5.5703442096710205
Facebook,11,535,4346,0.5,0.5,5,0.2342594445799193,0.003900709219858156,0.6866438356164384,5.3324384689331055
Facebook,11,535,4346,0.5,0.5,6,0.2717798291310996,0.004031007751937985,0.805365296803653,5.488117456436157
Facebook,11,535,4346,0.5,0.5,7,0.27857188046674314,0.0035398230088495575,0.723744292237443,5.292695999145508
Facebook,11,535,4346,0.5,0.5,8,0.27351103220084416,0.0050387596899224806,0.860445205479452,5.4749836921691895
Facebook,11,535,4346,0.5,0.5,9,0.27297433739664956,0.003801169590643275,0.8130707762557078,5.2878594398498535
Facebook,11,535,4346,0.5,0.5,10,0.25607460489615685,0.003663003663003663,0.5876141552511416,5.461817026138306
Facebook,11,535,4346,0.5,0.5,11,0.25945927982486955,0.0037195994277539344,0.8418949771689498,5.275058031082153
Facebook,11,535,4346,0.5,0.5,12,0.26086761741648656,0.003472222222222222,0.6692351598173516,5.444733619689941
Facebook,11,535,4346,0.5,0.5,13,0.25796014616169477,0.004878048780487805,0.776541095890411,5.25976824760437
Facebook,11,535,4346,0.5,0.5,14,0.2511914127115862,0.004391217564870259,0.6909246575342466,5.442080497741699
Facebook,11,535,4346,0.5,0.5,15,0.2631210769763365,0.005220883534136547,0.7939497716894978,5.273918390274048
Facebook,11,535,4346,0.5,0.5,16,0.25421442265126004,0.004419889502762431,0.7539954337899544,5.510838985443115
Facebook,11,535,4346,0.5,0.5,17,0.2629420113432465,0.004733727810650888,0.7351598173515982,5.288181304931641
Facebook,11,535,4346,0.5,0.5,18,0.22634360033089684,0.004145077720207254,0.7745433789954338,5.514779090881348
Facebook,11,535,4346,0.5,0.5,19,0.2816027121265392,0.004788213627992633,0.8998287671232876,5.296147346496582
Facebook,11,535,4346,0.5,0.5,20,0.2544461064407514,0.004471544715447155,0.7166095890410958,5.490938425064087
Facebook,11,535,4346,0.5,0.5,21,0.2519192616147649,0.005761316872427984,0.901541095890411,5.29361629486084
Facebook,11,535,4346,0.5,0.5,22,0.25507885250232504,0.00392156862745098,0.5978881278538812,5.56420636177063
Facebook,11,535,4346,0.5,0.5,23,0.2510680488793813,0.005156537753222836,0.9623287671232876,5.367866039276123
Facebook,11,535,4346,0.5,0.5,24,0.26541025801330664,0.004678362573099415,0.7303082191780822,5.569516658782959
Facebook,11,535,4346,0.5,0.5,25,0.23901678580670166,0.004571428571428572,0.778824200913242,5.273160934448242
Facebook,11,535,4780,0.55,0.5,1,0.2176936496665566,0.0041928721174004195,0.6543949771689498,5.614974737167358
Facebook,11,535,4780,0.55,0.5,2,0.23880827859816295,0.00409683426443203,0.7160388127853882,5.422516584396362
Facebook,11,535,4780,0.55,0.5,3,0.27106375867950894,0.004031007751937985,0.8467465753424658,5.531062126159668
Facebook,11,535,4780,0.55,0.5,4,0.27178822072069675,0.0052525252525252525,0.8467465753424658,5.353201866149902
Facebook,11,535,4780,0.55,0.5,5,0.2625526962136755,0.005220883534136547,0.863013698630137,5.516475677490234
Facebook,11,535,4780,0.55,0.5,6,0.26985973853983375,0.004583333333333333,0.6375570776255708,5.356952905654907
Facebook,11,535,4780,0.55,0.5,7,0.2787233504370083,0.0036199095022624436,0.747431506849315,5.614542245864868
Facebook,11,535,4780,0.55,0.5,8,0.25613318555183895,0.003963963963963964,0.6746575342465754,5.420697212219238
Facebook,11,535,4780,0.55,0.5,9,0.23075176264179245,0.004313725490196078,0.70662100456621,5.579174041748047
Facebook,11,535,4780,0.55,0.5,10,0.2622786761231848,0.004301075268817204,0.7551369863013698,5.387075424194336
Facebook,11,535,4780,0.55,0.5,11,0.21292543830522473,0.005925925925925926,0.7462899543378996,5.6624720096588135
Facebook,11,535,4780,0.55,0.5,12,0.24920595764939757,0.004878048780487805,0.7828196347031964,5.316657543182373
Facebook,11,535,4780,0.55,0.5,13,0.255633757745257,0.004232804232804233,0.8047945205479452,5.538524389266968
Facebook,11,535,4780,0.55,0.5,14,0.27033399516812656,0.00411522633744856,0.5807648401826484,5.341321229934692
Facebook,11,535,4780,0.55,0.5,15,0.2554046565378451,0.00408997955010225,0.608162100456621,5.5523295402526855
Facebook,11,535,4780,0.55,0.5,16,0.26416241398293766,0.00392156862745098,0.872716894977169,5.408828973770142
Facebook,11,535,4780,0.55,0.5,17,0.23733733109459243,0.0048689138576779025,0.848458904109589,5.588837146759033
Facebook,11,535,4780,0.55,0.5,18,0.26697773159985655,0.005189620758483034,0.8401826484018264,5.3892340660095215
Facebook,11,535,4780,0.55,0.5,19,0.251866257510992,0.004365079365079365,0.690068493150685,5.561940908432007
Facebook,11,535,4780,0.55,0.5,20,0.22965380889266995,0.005833333333333334,0.9414954337899544,5.429834365844727
Facebook,11,535,4780,0.55,0.5,21,0.24508994808568996,0.005128205128205128,0.8187785388127854,5.6086883544921875
Facebook,11,535,4780,0.55,0.5,22,0.2609573416182294,0.005383022774327122,0.8022260273972602,5.338479042053223
Facebook,11,535,4780,0.55,0.5,23,0.2614253312636272,0.004793028322440087,0.6977739726027398,5.518093109130859
Facebook,11,535,4780,0.55,0.5,24,0.2659231555404085,0.003005464480874317,0.730593607305936,5.350083827972412
Facebook,11,535,4780,0.55,0.5,25,0.21614178464830494,0.005095541401273885,0.781392694063927,5.520577430725098
Facebook,11,535,5215,0.6,0.5,1,0.2540540203736166,0.005405405405405406,0.759703196347032,5.442195653915405
Facebook,11,535,5215,0.6,0.5,2,0.22238011653914924,0.0045138888888888885,0.8107876712328768,5.436644792556763
Facebook,11,535,5215,0.6,0.5,3,0.27556921208563534,0.0037996545768566492,0.6863584474885844,5.639952182769775
Facebook,11,535,5215,0.6,0.5,4,0.2506324741719068,0.005982905982905983,0.9175228310502284,5.567571640014648
Facebook,11,535,5215,0.6,0.5,5,0.2365231541884868,0.0031620553359683794,0.7699771689497716,5.490095376968384
Facebook,11,535,5215,0.6,0.5,6,0.2797628617731448,0.0036303630363036304,0.7006278538812786,5.634500026702881
Facebook,11,535,5215,0.6,0.5,7,0.2751332946560343,0.003975535168195718,0.8618721461187214,5.384617328643799
Facebook,11,535,5215,0.6,0.5,8,0.2671328045838776,0.004471544715447155,0.694634703196347,5.558975458145142
Facebook,11,535,5215,0.6,0.5,9,0.26447769064062787,0.004399323181049069,0.817351598173516,5.389706134796143
Facebook,11,535,5215,0.6,0.5,10,0.19757158893138432,0.005555555555555556,0.8247716894977168,5.614753246307373
Facebook,11,535,5215,0.6,0.5,11,0.2502913396257325,0.0049079754601227,0.8273401826484018,5.460342645645142
Facebook,11,535,5215,0.6,0.5,12,0.2172024134419144,0.005273069679849341,0.9346461187214612,5.46336030960083
Facebook,11,535,5215,0.6,0.5,13,0.2732129954886265,0.005063291139240506,0.7160388127853882,5.5691211223602295
Facebook,11,535,5215,0.6,0.5,14,0.25546864861396884,0.005284552845528455,0.809931506849315,5.413277864456177
Facebook,11,535,5215,0.6,0.5,15,0.2837135159159499,0.004471544715447155,0.6875,5.637601375579834
Facebook,11,535,5215,0.6,0.5,16,0.23056896601551494,0.0037414965986394557,0.7100456621004566,5.4041008949279785
Facebook,11,535,5215,0.6,0.5,17,0.22669030698406695,0.004166666666666667,0.7565639269406392,5.5921711921691895
Facebook,11,535,5215,0.6,0.5,18,0.27724365009650914,0.004733727810650888,0.678082191780822,5.549406290054321
Facebook,11,535,5215,0.6,0.5,19,0.26066833828392216,0.004498977505112475,0.6629566210045662,5.378091096878052
Facebook,11,535,5215,0.6,0.5,20,0.27141030577973757,0.004609929078014184,0.7896689497716894,5.632102012634277
Facebook,11,535,5215,0.6,0.5,21,0.23953642734871142,0.005594405594405594,0.7936643835616438,5.462074279785156
Facebook,11,535,5215,0.6,0.5,22,0.2629134674435618,0.0050682261208577,0.8852739726027398,5.639700651168823
Facebook,11,535,5215,0.6,0.5,23,0.2455296018149788,0.004735883424408015,0.9238013698630136,5.383095026016235
Facebook,11,535,5215,0.6,0.5,24,0.27435366514470894,0.004339250493096647,0.7183219178082192,5.444735050201416
Facebook,11,535,5215,0.6,0.5,25,0.2759306393059589,0.002699055330634278,0.7177511415525114,5.668018579483032
Facebook,11,535,5649,0.65,0.5,1,0.2189642001352475,0.005450733752620545,0.8441780821917808,5.431978464126587
Facebook,11,535,5649,0.65,0.5,2,0.24219634823750993,0.004190476190476191,0.718607305936073,5.640258312225342
Facebook,11,535,5649,0.65,0.5,3,0.22286794947496832,0.004761904761904762,0.7688356164383562,5.421197175979614
Facebook,11,535,5649,0.65,0.5,4,0.21519291898651366,0.004980842911877395,0.8284817351598174,5.681885719299316
Facebook,11,535,5649,0.65,0.5,5,0.2618314793608692,0.004761904761904762,0.8002283105022832,5.6844823360443115
Facebook,11,535,5649,0.65,0.5,6,0.23359034134977996,0.004227642276422764,0.8370433789954338,5.474721670150757
Facebook,11,535,5649,0.65,0.5,7,0.2394653879626899,0.004421768707482994,0.8144977168949772,5.639503717422485
Facebook,11,535,5649,0.65,0.5,8,0.23210487046162034,0.004878048780487805,0.7816780821917808,5.540390253067017
Facebook,11,535,5649,0.65,0.5,9,0.255996519091489,0.0036199095022624436,0.752283105022831,5.738071918487549
Facebook,11,535,5649,0.65,0.5,10,0.27547874948900075,0.005594405594405594,0.7448630136986302,5.4237446784973145
Facebook,11,535,5649,0.65,0.5,11,0.23315925822203282,0.004670912951167728,0.7094748858447488,5.416006326675415
Facebook,11,535,5649,0.65,0.5,12,0.26627847091702705,0.004814814814814815,0.8327625570776256,5.6367199420928955
Facebook,11,535,5649,0.65,0.5,13,0.25579752524838184,0.005520169851380042,0.8570205479452054,5.444034814834595
Facebook,11,535,5649,0.65,0.5,14,0.22704522180340345,0.005977011494252874,0.827054794520548,5.690361022949219
Facebook,11,535,5649,0.65,0.5,15,0.25787325659428295,0.004227642276422764,0.7990867579908676,5.563892364501953
Facebook,11,535,5649,0.65,0.5,16,0.2324791496285119,0.004761904761904762,0.7231735159817352,5.651718616485596
Facebook,11,535,5649,0.65,0.5,17,0.2567983711477526,0.004878048780487805,0.8230593607305936,5.681093215942383
Facebook,11,535,5649,0.65,0.5,18,0.25891876953615367,0.004190476190476191,0.699486301369863,5.501350164413452
Facebook,11,535,5649,0.65,0.5,19,0.27162861172506675,0.0037914691943127963,0.7288812785388128,5.6349451541900635
Facebook,11,535,5649,0.65,0.5,20,0.27188460701832784,0.005156537753222836,0.9081050228310502,5.429115056991577
Facebook,11,535,5649,0.65,0.5,21,0.24768723910173204,0.005200945626477541,0.7128995433789954,5.625678777694702
Facebook,11,535,5649,0.65,0.5,22,0.21567606430759043,0.006146572104018913,0.8738584474885844,5.438416004180908
Facebook,11,535,5649,0.65,0.5,23,0.25616998639263405,0.004190476190476191,0.71175799086758,5.450422048568726
Facebook,11,535,5649,0.65,0.5,24,0.25362636918006365,0.005161290322580645,0.742865296803653,5.682095289230347
Facebook,11,535,5649,0.65,0.5,25,0.2432466496863793,0.0042904290429042905,0.901541095890411,5.48888087272644
Facebook,11,535,6084,0.7,0.5,1,0.2834224540232401,0.005009633911368015,0.7773972602739726,5.63269829750061
Facebook,11,535,6084,0.7,0.5,2,0.2511574118378251,0.004814814814814815,0.836472602739726,5.512550115585327
Facebook,11,535,6084,0.7,0.5,3,0.2737922597024982,0.0052525252525252525,0.8518835616438356,5.7441487312316895
Facebook,11,535,6084,0.7,0.5,4,0.2566183390280869,0.0035842293906810036,0.6244292237442922,5.670818090438843
Facebook,11,535,6084,0.7,0.5,5,0.22089372365438067,0.005017921146953405,0.9460616438356164,5.462007999420166
Facebook,11,535,6084,0.7,0.5,6,0.22947778310868866,0.005164319248826291,0.7154680365296804,5.671184062957764
Facebook,11,535,6084,0.7,0.5,7,0.24009977114466916,0.0044444444444444444,0.7745433789954338,5.503067970275879
Facebook,11,535,6084,0.7,0.5,8,0.2480955901229982,0.0033195020746887966,0.786244292237443,5.732943296432495
Facebook,11,535,6084,0.7,0.5,9,0.2598210880827278,0.0035842293906810036,0.64412100456621,5.55384373664856
Facebook,11,535,6084,0.7,0.5,10,0.25563642932543396,0.004469273743016759,0.7297374429223744,5.486211061477661
Facebook,11,535,6084,0.7,0.5,11,0.2693111468870187,0.005009633911368015,0.8407534246575342,5.707830429077148
Facebook,11,535,6084,0.7,0.5,12,0.2545555764818385,0.005369127516778523,0.761986301369863,5.562121868133545
Facebook,11,535,6084,0.7,0.5,13,0.23538904105298036,0.0057553956834532375,0.8227739726027398,5.7032623291015625
Facebook,11,535,6084,0.7,0.5,14,0.2481694158461125,0.004761904761904762,0.757134703196347,5.454111337661743
Facebook,11,535,6084,0.7,0.5,15,0.2302538684803077,0.003900709219858156,0.6795091324200914,5.6607513427734375
Facebook,11,535,6084,0.7,0.5,16,0.2616990326618897,0.0038461538461538464,0.7377283105022832,5.657957315444946
Facebook,11,535,6084,0.7,0.5,17,0.23692442825691254,0.004051565377532229,0.7254566210045662,5.537094593048096
Facebook,11,535,6084,0.7,0.5,18,0.2643273996397662,0.004419889502762431,0.7348744292237442,5.724235534667969
Facebook,11,535,6084,0.7,0.5,19,0.22328372745822034,0.0036429872495446266,0.706906392694064,5.535027027130127
Facebook,11,535,6084,0.7,0.5,20,0.2561244542015002,0.005747126436781609,1.0,5.675226449966431
Facebook,11,535,6084,0.7,0.5,21,0.2669167455369241,0.0058165548098434005,0.8524543378995434,5.51952338218689
Facebook,11,535,6084,0.7,0.5,22,0.266307097239637,0.003389830508474576,0.7851027397260274,5.547705411911011
Facebook,11,535,6084,0.7,0.5,23,0.21789405897277686,0.004126984126984127,0.8476027397260274,5.6830573081970215
Facebook,11,535,6084,0.7,0.5,24,0.24456606962451563,0.005128205128205128,0.7528538812785388,5.473055601119995
Facebook,11,535,6084,0.7,0.5,25,0.2527883539041729,0.005833333333333334,0.915810502283105,5.663465738296509
Facebook,11,535,6518,0.75,0.5,1,0.26039896550137853,0.004186795491143317,0.8042237442922374,5.515352249145508
Facebook,11,535,6518,0.75,0.5,2,0.2575398485314961,0.0044444444444444444,0.7368721461187214,5.819274663925171
Facebook,11,535,6518,0.75,0.5,3,0.24603342050179267,0.004968944099378882,0.7779680365296804,5.6047303676605225
Facebook,11,535,6518,0.75,0.5,4,0.2354301352474119,0.005156537753222836,0.9035388127853882,5.731586456298828
Facebook,11,535,6518,0.75,0.5,5,0.2797926863168782,0.004735883424408015,0.781392694063927,5.803843021392822
Facebook,11,535,6518,0.75,0.5,6,0.2575412025992847,0.004238921001926782,0.7174657534246576,5.605499505996704
Facebook,11,535,6518,0.75,0.5,7,0.2713170550410091,0.006021505376344086,0.8872716894977168,5.708615303039551
Facebook,11,535,6518,0.75,0.5,8,0.2664162241043277,0.004263565891472868,0.697203196347032,5.529788017272949
Facebook,11,535,6518,0.75,0.5,9,0.2644103021444692,0.004269293924466338,0.8216324200913242,5.699728727340698
Facebook,11,535,6518,0.75,0.5,10,0.263751205196616,0.005098039215686275,0.8133561643835616,5.526666164398193
Facebook,11,535,6518,0.75,0.5,11,0.23976680345242307,0.00425531914893617,0.7916666666666666,5.781787872314453
Facebook,11,535,6518,0.75,0.5,12,0.2595787847765785,0.004190476190476191,0.6883561643835616,5.601743221282959
Facebook,11,535,6518,0.75,0.5,13,0.2480975376427031,0.0060185185185185185,0.8056506849315068,5.724592208862305
Facebook,11,535,6518,0.75,0.5,14,0.26228726860800794,0.004651162790697674,0.7417237442922374,5.580407619476318
Facebook,11,535,6518,0.75,0.5,15,0.21903906580849467,0.00402930402930403,0.6837899543378996,5.806776523590088
Facebook,11,535,6518,0.75,0.5,16,0.2812283683481802,0.004705882352941176,0.7385844748858448,5.521169185638428
Facebook,11,535,6518,0.75,0.5,17,0.2511387535362849,0.004810996563573883,0.9269406392694064,5.697747468948364
Facebook,11,535,6518,0.75,0.5,18,0.2474765971130087,0.004624277456647399,0.7542808219178082,5.534280776977539
Facebook,11,535,6518,0.75,0.5,19,0.2616184181388101,0.004020100502512563,0.740582191780822,5.705634117126465
Facebook,11,535,6518,0.75,0.5,20,0.2679677351389378,0.004347826086956522,0.8002283105022832,5.603055953979492
Facebook,11,535,6518,0.75,0.5,21,0.2639171718407106,0.0037681159420289855,0.8858447488584474,5.803688049316406
Facebook,11,535,6518,0.75,0.5,22,0.2186888106620589,0.006103286384976526,0.865296803652968,5.519455909729004
Facebook,11,535,6518,0.75,0.5,23,0.2594050430271981,0.005128205128205128,0.8022260273972602,5.757527828216553
Facebook,11,535,6518,0.75,0.5,24,0.2634424350979035,0.003459119496855346,0.680079908675799,5.590638875961304
Facebook,11,535,6518,0.75,0.5,25,0.2577625682182855,0.0049382716049382715,0.7505707762557078,5.772999048233032
Facebook,11,535,6953,0.8,0.5,1,0.2541223202551069,0.005,0.7562785388127854,5.551176071166992
Facebook,11,535,6953,0.8,0.5,2,0.2536245120989265,0.004324324324324324,0.761986301369863,5.775051593780518
Facebook,11,535,6953,0.8,0.5,3,0.2476573264340533,0.004824561403508772,0.7034817351598174,5.5867884159088135
Facebook,11,535,6953,0.8,0.5,4,0.25903304968456925,0.004498977505112475,0.7166095890410958,5.835009336471558
Facebook,11,535,6953,0.8,0.5,5,0.22906078197033145,0.0042884990253411305,0.6997716894977168,5.636076211929321
Facebook,11,535,6953,0.8,0.5,6,0.26733153959976763,0.0038394415357766143,0.7294520547945206,5.768996715545654
Facebook,11,535,6953,0.8,0.5,7,0.2638324032689654,0.005298013245033113,0.8242009132420092,5.593639850616455
Facebook,11,535,6953,0.8,0.5,8,0.24383683246291035,0.004123711340206186,0.7582762557077626,5.845932245254517
Facebook,11,535,6953,0.8,0.5,9,0.23626821670495743,0.004490500863557859,0.83675799086758,5.612037420272827
Facebook,11,535,6953,0.8,0.5,10,0.2643286900451374,0.0037414965986394557,0.730593607305936,5.741462707519531
Facebook,11,535,6953,0.8,0.5,11,0.2547958757212303,0.004731182795698925,0.7034817351598174,5.561757564544678
Facebook,11,535,6953,0.8,0.5,12,0.2373727469899598,0.005156537753222836,0.940068493150685,5.731900453567505
Facebook,11,535,6953,0.8,0.5,13,0.24235305787305111,0.005128205128205128,0.8561643835616438,5.612532615661621
Facebook,11,535,6953,0.8,0.5,14,0.2483317825100454,0.004545454545454545,0.7893835616438356,5.838974952697754
Facebook,11,535,6953,0.8,0.5,15,0.25080872941563187,0.004129793510324484,0.9746004566210046,5.594629764556885
Facebook,11,535,6953,0.8,0.5,16,0.2555869682604517,0.004207119741100324,0.8107876712328768,5.72539210319519
Facebook,11,535,6953,0.8,0.5,17,0.2536355754484426,0.005855855855855856,0.8276255707762558,5.63133978843689
Facebook,11,535,6953,0.8,0.5,18,0.25483230388874367,0.005063291139240506,0.7802511415525114,5.817248582839966
Facebook,11,535,6953,0.8,0.5,19,0.2635436896596443,0.004968944099378882,0.7922374429223744,5.575618267059326
Facebook,11,535,6953,0.8,0.5,20,0.2655212713548223,0.0044444444444444444,0.7371575342465754,5.7567853927612305
Facebook,11,535,6953,0.8,0.5,21,0.24430825743148507,0.0050682261208577,0.8179223744292238,5.579074859619141
Facebook,11,535,6953,0.8,0.5,22,0.26028858005689903,0.004166666666666667,0.7465753424657534,5.807555437088013
Facebook,11,535,6953,0.8,0.5,23,0.22538002297965667,0.005627705627705628,0.865582191780822,5.6598801612854
Facebook,11,535,6953,0.8,0.5,24,0.2619178234047345,0.0038800705467372134,0.6606735159817352,5.834923028945923
Facebook,11,535,6953,0.8,0.5,25,0.22646893784056116,0.005098039215686275,0.877283105022831,5.629872560501099
Facebook,11,535,7387,0.85,0.5,1,0.22837504711605464,0.006201550387596899,0.8125,5.908346652984619
Facebook,11,535,7387,0.85,0.5,2,0.24364813614391675,0.004301075268817204,0.7494292237442922,5.670342445373535
Facebook,11,535,7387,0.85,0.5,3,0.25747403574812977,0.0048484848484848485,0.7688356164383562,5.816128969192505
Facebook,11,535,7387,0.85,0.5,4,0.2571962958494049,0.004659498207885305,0.8359018264840182,5.620659589767456
Facebook,11,535,7387,0.85,0.5,5,0.25912034686038465,0.004878048780487805,0.7519977168949772,5.828975439071655
Facebook,11,535,7387,0.85,0.5,6,0.2650968432812056,0.004498977505112475,0.6880707762557078,5.685938358306885
Facebook,11,535,7387,0.85,0.5,7,0.2662146995704653,0.004597701149425287,0.745148401826484,5.897536754608154
Facebook,11,535,7387,0.85,0.5,8,0.2879458721956165,0.0037914691943127963,0.735445205479452,5.637785911560059
Facebook,11,535,7387,0.85,0.5,9,0.2626698592240132,0.003745318352059925,0.6341324200913242,5.82646369934082
Facebook,11,535,7387,0.85,0.5,10,0.23326765097208807,0.005238095238095238,0.6860730593607306,5.6856958866119385
Facebook,11,535,7387,0.85,0.5,11,0.2270949384718556,0.004659498207885305,0.8216324200913242,5.8692786693573
Facebook,11,535,7387,0.85,0.5,12,0.2602847231341818,0.004705882352941176,0.7588470319634704,5.603579998016357
Facebook,11,535,7387,0.85,0.5,13,0.24180233853673735,0.005701754385964913,0.8370433789954338,5.819372653961182
Facebook,11,535,7387,0.85,0.5,14,0.26475479067998586,0.005098039215686275,0.8253424657534246,5.628904581069946
Facebook,11,535,7387,0.85,0.5,15,0.2583766144205162,0.004377104377104377,0.8909817351598174,5.856705188751221
Facebook,11,535,7387,0.85,0.5,16,0.24346096731337816,0.00404040404040404,0.678082191780822,5.703184366226196
Facebook,11,535,7387,0.85,0.5,17,0.2296625214503998,0.005622489959839358,0.9175228310502284,5.870872497558594
Facebook,11,535,7387,0.85,0.5,18,0.2632661942205591,0.004238921001926782,0.706906392694064,5.624854326248169
Facebook,11,535,7387,0.85,0.5,19,0.2616667836749551,0.004269293924466338,0.8541666666666666,5.87084174156189
Facebook,11,535,7387,0.85,0.5,20,0.2512362004059977,0.005405405405405406,0.757420091324201,5.682829856872559
Facebook,11,535,7387,0.85,0.5,21,0.2575696588366898,0.005627705627705628,0.8227739726027398,5.816241025924683
Facebook,11,535,7387,0.85,0.5,22,0.21612683919487652,0.00402930402930403,0.6783675799086758,5.611056327819824
Facebook,11,535,7387,0.85,0.5,23,0.2663468308029289,0.003980099502487562,0.7614155251141552,5.823378086090088
Facebook,11,535,7387,0.85,0.5,24,0.21574886011301445,0.004545454545454545,0.7973744292237442,5.632887840270996
Facebook,11,535,7387,0.85,0.5,25,0.24610292370462514,0.0037914691943127963,0.7537100456621004,5.881927967071533
Facebook,11,535,7822,0.9,0.5,1,0.24667883896362067,0.0049382716049382715,0.9257990867579908,5.757998466491699
Facebook,11,535,7822,0.9,0.5,2,0.23877815047256898,0.003963963963963964,0.7345890410958904,5.652093172073364
Facebook,11,535,7822,0.9,0.5,3,0.23089846229012465,0.004793028322440087,0.7014840182648402,5.90753436088562
Facebook,11,535,7822,0.9,0.5,4,0.25866364482326526,0.003942652329749104,0.7448630136986302,5.723548173904419
Facebook,11,535,7822,0.9,0.5,5,0.2503979789494644,0.004835924006908463,0.9275114155251142,5.853217601776123
Facebook,11,535,7822,0.9,0.5,6,0.26064589022645773,0.004912280701754386,0.9546232876712328,5.638680696487427
Facebook,11,535,7822,0.9,0.5,7,0.22133014116161417,0.005298013245033113,0.791095890410959,5.852428436279297
Facebook,11,535,7822,0.9,0.5,8,0.21007501685950697,0.004597701149425287,0.7851027397260274,5.830280065536499
Facebook,11,535,7822,0.9,0.5,9,0.25868734441030217,0.004119850187265918,0.71175799086758,5.7341437339782715
Facebook,11,535,7822,0.9,0.5,10,0.25846746604208753,0.004324324324324324,0.7988013698630136,5.879562854766846
Facebook,11,535,7822,0.9,0.5,11,0.2539488476721704,0.0037606837606837607,0.699486301369863,5.675243854522705
Facebook,11,535,7822,0.9,0.5,12,0.22436010325810377,0.005128205128205128,0.8250570776255708,5.890516042709351
Facebook,11,535,7822,0.9,0.5,13,0.2515378470940783,0.0068783068783068784,0.8444634703196348,5.769307851791382
Facebook,11,535,7822,0.9,0.5,14,0.25463878731430084,0.005517241379310344,0.7825342465753424,5.901052474975586
Facebook,11,535,7822,0.9,0.5,15,0.2684298387958404,0.0034782608695652175,0.788527397260274,5.630662202835083
Facebook,11,535,7822,0.9,0.5,16,0.2625931971626433,0.004761904761904762,0.8287671232876712,5.8860461711883545
Facebook,11,535,7822,0.9,0.5,17,0.23896176133138022,0.004123711340206186,0.7999429223744292,5.648887872695923
Facebook,11,535,7822,0.9,0.5,18,0.2607892873190565,0.004020100502512563,0.773972602739726,5.966386556625366
Facebook,11,535,7822,0.9,0.5,19,0.21067746518457578,0.005128205128205128,0.9081050228310502,5.716808080673218
Facebook,11,535,7822,0.9,0.5,20,0.27427701773452773,0.0037414965986394557,0.723458904109589,5.9283366203308105
Facebook,11,535,7822,0.9,0.5,21,0.2709783798585632,0.003883495145631068,0.7514269406392694,5.719444751739502
Facebook,11,535,7822,0.9,0.5,22,0.24037982946946998,0.005189620758483034,0.8347602739726028,5.9468560218811035
Facebook,11,535,7822,0.9,0.5,23,0.25274462257034636,0.00819672131147541,1.0,5.6586549282073975
Facebook,11,535,7822,0.9,0.5,24,0.2610537821369603,0.004814814814814815,0.8401826484018264,5.867387771606445
Facebook,11,535,7822,0.9,0.5,25,0.20838901877727806,0.005520169851380042,0.8670091324200914,5.639148473739624
Facebook,11,535,8256,0.95,0.5,1,0.25355167793813943,0.004465709728867623,0.8995433789954338,5.920831680297852
Facebook,11,535,8256,0.95,0.5,2,0.27399641967221594,0.00502283105022831,0.7054794520547946,5.803641319274902
Facebook,11,535,8256,0.95,0.5,3,0.25653623335572223,0.004145077720207254,0.7422945205479452,5.956345319747925
Facebook,11,535,8256,0.95,0.5,4,0.2523173862108233,0.005664488017429194,0.7985159817351598,5.708367586135864
Facebook,11,535,8256,0.95,0.5,5,0.265234028812375,0.005442176870748299,0.7497146118721462,5.973104238510132
Facebook,11,535,8256,0.95,0.5,6,0.2638307925238969,0.004012345679012346,0.8207762557077626,5.786518573760986
Facebook,11,535,8256,0.95,0.5,7,0.2753747707437495,0.004561403508771929,0.793093607305936,5.975151062011719
Facebook,11,535,8256,0.95,0.5,8,0.2529488082596147,0.0036529680365296802,0.809931506849315,5.705892324447632
Facebook,11,535,8256,0.95,0.5,9,0.26255971718677024,0.005161290322580645,0.7753995433789954,5.902034044265747
Facebook,11,535,8256,0.95,0.5,10,0.24336073728844237,0.006280193236714976,0.8807077625570776,5.684357643127441
Facebook,11,535,8256,0.95,0.5,11,0.2542702790636799,0.005333333333333333,0.935216894977169,5.98695707321167
Facebook,11,535,8256,0.95,0.5,12,0.2494712956036021,0.004081632653061225,0.7873858447488584,5.790263891220093
Facebook,11,535,8256,0.95,0.5,13,0.2131951031672605,0.005517241379310344,0.7628424657534246,5.894406080245972
Facebook,11,535,8256,0.95,0.5,14,0.26404548007599965,0.004861111111111111,0.89412100456621,5.7686076164245605
Facebook,11,535,8256,0.95,0.5,15,0.26447494841550273,0.0049079754601227,0.8153538812785388,5.997151136398315
Facebook,11,535,8256,0.95,0.5,16,0.26217591020505016,0.003594771241830065,0.7080479452054794,5.678099632263184
Facebook,11,535,8256,0.95,0.5,17,0.26320338778982705,0.003722504230118443,0.7000570776255708,5.9399073123931885
Facebook,11,535,8256,0.95,0.5,18,0.24598799184737155,0.004571428571428572,0.7902397260273972,5.702404737472534
Facebook,11,535,8256,0.95,0.5,19,0.24413495445202127,0.005416666666666667,0.846175799086758,5.956077814102173
Facebook,11,535,8256,0.95,0.5,20,0.268140876063516,0.004634581105169341,0.8418949771689498,5.757862567901611
Facebook,11,535,8256,0.95,0.5,21,0.25836749591667907,0.004107424960505529,0.8621575342465754,5.986099481582642
Facebook,11,535,8256,0.95,0.5,22,0.24814901020979366,0.005962059620596206,0.7351598173515982,5.688924312591553
Facebook,11,535,8256,0.95,0.5,23,0.24227759223997086,0.004,0.7654109589041096,5.967061519622803
Facebook,11,535,8256,0.95,0.5,24,0.22554799360599073,0.006913580246913581,0.9329337899543378,5.778781414031982
Facebook,11,535,8256,0.95,0.5,25,0.25172719029418394,0.004861111111111111,0.923230593607306,5.9552648067474365
Facebook,11,535,8691,1,0.5,1,0.25359924589588717,0.005426356589147287,0.9269406392694064,5.724179744720459
Facebook,11,535,8691,1,0.5,2,0.2692697341809836,0.0067708333333333336,0.7939497716894978,5.959042549133301
Facebook,11,535,8691,1,0.5,3,0.28198750860056027,0.004670912951167728,0.7037671232876712,5.723134517669678
Facebook,11,535,8691,1,0.5,4,0.25628467080651035,0.005588822355289421,0.9317922374429224,6.030363082885742
Facebook,11,535,8691,1,0.5,5,0.2591731042585252,0.004020100502512563,0.764269406392694,5.8152995109558105
Facebook,11,535,8691,1,0.5,6,0.2357236518759223,0.004819277108433735,0.8002283105022832,5.919381141662598
Facebook,11,535,8691,1,0.5,7,0.2599973289811813,0.003738317757009346,0.7531392694063926,5.808695077896118
Facebook,11,535,8691,1,0.5,8,0.24554305111707983,0.0061624649859943975,0.7277397260273972,6.022253513336182
Facebook,11,535,8691,1,0.5,9,0.26969514254706706,0.004188481675392671,0.7614155251141552,5.737385511398315
Facebook,11,535,8691,1,0.5,10,0.2541477206145922,0.0049382716049382715,0.8070776255707762,5.947084426879883
Facebook,11,535,8691,1,0.5,11,0.23573646762176984,0.004190476190476191,0.7049086757990868,5.746168375015259
Facebook,11,535,8691,1,0.5,12,0.21113001713486418,0.0049382716049382715,0.7799657534246576,5.978967666625977
Facebook,11,535,8691,1,0.5,13,0.2543790964255236,0.005128205128205128,0.8433219178082192,5.81873345375061
Facebook,11,535,8691,1,0.5,14,0.2562244827537802,0.004355108877721943,0.824486301369863,6.0094380378723145
Facebook,11,535,8691,1,0.5,15,0.27852061477642126,0.004761904761904762,0.776255707762557,5.713941812515259
Facebook,11,535,8691,1,0.5,16,0.2482605170517952,0.0046846846846846845,0.8079337899543378,6.010559558868408
Facebook,11,535,8691,1,0.5,17,0.2602161391036418,0.004333333333333333,0.7902397260273972,6.048521995544434
Facebook,11,535,8691,1,0.5,18,0.27895935050529674,0.0037735849056603774,0.7519977168949772,5.7424750328063965
Facebook,11,535,8691,1,0.5,19,0.267319993834472,0.0044444444444444444,0.6652397260273972,5.943569660186768
Facebook,11,535,8691,1,0.5,20,0.25900896747946106,0.006666666666666667,0.9260844748858448,5.738430976867676
Facebook,11,535,8691,1,0.5,21,0.26401900811010187,0.004790419161676647,0.7382990867579908,5.7658185958862305
Facebook,11,535,8691,1,0.5,22,0.2527008121673524,0.004814814814814815,0.8587328767123288,6.020503282546997
Facebook,11,535,8691,1,0.5,23,0.2600514150375209,0.004339250493096647,0.7151826484018264,5.839426755905151
Facebook,11,535,8691,1,0.5,24,0.24048813934051805,0.004324324324324324,0.7939497716894978,5.927461624145508
Facebook,11,535,8691,1,0.5,25,0.2386199417045281,0.0044943820224719105,0.795662100456621,5.9959940910339355
Facebook,12,73,0,0,,0,0.7454544853958449,0.0,0.08446797781139688,
Facebook,12,73,0,0,,0,0.7151293840731784,0.0,0.038830055471507814,
Facebook,12,73,0,0,,0,0.7521812420867559,0.0,0.0025214321734745334,
Facebook,12,73,0,0,,0,0.7281391494167758,0.0018779342723004694,0.13010590015128592,
Facebook,12,73,0,0,,0,0.8130087556050456,0.0,0.023701462430660614,
Facebook,12,73,0,0,,0,0.7827316844634237,0.0,0.07917297024710035,
Facebook,12,73,0,0,,0,0.7560071781704351,0.000925925925925926,0.12481089258698941,
Facebook,12,73,0,0,,0,0.7313687777642054,0.0,0.025718608169440244,
Facebook,12,73,0,0,,0,0.8074052532507114,0.0,0.020675743822491176,
Facebook,12,73,0,0,,0,0.794678961167754,0.000925925925925926,0.029752899646999495,
Facebook,12,73,0,0,,0,0.7555720797066781,0.0009389671361502347,0.0789208270297529,
Facebook,12,73,0,0,,0,0.6430649512309073,0.004301075268817204,0.3434190620272315,
Facebook,12,73,0,0,,0,0.6531625070886838,0.0,0.027483610690872417,
Facebook,12,73,0,0,,0,0.7819300992016738,0.000925925925925926,0.08850226928895613,
Facebook,12,73,0,0,,0,0.7519851335748153,0.000925925925925926,0.11396873424104892,
Facebook,12,73,0,0,,0,0.7713658410469781,0.000925925925925926,0.1275844679778114,
Facebook,12,73,0,0,,0,0.7028660677251384,0.0018779342723004694,0.094553706505295,
Facebook,12,73,0,0,,0,0.7394654387934481,0.0009389671361502347,0.0226928895612708,
Facebook,12,73,0,0,,0,0.741165111073612,0.0,0.013867876954109935,
Facebook,12,73,0,0,,0,0.7135621321124713,0.000966183574879227,0.04790721129601614,
Facebook,12,73,0,0,,0,0.7658063075184853,0.0,0.028744326777609682,
Facebook,12,73,0,0,,0,0.6792248279015205,0.0,0.016137165910237016,
Facebook,12,73,0,0,,0,0.7291789586093133,0.0,0.06177508825012607,
Facebook,12,73,0,0,,0,0.6934897151999425,0.000925925925925926,0.07992939989914272,
Facebook,12,73,0,0,,0,0.7507436948211375,0.0020833333333333333,0.19793242561775087,
Facebook,12,73,15,0.01,0.5,1,0.2818094430899815,0.017948717948717947,0.49974785678265254,5.128227472305298
Facebook,12,73,15,0.01,0.5,2,0.26550899933506744,0.03529411764705882,0.6280887544125063,4.932092666625977
Facebook,12,73,15,0.01,0.5,3,0.28649168632669053,0.018666666666666668,0.3842662632375189,5.17655086517334
Facebook,12,73,15,0.01,0.5,4,0.26053062232278246,0.023333333333333334,0.4183055975794251,4.8812432289123535
Facebook,12,73,15,0.01,0.5,5,0.27614565638500194,0.03333333333333333,0.7170953101361573,5.079189300537109
Facebook,12,73,15,0.01,0.5,6,0.2727477069402125,0.031578947368421054,0.6633888048411498,4.910571575164795
Facebook,12,73,15,0.01,0.5,7,0.22196148202548485,0.040740740740740744,0.7322239031770046,5.092658519744873
Facebook,12,73,15,0.01,0.5,8,0.2660064820041811,0.01616161616161616,0.5857286938981341,4.876925706863403
Facebook,12,73,15,0.01,0.5,9,0.23294783538289912,0.024242424242424242,0.5337871911245587,5.173342704772949
Facebook,12,73,15,0.01,0.5,10,0.24697584226189553,0.043137254901960784,0.7329803328290468,4.889364004135132
Facebook,12,73,15,0.01,0.5,11,0.28231645772557923,0.031578947368421054,0.6127080181543116,5.077946901321411
Facebook,12,73,15,0.01,0.5,12,0.26309004140453734,0.05641025641025641,0.7039838628340898,4.875633955001831
Facebook,12,73,15,0.01,0.5,13,0.27740222269803055,0.04,0.6348966212808875,5.129316568374634
Facebook,12,73,15,0.01,0.5,14,0.28087217419253957,0.03529411764705882,0.6238023197175996,4.892092704772949
Facebook,12,73,15,0.01,0.5,15,0.24446785715107514,0.02727272727272727,0.6308623298033282,5.184720039367676
Facebook,12,73,15,0.01,0.5,16,0.27293137667273665,0.015053763440860216,0.4563792233988906,4.936987400054932
Facebook,12,73,15,0.01,0.5,17,0.2766032039934735,0.02318840579710145,0.5753908219868885,5.1591315269470215
Facebook,12,73,15,0.01,0.5,18,0.27430616429649124,0.028070175438596492,0.4551185073121533,4.971447229385376
Facebook,12,73,15,0.01,0.5,19,0.26967276757683933,0.021052631578947368,0.40948058497226425,5.150894641876221
Facebook,12,73,15,0.01,0.5,20,0.281377195327703,0.04,0.6064044377206254,4.88515305519104
Facebook,12,73,15,0.01,0.5,21,0.26615376145469033,0.01728395061728395,0.38199697428139184,5.114822149276733
Facebook,12,73,15,0.01,0.5,22,0.27458281632677656,0.021333333333333333,0.4629349470499244,4.886071443557739
Facebook,12,73,15,0.01,0.5,23,0.2576762772585225,0.021505376344086023,0.7042360060514372,5.112482070922852
Facebook,12,73,15,0.01,0.5,24,0.287831348762628,0.018666666666666668,0.5317700453857791,4.8725080490112305
Facebook,12,73,15,0.01,0.5,25,0.2730455901104063,0.03,0.6565809379727685,5.1015777587890625
Facebook,12,73,74,0.05,0.5,1,0.2833854204857788,0.04888888888888889,0.7039838628340898,4.893813133239746
Facebook,12,73,74,0.05,0.5,2,0.21287347944913634,0.043137254901960784,0.7420574886535553,4.8762078285217285
Facebook,12,73,74,0.05,0.5,3,0.2698342411192606,0.03333333333333333,0.6079172970247101,5.1361243724823
Facebook,12,73,74,0.05,0.5,4,0.2650225919940188,0.024,0.6354009077155824,4.871404647827148
Facebook,12,73,74,0.05,0.5,5,0.26515611009292495,0.01818181818181818,0.3756933938477055,5.107251405715942
Facebook,12,73,74,0.05,0.5,6,0.256180806626043,0.05238095238095238,0.7228946041351487,4.9928412437438965
Facebook,12,73,74,0.05,0.5,7,0.26489383777119857,0.025925925925925925,0.4626828038325769,5.136416912078857
Facebook,12,73,74,0.05,0.5,8,0.25812140856356897,0.02962962962962963,0.5650529500756429,4.983581066131592
Facebook,12,73,74,0.05,0.5,9,0.2647224465548718,0.023333333333333334,0.45663136661623804,5.120685815811157
Facebook,12,73,74,0.05,0.5,10,0.2644930297187243,0.035555555555555556,0.5685829551185073,4.892462968826294
Facebook,12,73,74,0.05,0.5,11,0.23849820270265076,0.037037037037037035,0.6747352496217852,5.07703423500061
Facebook,12,73,74,0.05,0.5,12,0.2553390761898222,0.02608695652173913,0.610690872415532,4.87161660194397
Facebook,12,73,74,0.05,0.5,13,0.275502463049742,0.02318840579710145,0.5827029752899647,5.0688111782073975
Facebook,12,73,74,0.05,0.5,14,0.26229603436248367,0.017204301075268817,0.5650529500756429,4.88029932975769
Facebook,12,73,74,0.05,0.5,15,0.2439331413162227,0.016,0.4528492183560262,5.097642660140991
Facebook,12,73,74,0.05,0.5,16,0.26067179610728064,0.025396825396825397,0.5584972264246092,4.874919176101685
Facebook,12,73,74,0.05,0.5,17,0.27634863332364706,0.02727272727272727,0.5988401412002017,5.107646465301514
Facebook,12,73,74,0.05,0.5,18,0.2809517772008995,0.01728395061728395,0.44402420574886536,4.84206223487854
Facebook,12,73,74,0.05,0.5,19,0.25843274795252774,0.03508771929824561,0.653555219364599,5.123331308364868
Facebook,12,73,74,0.05,0.5,20,0.2486279981336622,0.02727272727272727,0.6089258698940998,4.940157175064087
Facebook,12,73,74,0.05,0.5,21,0.24319673684734594,0.02608695652173913,0.6079172970247101,5.164371013641357
Facebook,12,73,74,0.05,0.5,22,0.27659205522958175,0.03137254901960784,0.5584972264246092,4.913690805435181
Facebook,12,73,74,0.05,0.5,23,0.2881480921346965,0.03,0.5872415532022188,5.121610641479492
Facebook,12,73,74,0.05,0.5,24,0.2803646901298743,0.025396825396825397,0.5239536056480081,4.9087982177734375
Facebook,12,73,74,0.05,0.5,25,0.2732050855344235,0.01839080459770115,0.5332829046898638,5.076710224151611
Facebook,12,73,149,0.1,0.5,1,0.2486102549177247,0.016,0.4546142208774584,4.88363790512085
Facebook,12,73,149,0.1,0.5,2,0.2451682439317221,0.017204301075268817,0.5895108421583459,5.065048694610596
Facebook,12,73,149,0.1,0.5,3,0.26306682454230407,0.021505376344086023,0.7002017145738779,4.923173189163208
Facebook,12,73,149,0.1,0.5,4,0.27729728594732045,0.014814814814814815,0.4604135148764498,5.091338396072388
Facebook,12,73,149,0.1,0.5,5,0.2565677542790523,0.03,0.6185073121533031,4.874387979507446
Facebook,12,73,149,0.1,0.5,6,0.2620849349466784,0.01818181818181818,0.44402420574886536,5.144645690917969
Facebook,12,73,149,0.1,0.5,7,0.2648318823948972,0.025,0.6560766515380736,4.88759183883667
Facebook,12,73,149,0.1,0.5,8,0.2679309348209116,0.02608695652173913,0.6210287443267776,5.143050193786621
Facebook,12,73,149,0.1,0.5,9,0.2651118399941617,0.017948717948717947,0.49369641956631366,4.94525408744812
Facebook,12,73,149,0.1,0.5,10,0.2722035265387447,0.03333333333333333,0.5173978819969742,5.166224718093872
Facebook,12,73,149,0.1,0.5,11,0.27152498664255714,0.016666666666666666,0.4178013111447302,4.960455417633057
Facebook,12,73,149,0.1,0.5,12,0.267599476985832,0.01616161616161616,0.5201714573877962,5.116483688354492
Facebook,12,73,149,0.1,0.5,13,0.2604052415962779,0.03,0.5542107917297024,4.897602558135986
Facebook,12,73,149,0.1,0.5,14,0.26623016660503873,0.03333333333333333,0.6283408976298538,5.077843189239502
Facebook,12,73,149,0.1,0.5,15,0.26214439825745134,0.022222222222222223,0.6260716086737267,4.875234127044678
Facebook,12,73,149,0.1,0.5,16,0.2564888575609223,0.024242424242424242,0.4803328290468986,5.134282112121582
Facebook,12,73,149,0.1,0.5,17,0.27168182874553254,0.025396825396825397,0.5418557740796772,4.895539999008179
Facebook,12,73,149,0.1,0.5,18,0.2776048189514341,0.028070175438596492,0.5310136157337367,5.062502145767212
Facebook,12,73,149,0.1,0.5,19,0.2640590939049336,0.021505376344086023,0.691880988401412,4.975369930267334
Facebook,12,73,149,0.1,0.5,20,0.27025164578946165,0.025,0.6227937468482098,5.0658018589019775
Facebook,12,73,149,0.1,0.5,21,0.25879942615985024,0.01616161616161616,0.5635400907715582,4.97358775138855
Facebook,12,73,149,0.1,0.5,22,0.2651856569451957,0.01904761904761905,0.6016137165910237,5.156501054763794
Facebook,12,73,149,0.1,0.5,23,0.27656066767154885,0.0392156862745098,0.6348966212808875,4.995704650878906
Facebook,12,73,149,0.1,0.5,24,0.24762252678335991,0.02857142857142857,0.58119011598588,5.178168535232544
Facebook,12,73,149,0.1,0.5,25,0.2241664877914806,0.040740740740740744,0.7123045890065557,4.932797431945801
Facebook,12,73,223,0.15,0.5,1,0.2582424498671511,0.043137254901960784,0.7839132627332325,5.073798179626465
Facebook,12,73,223,0.15,0.5,2,0.2416216199183122,0.022222222222222223,0.5070600100857287,4.893821954727173
Facebook,12,73,223,0.15,0.5,3,0.25913287704845017,0.02318840579710145,0.48537569339384773,5.095752477645874
Facebook,12,73,223,0.15,0.5,4,0.26640350162204784,0.023076923076923078,0.6671709531013615,4.886185884475708
Facebook,12,73,223,0.15,0.5,5,0.2524021960442725,0.022988505747126436,0.6202723146747352,5.075894594192505
Facebook,12,73,223,0.15,0.5,6,0.28061262740930504,0.027160493827160494,0.6875945537065052,4.911543607711792
Facebook,12,73,223,0.15,0.5,7,0.2709129197502333,0.0125,0.405446293494705,5.13031530380249
Facebook,12,73,223,0.15,0.5,8,0.2839874313722634,0.016091954022988506,0.40670700958144224,4.8561272621154785
Facebook,12,73,223,0.15,0.5,9,0.2722256450605077,0.03,0.5806858295511851,5.127573251724243
Facebook,12,73,223,0.15,0.5,10,0.2494918832754899,0.022222222222222223,0.5821986888552698,4.951955795288086
Facebook,12,73,223,0.15,0.5,11,0.2850283816194349,0.014583333333333334,0.45537065052950076,5.170443058013916
Facebook,12,73,223,0.15,0.5,12,0.2642136173196957,0.018666666666666668,0.5,4.929867506027222
Facebook,12,73,223,0.15,0.5,13,0.27584502283203044,0.046153846153846156,0.6152294503277862,5.065775156021118
Facebook,12,73,223,0.15,0.5,14,0.2836746435686082,0.02318840579710145,0.5088250126071608,4.906409740447998
Facebook,12,73,223,0.15,0.5,15,0.2948546089300819,0.03,0.5627836611195158,5.095422744750977
Facebook,12,73,223,0.15,0.5,16,0.264213804922846,0.02857142857142857,0.5885022692889561,4.880554676055908
Facebook,12,73,223,0.15,0.5,17,0.252413796846596,0.03529411764705882,0.59505799293999,5.0726096630096436
Facebook,12,73,223,0.15,0.5,18,0.24575139404300267,0.024242424242424242,0.5786686838124054,4.925957202911377
Facebook,12,73,223,0.15,0.5,19,0.24769877062117585,0.023333333333333334,0.4558749369641957,5.097632646560669
Facebook,12,73,223,0.15,0.5,20,0.29723968621349867,0.03,0.5859808371154815,4.858966588973999
Facebook,12,73,223,0.15,0.5,21,0.2317521467103817,0.0375,0.6116994452849218,5.127250671386719
Facebook,12,73,223,0.15,0.5,22,0.2753145777171828,0.02666666666666667,0.4969742813918306,5.005753755569458
Facebook,12,73,223,0.15,0.5,23,0.2753495893098315,0.031578947368421054,0.6227937468482098,5.174851655960083
Facebook,12,73,223,0.15,0.5,24,0.2775154920671553,0.03333333333333333,0.6956631366616238,4.949108600616455
Facebook,12,73,223,0.15,0.5,25,0.29124709546759864,0.03333333333333333,0.5723651033787192,5.109806776046753
Facebook,12,73,297,0.2,0.5,1,0.28051743129108414,0.03529411764705882,0.5794251134644478,4.8918445110321045
Facebook,12,73,297,0.2,0.5,2,0.27787570320461646,0.01764705882352941,0.5231971759959657,5.086347341537476
Facebook,12,73,297,0.2,0.5,3,0.2527150467977615,0.014285714285714285,0.4707513867876954,4.902442932128906
Facebook,12,73,297,0.2,0.5,4,0.27281377622736236,0.01904761904761905,0.38779626828038327,5.100914001464844
Facebook,12,73,297,0.2,0.5,5,0.28247611082781915,0.030555555555555555,0.6631366616238024,4.908613920211792
Facebook,12,73,297,0.2,0.5,6,0.27030548186361536,0.024,0.5746343923348461,5.107475757598877
Facebook,12,73,297,0.2,0.5,7,0.2384088293059509,0.025396825396825397,0.6361573373676248,4.967863082885742
Facebook,12,73,297,0.2,0.5,8,0.2621505011461117,0.031578947368421054,0.5796772566817953,5.112063646316528
Facebook,12,73,297,0.2,0.5,9,0.2702807349409543,0.014583333333333334,0.4357034795763994,4.955054998397827
Facebook,12,73,297,0.2,0.5,10,0.28687509779338494,0.020512820512820513,0.5264750378214826,5.175477504730225
Facebook,12,73,297,0.2,0.5,11,0.27360529367400865,0.03,0.5741301059001512,4.977097988128662
Facebook,12,73,297,0.2,0.5,12,0.27078941258473516,0.02857142857142857,0.5393343419062028,5.11767840385437
Facebook,12,73,297,0.2,0.5,13,0.27433836307522075,0.03333333333333333,0.6318709026727181,4.880711793899536
Facebook,12,73,297,0.2,0.5,14,0.2871050780303462,0.019753086419753086,0.46671709531013617,5.117889165878296
Facebook,12,73,297,0.2,0.5,15,0.2687345213287613,0.019753086419753086,0.5416036308623298,4.896653890609741
Facebook,12,73,297,0.2,0.5,16,0.2554413112907565,0.02666666666666667,0.553958648512355,5.089209794998169
Facebook,12,73,297,0.2,0.5,17,0.28485587292980447,0.03,0.5552193645990923,4.906865358352661
Facebook,12,73,297,0.2,0.5,18,0.2581327412886739,0.028070175438596492,0.5597579425113465,5.09603214263916
Facebook,12,73,297,0.2,0.5,19,0.2732499404433532,0.019753086419753086,0.5398386283408976,4.867699861526489
Facebook,12,73,297,0.2,0.5,20,0.27700833088867144,0.030303030303030304,0.6391830559757943,5.0906829833984375
Facebook,12,73,297,0.2,0.5,21,0.24350843158630842,0.01728395061728395,0.4422592032274332,4.974862575531006
Facebook,12,73,297,0.2,0.5,22,0.28549897955855563,0.02142857142857143,0.6585980837115482,5.198122024536133
Facebook,12,73,297,0.2,0.5,23,0.2753063085325149,0.03508771929824561,0.66238023197176,4.931406021118164
Facebook,12,73,297,0.2,0.5,24,0.26901609562575396,0.025396825396825397,0.5037821482602118,5.088383197784424
Facebook,12,73,297,0.2,0.5,25,0.2867323931033421,0.018666666666666668,0.4079677256681795,4.9083311557769775
Facebook,12,73,372,0.25,0.5,1,0.24387273688741049,0.022222222222222223,0.5905194150277358,5.1147379875183105
Facebook,12,73,372,0.25,0.5,2,0.24529869854883773,0.02962962962962963,0.5252143217347454,4.896703720092773
Facebook,12,73,372,0.25,0.5,3,0.25447739008424436,0.02142857142857143,0.6016137165910237,5.121013164520264
Facebook,12,73,372,0.25,0.5,4,0.25865682306465604,0.04,0.5774079677256682,4.887066602706909
Facebook,12,73,372,0.25,0.5,5,0.25607840928031605,0.04285714285714286,0.6036308623298033,5.171504020690918
Facebook,12,73,372,0.25,0.5,6,0.2513827644221774,0.03,0.6359051941502774,4.889002084732056
Facebook,12,73,372,0.25,0.5,7,0.267768590316592,0.01839080459770115,0.5315179021684316,5.1848790645599365
Facebook,12,73,372,0.25,0.5,8,0.2597432226477279,0.023076923076923078,0.5922844175491679,5.043580770492554
Facebook,12,73,372,0.25,0.5,9,0.25858482502685576,0.021212121212121213,0.46999495713565304,5.167665719985962
Facebook,12,73,372,0.25,0.5,10,0.27250618310807856,0.017391304347826087,0.4102370146243066,4.949889421463013
Facebook,12,73,372,0.25,0.5,11,0.2636325956082965,0.016666666666666666,0.39813414019162885,5.093537330627441
Facebook,12,73,372,0.25,0.5,12,0.26202019280059957,0.035555555555555556,0.47705496722138174,4.895245313644409
Facebook,12,73,372,0.25,0.5,13,0.27720226377650486,0.03333333333333333,0.5320221886031266,5.117144823074341
Facebook,12,73,372,0.25,0.5,14,0.22368098239923878,0.027777777777777776,0.6719616742309632,4.928498029708862
Facebook,12,73,372,0.25,0.5,15,0.2728508227064431,0.023655913978494623,0.7599596570852244,5.102508068084717
Facebook,12,73,372,0.25,0.5,16,0.25856732884057415,0.022222222222222223,0.5816944024205749,4.932161569595337
Facebook,12,73,372,0.25,0.5,17,0.27307981137841963,0.01904761904761905,0.42939989914271304,5.163872718811035
Facebook,12,73,372,0.25,0.5,18,0.2769189033125766,0.024,0.6583459404942007,4.9321630001068115
Facebook,12,73,372,0.25,0.5,19,0.2652108542250293,0.028070175438596492,0.5703479576399395,5.1878437995910645
Facebook,12,73,372,0.25,0.5,20,0.27371553359529893,0.03,0.5448814926878467,5.018422603607178
Facebook,12,73,372,0.25,0.5,21,0.24723697784573065,0.05128205128205128,0.7087745839636914,5.154447555541992
Facebook,12,73,372,0.25,0.5,22,0.2518258197015451,0.024242424242424242,0.5121028744326778,4.927347898483276
Facebook,12,73,372,0.25,0.5,23,0.22437931002323983,0.05128205128205128,0.6628845184064549,5.105498552322388
Facebook,12,73,372,0.25,0.5,24,0.26280832915276003,0.02666666666666667,0.5774079677256682,4.897778749465942
Facebook,12,73,372,0.25,0.5,25,0.24640009823204237,0.029333333333333333,0.77029752899647,5.11676025390625
Facebook,12,73,446,0.3,0.5,1,0.2885906744659668,0.0375,0.6152294503277862,4.913587808609009
Facebook,12,73,446,0.3,0.5,2,0.2670073301169779,0.035555555555555556,0.5337871911245587,5.133659839630127
Facebook,12,73,446,0.3,0.5,3,0.27362626607192525,0.025,0.5907715582450832,4.937729358673096
Facebook,12,73,446,0.3,0.5,4,0.22930931476949798,0.021333333333333333,0.5226928895612708,5.14669132232666
Facebook,12,73,446,0.3,0.5,5,0.27865335973558847,0.02962962962962963,0.5030257186081695,4.9847729206085205
Facebook,12,73,446,0.3,0.5,6,0.2619777565149517,0.019444444444444445,0.4528492183560262,5.186874628067017
Facebook,12,73,446,0.3,0.5,7,0.2689798617505509,0.02962962962962963,0.5516893595562279,4.988808631896973
Facebook,12,73,446,0.3,0.5,8,0.2603100343253828,0.02857142857142857,0.5590015128593041,5.110983371734619
Facebook,12,73,446,0.3,0.5,9,0.26310669350771154,0.01935483870967742,0.616238023197176,4.896925449371338
Facebook,12,73,446,0.3,0.5,10,0.26229532656182,0.03,0.5615229450327787,5.124036073684692
Facebook,12,73,446,0.3,0.5,11,0.274878117424467,0.02666666666666667,0.49848714069591527,4.91208815574646
Facebook,12,73,446,0.3,0.5,12,0.26899163662810416,0.02608695652173913,0.5965708522440747,5.12444806098938
Facebook,12,73,446,0.3,0.5,13,0.2608037172523947,0.04,0.6114473020675744,4.934869289398193
Facebook,12,73,446,0.3,0.5,14,0.2745843488963963,0.017948717948717947,0.5060514372163388,5.174777269363403
Facebook,12,73,446,0.3,0.5,15,0.2738653415576616,0.022988505747126436,0.6724659606656581,4.9428391456604
Facebook,12,73,446,0.3,0.5,16,0.2811110896690387,0.022222222222222223,0.6061522945032779,5.183682203292847
Facebook,12,73,446,0.3,0.5,17,0.2710214702311265,0.02666666666666667,0.5098335854765507,4.998909950256348
Facebook,12,73,446,0.3,0.5,18,0.26784589401371206,0.02666666666666667,0.5385779122541604,5.1599743366241455
Facebook,12,73,446,0.3,0.5,19,0.28313791267418875,0.028985507246376812,0.6515380736258195,4.921214818954468
Facebook,12,73,446,0.3,0.5,20,0.2628245271212938,0.02564102564102564,0.6560766515380736,5.1168434619903564
Facebook,12,73,446,0.3,0.5,21,0.26261594499712193,0.028070175438596492,0.5030257186081695,4.890366554260254
Facebook,12,73,446,0.3,0.5,22,0.2503854167528323,0.01904761904761905,0.5587493696419567,5.126875400543213
Facebook,12,73,446,0.3,0.5,23,0.23762949331505676,0.041666666666666664,0.5927887039838629,4.877291440963745
Facebook,12,73,446,0.3,0.5,24,0.2568581712385411,0.025925925925925925,0.4826021180030257,5.1720592975616455
Facebook,12,73,446,0.3,0.5,25,0.2661784838484349,0.02666666666666667,0.46394351991931415,4.910978317260742
Facebook,12,73,520,0.35,0.5,1,0.23691276071167608,0.037037037037037035,0.6588502269288956,5.205121755599976
Facebook,12,73,520,0.35,0.5,2,0.27611435098712966,0.021333333333333333,0.4518406454866364,5.000636577606201
Facebook,12,73,520,0.35,0.5,3,0.26776568714409793,0.037037037037037035,0.656328794755421,5.164516448974609
Facebook,12,73,520,0.35,0.5,4,0.29612886030481844,0.025396825396825397,0.5,4.9251039028167725
Facebook,12,73,520,0.35,0.5,5,0.28239544006447376,0.019753086419753086,0.5080685829551185,5.1206865310668945
Facebook,12,73,520,0.35,0.5,6,0.26355232377110543,0.021212121212121213,0.4263741805345436,4.968827962875366
Facebook,12,73,520,0.35,0.5,7,0.2685026252957726,0.01875,0.5960665658093798,5.123161792755127
Facebook,12,73,520,0.35,0.5,8,0.2554868726605586,0.02666666666666667,0.6696923852748361,4.926145315170288
Facebook,12,73,520,0.35,0.5,9,0.2745511288788068,0.016666666666666666,0.43973777105395867,5.107693672180176
Facebook,12,73,520,0.35,0.5,10,0.26087312169857546,0.035555555555555556,0.5095814422592032,4.887162446975708
Facebook,12,73,520,0.35,0.5,11,0.2476774842279528,0.018666666666666668,0.5010085728693898,5.1605446338653564
Facebook,12,73,520,0.35,0.5,12,0.290012034712812,0.02142857142857143,0.6079172970247101,5.013453245162964
Facebook,12,73,520,0.35,0.5,13,0.291887195994432,0.02727272727272727,0.637922339889057,5.188883066177368
Facebook,12,73,520,0.35,0.5,14,0.26555842938672247,0.02666666666666667,0.6449823499747857,4.933151960372925
Facebook,12,73,520,0.35,0.5,15,0.2369600771498146,0.0380952380952381,0.7997982854261221,5.117035627365112
Facebook,12,73,520,0.35,0.5,16,0.26827422295169073,0.020512820512820513,0.478315683308119,4.93481707572937
Facebook,12,73,520,0.35,0.5,17,0.26360573082197675,0.015384615384615385,0.4236006051437216,5.127152442932129
Facebook,12,73,520,0.35,0.5,18,0.2681344193700768,0.020512820512820513,0.5456379223398891,4.909055709838867
Facebook,12,73,520,0.35,0.5,19,0.2684444876613212,0.044444444444444446,0.6533030761472517,5.127307891845703
Facebook,12,73,520,0.35,0.5,20,0.26710182682526307,0.018666666666666668,0.5181543116490166,4.980643272399902
Facebook,12,73,520,0.35,0.5,21,0.26606530981634935,0.02456140350877193,0.4301563287947554,5.133609294891357
Facebook,12,73,520,0.35,0.5,22,0.26167960730156203,0.05128205128205128,0.6898638426626323,5.005052328109741
Facebook,12,73,520,0.35,0.5,23,0.2706407916478462,0.03529411764705882,0.5867372667675239,5.211019992828369
Facebook,12,73,520,0.35,0.5,24,0.23923812788263063,0.03,0.5892586989409985,4.938565731048584
Facebook,12,73,520,0.35,0.5,25,0.2521409965185816,0.024242424242424242,0.47705496722138174,5.1508777141571045
Facebook,12,73,594,0.4,0.5,1,0.26834298903243115,0.03492063492063492,0.716338880484115,4.919427394866943
Facebook,12,73,594,0.4,0.5,2,0.2564266953481495,0.03529411764705882,0.5885022692889561,5.140358209609985
Facebook,12,73,594,0.4,0.5,3,0.2577137019865606,0.016666666666666666,0.6822995461422088,4.922653913497925
Facebook,12,73,594,0.4,0.5,4,0.2708977404230733,0.022222222222222223,0.591780131114473,5.131488084793091
Facebook,12,73,594,0.4,0.5,5,0.29568201881172207,0.014583333333333334,0.5242057488653555,4.961392164230347
Facebook,12,73,594,0.4,0.5,6,0.2595268266902357,0.03529411764705882,0.6006051437216339,5.132998943328857
Facebook,12,73,594,0.4,0.5,7,0.2778965671436694,0.025396825396825397,0.5363086232980333,4.995861768722534
Facebook,12,73,594,0.4,0.5,8,0.26646168622785565,0.04583333333333333,0.6875945537065052,5.18219518661499
Facebook,12,73,594,0.4,0.5,9,0.2660770380759257,0.02456140350877193,0.4773071104387292,4.93807578086853
Facebook,12,73,594,0.4,0.5,10,0.27062151683884605,0.023076923076923078,0.6389309127584468,5.1297831535339355
Facebook,12,73,594,0.4,0.5,11,0.281182726190321,0.016666666666666666,0.5577407967725668,4.923099517822266
Facebook,12,73,594,0.4,0.5,12,0.24058599589821836,0.022222222222222223,0.494452849218356,5.1498918533325195
Facebook,12,73,594,0.4,0.5,13,0.2677416212592579,0.05641025641025641,0.7196167423096319,4.927885293960571
Facebook,12,73,594,0.4,0.5,14,0.26888504098867866,0.025,0.591780131114473,5.128815412521362
Facebook,12,73,594,0.4,0.5,15,0.2584670378784311,0.027160493827160494,0.6580937972768532,5.031078815460205
Facebook,12,73,594,0.4,0.5,16,0.2501511019255294,0.04,0.5642965204236006,5.10170841217041
Facebook,12,73,594,0.4,0.5,17,0.26800457454823284,0.03,0.5630358043368633,5.000239372253418
Facebook,12,73,594,0.4,0.5,18,0.26400586908891377,0.025,0.6041351487644983,5.213258504867554
Facebook,12,73,594,0.4,0.5,19,0.28503277267101046,0.02318840579710145,0.4989914271306102,4.961421012878418
Facebook,12,73,594,0.4,0.5,20,0.2698360221174073,0.02318840579710145,0.5915279878971256,5.128186225891113
Facebook,12,73,594,0.4,0.5,21,0.27117423970240473,0.03666666666666667,0.8103883005547151,4.915271997451782
Facebook,12,73,594,0.4,0.5,22,0.23874932663719042,0.02727272727272727,0.5716086737266768,5.14495325088501
Facebook,12,73,594,0.4,0.5,23,0.23392822875091196,0.027777777777777776,0.6797781139687342,4.9199748039245605
Facebook,12,73,594,0.4,0.5,24,0.2834297315680561,0.019753086419753086,0.5789208270297529,5.1646504402160645
Facebook,12,73,594,0.4,0.5,25,0.22201219740106562,0.020512820512820513,0.5330307614725164,4.988656759262085
Facebook,12,73,669,0.45,0.5,1,0.2500084547274243,0.04583333333333333,0.7274331820474029,5.1158788204193115
Facebook,12,73,669,0.45,0.5,2,0.279506319531865,0.041666666666666664,0.6777609682299546,5.01359748840332
Facebook,12,73,669,0.45,0.5,3,0.270252346073467,0.028070175438596492,0.5479072112960162,5.230210781097412
Facebook,12,73,669,0.45,0.5,4,0.2697218692336198,0.025,0.6031265758951084,4.948008060455322
Facebook,12,73,669,0.45,0.5,5,0.2672059688275156,0.0392156862745098,0.632375189107413,5.162967205047607
Facebook,12,73,669,0.45,0.5,6,0.2576951604627991,0.020689655172413793,0.6101865859808371,4.928263902664185
Facebook,12,73,669,0.45,0.5,7,0.26092396552208236,0.0375,0.605648008068583,5.14439058303833
Facebook,12,73,669,0.45,0.5,8,0.24185724814274745,0.037037037037037035,0.653555219364599,4.93156623840332
Facebook,12,73,669,0.45,0.5,9,0.2751053478212283,0.01839080459770115,0.5292486132123045,5.147350549697876
Facebook,12,73,669,0.45,0.5,10,0.275604649166549,0.015555555555555555,0.45259707513867875,4.995468854904175
Facebook,12,73,669,0.45,0.5,11,0.24685248028055468,0.01904761904761905,0.578416540595058,5.156657457351685
Facebook,12,73,669,0.45,0.5,12,0.2840392367559038,0.022222222222222223,0.4044377206253152,5.00388240814209
Facebook,12,73,669,0.45,0.5,13,0.28637194230815965,0.031746031746031744,0.6961674230963187,5.217747688293457
Facebook,12,73,669,0.45,0.5,14,0.26259241622874835,0.041666666666666664,0.597327281896117,4.923068046569824
Facebook,12,73,669,0.45,0.5,15,0.2677231588918549,0.03492063492063492,0.7390317700453858,5.1615800857543945
Facebook,12,73,669,0.45,0.5,16,0.27146889273650543,0.01839080459770115,0.5007564296520424,4.916847229003906
Facebook,12,73,669,0.45,0.5,17,0.2900287473984297,0.01904761904761905,0.5431164901664145,5.142596244812012
Facebook,12,73,669,0.45,0.5,18,0.27464691466104274,0.01904761904761905,0.5100857286938981,4.963320016860962
Facebook,12,73,669,0.45,0.5,19,0.27637802216171126,0.022222222222222223,0.4319213313161876,5.1462318897247314
Facebook,12,73,669,0.45,0.5,20,0.2621880589339622,0.041666666666666664,0.6921331316187594,4.9108617305755615
Facebook,12,73,669,0.45,0.5,21,0.2870702367233452,0.01904761904761905,0.397125567322239,5.222721338272095
Facebook,12,73,669,0.45,0.5,22,0.2602535929591972,0.025,0.6036308623298033,5.031822681427002
Facebook,12,73,669,0.45,0.5,23,0.2511930305122711,0.022988505747126436,0.6989409984871406,5.2189836502075195
Facebook,12,73,669,0.45,0.5,24,0.25230965713084025,0.02,0.4606656580937973,4.945467472076416
Facebook,12,73,669,0.45,0.5,25,0.26978344372222873,0.01904761904761905,0.5231971759959657,5.115217924118042
Facebook,12,73,743,0.5,0.5,1,0.2593579652410128,0.024,0.6661623802319717,4.928571701049805
Facebook,12,73,743,0.5,0.5,2,0.27295357291738626,0.01839080459770115,0.49596570852244076,5.129128456115723
Facebook,12,73,743,0.5,0.5,3,0.2706187152491186,0.042105263157894736,0.8260211800302572,4.914421081542969
Facebook,12,73,743,0.5,0.5,4,0.27493846814700923,0.047058823529411764,0.7677760968229954,5.154343605041504
Facebook,12,73,743,0.5,0.5,5,0.27759634585153714,0.03333333333333333,0.5557236510337872,4.91366982460022
Facebook,12,73,743,0.5,0.5,6,0.2737709743312439,0.017948717948717947,0.5274836106908725,5.138937950134277
Facebook,12,73,743,0.5,0.5,7,0.2644651175036057,0.046153846153846156,0.5867372667675239,4.922168016433716
Facebook,12,73,743,0.5,0.5,8,0.2924114317297008,0.02318840579710145,0.4856278366111952,5.147897481918335
Facebook,12,73,743,0.5,0.5,9,0.2711236402953133,0.022222222222222223,0.5035300050428644,4.919668197631836
Facebook,12,73,743,0.5,0.5,10,0.27453609224292286,0.017204301075268817,0.5524457892082703,5.13902735710144
Facebook,12,73,743,0.5,0.5,11,0.2500654038009009,0.0392156862745098,0.6752395360564801,4.935490131378174
Facebook,12,73,743,0.5,0.5,12,0.26304018182996075,0.028070175438596492,0.5231971759959657,5.1458046436309814
Facebook,12,73,743,0.5,0.5,13,0.2626622059810477,0.0125,0.4200706001008573,4.965872764587402
Facebook,12,73,743,0.5,0.5,14,0.2701882142225575,0.02666666666666667,0.6527987897125568,5.172266721725464
Facebook,12,73,743,0.5,0.5,15,0.274093399772664,0.01728395061728395,0.43343419062027233,5.0202672481536865
Facebook,12,73,743,0.5,0.5,16,0.2678268172486952,0.02857142857142857,0.6157337367624811,5.22954797744751
Facebook,12,73,743,0.5,0.5,17,0.2731478388277394,0.021333333333333333,0.4730206757438225,5.066797733306885
Facebook,12,73,743,0.5,0.5,18,0.3050861150148655,0.016666666666666666,0.5650529500756429,5.232905387878418
Facebook,12,73,743,0.5,0.5,19,0.2731168351567088,0.023809523809523808,0.6167423096318709,5.03909969329834
Facebook,12,73,743,0.5,0.5,20,0.2567717045644066,0.017948717948717947,0.4760463943519919,5.235265016555786
Facebook,12,73,743,0.5,0.5,21,0.2688911501151714,0.021333333333333333,0.5345436207766011,5.043777704238892
Facebook,12,73,743,0.5,0.5,22,0.23503841718684626,0.02666666666666667,0.548915784165406,5.180436372756958
Facebook,12,73,743,0.5,0.5,23,0.26975772927311137,0.020512820512820513,0.510590015128593,4.972968101501465
Facebook,12,73,743,0.5,0.5,24,0.27027269370171164,0.031578947368421054,0.5940494200706001,5.162210702896118
Facebook,12,73,743,0.5,0.5,25,0.25537264633922413,0.022222222222222223,0.564548663640948,4.914181232452393
Facebook,12,73,817,0.55,0.5,1,0.2878207686204638,0.012121212121212121,0.4445284921835603,5.137406349182129
Facebook,12,73,817,0.55,0.5,2,0.2692770319560008,0.012903225806451613,0.3946041351487645,5.025410175323486
Facebook,12,73,817,0.55,0.5,3,0.27168628478383877,0.03508771929824561,0.6401916288451841,5.221365213394165
Facebook,12,73,817,0.55,0.5,4,0.2528526077370911,0.024,0.621280887544125,5.002158880233765
Facebook,12,73,817,0.55,0.5,5,0.274635135478434,0.02318840579710145,0.5347957639939486,5.234228134155273
Facebook,12,73,817,0.55,0.5,6,0.2799338233499525,0.018666666666666668,0.49193141704488147,5.008975505828857
Facebook,12,73,817,0.55,0.5,7,0.2586640602198678,0.041666666666666664,0.6991931417044881,5.221413850784302
Facebook,12,73,817,0.55,0.5,8,0.2657373742771692,0.022222222222222223,0.6636409480584973,4.974980115890503
Facebook,12,73,817,0.55,0.5,9,0.2824835602681778,0.017777777777777778,0.5617750882501261,5.176137924194336
Facebook,12,73,817,0.55,0.5,10,0.2644672542453096,0.023076923076923078,0.5763993948562783,4.965534687042236
Facebook,12,73,817,0.55,0.5,11,0.25379848029775437,0.06153846153846154,0.7813918305597579,5.1694605350494385
Facebook,12,73,817,0.55,0.5,12,0.26652629337581685,0.05128205128205128,0.7009581442259203,4.95842432975769
Facebook,12,73,817,0.55,0.5,13,0.2544872280656623,0.019753086419753086,0.5635400907715582,5.190541505813599
Facebook,12,73,817,0.55,0.5,14,0.2556732346718659,0.047058823529411764,0.7735753908219869,5.020836353302002
Facebook,12,73,817,0.55,0.5,15,0.2839134908754125,0.028070175438596492,0.5186585980837115,5.155707120895386
Facebook,12,73,817,0.55,0.5,16,0.24576264986708968,0.022222222222222223,0.5668179525970751,4.96113657951355
Facebook,12,73,817,0.55,0.5,17,0.24452990099293836,0.03859649122807018,0.7342410489157841,5.163272142410278
Facebook,12,73,817,0.55,0.5,18,0.25520460151854474,0.02666666666666667,0.4518406454866364,4.959730386734009
Facebook,12,73,817,0.55,0.5,19,0.25034527672507667,0.02564102564102564,0.6938981341401916,5.173038959503174
Facebook,12,73,817,0.55,0.5,20,0.2329678751322043,0.043137254901960784,0.7304589006555724,5.024203538894653
Facebook,12,73,817,0.55,0.5,21,0.2361042777744388,0.04888888888888889,0.7720625315179022,5.164158582687378
Facebook,12,73,817,0.55,0.5,22,0.2516969904287799,0.03333333333333333,0.6008572869389813,4.990097999572754
Facebook,12,73,817,0.55,0.5,23,0.26633789176979683,0.0375,0.5476550680786687,5.187501907348633
Facebook,12,73,817,0.55,0.5,24,0.27234008413460453,0.02142857142857143,0.6091780131114473,4.945165157318115
Facebook,12,73,817,0.55,0.5,25,0.2740057267562104,0.02456140350877193,0.44175491679273826,5.175406455993652
Facebook,12,73,892,0.6,0.5,1,0.2752880390828926,0.019444444444444445,0.4367120524457892,5.024296522140503
Facebook,12,73,892,0.6,0.5,2,0.26173494915324075,0.03508771929824561,0.6454866364094806,5.248701810836792
Facebook,12,73,892,0.6,0.5,3,0.26672997673822857,0.022222222222222223,0.4049420070600101,5.044786214828491
Facebook,12,73,892,0.6,0.5,4,0.2674346910678591,0.0375,0.5809379727685325,5.269931793212891
Facebook,12,73,892,0.6,0.5,5,0.2677788326159536,0.019753086419753086,0.5131114473020676,5.043249130249023
Facebook,12,73,892,0.6,0.5,6,0.2853420082463284,0.027450980392156862,0.45965708522440746,5.220561981201172
Facebook,12,73,892,0.6,0.5,7,0.25997253668832737,0.03333333333333333,0.6074130105900152,5.021098613739014
Facebook,12,73,892,0.6,0.5,8,0.3038347053498667,0.024,0.5476550680786687,5.176925420761108
Facebook,12,73,892,0.6,0.5,9,0.29589948637266344,0.03529411764705882,0.6192637418053455,4.965774059295654
Facebook,12,73,892,0.6,0.5,10,0.25964712310897736,0.03666666666666667,0.7584467977811397,5.199546575546265
Facebook,12,73,892,0.6,0.5,11,0.23177420845991598,0.027450980392156862,0.4581442259203227,4.992745637893677
Facebook,12,73,892,0.6,0.5,12,0.2471976846058421,0.0375,0.6230458900655572,5.249624013900757
Facebook,12,73,892,0.6,0.5,13,0.2928009808720849,0.021333333333333333,0.5325264750378215,5.045192003250122
Facebook,12,73,892,0.6,0.5,14,0.26854746169915167,0.022222222222222223,0.5022692889561271,5.239091634750366
Facebook,12,73,892,0.6,0.5,15,0.25016178081495866,0.028070175438596492,0.5552193645990923,5.049212694168091
Facebook,12,73,892,0.6,0.5,16,0.29544492455598453,0.02318840579710145,0.49747856782652544,5.169745683670044
Facebook,12,73,892,0.6,0.5,17,0.2720819340288315,0.041025641025641026,0.5075642965204236,4.981108903884888
Facebook,12,73,892,0.6,0.5,18,0.24066035905981092,0.02456140350877193,0.46671709531013617,5.183578014373779
Facebook,12,73,892,0.6,0.5,19,0.2543790064782903,0.02456140350877193,0.44301563287947554,5.024888038635254
Facebook,12,73,892,0.6,0.5,20,0.26711452916181716,0.022222222222222223,0.4717599596570852,5.150030136108398
Facebook,12,73,892,0.6,0.5,21,0.24614272431586473,0.0375,0.5443772062531518,4.97478461265564
Facebook,12,73,892,0.6,0.5,22,0.24007932236999877,0.041666666666666664,0.6727181038830056,5.18709659576416
Facebook,12,73,892,0.6,0.5,23,0.261171267438604,0.022222222222222223,0.6132123045890066,4.951492547988892
Facebook,12,73,892,0.6,0.5,24,0.24870680301690817,0.02857142857142857,0.5998487140695915,5.179117679595947
Facebook,12,73,892,0.6,0.5,25,0.252804710383215,0.01904761904761905,0.527231467473525,4.95976710319519
Facebook,12,73,966,0.65,0.5,1,0.2667131834758304,0.01818181818181818,0.6180030257186082,5.175304174423218
Facebook,12,73,966,0.65,0.5,2,0.2660625050390203,0.022222222222222223,0.5259707513867877,4.9773454666137695
Facebook,12,73,966,0.65,0.5,3,0.2488863178776213,0.031746031746031744,0.66238023197176,5.199078798294067
Facebook,12,73,966,0.65,0.5,4,0.27484455515632905,0.01904761904761905,0.5032778618255169,4.963623046875
Facebook,12,73,966,0.65,0.5,5,0.26926157902067216,0.014583333333333334,0.4947049924357035,5.1731743812561035
Facebook,12,73,966,0.65,0.5,6,0.2765336389323395,0.02857142857142857,0.5726172465960666,5.020150899887085
Facebook,12,73,966,0.65,0.5,7,0.2841284035564727,0.02666666666666667,0.5446293494704992,5.1929216384887695
Facebook,12,73,966,0.65,0.5,8,0.28332275864548717,0.02727272727272727,0.570600100857287,4.967650890350342
Facebook,12,73,966,0.65,0.5,9,0.2828816726836599,0.04285714285714286,0.6459909228441755,5.222870111465454
Facebook,12,73,966,0.65,0.5,10,0.26204907915352954,0.014141414141414142,0.4563792233988906,5.050651550292969
Facebook,12,73,966,0.65,0.5,11,0.2984094489406842,0.025396825396825397,0.510590015128593,5.242145776748657
Facebook,12,73,966,0.65,0.5,12,0.27483040270048653,0.028070175438596492,0.5494200706001009,5.042902946472168
Facebook,12,73,966,0.65,0.5,13,0.28624604984584184,0.021212121212121213,0.41326273323247603,5.2425737380981445
Facebook,12,73,966,0.65,0.5,14,0.2582061781246401,0.028070175438596492,0.491679273827534,5.031923055648804
Facebook,12,73,966,0.65,0.5,15,0.27798792914261067,0.02318840579710145,0.494452849218356,5.216129779815674
Facebook,12,73,966,0.65,0.5,16,0.2348292853994346,0.03333333333333333,0.6412002017145739,5.042330503463745
Facebook,12,73,966,0.65,0.5,17,0.25443033298322754,0.022222222222222223,0.5305093292990418,5.235029458999634
Facebook,12,73,966,0.65,0.5,18,0.25838126899219843,0.043137254901960784,0.6749873928391327,5.006658554077148
Facebook,12,73,966,0.65,0.5,19,0.2538033581011809,0.015555555555555555,0.45738779626828036,5.192580699920654
Facebook,12,73,966,0.65,0.5,20,0.2575926475871756,0.02727272727272727,0.5416036308623298,5.010875463485718
Facebook,12,73,966,0.65,0.5,21,0.2552482433580437,0.024242424242424242,0.5231971759959657,5.211219549179077
Facebook,12,73,966,0.65,0.5,22,0.27280714295533814,0.021333333333333333,0.4982349974785678,5.0093255043029785
Facebook,12,73,966,0.65,0.5,23,0.2674184537543499,0.02608695652173913,0.649016641452345,5.246898651123047
Facebook,12,73,966,0.65,0.5,24,0.27964076065891347,0.02318840579710145,0.5199193141704488,5.01779842376709
Facebook,12,73,966,0.65,0.5,25,0.267696593809124,0.024242424242424242,0.46923852748361067,5.233953237533569
Facebook,12,73,1040,0.7,0.5,1,0.2657949082327987,0.024691358024691357,0.6770045385779122,5.0014684200286865
Facebook,12,73,1040,0.7,0.5,2,0.2621095889454988,0.05238095238095238,0.66238023197176,5.201355218887329
Facebook,12,73,1040,0.7,0.5,3,0.27776066943114297,0.02727272727272727,0.6177508825012608,4.975028991699219
Facebook,12,73,1040,0.7,0.5,4,0.2612274506697754,0.014583333333333334,0.4518406454866364,5.191938877105713
Facebook,12,73,1040,0.7,0.5,5,0.26065968372467335,0.03333333333333333,0.6033787191124559,4.987955570220947
Facebook,12,73,1040,0.7,0.5,6,0.29113427359963306,0.013333333333333334,0.4394856278366112,5.17958664894104
Facebook,12,73,1040,0.7,0.5,7,0.28908623052856636,0.021333333333333333,0.5380736258194655,4.973660707473755
Facebook,12,73,1040,0.7,0.5,8,0.27889282835470913,0.05,0.5642965204236006,5.205048322677612
Facebook,12,73,1040,0.7,0.5,9,0.22970100417576975,0.03333333333333333,0.7723146747352496,5.012917995452881
Facebook,12,73,1040,0.7,0.5,10,0.22806863351467402,0.05238095238095238,0.6797781139687342,5.199897766113281
Facebook,12,73,1040,0.7,0.5,11,0.269206280376687,0.025,0.6018658598083712,5.030329942703247
Facebook,12,73,1040,0.7,0.5,12,0.26348887985667974,0.024242424242424242,0.5115985879979829,5.187981367111206
Facebook,12,73,1040,0.7,0.5,13,0.2595969345075673,0.01875,0.5882501260716086,5.016334533691406
Facebook,12,73,1040,0.7,0.5,14,0.25299835556339145,0.041666666666666664,0.6215330307614725,5.221590757369995
Facebook,12,73,1040,0.7,0.5,15,0.28185189922097126,0.025396825396825397,0.505547150781644,4.9955549240112305
Facebook,12,73,1040,0.7,0.5,16,0.26917927271338926,0.028070175438596492,0.5191628845184064,5.217600345611572
Facebook,12,73,1040,0.7,0.5,17,0.2717844634332973,0.028070175438596492,0.556732223903177,5.026636362075806
Facebook,12,73,1040,0.7,0.5,18,0.26308884884548284,0.031578947368421054,0.5259707513867877,5.266915798187256
Facebook,12,73,1040,0.7,0.5,19,0.26268187235437773,0.05641025641025641,0.6954109934442764,5.080413103103638
Facebook,12,73,1040,0.7,0.5,20,0.27194610151162935,0.024242424242424242,0.5030257186081695,5.259832859039307
Facebook,12,73,1040,0.7,0.5,21,0.26841656844425105,0.017204301075268817,0.4914271306101866,5.056772470474243
Facebook,12,73,1040,0.7,0.5,22,0.2573919397940817,0.03333333333333333,0.56732223903177,5.2424445152282715
Facebook,12,73,1040,0.7,0.5,23,0.24964910026601445,0.03333333333333333,0.6096822995461422,5.114206075668335
Facebook,12,73,1040,0.7,0.5,24,0.25071480696556653,0.041025641025641026,0.5163893091275845,5.2432639598846436
Facebook,12,73,1040,0.7,0.5,25,0.2776236441361946,0.02456140350877193,0.4856278366111952,4.972332239151001
Facebook,12,73,1114,0.75,0.5,1,0.24322259429085774,0.025,0.5557236510337872,5.194182634353638
Facebook,12,73,1114,0.75,0.5,2,0.254404081839203,0.044444444444444446,0.6787695410993444,5.028382301330566
Facebook,12,73,1114,0.75,0.5,3,0.26883757598949004,0.024691358024691357,0.6447302067574382,5.256930828094482
Facebook,12,73,1114,0.75,0.5,4,0.2913333146618948,0.0380952380952381,0.5821986888552698,5.061365842819214
Facebook,12,73,1114,0.75,0.5,5,0.24248948788485647,0.03508771929824561,0.6916288451840645,5.253185987472534
Facebook,12,73,1114,0.75,0.5,6,0.25243567296556224,0.023333333333333334,0.516641452344932,5.024837493896484
Facebook,12,73,1114,0.75,0.5,7,0.28291576851634065,0.02608695652173913,0.5693393847705497,5.228284597396851
Facebook,12,73,1114,0.75,0.5,8,0.2732669780959189,0.031578947368421054,0.6051437216338881,5.007256031036377
Facebook,12,73,1114,0.75,0.5,9,0.2591059075959384,0.02962962962962963,0.5380736258194655,5.211378812789917
Facebook,12,73,1114,0.75,0.5,10,0.2494308667197685,0.022222222222222223,0.5577407967725668,5.048720836639404
Facebook,12,73,1114,0.75,0.5,11,0.2650009044378996,0.031578947368421054,0.5532022188603126,5.181556701660156
Facebook,12,73,1114,0.75,0.5,12,0.2486397884278815,0.041666666666666664,0.6109430156328794,4.991785764694214
Facebook,12,73,1114,0.75,0.5,13,0.2698191179378206,0.01728395061728395,0.41427130610186585,5.198206424713135
Facebook,12,73,1114,0.75,0.5,14,0.2653800092881798,0.017204301075268817,0.5353000504286435,5.03721809387207
Facebook,12,73,1114,0.75,0.5,15,0.2736921221178617,0.03111111111111111,0.5030257186081695,5.2082602977752686
Facebook,12,73,1114,0.75,0.5,16,0.27463892593446415,0.0375,0.6144730206757438,4.994236946105957
Facebook,12,73,1114,0.75,0.5,17,0.2616091652884471,0.0392156862745098,0.6343923348461926,5.181487321853638
Facebook,12,73,1114,0.75,0.5,18,0.2573878368357514,0.037037037037037035,0.6727181038830056,4.987896203994751
Facebook,12,73,1114,0.75,0.5,19,0.27612166378204284,0.03,0.6250630358043369,5.200116395950317
Facebook,12,73,1114,0.75,0.5,20,0.2579683315148383,0.027777777777777776,0.6510337871911246,5.023640155792236
Facebook,12,73,1114,0.75,0.5,21,0.2671094034122705,0.03508771929824561,0.6522945032778619,5.224154233932495
Facebook,12,73,1114,0.75,0.5,22,0.2710404107663738,0.03,0.5774079677256682,5.0419628620147705
Facebook,12,73,1114,0.75,0.5,23,0.2706355056182556,0.023809523809523808,0.6737266767523954,5.274358034133911
Facebook,12,73,1114,0.75,0.5,24,0.2700001376634767,0.03508771929824561,0.6187594553706506,5.066684722900391
Facebook,12,73,1114,0.75,0.5,25,0.27960622063606616,0.015384615384615385,0.37846696923852746,5.266542673110962
Facebook,12,73,1189,0.8,0.5,1,0.26254016454096424,0.025,0.6031265758951084,5.074234247207642
Facebook,12,73,1189,0.8,0.5,2,0.26824930543326697,0.02666666666666667,0.4873928391326273,5.2747344970703125
Facebook,12,73,1189,0.8,0.5,3,0.2838428524546192,0.015238095238095238,0.5050428643469491,5.0490803718566895
Facebook,12,73,1189,0.8,0.5,4,0.272049735516539,0.028070175438596492,0.5887544125063036,5.214947462081909
Facebook,12,73,1189,0.8,0.5,5,0.2679803468170367,0.02,0.5892586989409985,5.013092517852783
Facebook,12,73,1189,0.8,0.5,6,0.24500861537678237,0.06153846153846154,0.7642460917801311,5.231975078582764
Facebook,12,73,1189,0.8,0.5,7,0.27906123461121995,0.01875,0.6064044377206254,5.015215873718262
Facebook,12,73,1189,0.8,0.5,8,0.28100953727454037,0.02727272727272727,0.5937972768532527,5.289727210998535
Facebook,12,73,1189,0.8,0.5,9,0.27816464948559955,0.02608695652173913,0.6225416036308623,5.064341068267822
Facebook,12,73,1189,0.8,0.5,10,0.2813380742874863,0.02666666666666667,0.7100353000504287,5.244341135025024
Facebook,12,73,1189,0.8,0.5,11,0.24542464846056447,0.03529411764705882,0.6172465960665658,5.028514623641968
Facebook,12,73,1189,0.8,0.5,12,0.227327814568391,0.02962962962962963,0.5312657589510842,5.212601900100708
Facebook,12,73,1189,0.8,0.5,13,0.26791019052763965,0.021212121212121213,0.4707513867876954,5.044734954833984
Facebook,12,73,1189,0.8,0.5,14,0.2555624919478813,0.031578947368421054,0.5895108421583459,5.204419851303101
Facebook,12,73,1189,0.8,0.5,15,0.26326555973467797,0.02666666666666667,0.49546142208774585,5.012456178665161
Facebook,12,73,1189,0.8,0.5,16,0.2622119891189161,0.03,0.6338880484114977,5.20864725112915
Facebook,12,73,1189,0.8,0.5,17,0.24166898366285527,0.017777777777777778,0.513363590519415,5.0547730922698975
Facebook,12,73,1189,0.8,0.5,18,0.2697734649219981,0.031746031746031744,0.6742309631870903,5.2242231369018555
Facebook,12,73,1189,0.8,0.5,19,0.2468783307405458,0.047619047619047616,0.6744831064044378,4.987640380859375
Facebook,12,73,1189,0.8,0.5,20,0.26526889251018626,0.025396825396825397,0.567826525466465,5.191595792770386
Facebook,12,73,1189,0.8,0.5,21,0.26672536989248813,0.022222222222222223,0.45385779122541603,5.002428293228149
Facebook,12,73,1189,0.8,0.5,22,0.26698794919131436,0.025396825396825397,0.4815935451336359,5.221270322799683
Facebook,12,73,1189,0.8,0.5,23,0.25065008156221297,0.015238095238095238,0.5161371659102371,5.010387659072876
Facebook,12,73,1189,0.8,0.5,24,0.26474166952144995,0.025,0.5718608169440242,5.2140724658966064
Facebook,12,73,1189,0.8,0.5,25,0.27367287682798547,0.014141414141414142,0.45940494200706,4.9841628074646
Facebook,12,73,1263,0.85,0.5,1,0.26071867551473665,0.017777777777777778,0.5456379223398891,5.276605129241943
Facebook,12,73,1263,0.85,0.5,2,0.27960278010948025,0.02962962962962963,0.5,5.111185789108276
Facebook,12,73,1263,0.85,0.5,3,0.23722641959813887,0.05641025641025641,0.7476046394351992,5.279514312744141
Facebook,12,73,1263,0.85,0.5,4,0.238762804095989,0.04583333333333333,0.7476046394351992,5.07275390625
Facebook,12,73,1263,0.85,0.5,5,0.2962720743771275,0.023076923076923078,0.6651538073625819,5.324166774749756
Facebook,12,73,1263,0.85,0.5,6,0.24575521103494888,0.044444444444444446,0.6016137165910237,5.120721340179443
Facebook,12,73,1263,0.85,0.5,7,0.2397125743090122,0.025,0.6709531013615734,5.218423843383789
Facebook,12,73,1263,0.85,0.5,8,0.25703473103253827,0.027777777777777776,0.6389309127584468,5.044103384017944
Facebook,12,73,1263,0.85,0.5,9,0.25816082313942657,0.028070175438596492,0.5842158345940495,5.245617628097534
Facebook,12,73,1263,0.85,0.5,10,0.27215153713128265,0.020512820512820513,0.5524457892082703,5.0280961990356445
Facebook,12,73,1263,0.85,0.5,11,0.24916322183298084,0.03,0.5781643973777105,5.278475999832153
Facebook,12,73,1263,0.85,0.5,12,0.2762322693575546,0.02456140350877193,0.42939989914271304,5.097392559051514
Facebook,12,73,1263,0.85,0.5,13,0.28418487856558383,0.03333333333333333,0.5668179525970751,5.235135316848755
Facebook,12,73,1263,0.85,0.5,14,0.2614771326487997,0.02666666666666667,0.6971759959657086,5.055203676223755
Facebook,12,73,1263,0.85,0.5,15,0.2657200061408891,0.025,0.6290973272818962,5.207342863082886
Facebook,12,73,1263,0.85,0.5,16,0.26542726062082433,0.031578947368421054,0.5663136661623802,5.037372350692749
Facebook,12,73,1263,0.85,0.5,17,0.25767393709773906,0.05,0.6006051437216339,5.212061405181885
Facebook,12,73,1263,0.85,0.5,18,0.2632044350162141,0.025396825396825397,0.48613212304589004,5.01551365852356
Facebook,12,73,1263,0.85,0.5,19,0.2611814830618995,0.02727272727272727,0.645738779626828,5.2208240032196045
Facebook,12,73,1263,0.85,0.5,20,0.2570858742232647,0.0392156862745098,0.6152294503277862,5.029554128646851
Facebook,12,73,1263,0.85,0.5,21,0.2705270157972297,0.029166666666666667,0.44402420574886536,5.218149662017822
Facebook,12,73,1263,0.85,0.5,22,0.2529410177680027,0.02528735632183908,0.705748865355522,4.997466564178467
Facebook,12,73,1263,0.85,0.5,23,0.24241139098539335,0.03333333333333333,0.6341401916288452,5.199697017669678
Facebook,12,73,1263,0.85,0.5,24,0.2728112791101972,0.02666666666666667,0.6810388300554715,5.011411190032959
Facebook,12,73,1263,0.85,0.5,25,0.24806446400063473,0.025396825396825397,0.5342914775592537,5.2114644050598145
Facebook,12,73,1337,0.9,0.5,1,0.2392314586955355,0.040740740740740744,0.7276853252647504,5.031771898269653
Facebook,12,73,1337,0.9,0.5,2,0.2694327164957495,0.02962962962962963,0.6089258698940998,5.255331039428711
Facebook,12,73,1337,0.9,0.5,3,0.26759820118957056,0.022222222222222223,0.6326273323247604,5.0558552742004395
Facebook,12,73,1337,0.9,0.5,4,0.2561798077465861,0.037037037037037035,0.6898638426626323,5.293211936950684
Facebook,12,73,1337,0.9,0.5,5,0.25002322342197886,0.030303030303030304,0.6863338376197681,5.1139068603515625
Facebook,12,73,1337,0.9,0.5,6,0.2611133803313768,0.02857142857142857,0.6111951588502269,5.290350675582886
Facebook,12,73,1337,0.9,0.5,7,0.25123074804190415,0.05,0.5438729198184569,5.0809385776519775
Facebook,12,73,1337,0.9,0.5,8,0.26412565359879664,0.04,0.5736258194654564,5.261822700500488
Facebook,12,73,1337,0.9,0.5,9,0.2646136098079227,0.044444444444444446,0.6722138174483107,5.147670745849609
Facebook,12,73,1337,0.9,0.5,10,0.25168339861193667,0.05333333333333334,0.8335854765506808,5.237190008163452
Facebook,12,73,1337,0.9,0.5,11,0.2706128717516729,0.03529411764705882,0.667423096318709,5.035625219345093
Facebook,12,73,1337,0.9,0.5,12,0.27140204097798376,0.028070175438596492,0.527231467473525,5.281145095825195
Facebook,12,73,1337,0.9,0.5,13,0.2700507295738512,0.02857142857142857,0.5302571860816944,5.0831592082977295
Facebook,12,73,1337,0.9,0.5,14,0.27778765142780676,0.02962962962962963,0.4697428139183056,5.271977663040161
Facebook,12,73,1337,0.9,0.5,15,0.24869766252701786,0.020689655172413793,0.6172465960665658,5.078303813934326
Facebook,12,73,1337,0.9,0.5,16,0.26170904391322447,0.028070175438596492,0.5413514876449823,5.23169732093811
Facebook,12,73,1337,0.9,0.5,17,0.26542407955332,0.031578947368421054,0.6195158850226928,5.027875185012817
Facebook,12,73,1337,0.9,0.5,18,0.2562504551901106,0.013725490196078431,0.5252143217347454,5.22059965133667
Facebook,12,73,1337,0.9,0.5,19,0.26497317248109453,0.020689655172413793,0.6578416540595058,5.0201802253723145
Facebook,12,73,1337,0.9,0.5,20,0.2611059419845366,0.06666666666666667,0.6976802824004035,5.236089468002319
Facebook,12,73,1337,0.9,0.5,21,0.25400368918876914,0.03,0.562279374684821,5.020250558853149
Facebook,12,73,1337,0.9,0.5,22,0.24934905726320164,0.04,0.5587493696419567,5.227702379226685
Facebook,12,73,1337,0.9,0.5,23,0.272443233424625,0.041666666666666664,0.6361573373676248,5.059331178665161
Facebook,12,73,1337,0.9,0.5,24,0.27099783476036116,0.020512820512820513,0.5438729198184569,5.231664657592773
Facebook,12,73,1337,0.9,0.5,25,0.25247518425279825,0.014814814814814815,0.4962178517397882,5.03476619720459
Facebook,12,73,1412,0.95,0.5,1,0.2675677910054641,0.01818181818181818,0.49848714069591527,5.238714694976807
Facebook,12,73,1412,0.95,0.5,2,0.28244246678109414,0.019753086419753086,0.5035300050428644,5.036909103393555
Facebook,12,73,1412,0.95,0.5,3,0.25718822862760365,0.025396825396825397,0.5549672213817448,5.2789037227630615
Facebook,12,73,1412,0.95,0.5,4,0.27448507384957094,0.0375,0.6356530509329299,5.060387372970581
Facebook,12,73,1412,0.95,0.5,5,0.23776479715228796,0.02962962962962963,0.537821482602118,5.295001268386841
Facebook,12,73,1412,0.95,0.5,6,0.2658227886545689,0.021212121212121213,0.4858799798285426,5.193089246749878
Facebook,12,73,1412,0.95,0.5,7,0.2586814906131994,0.03,0.5753908219868885,5.312604665756226
Facebook,12,73,1412,0.95,0.5,8,0.25001703506255935,0.02666666666666667,0.513363590519415,5.11177659034729
Facebook,12,73,1412,0.95,0.5,9,0.2587918045792792,0.016666666666666666,0.4641956631366616,5.2681725025177
Facebook,12,73,1412,0.95,0.5,10,0.26391204930875134,0.022222222222222223,0.7317196167423097,5.060439109802246
Facebook,12,73,1412,0.95,0.5,11,0.27292335644151944,0.021333333333333333,0.5547150781643974,5.233105897903442
Facebook,12,73,1412,0.95,0.5,12,0.2810921320237454,0.021212121212121213,0.5015128593040847,5.047605514526367
Facebook,12,73,1412,0.95,0.5,13,0.27234143391353416,0.02666666666666667,0.4929399899142713,5.266732931137085
Facebook,12,73,1412,0.95,0.5,14,0.26505723056641217,0.024691358024691357,0.6346444780635401,5.1337361335754395
Facebook,12,73,1412,0.95,0.5,15,0.2675209961615788,0.04583333333333333,0.7748361069087242,5.298275947570801
Facebook,12,73,1412,0.95,0.5,16,0.26616579253644196,0.03529411764705882,0.6336359051941503,5.059128284454346
Facebook,12,73,1412,0.95,0.5,17,0.2690667562295936,0.017777777777777778,0.507816439737771,5.236750364303589
Facebook,12,73,1412,0.95,0.5,18,0.2642533726673601,0.02318840579710145,0.49319213313161875,5.064474105834961
Facebook,12,73,1412,0.95,0.5,19,0.2814234199848488,0.014583333333333334,0.4848714069591528,5.252976655960083
Facebook,12,73,1412,0.95,0.5,20,0.26498676827295403,0.020512820512820513,0.5668179525970751,5.031053066253662
Facebook,12,73,1412,0.95,0.5,21,0.24653422226589572,0.02564102564102564,0.6923852748361069,5.234148263931274
Facebook,12,73,1412,0.95,0.5,22,0.28152265499917833,0.025,0.6200201714573877,5.029529094696045
Facebook,12,73,1412,0.95,0.5,23,0.24694739942978033,0.041025641025641026,0.5131114473020676,5.237604141235352
Facebook,12,73,1412,0.95,0.5,24,0.2501409991335341,0.04,0.8303076147251639,5.031246185302734
Facebook,12,73,1412,0.95,0.5,25,0.2658197883441708,0.014814814814814815,0.402672718103883,5.260497808456421
Facebook,12,73,1486,1,0.5,1,0.24390272901852417,0.025396825396825397,0.4742813918305598,5.030014276504517
Facebook,12,73,1486,1,0.5,2,0.2993385072901262,0.019444444444444445,0.5358043368633384,5.238082408905029
Facebook,12,73,1486,1,0.5,3,0.26790016057637295,0.020512820512820513,0.5221886031265759,5.033517122268677
Facebook,12,73,1486,1,0.5,4,0.27111752319639454,0.031578947368421054,0.5905194150277358,5.2597739696502686
Facebook,12,73,1486,1,0.5,5,0.26018188965863115,0.04,0.6124558749369642,5.0733466148376465
Facebook,12,73,1486,1,0.5,6,0.29632368935581993,0.01904761904761905,0.37922339889056983,5.359405279159546
Facebook,12,73,1486,1,0.5,7,0.25163338373913063,0.037037037037037035,0.6628845184064549,5.121737003326416
Facebook,12,73,1486,1,0.5,8,0.2616801928894635,0.035555555555555556,0.43166918809884014,5.299560070037842
Facebook,12,73,1486,1,0.5,9,0.24088508361316685,0.022222222222222223,0.5554715078164397,5.1098692417144775
Facebook,12,73,1486,1,0.5,10,0.2603607346353727,0.0392156862745098,0.7125567322239031,5.275758981704712
Facebook,12,73,1486,1,0.5,11,0.26691848713789323,0.03333333333333333,0.56732223903177,5.035750389099121
Facebook,12,73,1486,1,0.5,12,0.25121028472758666,0.013333333333333334,0.4442763489662128,5.257390975952148
Facebook,12,73,1486,1,0.5,13,0.22088451250694893,0.041666666666666664,0.6712052445789208,5.083616256713867
Facebook,12,73,1486,1,0.5,14,0.22614742947603877,0.043137254901960784,0.6971759959657086,5.300566911697388
Facebook,12,73,1486,1,0.5,15,0.26922091090955286,0.03508771929824561,0.654059505799294,5.093737602233887
Facebook,12,73,1486,1,0.5,16,0.2690337899247791,0.021333333333333333,0.5771558245083207,5.268362522125244
Facebook,12,73,1486,1,0.5,17,0.25855969618402996,0.02857142857142857,0.6238023197175996,5.066343069076538
Facebook,12,73,1486,1,0.5,18,0.2707546091784116,0.020512820512820513,0.5179021684316691,5.246670722961426
Facebook,12,73,1486,1,0.5,19,0.2681312919121384,0.01282051282051282,0.35653050932929903,5.05681848526001
Facebook,12,73,1486,1,0.5,20,0.28125951340424193,0.035555555555555556,0.43973777105395867,5.235977411270142
Facebook,12,73,1486,1,0.5,21,0.26387415176401363,0.03333333333333333,0.559505799293999,5.0663909912109375
Facebook,12,73,1486,1,0.5,22,0.27589161030832515,0.024242424242424242,0.546142208774584,5.2268452644348145
Facebook,12,73,1486,1,0.5,23,0.24143580485370977,0.02666666666666667,0.5302571860816944,5.042914152145386
Facebook,12,73,1486,1,0.5,24,0.26709634012753275,0.01616161616161616,0.5332829046898638,5.241663932800293
Facebook,12,73,1486,1,0.5,25,0.2676416429170495,0.03333333333333333,0.5592536560766516,5.02635645866394
Facebook,13,237,0,0,,0,0.794826457054387,0.0002824858757062147,0.11046817464492373,
Facebook,13,237,0,0,,0,0.8070063434420581,0.0005722460658082976,0.18358758548132562,
Facebook,13,237,0,0,,0,0.7367056924395288,0.00028368794326241134,0.022619673855865333,
Facebook,13,237,0,0,,0,0.7946840060360559,0.0002824858757062147,0.09100473435034193,
Facebook,13,237,0,0,,0,0.7983205268860537,0.0,0.006575486586007364,
Facebook,13,237,0,0,,0,0.7746899371485454,0.0005673758865248227,0.15123619147816939,
Facebook,13,237,0,0,,0,0.6964601682261485,0.0,0.01551814834297738,
Facebook,13,237,0,0,,0,0.7313640366807826,0.0002824858757062147,0.05365597054182009,
Facebook,13,237,0,0,,0,0.7390029110616915,0.0002824858757062147,0.12440820620725934,
Facebook,13,237,0,0,,0,0.7170181756325413,0.0008583690987124463,0.20173592845870594,
Facebook,13,237,0,0,,0,0.8082792115107066,0.0005722460658082976,0.04313519200420831,
Facebook,13,237,0,0,,0,0.8093949072895523,0.0002861230329041488,0.0007890583903208837,
Facebook,13,237,0,0,,0,0.7321495348714446,0.0002824858757062147,0.0967911625460284,
Facebook,13,237,0,0,,0,0.6840623204171391,0.0005747126436781609,0.24039978958442926,
Facebook,13,237,0,0,,0,0.7228945860611622,0.0005722460658082976,0.16833245660178853,
Facebook,13,237,0,0,,0,0.7060785996185436,0.0005747126436781609,0.13834823776959496,
Facebook,13,237,0,0,,0,0.6669963924961768,0.0002849002849002849,0.0194634402945818,
Facebook,13,237,0,0,,0,0.765194016084426,0.0002849002849002849,0.03682272488164124,
Facebook,13,237,0,0,,0,0.7780120960967579,0.0002824858757062147,0.13519200420831143,
Facebook,13,237,0,0,,0,0.7385804448054774,0.0005673758865248227,0.21199368753287742,
Facebook,13,237,0,0,,0,0.807058417709679,0.0002824858757062147,0.013940031562335612,
Facebook,13,237,0,0,,0,0.7292065724087475,0.0,0.011309836927932667,
Facebook,13,237,0,0,,0,0.7397702283337071,0.0005698005698005698,0.16070489216202,
Facebook,13,237,0,0,,0,0.6900721130321329,0.0,0.009468700683850605,
Facebook,13,237,0,0,,0,0.7989888135803832,0.0005747126436781609,0.13203577064702787,
Facebook,13,237,165,0.01,0.5,1,0.26616257918543496,0.010714285714285714,0.6299316149395056,5.06224799156189
Facebook,13,237,165,0.01,0.5,2,0.2709052755291513,0.007619047619047619,0.5007890583903208,4.91451096534729
Facebook,13,237,165,0.01,0.5,3,0.2793829325782484,0.006060606060606061,0.46896370331404524,5.1540138721466064
Facebook,13,237,165,0.01,0.5,4,0.25091069380923864,0.00808080808080808,0.5423461336138874,4.9311230182647705
Facebook,13,237,165,0.01,0.5,5,0.2745673567701388,0.01164021164021164,0.7403997895844292,5.145589113235474
Facebook,13,237,165,0.01,0.5,6,0.2759899058246715,0.005426356589147287,0.46370331404523935,4.94081711769104
Facebook,13,237,165,0.01,0.5,7,0.26694580384474104,0.012121212121212121,0.6564965807469753,5.144070625305176
Facebook,13,237,165,0.01,0.5,8,0.2940573115757793,0.009375,0.5791688584955287,4.908043146133423
Facebook,13,237,165,0.01,0.5,9,0.26921706100584314,0.008438818565400843,0.6462388216728038,5.146406173706055
Facebook,13,237,165,0.01,0.5,10,0.27020064166591234,0.009259259259259259,0.6909521304576539,4.923564910888672
Facebook,13,237,165,0.01,0.5,11,0.28401203590598867,0.008888888888888889,0.6501841136244082,5.144834995269775
Facebook,13,237,165,0.01,0.5,12,0.28157961975678214,0.009523809523809525,0.5578642819568648,4.901980876922607
Facebook,13,237,165,0.01,0.5,13,0.27381021656274546,0.007960199004975124,0.5491846396633351,5.13330602645874
Facebook,13,237,165,0.01,0.5,14,0.24699923904954377,0.007017543859649123,0.5299842188321936,4.898956775665283
Facebook,13,237,165,0.01,0.5,15,0.2513394763386188,0.008571428571428572,0.6283534981588638,5.157819986343384
Facebook,13,237,165,0.01,0.5,16,0.2735713181359047,0.008108108108108109,0.558916359810626,4.902291536331177
Facebook,13,237,165,0.01,0.5,17,0.2753601664906964,0.008205128205128205,0.5781167806417675,5.107082843780518
Facebook,13,237,165,0.01,0.5,18,0.26222909623137997,0.008130081300813009,0.6959495002630195,4.9327452182769775
Facebook,13,237,165,0.01,0.5,19,0.26931360758176603,0.010582010582010581,0.6572856391372962,5.124888181686401
Facebook,13,237,165,0.01,0.5,20,0.2836303252446825,0.011267605633802818,0.8227248816412415,4.925548791885376
Facebook,13,237,165,0.01,0.5,21,0.26928395990989235,0.007729468599033816,0.5804839558127302,5.1278462409973145
Facebook,13,237,165,0.01,0.5,22,0.2839828250778099,0.005031446540880503,0.4647553918990005,4.910348653793335
Facebook,13,237,165,0.01,0.5,23,0.25879422153575693,0.010526315789473684,0.5647027880063125,5.140518426895142
Facebook,13,237,165,0.01,0.5,24,0.27064638422029275,0.007692307692307693,0.5615465544450289,4.977175235748291
Facebook,13,237,165,0.01,0.5,25,0.2764973860515184,0.012345679012345678,0.6278274592319831,5.124695539474487
Facebook,13,237,827,0.05,0.5,1,0.29266605607564633,0.0073059360730593605,0.5497106785902157,4.975299119949341
Facebook,13,237,827,0.05,0.5,2,0.27745910377018607,0.008450704225352112,0.5899526564965808,5.1979429721832275
Facebook,13,237,827,0.05,0.5,3,0.2803318369727374,0.013888888888888888,0.6230931088900579,4.952804088592529
Facebook,13,237,827,0.05,0.5,4,0.27254703614372905,0.010416666666666666,0.5960021041557075,5.192654132843018
Facebook,13,237,827,0.05,0.5,5,0.27098567934305823,0.007407407407407408,0.48395581273014204,4.962506294250488
Facebook,13,237,827,0.05,0.5,6,0.2696820523133483,0.010945273631840797,0.7343503419253025,5.182971477508545
Facebook,13,237,827,0.05,0.5,7,0.28892064126602796,0.008333333333333333,0.5476065228826933,4.9775965213775635
Facebook,13,237,827,0.05,0.5,8,0.2643924222693682,0.007407407407407408,0.6028406102051552,5.202154159545898
Facebook,13,237,827,0.05,0.5,9,0.2461547239139268,0.006481481481481481,0.5028932140978433,4.948330640792847
Facebook,13,237,827,0.05,0.5,10,0.22847590201927587,0.011494252873563218,0.6514992109416097,5.19213604927063
Facebook,13,237,827,0.05,0.5,11,0.26678608917408736,0.006572769953051643,0.43477117306680696,4.983935356140137
Facebook,13,237,827,0.05,0.5,12,0.24093530304412678,0.010169491525423728,0.6146764860599684,5.175684213638306
Facebook,13,237,827,0.05,0.5,13,0.28653609128696156,0.0069767441860465115,0.6512361914781694,4.961546897888184
Facebook,13,237,827,0.05,0.5,14,0.266732298335947,0.009195402298850575,0.5,5.199620723724365
Facebook,13,237,827,0.05,0.5,15,0.2705516043153222,0.0091324200913242,0.6459758022093635,4.948176860809326
Facebook,13,237,827,0.05,0.5,16,0.25907440464879755,0.00873015873015873,0.6567596002104156,5.181175231933594
Facebook,13,237,827,0.05,0.5,17,0.26798404385586166,0.011111111111111112,0.5925828511309837,4.975434303283691
Facebook,13,237,827,0.05,0.5,18,0.29870889676455276,0.008771929824561403,0.6583377169910574,5.167683362960815
Facebook,13,237,827,0.05,0.5,19,0.2809330230981858,0.005490196078431373,0.39426617569700156,4.9951770305633545
Facebook,13,237,827,0.05,0.5,20,0.26094620487893255,0.013095238095238096,0.6951604418726985,5.187279224395752
Facebook,13,237,827,0.05,0.5,21,0.2679665786613489,0.008888888888888889,0.5299842188321936,4.9812397956848145
Facebook,13,237,827,0.05,0.5,22,0.2774579910892882,0.00821917808219178,0.5628616517622304,5.1750664710998535
Facebook,13,237,827,0.05,0.5,23,0.28641205216644783,0.005797101449275362,0.4897422409258285,4.969818353652954
Facebook,13,237,827,0.05,0.5,24,0.2959773724729512,0.006392694063926941,0.43529721199368754,5.231486082077026
Facebook,13,237,827,0.05,0.5,25,0.29490629320729694,0.008465608465608466,0.5541820094687007,5.024253606796265
Facebook,13,237,1654,0.1,0.5,1,0.2797812199092943,0.0073059360730593605,0.5142030510257759,5.363433122634888
Facebook,13,237,1654,0.1,0.5,2,0.24493651928384003,0.00676328502415459,0.46528143082588114,5.155817031860352
Facebook,13,237,1654,0.1,0.5,3,0.2822010063656669,0.005555555555555556,0.4789584429247764,5.388361215591431
Facebook,13,237,1654,0.1,0.5,4,0.2698051993379474,0.009836065573770493,0.5831141504471331,5.096097230911255
Facebook,13,237,1654,0.1,0.5,5,0.2820020974279066,0.009523809523809525,0.6099421357180431,5.262344837188721
Facebook,13,237,1654,0.1,0.5,6,0.2723034576184788,0.008743169398907104,0.518674381904261,5.040576219558716
Facebook,13,237,1654,0.1,0.5,7,0.24870366713501066,0.008823529411764706,0.5891635981062598,5.328566312789917
Facebook,13,237,1654,0.1,0.5,8,0.2663524901104941,0.008888888888888889,0.601788532351394,5.122859716415405
Facebook,13,237,1654,0.1,0.5,9,0.2581843863786151,0.00642570281124498,0.5176223040504997,5.30254054069519
Facebook,13,237,1654,0.1,0.5,10,0.26829510250633853,0.005498281786941581,0.5060494476591267,5.0797483921051025
Facebook,13,237,1654,0.1,0.5,11,0.29253675058596457,0.0071111111111111115,0.538400841662283,5.347686767578125
Facebook,13,237,1654,0.1,0.5,12,0.26916840958192945,0.007017543859649123,0.6635981062598633,5.055529832839966
Facebook,13,237,1654,0.1,0.5,13,0.25593744189751544,0.00784313725490196,0.5586533403471857,5.260047197341919
Facebook,13,237,1654,0.1,0.5,14,0.2764799971117543,0.007511737089201878,0.5657548658600736,5.0484538078308105
Facebook,13,237,1654,0.1,0.5,15,0.2511685783694724,0.008823529411764706,0.5591793792740662,5.295004606246948
Facebook,13,237,1654,0.1,0.5,16,0.26767901804063354,0.0071111111111111115,0.5231457127827459,5.046942710876465
Facebook,13,237,1654,0.1,0.5,17,0.24015211566312356,0.008205128205128205,0.5320883745397159,5.028174161911011
Facebook,13,237,1654,0.1,0.5,18,0.2759323417701831,0.00967741935483871,0.5665439242503946,5.243417739868164
Facebook,13,237,1654,0.1,0.5,19,0.27196401974921935,0.007228915662650603,0.570489216201999,5.045036554336548
Facebook,13,237,1654,0.1,0.5,20,0.272065395651073,0.007246376811594203,0.6154655444502893,5.243771076202393
Facebook,13,237,1654,0.1,0.5,21,0.27661960589778284,0.011538461538461539,0.5915307732772225,5.041732549667358
Facebook,13,237,1654,0.1,0.5,22,0.25966581161919833,0.008205128205128205,0.585744345081536,5.294764280319214
Facebook,13,237,1654,0.1,0.5,23,0.2719443567809574,0.011764705882352941,0.615202524986849,5.091406583786011
Facebook,13,237,1654,0.1,0.5,24,0.27076001621583995,0.011458333333333333,0.7958968963703315,5.337175369262695
Facebook,13,237,1654,0.1,0.5,25,0.27684535908934016,0.0077777777777777776,0.4626512361914782,5.1311986446380615
Facebook,13,237,2481,0.15,0.5,1,0.28195293603289917,0.007317073170731708,0.560757496054708,5.4466822147369385
Facebook,13,237,2481,0.15,0.5,2,0.2663783570686716,0.006666666666666667,0.4452919516044187,5.220738887786865
Facebook,13,237,2481,0.15,0.5,3,0.26501982054095996,0.007894736842105263,0.5725933719095213,5.340970754623413
Facebook,13,237,2481,0.15,0.5,4,0.3098439082254697,0.008108108108108109,0.5681220410310363,5.182708978652954
Facebook,13,237,2481,0.15,0.5,5,0.2863569330855342,0.008108108108108109,0.5647027880063125,5.432640790939331
Facebook,13,237,2481,0.15,0.5,6,0.24449093590196416,0.007407407407407408,0.5210415570752236,5.185922384262085
Facebook,13,237,2481,0.15,0.5,7,0.2676021683623207,0.009950248756218905,0.6564965807469753,5.364864110946655
Facebook,13,237,2481,0.15,0.5,8,0.270377741059505,0.006481481481481481,0.4813256180957391,5.152074098587036
Facebook,13,237,2481,0.15,0.5,9,0.2261909054750778,0.007017543859649123,0.5418200946870069,5.325457572937012
Facebook,13,237,2481,0.15,0.5,10,0.2742393557823836,0.006926406926406926,0.49447659126775384,5.160824537277222
Facebook,13,237,2481,0.15,0.5,11,0.2859310888594067,0.00903954802259887,0.5181483429773803,5.3643958568573
Facebook,13,237,2481,0.15,0.5,12,0.29846673686940806,0.007729468599033816,0.4915833771699106,5.133906126022339
Facebook,13,237,2481,0.15,0.5,13,0.28444378036312146,0.006837606837606838,0.4694897422409258,5.332670450210571
Facebook,13,237,2481,0.15,0.5,14,0.28015952378230413,0.007511737089201878,0.46738558653340345,5.187681198120117
Facebook,13,237,2481,0.15,0.5,15,0.2781983705929063,0.007692307692307693,0.5504997369805366,5.41349196434021
Facebook,13,237,2481,0.15,0.5,16,0.24452505437576902,0.00784313725490196,0.6759600210415571,5.243311405181885
Facebook,13,237,2481,0.15,0.5,17,0.2658241367312312,0.007228915662650603,0.5757496054708049,5.453004837036133
Facebook,13,237,2481,0.15,0.5,18,0.25770517408312577,0.00935672514619883,0.5402419779063651,5.213857650756836
Facebook,13,237,2481,0.15,0.5,19,0.3037175073051476,0.008602150537634409,0.5284061020515518,5.348070383071899
Facebook,13,237,2481,0.15,0.5,20,0.27563409948050344,0.007058823529411765,0.5962651236191479,5.164965867996216
Facebook,13,237,2481,0.15,0.5,21,0.26340712964188395,0.009523809523809525,0.6217780115728564,5.427183389663696
Facebook,13,237,2481,0.15,0.5,22,0.25396908450182626,0.008148148148148147,0.737506575486586,5.2311789989471436
Facebook,13,237,2481,0.15,0.5,23,0.2688129955577576,0.009195402298850575,0.5199894792214624,5.36009407043457
Facebook,13,237,2481,0.15,0.5,24,0.2385735053840668,0.0071794871794871795,0.4560757496054708,5.138383150100708
Facebook,13,237,2481,0.15,0.5,25,0.26528809097259204,0.006666666666666667,0.4800105207785376,5.3496785163879395
Facebook,13,237,3309,0.2,0.5,1,0.2611080875656938,0.006896551724137931,0.3879537085744345,5.223760604858398
Facebook,13,237,3309,0.2,0.5,2,0.2712038308378945,0.007207207207207207,0.46396633350867966,5.432301044464111
Facebook,13,237,3309,0.2,0.5,3,0.2836153618829277,0.0069767441860465115,0.5773277222514466,5.2539896965026855
Facebook,13,237,3309,0.2,0.5,4,0.2794831810546955,0.007058823529411765,0.6415044713308785,5.503309965133667
Facebook,13,237,3309,0.2,0.5,5,0.27281368737856126,0.007650273224043716,0.4421357180431352,5.307068109512329
Facebook,13,237,3309,0.2,0.5,6,0.2853931708625632,0.005982905982905983,0.48790110468174647,5.514574289321899
Facebook,13,237,3309,0.2,0.5,7,0.24073137968568903,0.0071111111111111115,0.5142030510257759,5.30367112159729
Facebook,13,237,3309,0.2,0.5,8,0.25607511089982166,0.007729468599033816,0.5278800631246712,5.49498987197876
Facebook,13,237,3309,0.2,0.5,9,0.2633401778757906,0.011111111111111112,0.6215149921094161,5.309432506561279
Facebook,13,237,3309,0.2,0.5,10,0.279924585718025,0.007407407407407408,0.5170962651236192,5.5398595333099365
Facebook,13,237,3309,0.2,0.5,11,0.27981332978867896,0.006222222222222222,0.4471330878485008,5.269760847091675
Facebook,13,237,3309,0.2,0.5,12,0.287364098115687,0.00808080808080808,0.48395581273014204,5.4537670612335205
Facebook,13,237,3309,0.2,0.5,13,0.27230051327646143,0.007207207207207207,0.5244608100999474,5.238952159881592
Facebook,13,237,3309,0.2,0.5,14,0.24437616738034393,0.00966183574879227,0.6983166754339821,5.453370571136475
Facebook,13,237,3309,0.2,0.5,15,0.27179101878248974,0.006306306306306306,0.4581799053129932,5.227685213088989
Facebook,13,237,3309,0.2,0.5,16,0.2742293869426582,0.004666666666666667,0.4679116254602841,5.457070827484131
Facebook,13,237,3309,0.2,0.5,17,0.2918540083477214,0.00821917808219178,0.5660178853235139,5.300293207168579
Facebook,13,237,3309,0.2,0.5,18,0.28000622195006325,0.006584362139917695,0.49105733824303,5.575429201126099
Facebook,13,237,3309,0.2,0.5,19,0.2542549972604992,0.005333333333333333,0.46212519726459755,5.285994052886963
Facebook,13,237,3309,0.2,0.5,20,0.27201705634023726,0.007207207207207207,0.5602314571278275,5.419553756713867
Facebook,13,237,3309,0.2,0.5,21,0.25916075225948915,0.007619047619047619,0.47343503419253025,5.284956932067871
Facebook,13,237,3309,0.2,0.5,22,0.2640007047452126,0.006060606060606061,0.48342977380326146,5.577327251434326
Facebook,13,237,3309,0.2,0.5,23,0.2715066512822919,0.009375,0.5831141504471331,5.258248805999756
Facebook,13,237,3309,0.2,0.5,24,0.2671651088287048,0.006666666666666667,0.45318253550762755,5.469376087188721
Facebook,13,237,3309,0.2,0.5,25,0.27857059849673704,0.008888888888888889,0.5565491846396633,5.24928879737854
Facebook,13,237,4136,0.25,0.5,1,0.23756139059641665,0.008955223880597015,0.5954760652288269,5.317493677139282
Facebook,13,237,4136,0.25,0.5,2,0.28474205101869193,0.01,0.6499210941609679,5.531894683837891
Facebook,13,237,4136,0.25,0.5,3,0.26264293783071596,0.010169491525423728,0.5670699631772751,5.624333620071411
Facebook,13,237,4136,0.25,0.5,4,0.2772152459556191,0.007960199004975124,0.454497632824829,5.392042875289917
Facebook,13,237,4136,0.25,0.5,5,0.27745247565320363,0.01,0.5746975276170436,5.394132614135742
Facebook,13,237,4136,0.25,0.5,6,0.2721702309728322,0.007407407407407408,0.5612835349815887,5.567160606384277
Facebook,13,237,4136,0.25,0.5,7,0.29159184769553703,0.00909090909090909,0.5878485007890584,5.368115186691284
Facebook,13,237,4136,0.25,0.5,8,0.2677701822151283,0.008695652173913044,0.569700157811678,5.571835279464722
Facebook,13,237,4136,0.25,0.5,9,0.274806606108582,0.0091324200913242,0.6002104155707523,5.303066968917847
Facebook,13,237,4136,0.25,0.5,10,0.2569031675465089,0.01004566210045662,0.730405049973698,5.532547950744629
Facebook,13,237,4136,0.25,0.5,11,0.2528800123162442,0.0071111111111111115,0.5021041557075223,5.328861474990845
Facebook,13,237,4136,0.25,0.5,12,0.27517764861008154,0.005622489959839358,0.46370331404523935,5.539915084838867
Facebook,13,237,4136,0.25,0.5,13,0.2579624066326289,0.008955223880597015,0.5652288269331931,5.391894578933716
Facebook,13,237,4136,0.25,0.5,14,0.30965927549560485,0.005614035087719298,0.5441872698579695,5.5928919315338135
Facebook,13,237,4136,0.25,0.5,15,0.2562036336918118,0.006349206349206349,0.49368753287743294,5.3979668617248535
Facebook,13,237,4136,0.25,0.5,16,0.2680368750589206,0.009523809523809525,0.5402419779063651,5.522054433822632
Facebook,13,237,4136,0.25,0.5,17,0.25015947255840076,0.008547008547008548,0.6052077853761179,5.347359895706177
Facebook,13,237,4136,0.25,0.5,18,0.2716324640594067,0.008045977011494253,0.4694897422409258,5.627228498458862
Facebook,13,237,4136,0.25,0.5,19,0.277482623208041,0.006130268199233717,0.5510257759074172,5.345043897628784
Facebook,13,237,4136,0.25,0.5,20,0.2649033484499621,0.0071794871794871795,0.44950026301946344,5.537461996078491
Facebook,13,237,4136,0.25,0.5,21,0.264890595433962,0.00990990990990991,0.6743819042609153,5.314831733703613
Facebook,13,237,4136,0.25,0.5,22,0.26210957274305585,0.009523809523809525,0.5436612309310889,5.553183078765869
Facebook,13,237,4136,0.25,0.5,23,0.27301990456138425,0.006060606060606061,0.50894266175697,5.360459327697754
Facebook,13,237,4136,0.25,0.5,24,0.27409383039498475,0.00676328502415459,0.4537085744345081,5.602006435394287
Facebook,13,237,4136,0.25,0.5,25,0.30697732957646834,0.005555555555555556,0.4289847448711205,5.425302982330322
Facebook,13,237,4963,0.3,0.5,1,0.28667354086413727,0.006392694063926941,0.5049973698053656,5.618265628814697
Facebook,13,237,4963,0.3,0.5,2,0.30063353361251743,0.006274509803921568,0.4963177275118359,5.501262903213501
Facebook,13,237,4963,0.3,0.5,3,0.22726197194853,0.010752688172043012,0.6488690163072067,5.676780462265015
Facebook,13,237,4963,0.3,0.5,4,0.2793115191796365,0.008465608465608466,0.4813256180957391,5.409621000289917
Facebook,13,237,4963,0.3,0.5,5,0.26774769436943174,0.006837606837606838,0.5184113624408206,5.614396333694458
Facebook,13,237,4963,0.3,0.5,6,0.29302338316160065,0.006837606837606838,0.5241977906365071,5.428685903549194
Facebook,13,237,4963,0.3,0.5,7,0.2561428728198034,0.004081632653061225,0.4984218832193582,5.691314697265625
Facebook,13,237,4963,0.3,0.5,8,0.2711867557422442,0.011695906432748537,0.6070489216201999,5.499718189239502
Facebook,13,237,4963,0.3,0.5,9,0.274028352586148,0.010169491525423728,0.6201998947922146,5.620690584182739
Facebook,13,237,4963,0.3,0.5,10,0.26644714482960313,0.007960199004975124,0.5305102577590741,5.435438871383667
Facebook,13,237,4963,0.3,0.5,11,0.2760594030945139,0.006818181818181818,0.617832719621252,5.68250298500061
Facebook,13,237,4963,0.3,0.5,12,0.27608987875561636,0.00980392156862745,0.6927932667017359,5.447541236877441
Facebook,13,237,4963,0.3,0.5,13,0.27040821682886734,0.005622489959839358,0.5118358758548133,5.619847297668457
Facebook,13,237,4963,0.3,0.5,14,0.259241347357467,0.006306306306306306,0.44976328248290376,5.405860424041748
Facebook,13,237,4963,0.3,0.5,15,0.27470105844192627,0.01,0.569700157811678,5.639315605163574
Facebook,13,237,4963,0.3,0.5,16,0.2637501767213327,0.006666666666666667,0.5155181483429774,5.499234914779663
Facebook,13,237,4963,0.3,0.5,17,0.27596006517563193,0.006896551724137931,0.5689110994213572,5.703298807144165
Facebook,13,237,4963,0.3,0.5,18,0.27996344920052324,0.009777777777777778,0.7301420305102577,5.41636061668396
Facebook,13,237,4963,0.3,0.5,19,0.27670307158973917,0.006666666666666667,0.43924250394529196,5.744560241699219
Facebook,13,237,4963,0.3,0.5,20,0.2679626511351018,0.008641975308641974,0.4466070489216202,5.472748279571533
Facebook,13,237,4963,0.3,0.5,21,0.2612873635961562,0.006392694063926941,0.45028932140978434,5.612522602081299
Facebook,13,237,4963,0.3,0.5,22,0.26229394405002343,0.005797101449275362,0.5625986322987901,5.426374197006226
Facebook,13,237,4963,0.3,0.5,23,0.2737173983981141,0.009836065573770493,0.5783798001052077,5.628421068191528
Facebook,13,237,4963,0.3,0.5,24,0.25144136427256986,0.006130268199233717,0.542872172540768,5.498516082763672
Facebook,13,237,4963,0.3,0.5,25,0.13508642240497729,0.000859106529209622,0.9268805891635981,5.730563402175903
Facebook,13,237,5790,0.35,0.5,1,0.27053932808553005,0.007407407407407408,0.4863229879011047,5.512423515319824
Facebook,13,237,5790,0.35,0.5,2,0.2653508477781217,0.005622489959839358,0.47948448185165704,5.776855707168579
Facebook,13,237,5790,0.35,0.5,3,0.26628354175551194,0.0053872053872053875,0.570489216201999,5.7569684982299805
Facebook,13,237,5790,0.35,0.5,4,0.2971481564082956,0.007058823529411765,0.5602314571278275,5.497241020202637
Facebook,13,237,5790,0.35,0.5,5,0.2700045310277304,0.008450704225352112,0.631246712256707,5.492748260498047
Facebook,13,237,5790,0.35,0.5,6,0.2736191041780469,0.0064516129032258064,0.5710152551288795,5.750543832778931
Facebook,13,237,5790,0.35,0.5,7,0.2521069270788503,0.005833333333333334,0.5076275644397685,5.583865404129028
Facebook,13,237,5790,0.35,0.5,8,0.2668813992637055,0.008695652173913044,0.5931088900578643,5.73811936378479
Facebook,13,237,5790,0.35,0.5,9,0.2470256402108099,0.009375,0.567859021567596,5.732834339141846
Facebook,13,237,5790,0.35,0.5,10,0.24995108358178963,0.009523809523809525,0.54471330878485,5.576944589614868
Facebook,13,237,5790,0.35,0.5,11,0.2770488584190571,0.010416666666666666,0.5941609679116254,5.489843368530273
Facebook,13,237,5790,0.35,0.5,12,0.24388285713154972,0.00990990990990991,0.6938453445554971,5.724530220031738
Facebook,13,237,5790,0.35,0.5,13,0.2564375534030205,0.009836065573770493,0.6102051551814834,5.491595506668091
Facebook,13,237,5790,0.35,0.5,14,0.28836396350969035,0.005622489959839358,0.427669647553919,5.796351432800293
Facebook,13,237,5790,0.35,0.5,15,0.2521952803332546,0.006274509803921568,0.5202524986849026,5.7753682136535645
Facebook,13,237,5790,0.35,0.5,16,0.28876320336922157,0.007017543859649123,0.5441872698579695,5.5262837409973145
Facebook,13,237,5790,0.35,0.5,17,0.2533479081767197,0.006965174129353234,0.5031562335612836,5.586105108261108
Facebook,13,237,5790,0.35,0.5,18,0.27776938821973474,0.006965174129353234,0.457127827459232,5.71974515914917
Facebook,13,237,5790,0.35,0.5,19,0.2652716651428078,0.007960199004975124,0.4994739610731194,5.487949371337891
Facebook,13,237,5790,0.35,0.5,20,0.2757170003733285,0.008333333333333333,0.527617043661231,5.699546575546265
Facebook,13,237,5790,0.35,0.5,21,0.23495035648586143,0.0071111111111111115,0.5013150973172015,5.782510757446289
Facebook,13,237,5790,0.35,0.5,22,0.25852661759895657,0.00590717299578059,0.46449237243556024,5.580999851226807
Facebook,13,237,5790,0.35,0.5,23,0.27535059160748826,0.006306306306306306,0.4355602314571278,5.543593406677246
Facebook,13,237,5790,0.35,0.5,24,0.27620125309612126,0.007894736842105263,0.5865334034718569,5.789555072784424
Facebook,13,237,5790,0.35,0.5,25,0.24173323269894986,0.00808080808080808,0.5460284061020515,5.576428413391113
Facebook,13,237,6617,0.4,0.5,1,0.23048204118922977,0.008641975308641974,0.4744871120462914,5.789896726608276
Facebook,13,237,6617,0.4,0.5,2,0.2651611703139339,0.004761904761904762,0.49658074697527615,5.789169073104858
Facebook,13,237,6617,0.4,0.5,3,0.26073941180531035,0.009230769230769232,0.5689110994213572,5.651978492736816
Facebook,13,237,6617,0.4,0.5,4,0.2616594350924439,0.0071794871794871795,0.48711204629142557,5.658227920532227
Facebook,13,237,6617,0.4,0.5,5,0.25553779203188026,0.009523809523809525,0.5386638611257233,5.797785043716431
Facebook,13,237,6617,0.4,0.5,6,0.26204358014776463,0.007526881720430108,0.48737506575486583,5.712395191192627
Facebook,13,237,6617,0.4,0.5,7,0.2550694524935551,0.00909090909090909,0.5265649658074697,5.817869186401367
Facebook,13,237,6617,0.4,0.5,8,0.22721335166072418,0.007729468599033816,0.54471330878485,5.8038012981414795
Facebook,13,237,6617,0.4,0.5,9,0.26200853452119577,0.004347826086956522,0.3784850078905839,5.6298253536224365
Facebook,13,237,6617,0.4,0.5,10,0.27555573149445567,0.00642570281124498,0.5131509731720147,5.667882204055786
Facebook,13,237,6617,0.4,0.5,11,0.26799647371040525,0.007070707070707071,0.4942135718043135,5.824394226074219
Facebook,13,237,6617,0.4,0.5,12,0.2735257385037406,0.01,0.5733824302998421,5.66536283493042
Facebook,13,237,6617,0.4,0.5,13,0.2756138930772096,0.006751054852320675,0.5252498684902683,5.856788396835327
Facebook,13,237,6617,0.4,0.5,14,0.2609349645545137,0.008888888888888889,0.5852183061546554,5.774529457092285
Facebook,13,237,6617,0.4,0.5,15,0.2280849083462656,0.009523809523809525,0.5389268805891636,5.585402965545654
Facebook,13,237,6617,0.4,0.5,16,0.27373274478409665,0.011494252873563218,0.6386112572330352,5.665674924850464
Facebook,13,237,6617,0.4,0.5,17,0.26120327826586526,0.009836065573770493,0.5715412940557602,5.862217664718628
Facebook,13,237,6617,0.4,0.5,18,0.2537312159801873,0.006666666666666667,0.4647553918990005,5.580578327178955
Facebook,13,237,6617,0.4,0.5,19,0.28418948489338536,0.0061403508771929825,0.3782219884271436,5.872569561004639
Facebook,13,237,6617,0.4,0.5,20,0.27054200368295445,0.007650273224043716,0.4647553918990005,5.852670431137085
Facebook,13,237,6617,0.4,0.5,21,0.2590795294217632,0.008658008658008658,0.6528143082588111,5.593283653259277
Facebook,13,237,6617,0.4,0.5,22,0.27744576031524687,0.008045977011494253,0.458968963703314,5.61749267578125
Facebook,13,237,6617,0.4,0.5,23,0.24116462254954613,0.007909604519774011,0.43608627038400843,5.761076211929321
Facebook,13,237,6617,0.4,0.5,24,0.262694066758031,0.008771929824561403,0.6304576538663861,5.563205003738403
Facebook,13,237,6617,0.4,0.5,25,0.263095007576495,0.012,0.5891635981062598,5.782931089401245
Facebook,13,237,7444,0.45,0.5,1,0.2728049601672467,0.008823529411764706,0.6104681746449238,5.676105976104736
Facebook,13,237,7444,0.45,0.5,2,0.2606015608818583,0.007894736842105263,0.5707522356654392,5.88907790184021
Facebook,13,237,7444,0.45,0.5,3,0.2529883832217001,0.004964539007092199,0.4613361388742767,5.849754810333252
Facebook,13,237,7444,0.45,0.5,4,0.27634139450882755,0.00903954802259887,0.5323513940031562,5.651822328567505
Facebook,13,237,7444,0.45,0.5,5,0.2876829173133311,0.007936507936507936,0.6570226196738559,5.856106758117676
Facebook,13,237,7444,0.45,0.5,6,0.2916566966341194,0.008108108108108109,0.5946870068385061,5.654834032058716
Facebook,13,237,7444,0.45,0.5,7,0.30163665967674574,0.008658008658008658,0.5828511309836928,5.865709066390991
Facebook,13,237,7444,0.45,0.5,8,0.2732054062889958,0.0071794871794871795,0.47738032614413467,5.664406776428223
Facebook,13,237,7444,0.45,0.5,9,0.22071459893670195,0.008743169398907104,0.5286691215149921,5.73840069770813
Facebook,13,237,7444,0.45,0.5,10,0.25727243303038505,0.006130268199233717,0.4713308784850079,5.880138397216797
Facebook,13,237,7444,0.45,0.5,11,0.27985569327691573,0.007729468599033816,0.5397159389794844,5.729286432266235
Facebook,13,237,7444,0.45,0.5,12,0.2627924331446193,0.00935672514619883,0.47422409258285114,5.974862813949585
Facebook,13,237,7444,0.45,0.5,13,0.26230638976423426,0.01,0.5941609679116254,5.683967590332031
Facebook,13,237,7444,0.45,0.5,14,0.2658273176031279,0.009523809523809525,0.48842714360862705,5.977408409118652
Facebook,13,237,7444,0.45,0.5,15,0.2694366503891489,0.007511737089201878,0.4789584429247764,5.886535406112671
Facebook,13,237,7444,0.45,0.5,16,0.26073808123702336,0.00642570281124498,0.5305102577590741,5.686055898666382
Facebook,13,237,7444,0.45,0.5,17,0.2662816125374255,0.009230769230769232,0.5652288269331931,5.968607425689697
Facebook,13,237,7444,0.45,0.5,18,0.2614169010597397,0.00990990990990991,0.731194108364019,5.691656827926636
Facebook,13,237,7444,0.45,0.5,19,0.29677818714921916,0.007594936708860759,0.5110468174644923,6.066206693649292
Facebook,13,237,7444,0.45,0.5,20,0.2728703087067595,0.012121212121212121,0.6638611257233035,5.6956727504730225
Facebook,13,237,7444,0.45,0.5,21,0.29017860521843397,0.008695652173913044,0.5570752235665439,5.654034614562988
Facebook,13,237,7444,0.45,0.5,22,0.2729857334902689,0.008450704225352112,0.569700157811678,5.967588186264038
Facebook,13,237,7444,0.45,0.5,23,0.2648723949465828,0.00784313725490196,0.5320883745397159,5.808984756469727
Facebook,13,237,7444,0.45,0.5,24,0.2583739598997176,0.008333333333333333,0.6275644397685429,5.951686143875122
Facebook,13,237,7444,0.45,0.5,25,0.2540014502096671,0.012244897959183673,0.6309836927932667,5.772602319717407
Facebook,13,237,8272,0.5,0.5,1,0.25862327122938,0.00966183574879227,0.6541294055760126,5.952497243881226
Facebook,13,237,8272,0.5,0.5,2,0.26508889197824587,0.007407407407407408,0.5815360336664913,6.008907318115234
Facebook,13,237,8272,0.5,0.5,3,0.256048483518003,0.009836065573770493,0.5733824302998421,5.851648569107056
Facebook,13,237,8272,0.5,0.5,4,0.2650043540634454,0.006666666666666667,0.5668069437138348,5.995614767074585
Facebook,13,237,8272,0.5,0.5,5,0.27947580279093914,0.005761316872427984,0.4963177275118359,5.8623127937316895
Facebook,13,237,8272,0.5,0.5,6,0.2650294546339257,0.00821917808219178,0.6125723303524461,5.987823486328125
Facebook,13,237,8272,0.5,0.5,7,0.2725481666532103,0.00808080808080808,0.4836927932667017,5.833124160766602
Facebook,13,237,8272,0.5,0.5,8,0.2523989539904208,0.010328638497652582,0.6846396633350867,6.077282190322876
Facebook,13,237,8272,0.5,0.5,9,0.2628893519310561,0.010101010101010102,0.6638611257233035,5.831599712371826
Facebook,13,237,8272,0.5,0.5,10,0.236864695191744,0.007619047619047619,0.5599684376643872,6.109561443328857
Facebook,13,237,8272,0.5,0.5,11,0.2641966037732009,0.008571428571428572,0.5673329826407154,5.768547534942627
Facebook,13,237,8272,0.5,0.5,12,0.267780661473555,0.008955223880597015,0.5560231457127828,6.014931678771973
Facebook,13,237,8272,0.5,0.5,13,0.2825150432497155,0.00903954802259887,0.5323513940031562,5.831114053726196
Facebook,13,237,8272,0.5,0.5,14,0.27322168625825755,0.010169491525423728,0.6486059968437664,6.027400970458984
Facebook,13,237,8272,0.5,0.5,15,0.2643661278017567,0.007960199004975124,0.49894792214623884,5.830888271331787
Facebook,13,237,8272,0.5,0.5,16,0.2750546062202765,0.00808080808080808,0.5039452919516044,5.996583700180054
Facebook,13,237,8272,0.5,0.5,17,0.24143340024622365,0.007619047619047619,0.5305102577590741,5.826030492782593
Facebook,13,237,8272,0.5,0.5,18,0.2732778454967525,0.007407407407407408,0.4379274066280905,6.087697267532349
Facebook,13,237,8272,0.5,0.5,19,0.2822272125476261,0.008465608465608466,0.5060494476591267,5.852322101593018
Facebook,13,237,8272,0.5,0.5,20,0.2683594439732451,0.007792207792207792,0.5731194108364019,6.052965402603149
Facebook,13,237,8272,0.5,0.5,21,0.27569613092249484,0.007792207792207792,0.5962651236191479,5.788446426391602
Facebook,13,237,8272,0.5,0.5,22,0.26765687101237606,0.00625,0.364281956864808,6.014283180236816
Facebook,13,237,8272,0.5,0.5,23,0.28394913864255494,0.007407407407407408,0.6059968437664387,5.855018615722656
Facebook,13,237,8272,0.5,0.5,24,0.2434737130708555,0.009009009009009009,0.6959495002630195,6.021203517913818
Facebook,13,237,8272,0.5,0.5,25,0.2649564577795621,0.00808080808080808,0.545502367175171,5.834076642990112
Facebook,13,237,9099,0.55,0.5,1,0.24684578581444014,0.0073059360730593605,0.54471330878485,6.07762336730957
Facebook,13,237,9099,0.55,0.5,2,0.25613422028406824,0.0071794871794871795,0.4463440294581799,5.955161809921265
Facebook,13,237,9099,0.55,0.5,3,0.2557143077257451,0.00784313725490196,0.5378748027354024,6.122842073440552
Facebook,13,237,9099,0.55,0.5,4,0.25303921036036114,0.008450704225352112,0.5825881115202525,5.982832193374634
Facebook,13,237,9099,0.55,0.5,5,0.27703924772949307,0.007894736842105263,0.5707522356654392,6.092508316040039
Facebook,13,237,9099,0.55,0.5,6,0.2683495799496631,0.005734767025089606,0.48395581273014204,5.873135328292847
Facebook,13,237,9099,0.55,0.5,7,0.25114686401500164,0.011494252873563218,0.6799053129931615,6.175740480422974
Facebook,13,237,9099,0.55,0.5,8,0.2609951365398419,0.006481481481481481,0.4992109416096791,5.911477327346802
Facebook,13,237,9099,0.55,0.5,9,0.2700103179325354,0.0071111111111111115,0.5391899000526039,6.173466444015503
Facebook,13,237,9099,0.55,0.5,10,0.2843243429449954,0.007960199004975124,0.5105207785376118,5.879439115524292
Facebook,13,237,9099,0.55,0.5,11,0.29334791967412527,0.007407407407407408,0.5486586007364544,6.187304258346558
Facebook,13,237,9099,0.55,0.5,12,0.2871795188543537,0.006926406926406926,0.5312993161493951,5.909282684326172
Facebook,13,237,9099,0.55,0.5,13,0.23879486867483848,0.010714285714285714,0.5996843766438716,6.216613531112671
Facebook,13,237,9099,0.55,0.5,14,0.21137030891418926,0.006481481481481481,0.4723829563387691,5.873799085617065
Facebook,13,237,9099,0.55,0.5,15,0.27199453372749893,0.007909604519774011,0.495528669121515,6.0963215827941895
Facebook,13,237,9099,0.55,0.5,16,0.26301731133684914,0.006593406593406593,0.5736454497632825,5.9639716148376465
Facebook,13,237,9099,0.55,0.5,17,0.256695105750783,0.0061403508771929825,0.4805365597054182,6.129981279373169
Facebook,13,237,9099,0.55,0.5,18,0.2703669481128711,0.00808080808080808,0.5486586007364544,5.972630500793457
Facebook,13,237,9099,0.55,0.5,19,0.26808293442962694,0.006392694063926941,0.45791688584955287,6.081559896469116
Facebook,13,237,9099,0.55,0.5,20,0.27524586505680615,0.00808080808080808,0.4760652288269332,5.92748761177063
Facebook,13,237,9099,0.55,0.5,21,0.25763129658303047,0.0071111111111111115,0.5149921094160967,6.145369291305542
Facebook,13,237,9099,0.55,0.5,22,0.2711271688443402,0.006130268199233717,0.5336664913203577,5.950918674468994
Facebook,13,237,9099,0.55,0.5,23,0.2760986703899667,0.007619047619047619,0.545502367175171,6.152867078781128
Facebook,13,237,9099,0.55,0.5,24,0.2860259549297504,0.005925925925925926,0.5504997369805366,5.903457164764404
Facebook,13,237,9099,0.55,0.5,25,0.27973099588073363,0.007960199004975124,0.5097317201472908,6.167896270751953
Facebook,13,237,9926,0.6,0.5,1,0.2794030326804622,0.007692307692307693,0.5712782745923198,6.062884569168091
Facebook,13,237,9926,0.6,0.5,2,0.2489772820874754,0.006153846153846154,0.40531299316149394,6.266198635101318
Facebook,13,237,9926,0.6,0.5,3,0.2583015763054141,0.008695652173913044,0.5912677538137823,5.963351726531982
Facebook,13,237,9926,0.6,0.5,4,0.26338431124668843,0.008205128205128205,0.5142030510257759,6.020606279373169
Facebook,13,237,9926,0.6,0.5,5,0.26689762978322634,0.0071111111111111115,0.5515518148342977,6.2041871547698975
Facebook,13,237,9926,0.6,0.5,6,0.28685861440608873,0.008695652173913044,0.6454497632824829,6.049901008605957
Facebook,13,237,9926,0.6,0.5,7,0.2829908307439646,0.008695652173913044,0.5683850604944766,6.2021589279174805
Facebook,13,237,9926,0.6,0.5,8,0.2796308097770496,0.0071111111111111115,0.5410310362966859,6.306833267211914
Facebook,13,237,9926,0.6,0.5,9,0.26022051776386623,0.008333333333333333,0.46764860599684377,6.017919063568115
Facebook,13,237,9926,0.6,0.5,10,0.2583850609219066,0.011695906432748537,0.6628090478695423,6.258824825286865
Facebook,13,237,9926,0.6,0.5,11,0.270680170010846,0.006521739130434782,0.5889005786428195,5.956335783004761
Facebook,13,237,9926,0.6,0.5,12,0.2825794181414367,0.007619047619047619,0.5189374013677012,6.246524095535278
Facebook,13,237,9926,0.6,0.5,13,0.21940572459060348,0.009150326797385621,0.5007890583903208,6.003783464431763
Facebook,13,237,9926,0.6,0.5,14,0.27629485129175385,0.00909090909090909,0.5263019463440295,6.291169166564941
Facebook,13,237,9926,0.6,0.5,15,0.2765168980842803,0.008602150537634409,0.4942135718043135,5.9716198444366455
Facebook,13,237,9926,0.6,0.5,16,0.27188220274573166,0.010101010101010102,0.6614939505523408,6.055990934371948
Facebook,13,237,9926,0.6,0.5,17,0.2597739503581253,0.00631578947368421,0.6188847974750131,6.2133753299713135
Facebook,13,237,9926,0.6,0.5,18,0.24947678797623177,0.010752688172043012,0.6570226196738559,6.0655505657196045
Facebook,13,237,9926,0.6,0.5,19,0.24216146182483406,0.007960199004975124,0.51788532351394,6.2018420696258545
Facebook,13,237,9926,0.6,0.5,20,0.28207806563393484,0.01045751633986928,0.5462914255654918,6.215384244918823
Facebook,13,237,9926,0.6,0.5,21,0.2519674408209852,0.010169491525423728,0.6251972645975802,6.003565311431885
Facebook,13,237,9926,0.6,0.5,22,0.26662518917744693,0.0073059360730593605,0.5068385060494477,6.270269870758057
Facebook,13,237,9926,0.6,0.5,23,0.2668419340673013,0.006751054852320675,0.5128879537085744,5.978014230728149
Facebook,13,237,9926,0.6,0.5,24,0.2733309112517092,0.009836065573770493,0.5618095739084692,6.207713603973389
Facebook,13,237,9926,0.6,0.5,25,0.26434230711108564,0.008205128205128205,0.5583903208837454,6.049171686172485
Facebook,13,237,10753,0.65,0.5,1,0.2680666740195721,0.009375,0.5789058390320884,6.366824388504028
Facebook,13,237,10753,0.65,0.5,2,0.23910350324547638,0.008205128205128205,0.5320883745397159,6.0855934619903564
Facebook,13,237,10753,0.65,0.5,3,0.27459246875856763,0.009009009009009009,0.6470278800631246,6.093740701675415
Facebook,13,237,10753,0.65,0.5,4,0.27265432924536426,0.006818181818181818,0.6159915833771699,6.318341493606567
Facebook,13,237,10753,0.65,0.5,5,0.27316952123376764,0.007407407407407408,0.4752761704366123,6.199310779571533
Facebook,13,237,10753,0.65,0.5,6,0.24430257968667687,0.005333333333333333,0.52682798527091,6.29246711730957
Facebook,13,237,10753,0.65,0.5,7,0.27389504475719656,0.008743169398907104,0.4994739610731194,6.326473951339722
Facebook,13,237,10753,0.65,0.5,8,0.2575662524307933,0.010344827586206896,0.6099421357180431,6.052017688751221
Facebook,13,237,10753,0.65,0.5,9,0.29264080994862257,0.005479452054794521,0.41083640189374016,6.3691089153289795
Facebook,13,237,10753,0.65,0.5,10,0.27988744642539476,0.008823529411764706,0.5996843766438716,6.0694260597229
Facebook,13,237,10753,0.65,0.5,11,0.2681287851703702,0.006521739130434782,0.5867964229352972,6.368540048599243
Facebook,13,237,10753,0.65,0.5,12,0.25745597686958616,0.006222222222222222,0.49105733824303,6.1267359256744385
Facebook,13,237,10753,0.65,0.5,13,0.2878471023247444,0.006,0.5752235665439243,6.353639364242554
Facebook,13,237,10753,0.65,0.5,14,0.2583845337561439,0.009375,0.6191478169384534,6.090612888336182
Facebook,13,237,10753,0.65,0.5,15,0.2855978418234147,0.011904761904761904,0.6667543398211467,6.140789747238159
Facebook,13,237,10753,0.65,0.5,16,0.27759431348773744,0.00808080808080808,0.53577064702788,6.357242822647095
Facebook,13,237,10753,0.65,0.5,17,0.289055948857357,0.008205128205128205,0.5570752235665439,6.189969062805176
Facebook,13,237,10753,0.65,0.5,18,0.27401655529532387,0.01,0.5673329826407154,6.311831712722778
Facebook,13,237,10753,0.65,0.5,19,0.27609566155361304,0.009523809523809525,0.5615465544450289,6.371057510375977
Facebook,13,237,10753,0.65,0.5,20,0.2994611844621501,0.007594936708860759,0.5804839558127302,6.1710045337677
Facebook,13,237,10753,0.65,0.5,21,0.26295630488007343,0.006837606837606838,0.5765386638611257,6.335196256637573
Facebook,13,237,10753,0.65,0.5,22,0.2249928263632572,0.0064516129032258064,0.4573908469226723,6.145818710327148
Facebook,13,237,10753,0.65,0.5,23,0.2689588498621882,0.005761316872427984,0.4516044187269858,6.318116188049316
Facebook,13,237,10753,0.65,0.5,24,0.2761340685308412,0.00808080808080808,0.48158863755917936,6.18515944480896
Facebook,13,237,10753,0.65,0.5,25,0.2711711522780112,0.00808080808080808,0.5355076275644398,6.312159299850464
Facebook,13,237,11580,0.7,0.5,1,0.26977908407691414,0.005982905982905983,0.47211993687532877,6.259674072265625
Facebook,13,237,11580,0.7,0.5,2,0.26483743560097495,0.0071111111111111115,0.5578642819568648,6.206051826477051
Facebook,13,237,11580,0.7,0.5,3,0.2837903837251836,0.007511737089201878,0.5602314571278275,6.459952354431152
Facebook,13,237,11580,0.7,0.5,4,0.26239120656466525,0.006741573033707865,0.6294055760126249,6.368620872497559
Facebook,13,237,11580,0.7,0.5,5,0.27754657356777773,0.01,0.5917937927406628,6.273898124694824
Facebook,13,237,11580,0.7,0.5,6,0.267421363437517,0.010416666666666666,0.6554445028932141,6.53324294090271
Facebook,13,237,11580,0.7,0.5,7,0.25857287490144465,0.007729468599033816,0.529458179905313,6.214977502822876
Facebook,13,237,11580,0.7,0.5,8,0.29620578445484624,0.007017543859649123,0.44950026301946344,6.256256580352783
Facebook,13,237,11580,0.7,0.5,9,0.26505901616082944,0.00625,0.6162546028406102,6.429585218429565
Facebook,13,237,11580,0.7,0.5,10,0.2638163064235704,0.008484848484848486,0.4363492898474487,6.512137174606323
Facebook,13,237,11580,0.7,0.5,11,0.2670908065078069,0.01090909090909091,0.5631246712256707,6.202117443084717
Facebook,13,237,11580,0.7,0.5,12,0.2550014729820333,0.006862745098039216,0.4842188321935823,6.462966680526733
Facebook,13,237,11580,0.7,0.5,13,0.26190094063637703,0.006965174129353234,0.4581799053129932,6.297759771347046
Facebook,13,237,11580,0.7,0.5,14,0.2801810493820682,0.007619047619047619,0.5449763282482903,6.217560768127441
Facebook,13,237,11580,0.7,0.5,15,0.2565756246219188,0.009523809523809525,0.5194634402945818,6.4792399406433105
Facebook,13,237,11580,0.7,0.5,16,0.2795936074026073,0.008465608465608466,0.5355076275644398,6.442670583724976
Facebook,13,237,11580,0.7,0.5,17,0.26444003025709517,0.0061403508771929825,0.4894792214623882,6.271528005599976
Facebook,13,237,11580,0.7,0.5,18,0.2719122652763111,0.006392694063926941,0.44950026301946344,6.387958765029907
Facebook,13,237,11580,0.7,0.5,19,0.2637191660169326,0.008333333333333333,0.5699631772751184,6.269104719161987
Facebook,13,237,11580,0.7,0.5,20,0.2918488816691385,0.00599250936329588,0.5407680168332457,6.30814266204834
Facebook,13,237,11580,0.7,0.5,21,0.27052144544258844,0.00784313725490196,0.5210415570752236,6.441134214401245
Facebook,13,237,11580,0.7,0.5,22,0.2573171233613473,0.010784313725490196,0.6935823250920569,6.463974237442017
Facebook,13,237,11580,0.7,0.5,23,0.26575596488722303,0.007619047619047619,0.5355076275644398,6.248241424560547
Facebook,13,237,11580,0.7,0.5,24,0.27339941403885026,0.010344827586206896,0.5560231457127828,6.4809956550598145
Facebook,13,237,11580,0.7,0.5,25,0.2459012670148021,0.011111111111111112,0.6207259337190952,6.239591598510742
Facebook,13,237,12407,0.75,0.5,1,0.2437984321373734,0.00935672514619883,0.5394529195160442,6.374241352081299
Facebook,13,237,12407,0.75,0.5,2,0.2864382175975703,0.0049382716049382715,0.39479221462388214,6.576091766357422
Facebook,13,237,12407,0.75,0.5,3,0.25715240753632684,0.00676328502415459,0.4723829563387691,6.488078594207764
Facebook,13,237,12407,0.75,0.5,4,0.2471833450606955,0.008333333333333333,0.5155181483429774,6.381489276885986
Facebook,13,237,12407,0.75,0.5,5,0.27592685915981435,0.0058823529411764705,0.6454497632824829,6.627070665359497
Facebook,13,237,12407,0.75,0.5,6,0.27132539808454587,0.004242424242424243,0.41820094687006837,6.30247163772583
Facebook,13,237,12407,0.75,0.5,7,0.2659921211716057,0.009195402298850575,0.5449763282482903,6.585042476654053
Facebook,13,237,12407,0.75,0.5,8,0.27682155270209435,0.00980392156862745,0.6601788532351394,6.357200860977173
Facebook,13,237,12407,0.75,0.5,9,0.2943779299213524,0.006222222222222222,0.49289847448711205,6.36909294128418
Facebook,13,237,12407,0.75,0.5,10,0.25773392921062366,0.008108108108108109,0.5770647027880064,6.55739164352417
Facebook,13,237,12407,0.75,0.5,11,0.28116454472928293,0.007407407407407408,0.6196738558653341,6.520829677581787
Facebook,13,237,12407,0.75,0.5,12,0.26445409180566637,0.009876543209876543,0.5468174644923725,6.378117322921753
Facebook,13,237,12407,0.75,0.5,13,0.2619300750916399,0.00676328502415459,0.4857969489742241,6.500226020812988
Facebook,13,237,12407,0.75,0.5,14,0.2641601758316049,0.006862745098039216,0.4960547080483956,6.352899551391602
Facebook,13,237,12407,0.75,0.5,15,0.27783731259771205,0.009950248756218905,0.6549184639663335,6.592583179473877
Facebook,13,237,12407,0.75,0.5,16,0.2550614553864966,0.00784313725490196,0.49894792214623884,6.289963483810425
Facebook,13,237,12407,0.75,0.5,17,0.2720063748509846,0.006837606837606838,0.5744345081536034,6.365025520324707
Facebook,13,237,12407,0.75,0.5,18,0.27580244659380965,0.008823529411764706,0.5549710678590216,6.574116945266724
Facebook,13,237,12407,0.75,0.5,19,0.25773713130149944,0.007017543859649123,0.5318253550762756,6.590522050857544
Facebook,13,237,12407,0.75,0.5,20,0.2882058305839528,0.006060606060606061,0.48158863755917936,6.411752462387085
Facebook,13,237,12407,0.75,0.5,21,0.26097311962699965,0.008465608465608466,0.5105207785376118,6.567051410675049
Facebook,13,237,12407,0.75,0.5,22,0.23102789626558842,0.0071111111111111115,0.5197264597580221,6.363529443740845
Facebook,13,237,12407,0.75,0.5,23,0.23927925868729763,0.006274509803921568,0.5491846396633351,6.574972152709961
Facebook,13,237,12407,0.75,0.5,24,0.27019067162141713,0.010344827586206896,0.5657548658600736,6.32487416267395
Facebook,13,237,12407,0.75,0.5,25,0.26865315874521,0.009195402298850575,0.5305102577590741,6.42110276222229
Facebook,13,237,13234,0.8,0.5,1,0.26254031321749216,0.00909090909090909,0.5625986322987901,6.676600217819214
Facebook,13,237,13234,0.8,0.5,2,0.2641045597178028,0.007058823529411765,0.5586533403471857,6.599565029144287
Facebook,13,237,13234,0.8,0.5,3,0.28501385717548355,0.00642570281124498,0.5405049973698054,6.503676414489746
Facebook,13,237,13234,0.8,0.5,4,0.2651201230463857,0.006130268199233717,0.5094687006838506,6.6263673305511475
Facebook,13,237,13234,0.8,0.5,5,0.2758105212754647,0.006201550387596899,0.5412940557601262,6.397439956665039
Facebook,13,237,13234,0.8,0.5,6,0.26559454725909365,0.007729468599033816,0.5265649658074697,6.697433233261108
Facebook,13,237,13234,0.8,0.5,7,0.253816915819433,0.009523809523809525,0.5531299316149395,6.439260482788086
Facebook,13,237,13234,0.8,0.5,8,0.24285920452742335,0.00909090909090909,0.5712782745923198,6.440466642379761
Facebook,13,237,13234,0.8,0.5,9,0.26399570487202545,0.00676328502415459,0.4807995791688585,6.7147743701934814
Facebook,13,237,13234,0.8,0.5,10,0.28971902039492176,0.007511737089201878,0.5289321409784324,6.614458084106445
Facebook,13,237,13234,0.8,0.5,11,0.25085831989281315,0.007511737089201878,0.5181483429773803,6.431553840637207
Facebook,13,237,13234,0.8,0.5,12,0.22590192689480504,0.008571428571428572,0.6157285639137297,6.7363293170928955
Facebook,13,237,13234,0.8,0.5,13,0.26936529883857047,0.007526881720430108,0.43529721199368754,6.3910346031188965
Facebook,13,237,13234,0.8,0.5,14,0.27866010892516085,0.01,0.5562861651762231,6.701455116271973
Facebook,13,237,13234,0.8,0.5,15,0.27113729018506116,0.007017543859649123,0.5007890583903208,6.513303756713867
Facebook,13,237,13234,0.8,0.5,16,0.2671076180000036,0.005714285714285714,0.560757496054708,6.41734766960144
Facebook,13,237,13234,0.8,0.5,17,0.28635177938962275,0.008571428571428572,0.6194108364018938,6.677534580230713
Facebook,13,237,13234,0.8,0.5,18,0.2688663695745976,0.0044444444444444444,0.4860599684376644,6.691298484802246
Facebook,13,237,13234,0.8,0.5,19,0.29088356230764306,0.006306306306306306,0.4894792214623882,6.409759998321533
Facebook,13,237,13234,0.8,0.5,20,0.2674095181691187,0.006751054852320675,0.48158863755917936,6.680659770965576
Facebook,13,237,13234,0.8,0.5,21,0.2885491507026694,0.005833333333333334,0.4468700683850605,6.504392385482788
Facebook,13,237,13234,0.8,0.5,22,0.2766560955746781,0.006751054852320675,0.4852709100473435,6.610758304595947
Facebook,13,237,13234,0.8,0.5,23,0.24164555854284683,0.00784313725490196,0.5144660704892162,6.485384464263916
Facebook,13,237,13234,0.8,0.5,24,0.24923107886309886,0.008205128205128205,0.5554971067859021,6.492208480834961
Facebook,13,237,13234,0.8,0.5,25,0.23857726978341295,0.00967741935483871,0.6078379800105208,6.625550270080566
Facebook,13,237,14062,0.85,0.5,1,0.2755027251460334,0.00676328502415459,0.44450289321409786,6.816563367843628
Facebook,13,237,14062,0.85,0.5,2,0.2848127247738537,0.006274509803921568,0.5481325618095739,6.631467580795288
Facebook,13,237,14062,0.85,0.5,3,0.27615739024970043,0.00823045267489712,0.6701735928458706,6.677501201629639
Facebook,13,237,14062,0.85,0.5,4,0.26117598792185626,0.010344827586206896,0.6315097317201472,6.586247682571411
Facebook,13,237,14062,0.85,0.5,5,0.29128452630093715,0.007619047619047619,0.49105733824303,6.842368125915527
Facebook,13,237,14062,0.85,0.5,6,0.2574784836548632,0.007017543859649123,0.5289321409784324,6.52199649810791
Facebook,13,237,14062,0.85,0.5,7,0.26190439371065494,0.007729468599033816,0.5352446081009995,6.83601450920105
Facebook,13,237,14062,0.85,0.5,8,0.2697693340901013,0.006060606060606061,0.4760652288269332,6.583470344543457
Facebook,13,237,14062,0.85,0.5,9,0.24350313904709844,0.00935672514619883,0.5436612309310889,6.7889275550842285
Facebook,13,237,14062,0.85,0.5,10,0.2583088119487992,0.0071111111111111115,0.4939505523408732,6.52739405632019
Facebook,13,237,14062,0.85,0.5,11,0.2835435743133392,0.0053872053872053875,0.48237769594950025,6.811544895172119
Facebook,13,237,14062,0.85,0.5,12,0.25623705209529446,0.005982905982905983,0.43924250394529196,6.585246324539185
Facebook,13,237,14062,0.85,0.5,13,0.25978413512058157,0.007511737089201878,0.5305102577590741,6.777336120605469
Facebook,13,237,14062,0.85,0.5,14,0.2728320295031921,0.0053639846743295016,0.4213571804313519,6.598653078079224
Facebook,13,237,14062,0.85,0.5,15,0.267849463904811,0.007692307692307693,0.5917937927406628,6.802016496658325
Facebook,13,237,14062,0.85,0.5,16,0.26594852779641015,0.007407407407407408,0.5239347711730669,6.610951662063599
Facebook,13,237,14062,0.85,0.5,17,0.26225937810813266,0.010714285714285714,0.5836401893740136,6.773279190063477
Facebook,13,237,14062,0.85,0.5,18,0.26443828640752326,0.007070707070707071,0.5068385060494477,6.5973944664001465
Facebook,13,237,14062,0.85,0.5,19,0.25086150089811343,0.010714285714285714,0.5739084692267228,6.81631326675415
Facebook,13,237,14062,0.85,0.5,20,0.2700223869048497,0.007692307692307693,0.5681220410310363,6.504706621170044
Facebook,13,237,14062,0.85,0.5,21,0.2771065500845349,0.007407407407407408,0.545502367175171,6.8046464920043945
Facebook,13,237,14062,0.85,0.5,22,0.2913699180027456,0.007894736842105263,0.6083640189374013,6.805158853530884
Facebook,13,237,14062,0.85,0.5,23,0.2480815617949838,0.007594936708860759,0.5581273014203051,6.549886703491211
Facebook,13,237,14062,0.85,0.5,24,0.26731307567875967,0.007662835249042145,0.6528143082588111,6.779869556427002
Facebook,13,237,14062,0.85,0.5,25,0.26614902499641563,0.009523809523809525,0.5286691215149921,6.596673250198364
Facebook,13,237,14889,0.9,0.5,1,0.2698860354807843,0.00676328502415459,0.4702788006312467,6.654955148696899
Facebook,13,237,14889,0.9,0.5,2,0.2637943953780365,0.006130268199233717,0.4986849026827985,6.840465068817139
Facebook,13,237,14889,0.9,0.5,3,0.2752511323539037,0.009375,0.582062072593372,6.918927431106567
Facebook,13,237,14889,0.9,0.5,4,0.2638569523601708,0.0036231884057971015,0.3534981588637559,6.70451545715332
Facebook,13,237,14889,0.9,0.5,5,0.26732857022890577,0.00821917808219178,0.5649658074697528,6.926929473876953
Facebook,13,237,14889,0.9,0.5,6,0.2666902126161319,0.006751054852320675,0.5891635981062598,6.638412237167358
Facebook,13,237,14889,0.9,0.5,7,0.27910190649072003,0.007692307692307693,0.6275644397685429,6.884114742279053
Facebook,13,237,14889,0.9,0.5,8,0.27077375519538505,0.007692307692307693,0.5547080483955813,6.715572357177734
Facebook,13,237,14889,0.9,0.5,9,0.269556543973943,0.009375,0.5778537611783272,6.918213129043579
Facebook,13,237,14889,0.9,0.5,10,0.2575284191810358,0.008108108108108109,0.6170436612309311,6.662579536437988
Facebook,13,237,14889,0.9,0.5,11,0.26729670226468755,0.00967741935483871,0.6391372961599159,6.922657012939453
Facebook,13,237,14889,0.9,0.5,12,0.28771161464530765,0.0071111111111111115,0.5944239873750657,6.695701837539673
Facebook,13,237,14889,0.9,0.5,13,0.27651320903902565,0.007017543859649123,0.5323513940031562,6.972747087478638
Facebook,13,237,14889,0.9,0.5,14,0.27377060520322694,0.0071111111111111115,0.5689110994213572,6.654285907745361
Facebook,13,237,14889,0.9,0.5,15,0.27040285702691785,0.007960199004975124,0.4800105207785376,6.896444082260132
Facebook,13,237,14889,0.9,0.5,16,0.2556581301550909,0.008955223880597015,0.5528669121514992,6.700713396072388
Facebook,13,237,14889,0.9,0.5,17,0.2597268167365338,0.007511737089201878,0.5481325618095739,6.828788995742798
Facebook,13,237,14889,0.9,0.5,18,0.2710203973692628,0.00642570281124498,0.5470804839558128,6.638455867767334
Facebook,13,237,14889,0.9,0.5,19,0.2719327249418837,0.007729468599033816,0.4950026301946344,6.934624910354614
Facebook,13,237,14889,0.9,0.5,20,0.2581383961528054,0.00784313725490196,0.5049973698053656,6.732795715332031
Facebook,13,237,14889,0.9,0.5,21,0.27121130580450475,0.006862745098039216,0.4650184113624408,6.9253151416778564
Facebook,13,237,14889,0.9,0.5,22,0.27065742223048134,0.005031446540880503,0.5562861651762231,6.681718111038208
Facebook,13,237,14889,0.9,0.5,23,0.29612968121152844,0.007407407407407408,0.5099947396107312,6.953406572341919
Facebook,13,237,14889,0.9,0.5,24,0.2618775187657719,0.007142857142857143,0.5599684376643872,6.7559709548950195
Facebook,13,237,14889,0.9,0.5,25,0.2802914407108953,0.005734767025089606,0.551814834297738,6.886753082275391
Facebook,13,237,15716,0.95,0.5,1,0.25621627544303605,0.008130081300813009,0.7077853761178328,6.7560858726501465
Facebook,13,237,15716,0.95,0.5,2,0.28527001076887726,0.01,0.5652288269331931,7.03474760055542
Facebook,13,237,15716,0.95,0.5,3,0.275054268230494,0.008743169398907104,0.5494476591267754,7.010857820510864
Facebook,13,237,15716,0.95,0.5,4,0.25275671127011706,0.009375,0.5907417148869016,6.842456340789795
Facebook,13,237,15716,0.95,0.5,5,0.2670895071401628,0.007511737089201878,0.5107837980010521,6.968776226043701
Facebook,13,237,15716,0.95,0.5,6,0.26725124883430845,0.00676328502415459,0.461599158337717,6.739915132522583
Facebook,13,237,15716,0.95,0.5,7,0.2518565863516885,0.0091324200913242,0.6165176223040505,7.0455474853515625
Facebook,13,237,15716,0.95,0.5,8,0.27485483312483633,0.006926406926406926,0.542872172540768,6.822433233261108
Facebook,13,237,15716,0.95,0.5,9,0.26480504453611003,0.006392694063926941,0.4679116254602841,7.016321659088135
Facebook,13,237,15716,0.95,0.5,10,0.27264156011179247,0.005660377358490566,0.5702261967385587,6.743193864822388
Facebook,13,237,15716,0.95,0.5,11,0.2693446557921846,0.006862745098039216,0.4463440294581799,6.99766731262207
Facebook,13,237,15716,0.95,0.5,12,0.25337838486340714,0.008205128205128205,0.5373487638085218,6.8390724658966064
Facebook,13,237,15716,0.95,0.5,13,0.25618962416779645,0.0071111111111111115,0.5536559705418201,7.083968639373779
Facebook,13,237,15716,0.95,0.5,14,0.2458032130260752,0.01,0.6162546028406102,6.832697153091431
Facebook,13,237,15716,0.95,0.5,15,0.2711799518108742,0.008108108108108109,0.5533929510783798,7.01244854927063
Facebook,13,237,15716,0.95,0.5,16,0.2540312575553877,0.011494252873563218,0.6628090478695423,6.757752418518066
Facebook,13,237,15716,0.95,0.5,17,0.2234988179223106,0.0073059360730593605,0.5391899000526039,7.0784478187561035
Facebook,13,237,15716,0.95,0.5,18,0.2703866422892706,0.006837606837606838,0.5570752235665439,6.838216066360474
Facebook,13,237,15716,0.95,0.5,19,0.26437711320030916,0.008205128205128205,0.5652288269331931,7.0308518409729
Facebook,13,237,15716,0.95,0.5,20,0.27444332155321827,0.009230769230769232,0.5620725933719095,6.718146085739136
Facebook,13,237,15716,0.95,0.5,21,0.24061241424203567,0.00935672514619883,0.545502367175171,7.0041844844818115
Facebook,13,237,15716,0.95,0.5,22,0.26152704855747677,0.008205128205128205,0.5604944765912677,6.831491947174072
Facebook,13,237,15716,0.95,0.5,23,0.25307343488265294,0.010169491525423728,0.6154655444502893,7.0423970222473145
Facebook,13,237,15716,0.95,0.5,24,0.2702996946950872,0.004530744336569579,0.46975276170436614,6.85914421081543
Facebook,13,237,15716,0.95,0.5,25,0.2568195635861049,0.010169491525423728,0.5652288269331931,6.931758403778076
Facebook,13,237,16543,1,0.5,1,0.27056352253409494,0.00903954802259887,0.545502367175171,6.870985269546509
Facebook,13,237,16543,1,0.5,2,0.27063113707009595,0.005128205128205128,0.5136770120988953,7.148854970932007
Facebook,13,237,16543,1,0.5,3,0.2777484246644054,0.007317073170731708,0.6407154129405576,6.951040267944336
Facebook,13,237,16543,1,0.5,4,0.2650952409313716,0.006751054852320675,0.5486586007364544,7.178016424179077
Facebook,13,237,16543,1,0.5,5,0.2634468459174926,0.008823529411764706,0.6278274592319831,7.130321025848389
Facebook,13,237,16543,1,0.5,6,0.24133878739903128,0.006862745098039216,0.48264071541294057,6.950698375701904
Facebook,13,237,16543,1,0.5,7,0.27094491523268005,0.005691056910569106,0.432140978432404,6.899247646331787
Facebook,13,237,16543,1,0.5,8,0.2671158256825176,0.008771929824561403,0.6246712256706997,7.066049575805664
Facebook,13,237,16543,1,0.5,9,0.26289421328673795,0.0073059360730593605,0.527617043661231,7.131358623504639
Facebook,13,237,16543,1,0.5,10,0.26777005288213424,0.007692307692307693,0.6457127827459233,6.967211484909058
Facebook,13,237,16543,1,0.5,11,0.26758037635610654,0.009836065573770493,0.5912677538137823,7.171585321426392
Facebook,13,237,16543,1,0.5,12,0.23794548989711511,0.009523809523809525,0.5691741188847975,6.939496994018555
Facebook,13,237,16543,1,0.5,13,0.23207497066037797,0.009375,0.5994213571804313,7.172353982925415
Facebook,13,237,16543,1,0.5,14,0.2679795289481335,0.006666666666666667,0.5691741188847975,6.951796054840088
Facebook,13,237,16543,1,0.5,15,0.2690750814765178,0.009195402298850575,0.4852709100473435,7.057182312011719
Facebook,13,237,16543,1,0.5,16,0.2555078571078737,0.005761316872427984,0.4568648079957917,6.9437971115112305
Facebook,13,237,16543,1,0.5,17,0.29133813802286185,0.009230769230769232,0.5731194108364019,7.159131765365601
Facebook,13,237,16543,1,0.5,18,0.27684706532151176,0.006741573033707865,0.581273014203051,6.961872577667236
Facebook,13,237,16543,1,0.5,19,0.2759297934460752,0.00808080808080808,0.4857969489742241,7.157534837722778
Facebook,13,237,16543,1,0.5,20,0.23231378695016025,0.00808080808080808,0.5286691215149921,6.930796384811401
Facebook,13,237,16543,1,0.5,21,0.2793374512794358,0.006666666666666667,0.570489216201999,7.1527934074401855
Facebook,13,237,16543,1,0.5,22,0.28961589078940836,0.007207207207207207,0.54471330878485,6.903216361999512
Facebook,13,237,16543,1,0.5,23,0.2548979502671176,0.005555555555555556,0.4087322461862178,7.160320043563843
Facebook,13,237,16543,1,0.5,24,0.24753494042846338,0.010344827586206896,0.6362440820620726,6.9340574741363525
Facebook,13,237,16543,1,0.5,25,0.2648149601802443,0.006130268199233717,0.533929510783798,7.1389734745025635
Facebook,14,19,0,0,,0,0.6474120951975897,0.0,0.02164179104477612,
Facebook,14,19,0,0,,0,0.6971902732650258,0.0,0.1044776119402985,
Facebook,14,19,0,0,,0,0.7672225280772064,0.0,0.06293532338308458,
Facebook,14,19,0,0,,0,0.8297450084360082,0.0,0.05447761194029851,
Facebook,14,19,0,0,,0,0.7467076477645753,0.0,0.010945273631840797,
Facebook,14,19,0,0,,0,0.7257812923712607,0.0,0.029104477611940297,
Facebook,14,19,0,0,,0,0.6898805216303581,0.0,0.06144278606965174,
Facebook,14,19,0,0,,0,0.7403677620524334,0.008333333333333333,0.11044776119402985,
Facebook,14,19,0,0,,0,0.8586002863668635,0.00392156862745098,0.14402985074626865,
Facebook,14,19,0,0,,0,0.823377386755123,0.0,0.05721393034825871,
Facebook,14,19,0,0,,0,0.6403056893411503,0.0,0.05373134328358209,
Facebook,14,19,0,0,,0,0.7519217977639672,0.004166666666666667,0.029601990049751243,
Facebook,14,19,0,0,,0,0.7404310032707309,0.0,0.0873134328358209,
Facebook,14,19,0,0,,0,0.7901922424252529,0.012121212121212121,0.2007462686567164,
Facebook,14,19,0,0,,0,0.7363024813046042,0.0,0.05870646766169154,
Facebook,14,19,0,0,,0,0.7835699695365536,0.0,0.008208955223880597,
Facebook,14,19,0,0,,0,0.7531749099830581,0.014285714285714285,0.18880597014925374,
Facebook,14,19,0,0,,0,0.737119344473823,0.0,0.007462686567164179,
Facebook,14,19,0,0,,0,0.823269993621472,0.0,0.03582089552238806,
Facebook,14,19,0,0,,0,0.7403792140839646,0.0,0.007960199004975124,
Facebook,14,19,0,0,,0,0.7372166282379061,0.0,0.05099502487562189,
Facebook,14,19,0,0,,0,0.6788277633316705,0.0,0.06069651741293532,
Facebook,14,19,0,0,,0,0.7526487108835668,0.03333333333333333,0.31492537313432833,
Facebook,14,19,0,0,,0,0.7894950198661683,0.003703703703703704,0.15945273631840795,
Facebook,14,19,0,0,,0,0.7432078924545745,0.0,0.09950248756218906,
Facebook,14,19,1,0.01,0.5,1,0.2744535354997149,0.03333333333333333,0.28507462686567164,4.9579784870147705
Facebook,14,19,1,0.01,0.5,2,0.28143515919967227,0.047619047619047616,0.34378109452736316,5.186006546020508
Facebook,14,19,1,0.01,0.5,3,0.28563027363585497,0.044444444444444446,0.31467661691542287,4.945127725601196
Facebook,14,19,1,0.01,0.5,4,0.28106366460426246,0.02962962962962963,0.2880597014925373,5.170494318008423
Facebook,14,19,1,0.01,0.5,5,0.2556550623069344,0.016666666666666666,0.29402985074626864,4.937519073486328
Facebook,14,19,1,0.01,0.5,6,0.2658147486874905,0.03333333333333333,0.25845771144278606,5.169042348861694
Facebook,14,19,1,0.01,0.5,7,0.26255061292919557,0.025,0.26592039800995027,4.976683139801025
Facebook,14,19,1,0.01,0.5,8,0.23788265567617828,0.041666666666666664,0.36666666666666664,5.018801212310791
Facebook,14,19,1,0.01,0.5,9,0.2976409782863748,0.025,0.277363184079602,5.145075559616089
Facebook,14,19,1,0.01,0.5,10,0.23417323423344347,0.02666666666666667,0.3124378109452736,4.981756925582886
Facebook,14,19,1,0.01,0.5,11,0.2679274524463822,0.02666666666666667,0.2960199004975124,5.140911340713501
Facebook,14,19,1,0.01,0.5,12,0.2471269285303486,0.02962962962962963,0.29825870646766167,4.9858176708221436
Facebook,14,19,1,0.01,0.5,13,0.2727330943850485,0.05555555555555555,0.31094527363184077,5.153326034545898
Facebook,14,19,1,0.01,0.5,14,0.2612857544186578,0.02857142857142857,0.26343283582089555,5.147196531295776
Facebook,14,19,1,0.01,0.5,15,0.2819207127914371,0.03333333333333333,0.31915422885572137,4.922206401824951
Facebook,14,19,1,0.01,0.5,16,0.2828379929000678,0.06666666666666667,0.31343283582089554,4.951001167297363
Facebook,14,19,1,0.01,0.5,17,0.2682971258255621,0.03333333333333333,0.2810945273631841,5.110008478164673
Facebook,14,19,1,0.01,0.5,18,0.2834427528449916,0.0380952380952381,0.31019900497512437,4.934725284576416
Facebook,14,19,1,0.01,0.5,19,0.24442011691252752,0.03333333333333333,0.31343283582089554,5.1042845249176025
Facebook,14,19,1,0.01,0.5,20,0.2851449070509519,0.03333333333333333,0.31467661691542287,4.9461259841918945
Facebook,14,19,1,0.01,0.5,21,0.2754632221994643,0.024242424242424242,0.30323383084577116,5.093641757965088
Facebook,14,19,1,0.01,0.5,22,0.24321803082636867,0.02962962962962963,0.3194029850746269,4.954262018203735
Facebook,14,19,1,0.01,0.5,23,0.29302536571244125,0.025,0.26044776119402985,5.163987398147583
Facebook,14,19,1,0.01,0.5,24,0.26743489855574837,0.02,0.26343283582089555,4.92207407951355
Facebook,14,19,1,0.01,0.5,25,0.2671931814976124,0.037037037037037035,0.3318407960199005,5.128368854522705
Facebook,14,19,6,0.05,0.5,1,0.2555176100184586,0.025,0.27114427860696516,4.901393413543701
Facebook,14,19,6,0.05,0.5,2,0.22396570857433634,0.05555555555555555,0.35945273631840796,5.158231019973755
Facebook,14,19,6,0.05,0.5,3,0.29556028328512995,0.025,0.2651741293532338,4.9152936935424805
Facebook,14,19,6,0.05,0.5,4,0.251024467594331,0.02666666666666667,0.32238805970149254,5.130311727523804
Facebook,14,19,6,0.05,0.5,5,0.26970389405769957,0.025,0.2713930348258706,4.923406600952148
Facebook,14,19,6,0.05,0.5,6,0.2786184996856276,0.0380952380952381,0.31467661691542287,5.252055644989014
Facebook,14,19,6,0.05,0.5,7,0.2750739927826218,0.022222222222222223,0.23855721393034826,4.934864282608032
Facebook,14,19,6,0.05,0.5,8,0.217074343356776,0.044444444444444446,0.3164179104477612,4.931908130645752
Facebook,14,19,6,0.05,0.5,9,0.23496434839429114,0.0380952380952381,0.3251243781094527,5.1347246170043945
Facebook,14,19,6,0.05,0.5,10,0.28670356126671015,0.041666666666666664,0.34676616915422886,4.928203582763672
Facebook,14,19,6,0.05,0.5,11,0.24952309805187364,0.02857142857142857,0.2691542288557214,5.080466985702515
Facebook,14,19,6,0.05,0.5,12,0.25548663705620994,0.044444444444444446,0.309452736318408,4.945511102676392
Facebook,14,19,6,0.05,0.5,13,0.2697769237519451,0.0380952380952381,0.2893034825870647,5.0814197063446045
Facebook,14,19,6,0.05,0.5,14,0.2614844079528502,0.02962962962962963,0.30323383084577116,4.9379730224609375
Facebook,14,19,6,0.05,0.5,15,0.28546924176361266,0.03333333333333333,0.2848258706467662,5.155182838439941
Facebook,14,19,6,0.05,0.5,16,0.24524132261525586,0.047619047619047616,0.3502487562189055,4.951678991317749
Facebook,14,19,6,0.05,0.5,17,0.26720500754059634,0.041666666666666664,0.32114427860696515,5.116300344467163
Facebook,14,19,6,0.05,0.5,18,0.26886916990853477,0.044444444444444446,0.30845771144278605,4.942446231842041
Facebook,14,19,6,0.05,0.5,19,0.2901606336757573,0.02962962962962963,0.2965174129353234,5.161666393280029
Facebook,14,19,6,0.05,0.5,20,0.24212494708265478,0.0380952380952381,0.30696517412935326,4.951861381530762
Facebook,14,19,6,0.05,0.5,21,0.2595629181935405,0.03333333333333333,0.29776119402985074,5.103512525558472
Facebook,14,19,6,0.05,0.5,22,0.271115074754742,0.022222222222222223,0.25149253731343285,4.91538143157959
Facebook,14,19,6,0.05,0.5,23,0.2222365789460841,0.02962962962962963,0.3189054726368159,5.203684568405151
Facebook,14,19,6,0.05,0.5,24,0.28359519454967685,0.03333333333333333,0.31467661691542287,4.946190118789673
Facebook,14,19,6,0.05,0.5,25,0.27821201408558677,0.02962962962962963,0.2808457711442786,5.1222288608551025
Facebook,14,19,13,0.1,0.5,1,0.28396166362871267,0.03333333333333333,0.32661691542288557,4.927932500839233
Facebook,14,19,13,0.1,0.5,2,0.262669416538943,0.0380952380952381,0.27611940298507465,4.91911768913269
Facebook,14,19,13,0.1,0.5,3,0.24193744540913925,0.0380952380952381,0.3057213930348259,5.116463661193848
Facebook,14,19,13,0.1,0.5,4,0.24012315422933111,0.0380952380952381,0.33134328358208953,4.96216893196106
Facebook,14,19,13,0.1,0.5,5,0.26783020919783085,0.025,0.2455223880597015,5.084011793136597
Facebook,14,19,13,0.1,0.5,6,0.27252952648289713,0.02962962962962963,0.28880597014925374,5.1530163288116455
Facebook,14,19,13,0.1,0.5,7,0.2330041159528354,0.02857142857142857,0.2840796019900497,4.8772194385528564
Facebook,14,19,13,0.1,0.5,8,0.2648985132991689,0.03333333333333333,0.2383084577114428,4.893009424209595
Facebook,14,19,13,0.1,0.5,9,0.26754077813448474,0.041666666666666664,0.3189054726368159,5.080920457839966
Facebook,14,19,13,0.1,0.5,10,0.2386825770199939,0.02962962962962963,0.2972636815920398,4.913743495941162
Facebook,14,19,13,0.1,0.5,11,0.28389758016290484,0.02962962962962963,0.26965174129353237,5.139898777008057
Facebook,14,19,13,0.1,0.5,12,0.2611802529933618,0.041666666666666664,0.3664179104477612,4.946105718612671
Facebook,14,19,13,0.1,0.5,13,0.2698249358729759,0.024242424242424242,0.2937810945273632,5.131983041763306
Facebook,14,19,13,0.1,0.5,14,0.27946349288168687,0.02962962962962963,0.31666666666666665,4.94525146484375
Facebook,14,19,13,0.1,0.5,15,0.2649013578060863,0.047619047619047616,0.3435323383084577,5.198350667953491
Facebook,14,19,13,0.1,0.5,16,0.26198649264889157,0.05333333333333334,0.2738805970149254,4.937579393386841
Facebook,14,19,13,0.1,0.5,17,0.29479036248712825,0.03333333333333333,0.3154228855721393,5.144725561141968
Facebook,14,19,13,0.1,0.5,18,0.2781135311419931,0.03333333333333333,0.3119402985074627,4.927719831466675
Facebook,14,19,13,0.1,0.5,19,0.25625310623883757,0.02962962962962963,0.3111940298507463,5.188158988952637
Facebook,14,19,13,0.1,0.5,20,0.2692214427516449,0.037037037037037035,0.3353233830845771,4.933404445648193
Facebook,14,19,13,0.1,0.5,21,0.2834992978695994,0.03333333333333333,0.3126865671641791,5.180002927780151
Facebook,14,19,13,0.1,0.5,22,0.22048236577578625,0.02857142857142857,0.3054726368159204,4.903550624847412
Facebook,14,19,13,0.1,0.5,23,0.26675417072235735,0.04,0.26243781094527363,5.2557337284088135
Facebook,14,19,13,0.1,0.5,24,0.27528454201803637,0.03333333333333333,0.2870646766169154,4.919266223907471
Facebook,14,19,13,0.1,0.5,25,0.2984538712050889,0.02666666666666667,0.3079601990049751,4.968570232391357
Facebook,14,19,19,0.15,0.5,1,0.24624758349805642,0.05333333333333334,0.29825870646766167,5.131673336029053
Facebook,14,19,19,0.15,0.5,2,0.26186854010202254,0.05555555555555555,0.3004975124378109,4.943398714065552
Facebook,14,19,19,0.15,0.5,3,0.27012670284516355,0.0380952380952381,0.28059701492537314,5.130523204803467
Facebook,14,19,19,0.15,0.5,4,0.2402508362588196,0.025,0.28955223880597014,4.953932046890259
Facebook,14,19,19,0.15,0.5,5,0.28271836560935465,0.0380952380952381,0.28631840796019903,5.141685485839844
Facebook,14,19,19,0.15,0.5,6,0.27158330779738976,0.022222222222222223,0.25970149253731345,4.9364893436431885
Facebook,14,19,19,0.15,0.5,7,0.30516535183660404,0.03333333333333333,0.31666666666666665,5.173417568206787
Facebook,14,19,19,0.15,0.5,8,0.271947916354053,0.022222222222222223,0.2656716417910448,4.916991472244263
Facebook,14,19,19,0.15,0.5,9,0.25624365528721443,0.022222222222222223,0.2390547263681592,5.138935327529907
Facebook,14,19,19,0.15,0.5,10,0.2763824237414604,0.041666666666666664,0.31393034825870647,4.943307161331177
Facebook,14,19,19,0.15,0.5,11,0.26225686357381156,0.044444444444444446,0.29950248756218906,5.1735007762908936
Facebook,14,19,19,0.15,0.5,12,0.26721400043680704,0.041666666666666664,0.3238805970149254,4.929802894592285
Facebook,14,19,19,0.15,0.5,13,0.26186480957823166,0.03333333333333333,0.3206467661691542,5.130417108535767
Facebook,14,19,19,0.15,0.5,14,0.26499193428639173,0.037037037037037035,0.3154228855721393,4.920614957809448
Facebook,14,19,19,0.15,0.5,15,0.2677986784975595,0.0380952380952381,0.30074626865671644,5.22382116317749
Facebook,14,19,19,0.15,0.5,16,0.2880735072631904,0.025,0.2562189054726368,4.8677661418914795
Facebook,14,19,19,0.15,0.5,17,0.2913835038554719,0.044444444444444446,0.29203980099502486,5.1533637046813965
Facebook,14,19,19,0.15,0.5,18,0.25764828772705944,0.022222222222222223,0.29253731343283584,4.880024194717407
Facebook,14,19,19,0.15,0.5,19,0.25835665029608046,0.03333333333333333,0.2601990049751244,4.9486401081085205
Facebook,14,19,19,0.15,0.5,20,0.29984641407557644,0.03333333333333333,0.29701492537313434,5.114293813705444
Facebook,14,19,19,0.15,0.5,21,0.28557237391288925,0.0380952380952381,0.30398009950248756,4.965075969696045
Facebook,14,19,19,0.15,0.5,22,0.2732518141598408,0.044444444444444446,0.2880597014925373,5.115020036697388
Facebook,14,19,19,0.15,0.5,23,0.2820325081102956,0.05555555555555555,0.31716417910447764,5.170897960662842
Facebook,14,19,19,0.15,0.5,24,0.2729847664282002,0.044444444444444446,0.3009950248756219,4.900387763977051
Facebook,14,19,19,0.15,0.5,25,0.26816306566568093,0.0380952380952381,0.31393034825870647,4.9444355964660645
Facebook,14,19,26,0.2,0.5,1,0.26308916827677553,0.02962962962962963,0.3106965174129353,5.118453502655029
Facebook,14,19,26,0.2,0.5,2,0.30571253112238317,0.03333333333333333,0.24253731343283583,5.0001020431518555
Facebook,14,19,26,0.2,0.5,3,0.27064366569095705,0.03333333333333333,0.32412935323383085,5.1145339012146
Facebook,14,19,26,0.2,0.5,4,0.27422524947033255,0.022222222222222223,0.2766169154228856,4.948694705963135
Facebook,14,19,26,0.2,0.5,5,0.26924374724230526,0.0380952380952381,0.3072139303482587,5.127617835998535
Facebook,14,19,26,0.2,0.5,6,0.24789160804788257,0.03333333333333333,0.3174129353233831,4.934149503707886
Facebook,14,19,26,0.2,0.5,7,0.272642442694273,0.05333333333333334,0.3037313432835821,5.191956996917725
Facebook,14,19,26,0.2,0.5,8,0.2618529880831907,0.044444444444444446,0.282089552238806,4.899415969848633
Facebook,14,19,26,0.2,0.5,9,0.2287542818721867,0.041666666666666664,0.363681592039801,5.128978729248047
Facebook,14,19,26,0.2,0.5,10,0.28409274948292357,0.02962962962962963,0.27810945273631843,4.8916919231414795
Facebook,14,19,26,0.2,0.5,11,0.2543032140395434,0.02962962962962963,0.3164179104477612,5.168604135513306
Facebook,14,19,26,0.2,0.5,12,0.29646696096736824,0.025,0.28258706467661693,4.89066481590271
Facebook,14,19,26,0.2,0.5,13,0.26685274756027233,0.022222222222222223,0.25099502487562186,5.160554647445679
Facebook,14,19,26,0.2,0.5,14,0.27018406994225175,0.022222222222222223,0.2639303482587065,4.900711297988892
Facebook,14,19,26,0.2,0.5,15,0.2653023843253325,0.03333333333333333,0.31666666666666665,5.252525568008423
Facebook,14,19,26,0.2,0.5,16,0.26685439084969287,0.047619047619047616,0.3398009950248756,4.890535831451416
Facebook,14,19,26,0.2,0.5,17,0.26759297813988386,0.05333333333333334,0.2922885572139303,4.9399988651275635
Facebook,14,19,26,0.2,0.5,18,0.2683269845286149,0.05555555555555555,0.30970149253731344,5.108200788497925
Facebook,14,19,26,0.2,0.5,19,0.24706419207977304,0.0380952380952381,0.34502487562189055,4.948425054550171
Facebook,14,19,26,0.2,0.5,20,0.2517617769749986,0.044444444444444446,0.3189054726368159,5.112975835800171
Facebook,14,19,26,0.2,0.5,21,0.2858322287173282,0.05555555555555555,0.32487562189054725,4.965442419052124
Facebook,14,19,26,0.2,0.5,22,0.2663844082211077,0.047619047619047616,0.34253731343283583,5.134244441986084
Facebook,14,19,26,0.2,0.5,23,0.2632127047813886,0.022222222222222223,0.2860696517412935,4.95225977897644
Facebook,14,19,26,0.2,0.5,24,0.31122321887959536,0.03333333333333333,0.27761194029850744,5.2019875049591064
Facebook,14,19,26,0.2,0.5,25,0.2585925017594812,0.02,0.2738805970149254,4.92662239074707
Facebook,14,19,32,0.25,0.5,1,0.25043553948020375,0.03333333333333333,0.31094527363184077,5.14630651473999
Facebook,14,19,32,0.25,0.5,2,0.2697838114357738,0.0380952380952381,0.3256218905472637,4.896219730377197
Facebook,14,19,32,0.25,0.5,3,0.2720404817277755,0.02,0.27114427860696516,5.187258958816528
Facebook,14,19,32,0.25,0.5,4,0.2293799475219709,0.041666666666666664,0.3920398009950249,4.89810037612915
Facebook,14,19,32,0.25,0.5,5,0.2752184726717045,0.03333333333333333,0.2997512437810945,5.1146416664123535
Facebook,14,19,32,0.25,0.5,6,0.2706215979665578,0.03333333333333333,0.3079601990049751,4.915196180343628
Facebook,14,19,32,0.25,0.5,7,0.258438257057396,0.02857142857142857,0.2609452736318408,5.189984560012817
Facebook,14,19,32,0.25,0.5,8,0.2749118102998065,0.044444444444444446,0.2907960199004975,4.888422012329102
Facebook,14,19,32,0.25,0.5,9,0.2595041775531225,0.022222222222222223,0.2718905472636816,5.083885431289673
Facebook,14,19,32,0.25,0.5,10,0.2802033697821983,0.0380952380952381,0.3119402985074627,4.862508058547974
Facebook,14,19,32,0.25,0.5,11,0.26555630014043463,0.03333333333333333,0.2572139303482587,4.8739283084869385
Facebook,14,19,32,0.25,0.5,12,0.2759249281272577,0.02857142857142857,0.2537313432835821,5.050821304321289
Facebook,14,19,32,0.25,0.5,13,0.26063300852440746,0.044444444444444446,0.2902985074626866,4.8879313468933105
Facebook,14,19,32,0.25,0.5,14,0.25491645642862365,0.02857142857142857,0.29502487562189056,5.07250714302063
Facebook,14,19,32,0.25,0.5,15,0.22879974848210852,0.05333333333333334,0.3082089552238806,5.1172308921813965
Facebook,14,19,32,0.25,0.5,16,0.2752667541032255,0.0380952380952381,0.30149253731343284,4.856017589569092
Facebook,14,19,32,0.25,0.5,17,0.2633052704101058,0.02857142857142857,0.28582089552238804,4.938871145248413
Facebook,14,19,32,0.25,0.5,18,0.2776817115327635,0.03333333333333333,0.2572139303482587,5.070946216583252
Facebook,14,19,32,0.25,0.5,19,0.27832612668119194,0.02962962962962963,0.3049751243781095,4.875509262084961
Facebook,14,19,32,0.25,0.5,20,0.2664675298164457,0.044444444444444446,0.31517412935323386,5.100588798522949
Facebook,14,19,32,0.25,0.5,21,0.2739559627899909,0.047619047619047616,0.31517412935323386,4.950108289718628
Facebook,14,19,32,0.25,0.5,22,0.27341738356681505,0.037037037037037035,0.3126865671641791,5.098861932754517
Facebook,14,19,32,0.25,0.5,23,0.27163209786814757,0.06666666666666667,0.33407960199004977,4.897267580032349
Facebook,14,19,32,0.25,0.5,24,0.27130019131899835,0.03333333333333333,0.2763681592039801,5.155534982681274
Facebook,14,19,32,0.25,0.5,25,0.27122785869609106,0.03333333333333333,0.304228855721393,4.904616355895996
Facebook,14,19,39,0.3,0.5,1,0.2753197924972812,0.012121212121212121,0.24800995024875622,5.124937295913696
Facebook,14,19,39,0.3,0.5,2,0.22925658112556677,0.03333333333333333,0.3017412935323383,4.919565916061401
Facebook,14,19,39,0.3,0.5,3,0.26127505235110304,0.047619047619047616,0.36144278606965174,5.182111501693726
Facebook,14,19,39,0.3,0.5,4,0.2356544839605451,0.05333333333333334,0.3126865671641791,4.946455717086792
Facebook,14,19,39,0.3,0.5,5,0.27274655200266146,0.0380952380952381,0.30696517412935326,5.16377592086792
Facebook,14,19,39,0.3,0.5,6,0.284806187447369,0.047619047619047616,0.32860696517412935,4.945683479309082
Facebook,14,19,39,0.3,0.5,7,0.2663023705925056,0.02962962962962963,0.27860696517412936,5.2301671504974365
Facebook,14,19,39,0.3,0.5,8,0.26993228050446083,0.03333333333333333,0.3009950248756219,4.929353713989258
Facebook,14,19,39,0.3,0.5,9,0.28977810870721277,0.044444444444444446,0.31094527363184077,4.916775226593018
Facebook,14,19,39,0.3,0.5,10,0.2849961806919388,0.02962962962962963,0.3106965174129353,5.135040044784546
Facebook,14,19,39,0.3,0.5,11,0.28528188161125906,0.044444444444444446,0.3049751243781095,4.922961235046387
Facebook,14,19,39,0.3,0.5,12,0.2684163131047901,0.02962962962962963,0.28383084577114426,5.180305004119873
Facebook,14,19,39,0.3,0.5,13,0.2770793432200531,0.044444444444444446,0.28258706467661693,4.9093663692474365
Facebook,14,19,39,0.3,0.5,14,0.23825505200507946,0.02666666666666667,0.31716417910447764,5.140995740890503
Facebook,14,19,39,0.3,0.5,15,0.2615485854709856,0.02857142857142857,0.25970149253731345,4.92314887046814
Facebook,14,19,39,0.3,0.5,16,0.2512735510988849,0.03333333333333333,0.3753731343283582,5.185642719268799
Facebook,14,19,39,0.3,0.5,17,0.24434645017886172,0.022222222222222223,0.25497512437810943,4.856738090515137
Facebook,14,19,39,0.3,0.5,18,0.28049755400012966,0.025,0.27686567164179104,5.081480264663696
Facebook,14,19,39,0.3,0.5,19,0.2439706803121127,0.03333333333333333,0.2853233830845771,4.853143215179443
Facebook,14,19,39,0.3,0.5,20,0.26058347376164925,0.022222222222222223,0.2701492537313433,5.140192270278931
Facebook,14,19,39,0.3,0.5,21,0.27746228177941806,0.02962962962962963,0.3079601990049751,4.884052038192749
Facebook,14,19,39,0.3,0.5,22,0.2576120133857507,0.0380952380952381,0.27039800995024876,5.093078136444092
Facebook,14,19,39,0.3,0.5,23,0.28187961823651053,0.05555555555555555,0.3338308457711443,4.871882438659668
Facebook,14,19,39,0.3,0.5,24,0.23255559595815128,0.012121212121212121,0.2191542288557214,5.201523780822754
Facebook,14,19,39,0.3,0.5,25,0.26874348369703155,0.016666666666666666,0.2373134328358209,4.8625404834747314
Facebook,14,19,45,0.35,0.5,1,0.2496029962573109,0.02666666666666667,0.2907960199004975,5.143237352371216
Facebook,14,19,45,0.35,0.5,2,0.28274623519232545,0.03333333333333333,0.3236318407960199,4.871658086776733
Facebook,14,19,45,0.35,0.5,3,0.26363375876248013,0.05333333333333334,0.2736318407960199,4.892103672027588
Facebook,14,19,45,0.35,0.5,4,0.28438192879713203,0.0380952380952381,0.29054726368159206,5.123541355133057
Facebook,14,19,45,0.35,0.5,5,0.2659011765829547,0.02962962962962963,0.2490049751243781,4.89452338218689
Facebook,14,19,45,0.35,0.5,6,0.28005668611537665,0.044444444444444446,0.29328358208955224,5.095914125442505
Facebook,14,19,45,0.35,0.5,7,0.2771907065453498,0.020512820512820513,0.2778606965174129,5.135924339294434
Facebook,14,19,45,0.35,0.5,8,0.250509295662327,0.025,0.26965174129353237,4.889308452606201
Facebook,14,19,45,0.35,0.5,9,0.29470237418142514,0.05333333333333334,0.2778606965174129,4.871141672134399
Facebook,14,19,45,0.35,0.5,10,0.2624293953945526,0.02666666666666667,0.2893034825870647,5.085968017578125
Facebook,14,19,45,0.35,0.5,11,0.2570191859154483,0.0380952380952381,0.3281094527363184,4.902035474777222
Facebook,14,19,45,0.35,0.5,12,0.2817993342807027,0.03333333333333333,0.2965174129353234,5.093566656112671
Facebook,14,19,45,0.35,0.5,13,0.2713383525053074,0.02857142857142857,0.24253731343283583,4.878007650375366
Facebook,14,19,45,0.35,0.5,14,0.2726807313349453,0.01818181818181818,0.2708955223880597,5.075105905532837
Facebook,14,19,45,0.35,0.5,15,0.2598192978723963,0.044444444444444446,0.2907960199004975,4.907196283340454
Facebook,14,19,45,0.35,0.5,16,0.2758642120330081,0.02857142857142857,0.2738805970149254,5.148354768753052
Facebook,14,19,45,0.35,0.5,17,0.24284446918746622,0.02962962962962963,0.31343283582089554,4.8823628425598145
Facebook,14,19,45,0.35,0.5,18,0.2680253798755666,0.044444444444444446,0.27487562189054726,5.106844902038574
Facebook,14,19,45,0.35,0.5,19,0.2791025750342127,0.05555555555555555,0.32960199004975127,4.884455442428589
Facebook,14,19,45,0.35,0.5,20,0.28424967760371483,0.0380952380952381,0.33606965174129355,5.103040933609009
Facebook,14,19,45,0.35,0.5,21,0.2681608505840818,0.024242424242424242,0.36691542288557216,4.907160520553589
Facebook,14,19,45,0.35,0.5,22,0.26347647659008266,0.047619047619047616,0.36343283582089553,5.097208261489868
Facebook,14,19,45,0.35,0.5,23,0.2761988266825379,0.03333333333333333,0.31293532338308455,4.875960111618042
Facebook,14,19,45,0.35,0.5,24,0.27762783840349203,0.024242424242424242,0.3012437810945274,5.1663172245025635
Facebook,14,19,45,0.35,0.5,25,0.25250357641696886,0.022222222222222223,0.2736318407960199,4.885249614715576
Facebook,14,19,52,0.4,0.5,1,0.2773358917327061,0.02962962962962963,0.27810945273631843,4.871379137039185
Facebook,14,19,52,0.4,0.5,2,0.2781817559432388,0.022222222222222223,0.2835820895522388,5.068783283233643
Facebook,14,19,52,0.4,0.5,3,0.267120909364025,0.03333333333333333,0.2746268656716418,4.928623199462891
Facebook,14,19,52,0.4,0.5,4,0.2714161743070819,0.044444444444444446,0.3111940298507463,5.0967817306518555
Facebook,14,19,52,0.4,0.5,5,0.2616380815992382,0.05333333333333334,0.28880597014925374,4.865857839584351
Facebook,14,19,52,0.4,0.5,6,0.25834866609850915,0.041666666666666664,0.3723880597014925,5.061261415481567
Facebook,14,19,52,0.4,0.5,7,0.2769272196619776,0.0380952380952381,0.3144278606965174,4.883913993835449
Facebook,14,19,52,0.4,0.5,8,0.24811053806104713,0.025,0.22960199004975124,5.1038947105407715
Facebook,14,19,52,0.4,0.5,9,0.2656355514230263,0.05333333333333334,0.28507462686567164,4.867437362670898
Facebook,14,19,52,0.4,0.5,10,0.2810501391842812,0.0380952380952381,0.2902985074626866,5.076239347457886
Facebook,14,19,52,0.4,0.5,11,0.27009270580967515,0.041666666666666664,0.32039800995024875,4.855759382247925
Facebook,14,19,52,0.4,0.5,12,0.2522854293642321,0.022222222222222223,0.27935323383084576,5.099973678588867
Facebook,14,19,52,0.4,0.5,13,0.2708852727074686,0.06666666666666667,0.3126865671641791,4.863468647003174
Facebook,14,19,52,0.4,0.5,14,0.26782145273536195,0.044444444444444446,0.30970149253731344,5.07678484916687
Facebook,14,19,52,0.4,0.5,15,0.28025611821977664,0.03333333333333333,0.3236318407960199,4.86978006362915
Facebook,14,19,52,0.4,0.5,16,0.27119824528873954,0.047619047619047616,0.3609452736318408,5.122533559799194
Facebook,14,19,52,0.4,0.5,17,0.28628637939098633,0.02666666666666667,0.28955223880597014,4.888093948364258
Facebook,14,19,52,0.4,0.5,18,0.27145932979478277,0.0380952380952381,0.28432835820895525,5.106305122375488
Facebook,14,19,52,0.4,0.5,19,0.26918923135931316,0.06666666666666667,0.32338308457711445,4.8673622608184814
Facebook,14,19,52,0.4,0.5,20,0.2677716832741256,0.041666666666666664,0.32985074626865674,4.867756366729736
Facebook,14,19,52,0.4,0.5,21,0.26626331609338544,0.03333333333333333,0.282089552238806,5.064481973648071
Facebook,14,19,52,0.4,0.5,22,0.2477756157295674,0.02962962962962963,0.3012437810945274,4.905858278274536
Facebook,14,19,52,0.4,0.5,23,0.27110576634079603,0.044444444444444446,0.3562189054726368,5.0778491497039795
Facebook,14,19,52,0.4,0.5,24,0.26479837112445126,0.02666666666666667,0.2960199004975124,5.09664511680603
Facebook,14,19,52,0.4,0.5,25,0.26305788209431735,0.06666666666666667,0.4129353233830846,4.848735809326172
Facebook,14,19,58,0.45,0.5,1,0.2576792271890659,0.041666666666666664,0.33059701492537313,4.934778928756714
Facebook,14,19,58,0.45,0.5,2,0.26633143847619406,0.047619047619047616,0.3537313432835821,5.0785746574401855
Facebook,14,19,58,0.45,0.5,3,0.261505621348318,0.03333333333333333,0.2942786069651741,4.911909818649292
Facebook,14,19,58,0.45,0.5,4,0.23520446933385683,0.02962962962962963,0.3082089552238806,5.075242757797241
Facebook,14,19,58,0.45,0.5,5,0.27025492434512116,0.037037037037037035,0.35696517412935325,4.9019482135772705
Facebook,14,19,58,0.45,0.5,6,0.2539407002759081,0.01818181818181818,0.2808457711442786,5.070218801498413
Facebook,14,19,58,0.45,0.5,7,0.27643543126740683,0.0380952380952381,0.27412935323383086,4.881165266036987
Facebook,14,19,58,0.45,0.5,8,0.2645787420905783,0.044444444444444446,0.295273631840796,5.1387104988098145
Facebook,14,19,58,0.45,0.5,9,0.28333728716971424,0.024242424242424242,0.28432835820895525,4.89303731918335
Facebook,14,19,58,0.45,0.5,10,0.24935018864514708,0.0380952380952381,0.3054726368159204,5.079020261764526
Facebook,14,19,58,0.45,0.5,11,0.26985539972041656,0.041666666666666664,0.3238805970149254,4.86880898475647
Facebook,14,19,58,0.45,0.5,12,0.2746637869663538,0.02,0.2808457711442786,5.116735458374023
Facebook,14,19,58,0.45,0.5,13,0.2673007034227078,0.0380952380952381,0.2758706467661692,4.917748212814331
Facebook,14,19,58,0.45,0.5,14,0.25891711949365775,0.0380952380952381,0.27064676616915423,5.091794729232788
Facebook,14,19,58,0.45,0.5,15,0.265847126863631,0.03333333333333333,0.3034825870646766,4.917236089706421
Facebook,14,19,58,0.45,0.5,16,0.2820058692536383,0.05555555555555555,0.354726368159204,5.18562650680542
Facebook,14,19,58,0.45,0.5,17,0.2889239926072037,0.0380952380952381,0.31417910447761194,4.922704696655273
Facebook,14,19,58,0.45,0.5,18,0.26526389970762415,0.041666666666666664,0.31666666666666665,4.927905797958374
Facebook,14,19,58,0.45,0.5,19,0.2603459132639157,0.03333333333333333,0.3044776119402985,5.1330907344818115
Facebook,14,19,58,0.45,0.5,20,0.2613484695400399,0.022222222222222223,0.2507462686567164,4.922032117843628
Facebook,14,19,58,0.45,0.5,21,0.2707664896863346,0.022222222222222223,0.2701492537313433,5.112558603286743
Facebook,14,19,58,0.45,0.5,22,0.2739549658200704,0.03333333333333333,0.2753731343283582,4.928736448287964
Facebook,14,19,58,0.45,0.5,23,0.291369169230117,0.016666666666666666,0.2738805970149254,5.100629806518555
Facebook,14,19,58,0.45,0.5,24,0.2949267486303576,0.041666666666666664,0.35323383084577115,4.946217775344849
Facebook,14,19,58,0.45,0.5,25,0.25707016653078585,0.047619047619047616,0.3534825870646766,5.171878099441528
Facebook,14,19,64,0.5,0.5,1,0.2418753696016869,0.037037037037037035,0.34776119402985073,4.9302332401275635
Facebook,14,19,64,0.5,0.5,2,0.26793810037606924,0.03333333333333333,0.3169154228855721,5.127386808395386
Facebook,14,19,64,0.5,0.5,3,0.25387256647074896,0.03333333333333333,0.25671641791044775,4.942503213882446
Facebook,14,19,64,0.5,0.5,4,0.2879768798313151,0.05555555555555555,0.30597014925373134,5.177497148513794
Facebook,14,19,64,0.5,0.5,5,0.263787506993764,0.05333333333333334,0.30149253731343284,4.926986932754517
Facebook,14,19,64,0.5,0.5,6,0.28158545751765907,0.025,0.24701492537313433,5.1178507804870605
Facebook,14,19,64,0.5,0.5,7,0.26646919777084915,0.01818181818181818,0.3034825870646766,4.931594610214233
Facebook,14,19,64,0.5,0.5,8,0.25348103478111056,0.05333333333333334,0.2980099502487562,5.239225149154663
Facebook,14,19,64,0.5,0.5,9,0.2576397842384546,0.025,0.27761194029850744,4.923231363296509
Facebook,14,19,64,0.5,0.5,10,0.25491547611495163,0.02962962962962963,0.3189054726368159,5.186887502670288
Facebook,14,19,64,0.5,0.5,11,0.2741181908139643,0.02857142857142857,0.25298507462686565,4.909019708633423
Facebook,14,19,64,0.5,0.5,12,0.2805353590071016,0.03333333333333333,0.33557213930348256,4.998662948608398
Facebook,14,19,64,0.5,0.5,13,0.25821913356073006,0.025,0.2291044776119403,5.103506803512573
Facebook,14,19,64,0.5,0.5,14,0.2763451763354586,0.02962962962962963,0.29701492537313434,4.959797620773315
Facebook,14,19,64,0.5,0.5,15,0.27020262951133645,0.030303030303030304,0.3927860696517413,5.117858171463013
Facebook,14,19,64,0.5,0.5,16,0.2858509018793965,0.025,0.26492537313432835,5.184514045715332
Facebook,14,19,64,0.5,0.5,17,0.27935482317839455,0.05333333333333334,0.2828358208955224,4.909796476364136
Facebook,14,19,64,0.5,0.5,18,0.27858168818227574,0.0380952380952381,0.291044776119403,4.958420753479004
Facebook,14,19,64,0.5,0.5,19,0.28264336218980207,0.0380952380952381,0.2967661691542289,5.107100963592529
Facebook,14,19,64,0.5,0.5,20,0.20879767608101749,0.02962962962962963,0.30970149253731344,4.967473030090332
Facebook,14,19,64,0.5,0.5,21,0.25096452947044423,0.025,0.25522388059701495,5.108852863311768
Facebook,14,19,64,0.5,0.5,22,0.23631762702234202,0.041666666666666664,0.3582089552238806,4.959473609924316
Facebook,14,19,64,0.5,0.5,23,0.26558465311764345,0.02666666666666667,0.309452736318408,5.101013898849487
Facebook,14,19,64,0.5,0.5,24,0.2677195429478358,0.047619047619047616,0.31865671641791044,4.968218803405762
Facebook,14,19,64,0.5,0.5,25,0.27702206404295393,0.041666666666666664,0.34701492537313433,5.190279245376587
Facebook,14,19,71,0.55,0.5,1,0.24964776232643657,0.02962962962962963,0.29875621890547266,4.961946964263916
Facebook,14,19,71,0.55,0.5,2,0.25886554717646554,0.02857142857142857,0.25472636815920396,5.146773099899292
Facebook,14,19,71,0.55,0.5,3,0.2666737344719019,0.022222222222222223,0.2791044776119403,4.942531108856201
Facebook,14,19,71,0.55,0.5,4,0.26471716498302206,0.02,0.272636815920398,5.16347074508667
Facebook,14,19,71,0.55,0.5,5,0.28170734061497843,0.025,0.2689054726368159,4.938284158706665
Facebook,14,19,71,0.55,0.5,6,0.2749169483541196,0.03333333333333333,0.3092039800995025,5.144286394119263
Facebook,14,19,71,0.55,0.5,7,0.2886793778398397,0.025,0.2527363184079602,4.948193311691284
Facebook,14,19,71,0.55,0.5,8,0.2915429236620669,0.02666666666666667,0.3082089552238806,5.202424764633179
Facebook,14,19,71,0.55,0.5,9,0.2710672938482724,0.05333333333333334,0.3497512437810945,4.960901498794556
Facebook,14,19,71,0.55,0.5,10,0.27528138296524274,0.02,0.24676616915422886,4.9377851486206055
Facebook,14,19,71,0.55,0.5,11,0.26721031574554477,0.041666666666666664,0.3845771144278607,5.171284914016724
Facebook,14,19,71,0.55,0.5,12,0.23681698182351643,0.016666666666666666,0.21119402985074626,4.9368064403533936
Facebook,14,19,71,0.55,0.5,13,0.2574706376884973,0.022222222222222223,0.2771144278606965,5.146939039230347
Facebook,14,19,71,0.55,0.5,14,0.2878922032101443,0.041666666666666664,0.3564676616915423,4.919999122619629
Facebook,14,19,71,0.55,0.5,15,0.26378346186326707,0.025,0.24850746268656718,5.150501251220703
Facebook,14,19,71,0.55,0.5,16,0.26996610630176904,0.05555555555555555,0.3407960199004975,4.988677501678467
Facebook,14,19,71,0.55,0.5,17,0.25129779993229556,0.047619047619047616,0.3333333333333333,5.163072109222412
Facebook,14,19,71,0.55,0.5,18,0.2181175324976891,0.03333333333333333,0.31094527363184077,4.9440696239471436
Facebook,14,19,71,0.55,0.5,19,0.2697622169732541,0.03333333333333333,0.2845771144278607,5.146858215332031
Facebook,14,19,71,0.55,0.5,20,0.2603042469989034,0.044444444444444446,0.28880597014925374,4.933654308319092
Facebook,14,19,71,0.55,0.5,21,0.2719878200999309,0.02962962962962963,0.29502487562189056,5.1826395988464355
Facebook,14,19,71,0.55,0.5,22,0.24706623777041803,0.0380952380952381,0.32039800995024875,4.9264302253723145
Facebook,14,19,71,0.55,0.5,23,0.27002175211248947,0.03333333333333333,0.2562189054726368,5.148424386978149
Facebook,14,19,71,0.55,0.5,24,0.2797472596161662,0.05333333333333334,0.30646766169154227,4.934681415557861
Facebook,14,19,71,0.55,0.5,25,0.2691877583242057,0.03333333333333333,0.31517412935323386,5.241507053375244
Facebook,14,19,77,0.6,0.5,1,0.25665808111466193,0.0380952380952381,0.3189054726368159,4.91194748878479
Facebook,14,19,77,0.6,0.5,2,0.2711483953155082,0.0380952380952381,0.2713930348258706,5.201432704925537
Facebook,14,19,77,0.6,0.5,3,0.28355847063849654,0.02962962962962963,0.32139303482587067,4.913443565368652
Facebook,14,19,77,0.6,0.5,4,0.2701431099631068,0.05555555555555555,0.32661691542288557,4.9964210987091064
Facebook,14,19,77,0.6,0.5,5,0.28079953726231477,0.044444444444444446,0.28880597014925374,5.1305975914001465
Facebook,14,19,77,0.6,0.5,6,0.2599368344905379,0.025,0.25149253731343285,4.957479238510132
Facebook,14,19,77,0.6,0.5,7,0.26786816446049383,0.047619047619047616,0.3420398009950249,5.139104604721069
Facebook,14,19,77,0.6,0.5,8,0.2829975651041546,0.022222222222222223,0.27114427860696516,5.1548378467559814
Facebook,14,19,77,0.6,0.5,9,0.2748669883058444,0.02857142857142857,0.27611940298507465,4.933891534805298
Facebook,14,19,77,0.6,0.5,10,0.27036072896461294,0.0380952380952381,0.3402985074626866,4.950416803359985
Facebook,14,19,77,0.6,0.5,11,0.27345274069045145,0.08,0.3870646766169154,5.132516384124756
Facebook,14,19,77,0.6,0.5,12,0.26391494550857736,0.02,0.28383084577114426,4.960405588150024
Facebook,14,19,77,0.6,0.5,13,0.2637392466705773,0.0380952380952381,0.277363184079602,5.126518487930298
Facebook,14,19,77,0.6,0.5,14,0.2660537003670777,0.03333333333333333,0.3276119402985075,4.957699298858643
Facebook,14,19,77,0.6,0.5,15,0.24330414819212345,0.02,0.268407960199005,5.141142129898071
Facebook,14,19,77,0.6,0.5,16,0.27338928626711995,0.02962962962962963,0.2880597014925373,4.982027530670166
Facebook,14,19,77,0.6,0.5,17,0.2712383284868687,0.03333333333333333,0.3181592039800995,5.171513319015503
Facebook,14,19,77,0.6,0.5,18,0.24049433565766817,0.047619047619047616,0.3900497512437811,4.974306106567383
Facebook,14,19,77,0.6,0.5,19,0.2703208951428176,0.02857142857142857,0.2572139303482587,5.1161065101623535
Facebook,14,19,77,0.6,0.5,20,0.23496941291599105,0.02857142857142857,0.27412935323383086,4.970678806304932
Facebook,14,19,77,0.6,0.5,21,0.2513407279288801,0.02962962962962963,0.30970149253731344,5.147893190383911
Facebook,14,19,77,0.6,0.5,22,0.2800838954193697,0.02666666666666667,0.25845771144278606,4.9325737953186035
Facebook,14,19,77,0.6,0.5,23,0.2613815468720039,0.03333333333333333,0.31094527363184077,5.137749671936035
Facebook,14,19,77,0.6,0.5,24,0.2612372331353045,0.047619047619047616,0.3646766169154229,4.975686311721802
Facebook,14,19,77,0.6,0.5,25,0.25319674043987966,0.0380952380952381,0.31965174129353235,5.207046270370483
Facebook,14,19,84,0.65,0.5,1,0.2622823737448641,0.05333333333333334,0.33059701492537313,4.952872037887573
Facebook,14,19,84,0.65,0.5,2,0.2558252141602569,0.02962962962962963,0.2972636815920398,4.937626361846924
Facebook,14,19,84,0.65,0.5,3,0.24425379340440703,0.05555555555555555,0.3537313432835821,5.135812520980835
Facebook,14,19,84,0.65,0.5,4,0.2765671788631386,0.02666666666666667,0.3199004975124378,4.931969404220581
Facebook,14,19,84,0.65,0.5,5,0.2734981522758207,0.02962962962962963,0.30074626865671644,5.180891990661621
Facebook,14,19,84,0.65,0.5,6,0.2623370777555762,0.01818181818181818,0.2519900497512438,4.925519704818726
Facebook,14,19,84,0.65,0.5,7,0.22951258799624896,0.0380952380952381,0.3116915422885572,5.139252185821533
Facebook,14,19,84,0.65,0.5,8,0.25486492598085125,0.03333333333333333,0.26592039800995027,4.9358391761779785
Facebook,14,19,84,0.65,0.5,9,0.27866233469668455,0.03333333333333333,0.2900497512437811,5.215451240539551
Facebook,14,19,84,0.65,0.5,10,0.2611506818797807,0.02666666666666667,0.2955223880597015,4.9166646003723145
Facebook,14,19,84,0.65,0.5,11,0.2178413691008369,0.0380952380952381,0.3004975124378109,5.1570515632629395
Facebook,14,19,84,0.65,0.5,12,0.2853668450837286,0.05555555555555555,0.336318407960199,4.9755377769470215
Facebook,14,19,84,0.65,0.5,13,0.2628054053262249,0.04,0.22611940298507463,5.158141136169434
Facebook,14,19,84,0.65,0.5,14,0.2873586564068297,0.025,0.2835820895522388,4.9496965408325195
Facebook,14,19,84,0.65,0.5,15,0.27994416024050484,0.03333333333333333,0.272636815920398,5.123477458953857
Facebook,14,19,84,0.65,0.5,16,0.2849173484165267,0.0380952380952381,0.31044776119402984,4.93469500541687
Facebook,14,19,84,0.65,0.5,17,0.25732216516572093,0.02857142857142857,0.27761194029850744,5.184039115905762
Facebook,14,19,84,0.65,0.5,18,0.2692288132027641,0.02962962962962963,0.29776119402985074,4.936099529266357
Facebook,14,19,84,0.65,0.5,19,0.2622372341546796,0.025,0.25920398009950246,5.136500358581543
Facebook,14,19,84,0.65,0.5,20,0.2820424514862622,0.025,0.26243781094527363,4.9300856590271
Facebook,14,19,84,0.65,0.5,21,0.26962333989396575,0.03333333333333333,0.3189054726368159,4.9330644607543945
Facebook,14,19,84,0.65,0.5,22,0.2668071015999355,0.03333333333333333,0.2880597014925373,5.145527362823486
Facebook,14,19,84,0.65,0.5,23,0.2651540358697314,0.025,0.25149253731343285,4.96729040145874
Facebook,14,19,84,0.65,0.5,24,0.2671830257776082,0.05333333333333334,0.28432835820895525,5.136652946472168
Facebook,14,19,84,0.65,0.5,25,0.23498192133298598,0.02962962962962963,0.32114427860696515,5.128444194793701
Facebook,14,19,90,0.7,0.5,1,0.2565725238222562,0.0380952380952381,0.2746268656716418,4.950846195220947
Facebook,14,19,90,0.7,0.5,2,0.2371867604096358,0.022222222222222223,0.2656716417910448,4.929124355316162
Facebook,14,19,90,0.7,0.5,3,0.22893173626151758,0.044444444444444446,0.31393034825870647,5.132124662399292
Facebook,14,19,90,0.7,0.5,4,0.29187888146200003,0.0380952380952381,0.31343283582089554,4.930364370346069
Facebook,14,19,90,0.7,0.5,5,0.27334989160587125,0.0380952380952381,0.2955223880597015,5.151641130447388
Facebook,14,19,90,0.7,0.5,6,0.2764243696253439,0.05333333333333334,0.31094527363184077,4.919739484786987
Facebook,14,19,90,0.7,0.5,7,0.2780511255681522,0.03333333333333333,0.29402985074626864,5.172945499420166
Facebook,14,19,90,0.7,0.5,8,0.26926776089445603,0.02,0.2681592039800995,4.932061433792114
Facebook,14,19,90,0.7,0.5,9,0.27302797042902455,0.03333333333333333,0.27039800995024876,5.195102214813232
Facebook,14,19,90,0.7,0.5,10,0.27392681598805646,0.01818181818181818,0.27487562189054726,4.952234745025635
Facebook,14,19,90,0.7,0.5,11,0.28343924997194153,0.0380952380952381,0.309452736318408,5.13243842124939
Facebook,14,19,90,0.7,0.5,12,0.2925395954537722,0.05333333333333334,0.2967661691542289,4.917977809906006
Facebook,14,19,90,0.7,0.5,13,0.29309034761035124,0.02962962962962963,0.2898009950248756,5.153686046600342
Facebook,14,19,90,0.7,0.5,14,0.27357801482785843,0.02962962962962963,0.30845771144278605,4.932654619216919
Facebook,14,19,90,0.7,0.5,15,0.2693759755972216,0.03333333333333333,0.3208955223880597,5.141998052597046
Facebook,14,19,90,0.7,0.5,16,0.23026698027056872,0.022222222222222223,0.2783582089552239,4.933961629867554
Facebook,14,19,90,0.7,0.5,17,0.2790857809045479,0.0380952380952381,0.3194029850746269,5.194025039672852
Facebook,14,19,90,0.7,0.5,18,0.2858174590872558,0.02857142857142857,0.26666666666666666,4.930270195007324
Facebook,14,19,90,0.7,0.5,19,0.27007948480078914,0.022222222222222223,0.2646766169154229,4.940622329711914
Facebook,14,19,90,0.7,0.5,20,0.2939573890412375,0.041666666666666664,0.3564676616915423,5.125282526016235
Facebook,14,19,90,0.7,0.5,21,0.2583330524552887,0.0380952380952381,0.29776119402985074,4.925266265869141
Facebook,14,19,90,0.7,0.5,22,0.26339025842445485,0.03333333333333333,0.27860696517412936,5.136005401611328
Facebook,14,19,90,0.7,0.5,23,0.26209035141153236,0.06666666666666667,0.33407960199004977,4.942443370819092
Facebook,14,19,90,0.7,0.5,24,0.2704779410493947,0.044444444444444446,0.281592039800995,5.135801553726196
Facebook,14,19,90,0.7,0.5,25,0.26434726043603723,0.022222222222222223,0.2644278606965174,4.9372711181640625
Facebook,14,19,97,0.75,0.5,1,0.26873106012711645,0.05333333333333334,0.29129353233830846,5.178865909576416
Facebook,14,19,97,0.75,0.5,2,0.2527352003595405,0.044444444444444446,0.30024875621890545,4.93090033531189
Facebook,14,19,97,0.75,0.5,3,0.27870572641045815,0.02962962962962963,0.30771144278606966,5.150758504867554
Facebook,14,19,97,0.75,0.5,4,0.27321201368682657,0.05555555555555555,0.3174129353233831,4.935268402099609
Facebook,14,19,97,0.75,0.5,5,0.2732388736800149,0.02962962962962963,0.2788557213930348,5.175613641738892
Facebook,14,19,97,0.75,0.5,6,0.2734608625411742,0.047619047619047616,0.3144278606965174,4.939718246459961
Facebook,14,19,97,0.75,0.5,7,0.27988282565671935,0.06666666666666667,0.3253731343283582,5.142951965332031
Facebook,14,19,97,0.75,0.5,8,0.25798686144071487,0.05333333333333334,0.30845771144278605,4.932851314544678
Facebook,14,19,97,0.75,0.5,9,0.26573110477663126,0.01818181818181818,0.25796019900497513,5.247665166854858
Facebook,14,19,97,0.75,0.5,10,0.23794183930914045,0.047619047619047616,0.3599502487562189,4.947327613830566
Facebook,14,19,97,0.75,0.5,11,0.27445386691138624,0.02666666666666667,0.30024875621890545,5.143555164337158
Facebook,14,19,97,0.75,0.5,12,0.26555047172189855,0.06666666666666667,0.3407960199004975,4.933925151824951
Facebook,14,19,97,0.75,0.5,13,0.2697938086326609,0.025,0.2751243781094527,4.9300947189331055
Facebook,14,19,97,0.75,0.5,14,0.25889084299321025,0.02857142857142857,0.259452736318408,5.151891231536865
Facebook,14,19,97,0.75,0.5,15,0.2810141135563935,0.05555555555555555,0.336318407960199,4.927395582199097
Facebook,14,19,97,0.75,0.5,16,0.23892812452899154,0.03333333333333333,0.3116915422885572,5.144760370254517
Facebook,14,19,97,0.75,0.5,17,0.2383507845582716,0.041666666666666664,0.3691542288557214,5.1595988273620605
Facebook,14,19,97,0.75,0.5,18,0.27746966889504177,0.044444444444444446,0.27611940298507465,4.9501118659973145
Facebook,14,19,97,0.75,0.5,19,0.28227776048209396,0.03333333333333333,0.2947761194029851,4.9744672775268555
Facebook,14,19,97,0.75,0.5,20,0.2883865150446461,0.03333333333333333,0.2898009950248756,5.146412134170532
Facebook,14,19,97,0.75,0.5,21,0.29877644158593836,0.03333333333333333,0.2778606965174129,4.958648920059204
Facebook,14,19,97,0.75,0.5,22,0.2725874629573826,0.05555555555555555,0.34228855721393037,5.136158466339111
Facebook,14,19,97,0.75,0.5,23,0.27887277391689946,0.022222222222222223,0.30323383084577116,4.947146415710449
Facebook,14,19,97,0.75,0.5,24,0.2805319382720431,0.01818181818181818,0.26990049751243783,5.142247200012207
Facebook,14,19,97,0.75,0.5,25,0.26979447100460313,0.022222222222222223,0.30696517412935326,4.948217391967773
Facebook,14,19,103,0.8,0.5,1,0.2433881552338562,0.024242424242424242,0.3,5.220568895339966
Facebook,14,19,103,0.8,0.5,2,0.26612740469846696,0.044444444444444446,0.26791044776119405,4.928350925445557
Facebook,14,19,103,0.8,0.5,3,0.2602457308544062,0.024242424242424242,0.31865671641791044,5.130966424942017
Facebook,14,19,103,0.8,0.5,4,0.2755211065295554,0.022222222222222223,0.25398009950248757,4.927312135696411
Facebook,14,19,103,0.8,0.5,5,0.2469968595434502,0.0380952380952381,0.3194029850746269,5.1700873374938965
Facebook,14,19,103,0.8,0.5,6,0.2720411189283652,0.047619047619047616,0.33805970149253733,4.940050363540649
Facebook,14,19,103,0.8,0.5,7,0.24192090253778958,0.025,0.26865671641791045,5.168442964553833
Facebook,14,19,103,0.8,0.5,8,0.25701211739475965,0.025,0.25422885572139303,4.928700685501099
Facebook,14,19,103,0.8,0.5,9,0.269468608599184,0.02666666666666667,0.3037313432835821,5.202903747558594
Facebook,14,19,103,0.8,0.5,10,0.26553546444107373,0.03333333333333333,0.3082089552238806,4.953752040863037
Facebook,14,19,103,0.8,0.5,11,0.2753409407917625,0.044444444444444446,0.2728855721393035,4.9570207595825195
Facebook,14,19,103,0.8,0.5,12,0.27381252882199175,0.02857142857142857,0.2582089552238806,5.148672819137573
Facebook,14,19,103,0.8,0.5,13,0.26803877617303634,0.03333333333333333,0.32611940298507464,4.930438756942749
Facebook,14,19,103,0.8,0.5,14,0.26893160875577893,0.022222222222222223,0.23955223880597015,5.148993968963623
Facebook,14,19,103,0.8,0.5,15,0.22818510833025765,0.03333333333333333,0.29825870646766167,4.932177782058716
Facebook,14,19,103,0.8,0.5,16,0.2761384538621888,0.03333333333333333,0.31293532338308455,5.139699697494507
Facebook,14,19,103,0.8,0.5,17,0.2532166571743091,0.02,0.26169154228855723,4.943114757537842
Facebook,14,19,103,0.8,0.5,18,0.271659895622901,0.022222222222222223,0.26243781094527363,5.177208185195923
Facebook,14,19,103,0.8,0.5,19,0.2874592863443009,0.022222222222222223,0.291044776119403,4.951861381530762
Facebook,14,19,103,0.8,0.5,20,0.21990540306349185,0.022222222222222223,0.26791044776119405,5.130916118621826
Facebook,14,19,103,0.8,0.5,21,0.2833914643135208,0.025,0.28756218905472636,4.91942572593689
Facebook,14,19,103,0.8,0.5,22,0.27865017220875,0.02666666666666667,0.29577114427860696,5.156467914581299
Facebook,14,19,103,0.8,0.5,23,0.2853914499553922,0.014814814814814815,0.21865671641791046,4.939825057983398
Facebook,14,19,103,0.8,0.5,24,0.2731478127690094,0.02962962962962963,0.31915422885572137,5.136859178543091
Facebook,14,19,103,0.8,0.5,25,0.26031245242032686,0.03333333333333333,0.29328358208955224,4.927489995956421
Facebook,14,19,110,0.85,0.5,1,0.2512488033473039,0.05555555555555555,0.38034825870646766,5.200238227844238
Facebook,14,19,110,0.85,0.5,2,0.25122568050576183,0.0380952380952381,0.309452736318408,4.950398206710815
Facebook,14,19,110,0.85,0.5,3,0.24843186280975418,0.047619047619047616,0.34676616915422886,5.143638849258423
Facebook,14,19,110,0.85,0.5,4,0.29014437478829597,0.025,0.2766169154228856,4.948556661605835
Facebook,14,19,110,0.85,0.5,5,0.2809155935625768,0.02,0.2898009950248756,4.93602991104126
Facebook,14,19,110,0.85,0.5,6,0.2857276215364129,0.016666666666666666,0.25348258706467663,5.16237473487854
Facebook,14,19,110,0.85,0.5,7,0.28784094313024083,0.025,0.2671641791044776,4.930427551269531
Facebook,14,19,110,0.85,0.5,8,0.2575501946713914,0.0380952380952381,0.31592039800995025,5.148681402206421
Facebook,14,19,110,0.85,0.5,9,0.26389680581191854,0.02962962962962963,0.34502487562189055,5.143707752227783
Facebook,14,19,110,0.85,0.5,10,0.2702738463167274,0.025,0.2671641791044776,4.9425437450408936
Facebook,14,19,110,0.85,0.5,11,0.28489398911886044,0.025,0.2644278606965174,4.927132606506348
Facebook,14,19,110,0.85,0.5,12,0.2738709328863635,0.03333333333333333,0.2893034825870647,5.171532392501831
Facebook,14,19,110,0.85,0.5,13,0.23982125794746276,0.0380952380952381,0.3119402985074627,4.946556329727173
Facebook,14,19,110,0.85,0.5,14,0.2702750175087741,0.03333333333333333,0.3283582089552239,5.144152879714966
Facebook,14,19,110,0.85,0.5,15,0.2621753602580854,0.044444444444444446,0.295273631840796,4.955218076705933
Facebook,14,19,110,0.85,0.5,16,0.2805693682152813,0.03333333333333333,0.29203980099502486,5.150684356689453
Facebook,14,19,110,0.85,0.5,17,0.27714048386792905,0.016666666666666666,0.22562189054726367,4.943580150604248
Facebook,14,19,110,0.85,0.5,18,0.2890883664778653,0.02,0.2763681592039801,5.195454359054565
Facebook,14,19,110,0.85,0.5,19,0.2954165114692749,0.02962962962962963,0.2808457711442786,4.943269968032837
Facebook,14,19,110,0.85,0.5,20,0.26784670664743104,0.047619047619047616,0.3009950248756219,5.133871793746948
Facebook,14,19,110,0.85,0.5,21,0.2692904217924755,0.037037037037037035,0.35074626865671643,4.942248106002808
Facebook,14,19,110,0.85,0.5,22,0.274477227247077,0.02857142857142857,0.2835820895522388,5.14730167388916
Facebook,14,19,110,0.85,0.5,23,0.28643600011871334,0.022222222222222223,0.2788557213930348,4.947497129440308
Facebook,14,19,110,0.85,0.5,24,0.2613484536708394,0.047619047619047616,0.35497512437810946,5.1741783618927
Facebook,14,19,110,0.85,0.5,25,0.2382856599018466,0.030303030303030304,0.38606965174129354,4.9322590827941895
Facebook,14,19,116,0.9,0.5,1,0.2576410551263233,0.022222222222222223,0.27039800995024876,5.212739944458008
Facebook,14,19,116,0.9,0.5,2,0.24326421304700063,0.025,0.25597014925373135,4.945870399475098
Facebook,14,19,116,0.9,0.5,3,0.27208076524659547,0.02962962962962963,0.28432835820895525,4.9440598487854
Facebook,14,19,116,0.9,0.5,4,0.25075350765333876,0.03333333333333333,0.29701492537313434,5.159557342529297
Facebook,14,19,116,0.9,0.5,5,0.23222507902167444,0.03333333333333333,0.2955223880597015,4.95712423324585
Facebook,14,19,116,0.9,0.5,6,0.2696933597769774,0.041666666666666664,0.354726368159204,5.151367425918579
Facebook,14,19,116,0.9,0.5,7,0.2543904415596037,0.02962962962962963,0.31293532338308455,4.9363112449646
Facebook,14,19,116,0.9,0.5,8,0.2890159212971832,0.05555555555555555,0.3407960199004975,5.149038791656494
Facebook,14,19,116,0.9,0.5,9,0.29498999494273803,0.02857142857142857,0.27412935323383086,4.932364463806152
Facebook,14,19,116,0.9,0.5,10,0.27085327388603675,0.025,0.2708955223880597,5.166950941085815
Facebook,14,19,116,0.9,0.5,11,0.2658186438201709,0.02962962962962963,0.32587064676616917,4.937790155410767
Facebook,14,19,116,0.9,0.5,12,0.27583567419415855,0.02666666666666667,0.3054726368159204,5.133990287780762
Facebook,14,19,116,0.9,0.5,13,0.2628006204523159,0.02,0.2751243781094527,4.924262285232544
Facebook,14,19,116,0.9,0.5,14,0.2864750474691582,0.0380952380952381,0.2808457711442786,5.165996313095093
Facebook,14,19,116,0.9,0.5,15,0.2461932593314024,0.047619047619047616,0.3793532338308458,4.927704095840454
Facebook,14,19,116,0.9,0.5,16,0.259276147057924,0.0380952380952381,0.31592039800995025,5.138031959533691
Facebook,14,19,116,0.9,0.5,17,0.2808741903219142,0.03333333333333333,0.309452736318408,4.932738780975342
Facebook,14,19,116,0.9,0.5,18,0.2695104617819311,0.047619047619047616,0.33407960199004977,5.19476842880249
Facebook,14,19,116,0.9,0.5,19,0.2778016684662239,0.022222222222222223,0.26293532338308456,4.9399802684783936
Facebook,14,19,116,0.9,0.5,20,0.26641811143493005,0.022222222222222223,0.2691542288557214,5.147654056549072
Facebook,14,19,116,0.9,0.5,21,0.27796620986488113,0.044444444444444446,0.3057213930348259,4.953383445739746
Facebook,14,19,116,0.9,0.5,22,0.26871664740974777,0.03333333333333333,0.32114427860696515,4.938276529312134
Facebook,14,19,116,0.9,0.5,23,0.2818392702576235,0.016666666666666666,0.2517412935323383,5.159761667251587
Facebook,14,19,116,0.9,0.5,24,0.24759129108760045,0.03333333333333333,0.2965174129353234,4.9520251750946045
Facebook,14,19,116,0.9,0.5,25,0.2755647054837496,0.025,0.2763681592039801,5.145625829696655
Facebook,14,19,123,0.95,0.5,1,0.2641467133962959,0.044444444444444446,0.2791044776119403,5.144021272659302
Facebook,14,19,123,0.95,0.5,2,0.27585803891050664,0.047619047619047616,0.35870646766169156,4.947348117828369
Facebook,14,19,123,0.95,0.5,3,0.2769960999524539,0.02962962962962963,0.2997512437810945,5.025289535522461
Facebook,14,19,123,0.95,0.5,4,0.29036485366825104,0.05555555555555555,0.34378109452736316,5.1371750831604
Facebook,14,19,123,0.95,0.5,5,0.27738227008146116,0.025,0.282089552238806,4.941850185394287
Facebook,14,19,123,0.95,0.5,6,0.24446056977312136,0.05333333333333334,0.3189054726368159,5.127336502075195
Facebook,14,19,123,0.95,0.5,7,0.2548258024685894,0.02857142857142857,0.2733830845771144,5.015994071960449
Facebook,14,19,123,0.95,0.5,8,0.27798307007771106,0.047619047619047616,0.3256218905472637,5.147719144821167
Facebook,14,19,123,0.95,0.5,9,0.2977513279213132,0.0380952380952381,0.2738805970149254,4.9706151485443115
Facebook,14,19,123,0.95,0.5,10,0.2725565947299351,0.025,0.26417910447761195,5.193369150161743
Facebook,14,19,123,0.95,0.5,11,0.275270176988086,0.044444444444444446,0.3111940298507463,4.95476508140564
Facebook,14,19,123,0.95,0.5,12,0.2700868446746778,0.02962962962962963,0.2798507462686567,5.1206135749816895
Facebook,14,19,123,0.95,0.5,13,0.27817576977572767,0.025,0.2572139303482587,4.970573663711548
Facebook,14,19,123,0.95,0.5,14,0.2683951191599754,0.0380952380952381,0.28432835820895525,5.149121046066284
Facebook,14,19,123,0.95,0.5,15,0.26270117657586667,0.03333333333333333,0.27810945273631843,4.986672878265381
Facebook,14,19,123,0.95,0.5,16,0.2834387159477475,0.02962962962962963,0.2885572139303483,5.166343927383423
Facebook,14,19,123,0.95,0.5,17,0.27663695181275855,0.0380952380952381,0.2997512437810945,4.936664581298828
Facebook,14,19,123,0.95,0.5,18,0.2665700500970718,0.025,0.26741293532338306,5.208707571029663
Facebook,14,19,123,0.95,0.5,19,0.2537765014367418,0.025,0.2733830845771144,4.932337760925293
Facebook,14,19,123,0.95,0.5,20,0.2697462662387836,0.03333333333333333,0.24925373134328357,4.956546306610107
Facebook,14,19,123,0.95,0.5,21,0.26490027906469643,0.044444444444444446,0.309452736318408,5.190239906311035
Facebook,14,19,123,0.95,0.5,22,0.26057266031092025,0.02962962962962963,0.3119402985074627,4.928610563278198
Facebook,14,19,123,0.95,0.5,23,0.25484687733843386,0.03333333333333333,0.2833333333333333,5.148006439208984
Facebook,14,19,123,0.95,0.5,24,0.2738888628102676,0.02666666666666667,0.28880597014925374,4.950310707092285
Facebook,14,19,123,0.95,0.5,25,0.28179402535119313,0.025,0.27238805970149255,5.1509740352630615
Facebook,14,19,129,1,0.5,1,0.24724738529728718,0.0380952380952381,0.2965174129353234,4.9415061473846436
Facebook,14,19,129,1,0.5,2,0.2343583938817238,0.02962962962962963,0.3027363184079602,5.161299228668213
Facebook,14,19,129,1,0.5,3,0.27192890147224985,0.03333333333333333,0.2960199004975124,4.969511270523071
Facebook,14,19,129,1,0.5,4,0.2703593789555189,0.05555555555555555,0.36343283582089553,5.132244825363159
Facebook,14,19,129,1,0.5,5,0.2574212900090117,0.05333333333333334,0.3082089552238806,4.938424587249756
Facebook,14,19,129,1,0.5,6,0.2703521228295747,0.03333333333333333,0.27611940298507465,5.15209698677063
Facebook,14,19,129,1,0.5,7,0.2658955141574956,0.0380952380952381,0.3256218905472637,4.961115121841431
Facebook,14,19,129,1,0.5,8,0.28089085391628815,0.03333333333333333,0.24427860696517412,5.136248826980591
Facebook,14,19,129,1,0.5,9,0.27544248792746734,0.022222222222222223,0.2639303482587065,4.954625368118286
Facebook,14,19,129,1,0.5,10,0.2816136264085021,0.02962962962962963,0.2965174129353234,5.183423757553101
Facebook,14,19,129,1,0.5,11,0.27370599272158225,0.03333333333333333,0.2788557213930348,4.9456565380096436
Facebook,14,19,129,1,0.5,12,0.2719707781765152,0.01818181818181818,0.268407960199005,5.16331672668457
Facebook,14,19,129,1,0.5,13,0.29201946625073155,0.047619047619047616,0.3480099502487562,4.937770366668701
Facebook,14,19,129,1,0.5,14,0.2596071873727945,0.05555555555555555,0.341044776119403,4.9747679233551025
Facebook,14,19,129,1,0.5,15,0.27713396367139354,0.022222222222222223,0.245273631840796,5.135602235794067
Facebook,14,19,129,1,0.5,16,0.2716000731291618,0.013333333333333334,0.2019900497512438,4.957055330276489
Facebook,14,19,129,1,0.5,17,0.2711127215284478,0.03333333333333333,0.3124378109452736,5.1177074909210205
Facebook,14,19,129,1,0.5,18,0.2811023872824731,0.044444444444444446,0.3087064676616915,5.165625333786011
Facebook,14,19,129,1,0.5,19,0.2610979082422328,0.037037037037037035,0.382089552238806,4.927814960479736
Facebook,14,19,129,1,0.5,20,0.26631744478956876,0.030303030303030304,0.3398009950248756,4.954286813735962
Facebook,14,19,129,1,0.5,21,0.26959067461446995,0.044444444444444446,0.30845771144278605,5.1334123611450195
Facebook,14,19,129,1,0.5,22,0.28432110165786556,0.03333333333333333,0.2855721393034826,4.95328426361084
Facebook,14,19,129,1,0.5,23,0.2721375667646517,0.02962962962962963,0.2907960199004975,5.191248416900635
Facebook,14,19,129,1,0.5,24,0.2613144388688746,0.04666666666666667,0.4791044776119403,4.9781177043914795
Facebook,14,19,129,1,0.5,25,0.2365630426232338,0.02,0.2800995024875622,5.170783281326294
Facebook,15,226,0,0,,0,0.7918246913992,0.0,0.017046944662995018,
Facebook,15,226,0,0,,0,0.7402260219237219,0.0,0.0065565171780750066,
Facebook,15,226,0,0,,0,0.8010255550856682,0.0,0.00026226068712300026,
Facebook,15,226,0,0,,0,0.7091513733935781,0.0,0.007343299239444007,
Facebook,15,226,0,0,,0,0.70879748972836,0.0009216589861751152,0.0904799370574351,
Facebook,15,226,0,0,,0,0.7680805155178639,0.0,0.00026226068712300026,
Facebook,15,226,0,0,,0,0.7461930296590681,0.0,0.0036716496197220037,
Facebook,15,226,0,0,,0,0.8217118653828233,0.0,0.017833726724364018,
Facebook,15,226,0,0,,0,0.7169829793716344,0.0,0.03147128245476003,
Facebook,15,226,0,0,,0,0.7848455915389516,0.0003003003003003003,0.024652504589562026,
Facebook,15,226,0,0,,0,0.7171669011004537,0.0,0.01835824809861002,
Facebook,15,226,0,0,,0,0.7070403337946725,0.0003003003003003003,0.05979543666404406,
Facebook,15,226,0,0,,0,0.6540993979897405,0.0,0.05874639391555206,
Facebook,15,226,0,0,,0,0.8001004768937,0.00029761904761904765,0.06818777865198007,
Facebook,15,226,0,0,,0,0.681337302486754,0.0002962962962962963,0.04038814581694204,
Facebook,15,226,0,0,,0,0.749926590282814,0.0007092198581560284,0.06084447941253606,
Facebook,15,226,0,0,,0,0.7517265507496222,0.0,0.015735641227380016,
Facebook,15,226,0,0,,0,0.7749309879105716,0.00029761904761904765,0.05664830841856806,
Facebook,15,226,0,0,,0,0.7891887821769866,0.0002962962962962963,0.045371098872279046,
Facebook,15,226,0,0,,0,0.8243664909816404,0.000631911532385466,0.06399160765801207,
Facebook,15,226,0,0,,0,0.7858805986744228,0.0002962962962962963,0.05979543666404406,
Facebook,15,226,0,0,,0,0.768483166791131,0.0,0.038027799632835035,
Facebook,15,226,0,0,,0,0.7384287091379302,0.0,0.001049042748492001,
Facebook,15,226,0,0,,0,0.7292679081648988,0.0,0.004720692368214005,
Facebook,15,226,0,0,,0,0.7756477443448387,0.0009049773755656109,0.12011539470233412,
Facebook,15,226,56,0.01,0.5,1,0.24802111143137992,0.006837606837606838,0.5048518227117755,4.92951226234436
Facebook,15,226,56,0.01,0.5,2,0.26162002906220544,0.009230769230769232,0.5992656700760556,4.926779747009277
Facebook,15,226,56,0.01,0.5,3,0.28057582944415144,0.004861111111111111,0.4820351429320745,5.12226676940918
Facebook,15,226,56,0.01,0.5,4,0.29162943019196036,0.005860805860805861,0.4927878311041175,4.9267578125
Facebook,15,226,56,0.01,0.5,5,0.2617063216515333,0.009375,0.6160503540519277,5.10905909538269
Facebook,15,226,56,0.01,0.5,6,0.2830694463223049,0.005426356589147287,0.46026750590086546,4.915182828903198
Facebook,15,226,56,0.01,0.5,7,0.2867987504830009,0.005017921146953405,0.4518751639129295,5.171220064163208
Facebook,15,226,56,0.01,0.5,8,0.27053489286847976,0.007317073170731708,0.5622869131917125,4.97114372253418
Facebook,15,226,56,0.01,0.5,9,0.2634980434973233,0.006837606837606838,0.5347495410437976,5.136343479156494
Facebook,15,226,56,0.01,0.5,10,0.26627142116449115,0.007909604519774011,0.4235510097036454,4.937930345535278
Facebook,15,226,56,0.01,0.5,11,0.2626386322309191,0.005797101449275362,0.5174403356936795,5.170223951339722
Facebook,15,226,56,0.01,0.5,12,0.26655565268637565,0.0065040650406504065,0.47364280094413846,4.928732872009277
Facebook,15,226,56,0.01,0.5,13,0.26381153691627085,0.009009009009009009,0.6341463414634146,5.175230264663696
Facebook,15,226,56,0.01,0.5,14,0.29576119137834467,0.006896551724137931,0.5696302124311565,4.916056156158447
Facebook,15,226,56,0.01,0.5,15,0.2706883181700671,0.006130268199233717,0.5035405192761605,5.155663251876831
Facebook,15,226,56,0.01,0.5,16,0.2732072666037966,0.008571428571428572,0.5378966692892735,4.921377897262573
Facebook,15,226,56,0.01,0.5,17,0.2574014166851626,0.005490196078431373,0.42748492001049043,5.154162645339966
Facebook,15,226,56,0.01,0.5,18,0.28584587664521616,0.007894736842105263,0.5869394177812746,4.9244184494018555
Facebook,15,226,56,0.01,0.5,19,0.2786179080666981,0.0073059360730593605,0.43902439024390244,4.95586633682251
Facebook,15,226,56,0.01,0.5,20,0.26361491798012515,0.008450704225352112,0.5811696826645686,5.1322526931762695
Facebook,15,226,56,0.01,0.5,21,0.2794281555291121,0.009523809523809525,0.7348544453186467,4.9691479206085205
Facebook,15,226,56,0.01,0.5,22,0.26226482117083033,0.005691056910569106,0.4437450826121164,5.131258249282837
Facebook,15,226,56,0.01,0.5,23,0.2950819103473134,0.004810996563573883,0.4348282192499344,4.964747428894043
Facebook,15,226,56,0.01,0.5,24,0.27313270460137296,0.0064516129032258064,0.6189352216102806,5.17204475402832
Facebook,15,226,56,0.01,0.5,25,0.2731953701024918,0.006593406593406593,0.5822187254130606,4.940139055252075
Facebook,15,226,280,0.05,0.5,1,0.2794393210070307,0.005982905982905983,0.43377917650144243,5.154623508453369
Facebook,15,226,280,0.05,0.5,2,0.272669542138434,0.005797101449275362,0.4988198269079465,4.931256055831909
Facebook,15,226,280,0.05,0.5,3,0.24913215377555842,0.005426356589147287,0.43797534749541045,5.1789562702178955
Facebook,15,226,280,0.05,0.5,4,0.2673387153751289,0.007142857142857143,0.5717282979281406,4.971266746520996
Facebook,15,226,280,0.05,0.5,5,0.2759059744871489,0.007511737089201878,0.5693679517440335,5.166539669036865
Facebook,15,226,280,0.05,0.5,6,0.27948672994907164,0.005555555555555556,0.42381327039076844,4.988888502120972
Facebook,15,226,280,0.05,0.5,7,0.2744996230424242,0.006818181818181818,0.5869394177812746,5.115087509155273
Facebook,15,226,280,0.05,0.5,8,0.2740677670221184,0.00642570281124498,0.4770521898767375,4.915395975112915
Facebook,15,226,280,0.05,0.5,9,0.2684422839350288,0.007792207792207792,0.5515342250196695,4.910201787948608
Facebook,15,226,280,0.05,0.5,10,0.2732329676685635,0.005185185185185185,0.4306320482559664,5.126538991928101
Facebook,15,226,280,0.05,0.5,11,0.27886268831889377,0.006965174129353234,0.46210333071072646,4.902174949645996
Facebook,15,226,280,0.05,0.5,12,0.2648449774020315,0.0065040650406504065,0.4980330448465775,5.117008924484253
Facebook,15,226,280,0.05,0.5,13,0.27711977671735916,0.007142857142857143,0.5586152635719905,4.886439561843872
Facebook,15,226,280,0.05,0.5,14,0.2739280768969875,0.008,0.5717282979281406,5.08667778968811
Facebook,15,226,280,0.05,0.5,15,0.26418366921846903,0.00909090909090909,0.6223446105428796,4.884398698806763
Facebook,15,226,280,0.05,0.5,16,0.2692233697340315,0.007317073170731708,0.5659585628114345,5.0764734745025635
Facebook,15,226,280,0.05,0.5,17,0.26711602528745143,0.007729468599033816,0.4935746131654865,4.880099534988403
Facebook,15,226,280,0.05,0.5,18,0.27632479737664684,0.0077777777777777776,0.46289011277209546,5.16054105758667
Facebook,15,226,280,0.05,0.5,19,0.26941452161487106,0.004651162790697674,0.3847364280094414,4.887454509735107
Facebook,15,226,280,0.05,0.5,20,0.2506318122875913,0.0053639846743295016,0.4607920272751115,5.0856568813323975
Facebook,15,226,280,0.05,0.5,21,0.2509829232617919,0.0091324200913242,0.6328350380277996,4.882058620452881
Facebook,15,226,280,0.05,0.5,22,0.24679774333850615,0.010328638497652582,0.7311827956989247,4.927835941314697
Facebook,15,226,280,0.05,0.5,23,0.26575450697330855,0.008627450980392156,0.6805664830841857,5.074350118637085
Facebook,15,226,280,0.05,0.5,24,0.2569917488275248,0.006965174129353234,0.42932074482035143,5.177213907241821
Facebook,15,226,280,0.05,0.5,25,0.2707404399448837,0.0053639846743295016,0.4943613952268555,4.896442174911499
Facebook,15,226,560,0.1,0.5,1,0.2531372667156713,0.0075,0.6249672174141097,4.907972812652588
Facebook,15,226,560,0.1,0.5,2,0.2775529532629023,0.004347826086956522,0.3884080776291634,5.128044366836548
Facebook,15,226,560,0.1,0.5,3,0.2765401756683262,0.007894736842105263,0.6546026750590087,4.905486106872559
Facebook,15,226,560,0.1,0.5,4,0.2817829144679741,0.006751054852320675,0.5203252032520326,5.128979444503784
Facebook,15,226,560,0.1,0.5,5,0.25567112433126415,0.00676328502415459,0.4972462627852085,4.935869216918945
Facebook,15,226,560,0.1,0.5,6,0.2738939968506775,0.006862745098039216,0.4322056123787044,5.114385604858398
Facebook,15,226,560,0.1,0.5,7,0.26715898594966053,0.006201550387596899,0.47652766850249145,5.0116729736328125
Facebook,15,226,560,0.1,0.5,8,0.26994531894126444,0.011111111111111112,0.45948072383949645,5.153066396713257
Facebook,15,226,560,0.1,0.5,9,0.26066931485792705,0.007168458781362007,0.6821400472069237,4.9642064571380615
Facebook,15,226,560,0.1,0.5,10,0.27681458841505235,0.006274509803921568,0.5198006818777865,5.157384157180786
Facebook,15,226,560,0.1,0.5,11,0.27029166154068135,0.006349206349206349,0.4634146341463415,4.97289252281189
Facebook,15,226,560,0.1,0.5,12,0.2629741669517658,0.006222222222222222,0.4988198269079465,5.138841390609741
Facebook,15,226,560,0.1,0.5,13,0.26184276288363445,0.006274509803921568,0.5696302124311565,4.987497568130493
Facebook,15,226,560,0.1,0.5,14,0.2537401934078318,0.005479452054794521,0.3973249409913454,5.170564889907837
Facebook,15,226,560,0.1,0.5,15,0.26687131948336107,0.007058823529411765,0.5641227380015735,4.947427988052368
Facebook,15,226,560,0.1,0.5,16,0.2497086775384691,0.008,0.5664830841856806,5.165483713150024
Facebook,15,226,560,0.1,0.5,17,0.2740908469234189,0.003968253968253968,0.34434828219249936,5.024736166000366
Facebook,15,226,560,0.1,0.5,18,0.2810106179396904,0.00784313725490196,0.6700760555992656,5.148556470870972
Facebook,15,226,560,0.1,0.5,19,0.26227683195967016,0.005072463768115942,0.44872803566745345,4.985427618026733
Facebook,15,226,560,0.1,0.5,20,0.23804178300914144,0.005982905982905983,0.44243377917650145,5.213269472122192
Facebook,15,226,560,0.1,0.5,21,0.27670672530445456,0.009166666666666667,0.7117755048518227,4.9961042404174805
Facebook,15,226,560,0.1,0.5,22,0.27480050199380085,0.006666666666666667,0.5347495410437976,5.2949652671813965
Facebook,15,226,560,0.1,0.5,23,0.28107758825603063,0.007692307692307693,0.5596643063204826,5.032499551773071
Facebook,15,226,560,0.1,0.5,24,0.25901445830257114,0.006926406926406926,0.5407815368476265,5.032681226730347
Facebook,15,226,560,0.1,0.5,25,0.29271605423561403,0.004301075268817204,0.4072908471020194,5.235281229019165
Facebook,15,226,840,0.15,0.5,1,0.2694707506859317,0.00642570281124498,0.5344872803566746,5.239809989929199
Facebook,15,226,840,0.15,0.5,2,0.2805164857763964,0.0052434456928838954,0.4287962234461054,5.026947975158691
Facebook,15,226,840,0.15,0.5,3,0.2580858909192865,0.007207207207207207,0.5507474429583006,5.027890920639038
Facebook,15,226,840,0.15,0.5,4,0.2637470922801244,0.007228915662650603,0.5727773406766326,5.265221357345581
Facebook,15,226,840,0.15,0.5,5,0.27306887605998104,0.0053639846743295016,0.4159454497770784,5.030937671661377
Facebook,15,226,840,0.15,0.5,6,0.2699088189526249,0.007894736842105263,0.5822187254130606,5.266415119171143
Facebook,15,226,840,0.15,0.5,7,0.2660102376890893,0.006130268199233717,0.48623131392604246,5.0341596603393555
Facebook,15,226,840,0.15,0.5,8,0.2872197757658997,0.004964539007092199,0.4138473642800944,5.261526823043823
Facebook,15,226,840,0.15,0.5,9,0.29063390593369354,0.008333333333333333,0.6165748754261736,5.043351650238037
Facebook,15,226,840,0.15,0.5,10,0.27552514958732494,0.0061403508771929825,0.41043797534749543,5.25260591506958
Facebook,15,226,840,0.15,0.5,11,0.24144736351907561,0.005479452054794521,0.4030946761080514,5.019144773483276
Facebook,15,226,840,0.15,0.5,12,0.27428299747140994,0.005555555555555556,0.44662995017046947,5.238865852355957
Facebook,15,226,840,0.15,0.5,13,0.26197944155222513,0.006751054852320675,0.4899029635457645,5.030163049697876
Facebook,15,226,840,0.15,0.5,14,0.27285848522075096,0.007407407407407408,0.5790715971675846,5.244258165359497
Facebook,15,226,840,0.15,0.5,15,0.27131138965009094,0.007326007326007326,0.6894833464463677,5.024208068847656
Facebook,15,226,840,0.15,0.5,16,0.28285094496701585,0.008888888888888889,0.6218200891686336,5.303196907043457
Facebook,15,226,840,0.15,0.5,17,0.25640654097068444,0.006060606060606061,0.5158667715709415,5.025865793228149
Facebook,15,226,840,0.15,0.5,18,0.26864805901839384,0.0049382716049382715,0.38814581694204037,5.231290102005005
Facebook,15,226,840,0.15,0.5,19,0.2681933162347734,0.008032128514056224,0.6359821662732756,5.028892755508423
Facebook,15,226,840,0.15,0.5,20,0.2650400760642767,0.007228915662650603,0.5709415158667716,5.044466972351074
Facebook,15,226,840,0.15,0.5,21,0.28162653760698,0.007692307692307693,0.6071334906897456,5.2502312660217285
Facebook,15,226,840,0.15,0.5,22,0.23495092355567435,0.010101010101010102,0.6590611067400997,5.228801965713501
Facebook,15,226,840,0.15,0.5,23,0.27012393181341354,0.007575757575757576,0.6189352216102806,5.030532598495483
Facebook,15,226,840,0.15,0.5,24,0.26017049582478335,0.007407407407407408,0.5378966692892735,5.033756256103516
Facebook,15,226,840,0.15,0.5,25,0.2720550103792163,0.006593406593406593,0.6401783372672436,5.239248275756836
Facebook,15,226,1120,0.2,0.5,1,0.25811545990518114,0.00784313725490196,0.7025963808025177,5.2740209102630615
Facebook,15,226,1120,0.2,0.5,2,0.2574025443746358,0.008130081300813009,0.6089693154996066,5.05846905708313
Facebook,15,226,1120,0.2,0.5,3,0.2855666816958817,0.0052434456928838954,0.46551271964332547,5.048361778259277
Facebook,15,226,1120,0.2,0.5,4,0.2669517885126912,0.007619047619047619,0.5179648570679255,5.26733922958374
Facebook,15,226,1120,0.2,0.5,5,0.27421216325365094,0.0075,0.5562549173878836,5.259750604629517
Facebook,15,226,1120,0.2,0.5,6,0.2550564452001599,0.0064516129032258064,0.5869394177812746,5.044926404953003
Facebook,15,226,1120,0.2,0.5,7,0.30611169611690103,0.005614035087719298,0.5061631261473905,5.034585952758789
Facebook,15,226,1120,0.2,0.5,8,0.2676588717586316,0.007017543859649123,0.47993705743509046,5.290661811828613
Facebook,15,226,1120,0.2,0.5,9,0.2730327485148828,0.006741573033707865,0.5659585628114345,5.272516965866089
Facebook,15,226,1120,0.2,0.5,10,0.2659557543689198,0.00676328502415459,0.4259113558877524,5.056959629058838
Facebook,15,226,1120,0.2,0.5,11,0.2776645858253747,0.007594936708860759,0.6260162601626016,5.0685060024261475
Facebook,15,226,1120,0.2,0.5,12,0.2682394176157341,0.006392694063926941,0.42984526619459745,5.255422353744507
Facebook,15,226,1120,0.2,0.5,13,0.26710479341958704,0.00590717299578059,0.48806713873590346,5.265913963317871
Facebook,15,226,1120,0.2,0.5,14,0.2802976091937898,0.0073059360730593605,0.5190138998164175,5.050192356109619
Facebook,15,226,1120,0.2,0.5,15,0.2712592416863884,0.006584362139917695,0.4778389719381065,5.073366641998291
Facebook,15,226,1120,0.2,0.5,16,0.24852731795770297,0.007017543859649123,0.5090479937057435,5.3126795291900635
Facebook,15,226,1120,0.2,0.5,17,0.29047911617144356,0.005734767025089606,0.5064253868345135,5.3007543087005615
Facebook,15,226,1120,0.2,0.5,18,0.27881208471078167,0.005303030303030303,0.4188303173354314,5.090551137924194
Facebook,15,226,1120,0.2,0.5,19,0.2695290959297354,0.005263157894736842,0.35247836349331235,5.059348821640015
Facebook,15,226,1120,0.2,0.5,20,0.2605173297516452,0.008602150537634409,0.5200629425649095,5.239043951034546
Facebook,15,226,1120,0.2,0.5,21,0.2749921638650615,0.004761904761904762,0.34015211119853134,5.307875394821167
Facebook,15,226,1120,0.2,0.5,22,0.2829842015693071,0.005072463768115942,0.4172567532126934,5.091634035110474
Facebook,15,226,1120,0.2,0.5,23,0.2901002642815795,0.005833333333333334,0.4697088906372935,5.060126781463623
Facebook,15,226,1120,0.2,0.5,24,0.23959476336672264,0.0065040650406504065,0.5179648570679255,5.276022911071777
Facebook,15,226,1120,0.2,0.5,25,0.2392354799711869,0.008333333333333333,0.4901652242328875,5.269132375717163
Facebook,15,226,1400,0.25,0.5,1,0.25710076249818464,0.0075,0.6278520849724626,5.09048056602478
Facebook,15,226,1400,0.25,0.5,2,0.21786563824993874,0.005833333333333334,0.48623131392604246,5.103835821151733
Facebook,15,226,1400,0.25,0.5,3,0.2818565940570229,0.007575757575757576,0.6753212693417256,5.294507026672363
Facebook,15,226,1400,0.25,0.5,4,0.28113572874404014,0.00599250936329588,0.48098610018358245,5.1558449268341064
Facebook,15,226,1400,0.25,0.5,5,0.2909636271576153,0.0075,0.5635982166273276,5.307460784912109
Facebook,15,226,1400,0.25,0.5,6,0.282663047221685,0.007792207792207792,0.6173616574875426,5.118432998657227
Facebook,15,226,1400,0.25,0.5,7,0.2820128667699221,0.008333333333333333,0.5921846315237346,5.328380584716797
Facebook,15,226,1400,0.25,0.5,8,0.2809519862009241,0.006274509803921568,0.5158667715709415,5.093118906021118
Facebook,15,226,1400,0.25,0.5,9,0.3104958946910613,0.005490196078431373,0.4437450826121164,5.2008726596832275
Facebook,15,226,1400,0.25,0.5,10,0.27146319100139327,0.0073059360730593605,0.5006556517178075,5.008277893066406
Facebook,15,226,1400,0.25,0.5,11,0.276310550206102,0.0071111111111111115,0.5024914765276685,5.25379753112793
Facebook,15,226,1400,0.25,0.5,12,0.25552828308848824,0.006751054852320675,0.48072383949645947,5.017433404922485
Facebook,15,226,1400,0.25,0.5,13,0.2659642276429863,0.006481481481481481,0.4109624967217414,5.195338487625122
Facebook,15,226,1400,0.25,0.5,14,0.2737685807206741,0.009950248756218905,0.6121164437450826,4.974849462509155
Facebook,15,226,1400,0.25,0.5,15,0.26918516702796713,0.005833333333333334,0.48360870705481246,5.196231365203857
Facebook,15,226,1400,0.25,0.5,16,0.2682072478859035,0.006572769953051643,0.4096511932861264,5.003368854522705
Facebook,15,226,1400,0.25,0.5,17,0.2777866165198098,0.00642570281124498,0.5376344086021505,5.240293741226196
Facebook,15,226,1400,0.25,0.5,18,0.26332168388866983,0.006130268199233717,0.5066876475216365,5.009129285812378
Facebook,15,226,1400,0.25,0.5,19,0.2791107872208663,0.006837606837606838,0.46026750590086546,5.251672267913818
Facebook,15,226,1400,0.25,0.5,20,0.28988845435448757,0.006274509803921568,0.5106215578284815,4.972914934158325
Facebook,15,226,1400,0.25,0.5,21,0.2729443262412714,0.006593406593406593,0.5767112509834775,5.236626625061035
Facebook,15,226,1400,0.25,0.5,22,0.2325304820797844,0.006060606060606061,0.5184893784421715,5.043274402618408
Facebook,15,226,1400,0.25,0.5,23,0.2766620257811727,0.0065040650406504065,0.4783634933123525,5.254669189453125
Facebook,15,226,1400,0.25,0.5,24,0.2755785595232754,0.00642570281124498,0.5337004982953055,5.068657875061035
Facebook,15,226,1400,0.25,0.5,25,0.2815173276158315,0.006666666666666667,0.5095725150799895,5.330302476882935
Facebook,15,226,1680,0.3,0.5,1,0.2625788452468036,0.0073059360730593605,0.4833464463676895,5.091004848480225
Facebook,15,226,1680,0.3,0.5,2,0.28249955369964586,0.006201550387596899,0.5628114345659586,5.234727382659912
Facebook,15,226,1680,0.3,0.5,3,0.2635343377486072,0.005303030303030303,0.4261736165748754,5.041310787200928
Facebook,15,226,1680,0.3,0.5,4,0.2832088647172718,0.006349206349206349,0.5111460792027275,5.297158241271973
Facebook,15,226,1680,0.3,0.5,5,0.27234355051178444,0.006837606837606838,0.45974298452661944,5.053105592727661
Facebook,15,226,1680,0.3,0.5,6,0.27218147824665295,0.008602150537634409,0.4581694204038815,5.239205598831177
Facebook,15,226,1680,0.3,0.5,7,0.28143953668185495,0.004819277108433735,0.37319695777602935,5.038573265075684
Facebook,15,226,1680,0.3,0.5,8,0.2653143928607798,0.006222222222222222,0.42538683451350645,5.250993967056274
Facebook,15,226,1680,0.3,0.5,9,0.2651097050679135,0.00980392156862745,0.6265407815368477,5.037364959716797
Facebook,15,226,1680,0.3,0.5,10,0.2768071156533024,0.007407407407407408,0.4788880146865985,5.046208143234253
Facebook,15,226,1680,0.3,0.5,11,0.23551331369056694,0.004878048780487805,0.42538683451350645,5.239421367645264
Facebook,15,226,1680,0.3,0.5,12,0.28644774723606387,0.0053639846743295016,0.5051140833988985,5.035945892333984
Facebook,15,226,1680,0.3,0.5,13,0.2560752693953065,0.0075,0.6409651193286127,5.294000625610352
Facebook,15,226,1680,0.3,0.5,14,0.2614760755852656,0.006481481481481481,0.42748492001049043,5.307673454284668
Facebook,15,226,1680,0.3,0.5,15,0.2686532772987374,0.006572769953051643,0.4815106215578285,5.110930442810059
Facebook,15,226,1680,0.3,0.5,16,0.2660803715037876,0.007594936708860759,0.5570416994492525,5.148284196853638
Facebook,15,226,1680,0.3,0.5,17,0.29548627616727147,0.006926406926406926,0.5106215578284815,5.32942271232605
Facebook,15,226,1680,0.3,0.5,18,0.2501570173723307,0.005555555555555556,0.5137686860739575,5.131738901138306
Facebook,15,226,1680,0.3,0.5,19,0.26984675888344956,0.005833333333333334,0.4285339627589824,5.2815961837768555
Facebook,15,226,1680,0.3,0.5,20,0.29130118916019787,0.005017921146953405,0.44348282192499344,5.076456546783447
Facebook,15,226,1680,0.3,0.5,21,0.24468957647015194,0.006392694063926941,0.4975085234723315,5.278486967086792
Facebook,15,226,1680,0.3,0.5,22,0.23384773168646336,0.005555555555555556,0.45476003147128247,5.103798151016235
Facebook,15,226,1680,0.3,0.5,23,0.2881742204390475,0.0069767441860465115,0.5856281143456595,5.306483745574951
Facebook,15,226,1680,0.3,0.5,24,0.28869312005614634,0.006349206349206349,0.5426173616574875,5.090711355209351
Facebook,15,226,1680,0.3,0.5,25,0.2678746492188365,0.0044444444444444444,0.3485444531864674,5.3101866245269775
Facebook,15,226,1960,0.35,0.5,1,0.27848555692062715,0.0061403508771929825,0.49147652766850247,5.137113571166992
Facebook,15,226,1960,0.35,0.5,2,0.25909781379704355,0.005263157894736842,0.3823760818253344,5.2945802211761475
Facebook,15,226,1960,0.35,0.5,3,0.25606803702942266,0.007511737089201878,0.5415683189089956,5.066622495651245
Facebook,15,226,1960,0.35,0.5,4,0.2778711061555425,0.005426356589147287,0.4117492787831104,5.305715560913086
Facebook,15,226,1960,0.35,0.5,5,0.259772365453789,0.005691056910569106,0.4670862837660635,5.092331409454346
Facebook,15,226,1960,0.35,0.5,6,0.28821784289338276,0.006818181818181818,0.5958562811434566,5.283743143081665
Facebook,15,226,1960,0.35,0.5,7,0.28693619577019513,0.006926406926406926,0.5098347757671126,5.075661897659302
Facebook,15,226,1960,0.35,0.5,8,0.25831377945924955,0.006666666666666667,0.5014424337791765,5.2771899700164795
Facebook,15,226,1960,0.35,0.5,9,0.26437948404506006,0.007575757575757576,0.6973511670600577,5.086564540863037
Facebook,15,226,1960,0.35,0.5,10,0.27266793326628846,0.006584362139917695,0.5523210070810386,5.311511516571045
Facebook,15,226,1960,0.35,0.5,11,0.2771501281407026,0.0065040650406504065,0.5059008654602675,5.072314262390137
Facebook,15,226,1960,0.35,0.5,12,0.26933026658584314,0.008955223880597015,0.5667453448728036,5.343142032623291
Facebook,15,226,1960,0.35,0.5,13,0.2820051710969896,0.0065040650406504065,0.5352740624180435,5.1814398765563965
Facebook,15,226,1960,0.35,0.5,14,0.2790152339037925,0.007619047619047619,0.5260949383687386,5.383035659790039
Facebook,15,226,1960,0.35,0.5,15,0.2380617718437763,0.007575757575757576,0.6834513506425387,5.159899711608887
Facebook,15,226,1960,0.35,0.5,16,0.26222009090144355,0.00676328502415459,0.42984526619459745,5.373335599899292
Facebook,15,226,1960,0.35,0.5,17,0.25633758578557425,0.006481481481481481,0.4329923944400734,5.13076376914978
Facebook,15,226,1960,0.35,0.5,18,0.2901067866787798,0.008,0.5955940204563336,5.336670398712158
Facebook,15,226,1960,0.35,0.5,19,0.24185330983313016,0.0065040650406504065,0.5124573826383425,5.135280609130859
Facebook,15,226,1960,0.35,0.5,20,0.26153214132134184,0.008695652173913044,0.6084447941253606,5.32719349861145
Facebook,15,226,1960,0.35,0.5,21,0.26864949153608597,0.0071111111111111115,0.5331759769210596,5.137726545333862
Facebook,15,226,1960,0.35,0.5,22,0.24245364627297067,0.006862745098039216,0.4954104379753475,5.354984760284424
Facebook,15,226,1960,0.35,0.5,23,0.2759235728345213,0.007894736842105263,0.5182271177550485,5.14794921875
Facebook,15,226,1960,0.35,0.5,24,0.2940959448753392,0.007960199004975124,0.4697088906372935,5.327677488327026
Facebook,15,226,1960,0.35,0.5,25,0.271665906670168,0.006222222222222222,0.5048518227117755,5.082820653915405
Facebook,15,226,2240,0.4,0.5,1,0.23759692795865386,0.006481481481481481,0.42643587726199844,5.324197292327881
Facebook,15,226,2240,0.4,0.5,2,0.26728326364678395,0.007317073170731708,0.5984788880146866,5.103730201721191
Facebook,15,226,2240,0.4,0.5,3,0.271263183852563,0.006751054852320675,0.5310778914240756,5.30292534828186
Facebook,15,226,2240,0.4,0.5,4,0.2724370759320597,0.0073059360730593605,0.5108838185156045,5.1150617599487305
Facebook,15,226,2240,0.4,0.5,5,0.268431874062888,0.006926406926406926,0.5232100708103855,5.345738172531128
Facebook,15,226,2240,0.4,0.5,6,0.28566112929856274,0.00642570281124498,0.4891161814843955,5.1172990798950195
Facebook,15,226,2240,0.4,0.5,7,0.2707525974881102,0.0071111111111111115,0.5177025963808025,5.315096616744995
Facebook,15,226,2240,0.4,0.5,8,0.2867073624907234,0.007017543859649123,0.5177025963808025,5.106489658355713
Facebook,15,226,2240,0.4,0.5,9,0.270483009358216,0.006382978723404255,0.5793338578547076,5.117102861404419
Facebook,15,226,2240,0.4,0.5,10,0.27892232692559005,0.0052434456928838954,0.4938368738526095,5.310109615325928
Facebook,15,226,2240,0.4,0.5,11,0.27234885195353403,0.006862745098039216,0.5135064253868346,5.155660629272461
Facebook,15,226,2240,0.4,0.5,12,0.270647518354185,0.007692307692307693,0.5552058746393915,5.378694772720337
Facebook,15,226,2240,0.4,0.5,13,0.293523976983183,0.005303030303030303,0.4859690532389195,5.1869423389434814
Facebook,15,226,2240,0.4,0.5,14,0.2503265510103366,0.005797101449275362,0.5292420666142146,5.389572381973267
Facebook,15,226,2240,0.4,0.5,15,0.26655440327846025,0.006201550387596899,0.5184893784421715,5.198511838912964
Facebook,15,226,2240,0.4,0.5,16,0.27206998436916896,0.006751054852320675,0.5567794387621295,5.370588779449463
Facebook,15,226,2240,0.4,0.5,17,0.27431827688694943,0.0053639846743295016,0.41568318908995544,5.1600799560546875
Facebook,15,226,2240,0.4,0.5,18,0.2593400905291684,0.00625,0.35667453448728037,5.387509822845459
Facebook,15,226,2240,0.4,0.5,19,0.26885292727332594,0.0071111111111111115,0.5245213742460005,5.14566707611084
Facebook,15,226,2240,0.4,0.5,20,0.26815894820444963,0.005860805860805861,0.5266194597429845,5.383059740066528
Facebook,15,226,2240,0.4,0.5,21,0.29735508103428204,0.0040650406504065045,0.35011801730920533,5.172984600067139
Facebook,15,226,2240,0.4,0.5,22,0.28987781260603707,0.007058823529411765,0.5987411487018096,5.384732246398926
Facebook,15,226,2240,0.4,0.5,23,0.2773964014400323,0.007317073170731708,0.5625491738788355,5.201161861419678
Facebook,15,226,2240,0.4,0.5,24,0.2829382988626937,0.005691056910569106,0.4329923944400734,5.350543975830078
Facebook,15,226,2240,0.4,0.5,25,0.22434768354073362,0.013333333333333334,0.7602937319695777,5.1398749351501465
Facebook,15,226,2520,0.45,0.5,1,0.2535078233122087,0.005691056910569106,0.5310778914240756,5.355147361755371
Facebook,15,226,2520,0.45,0.5,2,0.2743674807835419,0.008032128514056224,0.6569630212431157,5.152353048324585
Facebook,15,226,2520,0.45,0.5,3,0.27385165855087246,0.006666666666666667,0.5971675845790716,5.338707208633423
Facebook,15,226,2520,0.45,0.5,4,0.27201602873275443,0.005761316872427984,0.42932074482035143,5.160071611404419
Facebook,15,226,2520,0.45,0.5,5,0.2713186333249871,0.007317073170731708,0.5832677681615526,5.332142114639282
Facebook,15,226,2520,0.45,0.5,6,0.24281035563434086,0.008333333333333333,0.6905323891948597,5.152114391326904
Facebook,15,226,2520,0.45,0.5,7,0.23776279671025802,0.0064516129032258064,0.5913978494623656,5.358895540237427
Facebook,15,226,2520,0.45,0.5,8,0.24909369530174258,0.007207207207207207,0.5420928402832416,5.137459993362427
Facebook,15,226,2520,0.45,0.5,9,0.27942577461552426,0.006060606060606061,0.5106215578284815,5.363907814025879
Facebook,15,226,2520,0.45,0.5,10,0.2643515163636092,0.008108108108108109,0.5719905586152636,5.243274927139282
Facebook,15,226,2520,0.45,0.5,11,0.26715603440543684,0.006392694063926941,0.4815106215578285,5.225567817687988
Facebook,15,226,2520,0.45,0.5,12,0.22319274241510656,0.00676328502415459,0.44426960398636245,5.434357166290283
Facebook,15,226,2520,0.45,0.5,13,0.2791320845605679,0.0064516129032258064,0.6768948334644637,5.232537269592285
Facebook,15,226,2520,0.45,0.5,14,0.2726389581295187,0.005622489959839358,0.4975085234723315,5.38103985786438
Facebook,15,226,2520,0.45,0.5,15,0.26517357681895704,0.006741573033707865,0.6176239181746657,5.199572324752808
Facebook,15,226,2520,0.45,0.5,16,0.2638252230951317,0.006896551724137931,0.5664830841856806,5.386385202407837
Facebook,15,226,2520,0.45,0.5,17,0.24786252363143807,0.006060606060606061,0.5394702334120115,5.1691882610321045
Facebook,15,226,2520,0.45,0.5,18,0.277469254039246,0.006274509803921568,0.5198006818777865,5.392276048660278
Facebook,15,226,2520,0.45,0.5,19,0.22774424765771564,0.008465608465608466,0.5114083398898505,5.1948206424713135
Facebook,15,226,2520,0.45,0.5,20,0.2684265210167382,0.006666666666666667,0.5218987673747705,5.455396890640259
Facebook,15,226,2520,0.45,0.5,21,0.24391981089737969,0.005982905982905983,0.43981117230527145,5.256152868270874
Facebook,15,226,2520,0.45,0.5,22,0.26467473277119485,0.00823045267489712,0.6632572777340676,5.426994562149048
Facebook,15,226,2520,0.45,0.5,23,0.2751960830669909,0.00784313725490196,0.6375557303960137,5.183278322219849
Facebook,15,226,2520,0.45,0.5,24,0.2856136608890213,0.006060606060606061,0.45344872803566744,5.329184532165527
Facebook,15,226,2520,0.45,0.5,25,0.2659707956111417,0.007692307692307693,0.5869394177812746,5.141703128814697
Facebook,15,226,2800,0.5,0.5,1,0.27841240744298185,0.006584362139917695,0.5517964857067925,5.344982385635376
Facebook,15,226,2800,0.5,0.5,2,0.2766367190583068,0.005333333333333333,0.3608707054812484,5.190333604812622
Facebook,15,226,2800,0.5,0.5,3,0.2533927074029888,0.005622489959839358,0.43823760818253343,5.354462146759033
Facebook,15,226,2800,0.5,0.5,4,0.2729474800927562,0.0069767441860465115,0.6357199055861527,5.173692941665649
Facebook,15,226,2800,0.5,0.5,5,0.26267202689056857,0.009523809523809525,0.7246262785208497,5.36848783493042
Facebook,15,226,2800,0.5,0.5,6,0.3032286734990208,0.0073059360730593605,0.46551271964332547,5.168266534805298
Facebook,15,226,2800,0.5,0.5,7,0.2613048367663213,0.007619047619047619,0.5218987673747705,5.398112773895264
Facebook,15,226,2800,0.5,0.5,8,0.26487635539462984,0.0073059360730593605,0.5528455284552846,5.1947691440582275
Facebook,15,226,2800,0.5,0.5,9,0.25680157160940076,0.007317073170731708,0.6286388670338316,5.395464658737183
Facebook,15,226,2800,0.5,0.5,10,0.27388879519187503,0.006896551724137931,0.5714660372410175,5.263537406921387
Facebook,15,226,2800,0.5,0.5,11,0.2577012366748915,0.007207207207207207,0.5465512719643325,5.466272592544556
Facebook,15,226,2800,0.5,0.5,12,0.24547586176085123,0.007017543859649123,0.5263571990558615,5.257921934127808
Facebook,15,226,2800,0.5,0.5,13,0.2717956175761156,0.007142857142857143,0.6050354051927616,5.432930946350098
Facebook,15,226,2800,0.5,0.5,14,0.23996392965321406,0.008484848484848486,0.4697088906372935,5.2415852546691895
Facebook,15,226,2800,0.5,0.5,15,0.2825619831638325,0.007246376811594203,0.6420141620771046,5.447816371917725
Facebook,15,226,2800,0.5,0.5,16,0.25930051319697667,0.00784313725490196,0.6569630212431157,5.229872941970825
Facebook,15,226,2800,0.5,0.5,17,0.27310178971700566,0.0065040650406504065,0.5544190925780226,5.414955377578735
Facebook,15,226,2800,0.5,0.5,18,0.28970181533206135,0.006521739130434782,0.5895620246525046,5.229005336761475
Facebook,15,226,2800,0.5,0.5,19,0.2673045837841493,0.006130268199233717,0.5441909257802255,5.400899887084961
Facebook,15,226,2800,0.5,0.5,20,0.22144379547192447,0.006392694063926941,0.4909520062942565,5.235143661499023
Facebook,15,226,2800,0.5,0.5,21,0.2660865840073717,0.00599250936329588,0.5392079727248885,5.432316064834595
Facebook,15,226,2800,0.5,0.5,22,0.27380180283219474,0.004210526315789474,0.41227380015735643,5.213915824890137
Facebook,15,226,2800,0.5,0.5,23,0.31230955323358417,0.005498281786941581,0.4474167322318384,5.429042816162109
Facebook,15,226,2800,0.5,0.5,24,0.2764073338628573,0.00642570281124498,0.5142932074482035,5.196515083312988
Facebook,15,226,2800,0.5,0.5,25,0.274732154609947,0.008032128514056224,0.6580120639916076,5.350597858428955
Facebook,15,226,3080,0.55,0.5,1,0.2685806980763975,0.0075,0.6184107002360346,5.203164339065552
Facebook,15,226,3080,0.55,0.5,2,0.2835379175990357,0.008108108108108109,0.5900865460267506,5.424028158187866
Facebook,15,226,3080,0.55,0.5,3,0.2805953859330861,0.004347826086956522,0.3891948596905324,5.196479797363281
Facebook,15,226,3080,0.55,0.5,4,0.2645836264909907,0.009259259259259259,0.6433254655127196,5.404913902282715
Facebook,15,226,3080,0.55,0.5,5,0.2696389471065027,0.00642570281124498,0.5190138998164175,5.249644041061401
Facebook,15,226,3080,0.55,0.5,6,0.2712537178792074,0.005797101449275362,0.5517964857067925,5.442859411239624
Facebook,15,226,3080,0.55,0.5,7,0.2731695952466344,0.007228915662650603,0.5953317597692106,5.226769685745239
Facebook,15,226,3080,0.55,0.5,8,0.2349315991881668,0.006306306306306306,0.46944662995017045,5.4592320919036865
Facebook,15,226,3080,0.55,0.5,9,0.25635426995290944,0.007228915662650603,0.6189352216102806,5.2616870403289795
Facebook,15,226,3080,0.55,0.5,10,0.2785119018057024,0.005797101449275362,0.5504851822711776,5.491838216781616
Facebook,15,226,3080,0.55,0.5,11,0.2674048219400869,0.007407407407407408,0.6186729609231576,5.3253772258758545
Facebook,15,226,3080,0.55,0.5,12,0.2551051428485467,0.007662835249042145,0.6467348544453186,5.483283281326294
Facebook,15,226,3080,0.55,0.5,13,0.2960212271519077,0.0073059360730593605,0.5132441646997115,5.28438401222229
Facebook,15,226,3080,0.55,0.5,14,0.22842417944270593,0.008438818565400843,0.6624704956726987,5.451486587524414
Facebook,15,226,3080,0.55,0.5,15,0.26367968073484027,0.005555555555555556,0.4261736165748754,5.25206184387207
Facebook,15,226,3080,0.55,0.5,16,0.2723366540518508,0.007407407407407408,0.5596643063204826,5.440536975860596
Facebook,15,226,3080,0.55,0.5,17,0.2685011065624912,0.0069767441860465115,0.5767112509834775,5.226787328720093
Facebook,15,226,3080,0.55,0.5,18,0.2794878439981194,0.00980392156862745,0.6834513506425387,5.4652886390686035
Facebook,15,226,3080,0.55,0.5,19,0.26330973725251905,0.008,0.6045108838185156,5.264272212982178
Facebook,15,226,3080,0.55,0.5,20,0.2874778857343989,0.007017543859649123,0.4849200104904275,5.473512649536133
Facebook,15,226,3080,0.55,0.5,21,0.27095134735384296,0.009375,0.5635982166273276,5.242172718048096
Facebook,15,226,3080,0.55,0.5,22,0.26849606243774204,0.006130268199233717,0.5268817204301075,5.44829249382019
Facebook,15,226,3080,0.55,0.5,23,0.2716023357161125,0.007594936708860759,0.6239181746656176,5.2208569049835205
Facebook,15,226,3080,0.55,0.5,24,0.27650555234268304,0.005072463768115942,0.42197744558090744,5.389384746551514
Facebook,15,226,3080,0.55,0.5,25,0.26698773296524664,0.0053639846743295016,0.42486231313926043,5.228579998016357
Facebook,15,226,3360,0.6,0.5,1,0.2824065103143511,0.007619047619047619,0.5142932074482035,5.45182204246521
Facebook,15,226,3360,0.6,0.5,2,0.2608044438469675,0.00642570281124498,0.5166535536323105,5.252289533615112
Facebook,15,226,3360,0.6,0.5,3,0.271070349815434,0.007662835249042145,0.6414896407028586,5.425256967544556
Facebook,15,226,3360,0.6,0.5,4,0.21728771409790154,0.008465608465608466,0.5218987673747705,5.238559722900391
Facebook,15,226,3360,0.6,0.5,5,0.2650657142547048,0.008,0.5727773406766326,5.467279434204102
Facebook,15,226,3360,0.6,0.5,6,0.26911056889729384,0.007692307692307693,0.5733018620508785,5.2537782192230225
Facebook,15,226,3360,0.6,0.5,7,0.23216779865433576,0.0065040650406504065,0.5179648570679255,5.422214984893799
Facebook,15,226,3360,0.6,0.5,8,0.24720340219334083,0.009259259259259259,0.6947285601888277,5.288278579711914
Facebook,15,226,3360,0.6,0.5,9,0.2841284212258852,0.005925925925925926,0.5003933910306845,5.542254209518433
Facebook,15,226,3360,0.6,0.5,10,0.2343888231969091,0.008602150537634409,0.5494361395226856,5.3311357498168945
Facebook,15,226,3360,0.6,0.5,11,0.14219814890571877,0.002106741573033708,0.8095987411487018,5.533001899719238
Facebook,15,226,3360,0.6,0.5,12,0.2576424296659961,0.007662835249042145,0.6302124311565697,5.321896076202393
Facebook,15,226,3360,0.6,0.5,13,0.23356511330121474,0.005622489959839358,0.45869394177812745,5.521591424942017
Facebook,15,226,3360,0.6,0.5,14,0.27189521065727507,0.006274509803921568,0.5140309467610805,5.30835747718811
Facebook,15,226,3360,0.6,0.5,15,0.27585159904886813,0.007017543859649123,0.4859690532389195,5.479092597961426
Facebook,15,226,3360,0.6,0.5,16,0.2920986650471669,0.008527131782945736,0.6698137949121427,5.274502277374268
Facebook,15,226,3360,0.6,0.5,17,0.2700438379209401,0.00590717299578059,0.41751901389981644,5.5011632442474365
Facebook,15,226,3360,0.6,0.5,18,0.2471132302291794,0.007960199004975124,0.5420928402832416,5.315820693969727
Facebook,15,226,3360,0.6,0.5,19,0.2757347465548016,0.0077777777777777776,0.42748492001049043,5.525767803192139
Facebook,15,226,3360,0.6,0.5,20,0.27569782721683156,0.006896551724137931,0.5234723314975085,5.293983221054077
Facebook,15,226,3360,0.6,0.5,21,0.26936422103494956,0.009649122807017544,0.7107264621033307,5.539352893829346
Facebook,15,226,3360,0.6,0.5,22,0.292638047557499,0.00749063670411985,0.7170207185942827,5.254427194595337
Facebook,15,226,3360,0.6,0.5,23,0.2421591114165281,0.006741573033707865,0.5730396013637555,5.445341110229492
Facebook,15,226,3360,0.6,0.5,24,0.28377502364492563,0.007017543859649123,0.6745344872803567,5.245612144470215
Facebook,15,226,3360,0.6,0.5,25,0.28524469399573027,0.00642570281124498,0.5184893784421715,5.4658284187316895
Facebook,15,226,3640,0.65,0.5,1,0.2608893080686159,0.006584362139917695,0.4938368738526095,5.27054762840271
Facebook,15,226,3640,0.65,0.5,2,0.26762609253952213,0.007594936708860759,0.6005769735116706,5.454518795013428
Facebook,15,226,3640,0.65,0.5,3,0.2741778067934683,0.005925925925925926,0.5106215578284815,5.263163328170776
Facebook,15,226,3640,0.65,0.5,4,0.25353869205351276,0.007207207207207207,0.5163912929451875,5.470253229141235
Facebook,15,226,3640,0.65,0.5,5,0.2614133531793693,0.007228915662650603,0.5803829006031995,5.2938618659973145
Facebook,15,226,3640,0.65,0.5,6,0.2782608617575315,0.0065040650406504065,0.4715447154471545,5.485195636749268
Facebook,15,226,3640,0.65,0.5,7,0.2600330430244579,0.007936507936507936,0.6776816155258327,5.308464765548706
Facebook,15,226,3640,0.65,0.5,8,0.2719327475110811,0.008450704225352112,0.6624704956726987,5.577805042266846
Facebook,15,226,3640,0.65,0.5,9,0.273119778745169,0.007142857142857143,0.5835300288486756,5.3356077671051025
Facebook,15,226,3640,0.65,0.5,10,0.2410034118972818,0.00642570281124498,0.5179648570679255,5.554362773895264
Facebook,15,226,3640,0.65,0.5,11,0.23344477608659542,0.006818181818181818,0.5906110674009966,5.346389293670654
Facebook,15,226,3640,0.65,0.5,12,0.2796298517017977,0.007960199004975124,0.5869394177812746,5.5434792041778564
Facebook,15,226,3640,0.65,0.5,13,0.2715992166900555,0.009009009009009009,0.6572252819302387,5.3085246086120605
Facebook,15,226,3640,0.65,0.5,14,0.27422931911780807,0.006666666666666667,0.6150013113034356,5.490373849868774
Facebook,15,226,3640,0.65,0.5,15,0.28320840971114336,0.00599250936329588,0.5625491738788355,5.332952499389648
Facebook,15,226,3640,0.65,0.5,16,0.29371101369420577,0.006521739130434782,0.5748754261736165,5.519306659698486
Facebook,15,226,3640,0.65,0.5,17,0.27434199291863853,0.009523809523809525,0.6850249147652767,5.356502532958984
Facebook,15,226,3640,0.65,0.5,18,0.2638004735742935,0.0075,0.5698924731182796,5.5119383335113525
Facebook,15,226,3640,0.65,0.5,19,0.269358492272298,0.009259259259259259,0.6931549960660897,5.369201898574829
Facebook,15,226,3640,0.65,0.5,20,0.2660410918342586,0.008032128514056224,0.6480461578809337,5.555633544921875
Facebook,15,226,3640,0.65,0.5,21,0.2755668328902789,0.009696969696969697,0.5449777078415945,5.327161550521851
Facebook,15,226,3640,0.65,0.5,22,0.2653296871523931,0.006741573033707865,0.5685811696826646,5.503200531005859
Facebook,15,226,3640,0.65,0.5,23,0.23965068499375292,0.009259259259259259,0.7162339365329137,5.276397943496704
Facebook,15,226,3640,0.65,0.5,24,0.266869428549653,0.007662835249042145,0.6349331235247836,5.479360818862915
Facebook,15,226,3640,0.65,0.5,25,0.2593207066732793,0.006222222222222222,0.4589562024652505,5.270862102508545
Facebook,15,226,3920,0.7,0.5,1,0.2663208942522416,0.006896551724137931,0.6063467086283766,5.502606630325317
Facebook,15,226,3920,0.7,0.5,2,0.2749561507461688,0.008032128514056224,0.6333595594020456,5.3090081214904785
Facebook,15,226,3920,0.7,0.5,3,0.2535408376922627,0.00784313725490196,0.6561762391817466,5.501400947570801
Facebook,15,226,3920,0.7,0.5,4,0.27006503114939,0.007317073170731708,0.5654340414371886,5.30613899230957
Facebook,15,226,3920,0.7,0.5,5,0.23151463384086624,0.006965174129353234,0.4741673223183845,5.483516454696655
Facebook,15,226,3920,0.7,0.5,6,0.26227100155092803,0.0073059360730593605,0.4998688696564385,5.312899351119995
Facebook,15,226,3920,0.7,0.5,7,0.28266996053953874,0.00590717299578059,0.4065040650406504,5.584988117218018
Facebook,15,226,3920,0.7,0.5,8,0.3018094908845357,0.006896551724137931,0.5344872803566746,5.384497404098511
Facebook,15,226,3920,0.7,0.5,9,0.2671909468521106,0.008888888888888889,0.7099396800419617,5.566848278045654
Facebook,15,226,3920,0.7,0.5,10,0.2734858695504761,0.006584362139917695,0.5321269341725675,5.372514724731445
Facebook,15,226,3920,0.7,0.5,11,0.27751098118122003,0.00821917808219178,0.5628114345659586,5.601304292678833
Facebook,15,226,3920,0.7,0.5,12,0.26022007247396256,0.007894736842105263,0.6068712300026226,5.345448970794678
Facebook,15,226,3920,0.7,0.5,13,0.27893171199214195,0.006818181818181818,0.6275898242853396,5.566027641296387
Facebook,15,226,3920,0.7,0.5,14,0.26742194807943254,0.005761316872427984,0.4437450826121164,5.33512282371521
Facebook,15,226,3920,0.7,0.5,15,0.28031528614010265,0.010256410256410256,0.6105428796223447,5.54660701751709
Facebook,15,226,3920,0.7,0.5,16,0.2648657086797749,0.00642570281124498,0.5405192761605035,5.329788446426392
Facebook,15,226,3920,0.7,0.5,17,0.26473504038520085,0.007792207792207792,0.6168371361132966,5.5398876667022705
Facebook,15,226,3920,0.7,0.5,18,0.27586386276146696,0.00642570281124498,0.5612378704432206,5.359875202178955
Facebook,15,226,3920,0.7,0.5,19,0.27166091484654903,0.007594936708860759,0.6139522685549436,5.62554669380188
Facebook,15,226,3920,0.7,0.5,20,0.25335351628716707,0.007058823529411765,0.5780225544190926,5.382433891296387
Facebook,15,226,3920,0.7,0.5,21,0.27056554958031725,0.00599250936329588,0.5137686860739575,5.562304258346558
Facebook,15,226,3920,0.7,0.5,22,0.2575290883829538,0.00784313725490196,0.5145554681353265,5.319141626358032
Facebook,15,226,3920,0.7,0.5,23,0.27789849926528665,0.007017543859649123,0.6574875426173616,5.53111720085144
Facebook,15,226,3920,0.7,0.5,24,0.26740199350172145,0.008602150537634409,0.5229478101232625,5.288414239883423
Facebook,15,226,3920,0.7,0.5,25,0.23877013336551953,0.006222222222222222,0.49777078415945447,5.496061086654663
Facebook,15,226,4200,0.75,0.5,1,0.27123178209908805,0.010256410256410256,0.6485706792551796,5.333407402038574
Facebook,15,226,4200,0.75,0.5,2,0.266452310832323,0.007936507936507936,0.6892210857592447,5.567695617675781
Facebook,15,226,4200,0.75,0.5,3,0.26489565653698893,0.006274509803921568,0.5656963021243115,5.332670450210571
Facebook,15,226,4200,0.75,0.5,4,0.28108328678677647,0.009259259259259259,0.6278520849724626,5.560904502868652
Facebook,15,226,4200,0.75,0.5,5,0.29613629194468444,0.005982905982905983,0.42014162077104644,5.3441407680511475
Facebook,15,226,4200,0.75,0.5,6,0.25235158057370266,0.006896551724137931,0.6330972987149226,5.559452295303345
Facebook,15,226,4200,0.75,0.5,7,0.272227268821322,0.007751937984496124,0.6645685811696826,5.319888591766357
Facebook,15,226,4200,0.75,0.5,8,0.2709491714707127,0.007207207207207207,0.4975085234723315,5.580548524856567
Facebook,15,226,4200,0.75,0.5,9,0.24269542163444824,0.006584362139917695,0.5302911093627065,5.414258718490601
Facebook,15,226,4200,0.75,0.5,10,0.26104425927692515,0.010416666666666666,0.6603724101757147,5.645829439163208
Facebook,15,226,4200,0.75,0.5,11,0.24187480730918176,0.00599250936329588,0.5069499082087595,5.428921699523926
Facebook,15,226,4200,0.75,0.5,12,0.23674551679643627,0.008438818565400843,0.6981379491214267,5.611918687820435
Facebook,15,226,4200,0.75,0.5,13,0.28772133550354506,0.007894736842105263,0.5635982166273276,5.410483360290527
Facebook,15,226,4200,0.75,0.5,14,0.2685525353811075,0.008888888888888889,0.6386047731445056,5.580030202865601
Facebook,15,226,4200,0.75,0.5,15,0.27762339866160923,0.00821917808219178,0.5927091528979805,5.379906892776489
Facebook,15,226,4200,0.75,0.5,16,0.27949077197709365,0.006666666666666667,0.5111460792027275,5.575809001922607
Facebook,15,226,4200,0.75,0.5,17,0.26465881953530523,0.008333333333333333,0.5782848151062155,5.35751748085022
Facebook,15,226,4200,0.75,0.5,18,0.2797329159333553,0.00599250936329588,0.5559926567007606,5.571634769439697
Facebook,15,226,4200,0.75,0.5,19,0.27253996891279686,0.006666666666666667,0.5177025963808025,5.421114444732666
Facebook,15,226,4200,0.75,0.5,20,0.2374977034636297,0.008743169398907104,0.5182271177550485,5.580446243286133
Facebook,15,226,4200,0.75,0.5,21,0.27355317299929505,0.007792207792207792,0.6173616574875426,5.394221782684326
Facebook,15,226,4200,0.75,0.5,22,0.2713496660143099,0.006837606837606838,0.5567794387621295,5.623196125030518
Facebook,15,226,4200,0.75,0.5,23,0.27435114061659904,0.007058823529411765,0.6123787044322057,5.3389060497283936
Facebook,15,226,4200,0.75,0.5,24,0.2597820888171902,0.007407407407407408,0.6110674009965906,5.602605819702148
Facebook,15,226,4200,0.75,0.5,25,0.253965333662876,0.0075,0.5845790715971676,5.361701250076294
Facebook,15,226,4480,0.8,0.5,1,0.26789669412766826,0.008032128514056224,0.6152635719905586,5.582219839096069
Facebook,15,226,4480,0.8,0.5,2,0.2555961256701536,0.006060606060606061,0.5287175452399685,5.407886743545532
Facebook,15,226,4480,0.8,0.5,3,0.2691300861545264,0.008,0.6139522685549436,5.582882404327393
Facebook,15,226,4480,0.8,0.5,4,0.27868427515352556,0.0053639846743295016,0.5121951219512195,5.379695653915405
Facebook,15,226,4480,0.8,0.5,5,0.2706159858248137,0.00642570281124498,0.5129819040125885,5.548769474029541
Facebook,15,226,4480,0.8,0.5,6,0.26257945039790803,0.007729468599033816,0.5704169944925256,5.382701873779297
Facebook,15,226,4480,0.8,0.5,7,0.2577659066679032,0.010062893081761006,0.5158667715709415,5.541999101638794
Facebook,15,226,4480,0.8,0.5,8,0.27318843599428105,0.008602150537634409,0.5145554681353265,5.363649129867554
Facebook,15,226,4480,0.8,0.5,9,0.2883013541056245,0.007407407407407408,0.6273275635982166,5.598520278930664
Facebook,15,226,4480,0.8,0.5,10,0.210390576300733,0.0069767441860465115,0.6068712300026226,5.413725852966309
Facebook,15,226,4480,0.8,0.5,11,0.24953183561030798,0.0073059360730593605,0.5397324940991345,5.605967044830322
Facebook,15,226,4480,0.8,0.5,12,0.2769714812560843,0.00980392156862745,0.6202465250458956,5.439849376678467
Facebook,15,226,4480,0.8,0.5,13,0.26595638385349185,0.006521739130434782,0.5811696826645686,5.64230751991272
Facebook,15,226,4480,0.8,0.5,14,0.2746211824450278,0.007692307692307693,0.5226855494361395,5.431069612503052
Facebook,15,226,4480,0.8,0.5,15,0.2825407247901979,0.007971014492753623,0.7206923682140047,5.641161680221558
Facebook,15,226,4480,0.8,0.5,16,0.26362889304791765,0.007792207792207792,0.5882507212168896,5.4272754192352295
Facebook,15,226,4480,0.8,0.5,17,0.27056067794546645,0.0073059360730593605,0.5457644899029636,5.635899543762207
Facebook,15,226,4480,0.8,0.5,18,0.2686038285061949,0.007936507936507936,0.6724364017833727,5.414452314376831
Facebook,15,226,4480,0.8,0.5,19,0.26994627687720524,0.005860805860805861,0.5103592971413585,5.60716438293457
Facebook,15,226,4480,0.8,0.5,20,0.2337401689109165,0.0069767441860465115,0.6165748754261736,5.430488348007202
Facebook,15,226,4480,0.8,0.5,21,0.26043192371045415,0.008695652173913044,0.6073957513768686,5.5632994174957275
Facebook,15,226,4480,0.8,0.5,22,0.291287179217841,0.007142857142857143,0.5617623918174666,5.432495832443237
Facebook,15,226,4480,0.8,0.5,23,0.2700393146385454,0.008571428571428572,0.6493574613165487,5.642770051956177
Facebook,15,226,4480,0.8,0.5,24,0.23138745332440325,0.0073059360730593605,0.5195384211906635,5.437184810638428
Facebook,15,226,4480,0.8,0.5,25,0.27591925514619386,0.009259259259259259,0.6388670338316287,5.662297487258911
Facebook,15,226,4760,0.85,0.5,1,0.3038543489584402,0.007662835249042145,0.7301337529504327,5.4237706661224365
Facebook,15,226,4760,0.85,0.5,2,0.26932581233237063,0.006666666666666667,0.5997901914503015,5.603253126144409
Facebook,15,226,4760,0.85,0.5,3,0.27796283911802977,0.008108108108108109,0.6186729609231576,5.400589942932129
Facebook,15,226,4760,0.85,0.5,4,0.25822203428830504,0.0069767441860465115,0.5864148964070286,5.587032079696655
Facebook,15,226,4760,0.85,0.5,5,0.272602648214887,0.007407407407407408,0.6716496197220037,5.39310359954834
Facebook,15,226,4760,0.85,0.5,6,0.2618611090743458,0.00821917808219178,0.5916601101494886,5.6063008308410645
Facebook,15,226,4760,0.85,0.5,7,0.21988290796434384,0.007017543859649123,0.5195384211906635,5.408960342407227
Facebook,15,226,4760,0.85,0.5,8,0.2571777668983981,0.00642570281124498,0.5990034093889326,5.568616628646851
Facebook,15,226,4760,0.85,0.5,9,0.2760981104156124,0.008130081300813009,0.6467348544453186,5.389349460601807
Facebook,15,226,4760,0.85,0.5,10,0.2735002922724896,0.008333333333333333,0.6753212693417256,5.64130973815918
Facebook,15,226,4760,0.85,0.5,11,0.26419045590950013,0.00909090909090909,0.5331759769210596,5.414418697357178
Facebook,15,226,4760,0.85,0.5,12,0.26533693165415656,0.010416666666666666,0.6640440597954367,5.653361797332764
Facebook,15,226,4760,0.85,0.5,13,0.2599215436591616,0.006593406593406593,0.5801206399160765,5.462132215499878
Facebook,15,226,4760,0.85,0.5,14,0.2724084914866085,0.006666666666666667,0.6220823498557566,5.655405759811401
Facebook,15,226,4760,0.85,0.5,15,0.2234028558572031,0.0073059360730593605,0.5103592971413585,5.470021724700928
Facebook,15,226,4760,0.85,0.5,16,0.2637990625094582,0.007909604519774011,0.42486231313926043,5.66799259185791
Facebook,15,226,4760,0.85,0.5,17,0.24724003957407834,0.0064516129032258064,0.6000524521374246,5.493241310119629
Facebook,15,226,4760,0.85,0.5,18,0.2613682158315345,0.007407407407407408,0.5733018620508785,5.680386304855347
Facebook,15,226,4760,0.85,0.5,19,0.26946660012237594,0.007142857142857143,0.5788093364804616,5.464609622955322
Facebook,15,226,4760,0.85,0.5,20,0.26564538683076083,0.007801418439716312,0.7167584579071598,5.663541316986084
Facebook,15,226,4760,0.85,0.5,21,0.24984650396535202,0.006837606837606838,0.5187516391292946,5.446804046630859
Facebook,15,226,4760,0.85,0.5,22,0.24761198005876556,0.008438818565400843,0.6703383162863886,5.640568971633911
Facebook,15,226,4760,0.85,0.5,23,0.22569788436140864,0.006349206349206349,0.5355363231051665,5.447036266326904
Facebook,15,226,4760,0.85,0.5,24,0.28052558448584164,0.007662835249042145,0.6236559139784946,5.665356636047363
Facebook,15,226,4760,0.85,0.5,25,0.27637184440113327,0.00784313725490196,0.6378179910831366,5.460383176803589
Facebook,15,226,5040,0.9,0.5,1,0.27159725445501787,0.007017543859649123,0.6976134277471807,5.473799705505371
Facebook,15,226,5040,0.9,0.5,2,0.25190253806533475,0.007692307692307693,0.5554681353265145,5.705086708068848
Facebook,15,226,5040,0.9,0.5,3,0.2328469115615354,0.009195402298850575,0.5452399685287176,5.470360517501831
Facebook,15,226,5040,0.9,0.5,4,0.2622137638385884,0.009009009009009009,0.6291633884080776,5.667832136154175
Facebook,15,226,5040,0.9,0.5,5,0.2698608681621347,0.00599250936329588,0.5098347757671126,5.446973085403442
Facebook,15,226,5040,0.9,0.5,6,0.2607329176955182,0.008888888888888889,0.6514555468135327,5.6450035572052
Facebook,15,226,5040,0.9,0.5,7,0.26555338599826306,0.007594936708860759,0.5903488067138736,5.441125154495239
Facebook,15,226,5040,0.9,0.5,8,0.2715529145107436,0.00749063670411985,0.6724364017833727,5.64933705329895
Facebook,15,226,5040,0.9,0.5,9,0.2501247469965593,0.007017543859649123,0.5447154471544715,5.439172744750977
Facebook,15,226,5040,0.9,0.5,10,0.2673724514578968,0.008239700374531835,0.7073170731707317,5.674094915390015
Facebook,15,226,5040,0.9,0.5,11,0.27211620661634617,0.007317073170731708,0.6380802517702596,5.443749904632568
Facebook,15,226,5040,0.9,0.5,12,0.2639820390011879,0.01090909090909091,0.5832677681615526,5.64598536491394
Facebook,15,226,5040,0.9,0.5,13,0.26698129775771595,0.008627450980392156,0.7458693941778127,5.45790958404541
Facebook,15,226,5040,0.9,0.5,14,0.23937153332576347,0.014492753623188406,0.6978756884343037,5.7129998207092285
Facebook,15,226,5040,0.9,0.5,15,0.2744551911907193,0.0069767441860465115,0.6210333071072647,5.514598846435547
Facebook,15,226,5040,0.9,0.5,16,0.25255709080011557,0.00676328502415459,0.4922633097298715,5.687051296234131
Facebook,15,226,5040,0.9,0.5,17,0.27944425042255105,0.006274509803921568,0.5389457120377655,5.516283750534058
Facebook,15,226,5040,0.9,0.5,18,0.22686818023767552,0.007407407407407408,0.5357985837922895,5.6725029945373535
Facebook,15,226,5040,0.9,0.5,19,0.28229617379551847,0.007692307692307693,0.6212955677943877,5.505967140197754
Facebook,15,226,5040,0.9,0.5,20,0.27901227428210884,0.0071111111111111115,0.4996066089693155,5.686410903930664
Facebook,15,226,5040,0.9,0.5,21,0.27530622191504567,0.009523809523809525,0.5934959349593496,5.483575344085693
Facebook,15,226,5040,0.9,0.5,22,0.27038855176528753,0.00905349794238683,0.7167584579071598,5.6611552238464355
Facebook,15,226,5040,0.9,0.5,23,0.27252679911118394,0.007751937984496124,0.6546026750590087,5.436861038208008
Facebook,15,226,5040,0.9,0.5,24,0.2613875735901851,0.008333333333333333,0.6412273800157356,5.639882326126099
Facebook,15,226,5040,0.9,0.5,25,0.29220025425720964,0.00784313725490196,0.5153422501966956,5.475869417190552
Facebook,15,226,5320,0.95,0.5,1,0.2515581479082896,0.008333333333333333,0.6341463414634146,5.66550087928772
Facebook,15,226,5320,0.95,0.5,2,0.25309097288623783,0.009259259259259259,0.6800419617099397,5.5303380489349365
Facebook,15,226,5320,0.95,0.5,3,0.26605366887111587,0.007662835249042145,0.6504065040650406,5.762757301330566
Facebook,15,226,5320,0.95,0.5,4,0.289068474424879,0.010416666666666666,0.5898242853396276,5.52125096321106
Facebook,15,226,5320,0.95,0.5,5,0.2406270450086449,0.008695652173913044,0.6026750590086546,5.731890678405762
Facebook,15,226,5320,0.95,0.5,6,0.27216217395345266,0.008438818565400843,0.6784683975872017,5.456772327423096
Facebook,15,226,5320,0.95,0.5,7,0.2630423689017131,0.008032128514056224,0.6858116968266457,5.676784515380859
Facebook,15,226,5320,0.95,0.5,8,0.2579687642669706,0.006896551724137931,0.6194597429845267,5.459622859954834
Facebook,15,226,5320,0.95,0.5,9,0.25715356015896834,0.007692307692307693,0.5824809861001836,5.628890752792358
Facebook,15,226,5320,0.95,0.5,10,0.2922075076186464,0.0069767441860465115,0.6278520849724626,5.453336954116821
Facebook,15,226,5320,0.95,0.5,11,0.23291390073447307,0.010714285714285714,0.6197220036716496,5.62257194519043
Facebook,15,226,5320,0.95,0.5,12,0.25875065523802165,0.0069767441860465115,0.5887752425911356,5.438968658447266
Facebook,15,226,5320,0.95,0.5,13,0.29463896533805606,0.007936507936507936,0.7044322056123787,5.644380807876587
Facebook,15,226,5320,0.95,0.5,14,0.25966008384614236,0.008955223880597015,0.5971675845790716,5.451279640197754
Facebook,15,226,5320,0.95,0.5,15,0.2686655757122109,0.007751937984496124,0.6978756884343037,5.622090101242065
Facebook,15,226,5320,0.95,0.5,16,0.2605189854391475,0.008130081300813009,0.6606346708628377,5.445852756500244
Facebook,15,226,5320,0.95,0.5,17,0.2615926514621916,0.007594936708860759,0.6281143456595857,5.673945903778076
Facebook,15,226,5320,0.95,0.5,18,0.2484558058795449,0.007936507936507936,0.6614214529242066,5.491842746734619
Facebook,15,226,5320,0.95,0.5,19,0.2778529243395002,0.007936507936507936,0.6247049567269867,5.757015943527222
Facebook,15,226,5320,0.95,0.5,20,0.26161543320084496,0.0069767441860465115,0.5735641227380016,5.539369344711304
Facebook,15,226,5320,0.95,0.5,21,0.25059422122005753,0.010101010101010102,0.7065302911093627,5.769119024276733
Facebook,15,226,5320,0.95,0.5,22,0.2566404047832438,0.011282051282051283,0.7642276422764228,5.544415473937988
Facebook,15,226,5320,0.95,0.5,23,0.23600447866617408,0.0061403508771929825,0.4857067925517965,5.716240644454956
Facebook,15,226,5320,0.95,0.5,24,0.2693094762806722,0.009009009009009009,0.6939417781274587,5.560030221939087
Facebook,15,226,5320,0.95,0.5,25,0.25903758436345187,0.007228915662650603,0.5906110674009966,5.698021411895752
Facebook,15,226,5600,1,0.5,1,0.2614761214469146,0.006818181818181818,0.6181484395489116,5.52777624130249
Facebook,15,226,5600,1,0.5,2,0.2740829871404966,0.01004566210045662,0.6797797010228167,5.729424476623535
Facebook,15,226,5600,1,0.5,3,0.26841649687899705,0.006349206349206349,0.5575662208234986,5.525813341140747
Facebook,15,226,5600,1,0.5,4,0.27239205603559613,0.005797101449275362,0.5853658536585366,5.769846439361572
Facebook,15,226,5600,1,0.5,5,0.2459424301760559,0.00642570281124498,0.5337004982953055,5.53195858001709
Facebook,15,226,5600,1,0.5,6,0.2566603483166151,0.007575757575757576,0.6582743246787307,5.788797378540039
Facebook,15,226,5600,1,0.5,7,0.2627364913488002,0.00963855421686747,0.8025177025963808,5.541557788848877
Facebook,15,226,5600,1,0.5,8,0.23784884780544996,0.008695652173913044,0.6037241017571466,5.738904237747192
Facebook,15,226,5600,1,0.5,9,0.2751489707864496,0.0075,0.5911355887752426,5.50817346572876
Facebook,15,226,5600,1,0.5,10,0.2585064827198713,0.007792207792207792,0.5701547338054026,5.682132959365845
Facebook,15,226,5600,1,0.5,11,0.24019777642648427,0.008823529411764706,0.6031995803829006,5.509856939315796
Facebook,15,226,5600,1,0.5,12,0.27538904663026703,0.0075,0.6435877261998426,5.7195656299591064
Facebook,15,226,5600,1,0.5,13,0.2647383427577075,0.006130268199233717,0.48439548911618147,5.49245810508728
Facebook,15,226,5600,1,0.5,14,0.2981638108317701,0.008695652173913044,0.6572252819302387,5.673298120498657
Facebook,15,226,5600,1,0.5,15,0.2988139025528114,0.007168458781362007,0.6805664830841857,5.5142271518707275
Facebook,15,226,5600,1,0.5,16,0.2600934868658146,0.009649122807017544,0.7453448728035668,5.695571660995483
Facebook,15,226,5600,1,0.5,17,0.2664171223119505,0.008032128514056224,0.7099396800419617,5.492987155914307
Facebook,15,226,5600,1,0.5,18,0.26262710863797156,0.007936507936507936,0.6498819826907947,5.475477457046509
Facebook,15,226,5600,1,0.5,19,0.26088982395845756,0.010628019323671498,0.7951744033569368,5.712795734405518
Facebook,15,226,5600,1,0.5,20,0.24121733461328929,0.007792207792207792,0.5599265670076056,5.5242791175842285
Facebook,15,226,5600,1,0.5,21,0.2901698361859495,0.00873015873015873,0.7230527143981117,5.7816455364227295
Facebook,15,226,5600,1,0.5,22,0.2355835957747113,0.008130081300813009,0.6894833464463677,5.779526710510254
Facebook,15,226,5600,1,0.5,23,0.25896477677791874,0.010582010582010581,0.6393915552058747,5.574178457260132
Facebook,15,226,5600,1,0.5,24,0.2587762668344856,0.011111111111111112,0.7440335693679517,5.767920017242432
Facebook,15,226,5600,1,0.5,25,0.23475562661558577,0.012021857923497269,0.7424600052452137,5.5510783195495605
Facebook,16,19,0,0,,0,0.7097009031539288,0.015384615384615385,0.1927860696517413,
Facebook,16,19,0,0,,0,0.7507051381713653,0.008333333333333333,0.09303482587064676,
Facebook,16,19,0,0,,0,0.7423468996655964,0.0,0.008706467661691543,
Facebook,16,19,0,0,,0,0.7683963540543912,0.0,0.03507462686567164,
Facebook,16,19,0,0,,0,0.7940184400568385,0.013333333333333334,0.13034825870646766,
Facebook,16,19,0,0,,0,0.6873878348731575,0.0,0.10149253731343283,
Facebook,16,19,0,0,,0,0.7991176617619312,0.0,0.10323383084577115,
Facebook,16,19,0,0,,0,0.7954366997303601,0.0,0.004975124378109453,
Facebook,16,19,0,0,,0,0.7725003819632149,0.0,0.059950248756218905,
Facebook,16,19,0,0,,0,0.7392203222022765,0.00784313725490196,0.15422885572139303,
Facebook,16,19,0,0,,0,0.7411755805669795,0.005555555555555556,0.11044776119402985,
Facebook,16,19,0,0,,0,0.7708055959820043,0.0,0.0763681592039801,
Facebook,16,19,0,0,,0,0.6965981856020638,0.0,0.015920398009950248,
Facebook,16,19,0,0,,0,0.7697505108915537,0.0,0.03134328358208955,
Facebook,16,19,0,0,,0,0.7577603267189366,0.003703703703703704,0.08084577114427861,
Facebook,16,19,0,0,,0,0.7369750960927997,0.003703703703703704,0.12114427860696518,
Facebook,16,19,0,0,,0,0.7034109513617445,0.0,0.10149253731343283,
Facebook,16,19,0,0,,0,0.7371679348781802,0.0,0.013681592039800995,
Facebook,16,19,0,0,,0,0.6998305953076064,0.004761904761904762,0.11890547263681592,
Facebook,16,19,0,0,,0,0.6542551076448834,0.003703703703703704,0.1445273631840796,
Facebook,16,19,0,0,,0,0.7587481739680049,0.0,0.007960199004975124,
Facebook,16,19,0,0,,0,0.6283062075733601,0.004761904761904762,0.06467661691542288,
Facebook,16,19,0,0,,0,0.8320941366573158,0.0,0.09825870646766169,
Facebook,16,19,0,0,,0,0.8105142780791214,0.0,0.036069651741293535,
Facebook,16,19,0,0,,0,0.6766101096454522,0.0,0.016666666666666666,
Facebook,16,19,1,0.01,0.5,1,0.273495223851985,0.08,0.41940298507462687,4.86409068107605
Facebook,16,19,1,0.01,0.5,2,0.29959732754775575,0.05555555555555555,0.3664179104477612,5.033609390258789
Facebook,16,19,1,0.01,0.5,3,0.24901776682954485,0.08,0.4318407960199005,4.922260522842407
Facebook,16,19,1,0.01,0.5,4,0.2709219293364609,0.0380952380952381,0.31417910447761194,5.130791902542114
Facebook,16,19,1,0.01,0.5,5,0.26870745314695715,0.03333333333333333,0.3106965174129353,4.956543922424316
Facebook,16,19,1,0.01,0.5,6,0.2910722113911364,0.05,0.43233830845771143,5.192092657089233
Facebook,16,19,1,0.01,0.5,7,0.2684374445262339,0.06666666666666667,0.3283582089552239,4.935379981994629
Facebook,16,19,1,0.01,0.5,8,0.26950294884454024,0.06666666666666667,0.4243781094527363,5.086779594421387
Facebook,16,19,1,0.01,0.5,9,0.28554992271205937,0.06666666666666667,0.3288557213930348,4.851418972015381
Facebook,16,19,1,0.01,0.5,10,0.26037676093008777,0.05555555555555555,0.3562189054726368,5.045959234237671
Facebook,16,19,1,0.01,0.5,11,0.2892461486596703,0.05714285714285714,0.4082089552238806,4.891455173492432
Facebook,16,19,1,0.01,0.5,12,0.2549522941719369,0.05185185185185185,0.4532338308457711,5.113194465637207
Facebook,16,19,1,0.01,0.5,13,0.3101561036120901,0.05555555555555555,0.3835820895522388,4.87220573425293
Facebook,16,19,1,0.01,0.5,14,0.2725025623125718,0.02857142857142857,0.2716417910447761,5.118565082550049
Facebook,16,19,1,0.01,0.5,15,0.2717350281690452,0.05714285714285714,0.4208955223880597,4.923351526260376
Facebook,16,19,1,0.01,0.5,16,0.281507377269704,0.0380952380952381,0.291044776119403,5.164529085159302
Facebook,16,19,1,0.01,0.5,17,0.2927526982442155,0.0380952380952381,0.23134328358208955,4.934513092041016
Facebook,16,19,1,0.01,0.5,18,0.2661457881386619,0.05714285714285714,0.3907960199004975,4.952278137207031
Facebook,16,19,1,0.01,0.5,19,0.27236360769038787,0.05555555555555555,0.34626865671641793,5.112951755523682
Facebook,16,19,1,0.01,0.5,20,0.24358614943943188,0.06666666666666667,0.38308457711442784,4.877381801605225
Facebook,16,19,1,0.01,0.5,21,0.2748418187152474,0.05714285714285714,0.5,5.056058645248413
Facebook,16,19,1,0.01,0.5,22,0.27501837656765254,0.05555555555555555,0.3567164179104478,4.914922475814819
Facebook,16,19,1,0.01,0.5,23,0.2661357033595538,0.05555555555555555,0.3599502487562189,5.083374500274658
Facebook,16,19,1,0.01,0.5,24,0.2644384736717733,0.0380952380952381,0.30024875621890545,4.857757806777954
Facebook,16,19,1,0.01,0.5,25,0.26445761041072635,0.0380952380952381,0.29502487562189056,5.163178443908691
Facebook,16,19,7,0.05,0.5,1,0.2291682248164803,0.06666666666666667,0.4146766169154229,4.917763710021973
Facebook,16,19,7,0.05,0.5,2,0.2891559574058737,0.05555555555555555,0.36766169154228856,5.15860390663147
Facebook,16,19,7,0.05,0.5,3,0.2810072942325902,0.06666666666666667,0.3940298507462687,4.938938856124878
Facebook,16,19,7,0.05,0.5,4,0.2587587765634212,0.11666666666666667,0.43034825870646765,5.159336090087891
Facebook,16,19,7,0.05,0.5,5,0.26534015114079956,0.05714285714285714,0.4161691542288557,4.879940748214722
Facebook,16,19,7,0.05,0.5,6,0.2643996151898307,0.05714285714285714,0.4325870646766169,5.076007843017578
Facebook,16,19,7,0.05,0.5,7,0.2376719238199343,0.06666666666666667,0.36268656716417913,4.869394302368164
Facebook,16,19,7,0.05,0.5,8,0.3078773321425377,0.0380952380952381,0.3333333333333333,5.072075843811035
Facebook,16,19,7,0.05,0.5,9,0.2736798002925882,0.06666666666666667,0.3276119402985075,4.87869930267334
Facebook,16,19,7,0.05,0.5,10,0.22839421821445985,0.09333333333333334,0.5072139303482587,5.125549793243408
Facebook,16,19,7,0.05,0.5,11,0.23460922894935968,0.07777777777777778,0.4890547263681592,4.893877983093262
Facebook,16,19,7,0.05,0.5,12,0.3112312298347656,0.08,0.4246268656716418,5.140095949172974
Facebook,16,19,7,0.05,0.5,13,0.2594029321587334,0.05185185185185185,0.4763681592039801,4.927978038787842
Facebook,16,19,7,0.05,0.5,14,0.2522877034426248,0.044444444444444446,0.37512437810945276,4.953912258148193
Facebook,16,19,7,0.05,0.5,15,0.2738080283514305,0.05555555555555555,0.3681592039800995,5.106634616851807
Facebook,16,19,7,0.05,0.5,16,0.2525654838070143,0.05555555555555555,0.3398009950248756,4.864238262176514
Facebook,16,19,7,0.05,0.5,17,0.27050747398099617,0.08,0.4766169154228856,5.062207221984863
Facebook,16,19,7,0.05,0.5,18,0.2694917492382461,0.05555555555555555,0.3335820895522388,4.9163923263549805
Facebook,16,19,7,0.05,0.5,19,0.29509416285491197,0.07777777777777778,0.46741293532338307,5.119522571563721
Facebook,16,19,7,0.05,0.5,20,0.26980816732824175,0.05555555555555555,0.3718905472636816,4.863842725753784
Facebook,16,19,7,0.05,0.5,21,0.274105236500327,0.044444444444444446,0.3300995024875622,5.114271879196167
Facebook,16,19,7,0.05,0.5,22,0.2718974420145503,0.05555555555555555,0.3694029850746269,4.894944667816162
Facebook,16,19,7,0.05,0.5,23,0.26945956521396225,0.13333333333333333,0.545771144278607,5.1421380043029785
Facebook,16,19,7,0.05,0.5,24,0.2704570109215425,0.047619047619047616,0.35870646766169156,4.957977533340454
Facebook,16,19,7,0.05,0.5,25,0.25363533633142316,0.047619047619047616,0.35124378109452736,5.124750137329102
Facebook,16,19,14,0.1,0.5,1,0.2762421328205068,0.047619047619047616,0.3716417910447761,4.884847402572632
Facebook,16,19,14,0.1,0.5,2,0.26465006755141884,0.05555555555555555,0.4059701492537313,5.098608493804932
Facebook,16,19,14,0.1,0.5,3,0.23212691376949293,0.09333333333333334,0.4736318407960199,4.870753526687622
Facebook,16,19,14,0.1,0.5,4,0.26628242516571304,0.05714285714285714,0.417910447761194,5.060750484466553
Facebook,16,19,14,0.1,0.5,5,0.2558401085259748,0.05333333333333334,0.3236318407960199,4.865978956222534
Facebook,16,19,14,0.1,0.5,6,0.2785278236502658,0.09333333333333334,0.467910447761194,4.8962342739105225
Facebook,16,19,14,0.1,0.5,7,0.2563487311451866,0.047619047619047616,0.3358208955223881,5.10710597038269
Facebook,16,19,14,0.1,0.5,8,0.2863229876563269,0.05555555555555555,0.37960199004975126,4.956325531005859
Facebook,16,19,14,0.1,0.5,9,0.2885128776410966,0.03333333333333333,0.32313432835820893,5.148726940155029
Facebook,16,19,14,0.1,0.5,10,0.27783254975728466,0.06666666666666667,0.4027363184079602,4.9409308433532715
Facebook,16,19,14,0.1,0.5,11,0.25615132814551733,0.05555555555555555,0.39129353233830844,5.076014280319214
Facebook,16,19,14,0.1,0.5,12,0.27434400872638787,0.02962962962962963,0.2870646766169154,4.87639594078064
Facebook,16,19,14,0.1,0.5,13,0.2660571878784633,0.05555555555555555,0.3482587064676617,5.065101385116577
Facebook,16,19,14,0.1,0.5,14,0.28587290739864485,0.05714285714285714,0.4293532338308458,4.870563507080078
Facebook,16,19,14,0.1,0.5,15,0.24695801244452822,0.058333333333333334,0.4582089552238806,5.072698593139648
Facebook,16,19,14,0.1,0.5,16,0.26917936955296806,0.09333333333333334,0.4450248756218905,4.910432815551758
Facebook,16,19,14,0.1,0.5,17,0.29409629228636613,0.05555555555555555,0.3400497512437811,5.128428936004639
Facebook,16,19,14,0.1,0.5,18,0.2674226683253422,0.08,0.4557213930348259,4.95633339881897
Facebook,16,19,14,0.1,0.5,19,0.25638304033292053,0.047619047619047616,0.38407960199004976,5.193753480911255
Facebook,16,19,14,0.1,0.5,20,0.2796905932740769,0.07777777777777778,0.436318407960199,4.915444612503052
Facebook,16,19,14,0.1,0.5,21,0.23666778107381548,0.08,0.43407960199004975,5.063359260559082
Facebook,16,19,14,0.1,0.5,22,0.2850114620257101,0.05555555555555555,0.34676616915422886,4.868273735046387
Facebook,16,19,14,0.1,0.5,23,0.2600554456960318,0.044444444444444446,0.3194029850746269,5.096166133880615
Facebook,16,19,14,0.1,0.5,24,0.23381704344418405,0.05333333333333334,0.29850746268656714,4.886321544647217
Facebook,16,19,14,0.1,0.5,25,0.27241307650833907,0.05555555555555555,0.373134328358209,5.122092008590698
Facebook,16,19,20,0.15,0.5,1,0.24641703773197493,0.05714285714285714,0.4014925373134328,4.888327360153198
Facebook,16,19,20,0.15,0.5,2,0.2286502591134333,0.06666666666666667,0.3890547263681592,5.1227052211761475
Facebook,16,19,20,0.15,0.5,3,0.27444247067681843,0.08,0.4007462686567164,4.9345762729644775
Facebook,16,19,20,0.15,0.5,4,0.2330066909276558,0.047619047619047616,0.3338308457711443,4.958568572998047
Facebook,16,19,20,0.15,0.5,5,0.24064192995538244,0.044444444444444446,0.3609452736318408,5.130419969558716
Facebook,16,19,20,0.15,0.5,6,0.28147249797109786,0.08,0.4218905472636816,4.868592262268066
Facebook,16,19,20,0.15,0.5,7,0.2457884543258314,0.06666666666666667,0.3855721393034826,5.093465328216553
Facebook,16,19,20,0.15,0.5,8,0.2631767565047522,0.05714285714285714,0.4455223880597015,4.8776538372039795
Facebook,16,19,20,0.15,0.5,9,0.2357876041912127,0.05333333333333334,0.33681592039800995,5.077448606491089
Facebook,16,19,20,0.15,0.5,10,0.266235460012229,0.041666666666666664,0.38980099502487564,4.915066719055176
Facebook,16,19,20,0.15,0.5,11,0.27026586193242247,0.044444444444444446,0.2721393034825871,5.147948980331421
Facebook,16,19,20,0.15,0.5,12,0.27256737917166574,0.047619047619047616,0.373134328358209,4.918639659881592
Facebook,16,19,20,0.15,0.5,13,0.2496284990760342,0.05555555555555555,0.36517412935323385,5.144226789474487
Facebook,16,19,20,0.15,0.5,14,0.2685771056955743,0.05333333333333334,0.3208955223880597,4.954509019851685
Facebook,16,19,20,0.15,0.5,15,0.27081682878589663,0.044444444444444446,0.2960199004975124,5.062994003295898
Facebook,16,19,20,0.15,0.5,16,0.271779643840881,0.05333333333333334,0.3116915422885572,4.880876541137695
Facebook,16,19,20,0.15,0.5,17,0.28283848530085864,0.02962962962962963,0.3256218905472637,5.068438291549683
Facebook,16,19,20,0.15,0.5,18,0.24541710876363806,0.05555555555555555,0.42139303482587065,4.867807149887085
Facebook,16,19,20,0.15,0.5,19,0.2642394565155053,0.041666666666666664,0.3761194029850746,5.065249919891357
Facebook,16,19,20,0.15,0.5,20,0.25268562422693724,0.08,0.4310945273631841,4.917036294937134
Facebook,16,19,20,0.15,0.5,21,0.26952617656360905,0.05714285714285714,0.4116915422885572,5.165545701980591
Facebook,16,19,20,0.15,0.5,22,0.24170267153777947,0.047619047619047616,0.395771144278607,4.95009708404541
Facebook,16,19,20,0.15,0.5,23,0.2639193315880263,0.047619047619047616,0.4092039800995025,5.145425081253052
Facebook,16,19,20,0.15,0.5,24,0.27153729765422363,0.06666666666666667,0.4442786069651741,4.898005485534668
Facebook,16,19,20,0.15,0.5,25,0.24989033704848562,0.041666666666666664,0.3895522388059702,4.897942543029785
Facebook,16,19,27,0.2,0.5,1,0.2747900360957509,0.05333333333333334,0.2890547263681592,5.065504550933838
Facebook,16,19,27,0.2,0.5,2,0.2628867910783627,0.06666666666666667,0.48855721393034823,4.86330771446228
Facebook,16,19,27,0.2,0.5,3,0.2738837856970265,0.0380952380952381,0.30024875621890545,5.075235366821289
Facebook,16,19,27,0.2,0.5,4,0.24538066190095434,0.05714285714285714,0.4708955223880597,4.911977052688599
Facebook,16,19,27,0.2,0.5,5,0.26948386927738227,0.07777777777777778,0.472636815920398,5.125295877456665
Facebook,16,19,27,0.2,0.5,6,0.2446348451743588,0.06666666666666667,0.36666666666666664,4.960960865020752
Facebook,16,19,27,0.2,0.5,7,0.2800050903380267,0.0761904761904762,0.4930348258706468,5.13533353805542
Facebook,16,19,27,0.2,0.5,8,0.27488858422788953,0.0380952380952381,0.29950248756218906,4.927741527557373
Facebook,16,19,27,0.2,0.5,9,0.27049123211187226,0.09333333333333334,0.46318407960199004,5.0903401374816895
Facebook,16,19,27,0.2,0.5,10,0.27925493770650917,0.07777777777777778,0.42512437810945275,4.873318910598755
Facebook,16,19,27,0.2,0.5,11,0.24469174321606457,0.0380952380952381,0.282089552238806,5.095294237136841
Facebook,16,19,27,0.2,0.5,12,0.27649690708664165,0.041666666666666664,0.34577114427860695,4.877607822418213
Facebook,16,19,27,0.2,0.5,13,0.2710997249334235,0.05555555555555555,0.413681592039801,5.098751068115234
Facebook,16,19,27,0.2,0.5,14,0.272834248865788,0.02857142857142857,0.2860696517412935,4.892514944076538
Facebook,16,19,27,0.2,0.5,15,0.24989624732005197,0.10666666666666667,0.5268656716417911,5.203858852386475
Facebook,16,19,27,0.2,0.5,16,0.2781328243773774,0.06666666666666667,0.37487562189054724,4.940652847290039
Facebook,16,19,27,0.2,0.5,17,0.2706753471199298,0.047619047619047616,0.3686567164179104,4.902264833450317
Facebook,16,19,27,0.2,0.5,18,0.28896961793353587,0.041666666666666664,0.3564676616915423,5.076878070831299
Facebook,16,19,27,0.2,0.5,19,0.2951449656516053,0.08,0.4027363184079602,4.906435966491699
Facebook,16,19,27,0.2,0.5,20,0.2743808972201753,0.041666666666666664,0.4009950248756219,5.0653159618377686
Facebook,16,19,27,0.2,0.5,21,0.27317515058159964,0.047619047619047616,0.37860696517412934,4.899431943893433
Facebook,16,19,27,0.2,0.5,22,0.2714939457801622,0.041666666666666664,0.382089552238806,5.0710766315460205
Facebook,16,19,27,0.2,0.5,23,0.2803726399585198,0.06666666666666667,0.5223880597014925,4.903603553771973
Facebook,16,19,27,0.2,0.5,24,0.27753742713835206,0.05714285714285714,0.45149253731343286,5.166706085205078
Facebook,16,19,27,0.2,0.5,25,0.2821250884452998,0.047619047619047616,0.4019900497512438,4.933115720748901
Facebook,16,19,34,0.25,0.5,1,0.25184106658533095,0.05714285714285714,0.4343283582089552,5.15090537071228
Facebook,16,19,34,0.25,0.5,2,0.28089682310066166,0.047619047619047616,0.35771144278606964,4.883159637451172
Facebook,16,19,34,0.25,0.5,3,0.28098134169969147,0.08,0.40746268656716417,5.0817694664001465
Facebook,16,19,34,0.25,0.5,4,0.27171337356579156,0.05714285714285714,0.4502487562189055,4.894733667373657
Facebook,16,19,34,0.25,0.5,5,0.2591810892643013,0.06666666666666667,0.5169154228855721,5.105008363723755
Facebook,16,19,34,0.25,0.5,6,0.2818536132561131,0.05555555555555555,0.4191542288557214,4.888300180435181
Facebook,16,19,34,0.25,0.5,7,0.2765788140430145,0.07777777777777778,0.4305970149253731,5.084097623825073
Facebook,16,19,34,0.25,0.5,8,0.25488441397483313,0.06666666666666667,0.36318407960199006,4.847256183624268
Facebook,16,19,34,0.25,0.5,9,0.24428836157749717,0.06666666666666667,0.4291044776119403,5.139902114868164
Facebook,16,19,34,0.25,0.5,10,0.26628963168729186,0.06666666666666667,0.49154228855721394,4.858538866043091
Facebook,16,19,34,0.25,0.5,11,0.26141105609803944,0.047619047619047616,0.42786069651741293,5.060743093490601
Facebook,16,19,34,0.25,0.5,12,0.2681606613840454,0.044444444444444446,0.3004975124378109,4.855193853378296
Facebook,16,19,34,0.25,0.5,13,0.27216085819416364,0.044444444444444446,0.32611940298507464,5.047368049621582
Facebook,16,19,34,0.25,0.5,14,0.2452433589404491,0.06666666666666667,0.4708955223880597,4.892137050628662
Facebook,16,19,34,0.25,0.5,15,0.2670102233676551,0.0380952380952381,0.3427860696517413,4.866070747375488
Facebook,16,19,34,0.25,0.5,16,0.2912535874225583,0.08,0.38930348258706465,5.067218542098999
Facebook,16,19,34,0.25,0.5,17,0.2643388450865565,0.03333333333333333,0.3072139303482587,4.863279104232788
Facebook,16,19,34,0.25,0.5,18,0.2615568660605349,0.05555555555555555,0.33681592039800995,5.058422803878784
Facebook,16,19,34,0.25,0.5,19,0.24554567178746173,0.02857142857142857,0.25920398009950246,4.880482912063599
Facebook,16,19,34,0.25,0.5,20,0.27914959168058556,0.06666666666666667,0.4164179104477612,5.180367469787598
Facebook,16,19,34,0.25,0.5,21,0.26753793194591136,0.047619047619047616,0.3529850746268657,4.939635753631592
Facebook,16,19,34,0.25,0.5,22,0.2725321514745971,0.09333333333333334,0.45746268656716416,5.1963114738464355
Facebook,16,19,34,0.25,0.5,23,0.2645781730907797,0.1,0.4116915422885572,5.004131555557251
Facebook,16,19,34,0.25,0.5,24,0.2760576016109154,0.05714285714285714,0.3723880597014925,5.163532972335815
Facebook,16,19,34,0.25,0.5,25,0.28756877056731484,0.05555555555555555,0.36318407960199006,4.94809365272522
Facebook,16,19,41,0.3,0.5,1,0.2632537889043104,0.06666666666666667,0.4236318407960199,5.18166708946228
Facebook,16,19,41,0.3,0.5,2,0.26713835722055346,0.022222222222222223,0.26965174129353237,4.928080320358276
Facebook,16,19,41,0.3,0.5,3,0.2699851858753253,0.05555555555555555,0.36965174129353234,5.159762859344482
Facebook,16,19,41,0.3,0.5,4,0.2563899360756144,0.08,0.4161691542288557,4.931509017944336
Facebook,16,19,41,0.3,0.5,5,0.26713012893872207,0.09333333333333334,0.4900497512437811,5.160102844238281
Facebook,16,19,41,0.3,0.5,6,0.2651062535459296,0.05714285714285714,0.4569651741293532,4.917346954345703
Facebook,16,19,41,0.3,0.5,7,0.2571814399655528,0.09333333333333334,0.458955223880597,5.178582191467285
Facebook,16,19,41,0.3,0.5,8,0.28373098658565704,0.05,0.4427860696517413,4.904769659042358
Facebook,16,19,41,0.3,0.5,9,0.2771329494781106,0.05714285714285714,0.37960199004975126,5.143195867538452
Facebook,16,19,41,0.3,0.5,10,0.2915199016184501,0.07777777777777778,0.45,4.918606519699097
Facebook,16,19,41,0.3,0.5,11,0.2811873171835224,0.06666666666666667,0.41766169154228855,4.952971696853638
Facebook,16,19,41,0.3,0.5,12,0.2820603925701493,0.05714285714285714,0.4218905472636816,5.107746839523315
Facebook,16,19,41,0.3,0.5,13,0.23828579632864155,0.0380952380952381,0.3335820895522388,4.975959777832031
Facebook,16,19,41,0.3,0.5,14,0.2630207994750851,0.07777777777777778,0.4845771144278607,5.110275983810425
Facebook,16,19,41,0.3,0.5,15,0.2354648081955081,0.11666666666666667,0.46243781094527364,4.919677257537842
Facebook,16,19,41,0.3,0.5,16,0.24729474630096782,0.06666666666666667,0.38606965174129354,5.1639533042907715
Facebook,16,19,41,0.3,0.5,17,0.26647724959209845,0.08,0.3763681592039801,4.941245079040527
Facebook,16,19,41,0.3,0.5,18,0.27104226378282625,0.05,0.4054726368159204,5.134259223937988
Facebook,16,19,41,0.3,0.5,19,0.27639944460290705,0.05714285714285714,0.4507462686567164,4.958223342895508
Facebook,16,19,41,0.3,0.5,20,0.28104616339207433,0.08,0.41890547263681593,5.1442224979400635
Facebook,16,19,41,0.3,0.5,21,0.2660744904187868,0.05714285714285714,0.3883084577114428,4.955074310302734
Facebook,16,19,41,0.3,0.5,22,0.28572771470861125,0.041666666666666664,0.35895522388059703,5.141048192977905
Facebook,16,19,41,0.3,0.5,23,0.2701218400362817,0.1,0.3907960199004975,4.959824800491333
Facebook,16,19,41,0.3,0.5,24,0.2830142273343641,0.041666666666666664,0.3738805970149254,5.168636083602905
Facebook,16,19,41,0.3,0.5,25,0.26131865040630975,0.05555555555555555,0.3567164179104478,4.9752116203308105
Facebook,16,19,48,0.35,0.5,1,0.24814509557870681,0.06666666666666667,0.4987562189054726,5.160433053970337
Facebook,16,19,48,0.35,0.5,2,0.2409789809701146,0.05555555555555555,0.4134328358208955,4.9407713413238525
Facebook,16,19,48,0.35,0.5,3,0.2816020359523281,0.09333333333333334,0.4482587064676617,4.958608865737915
Facebook,16,19,48,0.35,0.5,4,0.24936287895440876,0.06666666666666667,0.33557213930348256,5.131852388381958
Facebook,16,19,48,0.35,0.5,5,0.2671852694209439,0.047619047619047616,0.37711442786069654,4.954586744308472
Facebook,16,19,48,0.35,0.5,6,0.29228270882628254,0.08,0.43706467661691545,5.159078598022461
Facebook,16,19,48,0.35,0.5,7,0.28095899758860227,0.06666666666666667,0.38855721393034826,4.95232081413269
Facebook,16,19,48,0.35,0.5,8,0.25709052886936196,0.037037037037037035,0.3572139303482587,5.170822858810425
Facebook,16,19,48,0.35,0.5,9,0.2891193680567682,0.05555555555555555,0.31716417910447764,5.028210163116455
Facebook,16,19,48,0.35,0.5,10,0.25466295721427734,0.09333333333333334,0.4527363184079602,5.1269214153289795
Facebook,16,19,48,0.35,0.5,11,0.2812263829802054,0.06666666666666667,0.31343283582089554,4.98170280456543
Facebook,16,19,48,0.35,0.5,12,0.24377342913429859,0.05555555555555555,0.35124378109452736,5.117761135101318
Facebook,16,19,48,0.35,0.5,13,0.23779553581149043,0.06666666666666667,0.43407960199004975,4.937928915023804
Facebook,16,19,48,0.35,0.5,14,0.26572784315382586,0.09333333333333334,0.41965174129353233,5.111760854721069
Facebook,16,19,48,0.35,0.5,15,0.27082573917176656,0.08,0.363681592039801,4.933098316192627
Facebook,16,19,48,0.35,0.5,16,0.258295939602383,0.11666666666666667,0.4703980099502488,5.151574373245239
Facebook,16,19,48,0.35,0.5,17,0.2754791662652777,0.05,0.39054726368159204,4.915893077850342
Facebook,16,19,48,0.35,0.5,18,0.2331081512654491,0.044444444444444446,0.29776119402985074,5.146622180938721
Facebook,16,19,48,0.35,0.5,19,0.25118385409175364,0.05714285714285714,0.40696517412935324,4.907247066497803
Facebook,16,19,48,0.35,0.5,20,0.25927563991080776,0.05714285714285714,0.44776119402985076,5.198245286941528
Facebook,16,19,48,0.35,0.5,21,0.26783369859744527,0.041666666666666664,0.36592039800995024,4.9060845375061035
Facebook,16,19,48,0.35,0.5,22,0.2765411158255513,0.05333333333333334,0.34776119402985073,5.154572248458862
Facebook,16,19,48,0.35,0.5,23,0.28369365092553883,0.06666666666666667,0.4330845771144279,4.939670562744141
Facebook,16,19,48,0.35,0.5,24,0.2774713764103591,0.041666666666666664,0.36144278606965174,5.151875734329224
Facebook,16,19,48,0.35,0.5,25,0.28427940653892786,0.05,0.4532338308457711,4.934743404388428
Facebook,16,19,54,0.4,0.5,1,0.2660882948804183,0.06666666666666667,0.39925373134328357,4.9441304206848145
Facebook,16,19,54,0.4,0.5,2,0.26594309482409995,0.05555555555555555,0.33855721393034827,5.163765907287598
Facebook,16,19,54,0.4,0.5,3,0.2732241419103722,0.044444444444444446,0.304228855721393,4.972778797149658
Facebook,16,19,54,0.4,0.5,4,0.2812694155664064,0.06666666666666667,0.5169154228855721,5.162148475646973
Facebook,16,19,54,0.4,0.5,5,0.2691564787334121,0.08,0.4256218905472637,4.995056867599487
Facebook,16,19,54,0.4,0.5,6,0.25656083803476004,0.047619047619047616,0.4007462686567164,5.133511543273926
Facebook,16,19,54,0.4,0.5,7,0.2837552260480304,0.07777777777777778,0.5014925373134328,4.977678298950195
Facebook,16,19,54,0.4,0.5,8,0.26552547992421605,0.09333333333333334,0.4445273631840796,5.162988662719727
Facebook,16,19,54,0.4,0.5,9,0.24226410144063432,0.1,0.37960199004975126,4.970849990844727
Facebook,16,19,54,0.4,0.5,10,0.2602042337468364,0.05714285714285714,0.46318407960199004,5.167214870452881
Facebook,16,19,54,0.4,0.5,11,0.2572833616384043,0.037037037037037035,0.3716417910447761,4.952460050582886
Facebook,16,19,54,0.4,0.5,12,0.2756019110307649,0.05555555555555555,0.34776119402985073,5.151696681976318
Facebook,16,19,54,0.4,0.5,13,0.3051542113722168,0.06666666666666667,0.4002487562189055,4.915875673294067
Facebook,16,19,54,0.4,0.5,14,0.2639789817329859,0.05555555555555555,0.345273631840796,5.150391340255737
Facebook,16,19,54,0.4,0.5,15,0.26169587150814344,0.06666666666666667,0.33955223880597013,4.917395114898682
Facebook,16,19,54,0.4,0.5,16,0.2737492716440188,0.07777777777777778,0.5261194029850746,5.157061338424683
Facebook,16,19,54,0.4,0.5,17,0.25926611990120885,0.05555555555555555,0.27810945273631843,4.91713809967041
Facebook,16,19,54,0.4,0.5,18,0.26383319294735247,0.06666666666666667,0.35149253731343283,5.21378493309021
Facebook,16,19,54,0.4,0.5,19,0.26633887826359814,0.07777777777777778,0.5296019900497513,4.901454925537109
Facebook,16,19,54,0.4,0.5,20,0.2595341412373519,0.05555555555555555,0.3420398009950249,5.188806056976318
Facebook,16,19,54,0.4,0.5,21,0.28306907072505366,0.041666666666666664,0.40422885572139305,4.910553932189941
Facebook,16,19,54,0.4,0.5,22,0.256372402801303,0.06666666666666667,0.40049751243781095,4.954525470733643
Facebook,16,19,54,0.4,0.5,23,0.2555726599044863,0.05714285714285714,0.3940298507462687,5.104557037353516
Facebook,16,19,54,0.4,0.5,24,0.2686322212346223,0.08,0.417910447761194,4.963147163391113
Facebook,16,19,54,0.4,0.5,25,0.24924692506053703,0.06666666666666667,0.4154228855721393,5.09984278678894
Facebook,16,19,61,0.45,0.5,1,0.28595506882052374,0.06666666666666667,0.45746268656716416,4.959046840667725
Facebook,16,19,61,0.45,0.5,2,0.2607427787513243,0.08,0.38980099502487564,5.15336799621582
Facebook,16,19,61,0.45,0.5,3,0.3022397560139615,0.06666666666666667,0.3925373134328358,4.986016035079956
Facebook,16,19,61,0.45,0.5,4,0.261902020149949,0.047619047619047616,0.34875621890547265,5.1576151847839355
Facebook,16,19,61,0.45,0.5,5,0.26376845780538677,0.08,0.3838308457711443,4.959495782852173
Facebook,16,19,61,0.45,0.5,6,0.22887765236310414,0.05555555555555555,0.37661691542288556,5.161586046218872
Facebook,16,19,61,0.45,0.5,7,0.25346490603660077,0.09333333333333334,0.45124378109452734,4.945072412490845
Facebook,16,19,61,0.45,0.5,8,0.2791298219238802,0.02962962962962963,0.2569651741293532,5.159029245376587
Facebook,16,19,61,0.45,0.5,9,0.23140357113373686,0.06666666666666667,0.43208955223880596,4.982238531112671
Facebook,16,19,61,0.45,0.5,10,0.28625469141340076,0.044444444444444446,0.3057213930348259,5.220811128616333
Facebook,16,19,61,0.45,0.5,11,0.25253105138203064,0.06666666666666667,0.38606965174129354,4.9434099197387695
Facebook,16,19,61,0.45,0.5,12,0.30892559638196104,0.05714285714285714,0.47587064676616914,5.203344345092773
Facebook,16,19,61,0.45,0.5,13,0.2761361009269645,0.06666666666666667,0.46766169154228854,4.9498279094696045
Facebook,16,19,61,0.45,0.5,14,0.2723370523067695,0.05714285714285714,0.41965174129353233,4.96401047706604
Facebook,16,19,61,0.45,0.5,15,0.2354742978388316,0.06666666666666667,0.42014925373134326,5.126684665679932
Facebook,16,19,61,0.45,0.5,16,0.27505240281439364,0.07777777777777778,0.46865671641791046,4.9509804248809814
Facebook,16,19,61,0.45,0.5,17,0.2714064454869874,0.06666666666666667,0.41567164179104477,5.132883787155151
Facebook,16,19,61,0.45,0.5,18,0.2749907381023942,0.05555555555555555,0.3407960199004975,4.959592342376709
Facebook,16,19,61,0.45,0.5,19,0.24345652566980788,0.07777777777777778,0.4699004975124378,5.136427640914917
Facebook,16,19,61,0.45,0.5,20,0.26392563964945565,0.047619047619047616,0.3592039800995025,4.94689416885376
Facebook,16,19,61,0.45,0.5,21,0.2646610018804667,0.07777777777777778,0.46940298507462686,5.15760064125061
Facebook,16,19,61,0.45,0.5,22,0.29157639914637096,0.03333333333333333,0.331592039800995,4.940315246582031
Facebook,16,19,61,0.45,0.5,23,0.2774867273889124,0.06666666666666667,0.3743781094527363,5.134488582611084
Facebook,16,19,61,0.45,0.5,24,0.2619530043892883,0.044444444444444446,0.404726368159204,4.940941572189331
Facebook,16,19,61,0.45,0.5,25,0.2677025396976094,0.06666666666666667,0.3870646766169154,5.135174751281738
Facebook,16,19,68,0.5,0.5,1,0.2793751342636173,0.05714285714285714,0.4437810945273632,4.951962232589722
Facebook,16,19,68,0.5,0.5,2,0.27304098737606947,0.05714285714285714,0.40671641791044777,5.182576894760132
Facebook,16,19,68,0.5,0.5,3,0.27332932939022714,0.10666666666666667,0.5358208955223881,4.95456862449646
Facebook,16,19,68,0.5,0.5,4,0.2631156612258306,0.047619047619047616,0.39552238805970147,5.152406215667725
Facebook,16,19,68,0.5,0.5,5,0.274850408084274,0.09333333333333334,0.514179104477612,4.9742045402526855
Facebook,16,19,68,0.5,0.5,6,0.2666862028692277,0.05555555555555555,0.3694029850746269,5.173940658569336
Facebook,16,19,68,0.5,0.5,7,0.2812368266432584,0.08,0.43159203980099503,4.9656596183776855
Facebook,16,19,68,0.5,0.5,8,0.2738655690055216,0.0380952380952381,0.2965174129353234,5.197271823883057
Facebook,16,19,68,0.5,0.5,9,0.2513311308340188,0.05555555555555555,0.35845771144278604,4.945429563522339
Facebook,16,19,68,0.5,0.5,10,0.2595727911104647,0.05555555555555555,0.3562189054726368,5.162860870361328
Facebook,16,19,68,0.5,0.5,11,0.2615906508897752,0.05555555555555555,0.39875621890547264,4.979817628860474
Facebook,16,19,68,0.5,0.5,12,0.23620432570036884,0.047619047619047616,0.3743781094527363,4.960355997085571
Facebook,16,19,68,0.5,0.5,13,0.2707339123408541,0.06666666666666667,0.454726368159204,5.186508655548096
Facebook,16,19,68,0.5,0.5,14,0.27316567026611094,0.06666666666666667,0.309452736318408,4.975003480911255
Facebook,16,19,68,0.5,0.5,15,0.2517908723848355,0.08,0.4609452736318408,5.156838417053223
Facebook,16,19,68,0.5,0.5,16,0.272524685631887,0.05555555555555555,0.3895522388059702,4.967244386672974
Facebook,16,19,68,0.5,0.5,17,0.24092473746845228,0.08333333333333333,0.3564676616915423,5.13774561882019
Facebook,16,19,68,0.5,0.5,18,0.28637908552576247,0.05555555555555555,0.41567164179104477,4.986155271530151
Facebook,16,19,68,0.5,0.5,19,0.27009331890043653,0.06666666666666667,0.481592039800995,5.174676179885864
Facebook,16,19,68,0.5,0.5,20,0.25969520535676904,0.06666666666666667,0.44104477611940296,4.952823877334595
Facebook,16,19,68,0.5,0.5,21,0.2626751630415129,0.06666666666666667,0.354726368159204,5.156496524810791
Facebook,16,19,68,0.5,0.5,22,0.2719430157410435,0.05714285714285714,0.42860696517412933,4.938463926315308
Facebook,16,19,68,0.5,0.5,23,0.28262430624715645,0.08,0.39676616915422885,5.151013135910034
Facebook,16,19,68,0.5,0.5,24,0.28314431707184634,0.08,0.44477611940298506,4.937528133392334
Facebook,16,19,68,0.5,0.5,25,0.26780313061379524,0.07777777777777778,0.5462686567164179,5.153424501419067
Facebook,16,19,75,0.55,0.5,1,0.2799726358161028,0.05555555555555555,0.336318407960199,4.953665494918823
Facebook,16,19,75,0.55,0.5,2,0.27291662112101556,0.09333333333333334,0.4393034825870647,5.145062208175659
Facebook,16,19,75,0.55,0.5,3,0.27022493686584487,0.05714285714285714,0.45149253731343286,4.97470498085022
Facebook,16,19,75,0.55,0.5,4,0.26673723605199257,0.0380952380952381,0.2564676616915423,5.179820537567139
Facebook,16,19,75,0.55,0.5,5,0.23383361736406752,0.06666666666666667,0.41592039800995023,4.9664952754974365
Facebook,16,19,75,0.55,0.5,6,0.2706727984661842,0.044444444444444446,0.4338308457711443,5.178521633148193
Facebook,16,19,75,0.55,0.5,7,0.26029899108649485,0.037037037037037035,0.36268656716417913,5.012085437774658
Facebook,16,19,75,0.55,0.5,8,0.2524409197669946,0.08,0.4507462686567164,4.954448699951172
Facebook,16,19,75,0.55,0.5,9,0.2608112227529588,0.037037037037037035,0.39303482587064675,5.165688991546631
Facebook,16,19,75,0.55,0.5,10,0.27227356978356493,0.047619047619047616,0.3711442786069652,5.013240337371826
Facebook,16,19,75,0.55,0.5,11,0.27123595645365256,0.08,0.3644278606965174,5.151397228240967
Facebook,16,19,75,0.55,0.5,12,0.24920931983432876,0.06666666666666667,0.3407960199004975,4.9769508838653564
Facebook,16,19,75,0.55,0.5,13,0.27364266529151676,0.06666666666666667,0.4532338308457711,5.2086639404296875
Facebook,16,19,75,0.55,0.5,14,0.26299598227619764,0.05333333333333334,0.31840796019900497,4.956293106079102
Facebook,16,19,75,0.55,0.5,15,0.2676009361224286,0.06666666666666667,0.32860696517412935,5.151548147201538
Facebook,16,19,75,0.55,0.5,16,0.2262997618540994,0.08,0.47189054726368157,4.968485355377197
Facebook,16,19,75,0.55,0.5,17,0.24770892353032292,0.08,0.4609452736318408,5.166240453720093
Facebook,16,19,75,0.55,0.5,18,0.2663891513008793,0.06666666666666667,0.41119402985074627,4.989132881164551
Facebook,16,19,75,0.55,0.5,19,0.2556396681608396,0.047619047619047616,0.3843283582089552,5.143358469009399
Facebook,16,19,75,0.55,0.5,20,0.2766098084176877,0.06666666666666667,0.3574626865671642,4.968392372131348
Facebook,16,19,75,0.55,0.5,21,0.25028924290625887,0.047619047619047616,0.43134328358208956,5.236109733581543
Facebook,16,19,75,0.55,0.5,22,0.26773638976742414,0.09333333333333334,0.44328358208955226,4.963819980621338
Facebook,16,19,75,0.55,0.5,23,0.28715194663159926,0.05555555555555555,0.3534825870646766,5.153310775756836
Facebook,16,19,75,0.55,0.5,24,0.28104189702808363,0.11666666666666667,0.48059701492537316,4.971966505050659
Facebook,16,19,75,0.55,0.5,25,0.26261896922255384,0.05555555555555555,0.37288557213930346,4.950777292251587
Facebook,16,19,82,0.6,0.5,1,0.27386414204869347,0.05714285714285714,0.40572139303482585,5.149308681488037
Facebook,16,19,82,0.6,0.5,2,0.23659258991324378,0.05555555555555555,0.4059701492537313,4.948448657989502
Facebook,16,19,82,0.6,0.5,3,0.27466746315172014,0.06666666666666667,0.35771144278606964,5.166776895523071
Facebook,16,19,82,0.6,0.5,4,0.2700440211566735,0.05555555555555555,0.3087064676616915,4.9753944873809814
Facebook,16,19,82,0.6,0.5,5,0.2589642142008176,0.05714285714285714,0.39129353233830844,5.156728267669678
Facebook,16,19,82,0.6,0.5,6,0.2617267441716478,0.06666666666666667,0.354726368159204,4.963780403137207
Facebook,16,19,82,0.6,0.5,7,0.2712938688405315,0.047619047619047616,0.44303482587064674,5.1529271602630615
Facebook,16,19,82,0.6,0.5,8,0.2610332804911318,0.05555555555555555,0.37587064676616916,4.98675799369812
Facebook,16,19,82,0.6,0.5,9,0.2737240140199559,0.05555555555555555,0.31492537313432833,5.171680927276611
Facebook,16,19,82,0.6,0.5,10,0.2632284561047695,0.0380952380952381,0.31144278606965176,4.964617013931274
Facebook,16,19,82,0.6,0.5,11,0.27543678600358446,0.06666666666666667,0.4626865671641791,5.173871278762817
Facebook,16,19,82,0.6,0.5,12,0.26368809629980783,0.044444444444444446,0.3116915422885572,4.9678192138671875
Facebook,16,19,82,0.6,0.5,13,0.2653014077677384,0.07777777777777778,0.5024875621890548,5.207159042358398
Facebook,16,19,82,0.6,0.5,14,0.26924334564271296,0.09333333333333334,0.4917910447761194,4.959316730499268
Facebook,16,19,82,0.6,0.5,15,0.2746993686880399,0.0380952380952381,0.2975124378109453,5.159510850906372
Facebook,16,19,82,0.6,0.5,16,0.2904978788791632,0.05555555555555555,0.29054726368159206,4.9460530281066895
Facebook,16,19,82,0.6,0.5,17,0.2608062331769472,0.05555555555555555,0.3716417910447761,5.257451057434082
Facebook,16,19,82,0.6,0.5,18,0.2665451342147173,0.06666666666666667,0.4778606965174129,4.953610420227051
Facebook,16,19,82,0.6,0.5,19,0.2805092111719975,0.041666666666666664,0.3522388059701492,5.1918439865112305
Facebook,16,19,82,0.6,0.5,20,0.25088436606682657,0.06666666666666667,0.38308457711442784,4.942718744277954
Facebook,16,19,82,0.6,0.5,21,0.2562290138857615,0.0380952380952381,0.2766169154228856,5.166248559951782
Facebook,16,19,82,0.6,0.5,22,0.29245829019756875,0.07777777777777778,0.45149253731343286,4.959025859832764
Facebook,16,19,82,0.6,0.5,23,0.26877324762111665,0.047619047619047616,0.35323383084577115,4.964965105056763
Facebook,16,19,82,0.6,0.5,24,0.26562319853992666,0.06666666666666667,0.3972636815920398,5.168192386627197
Facebook,16,19,82,0.6,0.5,25,0.26335312114859444,0.06666666666666667,0.3472636815920398,5.016535520553589
Facebook,16,19,88,0.65,0.5,1,0.2756850382210336,0.044444444444444446,0.29776119402985074,5.17164945602417
Facebook,16,19,88,0.65,0.5,2,0.2702733206586047,0.06666666666666667,0.3907960199004975,4.964075088500977
Facebook,16,19,88,0.65,0.5,3,0.2697335367630643,0.08,0.38681592039800994,5.167618274688721
Facebook,16,19,88,0.65,0.5,4,0.2811546944090163,0.044444444444444446,0.2681592039800995,4.966233491897583
Facebook,16,19,88,0.65,0.5,5,0.28017732629459485,0.044444444444444446,0.27935323383084576,5.201764106750488
Facebook,16,19,88,0.65,0.5,6,0.2693775726614716,0.06666666666666667,0.4082089552238806,4.977763891220093
Facebook,16,19,88,0.65,0.5,7,0.26145380485539826,0.047619047619047616,0.367910447761194,5.128711223602295
Facebook,16,19,88,0.65,0.5,8,0.2639274243705325,0.07777777777777778,0.45,4.974994659423828
Facebook,16,19,88,0.65,0.5,9,0.2837892947958775,0.03333333333333333,0.30970149253731344,5.147433519363403
Facebook,16,19,88,0.65,0.5,10,0.26089880544199595,0.06666666666666667,0.4291044776119403,4.973163366317749
Facebook,16,19,88,0.65,0.5,11,0.26700296138854135,0.09333333333333334,0.5054726368159204,5.158275365829468
Facebook,16,19,88,0.65,0.5,12,0.25725395662081607,0.06666666666666667,0.4701492537313433,4.943720579147339
Facebook,16,19,88,0.65,0.5,13,0.2954068081642291,0.047619047619047616,0.336318407960199,5.1801838874816895
Facebook,16,19,88,0.65,0.5,14,0.2696187543728307,0.08,0.4400497512437811,4.950077056884766
Facebook,16,19,88,0.65,0.5,15,0.24198027172480324,0.06666666666666667,0.3776119402985075,5.2297773361206055
Facebook,16,19,88,0.65,0.5,16,0.27875752917401786,0.06666666666666667,0.4166666666666667,4.977429389953613
Facebook,16,19,88,0.65,0.5,17,0.23228934656528338,0.05555555555555555,0.3619402985074627,5.177837610244751
Facebook,16,19,88,0.65,0.5,18,0.25524022498967647,0.05555555555555555,0.3194029850746269,4.959484815597534
Facebook,16,19,88,0.65,0.5,19,0.26986165541088014,0.05714285714285714,0.41567164179104477,4.968940496444702
Facebook,16,19,88,0.65,0.5,20,0.27632845286266183,0.08,0.3534825870646766,5.135233402252197
Facebook,16,19,88,0.65,0.5,21,0.23454914578724384,0.044444444444444446,0.3194029850746269,5.014911413192749
Facebook,16,19,88,0.65,0.5,22,0.3102910999041113,0.06666666666666667,0.49975124378109453,5.17294979095459
Facebook,16,19,88,0.65,0.5,23,0.2595823334539202,0.05555555555555555,0.4054726368159204,4.9772865772247314
Facebook,16,19,88,0.65,0.5,24,0.2688218268508086,0.06666666666666667,0.3572139303482587,5.173862934112549
Facebook,16,19,88,0.65,0.5,25,0.2593511877091771,0.07777777777777778,0.4900497512437811,4.976846933364868
Facebook,16,19,95,0.7,0.5,1,0.2728726813955932,0.08,0.3701492537313433,5.1278462409973145
Facebook,16,19,95,0.7,0.5,2,0.28635458898826605,0.06666666666666667,0.3567164179104478,4.9532835483551025
Facebook,16,19,95,0.7,0.5,3,0.26342772404890136,0.08888888888888889,0.5092039800995025,5.1808788776397705
Facebook,16,19,95,0.7,0.5,4,0.2563153993557013,0.06666666666666667,0.36592039800995024,4.956039905548096
Facebook,16,19,95,0.7,0.5,5,0.2743819703189003,0.044444444444444446,0.2947761194029851,5.15306282043457
Facebook,16,19,95,0.7,0.5,6,0.2812594498856182,0.1,0.41218905472636813,4.946079969406128
Facebook,16,19,95,0.7,0.5,7,0.2675007849311829,0.03333333333333333,0.29850746268656714,5.186781883239746
Facebook,16,19,95,0.7,0.5,8,0.2544821766095708,0.06666666666666667,0.4537313432835821,4.968429088592529
Facebook,16,19,95,0.7,0.5,9,0.24366480787947523,0.05555555555555555,0.386318407960199,5.146324396133423
Facebook,16,19,95,0.7,0.5,10,0.25637845664964226,0.05714285714285714,0.43532338308457713,4.97035813331604
Facebook,16,19,95,0.7,0.5,11,0.26881757634638875,0.08,0.3890547263681592,5.003513813018799
Facebook,16,19,95,0.7,0.5,12,0.2602074594018072,0.08,0.40248756218905474,5.15000057220459
Facebook,16,19,95,0.7,0.5,13,0.289265001393208,0.06666666666666667,0.41691542288557215,4.969228982925415
Facebook,16,19,95,0.7,0.5,14,0.24490078808177507,0.03333333333333333,0.35199004975124376,5.155285596847534
Facebook,16,19,95,0.7,0.5,15,0.26664443104283375,0.041666666666666664,0.3793532338308458,4.95365571975708
Facebook,16,19,95,0.7,0.5,16,0.2853707292218149,0.09333333333333334,0.4651741293532338,5.166454076766968
Facebook,16,19,95,0.7,0.5,17,0.26551060889705214,0.05555555555555555,0.4171641791044776,4.95861029624939
Facebook,16,19,95,0.7,0.5,18,0.2584968958985759,0.10666666666666667,0.5358208955223881,5.164217948913574
Facebook,16,19,95,0.7,0.5,19,0.2602705947177375,0.06666666666666667,0.4034825870646766,5.006443977355957
Facebook,16,19,95,0.7,0.5,20,0.2683027422617673,0.07777777777777778,0.5097014925373134,5.149168014526367
Facebook,16,19,95,0.7,0.5,21,0.23093610468629414,0.05714285714285714,0.4293532338308458,5.033050537109375
Facebook,16,19,95,0.7,0.5,22,0.252256028150267,0.06666666666666667,0.4368159203980099,5.1662352085113525
Facebook,16,19,95,0.7,0.5,23,0.2890650184241887,0.06666666666666667,0.38233830845771144,5.005256652832031
Facebook,16,19,95,0.7,0.5,24,0.2660495387825697,0.08,0.45298507462686566,5.1731061935424805
Facebook,16,19,95,0.7,0.5,25,0.27434728858286994,0.05555555555555555,0.3400497512437811,5.000045299530029
Facebook,16,19,102,0.75,0.5,1,0.2896162386912418,0.05714285714285714,0.4383084577114428,5.173075199127197
Facebook,16,19,102,0.75,0.5,2,0.26382035273102916,0.06666666666666667,0.41318407960199005,4.992716312408447
Facebook,16,19,102,0.75,0.5,3,0.2754118245438645,0.07777777777777778,0.5067164179104477,5.214716911315918
Facebook,16,19,102,0.75,0.5,4,0.2831406379367562,0.05555555555555555,0.3736318407960199,4.943447828292847
Facebook,16,19,102,0.75,0.5,5,0.2636568998066508,0.08,0.36268656716417913,5.16144871711731
Facebook,16,19,102,0.75,0.5,6,0.2649814340050448,0.05555555555555555,0.3243781094527363,4.954723358154297
Facebook,16,19,102,0.75,0.5,7,0.2739743424490564,0.05555555555555555,0.41194029850746267,5.172308444976807
Facebook,16,19,102,0.75,0.5,8,0.2788870564741612,0.08,0.43034825870646765,4.940694332122803
Facebook,16,19,102,0.75,0.5,9,0.2651153923415023,0.041666666666666664,0.3447761194029851,4.966893196105957
Facebook,16,19,102,0.75,0.5,10,0.2688011214424337,0.09333333333333334,0.48582089552238805,5.132336378097534
Facebook,16,19,102,0.75,0.5,11,0.2867860726656727,0.05714285714285714,0.3746268656716418,4.98870849609375
Facebook,16,19,102,0.75,0.5,12,0.2801786705426379,0.08,0.4101990049751244,5.166776895523071
Facebook,16,19,102,0.75,0.5,13,0.2686688424864733,0.05555555555555555,0.3169154228855721,4.970768690109253
Facebook,16,19,102,0.75,0.5,14,0.2692562354077908,0.09333333333333334,0.46741293532338307,5.162912845611572
Facebook,16,19,102,0.75,0.5,15,0.24976668361682483,0.09333333333333334,0.5154228855721393,4.97516655921936
Facebook,16,19,102,0.75,0.5,16,0.2569076808261929,0.06666666666666667,0.42587064676616915,5.18488883972168
Facebook,16,19,102,0.75,0.5,17,0.2851820344537166,0.05555555555555555,0.34328358208955223,5.021688461303711
Facebook,16,19,102,0.75,0.5,18,0.27313021967555073,0.06666666666666667,0.4345771144278607,5.159789562225342
Facebook,16,19,102,0.75,0.5,19,0.2637587281505031,0.09333333333333334,0.4893034825870647,4.945186138153076
Facebook,16,19,102,0.75,0.5,20,0.27308984004027603,0.05555555555555555,0.33432835820895523,5.149847507476807
Facebook,16,19,102,0.75,0.5,21,0.2272655265349642,0.09333333333333334,0.49601990049751243,4.977849721908569
Facebook,16,19,102,0.75,0.5,22,0.23610042379222512,0.07777777777777778,0.48308457711442787,5.152589559555054
Facebook,16,19,102,0.75,0.5,23,0.24700511316752286,0.05714285714285714,0.4092039800995025,4.972553491592407
Facebook,16,19,102,0.75,0.5,24,0.24368416710037089,0.06666666666666667,0.3883084577114428,5.148547649383545
Facebook,16,19,102,0.75,0.5,25,0.31036177185413893,0.07777777777777778,0.5072139303482587,4.9882612228393555
Facebook,16,19,109,0.8,0.5,1,0.2952049498312633,0.08888888888888889,0.545273631840796,5.203107118606567
Facebook,16,19,109,0.8,0.5,2,0.26620466030468665,0.05555555555555555,0.3982587064676617,4.941918134689331
Facebook,16,19,109,0.8,0.5,3,0.2198513694503484,0.06666666666666667,0.4335820895522388,5.1649017333984375
Facebook,16,19,109,0.8,0.5,4,0.22961196987813556,0.06666666666666667,0.38283582089552237,4.976303339004517
Facebook,16,19,109,0.8,0.5,5,0.2579950135320949,0.06666666666666667,0.4171641791044776,4.987987279891968
Facebook,16,19,109,0.8,0.5,6,0.2779146358514225,0.05714285714285714,0.48333333333333334,5.1616668701171875
Facebook,16,19,109,0.8,0.5,7,0.2831994837554972,0.07777777777777778,0.5101990049751244,4.9807751178741455
Facebook,16,19,109,0.8,0.5,8,0.25597738127879005,0.06666666666666667,0.4039800995024876,5.140232563018799
Facebook,16,19,109,0.8,0.5,9,0.27931678413365396,0.05714285714285714,0.3907960199004975,4.962159156799316
Facebook,16,19,109,0.8,0.5,10,0.27322797367421753,0.047619047619047616,0.39104477611940297,5.203547239303589
Facebook,16,19,109,0.8,0.5,11,0.25508727200379133,0.06666666666666667,0.43656716417910446,4.955593585968018
Facebook,16,19,109,0.8,0.5,12,0.26251300665654237,0.06666666666666667,0.4216417910447761,5.161487340927124
Facebook,16,19,109,0.8,0.5,13,0.2723797760074723,0.047619047619047616,0.4034825870646766,4.943329811096191
Facebook,16,19,109,0.8,0.5,14,0.25127794223582883,0.06666666666666667,0.4482587064676617,5.149415731430054
Facebook,16,19,109,0.8,0.5,15,0.2742044551551109,0.02962962962962963,0.28880597014925374,4.969830751419067
Facebook,16,19,109,0.8,0.5,16,0.29278195391879414,0.08,0.3646766169154229,5.133197784423828
Facebook,16,19,109,0.8,0.5,17,0.2779693540428524,0.06666666666666667,0.45149253731343286,4.974769115447998
Facebook,16,19,109,0.8,0.5,18,0.29930073848412103,0.041666666666666664,0.363681592039801,5.184521675109863
Facebook,16,19,109,0.8,0.5,19,0.27264778382330496,0.05714285714285714,0.4412935323383085,4.960724592208862
Facebook,16,19,109,0.8,0.5,20,0.26277334162976473,0.06666666666666667,0.41965174129353233,5.207169055938721
Facebook,16,19,109,0.8,0.5,21,0.27364145579017707,0.1,0.38407960199004976,4.942407846450806
Facebook,16,19,109,0.8,0.5,22,0.26418387277704086,0.08,0.4330845771144279,4.997638940811157
Facebook,16,19,109,0.8,0.5,23,0.2615244238716581,0.05555555555555555,0.3624378109452736,5.170260190963745
Facebook,16,19,109,0.8,0.5,24,0.24100216863614884,0.047619047619047616,0.41243781094527365,4.98638916015625
Facebook,16,19,109,0.8,0.5,25,0.23901192528435597,0.06666666666666667,0.42711442786069653,5.185349941253662
Facebook,16,19,116,0.85,0.5,1,0.2632419865498874,0.047619047619047616,0.35497512437810946,4.964787006378174
Facebook,16,19,116,0.85,0.5,2,0.24993551582462492,0.07777777777777778,0.5012437810945274,5.209423780441284
Facebook,16,19,116,0.85,0.5,3,0.23744967306770745,0.06666666666666667,0.4335820895522388,5.009354114532471
Facebook,16,19,116,0.85,0.5,4,0.2924029456922014,0.06666666666666667,0.4246268656716418,5.154916048049927
Facebook,16,19,116,0.85,0.5,5,0.2615698645955843,0.044444444444444446,0.26791044776119405,4.9672932624816895
Facebook,16,19,116,0.85,0.5,6,0.2783453682862695,0.05555555555555555,0.3062189054726368,5.1459877490997314
Facebook,16,19,116,0.85,0.5,7,0.2663569965182713,0.08,0.3982587064676617,4.9853363037109375
Facebook,16,19,116,0.85,0.5,8,0.2487045288615528,0.047619047619047616,0.3917910447761194,5.1801745891571045
Facebook,16,19,116,0.85,0.5,9,0.28805966469918726,0.07777777777777778,0.5261194029850746,4.952603340148926
Facebook,16,19,116,0.85,0.5,10,0.266602881829206,0.05555555555555555,0.35945273631840796,5.188025236129761
Facebook,16,19,116,0.85,0.5,11,0.2588976117614411,0.05555555555555555,0.43606965174129353,4.989967107772827
Facebook,16,19,116,0.85,0.5,12,0.24137701372701884,0.06666666666666667,0.413681592039801,5.126222610473633
Facebook,16,19,116,0.85,0.5,13,0.26690153623940444,0.09333333333333334,0.4736318407960199,4.9718918800354
Facebook,16,19,116,0.85,0.5,14,0.22805196746456305,0.06666666666666667,0.4562189054726368,5.1718974113464355
Facebook,16,19,116,0.85,0.5,15,0.279813752118929,0.06666666666666667,0.41965174129353233,4.9516825675964355
Facebook,16,19,116,0.85,0.5,16,0.2777969669809611,0.06666666666666667,0.395273631840796,5.2045252323150635
Facebook,16,19,116,0.85,0.5,17,0.2823232279313754,0.07777777777777778,0.49129353233830847,4.956167221069336
Facebook,16,19,116,0.85,0.5,18,0.2684146587628823,0.08,0.4034825870646766,5.172636270523071
Facebook,16,19,116,0.85,0.5,19,0.267705335703,0.05714285714285714,0.43134328358208956,4.99803900718689
Facebook,16,19,116,0.85,0.5,20,0.2504263607313861,0.047619047619047616,0.34776119402985073,4.9608728885650635
Facebook,16,19,116,0.85,0.5,21,0.27798468011882305,0.041666666666666664,0.3907960199004975,5.155198097229004
Facebook,16,19,116,0.85,0.5,22,0.28915807489903866,0.05555555555555555,0.3604477611940298,4.975085258483887
Facebook,16,19,116,0.85,0.5,23,0.2614751623246481,0.12,0.5743781094527363,5.163820505142212
Facebook,16,19,116,0.85,0.5,24,0.24450151776362872,0.1,0.39104477611940297,4.995032548904419
Facebook,16,19,116,0.85,0.5,25,0.2603892204529866,0.06666666666666667,0.37139303482587066,5.173185110092163
Facebook,16,19,122,0.9,0.5,1,0.2704935602765966,0.1,0.42860696517412933,4.958249092102051
Facebook,16,19,122,0.9,0.5,2,0.30343324180222075,0.06666666666666667,0.4592039800995025,5.1889050006866455
Facebook,16,19,122,0.9,0.5,3,0.29282474899589456,0.041666666666666664,0.3738805970149254,4.98703408241272
Facebook,16,19,122,0.9,0.5,4,0.25765538088621426,0.044444444444444446,0.30323383084577116,5.168461084365845
Facebook,16,19,122,0.9,0.5,5,0.23813554436883516,0.06666666666666667,0.4462686567164179,4.956097602844238
Facebook,16,19,122,0.9,0.5,6,0.27440794105161515,0.06666666666666667,0.413681592039801,5.166205883026123
Facebook,16,19,122,0.9,0.5,7,0.24318304718157738,0.06666666666666667,0.4616915422885572,4.954566240310669
Facebook,16,19,122,0.9,0.5,8,0.26770631496522596,0.047619047619047616,0.3853233830845771,5.166435241699219
Facebook,16,19,122,0.9,0.5,9,0.2276804820348706,0.1,0.4599502487562189,4.974995851516724
Facebook,16,19,122,0.9,0.5,10,0.22029011087499187,0.08,0.42388059701492536,5.175257205963135
Facebook,16,19,122,0.9,0.5,11,0.26583371375380166,0.09333333333333334,0.486318407960199,4.980435848236084
Facebook,16,19,122,0.9,0.5,12,0.2541967921986111,0.05555555555555555,0.3763681592039801,5.201478004455566
Facebook,16,19,122,0.9,0.5,13,0.27626576482817505,0.08,0.4261194029850746,4.952352046966553
Facebook,16,19,122,0.9,0.5,14,0.26644352932592513,0.05714285714285714,0.42686567164179107,5.163295745849609
Facebook,16,19,122,0.9,0.5,15,0.23729595725537905,0.06666666666666667,0.4577114427860697,4.955201625823975
Facebook,16,19,122,0.9,0.5,16,0.26755969642364985,0.047619047619047616,0.38233830845771144,4.963967323303223
Facebook,16,19,122,0.9,0.5,17,0.25792736180640996,0.05555555555555555,0.36393034825870646,5.168325185775757
Facebook,16,19,122,0.9,0.5,18,0.25530825809307245,0.06666666666666667,0.418407960199005,5.007483959197998
Facebook,16,19,122,0.9,0.5,19,0.27613223787378227,0.05555555555555555,0.33407960199004977,5.1650896072387695
Facebook,16,19,122,0.9,0.5,20,0.2504646482452388,0.05555555555555555,0.3646766169154229,4.9778900146484375
Facebook,16,19,122,0.9,0.5,21,0.2707190323706131,0.05714285714285714,0.39054726368159204,5.21035099029541
Facebook,16,19,122,0.9,0.5,22,0.27344530031873504,0.05555555555555555,0.3554726368159204,4.961194753646851
Facebook,16,19,122,0.9,0.5,23,0.21705805550135593,0.07777777777777778,0.5012437810945274,5.148242950439453
Facebook,16,19,122,0.9,0.5,24,0.2863255764199454,0.06666666666666667,0.3761194029850746,4.949300527572632
Facebook,16,19,122,0.9,0.5,25,0.2973372758729886,0.044444444444444446,0.2960199004975124,5.1634814739227295
Facebook,16,19,129,0.95,0.5,1,0.2740262715510177,0.06666666666666667,0.4465174129353234,4.978614568710327
Facebook,16,19,129,0.95,0.5,2,0.2617222022866637,0.06666666666666667,0.3756218905472637,5.155522108078003
Facebook,16,19,129,0.95,0.5,3,0.27328940295278725,0.06666666666666667,0.4900497512437811,4.970530033111572
Facebook,16,19,129,0.95,0.5,4,0.27066491647540863,0.03333333333333333,0.2942786069651741,5.215306282043457
Facebook,16,19,129,0.95,0.5,5,0.2826303495445745,0.0380952380952381,0.345273631840796,4.9482762813568115
Facebook,16,19,129,0.95,0.5,6,0.2644997168070384,0.05555555555555555,0.3218905472636816,5.192417144775391
Facebook,16,19,129,0.95,0.5,7,0.2722634493674008,0.06666666666666667,0.3664179104477612,4.969519138336182
Facebook,16,19,129,0.95,0.5,8,0.29531660196892456,0.044444444444444446,0.30024875621890545,4.958282709121704
Facebook,16,19,129,0.95,0.5,9,0.25482962593349345,0.05714285714285714,0.38283582089552237,5.165455341339111
Facebook,16,19,129,0.95,0.5,10,0.255905479769706,0.09333333333333334,0.48383084577114427,5.001057386398315
Facebook,16,19,129,0.95,0.5,11,0.26961436521022125,0.06666666666666667,0.4659203980099503,5.151035308837891
Facebook,16,19,129,0.95,0.5,12,0.2707730158870384,0.06666666666666667,0.42139303482587065,5.006219863891602
Facebook,16,19,129,0.95,0.5,13,0.27462531349716424,0.07777777777777778,0.4783582089552239,5.175166130065918
Facebook,16,19,129,0.95,0.5,14,0.27248740596362697,0.047619047619047616,0.3641791044776119,4.956905841827393
Facebook,16,19,129,0.95,0.5,15,0.28334724482015156,0.05555555555555555,0.3517412935323383,5.162670135498047
Facebook,16,19,129,0.95,0.5,16,0.247474931445938,0.044444444444444446,0.35199004975124376,5.0023815631866455
Facebook,16,19,129,0.95,0.5,17,0.25266900535725956,0.05555555555555555,0.33805970149253733,5.157972812652588
Facebook,16,19,129,0.95,0.5,18,0.2990334756952419,0.05555555555555555,0.36965174129353234,4.968551874160767
Facebook,16,19,129,0.95,0.5,19,0.27250368297948996,0.08,0.38781094527363186,5.176745653152466
Facebook,16,19,129,0.95,0.5,20,0.2785013500316929,0.05714285714285714,0.40945273631840795,5.039965867996216
Facebook,16,19,129,0.95,0.5,21,0.26537092874898166,0.07777777777777778,0.4383084577114428,5.1965110301971436
Facebook,16,19,129,0.95,0.5,22,0.26352056401499235,0.06666666666666667,0.4664179104477612,4.9613330364227295
Facebook,16,19,129,0.95,0.5,23,0.2752958451523447,0.05555555555555555,0.44353233830845773,5.147715091705322
Facebook,16,19,129,0.95,0.5,24,0.2739349820601822,0.03333333333333333,0.28955223880597014,4.958907127380371
Facebook,16,19,129,0.95,0.5,25,0.27425978364696524,0.06666666666666667,0.4490049751243781,5.227410793304443
Facebook,16,19,136,1,0.5,1,0.26773135345340726,0.05555555555555555,0.3564676616915423,4.97767448425293
Facebook,16,19,136,1,0.5,2,0.25748426949523345,0.06666666666666667,0.3062189054726368,5.163685083389282
Facebook,16,19,136,1,0.5,3,0.2591130900291853,0.06666666666666667,0.4355721393034826,4.962010860443115
Facebook,16,19,136,1,0.5,4,0.2643187909195486,0.047619047619047616,0.3567164179104478,5.188195466995239
Facebook,16,19,136,1,0.5,5,0.2658521608460133,0.06666666666666667,0.4609452736318408,4.9542458057403564
Facebook,16,19,136,1,0.5,6,0.2773573667921363,0.047619047619047616,0.3972636815920398,4.960275888442993
Facebook,16,19,136,1,0.5,7,0.26374021787456636,0.08,0.4174129353233831,5.1863462924957275
Facebook,16,19,136,1,0.5,8,0.27471425486535694,0.08,0.3843283582089552,4.9512012004852295
Facebook,16,19,136,1,0.5,9,0.26361952542430567,0.06666666666666667,0.4383084577114428,5.170865535736084
Facebook,16,19,136,1,0.5,10,0.23442412152930678,0.05555555555555555,0.372636815920398,5.015493869781494
Facebook,16,19,136,1,0.5,11,0.2794428015859433,0.047619047619047616,0.36840796019900496,5.152218818664551
Facebook,16,19,136,1,0.5,12,0.27552073878443656,0.047619047619047616,0.35248756218905475,4.9731690883636475
Facebook,16,19,136,1,0.5,13,0.26948739920314047,0.05555555555555555,0.3218905472636816,5.212939500808716
Facebook,16,19,136,1,0.5,14,0.2792546960483777,0.06666666666666667,0.47139303482587064,4.961103677749634
Facebook,16,19,136,1,0.5,15,0.26442490149284714,0.03333333333333333,0.2880597014925373,5.145355701446533
Facebook,16,19,136,1,0.5,16,0.24810008927329774,0.08,0.44104477611940296,4.974083185195923
Facebook,16,19,136,1,0.5,17,0.23816867069312056,0.06666666666666667,0.46417910447761196,5.148049831390381
Facebook,16,19,136,1,0.5,18,0.3109573285895813,0.05714285714285714,0.37089552238805973,4.972777843475342
Facebook,16,19,136,1,0.5,19,0.2757196686689418,0.047619047619047616,0.3400497512437811,5.146154403686523
Facebook,16,19,136,1,0.5,20,0.2593464769290661,0.06666666666666667,0.3870646766169154,4.971065282821655
Facebook,16,19,136,1,0.5,21,0.2691361395103712,0.05714285714285714,0.46243781094527364,5.184926986694336
Facebook,16,19,136,1,0.5,22,0.27555700142282347,0.047619047619047616,0.33557213930348256,4.956389665603638
Facebook,16,19,136,1,0.5,23,0.27319386631674375,0.08,0.427363184079602,5.223532438278198
Facebook,16,19,136,1,0.5,24,0.24911484120974012,0.07777777777777778,0.4721393034825871,4.972103834152222
Facebook,16,19,136,1,0.5,25,0.271210256859715,0.047619047619047616,0.36592039800995024,5.210400819778442
