network_name,target_label,target_size,b,b_percentage,p,realization,ECS,M1,M2,elapsed_time_sec
BlogCatalog,1,1293,0,0,,0,0.3475602379908827,0.0009737098344693282,1.0,
BlogCatalog,1,1293,0,0,,0,0.2517432874580493,0.0,1.0,
BlogCatalog,1,1293,0,0,,0,0.35530185107758433,0.0009643201542912247,1.0,
BlogCatalog,1,1293,0,0,,0,0.3791494849946157,0.001001001001001001,1.0,
BlogCatalog,1,1293,0,0,,0,0.3876061969943743,0.0011074197120708748,1.0,
BlogCatalog,1,1293,0,0,,0,0.34324514840210185,0.001049317943336831,1.0,
BlogCatalog,1,1293,0,0,,0,0.3925487878284005,0.0009380863039399625,1.0,
BlogCatalog,1,1293,0,0,,0,0.2517432874580493,0.0,1.0,
BlogCatalog,1,1293,0,0,,0,0.42448618640636254,0.0005717552887364208,0.5108890596976685,
BlogCatalog,1,1293,0,0,,0,0.2517432874580493,0.0,1.0,
BlogCatalog,1,1293,0,0,,0,0.34737310153131157,0.0009852216748768472,1.0,
BlogCatalog,1,1293,0,0,,0,0.2517432874580493,0.0,1.0,
BlogCatalog,1,1293,0,0,,0,0.2517432874580493,0.0,1.0,
BlogCatalog,1,1293,0,0,,0,0.3879539423237209,0.0009066183136899365,1.0,
BlogCatalog,1,1293,0,0,,0,0.2517432874580493,0.0,1.0,
BlogCatalog,1,1293,0,0,,0,0.36405688753976856,0.0010471204188481676,1.0,
BlogCatalog,1,1293,0,0,,0,0.34615933112402125,0.0010718113612004287,1.0,
BlogCatalog,1,1293,0,0,,0,0.34601991469175464,0.0010235414534288639,1.0,
BlogCatalog,1,1293,0,0,,0,0.2517432874580493,0.0,1.0,
BlogCatalog,1,1293,0,0,,0,0.2517432874580493,0.0,1.0,
BlogCatalog,1,1293,0,0,,0,0.3391470950001354,0.0010330578512396695,1.0,
BlogCatalog,1,1293,0,0,,0,0.2517432874580493,0.0,1.0,
BlogCatalog,1,1293,0,0,,0,0.36290099323913544,0.0009208103130755065,1.0,
BlogCatalog,1,1293,0,0,,0,0.35674065161632107,0.0009633911368015414,1.0,
BlogCatalog,1,1293,0,0,,0,0.2517432874580493,0.0,1.0,
BlogCatalog,1,1293,0,0,,0,0.2517432874580493,0.0,1.0,
BlogCatalog,1,1293,0,0,,0,0.3723092181068543,0.0010050251256281408,1.0,
BlogCatalog,1,1293,0,0,,0,0.2517432874580493,0.0,1.0,
BlogCatalog,1,1293,0,0,,0,0.2517432874580493,0.0,1.0,
BlogCatalog,1,1293,0,0,,0,0.2517432874580493,0.0,1.0,
BlogCatalog,1,1293,0,0,,0,0.2517432874580493,0.0,1.0,
BlogCatalog,1,1293,0,0,,0,0.2517432874580493,0.0,1.0,
BlogCatalog,1,1293,0,0,,0,0.2517432874580493,0.0,1.0,
BlogCatalog,1,1293,0,0,,0,0.2517432874580493,0.0,1.0,
BlogCatalog,1,1293,0,0,,0,0.2517432874580493,0.0,1.0,
BlogCatalog,1,1293,0,0,,0,0.36092889142730605,0.0010309278350515464,1.0,
BlogCatalog,1,1293,0,0,,0,0.2517432874580493,0.0,1.0,
BlogCatalog,1,1293,0,0,,0,0.2517432874580493,0.0,1.0,
BlogCatalog,1,1293,0,0,,0,0.3389680613615,0.000992063492063492,1.0,
BlogCatalog,1,1293,0,0,,0,0.34594412145814735,0.001034126163391934,1.0,
BlogCatalog,1,1293,0,0,,0,0.35838897936722713,0.001037344398340249,1.0,
BlogCatalog,1,1293,0,0,,0,0.5285056765753504,0.00026041666666666666,0.32334101972841406,
BlogCatalog,1,1293,0,0,,0,0.3485738835807118,0.0009832841691248771,1.0,
BlogCatalog,1,1293,0,0,,0,0.2517432874580493,0.0,1.0,
BlogCatalog,1,1293,0,0,,0,0.2517432874580493,0.0,1.0,
BlogCatalog,1,1293,0,0,,0,0.36035480738507897,0.0010695187165775401,1.0,
BlogCatalog,1,1293,0,0,,0,0.2517432874580493,0.0,1.0,
BlogCatalog,1,1293,0,0,,0,0.2517432874580493,0.0,1.0,
BlogCatalog,1,1293,0,0,,0,0.2517432874580493,0.0,1.0,
BlogCatalog,1,1293,0,0,,0,0.2517432874580493,0.0,1.0,
BlogCatalog,1,1293,389,0.01,0.5,1,0.2517432874580493,0.0,1.0,7.886277198791504
BlogCatalog,1,1293,389,0.01,0.5,2,0.379288834640467,0.000946073793755913,1.0,7.797194957733154
BlogCatalog,1,1293,389,0.01,0.5,3,0.34455704887932403,0.001002004008016032,1.0,7.549736738204956
BlogCatalog,1,1293,389,0.01,0.5,4,0.2517432874580493,0.0,1.0,7.973861932754517
BlogCatalog,1,1293,389,0.01,0.5,5,0.324806099894847,0.0010121457489878543,1.0,7.825415849685669
BlogCatalog,1,1293,389,0.01,0.5,6,0.2517432874580493,0.0,1.0,7.7247154712677
BlogCatalog,1,1293,389,0.01,0.5,7,0.2517432874580493,0.0,1.0,7.9682557582855225
BlogCatalog,1,1293,389,0.01,0.5,8,0.33727329297085534,0.0010235414534288639,1.0,7.818830728530884
BlogCatalog,1,1293,389,0.01,0.5,9,0.2517432874580493,0.0,1.0,7.737414598464966
BlogCatalog,1,1293,389,0.01,0.5,10,0.3418607489339505,0.0011337868480725624,1.0,7.778520584106445
BlogCatalog,1,1293,389,0.01,0.5,11,0.32601180215924846,0.0010362694300518134,1.0,7.868999719619751
BlogCatalog,1,1293,389,0.01,0.5,12,0.2517432874580493,0.0,1.0,7.750023365020752
BlogCatalog,1,1293,389,0.01,0.5,13,0.32607291935676896,0.0010319917440660474,1.0,7.80063796043396
BlogCatalog,1,1293,389,0.01,0.5,14,0.2517432874580493,0.0,1.0,8.089071035385132
BlogCatalog,1,1293,389,0.01,0.5,15,0.33463833636356677,0.0010183299389002036,1.0,7.550939559936523
BlogCatalog,1,1293,389,0.01,0.5,16,0.3365384626096134,0.0010626992561105207,1.0,7.765002012252808
BlogCatalog,1,1293,389,0.01,0.5,17,0.2517432874580493,0.0,1.0,7.941512584686279
BlogCatalog,1,1293,389,0.01,0.5,18,0.2517432874580493,0.0,1.0,7.971752882003784
BlogCatalog,1,1293,389,0.01,0.5,19,0.2517432874580493,0.0,1.0,7.720613956451416
BlogCatalog,1,1293,389,0.01,0.5,20,0.2517432874580493,0.0,1.0,7.940021276473999
BlogCatalog,1,1293,389,0.01,0.5,21,0.33830288761334787,0.0010121457489878543,1.0,7.879958629608154
BlogCatalog,1,1293,389,0.01,0.5,22,0.339766691248314,0.0010427528675703858,1.0,7.591770648956299
BlogCatalog,1,1293,389,0.01,0.5,23,0.2517432874580493,0.0,1.0,7.9681408405303955
BlogCatalog,1,1293,389,0.01,0.5,24,0.2517432874580493,0.0,1.0,8.093181133270264
BlogCatalog,1,1293,389,0.01,0.5,25,0.3425555569644037,0.0011049723756906078,1.0,7.547494411468506
BlogCatalog,1,1293,389,0.01,0.5,26,0.2517432874580493,0.0,1.0,7.964903831481934
BlogCatalog,1,1293,389,0.01,0.5,27,0.3417599941995599,0.0010570824524312897,1.0,7.9096739292144775
BlogCatalog,1,1293,389,0.01,0.5,28,0.2517432874580493,0.0,1.0,7.7606213092803955
BlogCatalog,1,1293,389,0.01,0.5,29,0.2517432874580493,0.0,1.0,7.943187236785889
BlogCatalog,1,1293,389,0.01,0.5,30,0.2517432874580493,0.0,1.0,8.088170051574707
BlogCatalog,1,1293,389,0.01,0.5,31,0.3417094983764209,0.0010649627263045794,1.0,7.590131044387817
BlogCatalog,1,1293,389,0.01,0.5,32,0.33667275324925794,0.0011325028312570782,1.0,7.740005254745483
BlogCatalog,1,1293,389,0.01,0.5,33,0.34781064935044687,0.0009794319294809011,1.0,7.818554639816284
BlogCatalog,1,1293,389,0.01,0.5,34,0.2517432874580493,0.0,1.0,8.051575183868408
BlogCatalog,1,1293,389,0.01,0.5,35,0.33661347619243565,0.001072961373390558,1.0,7.556252717971802
BlogCatalog,1,1293,389,0.01,0.5,36,0.2517432874580493,0.0,1.0,7.949658632278442
BlogCatalog,1,1293,389,0.01,0.5,37,0.33202688842158623,0.0010395010395010396,1.0,7.91711950302124
BlogCatalog,1,1293,389,0.01,0.5,38,0.2517432874580493,0.0,1.0,7.758941650390625
BlogCatalog,1,1293,389,0.01,0.5,39,0.3403198881205889,0.0011614401858304297,1.0,7.756638526916504
BlogCatalog,1,1293,389,0.01,0.5,40,0.2517432874580493,0.0,1.0,8.035243034362793
BlogCatalog,1,1293,389,0.01,0.5,41,0.3401636016359743,0.0010834236186348862,1.0,7.583513498306274
BlogCatalog,1,1293,389,0.01,0.5,42,0.2517432874580493,0.0,1.0,7.926921129226685
BlogCatalog,1,1293,389,0.01,0.5,43,0.35855798663039,0.0009578544061302681,1.0,7.915432453155518
BlogCatalog,1,1293,389,0.01,0.5,44,0.2517432874580493,0.0,1.0,7.788200855255127
BlogCatalog,1,1293,389,0.01,0.5,45,0.3362466763177568,0.0010741138560687433,1.0,7.739740371704102
BlogCatalog,1,1293,389,0.01,0.5,46,0.3397386411820347,0.0011961722488038277,1.0,7.774199485778809
BlogCatalog,1,1293,389,0.01,0.5,47,0.34180358360243884,0.0010604453870625664,1.0,7.792119026184082
BlogCatalog,1,1293,389,0.01,0.5,48,0.2517432874580493,0.0,1.0,7.747509717941284
BlogCatalog,1,1293,389,0.01,0.5,49,0.3516266433292008,0.0010193679918450561,1.0,7.813000679016113
BlogCatalog,1,1293,389,0.01,0.5,50,0.2517432874580493,0.0,1.0,8.095334529876709
BlogCatalog,1,1293,1945,0.05,0.5,1,0.305548350406185,0.0011299435028248588,1.0,8.090645551681519
BlogCatalog,1,1293,1945,0.05,0.5,2,0.2517432874580493,0.0,1.0,8.482020854949951
BlogCatalog,1,1293,1945,0.05,0.5,3,0.3160976195650169,0.0011890606420927466,1.0,8.335939645767212
BlogCatalog,1,1293,1945,0.05,0.5,4,0.3088845740857938,0.0011737089201877935,1.0,8.122841358184814
BlogCatalog,1,1293,1945,0.05,0.5,5,0.31605156459800976,0.001184834123222749,1.0,8.298831701278687
BlogCatalog,1,1293,1945,0.05,0.5,6,0.3151790026106667,0.0011806375442739079,1.0,8.32374119758606
BlogCatalog,1,1293,1945,0.05,0.5,7,0.2517432874580493,0.0,1.0,8.505061626434326
BlogCatalog,1,1293,1945,0.05,0.5,8,0.3139510794096349,0.0011173184357541898,1.0,8.131975173950195
BlogCatalog,1,1293,1945,0.05,0.5,9,0.3112180173902577,0.001221001221001221,1.0,8.329408168792725
BlogCatalog,1,1293,1945,0.05,0.5,10,0.30507946632251287,0.001092896174863388,1.0,8.331353664398193
BlogCatalog,1,1293,1945,0.05,0.5,11,0.2517432874580493,0.0,1.0,8.30507516860962
BlogCatalog,1,1293,1945,0.05,0.5,12,0.2517432874580493,0.0,1.0,8.489250659942627
BlogCatalog,1,1293,1945,0.05,0.5,13,0.30735547032805566,0.0011614401858304297,1.0,8.373464345932007
BlogCatalog,1,1293,1945,0.05,0.5,14,0.31373483286378956,0.001142857142857143,1.0,8.072121858596802
BlogCatalog,1,1293,1945,0.05,0.5,15,0.3191700225780635,0.0012285012285012285,1.0,8.35778260231018
BlogCatalog,1,1293,1945,0.05,0.5,16,0.2517432874580493,0.0,1.0,8.52717900276184
BlogCatalog,1,1293,1945,0.05,0.5,17,0.2517432874580493,0.0,1.0,8.25890588760376
BlogCatalog,1,1293,1945,0.05,0.5,18,0.2517432874580493,0.0,1.0,8.553459644317627
BlogCatalog,1,1293,1945,0.05,0.5,19,0.31324512730887794,0.0011198208286674132,1.0,8.331069231033325
BlogCatalog,1,1293,1945,0.05,0.5,20,0.3120302030881524,0.001141552511415525,1.0,8.360132932662964
BlogCatalog,1,1293,1945,0.05,0.5,21,0.2517432874580493,0.0,1.0,8.286359071731567
BlogCatalog,1,1293,1945,0.05,0.5,22,0.2517432874580493,0.0,1.0,8.517040014266968
BlogCatalog,1,1293,1945,0.05,0.5,23,0.3226067797757676,0.001142857142857143,1.0,8.385828733444214
BlogCatalog,1,1293,1945,0.05,0.5,24,0.2517432874580493,0.0,1.0,8.290269613265991
BlogCatalog,1,1293,1945,0.05,0.5,25,0.31933878292576046,0.0012121212121212121,1.0,8.315855741500854
BlogCatalog,1,1293,1945,0.05,0.5,26,0.2517432874580493,0.0,1.0,8.583802938461304
BlogCatalog,1,1293,1945,0.05,0.5,27,0.2517432874580493,0.0,1.0,8.281099081039429
BlogCatalog,1,1293,1945,0.05,0.5,28,0.2517432874580493,0.0,1.0,8.454486608505249
BlogCatalog,1,1293,1945,0.05,0.5,29,0.3108332680899667,0.00117096018735363,1.0,8.338732242584229
BlogCatalog,1,1293,1945,0.05,0.5,30,0.3038601724727959,0.001098901098901099,1.0,8.3490629196167
BlogCatalog,1,1293,1945,0.05,0.5,31,0.2517432874580493,0.0,1.0,8.355585098266602
BlogCatalog,1,1293,1945,0.05,0.5,32,0.3137214615754919,0.0012077294685990338,1.0,8.308744430541992
BlogCatalog,1,1293,1945,0.05,0.5,33,0.2517432874580493,0.0,1.0,8.570804119110107
BlogCatalog,1,1293,1945,0.05,0.5,34,0.2517432874580493,0.0,1.0,8.233558416366577
BlogCatalog,1,1293,1945,0.05,0.5,35,0.2517432874580493,0.0,1.0,8.471858739852905
BlogCatalog,1,1293,1945,0.05,0.5,36,0.31586116462331293,0.0011173184357541898,1.0,8.300594806671143
BlogCatalog,1,1293,1945,0.05,0.5,37,0.3184808216525492,0.0010775862068965517,1.0,8.320533037185669
BlogCatalog,1,1293,1945,0.05,0.5,38,0.30956017056929724,0.0011098779134295228,1.0,8.12181544303894
BlogCatalog,1,1293,1945,0.05,0.5,39,0.30876937690270645,0.001040582726326743,1.0,8.292634725570679
BlogCatalog,1,1293,1945,0.05,0.5,40,0.2517432874580493,0.0,1.0,8.501743793487549
BlogCatalog,1,1293,1945,0.05,0.5,41,0.30871078729369117,0.0011074197120708748,1.0,8.112350940704346
BlogCatalog,1,1293,1945,0.05,0.5,42,0.2517432874580493,0.0,1.0,8.54425311088562
BlogCatalog,1,1293,1945,0.05,0.5,43,0.2517432874580493,0.0,1.0,8.492842435836792
BlogCatalog,1,1293,1945,0.05,0.5,44,0.2517432874580493,0.0,1.0,8.259072303771973
BlogCatalog,1,1293,1945,0.05,0.5,45,0.2517432874580493,0.0,1.0,8.507956743240356
BlogCatalog,1,1293,1945,0.05,0.5,46,0.2517432874580493,0.0,1.0,8.542745590209961
BlogCatalog,1,1293,1945,0.05,0.5,47,0.2517432874580493,0.0,1.0,8.53369140625
BlogCatalog,1,1293,1945,0.05,0.5,48,0.2517432874580493,0.0,1.0,8.270579099655151
BlogCatalog,1,1293,1945,0.05,0.5,49,0.2517432874580493,0.0,1.0,8.507468938827515
BlogCatalog,1,1293,1945,0.05,0.5,50,0.2517432874580493,0.0,1.0,8.532252788543701
BlogCatalog,1,1293,3889,0.1,0.5,1,0.3113026971786296,0.0012836970474967907,1.0,8.751682043075562
BlogCatalog,1,1293,3889,0.1,0.5,2,0.2517432874580493,0.0,1.0,9.123598337173462
BlogCatalog,1,1293,3889,0.1,0.5,3,0.30418995657662073,0.0011494252873563218,1.0,8.967692375183105
BlogCatalog,1,1293,3889,0.1,0.5,4,0.3095773280073822,0.0011792452830188679,1.0,8.748869180679321
BlogCatalog,1,1293,3889,0.1,0.5,5,0.2517432874580493,0.0,1.0,9.118054628372192
BlogCatalog,1,1293,3889,0.1,0.5,6,0.30159303496095957,0.0012422360248447205,1.0,8.985063791275024
BlogCatalog,1,1293,3889,0.1,0.5,7,0.2517432874580493,0.0,1.0,9.158555746078491
BlogCatalog,1,1293,3889,0.1,0.5,8,0.2517432874580493,0.0,1.0,8.94821548461914
BlogCatalog,1,1293,3889,0.1,0.5,9,0.2973754983508654,0.0011049723756906078,1.0,9.066948175430298
BlogCatalog,1,1293,3889,0.1,0.5,10,0.2517432874580493,0.0,1.0,9.212852239608765
BlogCatalog,1,1293,3889,0.1,0.5,11,0.3026168782193342,0.001256281407035176,1.0,8.755456924438477
BlogCatalog,1,1293,3889,0.1,0.5,12,0.3054448684633029,0.001256281407035176,1.0,8.938417196273804
BlogCatalog,1,1293,3889,0.1,0.5,13,0.3015331681972302,0.0011494252873563218,1.0,8.992794275283813
BlogCatalog,1,1293,3889,0.1,0.5,14,0.2517432874580493,0.0,1.0,9.181528091430664
BlogCatalog,1,1293,3889,0.1,0.5,15,0.3067742291239851,0.0011933174224343676,1.0,8.767734289169312
BlogCatalog,1,1293,3889,0.1,0.5,16,0.30488746577479325,0.0012515644555694619,1.0,9.011663436889648
BlogCatalog,1,1293,3889,0.1,0.5,17,0.3047891677869714,0.001142857142857143,1.0,9.034441471099854
BlogCatalog,1,1293,3889,0.1,0.5,18,0.3052730733029484,0.0012239902080783353,1.0,8.769436597824097
BlogCatalog,1,1293,3889,0.1,0.5,19,0.2517432874580493,0.0,1.0,9.134986877441406
BlogCatalog,1,1293,3889,0.1,0.5,20,0.2978391427725865,0.0011312217194570137,1.0,8.964545249938965
BlogCatalog,1,1293,3889,0.1,0.5,21,0.2517432874580493,0.0,1.0,9.191263675689697
BlogCatalog,1,1293,3889,0.1,0.5,22,0.2517432874580493,0.0,1.0,8.96255087852478
BlogCatalog,1,1293,3889,0.1,0.5,23,0.30546749558627645,0.001176470588235294,1.0,8.970781564712524
BlogCatalog,1,1293,3889,0.1,0.5,24,0.30508469955262174,0.001215066828675577,1.0,9.048243761062622
BlogCatalog,1,1293,3889,0.1,0.5,25,0.3001334166395562,0.0011123470522803114,1.0,8.77680253982544
BlogCatalog,1,1293,3889,0.1,0.5,26,0.3203573058431127,0.0012437810945273632,1.0,8.967139959335327
BlogCatalog,1,1293,3889,0.1,0.5,27,0.2517432874580493,0.0,1.0,9.172438621520996
BlogCatalog,1,1293,3889,0.1,0.5,28,0.3119227647075051,0.001314060446780552,1.0,8.746842622756958
BlogCatalog,1,1293,3889,0.1,0.5,29,0.30937611253783387,0.0012376237623762376,1.0,8.995930433273315
BlogCatalog,1,1293,3889,0.1,0.5,30,0.2517432874580493,0.0,1.0,9.153503894805908
BlogCatalog,1,1293,3889,0.1,0.5,31,0.2517432874580493,0.0,1.0,9.144584655761719
BlogCatalog,1,1293,3889,0.1,0.5,32,0.3142924738268206,0.0012804097311139564,1.0,8.766016244888306
BlogCatalog,1,1293,3889,0.1,0.5,33,0.30357195862975084,0.001176470588235294,1.0,8.952427387237549
BlogCatalog,1,1293,3889,0.1,0.5,34,0.29975545679753507,0.0012106537530266344,1.0,9.030829668045044
BlogCatalog,1,1293,3889,0.1,0.5,35,0.2517432874580493,0.0,1.0,8.974000930786133
BlogCatalog,1,1293,3889,0.1,0.5,36,0.2517432874580493,0.0,1.0,9.16330337524414
BlogCatalog,1,1293,3889,0.1,0.5,37,0.2517432874580493,0.0,1.0,9.176066875457764
BlogCatalog,1,1293,3889,0.1,0.5,38,0.29942799763741723,0.0010615711252653928,1.0,9.02534794807434
BlogCatalog,1,1293,3889,0.1,0.5,39,0.2517432874580493,0.0,1.0,8.959620714187622
BlogCatalog,1,1293,3889,0.1,0.5,40,0.304609535383404,0.0012804097311139564,1.0,8.938326835632324
BlogCatalog,1,1293,3889,0.1,0.5,41,0.2517432874580493,0.0,1.0,9.155248641967773
BlogCatalog,1,1293,3889,0.1,0.5,42,0.3008946802152987,0.0011210762331838565,1.0,9.00079083442688
BlogCatalog,1,1293,3889,0.1,0.5,43,0.3023417899560125,0.0012048192771084338,1.0,8.774785280227661
BlogCatalog,1,1293,3889,0.1,0.5,44,0.2977584391180804,0.0011098779134295228,1.0,9.045363187789917
BlogCatalog,1,1293,3889,0.1,0.5,45,0.2517432874580493,0.0,1.0,9.193100452423096
BlogCatalog,1,1293,3889,0.1,0.5,46,0.2517432874580493,0.0,1.0,8.956613302230835
BlogCatalog,1,1293,3889,0.1,0.5,47,0.3034653920828825,0.0012531328320802004,1.0,8.962337732315063
BlogCatalog,1,1293,3889,0.1,0.5,48,0.2517432874580493,0.0,1.0,9.185235500335693
BlogCatalog,1,1293,3889,0.1,0.5,49,0.31080331395756233,0.0011312217194570137,1.0,8.785338640213013
BlogCatalog,1,1293,3889,0.1,0.5,50,0.3027066465872335,0.0011173184357541898,1.0,9.006031274795532
BlogCatalog,1,1293,5834,0.15,0.5,1,0.3063995912424493,0.001256281407035176,1.0,9.618776559829712
BlogCatalog,1,1293,5834,0.15,0.5,2,0.2517432874580493,0.0,1.0,9.879148483276367
BlogCatalog,1,1293,5834,0.15,0.5,3,0.2517432874580493,0.0,1.0,9.609527349472046
BlogCatalog,1,1293,5834,0.15,0.5,4,0.2517432874580493,0.0,1.0,9.78758978843689
BlogCatalog,1,1293,5834,0.15,0.5,5,0.2517432874580493,0.0,1.0,9.872488021850586
BlogCatalog,1,1293,5834,0.15,0.5,6,0.2517432874580493,0.0,1.0,9.838578462600708
BlogCatalog,1,1293,5834,0.15,0.5,7,0.30375932109945614,0.0012376237623762376,1.0,9.398859739303589
BlogCatalog,1,1293,5834,0.15,0.5,8,0.2517432874580493,0.0,1.0,9.80687952041626
BlogCatalog,1,1293,5834,0.15,0.5,9,0.30116125835386204,0.0011534025374855825,1.0,9.701463460922241
BlogCatalog,1,1293,5834,0.15,0.5,10,0.30258101308298224,0.0011210762331838565,1.0,9.42320990562439
BlogCatalog,1,1293,5834,0.15,0.5,11,0.2517432874580493,0.0,1.0,9.859938621520996
BlogCatalog,1,1293,5834,0.15,0.5,12,0.3090605702135208,0.0010845986984815619,1.0,9.6673002243042
BlogCatalog,1,1293,5834,0.15,0.5,13,0.31850488733023646,0.0011074197120708748,1.0,9.395012140274048
BlogCatalog,1,1293,5834,0.15,0.5,14,0.30105084197091864,0.0011890606420927466,1.0,9.660986423492432
BlogCatalog,1,1293,5834,0.15,0.5,15,0.2517432874580493,0.0,1.0,9.801552295684814
BlogCatalog,1,1293,5834,0.15,0.5,16,0.3120114210866534,0.001215066828675577,1.0,9.66406774520874
BlogCatalog,1,1293,5834,0.15,0.5,17,0.2517432874580493,0.0,1.0,9.618965864181519
BlogCatalog,1,1293,5834,0.15,0.5,18,0.2517432874580493,0.0,1.0,9.798208236694336
BlogCatalog,1,1293,5834,0.15,0.5,19,0.3034119600356671,0.0012706480304955528,1.0,9.619621515274048
BlogCatalog,1,1293,5834,0.15,0.5,20,0.2971335613187898,0.001221001221001221,1.0,9.423022747039795
BlogCatalog,1,1293,5834,0.15,0.5,21,0.2517432874580493,0.0,1.0,9.861167192459106
BlogCatalog,1,1293,5834,0.15,0.5,22,0.29618399895991615,0.001160092807424594,1.0,9.637718439102173
BlogCatalog,1,1293,5834,0.15,0.5,23,0.298016551700697,0.0011363636363636363,1.0,9.653867959976196
BlogCatalog,1,1293,5834,0.15,0.5,24,0.2517432874580493,0.0,1.0,9.608794450759888
BlogCatalog,1,1293,5834,0.15,0.5,25,0.3043115531482066,0.0011668611435239206,1.0,9.645979881286621
BlogCatalog,1,1293,5834,0.15,0.5,26,0.2517432874580493,0.0,1.0,9.826325178146362
BlogCatalog,1,1293,5834,0.15,0.5,27,0.2975431492830253,0.0011402508551881414,1.0,9.686017036437988
BlogCatalog,1,1293,5834,0.15,0.5,28,0.29957670788904456,0.00117096018735363,1.0,9.423616647720337
BlogCatalog,1,1293,5834,0.15,0.5,29,0.30262812525353283,0.001358695652173913,1.0,9.657418727874756
BlogCatalog,1,1293,5834,0.15,0.5,30,0.2517432874580493,0.0,1.0,9.906388998031616
BlogCatalog,1,1293,5834,0.15,0.5,31,0.301788521971537,0.0012315270935960591,1.0,9.411606788635254
BlogCatalog,1,1293,5834,0.15,0.5,32,0.2517432874580493,0.0,1.0,9.82553219795227
BlogCatalog,1,1293,5834,0.15,0.5,33,0.2517432874580493,0.0,1.0,9.968516111373901
BlogCatalog,1,1293,5834,0.15,0.5,34,0.3095103059196523,0.0012626262626262627,1.0,9.529164552688599
BlogCatalog,1,1293,5834,0.15,0.5,35,0.3116137812872856,0.0011235955056179776,1.0,9.681069135665894
BlogCatalog,1,1293,5834,0.15,0.5,36,0.2517432874580493,0.0,1.0,9.827518224716187
BlogCatalog,1,1293,5834,0.15,0.5,37,0.2517432874580493,0.0,1.0,9.843317031860352
BlogCatalog,1,1293,5834,0.15,0.5,38,0.2517432874580493,0.0,1.0,9.59772801399231
BlogCatalog,1,1293,5834,0.15,0.5,39,0.30254456036515415,0.0012578616352201257,1.0,9.672511100769043
BlogCatalog,1,1293,5834,0.15,0.5,40,0.3062563740024446,0.0011904761904761906,1.0,9.595865249633789
BlogCatalog,1,1293,5834,0.15,0.5,41,0.3070773896784072,0.001199040767386091,1.0,9.655299186706543
BlogCatalog,1,1293,5834,0.15,0.5,42,0.2517432874580493,0.0,1.0,9.60982084274292
BlogCatalog,1,1293,5834,0.15,0.5,43,0.3066314700945811,0.0012033694344163659,1.0,9.621904373168945
BlogCatalog,1,1293,5834,0.15,0.5,44,0.2517432874580493,0.0,1.0,9.937694549560547
BlogCatalog,1,1293,5834,0.15,0.5,45,0.30010683684009615,0.0012345679012345679,1.0,9.443135499954224
BlogCatalog,1,1293,5834,0.15,0.5,46,0.3019775274175497,0.001182033096926714,1.0,9.671306371688843
BlogCatalog,1,1293,5834,0.15,0.5,47,0.310373931759891,0.0012594458438287153,1.0,9.649024963378906
BlogCatalog,1,1293,5834,0.15,0.5,48,0.2517432874580493,0.0,1.0,9.810683250427246
BlogCatalog,1,1293,5834,0.15,0.5,49,0.3069469512809515,0.0012658227848101266,1.0,9.427425622940063
BlogCatalog,1,1293,5834,0.15,0.5,50,0.30115005160655284,0.0012106537530266344,1.0,9.616776466369629
BlogCatalog,1,1293,7778,0.2,0.5,1,0.297965645932142,0.001199040767386091,1.0,10.330896377563477
BlogCatalog,1,1293,7778,0.2,0.5,2,0.30607665551810204,0.001272264631043257,1.0,10.320581912994385
BlogCatalog,1,1293,7778,0.2,0.5,3,0.29903703582204993,0.0011792452830188679,1.0,10.060633897781372
BlogCatalog,1,1293,7778,0.2,0.5,4,0.303070236638363,0.0012345679012345679,1.0,10.287105798721313
BlogCatalog,1,1293,7778,0.2,0.5,5,0.2517432874580493,0.0,1.0,10.553190469741821
BlogCatalog,1,1293,7778,0.2,0.5,6,0.29908700047924835,0.001199040767386091,1.0,10.105789422988892
BlogCatalog,1,1293,7778,0.2,0.5,7,0.3001515634476267,0.0011792452830188679,1.0,10.263515949249268
BlogCatalog,1,1293,7778,0.2,0.5,8,0.30573495166008047,0.0012690355329949238,1.0,10.310858964920044
BlogCatalog,1,1293,7778,0.2,0.5,9,0.302274956230276,0.0010718113612004287,1.0,10.402878522872925
BlogCatalog,1,1293,7778,0.2,0.5,10,0.30269604885663937,0.0012091898428053204,1.0,10.061235904693604
BlogCatalog,1,1293,7778,0.2,0.5,11,0.2517432874580493,0.0,1.0,10.446459531784058
BlogCatalog,1,1293,7778,0.2,0.5,12,0.2989451760505388,0.0012254901960784314,1.0,10.298515796661377
BlogCatalog,1,1293,7778,0.2,0.5,13,0.31764452255145187,0.0013623978201634877,1.0,10.061612844467163
BlogCatalog,1,1293,7778,0.2,0.5,14,0.2517432874580493,0.0,1.0,10.481134414672852
BlogCatalog,1,1293,7778,0.2,0.5,15,0.2517432874580493,0.0,1.0,10.441165685653687
BlogCatalog,1,1293,7778,0.2,0.5,16,0.29676043947516273,0.0012077294685990338,1.0,10.29613995552063
BlogCatalog,1,1293,7778,0.2,0.5,17,0.303547586234384,0.0012706480304955528,1.0,10.053731918334961
BlogCatalog,1,1293,7778,0.2,0.5,18,0.2517432874580493,0.0,1.0,10.495858192443848
BlogCatalog,1,1293,7778,0.2,0.5,19,0.2517432874580493,0.0,1.0,10.49970531463623
BlogCatalog,1,1293,7778,0.2,0.5,20,0.2517432874580493,0.0,1.0,10.508159399032593
BlogCatalog,1,1293,7778,0.2,0.5,21,0.30003702554924455,0.0012224938875305623,1.0,10.05313777923584
BlogCatalog,1,1293,7778,0.2,0.5,22,0.30552245700724356,0.0012376237623762376,1.0,10.29897928237915
BlogCatalog,1,1293,7778,0.2,0.5,23,0.2517432874580493,0.0,1.0,10.450603246688843
BlogCatalog,1,1293,7778,0.2,0.5,24,0.2517432874580493,0.0,1.0,10.494611024856567
BlogCatalog,1,1293,7778,0.2,0.5,25,0.2970690553395276,0.0011682242990654205,1.0,10.082435131072998
BlogCatalog,1,1293,7778,0.2,0.5,26,0.30420748752236654,0.0011655011655011655,1.0,10.298812866210938
BlogCatalog,1,1293,7778,0.2,0.5,27,0.30164448368941527,0.0012674271229404308,1.0,10.281063556671143
BlogCatalog,1,1293,7778,0.2,0.5,28,0.3045991687204335,0.0011961722488038277,1.0,10.300893068313599
BlogCatalog,1,1293,7778,0.2,0.5,29,0.3066184355591619,0.0012391573729863693,1.0,10.07254695892334
BlogCatalog,1,1293,7778,0.2,0.5,30,0.2517432874580493,0.0,1.0,10.450922727584839
BlogCatalog,1,1293,7778,0.2,0.5,31,0.31736249813017586,0.0011061946902654867,1.0,10.351623058319092
BlogCatalog,1,1293,7778,0.2,0.5,32,0.2517432874580493,0.0,1.0,10.222033977508545
BlogCatalog,1,1293,7778,0.2,0.5,33,0.2517432874580493,0.0,1.0,10.488839626312256
BlogCatalog,1,1293,7778,0.2,0.5,34,0.2517432874580493,0.0,1.0,10.524736166000366
BlogCatalog,1,1293,7778,0.2,0.5,35,0.2517432874580493,0.0,1.0,10.508439064025879
BlogCatalog,1,1293,7778,0.2,0.5,36,0.31108059648476877,0.001177856301531213,1.0,10.106852531433105
BlogCatalog,1,1293,7778,0.2,0.5,37,0.2517432874580493,0.0,1.0,10.509490013122559
BlogCatalog,1,1293,7778,0.2,0.5,38,0.3048232663533952,0.0012531328320802004,1.0,10.29442310333252
BlogCatalog,1,1293,7778,0.2,0.5,39,0.30321772248052437,0.001199040767386091,1.0,10.283249378204346
BlogCatalog,1,1293,7778,0.2,0.5,40,0.2517432874580493,0.0,1.0,10.267675638198853
BlogCatalog,1,1293,7778,0.2,0.5,41,0.29969870007666427,0.0012062726176115801,1.0,10.338335514068604
BlogCatalog,1,1293,7778,0.2,0.5,42,0.3048739777167351,0.0012224938875305623,1.0,10.261340379714966
BlogCatalog,1,1293,7778,0.2,0.5,43,0.3024711056963626,0.0011248593925759281,1.0,10.340968608856201
BlogCatalog,1,1293,7778,0.2,0.5,44,0.2517432874580493,0.0,1.0,10.243450403213501
BlogCatalog,1,1293,7778,0.2,0.5,45,0.298159574476344,0.0011737089201877935,1.0,10.311907768249512
BlogCatalog,1,1293,7778,0.2,0.5,46,0.2517432874580493,0.0,1.0,10.475264310836792
BlogCatalog,1,1293,7778,0.2,0.5,47,0.2517432874580493,0.0,1.0,10.515026330947876
BlogCatalog,1,1293,7778,0.2,0.5,48,0.2517432874580493,0.0,1.0,10.258789300918579
BlogCatalog,1,1293,7778,0.2,0.5,49,0.3015932555461308,0.0012674271229404308,1.0,10.264632225036621
BlogCatalog,1,1293,7778,0.2,0.5,50,0.2517432874580493,0.0,1.0,10.483614444732666
BlogCatalog,1,1293,9723,0.25,0.5,1,0.2517432874580493,0.0,1.0,10.887512445449829
BlogCatalog,1,1293,9723,0.25,0.5,2,0.2517432874580493,0.0,1.0,11.16260051727295
BlogCatalog,1,1293,9723,0.25,0.5,3,0.2517432874580493,0.0,1.0,11.122761011123657
BlogCatalog,1,1293,9723,0.25,0.5,4,0.2517432874580493,0.0,1.0,11.15312910079956
BlogCatalog,1,1293,9723,0.25,0.5,5,0.3014431576836647,0.0012594458438287153,1.0,10.693896293640137
BlogCatalog,1,1293,9723,0.25,0.5,6,0.2517432874580493,0.0,1.0,11.16454792022705
BlogCatalog,1,1293,9723,0.25,0.5,7,0.2517432874580493,0.0,1.0,11.126415967941284
BlogCatalog,1,1293,9723,0.25,0.5,8,0.2517432874580493,0.0,1.0,11.175851821899414
BlogCatalog,1,1293,9723,0.25,0.5,9,0.2517432874580493,0.0,1.0,10.949768781661987
BlogCatalog,1,1293,9723,0.25,0.5,10,0.2517432874580493,0.0,1.0,11.131713151931763
BlogCatalog,1,1293,9723,0.25,0.5,11,0.3023651421562616,0.0011123470522803114,1.0,10.931596755981445
BlogCatalog,1,1293,9723,0.25,0.5,12,0.2517432874580493,0.0,1.0,11.099099397659302
BlogCatalog,1,1293,9723,0.25,0.5,13,0.2517432874580493,0.0,1.0,10.93167757987976
BlogCatalog,1,1293,9723,0.25,0.5,14,0.3039943816499389,0.0012422360248447205,1.0,10.959997177124023
BlogCatalog,1,1293,9723,0.25,0.5,15,0.2517432874580493,0.0,1.0,11.132963418960571
BlogCatalog,1,1293,9723,0.25,0.5,16,0.2517432874580493,0.0,1.0,11.143052339553833
BlogCatalog,1,1293,9723,0.25,0.5,17,0.3012709273778782,0.0012642225031605564,1.0,10.712155103683472
BlogCatalog,1,1293,9723,0.25,0.5,18,0.309430452946541,0.0012787723785166241,1.0,10.895049810409546
BlogCatalog,1,1293,9723,0.25,0.5,19,0.295742235958334,0.0011750881316098707,1.0,10.915675401687622
BlogCatalog,1,1293,9723,0.25,0.5,20,0.2517432874580493,0.0,1.0,11.167685270309448
BlogCatalog,1,1293,9723,0.25,0.5,21,0.31642414889861614,0.0011337868480725624,1.0,10.728232622146606
BlogCatalog,1,1293,9723,0.25,0.5,22,0.2517432874580493,0.0,1.0,11.062188148498535
BlogCatalog,1,1293,9723,0.25,0.5,23,0.306001313516359,0.0011655011655011655,1.0,11.032370567321777
BlogCatalog,1,1293,9723,0.25,0.5,24,0.2517432874580493,0.0,1.0,11.15551209449768
BlogCatalog,1,1293,9723,0.25,0.5,25,0.3062879301320415,0.0012285012285012285,1.0,10.712807893753052
BlogCatalog,1,1293,9723,0.25,0.5,26,0.2517432874580493,0.0,1.0,11.095024108886719
BlogCatalog,1,1293,9723,0.25,0.5,27,0.2517432874580493,0.0,1.0,11.180699825286865
BlogCatalog,1,1293,9723,0.25,0.5,28,0.30836301183445014,0.001447178002894356,1.0,10.728444814682007
BlogCatalog,1,1293,9723,0.25,0.5,29,0.2517432874580493,0.0,1.0,11.139995098114014
BlogCatalog,1,1293,9723,0.25,0.5,30,0.3067066938475218,0.001221001221001221,1.0,10.98229193687439
BlogCatalog,1,1293,9723,0.25,0.5,31,0.2517432874580493,0.0,1.0,11.207424640655518
BlogCatalog,1,1293,9723,0.25,0.5,32,0.3028226443430987,0.0012048192771084338,1.0,10.738353490829468
BlogCatalog,1,1293,9723,0.25,0.5,33,0.2517432874580493,0.0,1.0,11.109304189682007
BlogCatalog,1,1293,9723,0.25,0.5,34,0.2517432874580493,0.0,1.0,11.163400173187256
BlogCatalog,1,1293,9723,0.25,0.5,35,0.2517432874580493,0.0,1.0,11.151336908340454
BlogCatalog,1,1293,9723,0.25,0.5,36,0.3013795139824876,0.0012376237623762376,1.0,10.745991945266724
BlogCatalog,1,1293,9723,0.25,0.5,37,0.30566131464833024,0.001182033096926714,1.0,10.940767288208008
BlogCatalog,1,1293,9723,0.25,0.5,38,0.29709139509321625,0.0011862396204033216,1.0,10.945478439331055
BlogCatalog,1,1293,9723,0.25,0.5,39,0.301345805547168,0.0012437810945273632,1.0,10.716411590576172
BlogCatalog,1,1293,9723,0.25,0.5,40,0.29870224097920783,0.0012970168612191958,1.0,10.986477136611938
BlogCatalog,1,1293,9723,0.25,0.5,41,0.2517432874580493,0.0,1.0,11.103857278823853
BlogCatalog,1,1293,9723,0.25,0.5,42,0.2517432874580493,0.0,1.0,11.19457221031189
BlogCatalog,1,1293,9723,0.25,0.5,43,0.2517432874580493,0.0,1.0,10.900721549987793
BlogCatalog,1,1293,9723,0.25,0.5,44,0.3001455722493395,0.001218026796589525,1.0,10.942225694656372
BlogCatalog,1,1293,9723,0.25,0.5,45,0.2517432874580493,0.0,1.0,11.153064727783203
BlogCatalog,1,1293,9723,0.25,0.5,46,0.2966484999353954,0.0011363636363636363,1.0,11.045875310897827
BlogCatalog,1,1293,9723,0.25,0.5,47,0.2517432874580493,0.0,1.0,10.936697244644165
BlogCatalog,1,1293,9723,0.25,0.5,48,0.2517432874580493,0.0,1.0,11.119118452072144
BlogCatalog,1,1293,9723,0.25,0.5,49,0.2517432874580493,0.0,1.0,11.166276693344116
BlogCatalog,1,1293,9723,0.25,0.5,50,0.2517432874580493,0.0,1.0,11.12361764907837
BlogCatalog,1,1293,11668,0.3,0.5,1,0.3035861248495327,0.00125,1.0,11.418415784835815
BlogCatalog,1,1293,11668,0.3,0.5,2,0.302992055040855,0.001201923076923077,1.0,11.574573993682861
BlogCatalog,1,1293,11668,0.3,0.5,3,0.2517432874580493,0.0,1.0,11.807601690292358
BlogCatalog,1,1293,11668,0.3,0.5,4,0.30480817607249905,0.0012594458438287153,1.0,11.620797157287598
BlogCatalog,1,1293,11668,0.3,0.5,5,0.2517432874580493,0.0,1.0,11.589731931686401
BlogCatalog,1,1293,11668,0.3,0.5,6,0.2517432874580493,0.0,1.0,11.74808931350708
BlogCatalog,1,1293,11668,0.3,0.5,7,0.30382235423708903,0.0011876484560570072,1.0,11.606837034225464
BlogCatalog,1,1293,11668,0.3,0.5,8,0.2517432874580493,0.0,1.0,11.828981161117554
BlogCatalog,1,1293,11668,0.3,0.5,9,0.2517432874580493,0.0,1.0,11.581794738769531
BlogCatalog,1,1293,11668,0.3,0.5,10,0.3093391097706386,0.0012787723785166241,1.0,11.569723129272461
BlogCatalog,1,1293,11668,0.3,0.5,11,0.30562052924282507,0.0011695906432748538,1.0,11.657594203948975
BlogCatalog,1,1293,11668,0.3,0.5,12,0.2517432874580493,0.0,1.0,11.77873945236206
BlogCatalog,1,1293,11668,0.3,0.5,13,0.2517432874580493,0.0,1.0,11.582748174667358
BlogCatalog,1,1293,11668,0.3,0.5,14,0.2517432874580493,0.0,1.0,11.770575523376465
BlogCatalog,1,1293,11668,0.3,0.5,15,0.2517432874580493,0.0,1.0,11.833032131195068
BlogCatalog,1,1293,11668,0.3,0.5,16,0.2517432874580493,0.0,1.0,11.617345809936523
BlogCatalog,1,1293,11668,0.3,0.5,17,0.2517432874580493,0.0,1.0,11.80675196647644
BlogCatalog,1,1293,11668,0.3,0.5,18,0.30001553666113334,0.0012755102040816326,1.0,11.577579021453857
BlogCatalog,1,1293,11668,0.3,0.5,19,0.2517432874580493,0.0,1.0,11.815688371658325
BlogCatalog,1,1293,11668,0.3,0.5,20,0.30833313854128086,0.0012224938875305623,1.0,11.353760242462158
BlogCatalog,1,1293,11668,0.3,0.5,21,0.3089518305077377,0.0013736263736263737,1.0,11.624778747558594
BlogCatalog,1,1293,11668,0.3,0.5,22,0.30143699180637445,0.0011876484560570072,1.0,11.624971389770508
BlogCatalog,1,1293,11668,0.3,0.5,23,0.2517432874580493,0.0,1.0,11.786453008651733
BlogCatalog,1,1293,11668,0.3,0.5,24,0.2517432874580493,0.0,1.0,11.575135469436646
BlogCatalog,1,1293,11668,0.3,0.5,25,0.30621700334572954,0.0012360939431396785,1.0,11.548437595367432
BlogCatalog,1,1293,11668,0.3,0.5,26,0.30591733260569876,0.0012195121951219512,1.0,11.577702760696411
BlogCatalog,1,1293,11668,0.3,0.5,27,0.310334300070494,0.0011547344110854503,1.0,11.669877529144287
BlogCatalog,1,1293,11668,0.3,0.5,28,0.3057521950097471,0.0012422360248447205,1.0,11.367769241333008
BlogCatalog,1,1293,11668,0.3,0.5,29,0.30425157857608187,0.0011806375442739079,1.0,11.582191467285156
BlogCatalog,1,1293,11668,0.3,0.5,30,0.29987688517052064,0.0011574074074074073,1.0,11.61956524848938
BlogCatalog,1,1293,11668,0.3,0.5,31,0.2517432874580493,0.0,1.0,11.813892126083374
BlogCatalog,1,1293,11668,0.3,0.5,32,0.2517432874580493,0.0,1.0,11.515737771987915
BlogCatalog,1,1293,11668,0.3,0.5,33,0.2517432874580493,0.0,1.0,11.775025367736816
BlogCatalog,1,1293,11668,0.3,0.5,34,0.2517432874580493,0.0,1.0,11.864360094070435
BlogCatalog,1,1293,11668,0.3,0.5,35,0.2517432874580493,0.0,1.0,11.798226594924927
BlogCatalog,1,1293,11668,0.3,0.5,36,0.30624644231136117,0.0011185682326621924,1.0,11.40678334236145
BlogCatalog,1,1293,11668,0.3,0.5,37,0.30447170677842966,0.001287001287001287,1.0,11.573750495910645
BlogCatalog,1,1293,11668,0.3,0.5,38,0.309255551289641,0.0012437810945273632,1.0,11.658031225204468
BlogCatalog,1,1293,11668,0.3,0.5,39,0.30062636942527043,0.0012165450121654502,1.0,11.411576986312866
BlogCatalog,1,1293,11668,0.3,0.5,40,0.30063955504078743,0.0012515644555694619,1.0,11.57766342163086
BlogCatalog,1,1293,11668,0.3,0.5,41,0.3066693470194385,0.0012091898428053204,1.0,11.640866041183472
BlogCatalog,1,1293,11668,0.3,0.5,42,0.30890896808863044,0.0011273957158962795,1.0,11.341606616973877
BlogCatalog,1,1293,11668,0.3,0.5,43,0.2517432874580493,0.0,1.0,11.820911169052124
BlogCatalog,1,1293,11668,0.3,0.5,44,0.3018227322889448,0.0012285012285012285,1.0,11.622788429260254
BlogCatalog,1,1293,11668,0.3,0.5,45,0.30389299433081285,0.001287001287001287,1.0,11.582890510559082
BlogCatalog,1,1293,11668,0.3,0.5,46,0.3103369294321503,0.0011737089201877935,1.0,11.432054996490479
BlogCatalog,1,1293,11668,0.3,0.5,47,0.2517432874580493,0.0,1.0,11.845449209213257
BlogCatalog,1,1293,11668,0.3,0.5,48,0.3030946373613413,0.0011376564277588168,1.0,11.59233570098877
BlogCatalog,1,1293,11668,0.3,0.5,49,0.2517432874580493,0.0,1.0,11.776878356933594
BlogCatalog,1,1293,11668,0.3,0.5,50,0.2517432874580493,0.0,1.0,11.58392596244812
BlogCatalog,1,1293,13612,0.35,0.5,1,0.30946863071848685,0.0010615711252653928,1.0,12.262479543685913
BlogCatalog,1,1293,13612,0.35,0.5,2,0.2517432874580493,0.0,1.0,12.474718570709229
BlogCatalog,1,1293,13612,0.35,0.5,3,0.2517432874580493,0.0,1.0,12.413908243179321
BlogCatalog,1,1293,13612,0.35,0.5,4,0.2985097495723622,0.0011389521640091116,1.0,12.310718536376953
BlogCatalog,1,1293,13612,0.35,0.5,5,0.2517432874580493,0.0,1.0,12.237053632736206
BlogCatalog,1,1293,13612,0.35,0.5,6,0.2517432874580493,0.0,1.0,12.425670146942139
BlogCatalog,1,1293,13612,0.35,0.5,7,0.2517432874580493,0.0,1.0,12.445589065551758
BlogCatalog,1,1293,13612,0.35,0.5,8,0.30447012179281874,0.001288659793814433,1.0,12.023719549179077
BlogCatalog,1,1293,13612,0.35,0.5,9,0.3008889307801621,0.001226993865030675,1.0,12.354908227920532
BlogCatalog,1,1293,13612,0.35,0.5,10,0.2517432874580493,0.0,1.0,12.420449018478394
BlogCatalog,1,1293,13612,0.35,0.5,11,0.2517432874580493,0.0,1.0,12.472971439361572
BlogCatalog,1,1293,13612,0.35,0.5,12,0.2517432874580493,0.0,1.0,12.471213579177856
BlogCatalog,1,1293,13612,0.35,0.5,13,0.2517432874580493,0.0,1.0,12.216866493225098
BlogCatalog,1,1293,13612,0.35,0.5,14,0.30648624665128044,0.0013458950201884253,1.0,12.272781372070312
BlogCatalog,1,1293,13612,0.35,0.5,15,0.2517432874580493,0.0,1.0,12.514284610748291
BlogCatalog,1,1293,13612,0.35,0.5,16,0.3069957195243626,0.0012330456226880395,1.0,12.04370927810669
BlogCatalog,1,1293,13612,0.35,0.5,17,0.2517432874580493,0.0,1.0,12.36941123008728
BlogCatalog,1,1293,13612,0.35,0.5,18,0.2517432874580493,0.0,1.0,12.437069654464722
BlogCatalog,1,1293,13612,0.35,0.5,19,0.2987499531706041,0.0011049723756906078,1.0,12.298561811447144
BlogCatalog,1,1293,13612,0.35,0.5,20,0.30201218360392634,0.0011001100110011,1.0,12.069511651992798
BlogCatalog,1,1293,13612,0.35,0.5,21,0.2517432874580493,0.0,1.0,12.472423791885376
BlogCatalog,1,1293,13612,0.35,0.5,22,0.2994408021454404,0.0011614401858304297,1.0,12.253206729888916
BlogCatalog,1,1293,13612,0.35,0.5,23,0.2517432874580493,0.0,1.0,12.492917776107788
BlogCatalog,1,1293,13612,0.35,0.5,24,0.30222908723751357,0.0012987012987012987,1.0,12.051366567611694
BlogCatalog,1,1293,13612,0.35,0.5,25,0.30151971211035467,0.001160092807424594,1.0,12.265901565551758
BlogCatalog,1,1293,13612,0.35,0.5,26,0.2517432874580493,0.0,1.0,12.486871719360352
BlogCatalog,1,1293,13612,0.35,0.5,27,0.2517432874580493,0.0,1.0,12.444308757781982
BlogCatalog,1,1293,13612,0.35,0.5,28,0.2517432874580493,0.0,1.0,12.185031175613403
BlogCatalog,1,1293,13612,0.35,0.5,29,0.2997822426307148,0.0011737089201877935,1.0,12.268492221832275
BlogCatalog,1,1293,13612,0.35,0.5,30,0.2517432874580493,0.0,1.0,12.473897933959961
BlogCatalog,1,1293,13612,0.35,0.5,31,0.3020905070556272,0.0011587485515643105,1.0,12.313948392868042
BlogCatalog,1,1293,13612,0.35,0.5,32,0.30345283303067244,0.001177856301531213,1.0,12.124282598495483
BlogCatalog,1,1293,13612,0.35,0.5,33,0.2985302806442005,0.0011534025374855825,1.0,12.271236181259155
BlogCatalog,1,1293,13612,0.35,0.5,34,0.30154049207336975,0.0012626262626262627,1.0,12.323208570480347
BlogCatalog,1,1293,13612,0.35,0.5,35,0.30537141115685873,0.001218026796589525,1.0,12.048723459243774
BlogCatalog,1,1293,13612,0.35,0.5,36,0.2517432874580493,0.0,1.0,12.421444416046143
BlogCatalog,1,1293,13612,0.35,0.5,37,0.2517432874580493,0.0,1.0,12.425216674804688
BlogCatalog,1,1293,13612,0.35,0.5,38,0.32346147351304944,0.0010718113612004287,1.0,12.28799843788147
BlogCatalog,1,1293,13612,0.35,0.5,39,0.3042754544422869,0.0012690355329949238,1.0,12.044714450836182
BlogCatalog,1,1293,13612,0.35,0.5,40,0.31248704497144625,0.0013297872340425532,1.0,12.254435300827026
BlogCatalog,1,1293,13612,0.35,0.5,41,0.2517432874580493,0.0,1.0,12.433066606521606
BlogCatalog,1,1293,13612,0.35,0.5,42,0.2517432874580493,0.0,1.0,12.447797775268555
BlogCatalog,1,1293,13612,0.35,0.5,43,0.30131252139522124,0.0012033694344163659,1.0,12.071847200393677
BlogCatalog,1,1293,13612,0.35,0.5,44,0.2517432874580493,0.0,1.0,12.413347005844116
BlogCatalog,1,1293,13612,0.35,0.5,45,0.2517432874580493,0.0,1.0,12.424334526062012
BlogCatalog,1,1293,13612,0.35,0.5,46,0.3098707380307987,0.0012836970474967907,1.0,12.31668758392334
BlogCatalog,1,1293,13612,0.35,0.5,47,0.31829122851314606,0.001128668171557562,1.0,12.05138111114502
BlogCatalog,1,1293,13612,0.35,0.5,48,0.30586118086060765,0.0011534025374855825,1.0,12.208786249160767
BlogCatalog,1,1293,13612,0.35,0.5,49,0.3036950951749446,0.0012453300124533001,1.0,12.2236967086792
BlogCatalog,1,1293,13612,0.35,0.5,50,0.3082229886393449,0.001092896174863388,1.0,12.28544306755066
BlogCatalog,1,1293,15557,0.4,0.5,1,0.3016293166706977,0.001176470588235294,1.0,12.719095706939697
BlogCatalog,1,1293,15557,0.4,0.5,2,0.3092877770979405,0.0011534025374855825,1.0,12.876489639282227
BlogCatalog,1,1293,15557,0.4,0.5,3,0.2517432874580493,0.0,1.0,13.1347815990448
BlogCatalog,1,1293,15557,0.4,0.5,4,0.3054965182217313,0.0012578616352201257,1.0,12.971455812454224
BlogCatalog,1,1293,15557,0.4,0.5,5,0.2517432874580493,0.0,1.0,12.905350685119629
BlogCatalog,1,1293,15557,0.4,0.5,6,0.29832354379289644,0.0011350737797956867,1.0,12.96049451828003
BlogCatalog,1,1293,15557,0.4,0.5,7,0.2517432874580493,0.0,1.0,13.176052570343018
BlogCatalog,1,1293,15557,0.4,0.5,8,0.2517432874580493,0.0,1.0,13.058410167694092
BlogCatalog,1,1293,15557,0.4,0.5,9,0.2517432874580493,0.0,1.0,12.867857694625854
BlogCatalog,1,1293,15557,0.4,0.5,10,0.2517432874580493,0.0,1.0,13.101049900054932
BlogCatalog,1,1293,15557,0.4,0.5,11,0.29913234696984137,0.0012077294685990338,1.0,12.935128688812256
BlogCatalog,1,1293,15557,0.4,0.5,12,0.3027488601364124,0.001183431952662722,1.0,12.686049699783325
BlogCatalog,1,1293,15557,0.4,0.5,13,0.3009207200452514,0.0012437810945273632,1.0,12.942805290222168
BlogCatalog,1,1293,15557,0.4,0.5,14,0.3069695639882008,0.0012391573729863693,1.0,12.917413473129272
BlogCatalog,1,1293,15557,0.4,0.5,15,0.30349169106934154,0.0012836970474967907,1.0,12.908868074417114
BlogCatalog,1,1293,15557,0.4,0.5,16,0.3001932931091407,0.0012224938875305623,1.0,12.688057661056519
BlogCatalog,1,1293,15557,0.4,0.5,17,0.2517432874580493,0.0,1.0,13.14663553237915
BlogCatalog,1,1293,15557,0.4,0.5,18,0.304345055078296,0.0012330456226880395,1.0,12.893214702606201
BlogCatalog,1,1293,15557,0.4,0.5,19,0.2517432874580493,0.0,1.0,13.077546834945679
BlogCatalog,1,1293,15557,0.4,0.5,20,0.2517432874580493,0.0,1.0,13.116887331008911
BlogCatalog,1,1293,15557,0.4,0.5,21,0.30482332450716604,0.0011806375442739079,1.0,12.695322036743164
BlogCatalog,1,1293,15557,0.4,0.5,22,0.2517432874580493,0.0,1.0,13.091201066970825
BlogCatalog,1,1293,15557,0.4,0.5,23,0.30386076662727307,0.0012610340479192938,1.0,12.94109559059143
BlogCatalog,1,1293,15557,0.4,0.5,24,0.30943775723287886,0.0013003901170351106,1.0,12.757057428359985
BlogCatalog,1,1293,15557,0.4,0.5,25,0.2517432874580493,0.0,1.0,13.123466730117798
BlogCatalog,1,1293,15557,0.4,0.5,26,0.3049720392566332,0.001303780964797914,1.0,12.964351654052734
BlogCatalog,1,1293,15557,0.4,0.5,27,0.30497732063301647,0.001183431952662722,1.0,12.932634592056274
BlogCatalog,1,1293,15557,0.4,0.5,28,0.2517432874580493,0.0,1.0,12.873769044876099
BlogCatalog,1,1293,15557,0.4,0.5,29,0.2517432874580493,0.0,1.0,13.06842303276062
BlogCatalog,1,1293,15557,0.4,0.5,30,0.3185030342423493,0.0013054830287206266,1.0,12.938454866409302
BlogCatalog,1,1293,15557,0.4,0.5,31,0.2517432874580493,0.0,1.0,13.113592386245728
BlogCatalog,1,1293,15557,0.4,0.5,32,0.30451495731126377,0.001226993865030675,1.0,12.69155502319336
BlogCatalog,1,1293,15557,0.4,0.5,33,0.3036490321981739,0.0012468827930174563,1.0,12.957293033599854
BlogCatalog,1,1293,15557,0.4,0.5,34,0.3008456726017621,0.0012987012987012987,1.0,13.04164981842041
BlogCatalog,1,1293,15557,0.4,0.5,35,0.29969709972158654,0.0012903225806451613,1.0,12.698229312896729
BlogCatalog,1,1293,15557,0.4,0.5,36,0.2517432874580493,0.0,1.0,13.080408334732056
BlogCatalog,1,1293,15557,0.4,0.5,37,0.30385526011864306,0.0011325028312570782,1.0,12.920076608657837
BlogCatalog,1,1293,15557,0.4,0.5,38,0.31288329328600745,0.0013245033112582781,1.0,12.971144199371338
BlogCatalog,1,1293,15557,0.4,0.5,39,0.30688269448801736,0.0011235955056179776,1.0,12.689635753631592
BlogCatalog,1,1293,15557,0.4,0.5,40,0.2517432874580493,0.0,1.0,13.15615725517273
BlogCatalog,1,1293,15557,0.4,0.5,41,0.31784974528804105,0.0012578616352201257,1.0,13.000115394592285
BlogCatalog,1,1293,15557,0.4,0.5,42,0.29776586079098966,0.0013089005235602095,1.0,12.70810341835022
BlogCatalog,1,1293,15557,0.4,0.5,43,0.305326895455623,0.0012033694344163659,1.0,12.872147798538208
BlogCatalog,1,1293,15557,0.4,0.5,44,0.3028650903860742,0.0012135922330097086,1.0,12.915661334991455
BlogCatalog,1,1293,15557,0.4,0.5,45,0.3008373821173546,0.0011641443538998836,1.0,12.92602252960205
BlogCatalog,1,1293,15557,0.4,0.5,46,0.2989990525308686,0.001145475372279496,1.0,12.698542594909668
BlogCatalog,1,1293,15557,0.4,0.5,47,0.2517432874580493,0.0,1.0,13.091439485549927
BlogCatalog,1,1293,15557,0.4,0.5,48,0.2517432874580493,0.0,1.0,13.106721639633179
BlogCatalog,1,1293,15557,0.4,0.5,49,0.2517432874580493,0.0,1.0,13.119215726852417
BlogCatalog,1,1293,15557,0.4,0.5,50,0.30651322269063247,0.0014245014245014246,1.0,12.934266567230225
BlogCatalog,1,1293,17501,0.45,0.5,1,0.2517432874580493,0.0,1.0,13.54064154624939
BlogCatalog,1,1293,17501,0.45,0.5,2,0.3101787710404152,0.0012987012987012987,1.0,13.600846529006958
BlogCatalog,1,1293,17501,0.45,0.5,3,0.3108221732137765,0.0012285012285012285,1.0,13.632278203964233
BlogCatalog,1,1293,17501,0.45,0.5,4,0.2517432874580493,0.0,1.0,13.584594488143921
BlogCatalog,1,1293,17501,0.45,0.5,5,0.30621898386906876,0.0012406947890818859,1.0,13.518715143203735
BlogCatalog,1,1293,17501,0.45,0.5,6,0.2517432874580493,0.0,1.0,13.733528852462769
BlogCatalog,1,1293,17501,0.45,0.5,7,0.2517432874580493,0.0,1.0,13.700717449188232
BlogCatalog,1,1293,17501,0.45,0.5,8,0.3077746837812217,0.0013531799729364006,1.0,13.60206937789917
BlogCatalog,1,1293,17501,0.45,0.5,9,0.3084062090344289,0.0011013215859030838,1.0,13.358857870101929
BlogCatalog,1,1293,17501,0.45,0.5,10,0.31358735229044454,0.0012135922330097086,1.0,13.567691802978516
BlogCatalog,1,1293,17501,0.45,0.5,11,0.2517432874580493,0.0,1.0,13.782564878463745
BlogCatalog,1,1293,17501,0.45,0.5,12,0.30589518976272895,0.0011723329425556857,1.0,13.345263719558716
BlogCatalog,1,1293,17501,0.45,0.5,13,0.3014159146984834,0.0012804097311139564,1.0,13.564829587936401
BlogCatalog,1,1293,17501,0.45,0.5,14,0.30946581929928707,0.0012853470437017994,1.0,13.550984144210815
BlogCatalog,1,1293,17501,0.45,0.5,15,0.3083152332463476,0.001282051282051282,1.0,13.63910961151123
BlogCatalog,1,1293,17501,0.45,0.5,16,0.2517432874580493,0.0,1.0,13.78705382347107
BlogCatalog,1,1293,17501,0.45,0.5,17,0.30651610312221567,0.0012048192771084338,1.0,13.339568376541138
BlogCatalog,1,1293,17501,0.45,0.5,18,0.30056775750471554,0.001152073732718894,1.0,13.601457834243774
BlogCatalog,1,1293,17501,0.45,0.5,19,0.308341571074075,0.0012626262626262627,1.0,13.644736289978027
BlogCatalog,1,1293,17501,0.45,0.5,20,0.2517432874580493,0.0,1.0,13.557886123657227
BlogCatalog,1,1293,17501,0.45,0.5,21,0.30473965601859465,0.0012330456226880395,1.0,13.530105113983154
BlogCatalog,1,1293,17501,0.45,0.5,22,0.30307764286530436,0.001277139208173691,1.0,13.56046199798584
BlogCatalog,1,1293,17501,0.45,0.5,23,0.3127846473908935,0.0011587485515643105,1.0,13.562989711761475
BlogCatalog,1,1293,17501,0.45,0.5,24,0.31174470505329605,0.0011534025374855825,1.0,13.36818242073059
BlogCatalog,1,1293,17501,0.45,0.5,25,0.2517432874580493,0.0,1.0,13.709707021713257
BlogCatalog,1,1293,17501,0.45,0.5,26,0.3037762160107318,0.0011494252873563218,1.0,13.568020820617676
BlogCatalog,1,1293,17501,0.45,0.5,27,0.2517432874580493,0.0,1.0,13.758742570877075
BlogCatalog,1,1293,17501,0.45,0.5,28,0.29997623011065494,0.0012360939431396785,1.0,13.420940160751343
BlogCatalog,1,1293,17501,0.45,0.5,29,0.2517432874580493,0.0,1.0,13.708557844161987
BlogCatalog,1,1293,17501,0.45,0.5,30,0.31131188192325915,0.0012195121951219512,1.0,13.557781457901001
BlogCatalog,1,1293,17501,0.45,0.5,31,0.32891300844891475,0.000835421888053467,0.9994875736612862,13.633493900299072
BlogCatalog,1,1293,17501,0.45,0.5,32,0.2517432874580493,0.0,1.0,13.570002794265747
BlogCatalog,1,1293,17501,0.45,0.5,33,0.2517432874580493,0.0,1.0,13.691309452056885
BlogCatalog,1,1293,17501,0.45,0.5,34,0.31092392596164103,0.0011389521640091116,1.0,13.550272226333618
BlogCatalog,1,1293,17501,0.45,0.5,35,0.31409535134794647,0.0012091898428053204,1.0,13.573810338973999
BlogCatalog,1,1293,17501,0.45,0.5,36,0.3019387618016076,0.0011627906976744186,1.0,13.626073598861694
BlogCatalog,1,1293,17501,0.45,0.5,37,0.30586142144956396,0.0012547051442910915,1.0,13.352190971374512
BlogCatalog,1,1293,17501,0.45,0.5,38,0.3029958619085827,0.0011560693641618498,1.0,13.542459964752197
BlogCatalog,1,1293,17501,0.45,0.5,39,0.2517432874580493,0.0,1.0,13.7700035572052
BlogCatalog,1,1293,17501,0.45,0.5,40,0.2517432874580493,0.0,1.0,13.776398658752441
BlogCatalog,1,1293,17501,0.45,0.5,41,0.3034930212881839,0.0012004801920768306,1.0,13.293360948562622
BlogCatalog,1,1293,17501,0.45,0.5,42,0.30276142819511276,0.001176470588235294,1.0,13.517552614212036
BlogCatalog,1,1293,17501,0.45,0.5,43,0.30406311916204576,0.0012903225806451613,1.0,13.61802864074707
BlogCatalog,1,1293,17501,0.45,0.5,44,0.3030892336930641,0.0011173184357541898,1.0,13.606117486953735
BlogCatalog,1,1293,17501,0.45,0.5,45,0.3149508307396892,0.0014347202295552368,1.0,13.320171594619751
BlogCatalog,1,1293,17501,0.45,0.5,46,0.29883337020513634,0.0011792452830188679,1.0,13.56839394569397
BlogCatalog,1,1293,17501,0.45,0.5,47,0.2517432874580493,0.0,1.0,13.781219244003296
BlogCatalog,1,1293,17501,0.45,0.5,48,0.32064593459945484,0.0013422818791946308,1.0,13.624150037765503
BlogCatalog,1,1293,17501,0.45,0.5,49,0.320620507043576,0.001336898395721925,1.0,13.386950254440308
BlogCatalog,1,1293,17501,0.45,0.5,50,0.316585758908217,0.0013020833333333333,1.0,13.56202220916748
BlogCatalog,1,1293,19446,0.5,0.5,1,0.31240973008347256,0.0013003901170351106,1.0,14.248454570770264
BlogCatalog,1,1293,19446,0.5,0.5,2,0.30469598493156114,0.0011961722488038277,1.0,14.232266902923584
BlogCatalog,1,1293,19446,0.5,0.5,3,0.2517432874580493,0.0,1.0,14.18250322341919
BlogCatalog,1,1293,19446,0.5,0.5,4,0.2517432874580493,0.0,1.0,14.409096956253052
BlogCatalog,1,1293,19446,0.5,0.5,5,0.3128189247081599,0.001075268817204301,1.0,14.25972843170166
BlogCatalog,1,1293,19446,0.5,0.5,6,0.2517432874580493,0.0,1.0,14.460151672363281
BlogCatalog,1,1293,19446,0.5,0.5,7,0.30438251742791433,0.0011862396204033216,1.0,13.997833490371704
BlogCatalog,1,1293,19446,0.5,0.5,8,0.3032389098630253,0.001218026796589525,1.0,14.203784465789795
BlogCatalog,1,1293,19446,0.5,0.5,9,0.2517432874580493,0.0,1.0,14.519168615341187
BlogCatalog,1,1293,19446,0.5,0.5,10,0.3128127173983458,0.0014577259475218659,1.0,14.221291065216064
BlogCatalog,1,1293,19446,0.5,0.5,11,0.2517432874580493,0.0,1.0,14.182385683059692
BlogCatalog,1,1293,19446,0.5,0.5,12,0.2517432874580493,0.0,1.0,14.37928318977356
BlogCatalog,1,1293,19446,0.5,0.5,13,0.2517432874580493,0.0,1.0,14.490642309188843
BlogCatalog,1,1293,19446,0.5,0.5,14,0.2517432874580493,0.0,1.0,14.413566827774048
BlogCatalog,1,1293,19446,0.5,0.5,15,0.30575135314598967,0.0012345679012345679,1.0,14.017568349838257
BlogCatalog,1,1293,19446,0.5,0.5,16,0.2517432874580493,0.0,1.0,14.360487461090088
BlogCatalog,1,1293,19446,0.5,0.5,17,0.3056672851923106,0.001272264631043257,1.0,14.296546936035156
BlogCatalog,1,1293,19446,0.5,0.5,18,0.2517432874580493,0.0,1.0,14.424578666687012
BlogCatalog,1,1293,19446,0.5,0.5,19,0.2517432874580493,0.0,1.0,14.17362356185913
BlogCatalog,1,1293,19446,0.5,0.5,20,0.2517432874580493,0.0,1.0,14.384982824325562
BlogCatalog,1,1293,19446,0.5,0.5,21,0.318702259336976,0.0013422818791946308,1.0,14.295033931732178
BlogCatalog,1,1293,19446,0.5,0.5,22,0.2517432874580493,0.0,1.0,14.427010774612427
BlogCatalog,1,1293,19446,0.5,0.5,23,0.3029929027321984,0.001141552511415525,1.0,14.021922826766968
BlogCatalog,1,1293,19446,0.5,0.5,24,0.2517432874580493,0.0,1.0,14.39858078956604
BlogCatalog,1,1293,19446,0.5,0.5,25,0.2517432874580493,0.0,1.0,14.454934358596802
BlogCatalog,1,1293,19446,0.5,0.5,26,0.30957520084490614,0.0011312217194570137,1.0,14.265342235565186
BlogCatalog,1,1293,19446,0.5,0.5,27,0.31722012189751975,0.0012360939431396785,1.0,14.045587539672852
BlogCatalog,1,1293,19446,0.5,0.5,28,0.2517432874580493,0.0,1.0,14.386054515838623
BlogCatalog,1,1293,19446,0.5,0.5,29,0.30207185876621445,0.0011389521640091116,1.0,14.276707887649536
BlogCatalog,1,1293,19446,0.5,0.5,30,0.2517432874580493,0.0,1.0,14.182538032531738
BlogCatalog,1,1293,19446,0.5,0.5,31,0.30611428439506877,0.0012658227848101266,1.0,14.238347291946411
BlogCatalog,1,1293,19446,0.5,0.5,32,0.3021943676311345,0.0012738853503184713,1.0,14.286175012588501
BlogCatalog,1,1293,19446,0.5,0.5,33,0.30082729313176015,0.001128668171557562,1.0,14.318888187408447
BlogCatalog,1,1293,19446,0.5,0.5,34,0.2517432874580493,0.0,1.0,14.288910865783691
BlogCatalog,1,1293,19446,0.5,0.5,35,0.2517432874580493,0.0,1.0,14.373510122299194
BlogCatalog,1,1293,19446,0.5,0.5,36,0.2517432874580493,0.0,1.0,14.416379690170288
BlogCatalog,1,1293,19446,0.5,0.5,37,0.2517432874580493,0.0,1.0,14.428584575653076
BlogCatalog,1,1293,19446,0.5,0.5,38,0.30664593522254846,0.0012853470437017994,1.0,14.226637840270996
BlogCatalog,1,1293,19446,0.5,0.5,39,0.3215542900611447,0.0011904761904761906,1.0,14.01468539237976
BlogCatalog,1,1293,19446,0.5,0.5,40,0.3088720425412676,0.0012406947890818859,1.0,14.32058835029602
BlogCatalog,1,1293,19446,0.5,0.5,41,0.31122539751492223,0.0013440860215053765,1.0,14.3246009349823
BlogCatalog,1,1293,19446,0.5,0.5,42,0.2517432874580493,0.0,1.0,14.220146656036377
BlogCatalog,1,1293,19446,0.5,0.5,43,0.2517432874580493,0.0,1.0,14.387470006942749
BlogCatalog,1,1293,19446,0.5,0.5,44,0.2517432874580493,0.0,1.0,14.45855975151062
BlogCatalog,1,1293,19446,0.5,0.5,45,0.30150866687106465,0.0011655011655011655,1.0,14.21578598022461
BlogCatalog,1,1293,19446,0.5,0.5,46,0.2517432874580493,0.0,1.0,14.433969497680664
BlogCatalog,1,1293,19446,0.5,0.5,47,0.2517432874580493,0.0,1.0,14.184171676635742
BlogCatalog,1,1293,19446,0.5,0.5,48,0.2517432874580493,0.0,1.0,14.409385919570923
BlogCatalog,1,1293,19446,0.5,0.5,49,0.3079076600472722,0.001349527665317139,1.0,14.292977094650269
BlogCatalog,1,1293,19446,0.5,0.5,50,0.3101807145887283,0.0013227513227513227,1.0,14.257952213287354
BlogCatalog,1,1293,21391,0.55,0.5,1,0.3034094767048901,0.0012437810945273632,1.0,14.669688701629639
BlogCatalog,1,1293,21391,0.55,0.5,2,0.30963557593414204,0.001375515818431912,1.0,14.877010583877563
BlogCatalog,1,1293,21391,0.55,0.5,3,0.30714083577431955,0.0012626262626262627,1.0,14.98960542678833
BlogCatalog,1,1293,21391,0.55,0.5,4,0.3044872078732165,0.0011389521640091116,1.0,14.701646327972412
BlogCatalog,1,1293,21391,0.55,0.5,5,0.3117625536774376,0.0013020833333333333,1.0,14.902836084365845
BlogCatalog,1,1293,21391,0.55,0.5,6,0.30666741352276866,0.0012315270935960591,1.0,14.914408683776855
BlogCatalog,1,1293,21391,0.55,0.5,7,0.2517432874580493,0.0,1.0,15.108360528945923
BlogCatalog,1,1293,21391,0.55,0.5,8,0.3046562242765734,0.001176470588235294,1.0,14.882078170776367
BlogCatalog,1,1293,21391,0.55,0.5,9,0.2517432874580493,0.0,1.0,14.87807846069336
BlogCatalog,1,1293,21391,0.55,0.5,10,0.3184024226875991,0.001310615989515072,1.0,14.903822422027588
BlogCatalog,1,1293,21391,0.55,0.5,11,0.32034114366403516,0.0014204545454545455,1.0,14.935317993164062
BlogCatalog,1,1293,21391,0.55,0.5,12,0.313565693551982,0.0013698630136986301,1.0,14.652898788452148
BlogCatalog,1,1293,21391,0.55,0.5,13,0.2517432874580493,0.0,1.0,15.083279609680176
BlogCatalog,1,1293,21391,0.55,0.5,14,0.31905970155684826,0.0011402508551881414,1.0,14.929661989212036
BlogCatalog,1,1293,21391,0.55,0.5,15,0.3024956492101686,0.0011574074074074073,1.0,14.903467416763306
BlogCatalog,1,1293,21391,0.55,0.5,16,0.2517432874580493,0.0,1.0,14.824096202850342
BlogCatalog,1,1293,21391,0.55,0.5,17,0.2517432874580493,0.0,1.0,15.066500186920166
BlogCatalog,1,1293,21391,0.55,0.5,18,0.30743355879024525,0.0011337868480725624,1.0,14.981432676315308
BlogCatalog,1,1293,21391,0.55,0.5,19,0.3084996507388781,0.0012853470437017994,1.0,14.880778789520264
BlogCatalog,1,1293,21391,0.55,0.5,20,0.2517432874580493,0.0,1.0,14.830995082855225
BlogCatalog,1,1293,21391,0.55,0.5,21,0.30245601544084627,0.0011261261261261261,1.0,14.940493106842041
BlogCatalog,1,1293,21391,0.55,0.5,22,0.30481806468067435,0.0013157894736842105,1.0,14.936244249343872
BlogCatalog,1,1293,21391,0.55,0.5,23,0.30266737047132847,0.0012787723785166241,1.0,14.941910982131958
BlogCatalog,1,1293,21391,0.55,0.5,24,0.31163985509848585,0.0012376237623762376,1.0,14.645588159561157
BlogCatalog,1,1293,21391,0.55,0.5,25,0.2517432874580493,0.0,1.0,15.07648253440857
BlogCatalog,1,1293,21391,0.55,0.5,26,0.3023470303451684,0.0011627906976744186,1.0,14.938738584518433
BlogCatalog,1,1293,21391,0.55,0.5,27,0.2517432874580493,0.0,1.0,15.065166473388672
BlogCatalog,1,1293,21391,0.55,0.5,28,0.30492969029377426,0.0012787723785166241,1.0,14.654242515563965
BlogCatalog,1,1293,21391,0.55,0.5,29,0.30792006909229475,0.0012165450121654502,1.0,14.910259008407593
BlogCatalog,1,1293,21391,0.55,0.5,30,0.2517432874580493,0.0,1.0,15.067553520202637
BlogCatalog,1,1293,21391,0.55,0.5,31,0.30698449966694785,0.0012690355329949238,1.0,14.995942115783691
BlogCatalog,1,1293,21391,0.55,0.5,32,0.3282762955465176,0.001141552511415525,1.0,14.679908752441406
BlogCatalog,1,1293,21391,0.55,0.5,33,0.2517432874580493,0.0,1.0,15.093394994735718
BlogCatalog,1,1293,21391,0.55,0.5,34,0.2517432874580493,0.0,1.0,15.1233069896698
BlogCatalog,1,1293,21391,0.55,0.5,35,0.3048334925665024,0.0011494252873563218,1.0,14.924720525741577
BlogCatalog,1,1293,21391,0.55,0.5,36,0.3032165897623031,0.0012077294685990338,1.0,14.662822723388672
BlogCatalog,1,1293,21391,0.55,0.5,37,0.2517432874580493,0.0,1.0,15.140905857086182
BlogCatalog,1,1293,21391,0.55,0.5,38,0.3140329431615757,0.00129366106080207,1.0,14.942912340164185
BlogCatalog,1,1293,21391,0.55,0.5,39,0.31013364671851357,0.0012422360248447205,1.0,14.709654808044434
BlogCatalog,1,1293,21391,0.55,0.5,40,0.3067230708179495,0.0013280212483399733,1.0,14.910046815872192
BlogCatalog,1,1293,21391,0.55,0.5,41,0.2517432874580493,0.0,1.0,15.10398006439209
BlogCatalog,1,1293,21391,0.55,0.5,42,0.30657583566040486,0.0012626262626262627,1.0,14.974181413650513
BlogCatalog,1,1293,21391,0.55,0.5,43,0.2517432874580493,0.0,1.0,14.866772890090942
BlogCatalog,1,1293,21391,0.55,0.5,44,0.2517432874580493,0.0,1.0,15.062678337097168
BlogCatalog,1,1293,21391,0.55,0.5,45,0.2517432874580493,0.0,1.0,15.138656616210938
BlogCatalog,1,1293,21391,0.55,0.5,46,0.2517432874580493,0.0,1.0,15.156113862991333
BlogCatalog,1,1293,21391,0.55,0.5,47,0.30240374063641545,0.001287001287001287,1.0,14.757070302963257
BlogCatalog,1,1293,21391,0.55,0.5,48,0.2517432874580493,0.0,1.0,15.059597253799438
BlogCatalog,1,1293,21391,0.55,0.5,49,0.30868826237799984,0.0012787723785166241,1.0,14.947776794433594
BlogCatalog,1,1293,21391,0.55,0.5,50,0.30284984524956354,0.0011273957158962795,1.0,14.938251256942749
BlogCatalog,1,1293,23335,0.6,0.5,1,0.3109613606731329,0.0011904761904761906,1.0,15.306288480758667
BlogCatalog,1,1293,23335,0.6,0.5,2,0.3063968339126825,0.0012376237623762376,1.0,15.514553546905518
BlogCatalog,1,1293,23335,0.6,0.5,3,0.2517432874580493,0.0,1.0,15.787753343582153
BlogCatalog,1,1293,23335,0.6,0.5,4,0.2517432874580493,0.0,1.0,15.741798400878906
BlogCatalog,1,1293,23335,0.6,0.5,5,0.2517432874580493,0.0,1.0,15.496697902679443
BlogCatalog,1,1293,23335,0.6,0.5,6,0.3069850181185209,0.0012690355329949238,1.0,15.564966201782227
BlogCatalog,1,1293,23335,0.6,0.5,7,0.31202580416073655,0.0013986013986013986,1.0,15.64363956451416
BlogCatalog,1,1293,23335,0.6,0.5,8,0.2517432874580493,0.0,1.0,15.524422645568848
BlogCatalog,1,1293,23335,0.6,0.5,9,0.3157513633165521,0.0012674271229404308,1.0,15.591347694396973
BlogCatalog,1,1293,23335,0.6,0.5,10,0.3063649101770489,0.0011337868480725624,1.0,15.586949825286865
BlogCatalog,1,1293,23335,0.6,0.5,11,0.3192954800017105,0.0012658227848101266,1.0,15.658552646636963
BlogCatalog,1,1293,23335,0.6,0.5,12,0.2517432874580493,0.0,1.0,15.496610879898071
BlogCatalog,1,1293,23335,0.6,0.5,13,0.2517432874580493,0.0,1.0,15.693797588348389
BlogCatalog,1,1293,23335,0.6,0.5,14,0.30675567519020136,0.0012376237623762376,1.0,15.558661937713623
BlogCatalog,1,1293,23335,0.6,0.5,15,0.2517432874580493,0.0,1.0,15.73985743522644
BlogCatalog,1,1293,23335,0.6,0.5,16,0.2517432874580493,0.0,1.0,15.480018615722656
BlogCatalog,1,1293,23335,0.6,0.5,17,0.2517432874580493,0.0,1.0,15.692665815353394
BlogCatalog,1,1293,23335,0.6,0.5,18,0.2517432874580493,0.0,1.0,15.76869010925293
BlogCatalog,1,1293,23335,0.6,0.5,19,0.2517432874580493,0.0,1.0,15.740019083023071
BlogCatalog,1,1293,23335,0.6,0.5,20,0.3059200537248162,0.0013458950201884253,1.0,15.360466003417969
BlogCatalog,1,1293,23335,0.6,0.5,21,0.3146526020621678,0.0013698630136986301,1.0,15.510029077529907
BlogCatalog,1,1293,23335,0.6,0.5,22,0.3008225342963808,0.0011933174224343676,1.0,15.604333639144897
BlogCatalog,1,1293,23335,0.6,0.5,23,0.31861083774258747,0.0013089005235602095,1.0,15.549031019210815
BlogCatalog,1,1293,23335,0.6,0.5,24,0.2517432874580493,0.0,1.0,15.51328158378601
BlogCatalog,1,1293,23335,0.6,0.5,25,0.3065043069799444,0.0012674271229404308,1.0,15.516660690307617
BlogCatalog,1,1293,23335,0.6,0.5,26,0.3005258375563666,0.0012091898428053204,1.0,15.613093614578247
BlogCatalog,1,1293,23335,0.6,0.5,27,0.30670023457070505,0.00125,1.0,15.290881156921387
BlogCatalog,1,1293,23335,0.6,0.5,28,0.307653888337174,0.001310615989515072,1.0,15.578498840332031
BlogCatalog,1,1293,23335,0.6,0.5,29,0.2517432874580493,0.0,1.0,15.759968280792236
BlogCatalog,1,1293,23335,0.6,0.5,30,0.30278817160047883,0.0012285012285012285,1.0,15.65800952911377
BlogCatalog,1,1293,23335,0.6,0.5,31,0.2517432874580493,0.0,1.0,15.51352071762085
BlogCatalog,1,1293,23335,0.6,0.5,32,0.2517432874580493,0.0,1.0,15.707970142364502
BlogCatalog,1,1293,23335,0.6,0.5,33,0.30646582867578875,0.0012062726176115801,1.0,15.555689811706543
BlogCatalog,1,1293,23335,0.6,0.5,34,0.31140109901103985,0.0012254901960784314,1.0,15.542924165725708
BlogCatalog,1,1293,23335,0.6,0.5,35,0.2517432874580493,0.0,1.0,15.498435020446777
BlogCatalog,1,1293,23335,0.6,0.5,36,0.3058117441648355,0.001201923076923077,1.0,15.524628639221191
BlogCatalog,1,1293,23335,0.6,0.5,37,0.30221076585680884,0.0012077294685990338,1.0,15.546931505203247
BlogCatalog,1,1293,23335,0.6,0.5,38,0.30540821058760814,0.001349527665317139,1.0,15.584437608718872
BlogCatalog,1,1293,23335,0.6,0.5,39,0.2517432874580493,0.0,1.0,15.45641803741455
BlogCatalog,1,1293,23335,0.6,0.5,40,0.31087419371307945,0.0012360939431396785,1.0,15.489066362380981
BlogCatalog,1,1293,23335,0.6,0.5,41,0.2517432874580493,0.0,1.0,15.706408739089966
BlogCatalog,1,1293,23335,0.6,0.5,42,0.31862031779281214,0.0012594458438287153,1.0,15.55754542350769
BlogCatalog,1,1293,23335,0.6,0.5,43,0.3210986928790938,0.0011560693641618498,1.0,15.32329273223877
BlogCatalog,1,1293,23335,0.6,0.5,44,0.30712263986855265,0.0013404825737265416,1.0,15.499616384506226
BlogCatalog,1,1293,23335,0.6,0.5,45,0.2517432874580493,0.0,1.0,15.750030994415283
BlogCatalog,1,1293,23335,0.6,0.5,46,0.30486133991320075,0.001364256480218281,1.0,15.566817998886108
BlogCatalog,1,1293,23335,0.6,0.5,47,0.30513807318582137,0.0011918951132300357,1.0,15.325361728668213
BlogCatalog,1,1293,23335,0.6,0.5,48,0.2517432874580493,0.0,1.0,15.676084041595459
BlogCatalog,1,1293,23335,0.6,0.5,49,0.32146222523406354,0.0011947431302270011,1.0,15.5671706199646
BlogCatalog,1,1293,23335,0.6,0.5,50,0.31180129984793803,0.0012755102040816326,1.0,15.534857511520386
BlogCatalog,1,1293,25280,0.65,0.5,1,0.2517432874580493,0.0,1.0,16.142314195632935
BlogCatalog,1,1293,25280,0.65,0.5,2,0.31326630357250174,0.0013054830287206266,1.0,16.169273138046265
BlogCatalog,1,1293,25280,0.65,0.5,3,0.2517432874580493,0.0,1.0,16.4089937210083
BlogCatalog,1,1293,25280,0.65,0.5,4,0.2517432874580493,0.0,1.0,16.483214855194092
BlogCatalog,1,1293,25280,0.65,0.5,5,0.2517432874580493,0.0,1.0,16.169224977493286
BlogCatalog,1,1293,25280,0.65,0.5,6,0.30832304738710264,0.001303780964797914,1.0,16.168787717819214
BlogCatalog,1,1293,25280,0.65,0.5,7,0.3133864668686047,0.0012239902080783353,1.0,16.255436182022095
BlogCatalog,1,1293,25280,0.65,0.5,8,0.2517432874580493,0.0,1.0,16.462032318115234
BlogCatalog,1,1293,25280,0.65,0.5,9,0.2517432874580493,0.0,1.0,16.1691472530365
BlogCatalog,1,1293,25280,0.65,0.5,10,0.30618169504077786,0.0011111111111111111,1.0,16.194533824920654
BlogCatalog,1,1293,25280,0.65,0.5,11,0.2517432874580493,0.0,1.0,16.368690729141235
BlogCatalog,1,1293,25280,0.65,0.5,12,0.2517432874580493,0.0,1.0,16.426687479019165
BlogCatalog,1,1293,25280,0.65,0.5,13,0.3167415887358193,0.001375515818431912,1.0,16.121784687042236
BlogCatalog,1,1293,25280,0.65,0.5,14,0.2517432874580493,0.0,1.0,16.36095356941223
BlogCatalog,1,1293,25280,0.65,0.5,15,0.31022496645787695,0.001145475372279496,1.0,16.228814125061035
BlogCatalog,1,1293,25280,0.65,0.5,16,0.2517432874580493,0.0,1.0,16.853278636932373
BlogCatalog,1,1293,25280,0.65,0.5,17,0.30879107313616294,0.0013003901170351106,1.0,16.067934036254883
BlogCatalog,1,1293,25280,0.65,0.5,18,0.30208398413608467,0.0012903225806451613,1.0,16.661126852035522
BlogCatalog,1,1293,25280,0.65,0.5,19,0.32100612264157424,0.0013280212483399733,1.0,16.255048036575317
BlogCatalog,1,1293,25280,0.65,0.5,20,0.2517432874580493,0.0,1.0,16.387619495391846
BlogCatalog,1,1293,25280,0.65,0.5,21,0.30867995174030427,0.0012484394506866417,1.0,15.997573852539062
BlogCatalog,1,1293,25280,0.65,0.5,22,0.2517432874580493,0.0,1.0,16.36553406715393
BlogCatalog,1,1293,25280,0.65,0.5,23,0.2517432874580493,0.0,1.0,16.399632215499878
BlogCatalog,1,1293,25280,0.65,0.5,24,0.2517432874580493,0.0,1.0,16.482417106628418
BlogCatalog,1,1293,25280,0.65,0.5,25,0.3073994337369856,0.0012804097311139564,1.0,15.998631238937378
BlogCatalog,1,1293,25280,0.65,0.5,26,0.311399244843443,0.0012531328320802004,1.0,16.206363916397095
BlogCatalog,1,1293,25280,0.65,0.5,27,0.30584232799783534,0.001422475106685633,1.0,16.215202808380127
BlogCatalog,1,1293,25280,0.65,0.5,28,0.30545591695750063,0.0013297872340425532,1.0,16.243666648864746
BlogCatalog,1,1293,25280,0.65,0.5,29,0.307813246386322,0.0012091898428053204,1.0,15.986583471298218
BlogCatalog,1,1293,25280,0.65,0.5,30,0.2517432874580493,0.0,1.0,16.370677947998047
BlogCatalog,1,1293,25280,0.65,0.5,31,0.2517432874580493,0.0,1.0,16.34954810142517
BlogCatalog,1,1293,25280,0.65,0.5,32,0.31440955234335694,0.001445086705202312,1.0,16.186004400253296
BlogCatalog,1,1293,25280,0.65,0.5,33,0.30248920328446116,0.0013245033112582781,1.0,16.004832983016968
BlogCatalog,1,1293,25280,0.65,0.5,34,0.31256571105788794,0.0012787723785166241,1.0,16.18505358695984
BlogCatalog,1,1293,25280,0.65,0.5,35,0.31269082377590696,0.001282051282051282,1.0,16.182976961135864
BlogCatalog,1,1293,25280,0.65,0.5,36,0.3155952663907417,0.0013717421124828531,1.0,16.229129552841187
BlogCatalog,1,1293,25280,0.65,0.5,37,0.3056727885066843,0.0014005602240896359,1.0,15.970582962036133
BlogCatalog,1,1293,25280,0.65,0.5,38,0.309874070083145,0.0013157894736842105,1.0,16.143920421600342
BlogCatalog,1,1293,25280,0.65,0.5,39,0.3077555147264079,0.0013157894736842105,1.0,16.196138858795166
BlogCatalog,1,1293,25280,0.65,0.5,40,0.2517432874580493,0.0,1.0,16.400681018829346
BlogCatalog,1,1293,25280,0.65,0.5,41,0.30832769267330284,0.0014814814814814814,1.0,15.962565183639526
BlogCatalog,1,1293,25280,0.65,0.5,42,0.3008306300111211,0.0012468827930174563,1.0,16.159815311431885
BlogCatalog,1,1293,25280,0.65,0.5,43,0.3035543841603967,0.0012919896640826874,1.0,16.187204360961914
BlogCatalog,1,1293,25280,0.65,0.5,44,0.3086442546624358,0.0014104372355430183,1.0,16.255637407302856
BlogCatalog,1,1293,25280,0.65,0.5,45,0.2517432874580493,0.0,1.0,16.198936462402344
BlogCatalog,1,1293,25280,0.65,0.5,46,0.2517432874580493,0.0,1.0,16.36767816543579
BlogCatalog,1,1293,25280,0.65,0.5,47,0.3069001602982497,0.0012787723785166241,1.0,16.269068956375122
BlogCatalog,1,1293,25280,0.65,0.5,48,0.30502799192562136,0.0011627906976744186,1.0,16.23030972480774
BlogCatalog,1,1293,25280,0.65,0.5,49,0.2517432874580493,0.0,1.0,16.136552810668945
BlogCatalog,1,1293,25280,0.65,0.5,50,0.2517432874580493,0.0,1.0,16.3321795463562
BlogCatalog,1,1293,27224,0.7,0.5,1,0.30332909285825965,0.001183431952662722,1.0,16.927141666412354
BlogCatalog,1,1293,27224,0.7,0.5,2,0.3095769579861917,0.001282051282051282,1.0,16.850512981414795
BlogCatalog,1,1293,27224,0.7,0.5,3,0.2517432874580493,0.0,1.0,16.809128046035767
BlogCatalog,1,1293,27224,0.7,0.5,4,0.2517432874580493,0.0,1.0,17.027185916900635
BlogCatalog,1,1293,27224,0.7,0.5,5,0.2517432874580493,0.0,1.0,17.065191507339478
BlogCatalog,1,1293,27224,0.7,0.5,6,0.30738295328572873,0.0012919896640826874,1.0,16.87627625465393
BlogCatalog,1,1293,27224,0.7,0.5,7,0.2517432874580493,0.0,1.0,16.796271324157715
BlogCatalog,1,1293,27224,0.7,0.5,8,0.2517432874580493,0.0,1.0,17.02382779121399
BlogCatalog,1,1293,27224,0.7,0.5,9,0.3089898883158252,0.00117096018735363,1.0,16.886141300201416
BlogCatalog,1,1293,27224,0.7,0.5,10,0.3123408117028223,0.0012738853503184713,1.0,16.886340856552124
BlogCatalog,1,1293,27224,0.7,0.5,11,0.299794756680805,0.0012254901960784314,1.0,16.605923414230347
BlogCatalog,1,1293,27224,0.7,0.5,12,0.2517432874580493,0.0,1.0,17.095391511917114
BlogCatalog,1,1293,27224,0.7,0.5,13,0.32271828754216614,0.0014925373134328358,1.0,16.970556497573853
BlogCatalog,1,1293,27224,0.7,0.5,14,0.3035227016184944,0.0013020833333333333,1.0,16.92701482772827
BlogCatalog,1,1293,27224,0.7,0.5,15,0.31016693457424666,0.0013020833333333333,1.0,16.679901599884033
BlogCatalog,1,1293,27224,0.7,0.5,16,0.3153377226075184,0.001364256480218281,1.0,16.889203310012817
BlogCatalog,1,1293,27224,0.7,0.5,17,0.3092970957566479,0.0012836970474967907,1.0,16.90026307106018
BlogCatalog,1,1293,27224,0.7,0.5,18,0.30251919870680766,0.0012091898428053204,1.0,16.64010715484619
BlogCatalog,1,1293,27224,0.7,0.5,19,0.2517432874580493,0.0,1.0,17.081008195877075
BlogCatalog,1,1293,27224,0.7,0.5,20,0.2517432874580493,0.0,1.0,17.01799726486206
BlogCatalog,1,1293,27224,0.7,0.5,21,0.2517432874580493,0.0,1.0,17.06057119369507
BlogCatalog,1,1293,27224,0.7,0.5,22,0.2517432874580493,0.0,1.0,16.86565613746643
BlogCatalog,1,1293,27224,0.7,0.5,23,0.31744862808379676,0.0013869625520110957,1.0,16.935776710510254
BlogCatalog,1,1293,27224,0.7,0.5,24,0.2517432874580493,0.0,1.0,17.018366813659668
BlogCatalog,1,1293,27224,0.7,0.5,25,0.2517432874580493,0.0,1.0,17.106103897094727
BlogCatalog,1,1293,27224,0.7,0.5,26,0.3069821824054027,0.0013986013986013986,1.0,16.907907724380493
BlogCatalog,1,1293,27224,0.7,0.5,27,0.2517432874580493,0.0,1.0,16.81114649772644
BlogCatalog,1,1293,27224,0.7,0.5,28,0.2517432874580493,0.0,1.0,17.039303064346313
BlogCatalog,1,1293,27224,0.7,0.5,29,0.307507488203562,0.0013003901170351106,1.0,16.896477222442627
BlogCatalog,1,1293,27224,0.7,0.5,30,0.2517432874580493,0.0,1.0,16.834513902664185
BlogCatalog,1,1293,27224,0.7,0.5,31,0.3066335638118509,0.0012738853503184713,1.0,16.921382427215576
BlogCatalog,1,1293,27224,0.7,0.5,32,0.2517432874580493,0.0,1.0,17.054298639297485
BlogCatalog,1,1293,27224,0.7,0.5,33,0.315097368009724,0.001176470588235294,1.0,16.984206199645996
BlogCatalog,1,1293,27224,0.7,0.5,34,0.30511484782321713,0.0012578616352201257,1.0,16.635324954986572
BlogCatalog,1,1293,27224,0.7,0.5,35,0.2517432874580493,0.0,1.0,16.981865882873535
BlogCatalog,1,1293,27224,0.7,0.5,36,0.3053054663917615,0.0011904761904761906,1.0,16.86782217025757
BlogCatalog,1,1293,27224,0.7,0.5,37,0.2517432874580493,0.0,1.0,17.01454257965088
BlogCatalog,1,1293,27224,0.7,0.5,38,0.31015630245727127,0.001358695652173913,1.0,16.658885717391968
BlogCatalog,1,1293,27224,0.7,0.5,39,0.30783974357586946,0.0013831258644536654,1.0,16.798287630081177
BlogCatalog,1,1293,27224,0.7,0.5,40,0.30874509080518076,0.001326259946949602,1.0,16.864049673080444
BlogCatalog,1,1293,27224,0.7,0.5,41,0.2517432874580493,0.0,1.0,17.01773476600647
BlogCatalog,1,1293,27224,0.7,0.5,42,0.3187687484845902,0.0012135922330097086,1.0,16.64933204650879
BlogCatalog,1,1293,27224,0.7,0.5,43,0.3020457677954115,0.0012919896640826874,1.0,16.805304527282715
BlogCatalog,1,1293,27224,0.7,0.5,44,0.31903451478591355,0.001483679525222552,1.0,16.90033197402954
BlogCatalog,1,1293,27224,0.7,0.5,45,0.32243301035072525,0.0013192612137203166,1.0,16.938193559646606
BlogCatalog,1,1293,27224,0.7,0.5,46,0.300761506615743,0.0013192612137203166,1.0,16.596107244491577
BlogCatalog,1,1293,27224,0.7,0.5,47,0.2517432874580493,0.0,1.0,17.01320195198059
BlogCatalog,1,1293,27224,0.7,0.5,48,0.31238189574310155,0.001303780964797914,1.0,16.852688550949097
BlogCatalog,1,1293,27224,0.7,0.5,49,0.307829606506285,0.00125,1.0,16.942367792129517
BlogCatalog,1,1293,27224,0.7,0.5,50,0.2517432874580493,0.0,1.0,16.81099581718445
BlogCatalog,1,1293,29169,0.75,0.5,1,0.3198368683581027,0.0013458950201884253,1.0,17.524784564971924
BlogCatalog,1,1293,29169,0.75,0.5,2,0.2517432874580493,0.0,1.0,17.744076251983643
BlogCatalog,1,1293,29169,0.75,0.5,3,0.2517432874580493,0.0,1.0,17.733094453811646
BlogCatalog,1,1293,29169,0.75,0.5,4,0.2517432874580493,0.0,1.0,17.52083396911621
BlogCatalog,1,1293,29169,0.75,0.5,5,0.2517432874580493,0.0,1.0,17.605351448059082
BlogCatalog,1,1293,29169,0.75,0.5,6,0.2517432874580493,0.0,1.0,17.73919415473938
BlogCatalog,1,1293,29169,0.75,0.5,7,0.2517432874580493,0.0,1.0,17.746460437774658
BlogCatalog,1,1293,29169,0.75,0.5,8,0.2517432874580493,0.0,1.0,17.46285128593445
BlogCatalog,1,1293,29169,0.75,0.5,9,0.306933945143482,0.001183431952662722,1.0,17.545295000076294
BlogCatalog,1,1293,29169,0.75,0.5,10,0.30959539308922585,0.0011312217194570137,1.0,17.55885910987854
BlogCatalog,1,1293,29169,0.75,0.5,11,0.2517432874580493,0.0,1.0,17.770172357559204
BlogCatalog,1,1293,29169,0.75,0.5,12,0.30893156906150904,0.0013440860215053765,1.0,17.299994230270386
BlogCatalog,1,1293,29169,0.75,0.5,13,0.3045920058927259,0.0012315270935960591,1.0,17.50499987602234
BlogCatalog,1,1293,29169,0.75,0.5,14,0.30648928298389516,0.0015220700152207,1.0,17.569135665893555
BlogCatalog,1,1293,29169,0.75,0.5,15,0.2517432874580493,0.0,1.0,17.783569812774658
BlogCatalog,1,1293,29169,0.75,0.5,16,0.2517432874580493,0.0,1.0,17.51551580429077
BlogCatalog,1,1293,29169,0.75,0.5,17,0.31066620906028625,0.0012836970474967907,1.0,17.517838954925537
BlogCatalog,1,1293,29169,0.75,0.5,18,0.2517432874580493,0.0,1.0,17.749367713928223
BlogCatalog,1,1293,29169,0.75,0.5,19,0.3048796669207,0.001394700139470014,1.0,17.57634210586548
BlogCatalog,1,1293,29169,0.75,0.5,20,0.2517432874580493,0.0,1.0,17.47281575202942
BlogCatalog,1,1293,29169,0.75,0.5,21,0.2517432874580493,0.0,1.0,17.656625032424927
BlogCatalog,1,1293,29169,0.75,0.5,22,0.3078355150695432,0.0011723329425556857,1.0,17.51832413673401
BlogCatalog,1,1293,29169,0.75,0.5,23,0.2517432874580493,0.0,1.0,17.779938459396362
BlogCatalog,1,1293,29169,0.75,0.5,24,0.2517432874580493,0.0,1.0,17.471181392669678
BlogCatalog,1,1293,29169,0.75,0.5,25,0.2517432874580493,0.0,1.0,17.685819387435913
BlogCatalog,1,1293,29169,0.75,0.5,26,0.30984299223950557,0.0013351134846461949,1.0,17.561744689941406
BlogCatalog,1,1293,29169,0.75,0.5,27,0.30783306209092,0.001176470588235294,1.0,17.628425121307373
BlogCatalog,1,1293,29169,0.75,0.5,28,0.2517432874580493,0.0,1.0,17.511446714401245
BlogCatalog,1,1293,29169,0.75,0.5,29,0.31632889439115264,0.001466275659824047,1.0,17.506162405014038
BlogCatalog,1,1293,29169,0.75,0.5,30,0.3151285343465486,0.001256281407035176,1.0,17.54335641860962
BlogCatalog,1,1293,29169,0.75,0.5,31,0.30699247032336685,0.0012422360248447205,1.0,17.598525047302246
BlogCatalog,1,1293,29169,0.75,0.5,32,0.3115392386310977,0.0012970168612191958,1.0,17.31082510948181
BlogCatalog,1,1293,29169,0.75,0.5,33,0.3148176435225274,0.0012453300124533001,1.0,17.51150941848755
BlogCatalog,1,1293,29169,0.75,0.5,34,0.30635004677022226,0.0012738853503184713,1.0,17.585436820983887
BlogCatalog,1,1293,29169,0.75,0.5,35,0.2517432874580493,0.0,1.0,17.745012521743774
BlogCatalog,1,1293,29169,0.75,0.5,36,0.31574737062261965,0.0013679890560875513,1.0,17.287402868270874
BlogCatalog,1,1293,29169,0.75,0.5,37,0.2517432874580493,0.0,1.0,17.67761468887329
BlogCatalog,1,1293,29169,0.75,0.5,38,0.31114716425308936,0.00141643059490085,1.0,17.576245307922363
BlogCatalog,1,1293,29169,0.75,0.5,39,0.3129146720294602,0.0012658227848101266,1.0,17.522265672683716
BlogCatalog,1,1293,29169,0.75,0.5,40,0.3086660916734815,0.0011862396204033216,1.0,17.271167516708374
BlogCatalog,1,1293,29169,0.75,0.5,41,0.2517432874580493,0.0,1.0,17.661102056503296
BlogCatalog,1,1293,29169,0.75,0.5,42,0.3051045681581915,0.0013812154696132596,1.0,17.55568790435791
BlogCatalog,1,1293,29169,0.75,0.5,43,0.3071194458485517,0.0012515644555694619,1.0,17.593128442764282
BlogCatalog,1,1293,29169,0.75,0.5,44,0.2517432874580493,0.0,1.0,17.471707582473755
BlogCatalog,1,1293,29169,0.75,0.5,45,0.2517432874580493,0.0,1.0,17.685312509536743
BlogCatalog,1,1293,29169,0.75,0.5,46,0.2517432874580493,0.0,1.0,17.776683807373047
BlogCatalog,1,1293,29169,0.75,0.5,47,0.30906289743538506,0.001177856301531213,1.0,17.512216329574585
BlogCatalog,1,1293,29169,0.75,0.5,48,0.31203531663502065,0.0012422360248447205,1.0,17.258321285247803
BlogCatalog,1,1293,29169,0.75,0.5,49,0.3020069185590971,0.0012239902080783353,1.0,17.475784063339233
BlogCatalog,1,1293,29169,0.75,0.5,50,0.2517432874580493,0.0,1.0,17.785273551940918
BlogCatalog,1,1293,31114,0.8,0.5,1,0.31269347697262323,0.001256281407035176,1.0,18.181786060333252
BlogCatalog,1,1293,31114,0.8,0.5,2,0.3114085429017142,0.001256281407035176,1.0,17.979387521743774
BlogCatalog,1,1293,31114,0.8,0.5,3,0.2517432874580493,0.0,1.0,18.352296829223633
BlogCatalog,1,1293,31114,0.8,0.5,4,0.30505304565325947,0.0011723329425556857,1.0,18.22208309173584
BlogCatalog,1,1293,31114,0.8,0.5,5,0.31050642468197137,0.001287001287001287,1.0,18.244575023651123
BlogCatalog,1,1293,31114,0.8,0.5,6,0.30950283039486737,0.0011976047904191617,1.0,17.956186771392822
BlogCatalog,1,1293,31114,0.8,0.5,7,0.2517432874580493,0.0,1.0,18.31531023979187
BlogCatalog,1,1293,31114,0.8,0.5,8,0.3078754745663259,0.001392757660167131,1.0,18.26913094520569
BlogCatalog,1,1293,31114,0.8,0.5,9,0.2517432874580493,0.0,1.0,18.37845802307129
BlogCatalog,1,1293,31114,0.8,0.5,10,0.2517432874580493,0.0,1.0,18.127013444900513
BlogCatalog,1,1293,31114,0.8,0.5,11,0.2517432874580493,0.0,1.0,18.335115432739258
BlogCatalog,1,1293,31114,0.8,0.5,12,0.2517432874580493,0.0,1.0,18.361412286758423
BlogCatalog,1,1293,31114,0.8,0.5,13,0.2517432874580493,0.0,1.0,18.34978175163269
BlogCatalog,1,1293,31114,0.8,0.5,14,0.31306207757559246,0.0013386880856760374,1.0,17.941535711288452
BlogCatalog,1,1293,31114,0.8,0.5,15,0.31025983568255583,0.001314060446780552,1.0,18.12744975090027
BlogCatalog,1,1293,31114,0.8,0.5,16,0.2517432874580493,0.0,1.0,18.393317461013794
BlogCatalog,1,1293,31114,0.8,0.5,17,0.2517432874580493,0.0,1.0,18.382633686065674
BlogCatalog,1,1293,31114,0.8,0.5,18,0.315089403046451,0.0011890606420927466,1.0,17.90686011314392
BlogCatalog,1,1293,31114,0.8,0.5,19,0.3101927004863815,0.0012690355329949238,1.0,18.126052141189575
BlogCatalog,1,1293,31114,0.8,0.5,20,0.2517432874580493,0.0,1.0,18.369481086730957
BlogCatalog,1,1293,31114,0.8,0.5,21,0.31906032309077004,0.001256281407035176,1.0,18.22428059577942
BlogCatalog,1,1293,31114,0.8,0.5,22,0.3063094307724763,0.0012674271229404308,1.0,17.94565486907959
BlogCatalog,1,1293,31114,0.8,0.5,23,0.2517432874580493,0.0,1.0,18.363765001296997
BlogCatalog,1,1293,31114,0.8,0.5,24,0.2517432874580493,0.0,1.0,18.416948795318604
BlogCatalog,1,1293,31114,0.8,0.5,25,0.31487047733371787,0.0013227513227513227,1.0,17.956629991531372
BlogCatalog,1,1293,31114,0.8,0.5,26,0.30696180395080935,0.0012610340479192938,1.0,18.184956789016724
BlogCatalog,1,1293,31114,0.8,0.5,27,0.2517432874580493,0.0,1.0,18.408252716064453
BlogCatalog,1,1293,31114,0.8,0.5,28,0.3107937558304863,0.0011376564277588168,1.0,18.25768494606018
BlogCatalog,1,1293,31114,0.8,0.5,29,0.3094345780199434,0.0012903225806451613,1.0,18.107505559921265
BlogCatalog,1,1293,31114,0.8,0.5,30,0.2517432874580493,0.0,1.0,18.129411458969116
BlogCatalog,1,1293,31114,0.8,0.5,31,0.2517432874580493,0.0,1.0,18.342681407928467
BlogCatalog,1,1293,31114,0.8,0.5,32,0.2517432874580493,0.0,1.0,18.38034415245056
BlogCatalog,1,1293,31114,0.8,0.5,33,0.2517432874580493,0.0,1.0,18.405245065689087
BlogCatalog,1,1293,31114,0.8,0.5,34,0.31259167162489604,0.0012903225806451613,1.0,17.90958333015442
BlogCatalog,1,1293,31114,0.8,0.5,35,0.2517432874580493,0.0,1.0,18.297725677490234
BlogCatalog,1,1293,31114,0.8,0.5,36,0.2517432874580493,0.0,1.0,18.420404195785522
BlogCatalog,1,1293,31114,0.8,0.5,37,0.2517432874580493,0.0,1.0,18.32085394859314
BlogCatalog,1,1293,31114,0.8,0.5,38,0.2517432874580493,0.0,1.0,18.105677604675293
BlogCatalog,1,1293,31114,0.8,0.5,39,0.3049353489346846,0.0013908205841446453,1.0,18.141491651535034
BlogCatalog,1,1293,31114,0.8,0.5,40,0.3178729716874409,0.0013123359580052493,1.0,18.1983060836792
BlogCatalog,1,1293,31114,0.8,0.5,41,0.3096280023635403,0.0013192612137203166,1.0,18.20971441268921
BlogCatalog,1,1293,31114,0.8,0.5,42,0.3169150270096651,0.0013440860215053765,1.0,17.969196319580078
BlogCatalog,1,1293,31114,0.8,0.5,43,0.2517432874580493,0.0,1.0,18.237175703048706
BlogCatalog,1,1293,31114,0.8,0.5,44,0.31633973775085233,0.0014084507042253522,1.0,18.170709133148193
BlogCatalog,1,1293,31114,0.8,0.5,45,0.2517432874580493,0.0,1.0,18.375779628753662
BlogCatalog,1,1293,31114,0.8,0.5,46,0.2517432874580493,0.0,1.0,18.093778610229492
BlogCatalog,1,1293,31114,0.8,0.5,47,0.2517432874580493,0.0,1.0,18.405146598815918
BlogCatalog,1,1293,31114,0.8,0.5,48,0.2517432874580493,0.0,1.0,18.303796768188477
BlogCatalog,1,1293,31114,0.8,0.5,49,0.2517432874580493,0.0,1.0,18.394542694091797
BlogCatalog,1,1293,31114,0.8,0.5,50,0.3079324384514469,0.0012195121951219512,1.0,18.286796808242798
BlogCatalog,1,1293,33058,0.85,0.5,1,0.3104678358598431,0.0013280212483399733,1.0,18.63739013671875
BlogCatalog,1,1293,33058,0.85,0.5,2,0.313723993725784,0.0012106537530266344,1.0,18.808342218399048
BlogCatalog,1,1293,33058,0.85,0.5,3,0.2517432874580493,0.0,1.0,19.006553888320923
BlogCatalog,1,1293,33058,0.85,0.5,4,0.3159681250612448,0.0013333333333333333,1.0,18.858253002166748
BlogCatalog,1,1293,33058,0.85,0.5,5,0.3072204548954574,0.0011976047904191617,1.0,18.597700119018555
BlogCatalog,1,1293,33058,0.85,0.5,6,0.2517432874580493,0.0,1.0,19.001665353775024
BlogCatalog,1,1293,33058,0.85,0.5,7,0.30989927627340436,0.0013812154696132596,1.0,18.861263751983643
BlogCatalog,1,1293,33058,0.85,0.5,8,0.2517432874580493,0.0,1.0,19.082026720046997
BlogCatalog,1,1293,33058,0.85,0.5,9,0.3096882433759227,0.0012360939431396785,1.0,18.694105863571167
BlogCatalog,1,1293,33058,0.85,0.5,10,0.2517432874580493,0.0,1.0,18.949600219726562
BlogCatalog,1,1293,33058,0.85,0.5,11,0.2517432874580493,0.0,1.0,19.044238567352295
BlogCatalog,1,1293,33058,0.85,0.5,12,0.2517432874580493,0.0,1.0,19.04013180732727
BlogCatalog,1,1293,33058,0.85,0.5,13,0.2517432874580493,0.0,1.0,18.764153242111206
BlogCatalog,1,1293,33058,0.85,0.5,14,0.31130191706974003,0.0013157894736842105,1.0,18.772249937057495
BlogCatalog,1,1293,33058,0.85,0.5,15,0.304790838386818,0.0012626262626262627,1.0,18.89599919319153
BlogCatalog,1,1293,33058,0.85,0.5,16,0.2517432874580493,0.0,1.0,19.084540605545044
BlogCatalog,1,1293,33058,0.85,0.5,17,0.3104086558205176,0.0015723270440251573,1.0,18.635987281799316
BlogCatalog,1,1293,33058,0.85,0.5,18,0.3108642752793772,0.00125,1.0,18.8068528175354
BlogCatalog,1,1293,33058,0.85,0.5,19,0.2517432874580493,0.0,1.0,19.03364634513855
BlogCatalog,1,1293,33058,0.85,0.5,20,0.2517432874580493,0.0,1.0,19.04000496864319
BlogCatalog,1,1293,33058,0.85,0.5,21,0.3224830887218374,0.0012903225806451613,1.0,18.582049131393433
BlogCatalog,1,1293,33058,0.85,0.5,22,0.2517432874580493,0.0,1.0,18.97327709197998
BlogCatalog,1,1293,33058,0.85,0.5,23,0.2517432874580493,0.0,1.0,19.072879314422607
BlogCatalog,1,1293,33058,0.85,0.5,24,0.3083267607038736,0.0014367816091954023,1.0,18.846965074539185
BlogCatalog,1,1293,33058,0.85,0.5,25,0.2517432874580493,0.0,1.0,18.72853684425354
BlogCatalog,1,1293,33058,0.85,0.5,26,0.30929243649710236,0.001303780964797914,1.0,18.80752730369568
BlogCatalog,1,1293,33058,0.85,0.5,27,0.2517432874580493,0.0,1.0,19.044298887252808
BlogCatalog,1,1293,33058,0.85,0.5,28,0.2517432874580493,0.0,1.0,19.023131608963013
BlogCatalog,1,1293,33058,0.85,0.5,29,0.2517432874580493,0.0,1.0,18.76339626312256
BlogCatalog,1,1293,33058,0.85,0.5,30,0.2517432874580493,0.0,1.0,18.99478816986084
BlogCatalog,1,1293,33058,0.85,0.5,31,0.30455394789853124,0.0013831258644536654,1.0,18.85860538482666
BlogCatalog,1,1293,33058,0.85,0.5,32,0.30870960242326156,0.001326259946949602,1.0,18.942746877670288
BlogCatalog,1,1293,33058,0.85,0.5,33,0.3049362485543745,0.001226993865030675,1.0,18.645211696624756
BlogCatalog,1,1293,33058,0.85,0.5,34,0.31336280168531777,0.0013869625520110957,1.0,18.81373357772827
BlogCatalog,1,1293,33058,0.85,0.5,35,0.2517432874580493,0.0,1.0,18.9985294342041
BlogCatalog,1,1293,33058,0.85,0.5,36,0.2517432874580493,0.0,1.0,19.05256485939026
BlogCatalog,1,1293,33058,0.85,0.5,37,0.3065279810676904,0.0012376237623762376,1.0,18.582550525665283
BlogCatalog,1,1293,33058,0.85,0.5,38,0.2517432874580493,0.0,1.0,18.949915170669556
BlogCatalog,1,1293,33058,0.85,0.5,39,0.3186711737959187,0.0013440860215053765,1.0,18.78997778892517
BlogCatalog,1,1293,33058,0.85,0.5,40,0.3105850882152905,0.0013698630136986301,1.0,18.89570426940918
BlogCatalog,1,1293,33058,0.85,0.5,41,0.3067310813608439,0.0013717421124828531,1.0,18.613420248031616
BlogCatalog,1,1293,33058,0.85,0.5,42,0.2517432874580493,0.0,1.0,18.970224618911743
BlogCatalog,1,1293,33058,0.85,0.5,43,0.2517432874580493,0.0,1.0,19.042768001556396
BlogCatalog,1,1293,33058,0.85,0.5,44,0.2517432874580493,0.0,1.0,19.08745265007019
BlogCatalog,1,1293,33058,0.85,0.5,45,0.30494966155114556,0.0011918951132300357,1.0,18.867316007614136
BlogCatalog,1,1293,33058,0.85,0.5,46,0.2517432874580493,0.0,1.0,18.780213117599487
BlogCatalog,1,1293,33058,0.85,0.5,47,0.3105595445395181,0.0012787723785166241,1.0,18.854220867156982
BlogCatalog,1,1293,33058,0.85,0.5,48,0.32207038798319293,0.0013477088948787063,1.0,18.810903787612915
BlogCatalog,1,1293,33058,0.85,0.5,49,0.2517432874580493,0.0,1.0,19.024319648742676
BlogCatalog,1,1293,33058,0.85,0.5,50,0.32022699898645945,0.001160092807424594,1.0,18.56601595878601
BlogCatalog,1,1293,35003,0.9,0.5,1,0.2517432874580493,0.0,1.0,19.649844646453857
BlogCatalog,1,1293,35003,0.9,0.5,2,0.31437627976208193,0.001303780964797914,1.0,19.578319787979126
BlogCatalog,1,1293,35003,0.9,0.5,3,0.2517432874580493,0.0,1.0,19.66836166381836
BlogCatalog,1,1293,35003,0.9,0.5,4,0.3064552930807466,0.0015082956259426848,1.0,19.261107683181763
BlogCatalog,1,1293,35003,0.9,0.5,5,0.31070325983377495,0.0014619883040935672,1.0,19.445568561553955
BlogCatalog,1,1293,35003,0.9,0.5,6,0.2517432874580493,0.0,1.0,19.65938115119934
BlogCatalog,1,1293,35003,0.9,0.5,7,0.2517432874580493,0.0,1.0,19.77746844291687
BlogCatalog,1,1293,35003,0.9,0.5,8,0.2517432874580493,0.0,1.0,19.48528504371643
BlogCatalog,1,1293,35003,0.9,0.5,9,0.2517432874580493,0.0,1.0,19.604945182800293
BlogCatalog,1,1293,35003,0.9,0.5,10,0.32321085217143836,0.0012970168612191958,1.0,19.548739671707153
BlogCatalog,1,1293,35003,0.9,0.5,11,0.3044719359607816,0.0013869625520110957,1.0,19.55303978919983
BlogCatalog,1,1293,35003,0.9,0.5,12,0.3126200115566835,0.001288659793814433,1.0,19.22872519493103
BlogCatalog,1,1293,35003,0.9,0.5,13,0.3151450684173389,0.0015151515151515152,1.0,19.52344250679016
BlogCatalog,1,1293,35003,0.9,0.5,14,0.30844169672891397,0.0012626262626262627,1.0,19.477615118026733
BlogCatalog,1,1293,35003,0.9,0.5,15,0.2517432874580493,0.0,1.0,19.679422855377197
BlogCatalog,1,1293,35003,0.9,0.5,16,0.31108674156872573,0.0013297872340425532,1.0,19.271586656570435
BlogCatalog,1,1293,35003,0.9,0.5,17,0.2517432874580493,0.0,1.0,19.62435269355774
BlogCatalog,1,1293,35003,0.9,0.5,18,0.3103486905756422,0.0013315579227696406,1.0,19.536216020584106
BlogCatalog,1,1293,35003,0.9,0.5,19,0.30571888170347183,0.0012626262626262627,1.0,19.516380786895752
BlogCatalog,1,1293,35003,0.9,0.5,20,0.3061075762102335,0.001336898395721925,1.0,19.226378679275513
BlogCatalog,1,1293,35003,0.9,0.5,21,0.2517432874580493,0.0,1.0,19.653403282165527
BlogCatalog,1,1293,35003,0.9,0.5,22,0.2517432874580493,0.0,1.0,19.72969961166382
BlogCatalog,1,1293,35003,0.9,0.5,23,0.30764495547418724,0.0013774104683195593,1.0,19.590320825576782
BlogCatalog,1,1293,35003,0.9,0.5,24,0.2517432874580493,0.0,1.0,19.44389820098877
BlogCatalog,1,1293,35003,0.9,0.5,25,0.2517432874580493,0.0,1.0,19.609591722488403
BlogCatalog,1,1293,35003,0.9,0.5,26,0.3150758054849475,0.0013831258644536654,1.0,19.487176418304443
BlogCatalog,1,1293,35003,0.9,0.5,27,0.2517432874580493,0.0,1.0,19.768267393112183
BlogCatalog,1,1293,35003,0.9,0.5,28,0.2517432874580493,0.0,1.0,19.356256246566772
BlogCatalog,1,1293,35003,0.9,0.5,29,0.2517432874580493,0.0,1.0,19.619828701019287
BlogCatalog,1,1293,35003,0.9,0.5,30,0.3072049077943212,0.001358695652173913,1.0,19.525700569152832
BlogCatalog,1,1293,35003,0.9,0.5,31,0.31330959587845497,0.0012254901960784314,1.0,19.530283212661743
BlogCatalog,1,1293,35003,0.9,0.5,32,0.2517432874580493,0.0,1.0,19.43292546272278
BlogCatalog,1,1293,35003,0.9,0.5,33,0.2517432874580493,0.0,1.0,19.638837099075317
BlogCatalog,1,1293,35003,0.9,0.5,34,0.30491260509894563,0.0013404825737265416,1.0,19.520713090896606
BlogCatalog,1,1293,35003,0.9,0.5,35,0.3257694214569267,0.0012515644555694619,1.0,19.54860830307007
BlogCatalog,1,1293,35003,0.9,0.5,36,0.30748487688295145,0.001366120218579235,1.0,19.28155827522278
BlogCatalog,1,1293,35003,0.9,0.5,37,0.3180438216844961,0.0013280212483399733,1.0,19.444146871566772
BlogCatalog,1,1293,35003,0.9,0.5,38,0.2517432874580493,0.0,1.0,19.61779236793518
BlogCatalog,1,1293,35003,0.9,0.5,39,0.3083494914675099,0.001201923076923077,1.0,19.521620750427246
BlogCatalog,1,1293,35003,0.9,0.5,40,0.3158483137315407,0.0013245033112582781,1.0,19.210488319396973
BlogCatalog,1,1293,35003,0.9,0.5,41,0.2517432874580493,0.0,1.0,19.64788842201233
BlogCatalog,1,1293,35003,0.9,0.5,42,0.31396687979096594,0.0015151515151515152,1.0,19.54218816757202
BlogCatalog,1,1293,35003,0.9,0.5,43,0.2517432874580493,0.0,1.0,19.710999727249146
BlogCatalog,1,1293,35003,0.9,0.5,44,0.2517432874580493,0.0,1.0,19.651810884475708
BlogCatalog,1,1293,35003,0.9,0.5,45,0.3197777195873599,0.0013679890560875513,1.0,19.22487449645996
BlogCatalog,1,1293,35003,0.9,0.5,46,0.31610247099758704,0.0012903225806451613,1.0,19.47681736946106
BlogCatalog,1,1293,35003,0.9,0.5,47,0.2517432874580493,0.0,1.0,19.72173237800598
BlogCatalog,1,1293,35003,0.9,0.5,48,0.2517432874580493,0.0,1.0,19.71566128730774
BlogCatalog,1,1293,35003,0.9,0.5,49,0.3041127005204998,0.00130718954248366,1.0,19.246004581451416
BlogCatalog,1,1293,35003,0.9,0.5,50,0.2517432874580493,0.0,1.0,19.612447023391724
BlogCatalog,1,1293,36947,0.95,0.5,1,0.3075675440161215,0.0012330456226880395,1.0,20.218056678771973
BlogCatalog,1,1293,36947,0.95,0.5,2,0.2517432874580493,0.0,1.0,20.064775228500366
BlogCatalog,1,1293,36947,0.95,0.5,3,0.31594810933801093,0.0012484394506866417,1.0,20.086214065551758
BlogCatalog,1,1293,36947,0.95,0.5,4,0.2517432874580493,0.0,1.0,20.357712030410767
BlogCatalog,1,1293,36947,0.95,0.5,5,0.2517432874580493,0.0,1.0,20.373626708984375
BlogCatalog,1,1293,36947,0.95,0.5,6,0.2517432874580493,0.0,1.0,20.076074838638306
BlogCatalog,1,1293,36947,0.95,0.5,7,0.3102114627199993,0.0013850415512465374,1.0,20.189415454864502
BlogCatalog,1,1293,36947,0.95,0.5,8,0.2517432874580493,0.0,1.0,20.320976972579956
BlogCatalog,1,1293,36947,0.95,0.5,9,0.2517432874580493,0.0,1.0,20.35139036178589
BlogCatalog,1,1293,36947,0.95,0.5,10,0.2517432874580493,0.0,1.0,20.352104902267456
BlogCatalog,1,1293,36947,0.95,0.5,11,0.2517432874580493,0.0,1.0,20.07444167137146
BlogCatalog,1,1293,36947,0.95,0.5,12,0.2517432874580493,0.0,1.0,20.283995389938354
BlogCatalog,1,1293,36947,0.95,0.5,13,0.2517432874580493,0.0,1.0,20.353362798690796
BlogCatalog,1,1293,36947,0.95,0.5,14,0.3098013619608427,0.0013422818791946308,1.0,20.1600501537323
BlogCatalog,1,1293,36947,0.95,0.5,15,0.2517432874580493,0.0,1.0,20.09700322151184
BlogCatalog,1,1293,36947,0.95,0.5,16,0.31268118904060727,0.0014534883720930232,1.0,20.123270750045776
BlogCatalog,1,1293,36947,0.95,0.5,17,0.30745682863472035,0.0013831258644536654,1.0,20.204901933670044
BlogCatalog,1,1293,36947,0.95,0.5,18,0.2517432874580493,0.0,1.0,20.36792254447937
BlogCatalog,1,1293,36947,0.95,0.5,19,0.2517432874580493,0.0,1.0,20.096722841262817
BlogCatalog,1,1293,36947,0.95,0.5,20,0.2517432874580493,0.0,1.0,20.340292930603027
BlogCatalog,1,1293,36947,0.95,0.5,21,0.2517432874580493,0.0,1.0,20.40687131881714
BlogCatalog,1,1293,36947,0.95,0.5,22,0.30807535749141474,0.0012626262626262627,1.0,20.267609119415283
BlogCatalog,1,1293,36947,0.95,0.5,23,0.31218372293474844,0.0013175230566534915,1.0,19.945873498916626
BlogCatalog,1,1293,36947,0.95,0.5,24,0.2517432874580493,0.0,1.0,20.34061050415039
BlogCatalog,1,1293,36947,0.95,0.5,25,0.3082737617920537,0.001336898395721925,1.0,20.25006628036499
BlogCatalog,1,1293,36947,0.95,0.5,26,0.2517432874580493,0.0,1.0,20.33561873435974
BlogCatalog,1,1293,36947,0.95,0.5,27,0.2517432874580493,0.0,1.0,20.064769983291626
BlogCatalog,1,1293,36947,0.95,0.5,28,0.2517432874580493,0.0,1.0,20.366204261779785
BlogCatalog,1,1293,36947,0.95,0.5,29,0.2517432874580493,0.0,1.0,20.462639570236206
BlogCatalog,1,1293,36947,0.95,0.5,30,0.31510083647704085,0.001358695652173913,1.0,19.90846276283264
BlogCatalog,1,1293,36947,0.95,0.5,31,0.3075373819637175,0.0012919896640826874,1.0,20.159608125686646
BlogCatalog,1,1293,36947,0.95,0.5,32,0.31251099001213545,0.0017953321364452424,1.0,20.155216455459595
BlogCatalog,1,1293,36947,0.95,0.5,33,0.2517432874580493,0.0,1.0,20.35962677001953
BlogCatalog,1,1293,36947,0.95,0.5,34,0.3081205335969622,0.001287001287001287,1.0,20.24336552619934
BlogCatalog,1,1293,36947,0.95,0.5,35,0.3173415063894139,0.0012254901960784314,1.0,19.895610094070435
BlogCatalog,1,1293,36947,0.95,0.5,36,0.30585828728345105,0.0013192612137203166,1.0,20.226353645324707
BlogCatalog,1,1293,36947,0.95,0.5,37,0.31169624633035536,0.0012484394506866417,1.0,20.29017424583435
BlogCatalog,1,1293,36947,0.95,0.5,38,0.2517432874580493,0.0,1.0,20.292492628097534
BlogCatalog,1,1293,36947,0.95,0.5,39,0.2517432874580493,0.0,1.0,20.231183290481567
BlogCatalog,1,1293,36947,0.95,0.5,40,0.3175391088080224,0.0013679890560875513,1.0,20.18739938735962
BlogCatalog,1,1293,36947,0.95,0.5,41,0.3170187743768741,0.0014265335235378032,1.0,20.191372871398926
BlogCatalog,1,1293,36947,0.95,0.5,42,0.31204090418729546,0.001314060446780552,1.0,20.134589910507202
BlogCatalog,1,1293,36947,0.95,0.5,43,0.2517432874580493,0.0,1.0,20.0857675075531
BlogCatalog,1,1293,36947,0.95,0.5,44,0.3150475237591214,0.00141643059490085,1.0,20.09827756881714
BlogCatalog,1,1293,36947,0.95,0.5,45,0.2517432874580493,0.0,1.0,20.30509901046753
BlogCatalog,1,1293,36947,0.95,0.5,46,0.307687843157401,0.0012345679012345679,1.0,20.219541788101196
BlogCatalog,1,1293,36947,0.95,0.5,47,0.31153101093932545,0.0013003901170351106,1.0,19.92023515701294
BlogCatalog,1,1293,36947,0.95,0.5,48,0.2517432874580493,0.0,1.0,20.30829095840454
BlogCatalog,1,1293,36947,0.95,0.5,49,0.31001223560736135,0.0012578616352201257,1.0,20.17725706100464
BlogCatalog,1,1293,36947,0.95,0.5,50,0.2517432874580493,0.0,1.0,20.293437242507935
BlogCatalog,1,1293,38892,1,0.5,1,0.2517432874580493,0.0,1.0,20.70347237586975
BlogCatalog,1,1293,38892,1,0.5,2,0.3099875146349388,0.0013736263736263737,1.0,20.779042959213257
BlogCatalog,1,1293,38892,1,0.5,3,0.2517432874580493,0.0,1.0,20.978118419647217
BlogCatalog,1,1293,38892,1,0.5,4,0.2517432874580493,0.0,1.0,20.98574423789978
BlogCatalog,1,1293,38892,1,0.5,5,0.3137293804859017,0.0013513513513513514,1.0,20.622756719589233
BlogCatalog,1,1293,38892,1,0.5,6,0.3168367932348432,0.0013054830287206266,1.0,20.802961826324463
BlogCatalog,1,1293,38892,1,0.5,7,0.3113675711240676,0.0014285714285714286,1.0,20.84902787208557
BlogCatalog,1,1293,38892,1,0.5,8,0.2517432874580493,0.0,1.0,21.014735460281372
BlogCatalog,1,1293,38892,1,0.5,9,0.2517432874580493,0.0,1.0,20.79715919494629
BlogCatalog,1,1293,38892,1,0.5,10,0.3123287587651844,0.0013513513513513514,1.0,20.75840950012207
BlogCatalog,1,1293,38892,1,0.5,11,0.2517432874580493,0.0,1.0,20.989808320999146
BlogCatalog,1,1293,38892,1,0.5,12,0.2517432874580493,0.0,1.0,21.01701593399048
BlogCatalog,1,1293,38892,1,0.5,13,0.2517432874580493,0.0,1.0,20.7957980632782
BlogCatalog,1,1293,38892,1,0.5,14,0.2517432874580493,0.0,1.0,20.946171045303345
BlogCatalog,1,1293,38892,1,0.5,15,0.3074388911637726,0.0013404825737265416,1.0,20.81749391555786
BlogCatalog,1,1293,38892,1,0.5,16,0.2517432874580493,0.0,1.0,21.02862811088562
BlogCatalog,1,1293,38892,1,0.5,17,0.2517432874580493,0.0,1.0,20.786394834518433
BlogCatalog,1,1293,38892,1,0.5,18,0.2517432874580493,0.0,1.0,20.919039726257324
BlogCatalog,1,1293,38892,1,0.5,19,0.3070980578692832,0.0013531799729364006,1.0,20.807263374328613
BlogCatalog,1,1293,38892,1,0.5,20,0.2517432874580493,0.0,1.0,20.998403072357178
BlogCatalog,1,1293,38892,1,0.5,21,0.3132527439854105,0.001388888888888889,1.0,20.572092056274414
BlogCatalog,1,1293,38892,1,0.5,22,0.2517432874580493,0.0,1.0,20.973400354385376
BlogCatalog,1,1293,38892,1,0.5,23,0.2517432874580493,0.0,1.0,21.00173330307007
BlogCatalog,1,1293,38892,1,0.5,24,0.2517432874580493,0.0,1.0,20.913655996322632
BlogCatalog,1,1293,38892,1,0.5,25,0.3100167041724336,0.0013404825737265416,1.0,20.510653495788574
BlogCatalog,1,1293,38892,1,0.5,26,0.3141123106593263,0.0013698630136986301,1.0,20.71422243118286
BlogCatalog,1,1293,38892,1,0.5,27,0.31608218262987153,0.0014245014245014246,1.0,20.78021478652954
BlogCatalog,1,1293,38892,1,0.5,28,0.31342565080308515,0.0013404825737265416,1.0,20.789448499679565
BlogCatalog,1,1293,38892,1,0.5,29,0.3072513464894093,0.0013812154696132596,1.0,20.50762391090393
BlogCatalog,1,1293,38892,1,0.5,30,0.2517432874580493,0.0,1.0,20.897035598754883
BlogCatalog,1,1293,38892,1,0.5,31,0.2517432874580493,0.0,1.0,21.012070894241333
BlogCatalog,1,1293,38892,1,0.5,32,0.3127643265205274,0.0012468827930174563,1.0,20.680613040924072
BlogCatalog,1,1293,38892,1,0.5,33,0.31461530747331057,0.0012578616352201257,1.0,20.549793481826782
BlogCatalog,1,1293,38892,1,0.5,34,0.2517432874580493,0.0,1.0,20.898709535598755
BlogCatalog,1,1293,38892,1,0.5,35,0.31114268963326164,0.0013986013986013986,1.0,20.773141145706177
BlogCatalog,1,1293,38892,1,0.5,36,0.31027271059411565,0.0014771048744460858,1.0,20.736491203308105
BlogCatalog,1,1293,38892,1,0.5,37,0.2517432874580493,0.0,1.0,20.67569065093994
BlogCatalog,1,1293,38892,1,0.5,38,0.2517432874580493,0.0,1.0,20.867515087127686
BlogCatalog,1,1293,38892,1,0.5,39,0.3069722356650286,0.0013192612137203166,1.0,20.811524391174316
BlogCatalog,1,1293,38892,1,0.5,40,0.2517432874580493,0.0,1.0,21.0063579082489
BlogCatalog,1,1293,38892,1,0.5,41,0.2517432874580493,0.0,1.0,21.01988911628723
BlogCatalog,1,1293,38892,1,0.5,42,0.3253623026299441,0.0014749262536873156,1.0,20.587323665618896
BlogCatalog,1,1293,38892,1,0.5,43,0.2517432874580493,0.0,1.0,20.89403223991394
BlogCatalog,1,1293,38892,1,0.5,44,0.31480446189037936,0.0013531799729364006,1.0,20.76680827140808
BlogCatalog,1,1293,38892,1,0.5,45,0.3074105407221634,0.0013440860215053765,1.0,20.811286687850952
BlogCatalog,1,1293,38892,1,0.5,46,0.2517432874580493,0.0,1.0,20.834465742111206
BlogCatalog,1,1293,38892,1,0.5,47,0.3078215470513167,0.0013003901170351106,1.0,20.736268520355225
BlogCatalog,1,1293,38892,1,0.5,48,0.3079792484176393,0.0013458950201884253,1.0,20.817133903503418
BlogCatalog,1,1293,38892,1,0.5,49,0.3144665305966974,0.0013831258644536654,1.0,20.796782970428467
BlogCatalog,1,1293,38892,1,0.5,50,0.3209553188690222,0.00125,1.0,20.52895975112915
BlogCatalog,2,1216,0,0,,0,0.34316812361086424,0.0011918951132300357,1.0,
BlogCatalog,2,1216,0,0,,0,0.39643449635485506,0.001037344398340249,1.0,
BlogCatalog,2,1216,0,0,,0,0.33402817343037555,0.0010672358591248667,1.0,
BlogCatalog,2,1216,0,0,,0,0.2517432874580493,0.0,1.0,
BlogCatalog,2,1216,0,0,,0,0.2517432874580493,0.0,1.0,
BlogCatalog,2,1216,0,0,,0,0.369076070796071,0.0009737098344693282,1.0,
BlogCatalog,2,1216,0,0,,0,0.2517432874580493,0.0,1.0,
BlogCatalog,2,1216,0,0,,0,0.2517432874580493,0.0,1.0,
BlogCatalog,2,1216,0,0,,0,0.34610559799613433,0.0010277492291880781,1.0,
BlogCatalog,2,1216,0,0,,0,0.33824306463455084,0.001040582726326743,1.0,
BlogCatalog,2,1216,0,0,,0,0.2517432874580493,0.0,1.0,
BlogCatalog,2,1216,0,0,,0,0.2517432874580493,0.0,1.0,
BlogCatalog,2,1216,0,0,,0,0.2517432874580493,0.0,1.0,
BlogCatalog,2,1216,0,0,,0,0.2517432874580493,0.0,1.0,
BlogCatalog,2,1216,0,0,,0,0.39649211433117837,0.0009643201542912247,1.0,
BlogCatalog,2,1216,0,0,,0,0.2517432874580493,0.0,1.0,
BlogCatalog,2,1216,0,0,,0,0.35230281893679943,0.0010515247108307045,1.0,
BlogCatalog,2,1216,0,0,,0,0.3555083126707424,0.001145475372279496,1.0,
BlogCatalog,2,1216,0,0,,0,0.3660624431071764,0.0011574074074074073,1.0,
BlogCatalog,2,1216,0,0,,0,0.2517432874580493,0.0,1.0,
BlogCatalog,2,1216,0,0,,0,0.2517432874580493,0.0,1.0,
BlogCatalog,2,1216,0,0,,0,0.2517432874580493,0.0,1.0,
BlogCatalog,2,1216,0,0,,0,0.34291272326887623,0.0011534025374855825,1.0,
BlogCatalog,2,1216,0,0,,0,0.3517067522076864,0.0011976047904191617,1.0,
BlogCatalog,2,1216,0,0,,0,0.34880665932695115,0.0010570824524312897,1.0,
BlogCatalog,2,1216,0,0,,0,0.3402634775669256,0.0010893246187363835,1.0,
BlogCatalog,2,1216,0,0,,0,0.37053507346378334,0.0009587727708533077,1.0,
BlogCatalog,2,1216,0,0,,0,0.3413641054101257,0.0010638297872340426,1.0,
BlogCatalog,2,1216,0,0,,0,0.2517432874580493,0.0,1.0,
BlogCatalog,2,1216,0,0,,0,0.2517432874580493,0.0,1.0,
BlogCatalog,2,1216,0,0,,0,0.3532945157310156,0.0012106537530266344,1.0,
BlogCatalog,2,1216,0,0,,0,0.34268412846482915,0.0011013215859030838,1.0,
BlogCatalog,2,1216,0,0,,0,0.451721107562724,0.0006184291898577613,0.5201005025125628,
BlogCatalog,2,1216,0,0,,0,0.3553202867272853,0.0010438413361169101,1.0,
BlogCatalog,2,1216,0,0,,0,0.2517432874580493,0.0,1.0,
BlogCatalog,2,1216,0,0,,0,0.2517432874580493,0.0,1.0,
BlogCatalog,2,1216,0,0,,0,0.35238147640742545,0.0011049723756906078,1.0,
BlogCatalog,2,1216,0,0,,0,0.2517432874580493,0.0,1.0,
BlogCatalog,2,1216,0,0,,0,0.2517432874580493,0.0,1.0,
BlogCatalog,2,1216,0,0,,0,0.3648724498118506,0.0010504201680672268,1.0,
BlogCatalog,2,1216,0,0,,0,0.34027374453899667,0.0011086474501108647,1.0,
BlogCatalog,2,1216,0,0,,0,0.39092008308396425,0.0009505703422053232,1.0,
BlogCatalog,2,1216,0,0,,0,0.36234837080871735,0.0010857763300760044,1.0,
BlogCatalog,2,1216,0,0,,0,0.3517853698026658,0.0012165450121654502,1.0,
BlogCatalog,2,1216,0,0,,0,0.2517432874580493,0.0,1.0,
BlogCatalog,2,1216,0,0,,0,0.2517432874580493,0.0,1.0,
BlogCatalog,2,1216,0,0,,0,0.2517432874580493,0.0,1.0,
BlogCatalog,2,1216,0,0,,0,0.3761209807970392,0.0009523809523809524,1.0,
BlogCatalog,2,1216,0,0,,0,0.2517432874580493,0.0,1.0,
BlogCatalog,2,1216,0,0,,0,0.3439063235409541,0.0010460251046025104,1.0,
BlogCatalog,2,1216,84,0.01,0.5,1,0.35547505039964716,0.0011723329425556857,1.0,7.6105637550354
BlogCatalog,2,1216,84,0.01,0.5,2,0.2517432874580493,0.0,1.0,7.958925485610962
BlogCatalog,2,1216,84,0.01,0.5,3,0.2517432874580493,0.0,1.0,7.670232772827148
BlogCatalog,2,1216,84,0.01,0.5,4,0.2517432874580493,0.0,1.0,7.856437683105469
BlogCatalog,2,1216,84,0.01,0.5,5,0.2517432874580493,0.0,1.0,7.8697450160980225
BlogCatalog,2,1216,84,0.01,0.5,6,0.35430176244833866,0.0011074197120708748,1.0,7.490297555923462
BlogCatalog,2,1216,84,0.01,0.5,7,0.2517432874580493,0.0,1.0,7.8921661376953125
BlogCatalog,2,1216,84,0.01,0.5,8,0.2517432874580493,0.0,1.0,7.871206045150757
BlogCatalog,2,1216,84,0.01,0.5,9,0.36191921808917576,0.0010604453870625664,1.0,7.787781715393066
BlogCatalog,2,1216,84,0.01,0.5,10,0.2517432874580493,0.0,1.0,7.6527259349823
BlogCatalog,2,1216,84,0.01,0.5,11,0.33805781442562965,0.0010822510822510823,1.0,7.684451103210449
BlogCatalog,2,1216,84,0.01,0.5,12,0.3576094175274783,0.0010515247108307045,1.0,7.689086675643921
BlogCatalog,2,1216,84,0.01,0.5,13,0.2517432874580493,0.0,1.0,7.6414971351623535
BlogCatalog,2,1216,84,0.01,0.5,14,0.3498257107390487,0.0010741138560687433,1.0,7.698637247085571
BlogCatalog,2,1216,84,0.01,0.5,15,0.3607541192732394,0.0011376564277588168,1.0,7.763226270675659
BlogCatalog,2,1216,84,0.01,0.5,16,0.2517432874580493,0.0,1.0,7.64962363243103
BlogCatalog,2,1216,84,0.01,0.5,17,0.3419176196625332,0.0011025358324145535,1.0,7.674352645874023
BlogCatalog,2,1216,84,0.01,0.5,18,0.3546084110941278,0.0011534025374855825,1.0,7.716802358627319
BlogCatalog,2,1216,84,0.01,0.5,19,0.2517432874580493,0.0,1.0,7.637822151184082
BlogCatalog,2,1216,84,0.01,0.5,20,0.3435018737278258,0.0012453300124533001,1.0,7.655296325683594
BlogCatalog,2,1216,84,0.01,0.5,21,0.3401912372368401,0.0010718113612004287,1.0,7.687753915786743
BlogCatalog,2,1216,84,0.01,0.5,22,0.38985892133285294,0.0009532888465204957,1.0,7.483520984649658
BlogCatalog,2,1216,84,0.01,0.5,23,0.2517432874580493,0.0,1.0,7.9107537269592285
BlogCatalog,2,1216,84,0.01,0.5,24,0.3518117707028919,0.0009881422924901185,1.0,7.705742835998535
BlogCatalog,2,1216,84,0.01,0.5,25,0.35504511188099686,0.0010905125408942203,1.0,7.488952398300171
BlogCatalog,2,1216,84,0.01,0.5,26,0.4348646279676983,0.0009345794392523365,1.0,7.686011075973511
BlogCatalog,2,1216,84,0.01,0.5,27,0.2517432874580493,0.0,1.0,7.953226089477539
BlogCatalog,2,1216,84,0.01,0.5,28,0.2517432874580493,0.0,1.0,7.62614107131958
BlogCatalog,2,1216,84,0.01,0.5,29,0.34144200129844215,0.0011723329425556857,1.0,7.651767253875732
BlogCatalog,2,1216,84,0.01,0.5,30,0.3463351852407193,0.0011123470522803114,1.0,7.680712699890137
BlogCatalog,2,1216,84,0.01,0.5,31,0.2517432874580493,0.0,1.0,7.884118318557739
BlogCatalog,2,1216,84,0.01,0.5,32,0.3495829118045881,0.0011261261261261261,1.0,7.474894046783447
BlogCatalog,2,1216,84,0.01,0.5,33,0.3869016539148708,0.0012515644555694619,1.0,7.662952423095703
BlogCatalog,2,1216,84,0.01,0.5,34,0.340052771547211,0.0011862396204033216,1.0,7.521402597427368
BlogCatalog,2,1216,84,0.01,0.5,35,0.3474442893677002,0.0011655011655011655,1.0,7.699074029922485
BlogCatalog,2,1216,84,0.01,0.5,36,0.3377006078401394,0.0011074197120708748,1.0,7.665762186050415
BlogCatalog,2,1216,84,0.01,0.5,37,0.2517432874580493,0.0,1.0,7.628669261932373
BlogCatalog,2,1216,84,0.01,0.5,38,0.3840472392401962,0.0010070493454179255,1.0,7.697213411331177
BlogCatalog,2,1216,84,0.01,0.5,39,0.2517432874580493,0.0,1.0,7.821446657180786
BlogCatalog,2,1216,84,0.01,0.5,40,0.2517432874580493,0.0,1.0,7.881834268569946
BlogCatalog,2,1216,84,0.01,0.5,41,0.2517432874580493,0.0,1.0,7.655184984207153
BlogCatalog,2,1216,84,0.01,0.5,42,0.3618256069776839,0.0011614401858304297,1.0,7.662333011627197
BlogCatalog,2,1216,84,0.01,0.5,43,0.348924549164404,0.0011614401858304297,1.0,7.694265842437744
BlogCatalog,2,1216,84,0.01,0.5,44,0.2517432874580493,0.0,1.0,7.668737411499023
BlogCatalog,2,1216,84,0.01,0.5,45,0.2517432874580493,0.0,1.0,7.823556661605835
BlogCatalog,2,1216,84,0.01,0.5,46,0.34852173177899737,0.0011534025374855825,1.0,7.713364124298096
BlogCatalog,2,1216,84,0.01,0.5,47,0.36407427785851676,0.001095290251916758,1.0,7.463543176651001
BlogCatalog,2,1216,84,0.01,0.5,48,0.3394886153793132,0.0011013215859030838,1.0,7.6632208824157715
BlogCatalog,2,1216,84,0.01,0.5,49,0.3413948397722591,0.0011061946902654867,1.0,7.802690029144287
BlogCatalog,2,1216,84,0.01,0.5,50,0.3371842453656893,0.0011235955056179776,1.0,7.470233201980591
BlogCatalog,2,1216,421,0.05,0.5,1,0.2517432874580493,0.0,1.0,7.945708751678467
BlogCatalog,2,1216,421,0.05,0.5,2,0.2517432874580493,0.0,1.0,7.940481424331665
BlogCatalog,2,1216,421,0.05,0.5,3,0.3417546633424752,0.0011312217194570137,1.0,7.548039674758911
BlogCatalog,2,1216,421,0.05,0.5,4,0.2517432874580493,0.0,1.0,7.9693193435668945
BlogCatalog,2,1216,421,0.05,0.5,5,0.3556254255217708,0.0011507479861910242,1.0,7.792127847671509
BlogCatalog,2,1216,421,0.05,0.5,6,0.3509958524262909,0.0011273957158962795,1.0,7.912246942520142
BlogCatalog,2,1216,421,0.05,0.5,7,0.3473774276090185,0.0010626992561105207,1.0,7.614066123962402
BlogCatalog,2,1216,421,0.05,0.5,8,0.3356144650154939,0.00117096018735363,1.0,7.758291721343994
BlogCatalog,2,1216,421,0.05,0.5,9,0.34549127614872216,0.001152073732718894,1.0,7.792370557785034
BlogCatalog,2,1216,421,0.05,0.5,10,0.2517432874580493,0.0,1.0,7.766457796096802
BlogCatalog,2,1216,421,0.05,0.5,11,0.3524959661669424,0.0010604453870625664,1.0,7.806991338729858
BlogCatalog,2,1216,421,0.05,0.5,12,0.3553569684952052,0.0011098779134295228,1.0,7.776284456253052
BlogCatalog,2,1216,421,0.05,0.5,13,0.33974498352868093,0.0011037527593818985,1.0,7.56299090385437
BlogCatalog,2,1216,421,0.05,0.5,14,0.34600403488406567,0.0011198208286674132,1.0,7.839564323425293
BlogCatalog,2,1216,421,0.05,0.5,15,0.2517432874580493,0.0,1.0,7.980337619781494
BlogCatalog,2,1216,421,0.05,0.5,16,0.35831724320176667,0.0010976948408342481,1.0,7.79277491569519
BlogCatalog,2,1216,421,0.05,0.5,17,0.35208886884118895,0.0011261261261261261,1.0,7.5850419998168945
BlogCatalog,2,1216,421,0.05,0.5,18,0.3651636947166374,0.001142857142857143,1.0,7.8006064891815186
BlogCatalog,2,1216,421,0.05,0.5,19,0.2517432874580493,0.0,1.0,8.081374645233154
BlogCatalog,2,1216,421,0.05,0.5,20,0.2517432874580493,0.0,1.0,7.771552562713623
BlogCatalog,2,1216,421,0.05,0.5,21,0.3662730197654007,0.0010351966873706005,1.0,7.766695022583008
BlogCatalog,2,1216,421,0.05,0.5,22,0.2517432874580493,0.0,1.0,7.992954254150391
BlogCatalog,2,1216,421,0.05,0.5,23,0.2517432874580493,0.0,1.0,7.740872621536255
BlogCatalog,2,1216,421,0.05,0.5,24,0.2517432874580493,0.0,1.0,7.997375726699829
BlogCatalog,2,1216,421,0.05,0.5,25,0.34737723042328916,0.0010787486515641855,1.0,7.7832818031311035
BlogCatalog,2,1216,421,0.05,0.5,26,0.3981980517973473,0.0009578544061302681,1.0,7.571990013122559
BlogCatalog,2,1216,421,0.05,0.5,27,0.2517432874580493,0.0,1.0,8.017364263534546
BlogCatalog,2,1216,421,0.05,0.5,28,0.3573671936070432,0.0011918951132300357,1.0,7.776905536651611
BlogCatalog,2,1216,421,0.05,0.5,29,0.369553468105767,0.0011560693641618498,1.0,7.808763742446899
BlogCatalog,2,1216,421,0.05,0.5,30,0.3576740304846225,0.0011299435028248588,1.0,7.6005799770355225
BlogCatalog,2,1216,421,0.05,0.5,31,0.33692809928653217,0.0010869565217391304,1.0,7.77225136756897
BlogCatalog,2,1216,421,0.05,0.5,32,0.2517432874580493,0.0,1.0,8.013052701950073
BlogCatalog,2,1216,421,0.05,0.5,33,0.2517432874580493,0.0,1.0,7.790712356567383
BlogCatalog,2,1216,421,0.05,0.5,34,0.2517432874580493,0.0,1.0,7.9627697467803955
BlogCatalog,2,1216,421,0.05,0.5,35,0.2517432874580493,0.0,1.0,8.056679964065552
BlogCatalog,2,1216,421,0.05,0.5,36,0.3526119772551186,0.001128668171557562,1.0,7.593091249465942
BlogCatalog,2,1216,421,0.05,0.5,37,0.3573697627483361,0.0010660980810234541,1.0,7.7735443115234375
BlogCatalog,2,1216,421,0.05,0.5,38,0.2517432874580493,0.0,1.0,7.998963832855225
BlogCatalog,2,1216,421,0.05,0.5,39,0.2517432874580493,0.0,1.0,7.766416788101196
BlogCatalog,2,1216,421,0.05,0.5,40,0.3510244539257755,0.001177856301531213,1.0,7.796595573425293
BlogCatalog,2,1216,421,0.05,0.5,41,0.35142285036553517,0.0010787486515641855,1.0,7.89384126663208
BlogCatalog,2,1216,421,0.05,0.5,42,0.37068099973567087,0.0010080645161290322,1.0,7.5799384117126465
BlogCatalog,2,1216,421,0.05,0.5,43,0.2517432874580493,0.0,1.0,7.969525575637817
BlogCatalog,2,1216,421,0.05,0.5,44,0.2517432874580493,0.0,1.0,7.9469475746154785
BlogCatalog,2,1216,421,0.05,0.5,45,0.429663989327123,0.0005842827928717499,0.7937185929648242,7.588275671005249
BlogCatalog,2,1216,421,0.05,0.5,46,0.3551432626413937,0.001201923076923077,1.0,7.788564682006836
BlogCatalog,2,1216,421,0.05,0.5,47,0.2517432874580493,0.0,1.0,7.958848237991333
BlogCatalog,2,1216,421,0.05,0.5,48,0.3497369320390572,0.0011961722488038277,1.0,7.559887409210205
BlogCatalog,2,1216,421,0.05,0.5,49,0.3433801347483831,0.001218026796589525,1.0,7.823896884918213
BlogCatalog,2,1216,421,0.05,0.5,50,0.36101558537319334,0.0009813542688910696,1.0,7.79263162612915
BlogCatalog,2,1216,842,0.1,0.5,1,0.2517432874580493,0.0,1.0,8.109458446502686
BlogCatalog,2,1216,842,0.1,0.5,2,0.35325438908716145,0.0010548523206751054,1.0,7.685314655303955
BlogCatalog,2,1216,842,0.1,0.5,3,0.36150370479143196,0.0011160714285714285,1.0,7.886439085006714
BlogCatalog,2,1216,842,0.1,0.5,4,0.34839513732764016,0.0010857763300760044,1.0,7.9168336391448975
BlogCatalog,2,1216,842,0.1,0.5,5,0.3769986716992537,0.0010319917440660474,1.0,7.722414255142212
BlogCatalog,2,1216,842,0.1,0.5,6,0.3347084316796619,0.0010857763300760044,1.0,7.913538217544556
BlogCatalog,2,1216,842,0.1,0.5,7,0.3540542623849642,0.001141552511415525,1.0,7.961654424667358
BlogCatalog,2,1216,842,0.1,0.5,8,0.2517432874580493,0.0,1.0,7.894432544708252
BlogCatalog,2,1216,842,0.1,0.5,9,0.3517391774627046,0.0011148272017837235,1.0,7.942242860794067
BlogCatalog,2,1216,842,0.1,0.5,10,0.3378651518032767,0.001152073732718894,1.0,7.937865257263184
BlogCatalog,2,1216,842,0.1,0.5,11,0.3498836009846295,0.0011534025374855825,1.0,7.709835529327393
BlogCatalog,2,1216,842,0.1,0.5,12,0.2517432874580493,0.0,1.0,8.16830587387085
BlogCatalog,2,1216,842,0.1,0.5,13,0.3465038276405704,0.0011299435028248588,1.0,7.921578407287598
BlogCatalog,2,1216,842,0.1,0.5,14,0.35885423875367356,0.0011013215859030838,1.0,7.9923834800720215
BlogCatalog,2,1216,842,0.1,0.5,15,0.2517432874580493,0.0,1.0,7.8943023681640625
BlogCatalog,2,1216,842,0.1,0.5,16,0.35392073204015606,0.0011013215859030838,1.0,7.908678770065308
BlogCatalog,2,1216,842,0.1,0.5,17,0.2517432874580493,0.0,1.0,8.101988077163696
BlogCatalog,2,1216,842,0.1,0.5,18,0.2517432874580493,0.0,1.0,7.863767147064209
BlogCatalog,2,1216,842,0.1,0.5,19,0.35124926257985567,0.0011074197120708748,1.0,7.974879741668701
BlogCatalog,2,1216,842,0.1,0.5,20,0.34708620489614334,0.0011325028312570782,1.0,7.919283390045166
BlogCatalog,2,1216,842,0.1,0.5,21,0.35461297549164794,0.0011918951132300357,1.0,7.938771486282349
BlogCatalog,2,1216,842,0.1,0.5,22,0.2517432874580493,0.0,1.0,7.905138731002808
BlogCatalog,2,1216,842,0.1,0.5,23,0.34198996480152105,0.0012515644555694619,1.0,7.903058052062988
BlogCatalog,2,1216,842,0.1,0.5,24,0.2517432874580493,0.0,1.0,8.178743600845337
BlogCatalog,2,1216,842,0.1,0.5,25,0.34716799160244205,0.0011507479861910242,1.0,7.723526239395142
BlogCatalog,2,1216,842,0.1,0.5,26,0.38262359613799213,0.001034126163391934,1.0,7.936563968658447
BlogCatalog,2,1216,842,0.1,0.5,27,0.2517432874580493,0.0,1.0,8.075472831726074
BlogCatalog,2,1216,842,0.1,0.5,28,0.35105446621957026,0.0011494252873563218,1.0,7.753819942474365
BlogCatalog,2,1216,842,0.1,0.5,29,0.2517432874580493,0.0,1.0,8.123833179473877
BlogCatalog,2,1216,842,0.1,0.5,30,0.3508413978054217,0.0010515247108307045,1.0,7.922906875610352
BlogCatalog,2,1216,842,0.1,0.5,31,0.2517432874580493,0.0,1.0,8.103209495544434
BlogCatalog,2,1216,842,0.1,0.5,32,0.3447149368274568,0.001040582726326743,1.0,7.737112045288086
BlogCatalog,2,1216,842,0.1,0.5,33,0.33209859745303205,0.001076426264800861,1.0,7.9084813594818115
BlogCatalog,2,1216,842,0.1,0.5,34,0.2517432874580493,0.0,1.0,8.114528894424438
BlogCatalog,2,1216,842,0.1,0.5,35,0.2517432874580493,0.0,1.0,7.913731813430786
BlogCatalog,2,1216,842,0.1,0.5,36,0.2517432874580493,0.0,1.0,8.117266654968262
BlogCatalog,2,1216,842,0.1,0.5,37,0.3541304269390493,0.0010460251046025104,1.0,8.0256986618042
BlogCatalog,2,1216,842,0.1,0.5,38,0.3554469316005118,0.0011061946902654867,1.0,7.757232189178467
BlogCatalog,2,1216,842,0.1,0.5,39,0.2517432874580493,0.0,1.0,8.050310611724854
BlogCatalog,2,1216,842,0.1,0.5,40,0.2517432874580493,0.0,1.0,8.11016297340393
BlogCatalog,2,1216,842,0.1,0.5,41,0.36378648608306646,0.0010460251046025104,1.0,7.740407466888428
BlogCatalog,2,1216,842,0.1,0.5,42,0.39373645184429623,0.0009596928982725527,1.0,7.924125671386719
BlogCatalog,2,1216,842,0.1,0.5,43,0.3523225758405022,0.0010822510822510823,1.0,7.8995935916900635
BlogCatalog,2,1216,842,0.1,0.5,44,0.3539614116561804,0.0010395010395010396,1.0,7.674426078796387
BlogCatalog,2,1216,842,0.1,0.5,45,0.2517432874580493,0.0,1.0,8.144912719726562
BlogCatalog,2,1216,842,0.1,0.5,46,0.342276047312993,0.0010964912280701754,1.0,7.922728061676025
BlogCatalog,2,1216,842,0.1,0.5,47,0.34613512416339237,0.0011574074074074073,1.0,7.92516303062439
BlogCatalog,2,1216,842,0.1,0.5,48,0.2517432874580493,0.0,1.0,7.9094767570495605
BlogCatalog,2,1216,842,0.1,0.5,49,0.2517432874580493,0.0,1.0,8.102818012237549
BlogCatalog,2,1216,842,0.1,0.5,50,0.2517432874580493,0.0,1.0,8.137624263763428
BlogCatalog,2,1216,1263,0.15,0.5,1,0.2517432874580493,0.0,1.0,8.029505014419556
BlogCatalog,2,1216,1263,0.15,0.5,2,0.347045998246694,0.0010672358591248667,1.0,8.026530504226685
BlogCatalog,2,1216,1263,0.15,0.5,3,0.34199582292821784,0.001142857142857143,1.0,8.055947303771973
BlogCatalog,2,1216,1263,0.15,0.5,4,0.36510455072911857,0.0010834236186348862,1.0,8.103470802307129
BlogCatalog,2,1216,1263,0.15,0.5,5,0.2517432874580493,0.0,1.0,8.032588005065918
BlogCatalog,2,1216,1263,0.15,0.5,6,0.3393434981159425,0.0011750881316098707,1.0,8.069882154464722
BlogCatalog,2,1216,1263,0.15,0.5,7,0.36092452973790995,0.0010214504596527069,1.0,8.088834047317505
BlogCatalog,2,1216,1263,0.15,0.5,8,0.3361021811005353,0.0011376564277588168,1.0,7.8575544357299805
BlogCatalog,2,1216,1263,0.15,0.5,9,0.2517432874580493,0.0,1.0,8.208916187286377
BlogCatalog,2,1216,1263,0.15,0.5,10,0.2517432874580493,0.0,1.0,8.251312255859375
BlogCatalog,2,1216,1263,0.15,0.5,11,0.2517432874580493,0.0,1.0,8.03290057182312
BlogCatalog,2,1216,1263,0.15,0.5,12,0.2517432874580493,0.0,1.0,8.188181400299072
BlogCatalog,2,1216,1263,0.15,0.5,13,0.2517432874580493,0.0,1.0,8.226415634155273
BlogCatalog,2,1216,1263,0.15,0.5,14,0.2517432874580493,0.0,1.0,8.260046005249023
BlogCatalog,2,1216,1263,0.15,0.5,15,0.3378653786112047,0.0010718113612004287,1.0,7.852036952972412
BlogCatalog,2,1216,1263,0.15,0.5,16,0.3483220687206523,0.0011933174224343676,1.0,8.040681838989258
BlogCatalog,2,1216,1263,0.15,0.5,17,0.3616794015111203,0.0010940919037199124,1.0,8.16686749458313
BlogCatalog,2,1216,1263,0.15,0.5,18,0.2517432874580493,0.0,1.0,8.017283916473389
BlogCatalog,2,1216,1263,0.15,0.5,19,0.32872726261189156,0.0011507479861910242,1.0,8.052682638168335
BlogCatalog,2,1216,1263,0.15,0.5,20,0.2517432874580493,0.0,1.0,8.270612716674805
BlogCatalog,2,1216,1263,0.15,0.5,21,0.2517432874580493,0.0,1.0,8.036469459533691
BlogCatalog,2,1216,1263,0.15,0.5,22,0.3503675264869937,0.0011614401858304297,1.0,8.045686483383179
BlogCatalog,2,1216,1263,0.15,0.5,23,0.2517432874580493,0.0,1.0,8.289576053619385
BlogCatalog,2,1216,1263,0.15,0.5,24,0.2517432874580493,0.0,1.0,8.016282796859741
BlogCatalog,2,1216,1263,0.15,0.5,25,0.2517432874580493,0.0,1.0,8.238062381744385
BlogCatalog,2,1216,1263,0.15,0.5,26,0.2517432874580493,0.0,1.0,8.330031156539917
BlogCatalog,2,1216,1263,0.15,0.5,27,0.34614835612142847,0.0011135857461024498,1.0,7.849754333496094
BlogCatalog,2,1216,1263,0.15,0.5,28,0.3470340534601946,0.001160092807424594,1.0,8.047713041305542
BlogCatalog,2,1216,1263,0.15,0.5,29,0.33945407672344285,0.0011947431302270011,1.0,8.069581508636475
BlogCatalog,2,1216,1263,0.15,0.5,30,0.2517432874580493,0.0,1.0,8.016276836395264
BlogCatalog,2,1216,1263,0.15,0.5,31,0.3686276254029972,0.0010351966873706005,1.0,8.116536855697632
BlogCatalog,2,1216,1263,0.15,0.5,32,0.2517432874580493,0.0,1.0,8.248551845550537
BlogCatalog,2,1216,1263,0.15,0.5,33,0.3555479564990083,0.0012224938875305623,1.0,7.802762031555176
BlogCatalog,2,1216,1263,0.15,0.5,34,0.2517432874580493,0.0,1.0,8.28428602218628
BlogCatalog,2,1216,1263,0.15,0.5,35,0.3554871163795193,0.001145475372279496,1.0,8.002835273742676
BlogCatalog,2,1216,1263,0.15,0.5,36,0.2517432874580493,0.0,1.0,8.364923000335693
BlogCatalog,2,1216,1263,0.15,0.5,37,0.2517432874580493,0.0,1.0,8.040186405181885
BlogCatalog,2,1216,1263,0.15,0.5,38,0.36216567981352404,0.0010626992561105207,1.0,8.009486436843872
BlogCatalog,2,1216,1263,0.15,0.5,39,0.2517432874580493,0.0,1.0,8.21367859840393
BlogCatalog,2,1216,1263,0.15,0.5,40,0.2517432874580493,0.0,1.0,8.266960382461548
BlogCatalog,2,1216,1263,0.15,0.5,41,0.3459355691841069,0.0010615711252653928,1.0,7.832200288772583
BlogCatalog,2,1216,1263,0.15,0.5,42,0.3510324498305313,0.001098901098901099,1.0,8.050919532775879
BlogCatalog,2,1216,1263,0.15,0.5,43,0.34299297662092015,0.001218026796589525,1.0,8.07202410697937
BlogCatalog,2,1216,1263,0.15,0.5,44,0.2517432874580493,0.0,1.0,8.02324891090393
BlogCatalog,2,1216,1263,0.15,0.5,45,0.35318081769385656,0.0012406947890818859,1.0,8.07860016822815
BlogCatalog,2,1216,1263,0.15,0.5,46,0.34375531403875864,0.0011299435028248588,1.0,8.093230485916138
BlogCatalog,2,1216,1263,0.15,0.5,47,0.2517432874580493,0.0,1.0,8.033935070037842
BlogCatalog,2,1216,1263,0.15,0.5,48,0.2517432874580493,0.0,1.0,8.231515169143677
BlogCatalog,2,1216,1263,0.15,0.5,49,0.3463742093767014,0.0010893246187363835,1.0,8.0637686252594
BlogCatalog,2,1216,1263,0.15,0.5,50,0.35017737111280334,0.0011210762331838565,1.0,7.850648403167725
BlogCatalog,2,1216,1684,0.2,0.5,1,0.2517432874580493,0.0,1.0,8.411948919296265
BlogCatalog,2,1216,1684,0.2,0.5,2,0.2517432874580493,0.0,1.0,8.37424087524414
BlogCatalog,2,1216,1684,0.2,0.5,3,0.33556084953220977,0.0010857763300760044,1.0,7.9891722202301025
BlogCatalog,2,1216,1684,0.2,0.5,4,0.34098192368515884,0.0010570824524312897,1.0,8.226786613464355
BlogCatalog,2,1216,1684,0.2,0.5,5,0.2517432874580493,0.0,1.0,8.371753454208374
BlogCatalog,2,1216,1684,0.2,0.5,6,0.33886678652917146,0.0011235955056179776,1.0,7.986439943313599
BlogCatalog,2,1216,1684,0.2,0.5,7,0.2517432874580493,0.0,1.0,8.365679025650024
BlogCatalog,2,1216,1684,0.2,0.5,8,0.33764209362203434,0.0010976948408342481,1.0,8.195302963256836
BlogCatalog,2,1216,1684,0.2,0.5,9,0.36086903184292346,0.0011037527593818985,1.0,8.264237880706787
BlogCatalog,2,1216,1684,0.2,0.5,10,0.2517432874580493,0.0,1.0,8.12909722328186
BlogCatalog,2,1216,1684,0.2,0.5,11,0.341533933751129,0.0011086474501108647,1.0,8.18068552017212
BlogCatalog,2,1216,1684,0.2,0.5,12,0.34572330483456787,0.0011312217194570137,1.0,8.267342329025269
BlogCatalog,2,1216,1684,0.2,0.5,13,0.3409391634445721,0.0010626992561105207,1.0,7.971293687820435
BlogCatalog,2,1216,1684,0.2,0.5,14,0.2517432874580493,0.0,1.0,8.349860191345215
BlogCatalog,2,1216,1684,0.2,0.5,15,0.354934442014187,0.0011086474501108647,1.0,8.214046716690063
BlogCatalog,2,1216,1684,0.2,0.5,16,0.3542223854422581,0.0010638297872340426,1.0,7.974191665649414
BlogCatalog,2,1216,1684,0.2,0.5,17,0.3619991230784626,0.0011695906432748538,1.0,8.163785457611084
BlogCatalog,2,1216,1684,0.2,0.5,18,0.2517432874580493,0.0,1.0,8.365171670913696
BlogCatalog,2,1216,1684,0.2,0.5,19,0.34958057901601736,0.001152073732718894,1.0,8.233099460601807
BlogCatalog,2,1216,1684,0.2,0.5,20,0.2517432874580493,0.0,1.0,8.145517826080322
BlogCatalog,2,1216,1684,0.2,0.5,21,0.2517432874580493,0.0,1.0,8.362396240234375
BlogCatalog,2,1216,1684,0.2,0.5,22,0.2517432874580493,0.0,1.0,8.397286176681519
BlogCatalog,2,1216,1684,0.2,0.5,23,0.2517432874580493,0.0,1.0,8.173727750778198
BlogCatalog,2,1216,1684,0.2,0.5,24,0.36409840079585376,0.0011337868480725624,1.0,8.193202257156372
BlogCatalog,2,1216,1684,0.2,0.5,25,0.2517432874580493,0.0,1.0,8.384305477142334
BlogCatalog,2,1216,1684,0.2,0.5,26,0.34702681054489765,0.0010787486515641855,1.0,8.003612518310547
BlogCatalog,2,1216,1684,0.2,0.5,27,0.352212833527849,0.0011111111111111111,1.0,8.136491298675537
BlogCatalog,2,1216,1684,0.2,0.5,28,0.2517432874580493,0.0,1.0,8.365326404571533
BlogCatalog,2,1216,1684,0.2,0.5,29,0.2517432874580493,0.0,1.0,8.110612392425537
BlogCatalog,2,1216,1684,0.2,0.5,30,0.34238517143878455,0.0011737089201877935,1.0,8.235763549804688
BlogCatalog,2,1216,1684,0.2,0.5,31,0.2517432874580493,0.0,1.0,8.38715124130249
BlogCatalog,2,1216,1684,0.2,0.5,32,0.32960060211961834,0.0011312217194570137,1.0,8.215646266937256
BlogCatalog,2,1216,1684,0.2,0.5,33,0.2517432874580493,0.0,1.0,8.173948764801025
BlogCatalog,2,1216,1684,0.2,0.5,34,0.2517432874580493,0.0,1.0,8.357243537902832
BlogCatalog,2,1216,1684,0.2,0.5,35,0.359025961509951,0.001141552511415525,1.0,8.210151433944702
BlogCatalog,2,1216,1684,0.2,0.5,36,0.3383906301530832,0.0011312217194570137,1.0,7.995382070541382
BlogCatalog,2,1216,1684,0.2,0.5,37,0.3486657033882226,0.0010559662090813093,1.0,8.173321008682251
BlogCatalog,2,1216,1684,0.2,0.5,38,0.34101983926384094,0.0011350737797956867,1.0,8.223760604858398
BlogCatalog,2,1216,1684,0.2,0.5,39,0.2517432874580493,0.0,1.0,8.161295413970947
BlogCatalog,2,1216,1684,0.2,0.5,40,0.2517432874580493,0.0,1.0,8.36656928062439
BlogCatalog,2,1216,1684,0.2,0.5,41,0.3520207037132916,0.0010976948408342481,1.0,8.304317951202393
BlogCatalog,2,1216,1684,0.2,0.5,42,0.2517432874580493,0.0,1.0,8.15938687324524
BlogCatalog,2,1216,1684,0.2,0.5,43,0.34427491095868423,0.0011325028312570782,1.0,8.163397789001465
BlogCatalog,2,1216,1684,0.2,0.5,44,0.3451535472948297,0.0011467889908256881,1.0,8.307562828063965
BlogCatalog,2,1216,1684,0.2,0.5,45,0.33901090067575734,0.0013297872340425532,1.0,7.952450513839722
BlogCatalog,2,1216,1684,0.2,0.5,46,0.3512171510371653,0.001037344398340249,1.0,8.160646677017212
BlogCatalog,2,1216,1684,0.2,0.5,47,0.2517432874580493,0.0,1.0,8.358833312988281
BlogCatalog,2,1216,1684,0.2,0.5,48,0.3420637277733423,0.0011025358324145535,1.0,8.195497274398804
BlogCatalog,2,1216,1684,0.2,0.5,49,0.35338689898096093,0.001145475372279496,1.0,7.965853691101074
BlogCatalog,2,1216,1684,0.2,0.5,50,0.36039636705207273,0.0010362694300518134,1.0,8.19503664970398
BlogCatalog,2,1216,2104,0.25,0.5,1,0.35578975507468763,0.0010905125408942203,1.0,8.336095809936523
BlogCatalog,2,1216,2104,0.25,0.5,2,0.2517432874580493,0.0,1.0,8.304890632629395
BlogCatalog,2,1216,2104,0.25,0.5,3,0.3723581182731682,0.0010741138560687433,1.0,8.259305000305176
BlogCatalog,2,1216,2104,0.25,0.5,4,0.34251966786115223,0.0010741138560687433,1.0,8.336993932723999
BlogCatalog,2,1216,2104,0.25,0.5,5,0.34867582170294564,0.001049317943336831,1.0,8.105194568634033
BlogCatalog,2,1216,2104,0.25,0.5,6,0.33907535719966425,0.0010683760683760685,1.0,8.323793649673462
BlogCatalog,2,1216,2104,0.25,0.5,7,0.355508972107737,0.0011402508551881414,1.0,8.302430868148804
BlogCatalog,2,1216,2104,0.25,0.5,8,0.2517432874580493,0.0,1.0,8.245135307312012
BlogCatalog,2,1216,2104,0.25,0.5,9,0.34194290562766594,0.001081081081081081,1.0,8.386099100112915
BlogCatalog,2,1216,2104,0.25,0.5,10,0.3527304814460794,0.0011325028312570782,1.0,8.29586935043335
BlogCatalog,2,1216,2104,0.25,0.5,11,0.3422784264549961,0.0010834236186348862,1.0,8.087407112121582
BlogCatalog,2,1216,2104,0.25,0.5,12,0.33621440333593317,0.0010905125408942203,1.0,8.379167795181274
BlogCatalog,2,1216,2104,0.25,0.5,13,0.2517432874580493,0.0,1.0,8.49657678604126
BlogCatalog,2,1216,2104,0.25,0.5,14,0.2517432874580493,0.0,1.0,8.512870073318481
BlogCatalog,2,1216,2104,0.25,0.5,15,0.3559011860334856,0.0012048192771084338,1.0,8.088266372680664
BlogCatalog,2,1216,2104,0.25,0.5,16,0.2517432874580493,0.0,1.0,8.511960506439209
BlogCatalog,2,1216,2104,0.25,0.5,17,0.34259739163214126,0.0011389521640091116,1.0,8.389087200164795
BlogCatalog,2,1216,2104,0.25,0.5,18,0.2517432874580493,0.0,1.0,8.324369192123413
BlogCatalog,2,1216,2104,0.25,0.5,19,0.35164501803526077,0.0011668611435239206,1.0,8.317495584487915
BlogCatalog,2,1216,2104,0.25,0.5,20,0.34653515060512136,0.001081081081081081,1.0,8.335503578186035
BlogCatalog,2,1216,2104,0.25,0.5,21,0.35380112344096987,0.0010277492291880781,1.0,8.108092784881592
BlogCatalog,2,1216,2104,0.25,0.5,22,0.2517432874580493,0.0,1.0,8.54775595664978
BlogCatalog,2,1216,2104,0.25,0.5,23,0.2517432874580493,0.0,1.0,8.505543947219849
BlogCatalog,2,1216,2104,0.25,0.5,24,0.33590053485888927,0.0010845986984815619,1.0,8.345842838287354
BlogCatalog,2,1216,2104,0.25,0.5,25,0.34540514363594166,0.001076426264800861,1.0,8.100032091140747
BlogCatalog,2,1216,2104,0.25,0.5,26,0.2517432874580493,0.0,1.0,8.479881525039673
BlogCatalog,2,1216,2104,0.25,0.5,27,0.3394442743409173,0.0011111111111111111,1.0,8.378692626953125
BlogCatalog,2,1216,2104,0.25,0.5,28,0.2517432874580493,0.0,1.0,8.273712635040283
BlogCatalog,2,1216,2104,0.25,0.5,29,0.3439744789112351,0.0011235955056179776,1.0,8.285110473632812
BlogCatalog,2,1216,2104,0.25,0.5,30,0.2517432874580493,0.0,1.0,8.592167377471924
BlogCatalog,2,1216,2104,0.25,0.5,31,0.2517432874580493,0.0,1.0,8.302081823348999
BlogCatalog,2,1216,2104,0.25,0.5,32,0.34864776029459377,0.0011507479861910242,1.0,8.29093337059021
BlogCatalog,2,1216,2104,0.25,0.5,33,0.36524480505904483,0.0011402508551881414,1.0,8.308400392532349
BlogCatalog,2,1216,2104,0.25,0.5,34,0.2517432874580493,0.0,1.0,8.288744688034058
BlogCatalog,2,1216,2104,0.25,0.5,35,0.35744660341164797,0.001128668171557562,1.0,8.308746099472046
BlogCatalog,2,1216,2104,0.25,0.5,36,0.3404347652390087,0.0011049723756906078,1.0,8.312506675720215
BlogCatalog,2,1216,2104,0.25,0.5,37,0.3431723091411017,0.0012165450121654502,1.0,8.097912073135376
BlogCatalog,2,1216,2104,0.25,0.5,38,0.2517432874580493,0.0,1.0,8.55060625076294
BlogCatalog,2,1216,2104,0.25,0.5,39,0.2517432874580493,0.0,1.0,8.49413537979126
BlogCatalog,2,1216,2104,0.25,0.5,40,0.3367738037326215,0.001152073732718894,1.0,8.083575010299683
BlogCatalog,2,1216,2104,0.25,0.5,41,0.340222829597199,0.001122334455667789,1.0,8.342923641204834
BlogCatalog,2,1216,2104,0.25,0.5,42,0.3738603737504022,0.0010964912280701754,1.0,8.305496454238892
BlogCatalog,2,1216,2104,0.25,0.5,43,0.3390521967413893,0.001128668171557562,1.0,8.358347177505493
BlogCatalog,2,1216,2104,0.25,0.5,44,0.38831699614503973,0.0010449320794148381,1.0,8.0859375
BlogCatalog,2,1216,2104,0.25,0.5,45,0.34211998156759027,0.0011587485515643105,1.0,8.308764457702637
BlogCatalog,2,1216,2104,0.25,0.5,46,0.35522237023385317,0.0011737089201877935,1.0,8.341888666152954
BlogCatalog,2,1216,2104,0.25,0.5,47,0.2517432874580493,0.0,1.0,8.291800737380981
BlogCatalog,2,1216,2104,0.25,0.5,48,0.2517432874580493,0.0,1.0,8.519502401351929
BlogCatalog,2,1216,2104,0.25,0.5,49,0.2517432874580493,0.0,1.0,8.488576412200928
BlogCatalog,2,1216,2104,0.25,0.5,50,0.33499454409677387,0.0010834236186348862,1.0,8.333949327468872
BlogCatalog,2,1216,2525,0.3,0.5,1,0.2517432874580493,0.0,1.0,8.436235666275024
BlogCatalog,2,1216,2525,0.3,0.5,2,0.3371785629150334,0.001076426264800861,1.0,8.43291711807251
BlogCatalog,2,1216,2525,0.3,0.5,3,0.33914871684236436,0.0011402508551881414,1.0,8.52625846862793
BlogCatalog,2,1216,2525,0.3,0.5,4,0.2517432874580493,0.0,1.0,8.414508819580078
BlogCatalog,2,1216,2525,0.3,0.5,5,0.35796461109804606,0.001092896174863388,1.0,8.425663709640503
BlogCatalog,2,1216,2525,0.3,0.5,6,0.33250861184547,0.0011049723756906078,1.0,8.486904859542847
BlogCatalog,2,1216,2525,0.3,0.5,7,0.3466948874669629,0.0010741138560687433,1.0,8.231252431869507
BlogCatalog,2,1216,2525,0.3,0.5,8,0.2517432874580493,0.0,1.0,8.60235071182251
BlogCatalog,2,1216,2525,0.3,0.5,9,0.3334096946080847,0.0011185682326621924,1.0,8.438062191009521
BlogCatalog,2,1216,2525,0.3,0.5,10,0.2517432874580493,0.0,1.0,8.630859851837158
BlogCatalog,2,1216,2525,0.3,0.5,11,0.3653690057750551,0.000992063492063492,1.0,8.229278564453125
BlogCatalog,2,1216,2525,0.3,0.5,12,0.2517432874580493,0.0,1.0,8.604971408843994
BlogCatalog,2,1216,2525,0.3,0.5,13,0.33968909085179905,0.0011160714285714285,1.0,8.48885464668274
BlogCatalog,2,1216,2525,0.3,0.5,14,0.2517432874580493,0.0,1.0,8.41269826889038
BlogCatalog,2,1216,2525,0.3,0.5,15,0.3364609066494692,0.0011299435028248588,1.0,8.43210244178772
BlogCatalog,2,1216,2525,0.3,0.5,16,0.36041747711466726,0.001049317943336831,1.0,8.436425924301147
BlogCatalog,2,1216,2525,0.3,0.5,17,0.2517432874580493,0.0,1.0,8.635868549346924
BlogCatalog,2,1216,2525,0.3,0.5,18,0.3448840842960705,0.0010787486515641855,1.0,8.221906661987305
BlogCatalog,2,1216,2525,0.3,0.5,19,0.3414303746076209,0.001076426264800861,1.0,8.430659055709839
BlogCatalog,2,1216,2525,0.3,0.5,20,0.3464645509699049,0.0010964912280701754,1.0,8.559711456298828
BlogCatalog,2,1216,2525,0.3,0.5,21,0.3584663745338417,0.0011560693641618498,1.0,8.221561670303345
BlogCatalog,2,1216,2525,0.3,0.5,22,0.2517432874580493,0.0,1.0,8.603322505950928
BlogCatalog,2,1216,2525,0.3,0.5,23,0.2517432874580493,0.0,1.0,8.643256664276123
BlogCatalog,2,1216,2525,0.3,0.5,24,0.2517432874580493,0.0,1.0,8.42445158958435
BlogCatalog,2,1216,2525,0.3,0.5,25,0.2517432874580493,0.0,1.0,8.682702779769897
BlogCatalog,2,1216,2525,0.3,0.5,26,0.2517432874580493,0.0,1.0,8.611454010009766
BlogCatalog,2,1216,2525,0.3,0.5,27,0.34612282761081165,0.0011135857461024498,1.0,8.480221271514893
BlogCatalog,2,1216,2525,0.3,0.5,28,0.3513133712338932,0.00117096018735363,1.0,8.225496292114258
BlogCatalog,2,1216,2525,0.3,0.5,29,0.34117962358453113,0.0010893246187363835,1.0,8.423821926116943
BlogCatalog,2,1216,2525,0.3,0.5,30,0.2517432874580493,0.0,1.0,8.70840835571289
BlogCatalog,2,1216,2525,0.3,0.5,31,0.37443010973275737,0.0010330578512396695,1.0,8.256104707717896
BlogCatalog,2,1216,2525,0.3,0.5,32,0.35488056023913805,0.0011507479861910242,1.0,8.42647933959961
BlogCatalog,2,1216,2525,0.3,0.5,33,0.3347944038245097,0.001075268817204301,1.0,8.542601585388184
BlogCatalog,2,1216,2525,0.3,0.5,34,0.34196452185731074,0.0010626992561105207,1.0,8.252598285675049
BlogCatalog,2,1216,2525,0.3,0.5,35,0.2517432874580493,0.0,1.0,8.617783546447754
BlogCatalog,2,1216,2525,0.3,0.5,36,0.3562765581492467,0.0011947431302270011,1.0,8.45000433921814
BlogCatalog,2,1216,2525,0.3,0.5,37,0.33550297045016586,0.001049317943336831,1.0,8.489496231079102
BlogCatalog,2,1216,2525,0.3,0.5,38,0.2517432874580493,0.0,1.0,8.446929693222046
BlogCatalog,2,1216,2525,0.3,0.5,39,0.2517432874580493,0.0,1.0,8.617270231246948
BlogCatalog,2,1216,2525,0.3,0.5,40,0.3540821293771295,0.0011890606420927466,1.0,8.465257167816162
BlogCatalog,2,1216,2525,0.3,0.5,41,0.2517432874580493,0.0,1.0,8.440848350524902
BlogCatalog,2,1216,2525,0.3,0.5,42,0.3770925159653729,0.0010893246187363835,1.0,8.47317385673523
BlogCatalog,2,1216,2525,0.3,0.5,43,0.2517432874580493,0.0,1.0,8.64619517326355
BlogCatalog,2,1216,2525,0.3,0.5,44,0.2517432874580493,0.0,1.0,8.448943614959717
BlogCatalog,2,1216,2525,0.3,0.5,45,0.2517432874580493,0.0,1.0,8.66063141822815
BlogCatalog,2,1216,2525,0.3,0.5,46,0.2517432874580493,0.0,1.0,8.6053307056427
BlogCatalog,2,1216,2525,0.3,0.5,47,0.347194608792804,0.0010660980810234541,1.0,8.473724603652954
BlogCatalog,2,1216,2525,0.3,0.5,48,0.3550081302677583,0.0011547344110854503,1.0,8.222517251968384
BlogCatalog,2,1216,2525,0.3,0.5,49,0.345176761893909,0.0011074197120708748,1.0,8.445236206054688
BlogCatalog,2,1216,2525,0.3,0.5,50,0.2517432874580493,0.0,1.0,8.640314817428589
BlogCatalog,2,1216,2946,0.35,0.5,1,0.2517432874580493,0.0,1.0,8.526126384735107
BlogCatalog,2,1216,2946,0.35,0.5,2,0.3401505997091004,0.0010672358591248667,1.0,8.641164541244507
BlogCatalog,2,1216,2946,0.35,0.5,3,0.2517432874580493,0.0,1.0,8.715732336044312
BlogCatalog,2,1216,2946,0.35,0.5,4,0.3495157880939972,0.0010427528675703858,1.0,8.629929065704346
BlogCatalog,2,1216,2946,0.35,0.5,5,0.3426922956129589,0.0011148272017837235,1.0,8.322561979293823
BlogCatalog,2,1216,2946,0.35,0.5,6,0.3534063001828472,0.0010319917440660474,1.0,8.591436624526978
BlogCatalog,2,1216,2946,0.35,0.5,7,0.2517432874580493,0.0,1.0,8.747509956359863
BlogCatalog,2,1216,2946,0.35,0.5,8,0.2517432874580493,0.0,1.0,8.54602336883545
BlogCatalog,2,1216,2946,0.35,0.5,9,0.2517432874580493,0.0,1.0,8.735762596130371
BlogCatalog,2,1216,2946,0.35,0.5,10,0.33929862142503775,0.001053740779768177,1.0,8.610455751419067
BlogCatalog,2,1216,2946,0.35,0.5,11,0.2517432874580493,0.0,1.0,8.50995659828186
BlogCatalog,2,1216,2946,0.35,0.5,12,0.2517432874580493,0.0,1.0,8.711100816726685
BlogCatalog,2,1216,2946,0.35,0.5,13,0.2517432874580493,0.0,1.0,8.76064920425415
BlogCatalog,2,1216,2946,0.35,0.5,14,0.3498855597385518,0.0011655011655011655,1.0,8.621038913726807
BlogCatalog,2,1216,2946,0.35,0.5,15,0.3345623756261868,0.0011198208286674132,1.0,8.342358589172363
BlogCatalog,2,1216,2946,0.35,0.5,16,0.2517432874580493,0.0,1.0,8.736464738845825
BlogCatalog,2,1216,2946,0.35,0.5,17,0.35138035494494807,0.0011614401858304297,1.0,8.600950956344604
BlogCatalog,2,1216,2946,0.35,0.5,18,0.2517432874580493,0.0,1.0,8.504128456115723
BlogCatalog,2,1216,2946,0.35,0.5,19,0.2517432874580493,0.0,1.0,8.740474939346313
BlogCatalog,2,1216,2946,0.35,0.5,20,0.3481541168463664,0.0012091898428053204,1.0,8.5640127658844
BlogCatalog,2,1216,2946,0.35,0.5,21,0.2517432874580493,0.0,1.0,8.522013187408447
BlogCatalog,2,1216,2946,0.35,0.5,22,0.3515718104478453,0.0010976948408342481,1.0,8.623813390731812
BlogCatalog,2,1216,2946,0.35,0.5,23,0.3329877809458846,0.0011792452830188679,1.0,8.724482297897339
BlogCatalog,2,1216,2946,0.35,0.5,24,0.3598965467707028,0.0010080645161290322,1.0,8.37075924873352
BlogCatalog,2,1216,2946,0.35,0.5,25,0.2517432874580493,0.0,1.0,8.703832864761353
BlogCatalog,2,1216,2946,0.35,0.5,26,0.2517432874580493,0.0,1.0,8.729966402053833
BlogCatalog,2,1216,2946,0.35,0.5,27,0.33841231904055064,0.0010799136069114472,1.0,8.616469621658325
BlogCatalog,2,1216,2946,0.35,0.5,28,0.34523843913047886,0.001184834123222749,1.0,8.386396408081055
BlogCatalog,2,1216,2946,0.35,0.5,29,0.2517432874580493,0.0,1.0,8.74015188217163
BlogCatalog,2,1216,2946,0.35,0.5,30,0.3482647108728482,0.0010504201680672268,1.0,8.594649314880371
BlogCatalog,2,1216,2946,0.35,0.5,31,0.3508646115641793,0.0010638297872340426,1.0,8.34011459350586
BlogCatalog,2,1216,2946,0.35,0.5,32,0.3462160165471069,0.0010905125408942203,1.0,8.527724742889404
BlogCatalog,2,1216,2946,0.35,0.5,33,0.3450796442457335,0.0011574074074074073,1.0,8.586902618408203
BlogCatalog,2,1216,2946,0.35,0.5,34,0.35139551752311377,0.0011750881316098707,1.0,8.322404146194458
BlogCatalog,2,1216,2946,0.35,0.5,35,0.2517432874580493,0.0,1.0,8.797884702682495
BlogCatalog,2,1216,2946,0.35,0.5,36,0.2517432874580493,0.0,1.0,8.723224401473999
BlogCatalog,2,1216,2946,0.35,0.5,37,0.34621060588032654,0.001199040767386091,1.0,8.687435865402222
BlogCatalog,2,1216,2946,0.35,0.5,38,0.2517432874580493,0.0,1.0,8.556738138198853
BlogCatalog,2,1216,2946,0.35,0.5,39,0.3478475723337613,0.0010822510822510823,1.0,8.563349485397339
BlogCatalog,2,1216,2946,0.35,0.5,40,0.2517432874580493,0.0,1.0,8.773268699645996
BlogCatalog,2,1216,2946,0.35,0.5,41,0.2517432874580493,0.0,1.0,8.532140016555786
BlogCatalog,2,1216,2946,0.35,0.5,42,0.2517432874580493,0.0,1.0,8.794100522994995
BlogCatalog,2,1216,2946,0.35,0.5,43,0.34602849846636796,0.0011547344110854503,1.0,8.543443441390991
BlogCatalog,2,1216,2946,0.35,0.5,44,0.3433120222420988,0.001049317943336831,1.0,8.624913215637207
BlogCatalog,2,1216,2946,0.35,0.5,45,0.3480955067825154,0.0010395010395010396,1.0,8.339991331100464
BlogCatalog,2,1216,2946,0.35,0.5,46,0.2517432874580493,0.0,1.0,8.734096765518188
BlogCatalog,2,1216,2946,0.35,0.5,47,0.2517432874580493,0.0,1.0,8.795920372009277
BlogCatalog,2,1216,2946,0.35,0.5,48,0.2517432874580493,0.0,1.0,8.550515413284302
BlogCatalog,2,1216,2946,0.35,0.5,49,0.35355944603491224,0.001092896174863388,1.0,8.566412687301636
BlogCatalog,2,1216,2946,0.35,0.5,50,0.34122881665779564,0.0010799136069114472,1.0,8.571433544158936
BlogCatalog,2,1216,3367,0.4,0.5,1,0.3580378182101282,0.001075268817204301,1.0,8.523667335510254
BlogCatalog,2,1216,3367,0.4,0.5,2,0.3325685912201302,0.0011376564277588168,1.0,8.73026180267334
BlogCatalog,2,1216,3367,0.4,0.5,3,0.2517432874580493,0.0,1.0,8.863733530044556
BlogCatalog,2,1216,3367,0.4,0.5,4,0.2517432874580493,0.0,1.0,8.915630340576172
BlogCatalog,2,1216,3367,0.4,0.5,5,0.3370291429363462,0.0011467889908256881,1.0,8.485846281051636
BlogCatalog,2,1216,3367,0.4,0.5,6,0.33789113528534176,0.0010683760683760685,1.0,8.707016944885254
BlogCatalog,2,1216,3367,0.4,0.5,7,0.3519138020042899,0.0009737098344693282,1.0,8.773630619049072
BlogCatalog,2,1216,3367,0.4,0.5,8,0.2517432874580493,0.0,1.0,8.648097038269043
BlogCatalog,2,1216,3367,0.4,0.5,9,0.2517432874580493,0.0,1.0,8.88224196434021
BlogCatalog,2,1216,3367,0.4,0.5,10,0.2517432874580493,0.0,1.0,8.855811834335327
BlogCatalog,2,1216,3367,0.4,0.5,11,0.2517432874580493,0.0,1.0,8.899017810821533
BlogCatalog,2,1216,3367,0.4,0.5,12,0.34600675411163306,0.001148105625717566,1.0,8.464370965957642
BlogCatalog,2,1216,3367,0.4,0.5,13,0.34555290921674897,0.0010515247108307045,1.0,8.714783668518066
BlogCatalog,2,1216,3367,0.4,0.5,14,0.2517432874580493,0.0,1.0,8.883375883102417
BlogCatalog,2,1216,3367,0.4,0.5,15,0.2517432874580493,0.0,1.0,8.67437195777893
BlogCatalog,2,1216,3367,0.4,0.5,16,0.2517432874580493,0.0,1.0,8.866591930389404
BlogCatalog,2,1216,3367,0.4,0.5,17,0.2517432874580493,0.0,1.0,8.926135301589966
BlogCatalog,2,1216,3367,0.4,0.5,18,0.2517432874580493,0.0,1.0,8.686674356460571
BlogCatalog,2,1216,3367,0.4,0.5,19,0.34859855991118144,0.0010845986984815619,1.0,8.661731004714966
BlogCatalog,2,1216,3367,0.4,0.5,20,0.2517432874580493,0.0,1.0,8.877493143081665
BlogCatalog,2,1216,3367,0.4,0.5,21,0.2517432874580493,0.0,1.0,8.929338216781616
BlogCatalog,2,1216,3367,0.4,0.5,22,0.2517432874580493,0.0,1.0,8.649030208587646
BlogCatalog,2,1216,3367,0.4,0.5,23,0.3369400976458874,0.001098901098901099,1.0,8.660913705825806
BlogCatalog,2,1216,3367,0.4,0.5,24,0.2517432874580493,0.0,1.0,8.91013503074646
BlogCatalog,2,1216,3367,0.4,0.5,25,0.2517432874580493,0.0,1.0,8.672693729400635
BlogCatalog,2,1216,3367,0.4,0.5,26,0.2517432874580493,0.0,1.0,8.844920873641968
BlogCatalog,2,1216,3367,0.4,0.5,27,0.35310520525546213,0.0010298661174047373,1.0,8.66782808303833
BlogCatalog,2,1216,3367,0.4,0.5,28,0.2517432874580493,0.0,1.0,8.935908794403076
BlogCatalog,2,1216,3367,0.4,0.5,29,0.2517432874580493,0.0,1.0,8.68433690071106
BlogCatalog,2,1216,3367,0.4,0.5,30,0.2517432874580493,0.0,1.0,8.858386278152466
BlogCatalog,2,1216,3367,0.4,0.5,31,0.2517432874580493,0.0,1.0,8.925981521606445
BlogCatalog,2,1216,3367,0.4,0.5,32,0.34223857430284504,0.001141552511415525,1.0,8.48898458480835
BlogCatalog,2,1216,3367,0.4,0.5,33,0.2517432874580493,0.0,1.0,8.865406513214111
BlogCatalog,2,1216,3367,0.4,0.5,34,0.34732520121713517,0.0010309278350515464,1.0,8.691460847854614
BlogCatalog,2,1216,3367,0.4,0.5,35,0.2517432874580493,0.0,1.0,8.647459030151367
BlogCatalog,2,1216,3367,0.4,0.5,36,0.36607736894840753,0.0010672358591248667,1.0,8.778852939605713
BlogCatalog,2,1216,3367,0.4,0.5,37,0.2517432874580493,0.0,1.0,8.871024370193481
BlogCatalog,2,1216,3367,0.4,0.5,38,0.3520195633457719,0.0010672358591248667,1.0,8.749309778213501
BlogCatalog,2,1216,3367,0.4,0.5,39,0.33778866838453286,0.001037344398340249,1.0,8.46998143196106
BlogCatalog,2,1216,3367,0.4,0.5,40,0.2517432874580493,0.0,1.0,8.843969345092773
BlogCatalog,2,1216,3367,0.4,0.5,41,0.2517432874580493,0.0,1.0,8.899519205093384
BlogCatalog,2,1216,3367,0.4,0.5,42,0.2517432874580493,0.0,1.0,8.682886123657227
BlogCatalog,2,1216,3367,0.4,0.5,43,0.34573797837314246,0.0010660980810234541,1.0,8.678199768066406
BlogCatalog,2,1216,3367,0.4,0.5,44,0.3514511991586346,0.0011135857461024498,1.0,8.687493562698364
BlogCatalog,2,1216,3367,0.4,0.5,45,0.3507576762547179,0.0010214504596527069,1.0,8.729371309280396
BlogCatalog,2,1216,3367,0.4,0.5,46,0.3368464311009197,0.0011933174224343676,1.0,8.490890979766846
BlogCatalog,2,1216,3367,0.4,0.5,47,0.2517432874580493,0.0,1.0,8.885727643966675
BlogCatalog,2,1216,3367,0.4,0.5,48,0.2517432874580493,0.0,1.0,8.904620170593262
BlogCatalog,2,1216,3367,0.4,0.5,49,0.35015300910794916,0.0010893246187363835,1.0,8.507758140563965
BlogCatalog,2,1216,3367,0.4,0.5,50,0.2517432874580493,0.0,1.0,8.833108901977539
BlogCatalog,2,1216,3788,0.45,0.5,1,0.3540284979747402,0.001142857142857143,1.0,8.806422233581543
BlogCatalog,2,1216,3788,0.45,0.5,2,0.2517432874580493,0.0,1.0,8.816160678863525
BlogCatalog,2,1216,3788,0.45,0.5,3,0.3581392312620618,0.0011574074074074073,1.0,8.884207248687744
BlogCatalog,2,1216,3788,0.45,0.5,4,0.3407789863043048,0.001091703056768559,1.0,8.807043313980103
BlogCatalog,2,1216,3788,0.45,0.5,5,0.2517432874580493,0.0,1.0,9.06297516822815
BlogCatalog,2,1216,3788,0.45,0.5,6,0.34224306939270943,0.001088139281828074,1.0,8.625821590423584
BlogCatalog,2,1216,3788,0.45,0.5,7,0.3394453966758388,0.0010427528675703858,1.0,8.821328401565552
BlogCatalog,2,1216,3788,0.45,0.5,8,0.34973595836323906,0.0011350737797956867,1.0,8.83180022239685
BlogCatalog,2,1216,3788,0.45,0.5,9,0.2517432874580493,0.0,1.0,8.770268678665161
BlogCatalog,2,1216,3788,0.45,0.5,10,0.3495648206160409,0.0011160714285714285,1.0,8.791093111038208
BlogCatalog,2,1216,3788,0.45,0.5,11,0.34785818155544007,0.0011261261261261261,1.0,8.810270309448242
BlogCatalog,2,1216,3788,0.45,0.5,12,0.2517432874580493,0.0,1.0,8.767230749130249
BlogCatalog,2,1216,3788,0.45,0.5,13,0.3668885602560865,0.0011160714285714285,1.0,8.872251033782959
BlogCatalog,2,1216,3788,0.45,0.5,14,0.2517432874580493,0.0,1.0,9.001786470413208
BlogCatalog,2,1216,3788,0.45,0.5,15,0.3457239437601438,0.001059322033898305,1.0,8.84028697013855
BlogCatalog,2,1216,3788,0.45,0.5,16,0.33114601895336526,0.0010460251046025104,1.0,8.720696449279785
BlogCatalog,2,1216,3788,0.45,0.5,17,0.35790300759141186,0.0010638297872340426,1.0,8.79781436920166
BlogCatalog,2,1216,3788,0.45,0.5,18,0.2517432874580493,0.0,1.0,9.032353162765503
BlogCatalog,2,1216,3788,0.45,0.5,19,0.2517432874580493,0.0,1.0,8.842133522033691
BlogCatalog,2,1216,3788,0.45,0.5,20,0.2517432874580493,0.0,1.0,8.987205266952515
BlogCatalog,2,1216,3788,0.45,0.5,21,0.3494817165408212,0.0010695187165775401,1.0,8.808322668075562
BlogCatalog,2,1216,3788,0.45,0.5,22,0.34895891317730493,0.0010649627263045794,1.0,8.87454605102539
BlogCatalog,2,1216,3788,0.45,0.5,23,0.2517432874580493,0.0,1.0,8.810664176940918
BlogCatalog,2,1216,3788,0.45,0.5,24,0.3449108498378183,0.0010384215991692627,1.0,8.823281526565552
BlogCatalog,2,1216,3788,0.45,0.5,25,0.2517432874580493,0.0,1.0,9.042049884796143
BlogCatalog,2,1216,3788,0.45,0.5,26,0.2517432874580493,0.0,1.0,8.845757722854614
BlogCatalog,2,1216,3788,0.45,0.5,27,0.3303155982360608,0.001141552511415525,1.0,8.803338050842285
BlogCatalog,2,1216,3788,0.45,0.5,28,0.34456818927765837,0.001183431952662722,1.0,8.825331926345825
BlogCatalog,2,1216,3788,0.45,0.5,29,0.2517432874580493,0.0,1.0,9.05748987197876
BlogCatalog,2,1216,3788,0.45,0.5,30,0.2517432874580493,0.0,1.0,8.808357238769531
BlogCatalog,2,1216,3788,0.45,0.5,31,0.2517432874580493,0.0,1.0,9.058382749557495
BlogCatalog,2,1216,3788,0.45,0.5,32,0.3531940836216543,0.001141552511415525,1.0,8.9449942111969
BlogCatalog,2,1216,3788,0.45,0.5,33,0.34353152206617743,0.0010183299389002036,1.0,8.64147162437439
BlogCatalog,2,1216,3788,0.45,0.5,34,0.3433220181326305,0.0011325028312570782,1.0,8.808091402053833
BlogCatalog,2,1216,3788,0.45,0.5,35,0.2517432874580493,0.0,1.0,9.000422716140747
BlogCatalog,2,1216,3788,0.45,0.5,36,0.3393822820090557,0.0012033694344163659,1.0,8.862412452697754
BlogCatalog,2,1216,3788,0.45,0.5,37,0.3470941867948566,0.0011933174224343676,1.0,8.614212274551392
BlogCatalog,2,1216,3788,0.45,0.5,38,0.2517432874580493,0.0,1.0,9.016438961029053
BlogCatalog,2,1216,3788,0.45,0.5,39,0.2517432874580493,0.0,1.0,9.006620168685913
BlogCatalog,2,1216,3788,0.45,0.5,40,0.348316864907761,0.001201923076923077,1.0,8.611209392547607
BlogCatalog,2,1216,3788,0.45,0.5,41,0.2517432874580493,0.0,1.0,9.032014846801758
BlogCatalog,2,1216,3788,0.45,0.5,42,0.35358714373266276,0.0010718113612004287,1.0,8.860037803649902
BlogCatalog,2,1216,3788,0.45,0.5,43,0.3610572779493291,0.0011061946902654867,1.0,8.880571365356445
BlogCatalog,2,1216,3788,0.45,0.5,44,0.2517432874580493,0.0,1.0,8.829380512237549
BlogCatalog,2,1216,3788,0.45,0.5,45,0.2517432874580493,0.0,1.0,8.964047193527222
BlogCatalog,2,1216,3788,0.45,0.5,46,0.2517432874580493,0.0,1.0,9.023331642150879
BlogCatalog,2,1216,3788,0.45,0.5,47,0.2517432874580493,0.0,1.0,8.808466911315918
BlogCatalog,2,1216,3788,0.45,0.5,48,0.2517432874580493,0.0,1.0,9.02593183517456
BlogCatalog,2,1216,3788,0.45,0.5,49,0.3405316082216317,0.0010449320794148381,1.0,8.844889879226685
BlogCatalog,2,1216,3788,0.45,0.5,50,0.2517432874580493,0.0,1.0,9.056212902069092
BlogCatalog,2,1216,4209,0.5,0.5,1,0.2517432874580493,0.0,1.0,8.926475763320923
BlogCatalog,2,1216,4209,0.5,0.5,2,0.2517432874580493,0.0,1.0,9.149222612380981
BlogCatalog,2,1216,4209,0.5,0.5,3,0.3496688449611882,0.0010905125408942203,1.0,8.989335536956787
BlogCatalog,2,1216,4209,0.5,0.5,4,0.35364773392518933,0.0011025358324145535,1.0,8.741687059402466
BlogCatalog,2,1216,4209,0.5,0.5,5,0.2517432874580493,0.0,1.0,9.12278151512146
BlogCatalog,2,1216,4209,0.5,0.5,6,0.2517432874580493,0.0,1.0,9.128485441207886
BlogCatalog,2,1216,4209,0.5,0.5,7,0.3392935247228052,0.0011111111111111111,1.0,8.75620412826538
BlogCatalog,2,1216,4209,0.5,0.5,8,0.2517432874580493,0.0,1.0,9.1575026512146
BlogCatalog,2,1216,4209,0.5,0.5,9,0.3438346477517721,0.0010214504596527069,1.0,8.985580682754517
BlogCatalog,2,1216,4209,0.5,0.5,10,0.2517432874580493,0.0,1.0,9.141836881637573
BlogCatalog,2,1216,4209,0.5,0.5,11,0.2517432874580493,0.0,1.0,8.95021104812622
BlogCatalog,2,1216,4209,0.5,0.5,12,0.34026546176202693,0.0010384215991692627,1.0,8.959831476211548
BlogCatalog,2,1216,4209,0.5,0.5,13,0.2517432874580493,0.0,1.0,9.163553476333618
BlogCatalog,2,1216,4209,0.5,0.5,14,0.34399957004565224,0.0010869565217391304,1.0,8.97528600692749
BlogCatalog,2,1216,4209,0.5,0.5,15,0.3459383669109768,0.0011862396204033216,1.0,8.73914122581482
BlogCatalog,2,1216,4209,0.5,0.5,16,0.2517432874580493,0.0,1.0,9.13905119895935
BlogCatalog,2,1216,4209,0.5,0.5,17,0.35856666624634387,0.0010277492291880781,1.0,8.988401651382446
BlogCatalog,2,1216,4209,0.5,0.5,18,0.3565283446579936,0.0010672358591248667,1.0,8.76318359375
BlogCatalog,2,1216,4209,0.5,0.5,19,0.3366046364584581,0.0011210762331838565,1.0,8.930989980697632
BlogCatalog,2,1216,4209,0.5,0.5,20,0.2517432874580493,0.0,1.0,9.176986932754517
BlogCatalog,2,1216,4209,0.5,0.5,21,0.3460147907364972,0.0010626992561105207,1.0,8.992116689682007
BlogCatalog,2,1216,4209,0.5,0.5,22,0.3347226472351414,0.001145475372279496,1.0,8.7758469581604
BlogCatalog,2,1216,4209,0.5,0.5,23,0.2517432874580493,0.0,1.0,9.121447324752808
BlogCatalog,2,1216,4209,0.5,0.5,24,0.3453562627090175,0.0012135922330097086,1.0,8.963772535324097
BlogCatalog,2,1216,4209,0.5,0.5,25,0.2517432874580493,0.0,1.0,8.918912649154663
BlogCatalog,2,1216,4209,0.5,0.5,26,0.2517432874580493,0.0,1.0,9.136922121047974
BlogCatalog,2,1216,4209,0.5,0.5,27,0.34538150035945986,0.0011148272017837235,1.0,8.968769311904907
BlogCatalog,2,1216,4209,0.5,0.5,28,0.2517432874580493,0.0,1.0,8.892061710357666
BlogCatalog,2,1216,4209,0.5,0.5,29,0.2517432874580493,0.0,1.0,9.159700393676758
BlogCatalog,2,1216,4209,0.5,0.5,30,0.34669535988105166,0.0010822510822510823,1.0,8.985782623291016
BlogCatalog,2,1216,4209,0.5,0.5,31,0.3503977415217757,0.0010940919037199124,1.0,8.976645708084106
BlogCatalog,2,1216,4209,0.5,0.5,32,0.2517432874580493,0.0,1.0,8.930747270584106
BlogCatalog,2,1216,4209,0.5,0.5,33,0.34532233495801207,0.0011325028312570782,1.0,8.935178756713867
BlogCatalog,2,1216,4209,0.5,0.5,34,0.2517432874580493,0.0,1.0,9.121835708618164
BlogCatalog,2,1216,4209,0.5,0.5,35,0.3486676806728911,0.0010548523206751054,1.0,8.728806972503662
BlogCatalog,2,1216,4209,0.5,0.5,36,0.2517432874580493,0.0,1.0,9.171665668487549
BlogCatalog,2,1216,4209,0.5,0.5,37,0.3504738181296075,0.001091703056768559,1.0,8.950282096862793
BlogCatalog,2,1216,4209,0.5,0.5,38,0.3457339383543532,0.0012345679012345679,1.0,8.98194432258606
BlogCatalog,2,1216,4209,0.5,0.5,39,0.2517432874580493,0.0,1.0,8.918128252029419
BlogCatalog,2,1216,4209,0.5,0.5,40,0.3444213336324853,0.0010718113612004287,1.0,8.974133729934692
BlogCatalog,2,1216,4209,0.5,0.5,41,0.34043722807005933,0.0010660980810234541,1.0,8.958459615707397
BlogCatalog,2,1216,4209,0.5,0.5,42,0.3373017041686602,0.0011402508551881414,1.0,8.95652723312378
BlogCatalog,2,1216,4209,0.5,0.5,43,0.3439921604906441,0.001072961373390558,1.0,8.784372091293335
BlogCatalog,2,1216,4209,0.5,0.5,44,0.34298602234142994,0.0010460251046025104,1.0,8.993947267532349
BlogCatalog,2,1216,4209,0.5,0.5,45,0.3558430857616819,0.0010869565217391304,1.0,9.005779027938843
BlogCatalog,2,1216,4209,0.5,0.5,46,0.2517432874580493,0.0,1.0,8.938091278076172
BlogCatalog,2,1216,4209,0.5,0.5,47,0.3411154176908082,0.001059322033898305,1.0,8.952109098434448
BlogCatalog,2,1216,4209,0.5,0.5,48,0.347243067228563,0.0010787486515641855,1.0,8.969960689544678
BlogCatalog,2,1216,4209,0.5,0.5,49,0.347096475063882,0.001072961373390558,1.0,8.779908657073975
BlogCatalog,2,1216,4209,0.5,0.5,50,0.2517432874580493,0.0,1.0,9.167690753936768
BlogCatalog,2,1216,4630,0.55,0.5,1,0.3542671337313168,0.0010940919037199124,1.0,9.138630628585815
BlogCatalog,2,1216,4630,0.55,0.5,2,0.2517432874580493,0.0,1.0,9.06175971031189
BlogCatalog,2,1216,4630,0.55,0.5,3,0.3426153960232249,0.0010638297872340426,1.0,9.074277400970459
BlogCatalog,2,1216,4630,0.55,0.5,4,0.2517432874580493,0.0,1.0,9.259364128112793
BlogCatalog,2,1216,4630,0.55,0.5,5,0.2517432874580493,0.0,1.0,9.29285454750061
BlogCatalog,2,1216,4630,0.55,0.5,6,0.3510660977075356,0.0010905125408942203,1.0,8.87833309173584
BlogCatalog,2,1216,4630,0.55,0.5,7,0.2517432874580493,0.0,1.0,9.264047384262085
BlogCatalog,2,1216,4630,0.55,0.5,8,0.2517432874580493,0.0,1.0,9.337455987930298
BlogCatalog,2,1216,4630,0.55,0.5,9,0.3452379070408335,0.0010482180293501049,1.0,8.865379333496094
BlogCatalog,2,1216,4630,0.55,0.5,10,0.2517432874580493,0.0,1.0,9.238285303115845
BlogCatalog,2,1216,4630,0.55,0.5,11,0.3496612252965677,0.0011312217194570137,1.0,9.087363481521606
BlogCatalog,2,1216,4630,0.55,0.5,12,0.2517432874580493,0.0,1.0,9.296517133712769
BlogCatalog,2,1216,4630,0.55,0.5,13,0.2517432874580493,0.0,1.0,9.095786571502686
BlogCatalog,2,1216,4630,0.55,0.5,14,0.2517432874580493,0.0,1.0,9.266866445541382
BlogCatalog,2,1216,4630,0.55,0.5,15,0.2517432874580493,0.0,1.0,9.290016412734985
BlogCatalog,2,1216,4630,0.55,0.5,16,0.3506707001924352,0.0010741138560687433,1.0,8.887012243270874
BlogCatalog,2,1216,4630,0.55,0.5,17,0.339755291408714,0.0011210762331838565,1.0,9.137112140655518
BlogCatalog,2,1216,4630,0.55,0.5,18,0.2517432874580493,0.0,1.0,9.2630774974823
BlogCatalog,2,1216,4630,0.55,0.5,19,0.34920324287987614,0.001037344398340249,1.0,9.126904726028442
BlogCatalog,2,1216,4630,0.55,0.5,20,0.3505179110943408,0.001076426264800861,1.0,8.85398006439209
BlogCatalog,2,1216,4630,0.55,0.5,21,0.2517432874580493,0.0,1.0,9.244736671447754
BlogCatalog,2,1216,4630,0.55,0.5,22,0.35428898991079727,0.001128668171557562,1.0,9.138666152954102
BlogCatalog,2,1216,4630,0.55,0.5,23,0.35754137386259155,0.0011013215859030838,1.0,8.865630149841309
BlogCatalog,2,1216,4630,0.55,0.5,24,0.2517432874580493,0.0,1.0,9.228707551956177
BlogCatalog,2,1216,4630,0.55,0.5,25,0.2517432874580493,0.0,1.0,9.262542963027954
BlogCatalog,2,1216,4630,0.55,0.5,26,0.36345218473532825,0.0011001100110011,1.0,9.119240045547485
BlogCatalog,2,1216,4630,0.55,0.5,27,0.35601577033052767,0.001091703056768559,1.0,8.848964929580688
BlogCatalog,2,1216,4630,0.55,0.5,28,0.36904256317626744,0.001142857142857143,1.0,9.063609600067139
BlogCatalog,2,1216,4630,0.55,0.5,29,0.35930572569141916,0.0010504201680672268,1.0,9.07913088798523
BlogCatalog,2,1216,4630,0.55,0.5,30,0.35494922303314225,0.000992063492063492,1.0,8.861109256744385
BlogCatalog,2,1216,4630,0.55,0.5,31,0.34377805746436685,0.0010570824524312897,1.0,9.147047758102417
BlogCatalog,2,1216,4630,0.55,0.5,32,0.3472297342919067,0.0011614401858304297,1.0,9.124911546707153
BlogCatalog,2,1216,4630,0.55,0.5,33,0.3473533749720231,0.001037344398340249,1.0,9.132666826248169
BlogCatalog,2,1216,4630,0.55,0.5,34,0.3493588678001851,0.0010683760683760685,1.0,8.874088525772095
BlogCatalog,2,1216,4630,0.55,0.5,35,0.2517432874580493,0.0,1.0,9.226845741271973
BlogCatalog,2,1216,4630,0.55,0.5,36,0.2517432874580493,0.0,1.0,9.28804898262024
BlogCatalog,2,1216,4630,0.55,0.5,37,0.2517432874580493,0.0,1.0,9.298017978668213
BlogCatalog,2,1216,4630,0.55,0.5,38,0.2517432874580493,0.0,1.0,9.04025650024414
BlogCatalog,2,1216,4630,0.55,0.5,39,0.3631675575132298,0.0010214504596527069,1.0,9.083600521087646
BlogCatalog,2,1216,4630,0.55,0.5,40,0.2517432874580493,0.0,1.0,9.31796407699585
BlogCatalog,2,1216,4630,0.55,0.5,41,0.34255332850179043,0.0011185682326621924,1.0,8.83686351776123
BlogCatalog,2,1216,4630,0.55,0.5,42,0.35882211397572134,0.0010626992561105207,1.0,9.06067180633545
BlogCatalog,2,1216,4630,0.55,0.5,43,0.35057115923302706,0.0010626992561105207,1.0,9.081866979598999
BlogCatalog,2,1216,4630,0.55,0.5,44,0.2517432874580493,0.0,1.0,9.104004621505737
BlogCatalog,2,1216,4630,0.55,0.5,45,0.2517432874580493,0.0,1.0,9.300992965698242
BlogCatalog,2,1216,4630,0.55,0.5,46,0.37876360720756735,0.0009871668311944718,1.0,9.140974521636963
BlogCatalog,2,1216,4630,0.55,0.5,47,0.34843679564755714,0.0010626992561105207,1.0,9.140352487564087
BlogCatalog,2,1216,4630,0.55,0.5,48,0.34267248096914843,0.0010384215991692627,1.0,8.855927228927612
BlogCatalog,2,1216,4630,0.55,0.5,49,0.3575895403323361,0.0010834236186348862,1.0,9.067568302154541
BlogCatalog,2,1216,4630,0.55,0.5,50,0.2517432874580493,0.0,1.0,9.311069965362549
BlogCatalog,2,1216,5051,0.6,0.5,1,0.2517432874580493,0.0,1.0,9.192909240722656
BlogCatalog,2,1216,5051,0.6,0.5,2,0.3507185749379897,0.0010905125408942203,1.0,9.206280708312988
BlogCatalog,2,1216,5051,0.6,0.5,3,0.34820578945948577,0.0011025358324145535,1.0,9.194281101226807
BlogCatalog,2,1216,5051,0.6,0.5,4,0.3381715273053308,0.0010695187165775401,1.0,8.996405363082886
BlogCatalog,2,1216,5051,0.6,0.5,5,0.34388596188546744,0.0010460251046025104,1.0,9.233543634414673
BlogCatalog,2,1216,5051,0.6,0.5,6,0.35330571804632904,0.0010741138560687433,1.0,9.219443798065186
BlogCatalog,2,1216,5051,0.6,0.5,7,0.2517432874580493,0.0,1.0,9.419740915298462
BlogCatalog,2,1216,5051,0.6,0.5,8,0.2517432874580493,0.0,1.0,9.177466869354248
BlogCatalog,2,1216,5051,0.6,0.5,9,0.33784500623416974,0.0010799136069114472,1.0,9.211106300354004
BlogCatalog,2,1216,5051,0.6,0.5,10,0.2517432874580493,0.0,1.0,9.40844178199768
BlogCatalog,2,1216,5051,0.6,0.5,11,0.35311554041671356,0.0011668611435239206,1.0,9.26282548904419
BlogCatalog,2,1216,5051,0.6,0.5,12,0.39779974986952255,0.0011074197120708748,1.0,9.015349626541138
BlogCatalog,2,1216,5051,0.6,0.5,13,0.35899285370717177,0.0010395010395010396,1.0,9.233790159225464
BlogCatalog,2,1216,5051,0.6,0.5,14,0.2517432874580493,0.0,1.0,9.441595315933228
BlogCatalog,2,1216,5051,0.6,0.5,15,0.2517432874580493,0.0,1.0,9.19118857383728
BlogCatalog,2,1216,5051,0.6,0.5,16,0.3448139716103356,0.0010775862068965517,1.0,9.242765665054321
BlogCatalog,2,1216,5051,0.6,0.5,17,0.34325641685919506,0.0011441647597254005,1.0,9.179504632949829
BlogCatalog,2,1216,5051,0.6,0.5,18,0.35229599498287695,0.0011086474501108647,1.0,9.259360074996948
BlogCatalog,2,1216,5051,0.6,0.5,19,0.35796586214641984,0.0010277492291880781,1.0,8.997977256774902
BlogCatalog,2,1216,5051,0.6,0.5,20,0.34675669521747693,0.0011074197120708748,1.0,9.240493535995483
BlogCatalog,2,1216,5051,0.6,0.5,21,0.3585625376752011,0.0011160714285714285,1.0,9.258680820465088
BlogCatalog,2,1216,5051,0.6,0.5,22,0.3468668100800941,0.0010626992561105207,1.0,9.051773309707642
BlogCatalog,2,1216,5051,0.6,0.5,23,0.2517432874580493,0.0,1.0,9.373080253601074
BlogCatalog,2,1216,5051,0.6,0.5,24,0.2517432874580493,0.0,1.0,9.408993482589722
BlogCatalog,2,1216,5051,0.6,0.5,25,0.2517432874580493,0.0,1.0,9.437585353851318
BlogCatalog,2,1216,5051,0.6,0.5,26,0.3474117307868049,0.001049317943336831,1.0,8.9927237033844
BlogCatalog,2,1216,5051,0.6,0.5,27,0.36335594951227396,0.000998003992015968,1.0,9.240209102630615
BlogCatalog,2,1216,5051,0.6,0.5,28,0.2517432874580493,0.0,1.0,9.449524402618408
BlogCatalog,2,1216,5051,0.6,0.5,29,0.2517432874580493,0.0,1.0,9.211711883544922
BlogCatalog,2,1216,5051,0.6,0.5,30,0.3660420720019274,0.0010214504596527069,1.0,9.204746723175049
BlogCatalog,2,1216,5051,0.6,0.5,31,0.3400077646256313,0.0010526315789473684,1.0,9.265878200531006
BlogCatalog,2,1216,5051,0.6,0.5,32,0.3379553601036465,0.0011467889908256881,1.0,9.029994010925293
BlogCatalog,2,1216,5051,0.6,0.5,33,0.3659347226720455,0.0011135857461024498,1.0,9.238107204437256
BlogCatalog,2,1216,5051,0.6,0.5,34,0.2517432874580493,0.0,1.0,9.35576319694519
BlogCatalog,2,1216,5051,0.6,0.5,35,0.34941075439328634,0.001026694045174538,1.0,9.056824445724487
BlogCatalog,2,1216,5051,0.6,0.5,36,0.345210424646221,0.001092896174863388,1.0,9.240498065948486
BlogCatalog,2,1216,5051,0.6,0.5,37,0.2517432874580493,0.0,1.0,9.420459270477295
BlogCatalog,2,1216,5051,0.6,0.5,38,0.2517432874580493,0.0,1.0,9.449276685714722
BlogCatalog,2,1216,5051,0.6,0.5,39,0.2517432874580493,0.0,1.0,9.171379327774048
BlogCatalog,2,1216,5051,0.6,0.5,40,0.2517432874580493,0.0,1.0,9.399590730667114
BlogCatalog,2,1216,5051,0.6,0.5,41,0.35513303804405744,0.0009910802775024777,1.0,9.2608003616333
BlogCatalog,2,1216,5051,0.6,0.5,42,0.2517432874580493,0.0,1.0,9.158916711807251
BlogCatalog,2,1216,5051,0.6,0.5,43,0.33660852372796635,0.0010330578512396695,1.0,9.222173690795898
BlogCatalog,2,1216,5051,0.6,0.5,44,0.2517432874580493,0.0,1.0,9.382964611053467
BlogCatalog,2,1216,5051,0.6,0.5,45,0.3400065484575048,0.0011160714285714285,1.0,9.262068510055542
BlogCatalog,2,1216,5051,0.6,0.5,46,0.2517432874580493,0.0,1.0,9.177303552627563
BlogCatalog,2,1216,5051,0.6,0.5,47,0.2517432874580493,0.0,1.0,9.407514572143555
BlogCatalog,2,1216,5051,0.6,0.5,48,0.2517432874580493,0.0,1.0,9.472111701965332
BlogCatalog,2,1216,5051,0.6,0.5,49,0.2517432874580493,0.0,1.0,9.153290748596191
BlogCatalog,2,1216,5051,0.6,0.5,50,0.35069785324571545,0.0010152284263959391,1.0,9.185768604278564
BlogCatalog,2,1216,5472,0.65,0.5,1,0.35576769990795604,0.001040582726326743,1.0,9.386847734451294
BlogCatalog,2,1216,5472,0.65,0.5,2,0.2517432874580493,0.0,1.0,9.544269323348999
BlogCatalog,2,1216,5472,0.65,0.5,3,0.2517432874580493,0.0,1.0,9.331637859344482
BlogCatalog,2,1216,5472,0.65,0.5,4,0.2517432874580493,0.0,1.0,9.518269777297974
BlogCatalog,2,1216,5472,0.65,0.5,5,0.40398608702786015,0.0010245901639344263,1.0,9.391578912734985
BlogCatalog,2,1216,5472,0.65,0.5,6,0.36688079078474845,0.001142857142857143,1.0,9.135729789733887
BlogCatalog,2,1216,5472,0.65,0.5,7,0.3522096061003422,0.00101010101010101,1.0,9.330065965652466
BlogCatalog,2,1216,5472,0.65,0.5,8,0.34849995405197715,0.0010131712259371835,1.0,9.322887420654297
BlogCatalog,2,1216,5472,0.65,0.5,9,0.2517432874580493,0.0,1.0,9.312032699584961
BlogCatalog,2,1216,5472,0.65,0.5,10,0.2517432874580493,0.0,1.0,9.547493934631348
BlogCatalog,2,1216,5472,0.65,0.5,11,0.2517432874580493,0.0,1.0,9.569505214691162
BlogCatalog,2,1216,5472,0.65,0.5,12,0.3480289512989803,0.0011587485515643105,1.0,9.384469509124756
BlogCatalog,2,1216,5472,0.65,0.5,13,0.2517432874580493,0.0,1.0,9.297694444656372
BlogCatalog,2,1216,5472,0.65,0.5,14,0.3382139482850516,0.0010649627263045794,1.0,9.337740182876587
BlogCatalog,2,1216,5472,0.65,0.5,15,0.34040635099803135,0.001059322033898305,1.0,9.360601663589478
BlogCatalog,2,1216,5472,0.65,0.5,16,0.3563017941335842,0.0011350737797956867,1.0,9.398876428604126
BlogCatalog,2,1216,5472,0.65,0.5,17,0.35590252871908046,0.0011574074074074073,1.0,9.131955862045288
BlogCatalog,2,1216,5472,0.65,0.5,18,0.3484470419341322,0.0011148272017837235,1.0,9.333359718322754
BlogCatalog,2,1216,5472,0.65,0.5,19,0.2517432874580493,0.0,1.0,9.518304347991943
BlogCatalog,2,1216,5472,0.65,0.5,20,0.3476138785149127,0.0011363636363636363,1.0,9.172322750091553
BlogCatalog,2,1216,5472,0.65,0.5,21,0.2517432874580493,0.0,1.0,9.534973621368408
BlogCatalog,2,1216,5472,0.65,0.5,22,0.34583352412392515,0.0011507479861910242,1.0,9.332159042358398
BlogCatalog,2,1216,5472,0.65,0.5,23,0.2517432874580493,0.0,1.0,9.577576875686646
BlogCatalog,2,1216,5472,0.65,0.5,24,0.2517432874580493,0.0,1.0,9.308199882507324
BlogCatalog,2,1216,5472,0.65,0.5,25,0.345743751118,0.001037344398340249,1.0,9.388351440429688
BlogCatalog,2,1216,5472,0.65,0.5,26,0.2517432874580493,0.0,1.0,9.5591299533844
BlogCatalog,2,1216,5472,0.65,0.5,27,0.3583311290117141,0.001049317943336831,1.0,9.181084871292114
BlogCatalog,2,1216,5472,0.65,0.5,28,0.2517432874580493,0.0,1.0,9.516387939453125
BlogCatalog,2,1216,5472,0.65,0.5,29,0.34097622889803986,0.0010384215991692627,1.0,9.323663234710693
BlogCatalog,2,1216,5472,0.65,0.5,30,0.2517432874580493,0.0,1.0,9.59220004081726
BlogCatalog,2,1216,5472,0.65,0.5,31,0.2517432874580493,0.0,1.0,9.310510635375977
BlogCatalog,2,1216,5472,0.65,0.5,32,0.2517432874580493,0.0,1.0,9.51493525505066
BlogCatalog,2,1216,5472,0.65,0.5,33,0.35856854392014387,0.0010277492291880781,1.0,9.338706016540527
BlogCatalog,2,1216,5472,0.65,0.5,34,0.2517432874580493,0.0,1.0,9.324048519134521
BlogCatalog,2,1216,5472,0.65,0.5,35,0.34993530622372865,0.001040582726326743,1.0,9.373390913009644
BlogCatalog,2,1216,5472,0.65,0.5,36,0.2517432874580493,0.0,1.0,9.494645357131958
BlogCatalog,2,1216,5472,0.65,0.5,37,0.2517432874580493,0.0,1.0,9.522993803024292
BlogCatalog,2,1216,5472,0.65,0.5,38,0.2517432874580493,0.0,1.0,9.32020902633667
BlogCatalog,2,1216,5472,0.65,0.5,39,0.38275985497527276,0.0009727626459143969,1.0,9.33165717124939
BlogCatalog,2,1216,5472,0.65,0.5,40,0.2517432874580493,0.0,1.0,9.530397891998291
BlogCatalog,2,1216,5472,0.65,0.5,41,0.34557303033168363,0.0010660980810234541,1.0,9.16852068901062
BlogCatalog,2,1216,5472,0.65,0.5,42,0.3572297511959509,0.0010030090270812437,1.0,9.352411031723022
BlogCatalog,2,1216,5472,0.65,0.5,43,0.2517432874580493,0.0,1.0,9.557610273361206
BlogCatalog,2,1216,5472,0.65,0.5,44,0.2517432874580493,0.0,1.0,9.556754350662231
BlogCatalog,2,1216,5472,0.65,0.5,45,0.2517432874580493,0.0,1.0,9.30608320236206
BlogCatalog,2,1216,5472,0.65,0.5,46,0.3510607768890443,0.001002004008016032,1.0,9.37165117263794
BlogCatalog,2,1216,5472,0.65,0.5,47,0.3689252592745575,0.0009900990099009901,1.0,9.361945867538452
BlogCatalog,2,1216,5472,0.65,0.5,48,0.2517432874580493,0.0,1.0,9.624040603637695
BlogCatalog,2,1216,5472,0.65,0.5,49,0.2517432874580493,0.0,1.0,9.320018291473389
BlogCatalog,2,1216,5472,0.65,0.5,50,0.2517432874580493,0.0,1.0,9.502224683761597
BlogCatalog,2,1216,5893,0.7,0.5,1,0.2517432874580493,0.0,1.0,9.631874561309814
BlogCatalog,2,1216,5893,0.7,0.5,2,0.2517432874580493,0.0,1.0,9.442582130432129
BlogCatalog,2,1216,5893,0.7,0.5,3,0.2517432874580493,0.0,1.0,9.670228242874146
BlogCatalog,2,1216,5893,0.7,0.5,4,0.2517432874580493,0.0,1.0,9.64758586883545
BlogCatalog,2,1216,5893,0.7,0.5,5,0.34148317321209926,0.0010395010395010396,1.0,9.50107717514038
BlogCatalog,2,1216,5893,0.7,0.5,6,0.34515678592764054,0.0010141987829614604,1.0,9.295674800872803
BlogCatalog,2,1216,5893,0.7,0.5,7,0.3465088279423716,0.0010471204188481676,1.0,9.465381860733032
BlogCatalog,2,1216,5893,0.7,0.5,8,0.3421501135420562,0.001075268817204301,1.0,9.473353385925293
BlogCatalog,2,1216,5893,0.7,0.5,9,0.3455018509030971,0.0010030090270812437,1.0,9.519957065582275
BlogCatalog,2,1216,5893,0.7,0.5,10,0.34664605503547585,0.001017293997965412,1.0,9.238402843475342
BlogCatalog,2,1216,5893,0.7,0.5,11,0.2517432874580493,0.0,1.0,9.661402463912964
BlogCatalog,2,1216,5893,0.7,0.5,12,0.34487061946018605,0.001053740779768177,1.0,9.554765939712524
BlogCatalog,2,1216,5893,0.7,0.5,13,0.3468482135061271,0.0010649627263045794,1.0,9.245491027832031
BlogCatalog,2,1216,5893,0.7,0.5,14,0.2517432874580493,0.0,1.0,9.632616996765137
BlogCatalog,2,1216,5893,0.7,0.5,15,0.35660553816147283,0.001092896174863388,1.0,9.469691276550293
BlogCatalog,2,1216,5893,0.7,0.5,16,0.34409700044336683,0.0010121457489878543,1.0,9.535560846328735
BlogCatalog,2,1216,5893,0.7,0.5,17,0.2517432874580493,0.0,1.0,9.451780319213867
BlogCatalog,2,1216,5893,0.7,0.5,18,0.35072253132000436,0.0010964912280701754,1.0,9.486650228500366
BlogCatalog,2,1216,5893,0.7,0.5,19,0.34770579422409686,0.0011210762331838565,1.0,9.506318807601929
BlogCatalog,2,1216,5893,0.7,0.5,20,0.3491049471950413,0.0010460251046025104,1.0,9.250924110412598
BlogCatalog,2,1216,5893,0.7,0.5,21,0.34860534715041397,0.001026694045174538,1.0,9.480186462402344
BlogCatalog,2,1216,5893,0.7,0.5,22,0.2517432874580493,0.0,1.0,9.706408739089966
BlogCatalog,2,1216,5893,0.7,0.5,23,0.3448718341625953,0.0010416666666666667,1.0,9.254547834396362
BlogCatalog,2,1216,5893,0.7,0.5,24,0.3536197497717332,0.0010964912280701754,1.0,9.50490689277649
BlogCatalog,2,1216,5893,0.7,0.5,25,0.2517432874580493,0.0,1.0,9.63456654548645
BlogCatalog,2,1216,5893,0.7,0.5,26,0.3454149903586539,0.0010695187165775401,1.0,9.496420621871948
BlogCatalog,2,1216,5893,0.7,0.5,27,0.2517432874580493,0.0,1.0,9.43891167640686
BlogCatalog,2,1216,5893,0.7,0.5,28,0.3437656518893708,0.001040582726326743,1.0,9.470049858093262
BlogCatalog,2,1216,5893,0.7,0.5,29,0.2517432874580493,0.0,1.0,9.67833685874939
BlogCatalog,2,1216,5893,0.7,0.5,30,0.345776145599013,0.001098901098901099,1.0,9.284061670303345
BlogCatalog,2,1216,5893,0.7,0.5,31,0.3601531563361709,0.0011111111111111111,1.0,9.581258296966553
BlogCatalog,2,1216,5893,0.7,0.5,32,0.34116620159717775,0.0010845986984815619,1.0,9.490652084350586
BlogCatalog,2,1216,5893,0.7,0.5,33,0.2517432874580493,0.0,1.0,9.692633390426636
BlogCatalog,2,1216,5893,0.7,0.5,34,0.34643062686562826,0.0010351966873706005,1.0,9.270772457122803
BlogCatalog,2,1216,5893,0.7,0.5,35,0.3581474224428523,0.0011111111111111111,1.0,9.464071989059448
BlogCatalog,2,1216,5893,0.7,0.5,36,0.2517432874580493,0.0,1.0,9.66514253616333
BlogCatalog,2,1216,5893,0.7,0.5,37,0.3499079943561028,0.0010204081632653062,1.0,9.29788875579834
BlogCatalog,2,1216,5893,0.7,0.5,38,0.2517432874580493,0.0,1.0,9.722625494003296
BlogCatalog,2,1216,5893,0.7,0.5,39,0.2517432874580493,0.0,1.0,9.641584873199463
BlogCatalog,2,1216,5893,0.7,0.5,40,0.2517432874580493,0.0,1.0,9.70022964477539
BlogCatalog,2,1216,5893,0.7,0.5,41,0.34208279627584626,0.0011086474501108647,1.0,9.255715608596802
BlogCatalog,2,1216,5893,0.7,0.5,42,0.35416034705915866,0.001092896174863388,1.0,9.461310625076294
BlogCatalog,2,1216,5893,0.7,0.5,43,0.2517432874580493,0.0,1.0,9.671416759490967
BlogCatalog,2,1216,5893,0.7,0.5,44,0.353170121160482,0.0010504201680672268,1.0,9.51378607749939
BlogCatalog,2,1216,5893,0.7,0.5,45,0.2517432874580493,0.0,1.0,9.43174409866333
BlogCatalog,2,1216,5893,0.7,0.5,46,0.3608607527365525,0.0011574074074074073,1.0,9.486255884170532
BlogCatalog,2,1216,5893,0.7,0.5,47,0.35114081254919577,0.0010775862068965517,1.0,9.518418550491333
BlogCatalog,2,1216,5893,0.7,0.5,48,0.3554018867851003,0.0010449320794148381,1.0,9.252991437911987
BlogCatalog,2,1216,5893,0.7,0.5,49,0.2517432874580493,0.0,1.0,9.631152153015137
BlogCatalog,2,1216,5893,0.7,0.5,50,0.2517432874580493,0.0,1.0,9.69121527671814
BlogCatalog,2,1216,6314,0.75,0.5,1,0.34299587878901516,0.0011560693641618498,1.0,9.407207727432251
BlogCatalog,2,1216,6314,0.75,0.5,2,0.34424645358563405,0.0010427528675703858,1.0,9.612935304641724
BlogCatalog,2,1216,6314,0.75,0.5,3,0.2517432874580493,0.0,1.0,9.803674459457397
BlogCatalog,2,1216,6314,0.75,0.5,4,0.2517432874580493,0.0,1.0,9.808149099349976
BlogCatalog,2,1216,6314,0.75,0.5,5,0.2517432874580493,0.0,1.0,9.567125082015991
BlogCatalog,2,1216,6314,0.75,0.5,6,0.2517432874580493,0.0,1.0,9.783891916275024
BlogCatalog,2,1216,6314,0.75,0.5,7,0.34013156656120197,0.001,1.0,9.60933256149292
BlogCatalog,2,1216,6314,0.75,0.5,8,0.35917901020255316,0.0010787486515641855,1.0,9.39293384552002
BlogCatalog,2,1216,6314,0.75,0.5,9,0.3543906229654586,0.001049317943336831,1.0,9.651741027832031
BlogCatalog,2,1216,6314,0.75,0.5,10,0.34968528374712976,0.0011507479861910242,1.0,9.61887526512146
BlogCatalog,2,1216,6314,0.75,0.5,11,0.35366422910967327,0.0010277492291880781,1.0,9.631309032440186
BlogCatalog,2,1216,6314,0.75,0.5,12,0.2517432874580493,0.0,1.0,9.586979627609253
BlogCatalog,2,1216,6314,0.75,0.5,13,0.35957921622116296,0.001122334455667789,1.0,9.562476634979248
BlogCatalog,2,1216,6314,0.75,0.5,14,0.2517432874580493,0.0,1.0,9.789045095443726
BlogCatalog,2,1216,6314,0.75,0.5,15,0.3521407748684305,0.0010504201680672268,1.0,9.642590522766113
BlogCatalog,2,1216,6314,0.75,0.5,16,0.2517432874580493,0.0,1.0,9.551119327545166
BlogCatalog,2,1216,6314,0.75,0.5,17,0.35165708701684034,0.0009596928982725527,1.0,9.64432954788208
BlogCatalog,2,1216,6314,0.75,0.5,18,0.2517432874580493,0.0,1.0,9.812621831893921
BlogCatalog,2,1216,6314,0.75,0.5,19,0.34242982997709936,0.001053740779768177,1.0,9.373435974121094
BlogCatalog,2,1216,6314,0.75,0.5,20,0.3527794858500955,0.001072961373390558,1.0,9.568553924560547
BlogCatalog,2,1216,6314,0.75,0.5,21,0.3441911907887022,0.0011049723756906078,1.0,9.621689558029175
BlogCatalog,2,1216,6314,0.75,0.5,22,0.3586726893156885,0.0011299435028248588,1.0,9.407984256744385
BlogCatalog,2,1216,6314,0.75,0.5,23,0.34855703343242816,0.0010799136069114472,1.0,9.655421257019043
BlogCatalog,2,1216,6314,0.75,0.5,24,0.2517432874580493,0.0,1.0,9.762174367904663
BlogCatalog,2,1216,6314,0.75,0.5,25,0.2517432874580493,0.0,1.0,9.83243441581726
BlogCatalog,2,1216,6314,0.75,0.5,26,0.34498146283265413,0.0010427528675703858,1.0,9.415263414382935
BlogCatalog,2,1216,6314,0.75,0.5,27,0.3468139517330406,0.0011098779134295228,1.0,9.581684589385986
BlogCatalog,2,1216,6314,0.75,0.5,28,0.2517432874580493,0.0,1.0,9.795687198638916
BlogCatalog,2,1216,6314,0.75,0.5,29,0.2517432874580493,0.0,1.0,9.809723138809204
BlogCatalog,2,1216,6314,0.75,0.5,30,0.3570377985350972,0.001122334455667789,1.0,9.372808456420898
BlogCatalog,2,1216,6314,0.75,0.5,31,0.34559523902913175,0.0010111223458038423,1.0,9.617861986160278
BlogCatalog,2,1216,6314,0.75,0.5,32,0.2517432874580493,0.0,1.0,9.818064212799072
BlogCatalog,2,1216,6314,0.75,0.5,33,0.2517432874580493,0.0,1.0,9.57179307937622
BlogCatalog,2,1216,6314,0.75,0.5,34,0.2517432874580493,0.0,1.0,9.79172945022583
BlogCatalog,2,1216,6314,0.75,0.5,35,0.34216896572200695,0.0010193679918450561,1.0,9.600355386734009
BlogCatalog,2,1216,6314,0.75,0.5,36,0.35622812226394823,0.001,1.0,9.645735502243042
BlogCatalog,2,1216,6314,0.75,0.5,37,0.2517432874580493,0.0,1.0,9.604623794555664
BlogCatalog,2,1216,6314,0.75,0.5,38,0.2517432874580493,0.0,1.0,9.746688842773438
BlogCatalog,2,1216,6314,0.75,0.5,39,0.2517432874580493,0.0,1.0,9.803455352783203
BlogCatalog,2,1216,6314,0.75,0.5,40,0.35004148480801706,0.0010460251046025104,1.0,9.6364164352417
BlogCatalog,2,1216,6314,0.75,0.5,41,0.34068164055661504,0.0010277492291880781,1.0,9.392627954483032
BlogCatalog,2,1216,6314,0.75,0.5,42,0.2517432874580493,0.0,1.0,9.804109573364258
BlogCatalog,2,1216,6314,0.75,0.5,43,0.2517432874580493,0.0,1.0,9.775745153427124
BlogCatalog,2,1216,6314,0.75,0.5,44,0.2517432874580493,0.0,1.0,9.820138931274414
BlogCatalog,2,1216,6314,0.75,0.5,45,0.3444004746020423,0.0010834236186348862,1.0,9.414879322052002
BlogCatalog,2,1216,6314,0.75,0.5,46,0.2517432874580493,0.0,1.0,9.761149644851685
BlogCatalog,2,1216,6314,0.75,0.5,47,0.2517432874580493,0.0,1.0,9.810715913772583
BlogCatalog,2,1216,6314,0.75,0.5,48,0.2517432874580493,0.0,1.0,9.839403629302979
BlogCatalog,2,1216,6314,0.75,0.5,49,0.35157107511671354,0.0011061946902654867,1.0,9.375978946685791
BlogCatalog,2,1216,6314,0.75,0.5,50,0.362845237904018,0.0010438413361169101,1.0,9.634548664093018
BlogCatalog,2,1216,6734,0.8,0.5,1,0.36174344055763463,0.0010548523206751054,1.0,9.805669069290161
BlogCatalog,2,1216,6734,0.8,0.5,2,0.34349813040716737,0.0010822510822510823,1.0,9.523168325424194
BlogCatalog,2,1216,6734,0.8,0.5,3,0.2517432874580493,0.0,1.0,9.908631563186646
BlogCatalog,2,1216,6734,0.8,0.5,4,0.2517432874580493,0.0,1.0,9.902806043624878
BlogCatalog,2,1216,6734,0.8,0.5,5,0.2517432874580493,0.0,1.0,9.954988479614258
BlogCatalog,2,1216,6734,0.8,0.5,6,0.2517432874580493,0.0,1.0,9.741617679595947
BlogCatalog,2,1216,6734,0.8,0.5,7,0.3500681144294788,0.0010869565217391304,1.0,9.727170705795288
BlogCatalog,2,1216,6734,0.8,0.5,8,0.34544579721003765,0.0010660980810234541,1.0,9.783032894134521
BlogCatalog,2,1216,6734,0.8,0.5,9,0.35439595962992315,0.001001001001001001,1.0,9.536508798599243
BlogCatalog,2,1216,6734,0.8,0.5,10,0.3547851921923798,0.0011135857461024498,1.0,9.723909616470337
BlogCatalog,2,1216,6734,0.8,0.5,11,0.3437807286117644,0.0010277492291880781,1.0,9.726009845733643
BlogCatalog,2,1216,6734,0.8,0.5,12,0.2517432874580493,0.0,1.0,9.982714176177979
BlogCatalog,2,1216,6734,0.8,0.5,13,0.3506115237238217,0.0010775862068965517,1.0,9.50044560432434
BlogCatalog,2,1216,6734,0.8,0.5,14,0.2517432874580493,0.0,1.0,9.920166254043579
BlogCatalog,2,1216,6734,0.8,0.5,15,0.3499400119414491,0.0011111111111111111,1.0,9.801493644714355
BlogCatalog,2,1216,6734,0.8,0.5,16,0.35292659312340063,0.0010460251046025104,1.0,9.50999140739441
BlogCatalog,2,1216,6734,0.8,0.5,17,0.2517432874580493,0.0,1.0,9.894115209579468
BlogCatalog,2,1216,6734,0.8,0.5,18,0.3657944683877356,0.0011013215859030838,1.0,9.750882863998413
BlogCatalog,2,1216,6734,0.8,0.5,19,0.2517432874580493,0.0,1.0,9.953312873840332
BlogCatalog,2,1216,6734,0.8,0.5,20,0.2517432874580493,0.0,1.0,9.702144861221313
BlogCatalog,2,1216,6734,0.8,0.5,21,0.3546018777372075,0.0011273957158962795,1.0,9.82427191734314
BlogCatalog,2,1216,6734,0.8,0.5,22,0.3583743287949461,0.001017293997965412,1.0,9.812104225158691
BlogCatalog,2,1216,6734,0.8,0.5,23,0.350342998240524,0.00102880658436214,1.0,9.550122499465942
BlogCatalog,2,1216,6734,0.8,0.5,24,0.3432569387427527,0.0010526315789473684,1.0,9.762633323669434
BlogCatalog,2,1216,6734,0.8,0.5,25,0.3485091968325616,0.0010660980810234541,1.0,9.709859132766724
BlogCatalog,2,1216,6734,0.8,0.5,26,0.2517432874580493,0.0,1.0,9.708067417144775
BlogCatalog,2,1216,6734,0.8,0.5,27,0.2517432874580493,0.0,1.0,9.9598388671875
BlogCatalog,2,1216,6734,0.8,0.5,28,0.35010393804855744,0.0011001100110011,1.0,9.720752954483032
BlogCatalog,2,1216,6734,0.8,0.5,29,0.2517432874580493,0.0,1.0,9.9431631565094
BlogCatalog,2,1216,6734,0.8,0.5,30,0.2517432874580493,0.0,1.0,9.704231262207031
BlogCatalog,2,1216,6734,0.8,0.5,31,0.35089805406029184,0.0010080645161290322,1.0,9.732353925704956
BlogCatalog,2,1216,6734,0.8,0.5,32,0.3529808186142113,0.0011299435028248588,1.0,9.749147891998291
BlogCatalog,2,1216,6734,0.8,0.5,33,0.2517432874580493,0.0,1.0,9.726882457733154
BlogCatalog,2,1216,6734,0.8,0.5,34,0.2517432874580493,0.0,1.0,9.945319414138794
BlogCatalog,2,1216,6734,0.8,0.5,35,0.2517432874580493,0.0,1.0,9.930290699005127
BlogCatalog,2,1216,6734,0.8,0.5,36,0.34641557263661854,0.0010460251046025104,1.0,9.778968811035156
BlogCatalog,2,1216,6734,0.8,0.5,37,0.2517432874580493,0.0,1.0,9.702284812927246
BlogCatalog,2,1216,6734,0.8,0.5,38,0.2517432874580493,0.0,1.0,9.888345956802368
BlogCatalog,2,1216,6734,0.8,0.5,39,0.2517432874580493,0.0,1.0,9.925815343856812
BlogCatalog,2,1216,6734,0.8,0.5,40,0.3486192560426285,0.001,1.0,9.754065752029419
BlogCatalog,2,1216,6734,0.8,0.5,41,0.3483368042163703,0.0010615711252653928,1.0,9.519336700439453
BlogCatalog,2,1216,6734,0.8,0.5,42,0.2517432874580493,0.0,1.0,9.91456913948059
BlogCatalog,2,1216,6734,0.8,0.5,43,0.2517432874580493,0.0,1.0,9.945610523223877
BlogCatalog,2,1216,6734,0.8,0.5,44,0.2517432874580493,0.0,1.0,9.731739521026611
BlogCatalog,2,1216,6734,0.8,0.5,45,0.2517432874580493,0.0,1.0,9.903668642044067
BlogCatalog,2,1216,6734,0.8,0.5,46,0.2517432874580493,0.0,1.0,9.917837142944336
BlogCatalog,2,1216,6734,0.8,0.5,47,0.3445378618010866,0.001095290251916758,1.0,9.755298614501953
BlogCatalog,2,1216,6734,0.8,0.5,48,0.2517432874580493,0.0,1.0,9.677772283554077
BlogCatalog,2,1216,6734,0.8,0.5,49,0.3616900610190048,0.0010298661174047373,1.0,9.73655891418457
BlogCatalog,2,1216,6734,0.8,0.5,50,0.35163406999705515,0.0010319917440660474,1.0,9.728531122207642
BlogCatalog,2,1216,7155,0.85,0.5,1,0.3616437538294379,0.0011098779134295228,1.0,9.913876295089722
BlogCatalog,2,1216,7155,0.85,0.5,2,0.2517432874580493,0.0,1.0,9.846393346786499
BlogCatalog,2,1216,7155,0.85,0.5,3,0.35320188434417965,0.0010604453870625664,1.0,9.855396270751953
BlogCatalog,2,1216,7155,0.85,0.5,4,0.34058258840519157,0.0010256410256410256,1.0,9.927271604537964
BlogCatalog,2,1216,7155,0.85,0.5,5,0.35050337931004566,0.0010940919037199124,1.0,9.68200969696045
BlogCatalog,2,1216,7155,0.85,0.5,6,0.2517432874580493,0.0,1.0,10.058542966842651
BlogCatalog,2,1216,7155,0.85,0.5,7,0.34674078492942145,0.001072961373390558,1.0,9.883858680725098
BlogCatalog,2,1216,7155,0.85,0.5,8,0.36399433706001044,0.0010559662090813093,1.0,9.926997423171997
BlogCatalog,2,1216,7155,0.85,0.5,9,0.2517432874580493,0.0,1.0,9.823593616485596
BlogCatalog,2,1216,7155,0.85,0.5,10,0.35510086500148863,0.0010111223458038423,1.0,9.870450019836426
BlogCatalog,2,1216,7155,0.85,0.5,11,0.3456694068940378,0.0010775862068965517,1.0,9.91270399093628
BlogCatalog,2,1216,7155,0.85,0.5,12,0.36007540911087876,0.0010526315789473684,1.0,9.941833972930908
BlogCatalog,2,1216,7155,0.85,0.5,13,0.3438920122338878,0.0010775862068965517,1.0,9.656867742538452
BlogCatalog,2,1216,7155,0.85,0.5,14,0.34408837049515384,0.0010416666666666667,1.0,9.848223447799683
BlogCatalog,2,1216,7155,0.85,0.5,15,0.2517432874580493,0.0,1.0,10.08524203300476
BlogCatalog,2,1216,7155,0.85,0.5,16,0.35023512916101407,0.0010799136069114472,1.0,9.654152631759644
BlogCatalog,2,1216,7155,0.85,0.5,17,0.2517432874580493,0.0,1.0,10.085860013961792
BlogCatalog,2,1216,7155,0.85,0.5,18,0.3645532088582512,0.0010526315789473684,1.0,9.88418197631836
BlogCatalog,2,1216,7155,0.85,0.5,19,0.3518862941424949,0.0009950248756218905,1.0,9.931460618972778
BlogCatalog,2,1216,7155,0.85,0.5,20,0.36157653680152774,0.0011655011655011655,1.0,9.645359516143799
BlogCatalog,2,1216,7155,0.85,0.5,21,0.3526574509435111,0.001076426264800861,1.0,9.865705966949463
BlogCatalog,2,1216,7155,0.85,0.5,22,0.2517432874580493,0.0,1.0,10.074910640716553
BlogCatalog,2,1216,7155,0.85,0.5,23,0.34438802821393116,0.0010460251046025104,1.0,9.675706148147583
BlogCatalog,2,1216,7155,0.85,0.5,24,0.3345678356433384,0.0010626992561105207,1.0,9.839926719665527
BlogCatalog,2,1216,7155,0.85,0.5,25,0.34474569235312,0.000998003992015968,1.0,9.870113611221313
BlogCatalog,2,1216,7155,0.85,0.5,26,0.35540948971512565,0.0011037527593818985,1.0,9.95356559753418
BlogCatalog,2,1216,7155,0.85,0.5,27,0.2517432874580493,0.0,1.0,9.81246829032898
BlogCatalog,2,1216,7155,0.85,0.5,28,0.2517432874580493,0.0,1.0,10.049838781356812
BlogCatalog,2,1216,7155,0.85,0.5,29,0.2517432874580493,0.0,1.0,10.12358283996582
BlogCatalog,2,1216,7155,0.85,0.5,30,0.2517432874580493,0.0,1.0,9.809873580932617
BlogCatalog,2,1216,7155,0.85,0.5,31,0.3543211467965349,0.0010256410256410256,1.0,9.824888467788696
BlogCatalog,2,1216,7155,0.85,0.5,32,0.35005538471760356,0.001081081081081081,1.0,9.888531684875488
BlogCatalog,2,1216,7155,0.85,0.5,33,0.34854125906234823,0.001049317943336831,1.0,9.904319763183594
BlogCatalog,2,1216,7155,0.85,0.5,34,0.3614407450636384,0.0010822510822510823,1.0,9.657508373260498
BlogCatalog,2,1216,7155,0.85,0.5,35,0.35243670702549224,0.0010869565217391304,1.0,9.866081714630127
BlogCatalog,2,1216,7155,0.85,0.5,36,0.3485841726521351,0.0010131712259371835,1.0,9.88530969619751
BlogCatalog,2,1216,7155,0.85,0.5,37,0.3435464012971693,0.0009881422924901185,1.0,9.909830808639526
BlogCatalog,2,1216,7155,0.85,0.5,38,0.3513983613774903,0.001049317943336831,1.0,9.664284467697144
BlogCatalog,2,1216,7155,0.85,0.5,39,0.34451214829442994,0.0010362694300518134,1.0,9.920789241790771
BlogCatalog,2,1216,7155,0.85,0.5,40,0.3473460188398338,0.0010604453870625664,1.0,9.882845640182495
BlogCatalog,2,1216,7155,0.85,0.5,41,0.3619446388400377,0.0010582010582010583,1.0,9.908377885818481
BlogCatalog,2,1216,7155,0.85,0.5,42,0.2517432874580493,0.0,1.0,9.799562454223633
BlogCatalog,2,1216,7155,0.85,0.5,43,0.2517432874580493,0.0,1.0,10.03839111328125
BlogCatalog,2,1216,7155,0.85,0.5,44,0.35554591868690544,0.00101010101010101,1.0,9.934014320373535
BlogCatalog,2,1216,7155,0.85,0.5,45,0.3549880938395355,0.0009861932938856016,1.0,9.924607515335083
BlogCatalog,2,1216,7155,0.85,0.5,46,0.35471649637403113,0.001049317943336831,1.0,9.646909713745117
BlogCatalog,2,1216,7155,0.85,0.5,47,0.2517432874580493,0.0,1.0,10.072728872299194
BlogCatalog,2,1216,7155,0.85,0.5,48,0.355072020017986,0.0011402508551881414,1.0,9.919291019439697
BlogCatalog,2,1216,7155,0.85,0.5,49,0.3505639891656326,0.0010857763300760044,1.0,9.621283769607544
BlogCatalog,2,1216,7155,0.85,0.5,50,0.34995573766687743,0.0010638297872340426,1.0,9.873142004013062
BlogCatalog,2,1216,7576,0.9,0.5,1,0.2517432874580493,0.0,1.0,10.161494970321655
BlogCatalog,2,1216,7576,0.9,0.5,2,0.2517432874580493,0.0,1.0,9.947232246398926
BlogCatalog,2,1216,7576,0.9,0.5,3,0.35438148486953236,0.0010570824524312897,1.0,10.01331615447998
BlogCatalog,2,1216,7576,0.9,0.5,4,0.36148971850556366,0.000975609756097561,1.0,10.01155400276184
BlogCatalog,2,1216,7576,0.9,0.5,5,0.2517432874580493,0.0,1.0,10.233171939849854
BlogCatalog,2,1216,7576,0.9,0.5,6,0.2517432874580493,0.0,1.0,9.951379299163818
BlogCatalog,2,1216,7576,0.9,0.5,7,0.2517432874580493,0.0,1.0,10.133569478988647
BlogCatalog,2,1216,7576,0.9,0.5,8,0.3566315531455419,0.0010741138560687433,1.0,10.016902923583984
BlogCatalog,2,1216,7576,0.9,0.5,9,0.3623960598055118,0.0010235414534288639,1.0,10.032708644866943
BlogCatalog,2,1216,7576,0.9,0.5,10,0.3485829616913756,0.0010940919037199124,1.0,9.769050359725952
BlogCatalog,2,1216,7576,0.9,0.5,11,0.35007679319543744,0.0010834236186348862,1.0,9.978461027145386
BlogCatalog,2,1216,7576,0.9,0.5,12,0.360974501975818,0.0011273957158962795,1.0,9.969138622283936
BlogCatalog,2,1216,7576,0.9,0.5,13,0.35178205780995614,0.0010559662090813093,1.0,10.039800882339478
BlogCatalog,2,1216,7576,0.9,0.5,14,0.2517432874580493,0.0,1.0,10.002941131591797
BlogCatalog,2,1216,7576,0.9,0.5,15,0.3614060696879858,0.0009832841691248771,1.0,9.977013111114502
BlogCatalog,2,1216,7576,0.9,0.5,16,0.2517432874580493,0.0,1.0,10.19387412071228
BlogCatalog,2,1216,7576,0.9,0.5,17,0.34577156362843975,0.001053740779768177,1.0,10.013792753219604
BlogCatalog,2,1216,7576,0.9,0.5,18,0.34365336435980387,0.0010615711252653928,1.0,9.767856121063232
BlogCatalog,2,1216,7576,0.9,0.5,19,0.3585683952743255,0.0010319917440660474,1.0,9.964321851730347
BlogCatalog,2,1216,7576,0.9,0.5,20,0.2517432874580493,0.0,1.0,10.171184301376343
BlogCatalog,2,1216,7576,0.9,0.5,21,0.2517432874580493,0.0,1.0,10.192748069763184
BlogCatalog,2,1216,7576,0.9,0.5,22,0.3596872350618501,0.001081081081081081,1.0,9.808485269546509
BlogCatalog,2,1216,7576,0.9,0.5,23,0.2517432874580493,0.0,1.0,10.131714344024658
BlogCatalog,2,1216,7576,0.9,0.5,24,0.2517432874580493,0.0,1.0,10.192156314849854
BlogCatalog,2,1216,7576,0.9,0.5,25,0.36213082223136006,0.0011098779134295228,1.0,10.013543605804443
BlogCatalog,2,1216,7576,0.9,0.5,26,0.2517432874580493,0.0,1.0,9.9384126663208
BlogCatalog,2,1216,7576,0.9,0.5,27,0.2517432874580493,0.0,1.0,10.146825313568115
BlogCatalog,2,1216,7576,0.9,0.5,28,0.2517432874580493,0.0,1.0,10.201586484909058
BlogCatalog,2,1216,7576,0.9,0.5,29,0.34888469955988066,0.0010834236186348862,1.0,9.788761138916016
BlogCatalog,2,1216,7576,0.9,0.5,30,0.2517432874580493,0.0,1.0,10.205934524536133
BlogCatalog,2,1216,7576,0.9,0.5,31,0.35240693205564544,0.0010050251256281408,1.0,9.974787950515747
BlogCatalog,2,1216,7576,0.9,0.5,32,0.3486213183631595,0.0010204081632653062,1.0,10.058491945266724
BlogCatalog,2,1216,7576,0.9,0.5,33,0.2517432874580493,0.0,1.0,9.956897020339966
BlogCatalog,2,1216,7576,0.9,0.5,34,0.3456055022993783,0.0011074197120708748,1.0,9.944323539733887
BlogCatalog,2,1216,7576,0.9,0.5,35,0.2517432874580493,0.0,1.0,10.190501689910889
BlogCatalog,2,1216,7576,0.9,0.5,36,0.3618539400916801,0.0010548523206751054,1.0,10.0334312915802
BlogCatalog,2,1216,7576,0.9,0.5,37,0.34594033765510984,0.0010570824524312897,1.0,9.793222427368164
BlogCatalog,2,1216,7576,0.9,0.5,38,0.35454588073618004,0.0010869565217391304,1.0,10.015323400497437
BlogCatalog,2,1216,7576,0.9,0.5,39,0.2517432874580493,0.0,1.0,10.17533826828003
BlogCatalog,2,1216,7576,0.9,0.5,40,0.2517432874580493,0.0,1.0,10.236297130584717
BlogCatalog,2,1216,7576,0.9,0.5,41,0.3518006547986395,0.0010604453870625664,1.0,9.74929666519165
BlogCatalog,2,1216,7576,0.9,0.5,42,0.2517432874580493,0.0,1.0,10.175824165344238
BlogCatalog,2,1216,7576,0.9,0.5,43,0.372860737092854,0.0010277492291880781,1.0,10.049757480621338
BlogCatalog,2,1216,7576,0.9,0.5,44,0.2517432874580493,0.0,1.0,9.943180322647095
BlogCatalog,2,1216,7576,0.9,0.5,45,0.3610532123840497,0.0011467889908256881,1.0,9.974307298660278
BlogCatalog,2,1216,7576,0.9,0.5,46,0.2517432874580493,0.0,1.0,10.18763542175293
BlogCatalog,2,1216,7576,0.9,0.5,47,0.2517432874580493,0.0,1.0,10.264997720718384
BlogCatalog,2,1216,7576,0.9,0.5,48,0.2517432874580493,0.0,1.0,9.934483051300049
BlogCatalog,2,1216,7576,0.9,0.5,49,0.2517432874580493,0.0,1.0,10.1389741897583
BlogCatalog,2,1216,7576,0.9,0.5,50,0.2517432874580493,0.0,1.0,10.172469854354858
BlogCatalog,2,1216,7997,0.95,0.5,1,0.2517432874580493,0.0,1.0,10.362776041030884
BlogCatalog,2,1216,7997,0.95,0.5,2,0.2517432874580493,0.0,1.0,10.055448293685913
BlogCatalog,2,1216,7997,0.95,0.5,3,0.36369031648033284,0.0010893246187363835,1.0,10.086347103118896
BlogCatalog,2,1216,7997,0.95,0.5,4,0.3489432952691476,0.001034126163391934,1.0,10.127972602844238
BlogCatalog,2,1216,7997,0.95,0.5,5,0.3527857275229641,0.001004016064257028,1.0,10.172425508499146
BlogCatalog,2,1216,7997,0.95,0.5,6,0.2517432874580493,0.0,1.0,10.079061269760132
BlogCatalog,2,1216,7997,0.95,0.5,7,0.2517432874580493,0.0,1.0,10.300861597061157
BlogCatalog,2,1216,7997,0.95,0.5,8,0.2517432874580493,0.0,1.0,10.29095983505249
BlogCatalog,2,1216,7997,0.95,0.5,9,0.34989677431602434,0.001017293997965412,1.0,10.15544843673706
BlogCatalog,2,1216,7997,0.95,0.5,10,0.36838082905463804,0.000999000999000999,1.0,9.948158740997314
BlogCatalog,2,1216,7997,0.95,0.5,11,0.33953587919677025,0.0010660980810234541,1.0,10.094971179962158
BlogCatalog,2,1216,7997,0.95,0.5,12,0.35201912321609213,0.001075268817204301,1.0,10.119381427764893
BlogCatalog,2,1216,7997,0.95,0.5,13,0.2517432874580493,0.0,1.0,10.34632658958435
BlogCatalog,2,1216,7997,0.95,0.5,14,0.35188294611798915,0.0009643201542912247,1.0,9.909509181976318
BlogCatalog,2,1216,7997,0.95,0.5,15,0.3584920459457904,0.0010245901639344263,1.0,10.158074617385864
BlogCatalog,2,1216,7997,0.95,0.5,16,0.2517432874580493,0.0,1.0,10.28406572341919
BlogCatalog,2,1216,7997,0.95,0.5,17,0.34761692376543585,0.0009487666034155598,1.0,10.166849136352539
BlogCatalog,2,1216,7997,0.95,0.5,18,0.35894656610510134,0.0009765625,1.0,9.915573120117188
BlogCatalog,2,1216,7997,0.95,0.5,19,0.35459301384398273,0.0010515247108307045,1.0,10.133512020111084
BlogCatalog,2,1216,7997,0.95,0.5,20,0.2517432874580493,0.0,1.0,10.339538812637329
BlogCatalog,2,1216,7997,0.95,0.5,21,0.35024241010135754,0.0010893246187363835,1.0,9.89351224899292
BlogCatalog,2,1216,7997,0.95,0.5,22,0.3533343669935568,0.0010604453870625664,1.0,10.086788654327393
BlogCatalog,2,1216,7997,0.95,0.5,23,0.3520982041954365,0.001006036217303823,1.0,10.105889081954956
BlogCatalog,2,1216,7997,0.95,0.5,24,0.3540737461664472,0.0009652509652509653,1.0,10.143951177597046
BlogCatalog,2,1216,7997,0.95,0.5,25,0.3571061554143643,0.000968054211035818,1.0,9.931843519210815
BlogCatalog,2,1216,7997,0.95,0.5,26,0.2517432874580493,0.0,1.0,10.306087732315063
BlogCatalog,2,1216,7997,0.95,0.5,27,0.36100921680233206,0.000946969696969697,1.0,10.154834747314453
BlogCatalog,2,1216,7997,0.95,0.5,28,0.3676726154654482,0.001001001001001001,1.0,9.933283805847168
BlogCatalog,2,1216,7997,0.95,0.5,29,0.3424971981066959,0.0009794319294809011,1.0,10.108949661254883
BlogCatalog,2,1216,7997,0.95,0.5,30,0.34015096814142204,0.0010070493454179255,1.0,10.140184164047241
BlogCatalog,2,1216,7997,0.95,0.5,31,0.3664968040240845,0.001142857142857143,1.0,9.875447034835815
BlogCatalog,2,1216,7997,0.95,0.5,32,0.361667473822205,0.00102880658436214,1.0,10.203060626983643
BlogCatalog,2,1216,7997,0.95,0.5,33,0.3507884049215411,0.0010672358591248667,1.0,10.125107765197754
BlogCatalog,2,1216,7997,0.95,0.5,34,0.3588064740253568,0.0010438413361169101,1.0,10.169638872146606
BlogCatalog,2,1216,7997,0.95,0.5,35,0.34598625696466395,0.0010214504596527069,1.0,9.891604900360107
BlogCatalog,2,1216,7997,0.95,0.5,36,0.2517432874580493,0.0,1.0,10.28567123413086
BlogCatalog,2,1216,7997,0.95,0.5,37,0.3550207955011255,0.0011135857461024498,1.0,10.148141384124756
BlogCatalog,2,1216,7997,0.95,0.5,38,0.2517432874580493,0.0,1.0,10.320203065872192
BlogCatalog,2,1216,7997,0.95,0.5,39,0.2517432874580493,0.0,1.0,10.151071548461914
BlogCatalog,2,1216,7997,0.95,0.5,40,0.2517432874580493,0.0,1.0,10.30705451965332
BlogCatalog,2,1216,7997,0.95,0.5,41,0.2517432874580493,0.0,1.0,10.313610315322876
BlogCatalog,2,1216,7997,0.95,0.5,42,0.2517432874580493,0.0,1.0,10.349858522415161
BlogCatalog,2,1216,7997,0.95,0.5,43,0.2517432874580493,0.0,1.0,10.09008526802063
BlogCatalog,2,1216,7997,0.95,0.5,44,0.2517432874580493,0.0,1.0,10.275208234786987
BlogCatalog,2,1216,7997,0.95,0.5,45,0.2517432874580493,0.0,1.0,10.303721904754639
BlogCatalog,2,1216,7997,0.95,0.5,46,0.36749175732574757,0.0010570824524312897,1.0,9.92073369026184
BlogCatalog,2,1216,7997,0.95,0.5,47,0.2517432874580493,0.0,1.0,10.338077306747437
BlogCatalog,2,1216,7997,0.95,0.5,48,0.3399508867908359,0.0010582010582010583,1.0,10.138872146606445
BlogCatalog,2,1216,7997,0.95,0.5,49,0.2517432874580493,0.0,1.0,10.321100234985352
BlogCatalog,2,1216,7997,0.95,0.5,50,0.2517432874580493,0.0,1.0,10.081627607345581
BlogCatalog,2,1216,8418,1,0.5,1,0.3499960318530055,0.0010121457489878543,1.0,10.226696252822876
BlogCatalog,2,1216,8418,1,0.5,2,0.34990576058538214,0.0010787486515641855,1.0,10.274197101593018
BlogCatalog,2,1216,8418,1,0.5,3,0.2517432874580493,0.0,1.0,10.458699464797974
BlogCatalog,2,1216,8418,1,0.5,4,0.3457578347246479,0.0010416666666666667,1.0,10.047017812728882
BlogCatalog,2,1216,8418,1,0.5,5,0.3500132905349881,0.0010183299389002036,1.0,10.23946738243103
BlogCatalog,2,1216,8418,1,0.5,6,0.3594594048415297,0.000966183574879227,1.0,10.227545022964478
BlogCatalog,2,1216,8418,1,0.5,7,0.3620134072306425,0.0010131712259371835,1.0,10.268510341644287
BlogCatalog,2,1216,8418,1,0.5,8,0.2517432874580493,0.0,1.0,10.20567536354065
BlogCatalog,2,1216,8418,1,0.5,9,0.3582041020597573,0.0010460251046025104,1.0,10.233786582946777
BlogCatalog,2,1216,8418,1,0.5,10,0.38017030638935345,0.0009852216748768472,1.0,10.267843246459961
BlogCatalog,2,1216,8418,1,0.5,11,0.3530849494018145,0.0009940357852882703,1.0,10.258601903915405
BlogCatalog,2,1216,8418,1,0.5,12,0.2517432874580493,0.0,1.0,10.179357767105103
BlogCatalog,2,1216,8418,1,0.5,13,0.2517432874580493,0.0,1.0,10.4138662815094
BlogCatalog,2,1216,8418,1,0.5,14,0.35336122013371124,0.0009633911368015414,1.0,10.234915494918823
BlogCatalog,2,1216,8418,1,0.5,15,0.3478710177330862,0.0010214504596527069,1.0,10.279859781265259
BlogCatalog,2,1216,8418,1,0.5,16,0.3652795760529234,0.001098901098901099,1.0,10.044919490814209
BlogCatalog,2,1216,8418,1,0.5,17,0.2517432874580493,0.0,1.0,10.404581785202026
BlogCatalog,2,1216,8418,1,0.5,18,0.3532393352383567,0.0009596928982725527,1.0,10.267088413238525
BlogCatalog,2,1216,8418,1,0.5,19,0.3461916799256003,0.0009871668311944718,1.0,10.304354429244995
BlogCatalog,2,1216,8418,1,0.5,20,0.2517432874580493,0.0,1.0,10.229574203491211
BlogCatalog,2,1216,8418,1,0.5,21,0.2517432874580493,0.0,1.0,10.463361978530884
BlogCatalog,2,1216,8418,1,0.5,22,0.3542297299301175,0.0009737098344693282,1.0,10.329991340637207
BlogCatalog,2,1216,8418,1,0.5,23,0.2517432874580493,0.0,1.0,10.235841274261475
BlogCatalog,2,1216,8418,1,0.5,24,0.3543798313899708,0.0010683760683760685,1.0,10.25380825996399
BlogCatalog,2,1216,8418,1,0.5,25,0.2517432874580493,0.0,1.0,10.421138286590576
BlogCatalog,2,1216,8418,1,0.5,26,0.35932309949105345,0.001006036217303823,1.0,10.308680772781372
BlogCatalog,2,1216,8418,1,0.5,27,0.2517432874580493,0.0,1.0,10.224712133407593
BlogCatalog,2,1216,8418,1,0.5,28,0.2517432874580493,0.0,1.0,10.440035104751587
BlogCatalog,2,1216,8418,1,0.5,29,0.2517432874580493,0.0,1.0,10.460330963134766
BlogCatalog,2,1216,8418,1,0.5,30,0.352115277146998,0.001002004008016032,1.0,10.314415693283081
BlogCatalog,2,1216,8418,1,0.5,31,0.2517432874580493,0.0,1.0,10.225558757781982
BlogCatalog,2,1216,8418,1,0.5,32,0.2517432874580493,0.0,1.0,10.381106615066528
BlogCatalog,2,1216,8418,1,0.5,33,0.35324885413880797,0.0010298661174047373,1.0,10.268216371536255
BlogCatalog,2,1216,8418,1,0.5,34,0.3499735432744235,0.0009881422924901185,1.0,10.055420875549316
BlogCatalog,2,1216,8418,1,0.5,35,0.2517432874580493,0.0,1.0,10.47113561630249
BlogCatalog,2,1216,8418,1,0.5,36,0.36574916473616564,0.0011976047904191617,1.0,10.277149200439453
BlogCatalog,2,1216,8418,1,0.5,37,0.2517432874580493,0.0,1.0,10.44621753692627
BlogCatalog,2,1216,8418,1,0.5,38,0.35706186290948744,0.0010193679918450561,1.0,10.033019781112671
BlogCatalog,2,1216,8418,1,0.5,39,0.2517432874580493,0.0,1.0,10.406952381134033
BlogCatalog,2,1216,8418,1,0.5,40,0.35219129088742457,0.0011098779134295228,1.0,10.287358522415161
BlogCatalog,2,1216,8418,1,0.5,41,0.34733722069311307,0.0010277492291880781,1.0,10.284849405288696
BlogCatalog,2,1216,8418,1,0.5,42,0.2517432874580493,0.0,1.0,10.214625597000122
BlogCatalog,2,1216,8418,1,0.5,43,0.375499580066691,0.0011025358324145535,1.0,10.253058433532715
BlogCatalog,2,1216,8418,1,0.5,44,0.2517432874580493,0.0,1.0,10.420321941375732
BlogCatalog,2,1216,8418,1,0.5,45,0.2517432874580493,0.0,1.0,10.224030494689941
BlogCatalog,2,1216,8418,1,0.5,46,0.35202841045042754,0.0010695187165775401,1.0,10.27195119857788
BlogCatalog,2,1216,8418,1,0.5,47,0.35651764279264225,0.001076426264800861,1.0,10.27596139907837
BlogCatalog,2,1216,8418,1,0.5,48,0.2517432874580493,0.0,1.0,10.457844257354736
BlogCatalog,2,1216,8418,1,0.5,49,0.2517432874580493,0.0,1.0,10.21595811843872
BlogCatalog,2,1216,8418,1,0.5,50,0.3532550227323668,0.0009832841691248771,1.0,10.238346338272095
BlogCatalog,3,1478,0,0,,0,0.33441212200148857,0.0013908205841446453,1.0,
BlogCatalog,3,1478,0,0,,0,0.33596331978302435,0.0016611295681063123,1.0,
BlogCatalog,3,1478,0,0,,0,0.3559764659569647,0.001652892561983471,1.0,
BlogCatalog,3,1478,0,0,,0,0.2517432874580493,0.0,1.0,
BlogCatalog,3,1478,0,0,,0,0.2517432874580493,0.0,1.0,
BlogCatalog,3,1478,0,0,,0,0.33996074251369346,0.0014064697609001407,1.0,
BlogCatalog,3,1478,0,0,,0,0.3516555367658786,0.0014285714285714286,1.0,
BlogCatalog,3,1478,0,0,,0,0.2517432874580493,0.0,1.0,
BlogCatalog,3,1478,0,0,,0,0.348908578621439,0.0013386880856760374,1.0,
BlogCatalog,3,1478,0,0,,0,0.38503668919915934,0.0019305019305019305,1.0,
BlogCatalog,3,1478,0,0,,0,0.2517432874580493,0.0,1.0,
BlogCatalog,3,1478,0,0,,0,0.34440888280768267,0.0016778523489932886,1.0,
BlogCatalog,3,1478,0,0,,0,0.2517432874580493,0.0,1.0,
BlogCatalog,3,1478,0,0,,0,0.2517432874580493,0.0,1.0,
BlogCatalog,3,1478,0,0,,0,0.34328711431715075,0.0016835016835016834,1.0,
BlogCatalog,3,1478,0,0,,0,0.2517432874580493,0.0,1.0,
BlogCatalog,3,1478,0,0,,0,0.3691205349947432,0.0014925373134328358,1.0,
BlogCatalog,3,1478,0,0,,0,0.2517432874580493,0.0,1.0,
BlogCatalog,3,1478,0,0,,0,0.2517432874580493,0.0,1.0,
BlogCatalog,3,1478,0,0,,0,0.38954649674066,0.001763668430335097,1.0,
BlogCatalog,3,1478,0,0,,0,0.34471559051911616,0.0015503875968992248,1.0,
BlogCatalog,3,1478,0,0,,0,0.2517432874580493,0.0,1.0,
BlogCatalog,3,1478,0,0,,0,0.3454619397463222,0.0016260162601626016,1.0,
BlogCatalog,3,1478,0,0,,0,0.2517432874580493,0.0,1.0,
BlogCatalog,3,1478,0,0,,0,0.34789681269995354,0.0015105740181268882,1.0,
BlogCatalog,3,1478,0,0,,0,0.2517432874580493,0.0,1.0,
BlogCatalog,3,1478,0,0,,0,0.35203064382859234,0.001669449081803005,1.0,
BlogCatalog,3,1478,0,0,,0,0.3596671014998264,0.0014970059880239522,1.0,
BlogCatalog,3,1478,0,0,,0,0.35146627116064283,0.0013333333333333333,1.0,
BlogCatalog,3,1478,0,0,,0,0.3762410838379764,0.0018656716417910447,1.0,
BlogCatalog,3,1478,0,0,,0,0.2517432874580493,0.0,1.0,
BlogCatalog,3,1478,0,0,,0,0.3492035179651468,0.001607717041800643,1.0,
BlogCatalog,3,1478,0,0,,0,0.2517432874580493,0.0,1.0,
BlogCatalog,3,1478,0,0,,0,0.35688154391041477,0.0017574692442882249,1.0,
BlogCatalog,3,1478,0,0,,0,0.2517432874580493,0.0,1.0,
BlogCatalog,3,1478,0,0,,0,0.3466102984052619,0.0014771048744460858,1.0,
BlogCatalog,3,1478,0,0,,0,0.3612021890806446,0.0016778523489932886,1.0,
BlogCatalog,3,1478,0,0,,0,0.4080968230719859,0.0013717421124828531,1.0,
BlogCatalog,3,1478,0,0,,0,0.2517432874580493,0.0,1.0,
BlogCatalog,3,1478,0,0,,0,0.2517432874580493,0.0,1.0,
BlogCatalog,3,1478,0,0,,0,0.2517432874580493,0.0,1.0,
BlogCatalog,3,1478,0,0,,0,0.2517432874580493,0.0,1.0,
BlogCatalog,3,1478,0,0,,0,0.37221458232649524,0.0013297872340425532,1.0,
BlogCatalog,3,1478,0,0,,0,0.2517432874580493,0.0,1.0,
BlogCatalog,3,1478,0,0,,0,0.2517432874580493,0.0,1.0,
BlogCatalog,3,1478,0,0,,0,0.3567875184691014,0.001288659793814433,1.0,
BlogCatalog,3,1478,0,0,,0,0.2517432874580493,0.0,1.0,
BlogCatalog,3,1478,0,0,,0,0.2517432874580493,0.0,1.0,
BlogCatalog,3,1478,0,0,,0,0.35965635367120297,0.0014204545454545455,1.0,
BlogCatalog,3,1478,0,0,,0,0.3624220813390399,0.0017761989342806395,1.0,
BlogCatalog,3,1478,186,0.01,0.5,1,0.3397564061569273,0.0017331022530329288,1.0,7.6910789012908936
BlogCatalog,3,1478,186,0.01,0.5,2,0.2517432874580493,0.0,1.0,7.677429914474487
BlogCatalog,3,1478,186,0.01,0.5,3,0.2517432874580493,0.0,1.0,7.900330543518066
BlogCatalog,3,1478,186,0.01,0.5,4,0.2517432874580493,0.0,1.0,7.978654623031616
BlogCatalog,3,1478,186,0.01,0.5,5,0.35459843554608034,0.0020408163265306124,1.0,7.518360137939453
BlogCatalog,3,1478,186,0.01,0.5,6,0.2517432874580493,0.0,1.0,7.908855199813843
BlogCatalog,3,1478,186,0.01,0.5,7,0.2517432874580493,0.0,1.0,7.8932695388793945
BlogCatalog,3,1478,186,0.01,0.5,8,0.2517432874580493,0.0,1.0,7.925542116165161
BlogCatalog,3,1478,186,0.01,0.5,9,0.3407118804655812,0.001584786053882726,1.0,7.531013250350952
BlogCatalog,3,1478,186,0.01,0.5,10,0.2517432874580493,0.0,1.0,7.930324554443359
BlogCatalog,3,1478,186,0.01,0.5,11,0.35204470991025333,0.0018214936247723133,1.0,7.739116430282593
BlogCatalog,3,1478,186,0.01,0.5,12,0.3532428328741892,0.001869158878504673,1.0,7.472270250320435
BlogCatalog,3,1478,186,0.01,0.5,13,0.2517432874580493,0.0,1.0,7.882081985473633
BlogCatalog,3,1478,186,0.01,0.5,14,0.2517432874580493,0.0,1.0,7.941687822341919
BlogCatalog,3,1478,186,0.01,0.5,15,0.2517432874580493,0.0,1.0,7.670350074768066
BlogCatalog,3,1478,186,0.01,0.5,16,0.2517432874580493,0.0,1.0,7.873517751693726
BlogCatalog,3,1478,186,0.01,0.5,17,0.35902308683461914,0.0018115942028985507,1.0,7.752195119857788
BlogCatalog,3,1478,186,0.01,0.5,18,0.2517432874580493,0.0,1.0,7.701866865158081
BlogCatalog,3,1478,186,0.01,0.5,19,0.2517432874580493,0.0,1.0,7.887876272201538
BlogCatalog,3,1478,186,0.01,0.5,20,0.3595968184223128,0.001524390243902439,1.0,7.749143838882446
BlogCatalog,3,1478,186,0.01,0.5,21,0.2517432874580493,0.0,1.0,7.700561761856079
BlogCatalog,3,1478,186,0.01,0.5,22,0.2517432874580493,0.0,1.0,7.905736446380615
BlogCatalog,3,1478,186,0.01,0.5,23,0.2517432874580493,0.0,1.0,7.9382476806640625
BlogCatalog,3,1478,186,0.01,0.5,24,0.3955913246417099,0.0016207455429497568,1.0,7.479807376861572
BlogCatalog,3,1478,186,0.01,0.5,25,0.3682810983843599,0.0017421602787456446,1.0,7.695823431015015
BlogCatalog,3,1478,186,0.01,0.5,26,0.2517432874580493,0.0,1.0,7.898149490356445
BlogCatalog,3,1478,186,0.01,0.5,27,0.3467439278874534,0.0017953321364452424,1.0,7.499433517456055
BlogCatalog,3,1478,186,0.01,0.5,28,0.2517432874580493,0.0,1.0,7.934687614440918
BlogCatalog,3,1478,186,0.01,0.5,29,0.2517432874580493,0.0,1.0,7.918139219284058
BlogCatalog,3,1478,186,0.01,0.5,30,0.35004575933027876,0.001610305958132045,1.0,7.759561061859131
BlogCatalog,3,1478,186,0.01,0.5,31,0.34784107424513294,0.00202020202020202,1.0,7.491899490356445
BlogCatalog,3,1478,186,0.01,0.5,32,0.2517432874580493,0.0,1.0,7.909943580627441
BlogCatalog,3,1478,186,0.01,0.5,33,0.3780913787431178,0.0015873015873015873,1.0,7.819697380065918
BlogCatalog,3,1478,186,0.01,0.5,34,0.2517432874580493,0.0,1.0,7.657082796096802
BlogCatalog,3,1478,186,0.01,0.5,35,0.3630377958752066,0.0017152658662092624,1.0,7.731613874435425
BlogCatalog,3,1478,186,0.01,0.5,36,0.2517432874580493,0.0,1.0,8.007025718688965
BlogCatalog,3,1478,186,0.01,0.5,37,0.37517079054833163,0.0017921146953405018,1.0,7.5361175537109375
BlogCatalog,3,1478,186,0.01,0.5,38,0.33321435813610906,0.0014749262536873156,1.0,7.716797351837158
BlogCatalog,3,1478,186,0.01,0.5,39,0.2517432874580493,0.0,1.0,8.041805028915405
BlogCatalog,3,1478,186,0.01,0.5,40,0.3470191309674764,0.001834862385321101,1.0,7.5036070346832275
BlogCatalog,3,1478,186,0.01,0.5,41,0.2517432874580493,0.0,1.0,7.864436626434326
BlogCatalog,3,1478,186,0.01,0.5,42,0.3707388522036589,0.0017271157167530224,1.0,7.77312159538269
BlogCatalog,3,1478,186,0.01,0.5,43,0.3571538872139386,0.001937984496124031,1.0,7.5059285163879395
BlogCatalog,3,1478,186,0.01,0.5,44,0.2517432874580493,0.0,1.0,7.910000801086426
BlogCatalog,3,1478,186,0.01,0.5,45,0.35007151773160783,0.0018148820326678765,1.0,7.751490354537964
BlogCatalog,3,1478,186,0.01,0.5,46,0.34464336565749093,0.0017271157167530224,1.0,7.550327777862549
BlogCatalog,3,1478,186,0.01,0.5,47,0.3762349561789555,0.0014705882352941176,1.0,7.7445149421691895
BlogCatalog,3,1478,186,0.01,0.5,48,0.2517432874580493,0.0,1.0,7.895563364028931
BlogCatalog,3,1478,186,0.01,0.5,49,0.2517432874580493,0.0,1.0,7.9480063915252686
BlogCatalog,3,1478,186,0.01,0.5,50,0.34430674820174917,0.001451378809869376,1.0,7.489793300628662
BlogCatalog,3,1478,928,0.05,0.5,1,0.3435505044717714,0.001440922190201729,1.0,7.9560017585754395
BlogCatalog,3,1478,928,0.05,0.5,2,0.36385066729187837,0.0017605633802816902,1.0,7.9796059131622314
BlogCatalog,3,1478,928,0.05,0.5,3,0.2517432874580493,0.0,1.0,7.94126033782959
BlogCatalog,3,1478,928,0.05,0.5,4,0.2517432874580493,0.0,1.0,8.128414392471313
BlogCatalog,3,1478,928,0.05,0.5,5,0.3475198184289259,0.0018832391713747645,1.0,7.968168497085571
BlogCatalog,3,1478,928,0.05,0.5,6,0.33911304192196506,0.0015015015015015015,1.0,7.748042583465576
BlogCatalog,3,1478,928,0.05,0.5,7,0.3493135736798303,0.0016806722689075631,1.0,7.915529012680054
BlogCatalog,3,1478,928,0.05,0.5,8,0.2517432874580493,0.0,1.0,8.222284078598022
BlogCatalog,3,1478,928,0.05,0.5,9,0.2517432874580493,0.0,1.0,7.9414873123168945
BlogCatalog,3,1478,928,0.05,0.5,10,0.338994774016752,0.0017331022530329288,1.0,7.931877374649048
BlogCatalog,3,1478,928,0.05,0.5,11,0.2517432874580493,0.0,1.0,8.125018119812012
BlogCatalog,3,1478,928,0.05,0.5,12,0.2517432874580493,0.0,1.0,7.912121057510376
BlogCatalog,3,1478,928,0.05,0.5,13,0.2517432874580493,0.0,1.0,8.183057069778442
BlogCatalog,3,1478,928,0.05,0.5,14,0.35046872879262614,0.0015313935681470138,1.0,7.996218204498291
BlogCatalog,3,1478,928,0.05,0.5,15,0.2517432874580493,0.0,1.0,8.149905681610107
BlogCatalog,3,1478,928,0.05,0.5,16,0.2517432874580493,0.0,1.0,7.888036251068115
BlogCatalog,3,1478,928,0.05,0.5,17,0.2517432874580493,0.0,1.0,8.153276443481445
BlogCatalog,3,1478,928,0.05,0.5,18,0.3433708686154531,0.001697792869269949,1.0,7.991153717041016
BlogCatalog,3,1478,928,0.05,0.5,19,0.3578147523261086,0.0019011406844106464,1.0,7.741671800613403
BlogCatalog,3,1478,928,0.05,0.5,20,0.2517432874580493,0.0,1.0,8.091145277023315
BlogCatalog,3,1478,928,0.05,0.5,21,0.2517432874580493,0.0,1.0,8.114596366882324
BlogCatalog,3,1478,928,0.05,0.5,22,0.3416374060023503,0.0014245014245014246,1.0,7.7312843799591064
BlogCatalog,3,1478,928,0.05,0.5,23,0.2517432874580493,0.0,1.0,8.155104875564575
BlogCatalog,3,1478,928,0.05,0.5,24,0.2517432874580493,0.0,1.0,8.150097370147705
BlogCatalog,3,1478,928,0.05,0.5,25,0.2517432874580493,0.0,1.0,8.18726396560669
BlogCatalog,3,1478,928,0.05,0.5,26,0.3420170379886603,0.001443001443001443,1.0,7.713423490524292
BlogCatalog,3,1478,928,0.05,0.5,27,0.3772945187832057,0.002105263157894737,1.0,7.9431984424591064
BlogCatalog,3,1478,928,0.05,0.5,28,0.36263753667293974,0.001579778830963665,1.0,7.993059158325195
BlogCatalog,3,1478,928,0.05,0.5,29,0.2517432874580493,0.0,1.0,7.956908702850342
BlogCatalog,3,1478,928,0.05,0.5,30,0.2517432874580493,0.0,1.0,8.105334997177124
BlogCatalog,3,1478,928,0.05,0.5,31,0.2517432874580493,0.0,1.0,8.221608400344849
BlogCatalog,3,1478,928,0.05,0.5,32,0.33935053132842014,0.001488095238095238,1.0,7.7418060302734375
BlogCatalog,3,1478,928,0.05,0.5,33,0.2517432874580493,0.0,1.0,8.116225719451904
BlogCatalog,3,1478,928,0.05,0.5,34,0.2517432874580493,0.0,1.0,8.125240325927734
BlogCatalog,3,1478,928,0.05,0.5,35,0.3656803947790264,0.0018214936247723133,1.0,7.705918550491333
BlogCatalog,3,1478,928,0.05,0.5,36,0.3366930644580123,0.0014144271570014145,1.0,8.015748500823975
BlogCatalog,3,1478,928,0.05,0.5,37,0.3502579294427031,0.001488095238095238,1.0,7.941106557846069
BlogCatalog,3,1478,928,0.05,0.5,38,0.2517432874580493,0.0,1.0,8.256699562072754
BlogCatalog,3,1478,928,0.05,0.5,39,0.2517432874580493,0.0,1.0,7.911677837371826
BlogCatalog,3,1478,928,0.05,0.5,40,0.3404349207348137,0.0015479876160990713,1.0,7.985215663909912
BlogCatalog,3,1478,928,0.05,0.5,41,0.2517432874580493,0.0,1.0,8.119838953018188
BlogCatalog,3,1478,928,0.05,0.5,42,0.2517432874580493,0.0,1.0,8.171570777893066
BlogCatalog,3,1478,928,0.05,0.5,43,0.34825725122168605,0.0018281535648994515,1.0,7.72012186050415
BlogCatalog,3,1478,928,0.05,0.5,44,0.34671945161852763,0.0014727540500736377,1.0,7.961634635925293
BlogCatalog,3,1478,928,0.05,0.5,45,0.3599745319123968,0.0017667844522968198,1.0,8.099385976791382
BlogCatalog,3,1478,928,0.05,0.5,46,0.2517432874580493,0.0,1.0,7.904805898666382
BlogCatalog,3,1478,928,0.05,0.5,47,0.2517432874580493,0.0,1.0,8.13735032081604
BlogCatalog,3,1478,928,0.05,0.5,48,0.34543531047039705,0.0018587360594795538,1.0,8.033957719802856
BlogCatalog,3,1478,928,0.05,0.5,49,0.3658449844044125,0.0014064697609001407,1.0,7.746774435043335
BlogCatalog,3,1478,928,0.05,0.5,50,0.3462518496483671,0.0014858841010401188,1.0,7.916348218917847
BlogCatalog,3,1478,1855,0.1,0.5,1,0.3446230820041374,0.0016207455429497568,1.0,8.219391584396362
BlogCatalog,3,1478,1855,0.1,0.5,2,0.2517432874580493,0.0,1.0,8.200249910354614
BlogCatalog,3,1478,1855,0.1,0.5,3,0.3901758864692991,0.0019120458891013384,1.0,8.278294086456299
BlogCatalog,3,1478,1855,0.1,0.5,4,0.354113131442258,0.001694915254237288,1.0,8.262242078781128
BlogCatalog,3,1478,1855,0.1,0.5,5,0.3572453290115582,0.001834862385321101,1.0,8.256630897521973
BlogCatalog,3,1478,1855,0.1,0.5,6,0.34847192198571003,0.0015174506828528073,1.0,8.005982637405396
BlogCatalog,3,1478,1855,0.1,0.5,7,0.2517432874580493,0.0,1.0,8.407091856002808
BlogCatalog,3,1478,1855,0.1,0.5,8,0.2517432874580493,0.0,1.0,8.492111921310425
BlogCatalog,3,1478,1855,0.1,0.5,9,0.34566987903409824,0.00205761316872428,1.0,8.051921606063843
BlogCatalog,3,1478,1855,0.1,0.5,10,0.2517432874580493,0.0,1.0,8.405579805374146
BlogCatalog,3,1478,1855,0.1,0.5,11,0.35496572815632754,0.0015527950310559005,1.0,8.258963584899902
BlogCatalog,3,1478,1855,0.1,0.5,12,0.33114158809342686,0.0014104372355430183,1.0,8.044121265411377
BlogCatalog,3,1478,1855,0.1,0.5,13,0.35104827080541473,0.001594896331738437,1.0,8.203157663345337
BlogCatalog,3,1478,1855,0.1,0.5,14,0.34658181093122564,0.001838235294117647,1.0,8.31896448135376
BlogCatalog,3,1478,1855,0.1,0.5,15,0.33447178138882094,0.001736111111111111,1.0,8.005592107772827
BlogCatalog,3,1478,1855,0.1,0.5,16,0.34618087390398894,0.0014792899408284023,1.0,8.22874665260315
BlogCatalog,3,1478,1855,0.1,0.5,17,0.2517432874580493,0.0,1.0,8.46659541130066
BlogCatalog,3,1478,1855,0.1,0.5,18,0.2517432874580493,0.0,1.0,8.202101469039917
BlogCatalog,3,1478,1855,0.1,0.5,19,0.2517432874580493,0.0,1.0,8.393300533294678
BlogCatalog,3,1478,1855,0.1,0.5,20,0.35827403599144714,0.0016501650165016502,1.0,8.224125385284424
BlogCatalog,3,1478,1855,0.1,0.5,21,0.2517432874580493,0.0,1.0,8.439183473587036
BlogCatalog,3,1478,1855,0.1,0.5,22,0.35776415660396804,0.001718213058419244,1.0,8.00002145767212
BlogCatalog,3,1478,1855,0.1,0.5,23,0.3518889843221044,0.001579778830963665,1.0,8.234867095947266
BlogCatalog,3,1478,1855,0.1,0.5,24,0.3594798667397347,0.0014326647564469914,1.0,8.246105909347534
BlogCatalog,3,1478,1855,0.1,0.5,25,0.2517432874580493,0.0,1.0,8.194701194763184
BlogCatalog,3,1478,1855,0.1,0.5,26,0.34805035423794994,0.0018148820326678765,1.0,8.215027332305908
BlogCatalog,3,1478,1855,0.1,0.5,27,0.35063274557428287,0.0015748031496062992,1.0,8.27677845954895
BlogCatalog,3,1478,1855,0.1,0.5,28,0.2517432874580493,0.0,1.0,8.186172008514404
BlogCatalog,3,1478,1855,0.1,0.5,29,0.3511318123028457,0.0014749262536873156,1.0,8.252142667770386
BlogCatalog,3,1478,1855,0.1,0.5,30,0.3435280219527652,0.0016025641025641025,1.0,8.242714166641235
BlogCatalog,3,1478,1855,0.1,0.5,31,0.2517432874580493,0.0,1.0,8.213141202926636
BlogCatalog,3,1478,1855,0.1,0.5,32,0.3720832364361356,0.0013679890560875513,1.0,8.229584693908691
BlogCatalog,3,1478,1855,0.1,0.5,33,0.34463611007388195,0.0017513134851138354,1.0,8.258271932601929
BlogCatalog,3,1478,1855,0.1,0.5,34,0.34235697826939476,0.0016556291390728477,1.0,8.015516757965088
BlogCatalog,3,1478,1855,0.1,0.5,35,0.2517432874580493,0.0,1.0,8.387677192687988
BlogCatalog,3,1478,1855,0.1,0.5,36,0.34087939133611384,0.00202020202020202,1.0,8.199828624725342
BlogCatalog,3,1478,1855,0.1,0.5,37,0.36243871141571793,0.0012484394506866417,1.0,8.0087251663208
BlogCatalog,3,1478,1855,0.1,0.5,38,0.3438892367244398,0.0018181818181818182,1.0,8.272467374801636
BlogCatalog,3,1478,1855,0.1,0.5,39,0.3350286886347856,0.0015267175572519084,1.0,8.245177030563354
BlogCatalog,3,1478,1855,0.1,0.5,40,0.3483159512876976,0.0014204545454545455,1.0,8.265376091003418
BlogCatalog,3,1478,1855,0.1,0.5,41,0.3431645133376058,0.001447178002894356,1.0,8.021847009658813
BlogCatalog,3,1478,1855,0.1,0.5,42,0.3750310247518073,0.0017921146953405018,1.0,8.235094785690308
BlogCatalog,3,1478,1855,0.1,0.5,43,0.35092119715501774,0.0017605633802816902,1.0,8.231955766677856
BlogCatalog,3,1478,1855,0.1,0.5,44,0.2517432874580493,0.0,1.0,8.193368434906006
BlogCatalog,3,1478,1855,0.1,0.5,45,0.2517432874580493,0.0,1.0,8.403946161270142
BlogCatalog,3,1478,1855,0.1,0.5,46,0.2517432874580493,0.0,1.0,8.41443920135498
BlogCatalog,3,1478,1855,0.1,0.5,47,0.38568710074803997,0.0013404825737265416,1.0,8.025665760040283
BlogCatalog,3,1478,1855,0.1,0.5,48,0.2517432874580493,0.0,1.0,8.436712503433228
BlogCatalog,3,1478,1855,0.1,0.5,49,0.350872611182854,0.0018148820326678765,1.0,8.255043506622314
BlogCatalog,3,1478,1855,0.1,0.5,50,0.3495645786611051,0.0016863406408094434,1.0,8.236492395401001
BlogCatalog,3,1478,2783,0.15,0.5,1,0.2517432874580493,0.0,1.0,8.466589450836182
BlogCatalog,3,1478,2783,0.15,0.5,2,0.35008862154372383,0.0015432098765432098,1.0,8.52184510231018
BlogCatalog,3,1478,2783,0.15,0.5,3,0.2517432874580493,0.0,1.0,8.794223070144653
BlogCatalog,3,1478,2783,0.15,0.5,4,0.3496465598149265,0.0015408320493066256,1.0,8.342979669570923
BlogCatalog,3,1478,2783,0.15,0.5,5,0.3468317248283203,0.0017094017094017094,1.0,8.528420448303223
BlogCatalog,3,1478,2783,0.15,0.5,6,0.34577790487112703,0.0017889087656529517,1.0,8.517319679260254
BlogCatalog,3,1478,2783,0.15,0.5,7,0.2517432874580493,0.0,1.0,8.474829912185669
BlogCatalog,3,1478,2783,0.15,0.5,8,0.2517432874580493,0.0,1.0,8.708657503128052
BlogCatalog,3,1478,2783,0.15,0.5,9,0.2517432874580493,0.0,1.0,8.681664228439331
BlogCatalog,3,1478,2783,0.15,0.5,10,0.2517432874580493,0.0,1.0,8.702913761138916
BlogCatalog,3,1478,2783,0.15,0.5,11,0.2517432874580493,0.0,1.0,8.50882339477539
BlogCatalog,3,1478,2783,0.15,0.5,12,0.2517432874580493,0.0,1.0,8.676613569259644
BlogCatalog,3,1478,2783,0.15,0.5,13,0.3627895045938634,0.0014534883720930232,1.0,8.580352544784546
BlogCatalog,3,1478,2783,0.15,0.5,14,0.3490295288985121,0.0017064846416382253,1.0,8.32106614112854
BlogCatalog,3,1478,2783,0.15,0.5,15,0.35146609484400443,0.0014204545454545455,1.0,8.51365327835083
BlogCatalog,3,1478,2783,0.15,0.5,16,0.34639900409080276,0.002044989775051125,1.0,8.534871101379395
BlogCatalog,3,1478,2783,0.15,0.5,17,0.37717695514471783,0.0013831258644536654,1.0,8.29769253730774
BlogCatalog,3,1478,2783,0.15,0.5,18,0.3416500149408083,0.001652892561983471,1.0,8.471899509429932
BlogCatalog,3,1478,2783,0.15,0.5,19,0.37219734996406106,0.0018587360594795538,1.0,8.528092384338379
BlogCatalog,3,1478,2783,0.15,0.5,20,0.2517432874580493,0.0,1.0,8.500053644180298
BlogCatalog,3,1478,2783,0.15,0.5,21,0.2517432874580493,0.0,1.0,8.719203233718872
BlogCatalog,3,1478,2783,0.15,0.5,22,0.2517432874580493,0.0,1.0,8.695669889450073
BlogCatalog,3,1478,2783,0.15,0.5,23,0.2517432874580493,0.0,1.0,8.727912664413452
BlogCatalog,3,1478,2783,0.15,0.5,24,0.2517432874580493,0.0,1.0,8.483816385269165
BlogCatalog,3,1478,2783,0.15,0.5,25,0.3491901609320437,0.0017035775127768314,1.0,8.498618125915527
BlogCatalog,3,1478,2783,0.15,0.5,26,0.3610968055213384,0.001639344262295082,1.0,8.555338859558105
BlogCatalog,3,1478,2783,0.15,0.5,27,0.2517432874580493,0.0,1.0,8.500878810882568
BlogCatalog,3,1478,2783,0.15,0.5,28,0.3462243542490017,0.0016750418760469012,1.0,8.515294075012207
BlogCatalog,3,1478,2783,0.15,0.5,29,0.2517432874580493,0.0,1.0,8.683072090148926
BlogCatalog,3,1478,2783,0.15,0.5,30,0.2517432874580493,0.0,1.0,8.718436241149902
BlogCatalog,3,1478,2783,0.15,0.5,31,0.2517432874580493,0.0,1.0,8.465527534484863
BlogCatalog,3,1478,2783,0.15,0.5,32,0.2517432874580493,0.0,1.0,8.664493799209595
BlogCatalog,3,1478,2783,0.15,0.5,33,0.2517432874580493,0.0,1.0,8.768010139465332
BlogCatalog,3,1478,2783,0.15,0.5,34,0.2517432874580493,0.0,1.0,8.49776554107666
BlogCatalog,3,1478,2783,0.15,0.5,35,0.2517432874580493,0.0,1.0,8.679189205169678
BlogCatalog,3,1478,2783,0.15,0.5,36,0.35122265286545334,0.0017241379310344827,1.0,8.516611099243164
BlogCatalog,3,1478,2783,0.15,0.5,37,0.32949699088732626,0.0014104372355430183,1.0,8.54017162322998
BlogCatalog,3,1478,2783,0.15,0.5,38,0.2517432874580493,0.0,1.0,8.513015985488892
BlogCatalog,3,1478,2783,0.15,0.5,39,0.2517432874580493,0.0,1.0,8.69629979133606
BlogCatalog,3,1478,2783,0.15,0.5,40,0.3408909563195575,0.0015220700152207,1.0,8.62031602859497
BlogCatalog,3,1478,2783,0.15,0.5,41,0.2517432874580493,0.0,1.0,8.514985084533691
BlogCatalog,3,1478,2783,0.15,0.5,42,0.34188055009191687,0.0016339869281045752,1.0,8.52469778060913
BlogCatalog,3,1478,2783,0.15,0.5,43,0.35234720331899305,0.002066115702479339,1.0,8.534878492355347
BlogCatalog,3,1478,2783,0.15,0.5,44,0.2517432874580493,0.0,1.0,8.482823371887207
BlogCatalog,3,1478,2783,0.15,0.5,45,0.2517432874580493,0.0,1.0,8.67374587059021
BlogCatalog,3,1478,2783,0.15,0.5,46,0.2517432874580493,0.0,1.0,8.715662717819214
BlogCatalog,3,1478,2783,0.15,0.5,47,0.363016767432217,0.0017793594306049821,1.0,8.297045946121216
BlogCatalog,3,1478,2783,0.15,0.5,48,0.2517432874580493,0.0,1.0,8.724324464797974
BlogCatalog,3,1478,2783,0.15,0.5,49,0.2517432874580493,0.0,1.0,8.686548709869385
BlogCatalog,3,1478,2783,0.15,0.5,50,0.2517432874580493,0.0,1.0,8.69336485862732
BlogCatalog,3,1478,3710,0.2,0.5,1,0.2517432874580493,0.0,1.0,8.763059139251709
BlogCatalog,3,1478,3710,0.2,0.5,2,0.3382856026026168,0.0015503875968992248,1.0,8.771377325057983
BlogCatalog,3,1478,3710,0.2,0.5,3,0.2517432874580493,0.0,1.0,9.053657293319702
BlogCatalog,3,1478,3710,0.2,0.5,4,0.34076662188760776,0.0014749262536873156,1.0,8.594555616378784
BlogCatalog,3,1478,3710,0.2,0.5,5,0.34384814643653333,0.001519756838905775,1.0,8.789828777313232
BlogCatalog,3,1478,3710,0.2,0.5,6,0.2517432874580493,0.0,1.0,8.959908485412598
BlogCatalog,3,1478,3710,0.2,0.5,7,0.2517432874580493,0.0,1.0,9.026119947433472
BlogCatalog,3,1478,3710,0.2,0.5,8,0.2517432874580493,0.0,1.0,8.748312950134277
BlogCatalog,3,1478,3710,0.2,0.5,9,0.2517432874580493,0.0,1.0,8.964972019195557
BlogCatalog,3,1478,3710,0.2,0.5,10,0.3887601774646782,0.0016806722689075631,1.0,8.78787088394165
BlogCatalog,3,1478,3710,0.2,0.5,11,0.353297347143697,0.0017857142857142857,1.0,8.83192491531372
BlogCatalog,3,1478,3710,0.2,0.5,12,0.3579657833915917,0.0016420361247947454,1.0,8.541455268859863
BlogCatalog,3,1478,3710,0.2,0.5,13,0.35641059612817627,0.001597444089456869,1.0,8.780327081680298
BlogCatalog,3,1478,3710,0.2,0.5,14,0.2517432874580493,0.0,1.0,9.008695840835571
BlogCatalog,3,1478,3710,0.2,0.5,15,0.2517432874580493,0.0,1.0,8.775118112564087
BlogCatalog,3,1478,3710,0.2,0.5,16,0.2517432874580493,0.0,1.0,9.030116081237793
BlogCatalog,3,1478,3710,0.2,0.5,17,0.3569635709493509,0.0013908205841446453,1.0,8.808380365371704
BlogCatalog,3,1478,3710,0.2,0.5,18,0.2517432874580493,0.0,1.0,8.989754676818848
BlogCatalog,3,1478,3710,0.2,0.5,19,0.2517432874580493,0.0,1.0,8.769806861877441
BlogCatalog,3,1478,3710,0.2,0.5,20,0.2517432874580493,0.0,1.0,8.950618743896484
BlogCatalog,3,1478,3710,0.2,0.5,21,0.2517432874580493,0.0,1.0,9.047781229019165
BlogCatalog,3,1478,3710,0.2,0.5,22,0.2517432874580493,0.0,1.0,8.796309232711792
BlogCatalog,3,1478,3710,0.2,0.5,23,0.2517432874580493,0.0,1.0,8.942425727844238
BlogCatalog,3,1478,3710,0.2,0.5,24,0.2517432874580493,0.0,1.0,8.979250192642212
BlogCatalog,3,1478,3710,0.2,0.5,25,0.3647276891268332,0.001718213058419244,1.0,8.81205153465271
BlogCatalog,3,1478,3710,0.2,0.5,26,0.33987640932567703,0.0014903129657228018,1.0,8.579953908920288
BlogCatalog,3,1478,3710,0.2,0.5,27,0.2517432874580493,0.0,1.0,8.937438249588013
BlogCatalog,3,1478,3710,0.2,0.5,28,0.2517432874580493,0.0,1.0,9.019725799560547
BlogCatalog,3,1478,3710,0.2,0.5,29,0.3484719046780366,0.0018975332068311196,1.0,8.578685998916626
BlogCatalog,3,1478,3710,0.2,0.5,30,0.3448060568217463,0.001652892561983471,1.0,8.79947829246521
BlogCatalog,3,1478,3710,0.2,0.5,31,0.2517432874580493,0.0,1.0,9.04778504371643
BlogCatalog,3,1478,3710,0.2,0.5,32,0.2517432874580493,0.0,1.0,8.80128002166748
BlogCatalog,3,1478,3710,0.2,0.5,33,0.2517432874580493,0.0,1.0,8.96997594833374
BlogCatalog,3,1478,3710,0.2,0.5,34,0.38148926367159575,0.0019047619047619048,1.0,8.841491937637329
BlogCatalog,3,1478,3710,0.2,0.5,35,0.2517432874580493,0.0,1.0,8.77989387512207
BlogCatalog,3,1478,3710,0.2,0.5,36,0.3961272189460871,0.0018214936247723133,1.0,8.785533428192139
BlogCatalog,3,1478,3710,0.2,0.5,37,0.2517432874580493,0.0,1.0,8.958012104034424
BlogCatalog,3,1478,3710,0.2,0.5,38,0.4224531026563468,0.001718213058419244,1.0,8.816268682479858
BlogCatalog,3,1478,3710,0.2,0.5,39,0.3420832689886204,0.0017421602787456446,1.0,8.59605598449707
BlogCatalog,3,1478,3710,0.2,0.5,40,0.3521752942471731,0.0019342359767891683,1.0,8.81456995010376
BlogCatalog,3,1478,3710,0.2,0.5,41,0.2517432874580493,0.0,1.0,8.998988389968872
BlogCatalog,3,1478,3710,0.2,0.5,42,0.2517432874580493,0.0,1.0,8.782816171646118
BlogCatalog,3,1478,3710,0.2,0.5,43,0.3770529572451825,0.0017667844522968198,1.0,8.781998872756958
BlogCatalog,3,1478,3710,0.2,0.5,44,0.40913257513564355,0.0015015015015015015,1.0,8.792340755462646
BlogCatalog,3,1478,3710,0.2,0.5,45,0.2517432874580493,0.0,1.0,9.042699813842773
BlogCatalog,3,1478,3710,0.2,0.5,46,0.2517432874580493,0.0,1.0,8.772162199020386
BlogCatalog,3,1478,3710,0.2,0.5,47,0.2517432874580493,0.0,1.0,8.95567512512207
BlogCatalog,3,1478,3710,0.2,0.5,48,0.3614407122145989,0.001851851851851852,1.0,8.83786416053772
BlogCatalog,3,1478,3710,0.2,0.5,49,0.355222713064074,0.0014388489208633094,1.0,8.604807615280151
BlogCatalog,3,1478,3710,0.2,0.5,50,0.3454727650176025,0.001597444089456869,1.0,8.783247470855713
BlogCatalog,3,1478,4638,0.25,0.5,1,0.2517432874580493,0.0,1.0,9.240716695785522
BlogCatalog,3,1478,4638,0.25,0.5,2,0.2517432874580493,0.0,1.0,9.288161993026733
BlogCatalog,3,1478,4638,0.25,0.5,3,0.2517432874580493,0.0,1.0,9.04218316078186
BlogCatalog,3,1478,4638,0.25,0.5,4,0.2517432874580493,0.0,1.0,9.220237731933594
BlogCatalog,3,1478,4638,0.25,0.5,5,0.3610719088562644,0.0018450184501845018,1.0,9.081682682037354
BlogCatalog,3,1478,4638,0.25,0.5,6,0.35007363809518655,0.0013679890560875513,1.0,9.159694194793701
BlogCatalog,3,1478,4638,0.25,0.5,7,0.2517432874580493,0.0,1.0,9.037969827651978
BlogCatalog,3,1478,4638,0.25,0.5,8,0.34135599377323067,0.001607717041800643,1.0,9.09971809387207
BlogCatalog,3,1478,4638,0.25,0.5,9,0.3901601928447225,0.0016420361247947454,1.0,9.096494913101196
BlogCatalog,3,1478,4638,0.25,0.5,10,0.3440739684360426,0.0017331022530329288,1.0,8.874400615692139
BlogCatalog,3,1478,4638,0.25,0.5,11,0.2517432874580493,0.0,1.0,9.269630432128906
BlogCatalog,3,1478,4638,0.25,0.5,12,0.2517432874580493,0.0,1.0,9.264206171035767
BlogCatalog,3,1478,4638,0.25,0.5,13,0.3499432997293693,0.001567398119122257,1.0,9.107691287994385
BlogCatalog,3,1478,4638,0.25,0.5,14,0.3361992726845336,0.0016181229773462784,1.0,8.834939241409302
BlogCatalog,3,1478,4638,0.25,0.5,15,0.3596212345947042,0.0018867924528301887,1.0,9.051891088485718
BlogCatalog,3,1478,4638,0.25,0.5,16,0.3551867426951496,0.0014144271570014145,1.0,9.0778169631958
BlogCatalog,3,1478,4638,0.25,0.5,17,0.35189377933207644,0.0017331022530329288,1.0,9.109182119369507
BlogCatalog,3,1478,4638,0.25,0.5,18,0.2517432874580493,0.0,1.0,9.015431880950928
BlogCatalog,3,1478,4638,0.25,0.5,19,0.3368654117765075,0.001579778830963665,1.0,9.090909957885742
BlogCatalog,3,1478,4638,0.25,0.5,20,0.361925964741338,0.0016286644951140066,1.0,9.251110553741455
BlogCatalog,3,1478,4638,0.25,0.5,21,0.2517432874580493,0.0,1.0,9.022943019866943
BlogCatalog,3,1478,4638,0.25,0.5,22,0.2517432874580493,0.0,1.0,9.25534462928772
BlogCatalog,3,1478,4638,0.25,0.5,23,0.3419954631759661,0.0015455950540958269,1.0,9.102805376052856
BlogCatalog,3,1478,4638,0.25,0.5,24,0.36266397372992104,0.0019267822736030828,1.0,8.86775517463684
BlogCatalog,3,1478,4638,0.25,0.5,25,0.35547710911020197,0.0016181229773462784,1.0,9.099543809890747
BlogCatalog,3,1478,4638,0.25,0.5,26,0.2517432874580493,0.0,1.0,9.253588438034058
BlogCatalog,3,1478,4638,0.25,0.5,27,0.35643376272674276,0.0016863406408094434,1.0,9.112101078033447
BlogCatalog,3,1478,4638,0.25,0.5,28,0.2517432874580493,0.0,1.0,9.049899578094482
BlogCatalog,3,1478,4638,0.25,0.5,29,0.35932626099846293,0.0019011406844106464,1.0,9.078680515289307
BlogCatalog,3,1478,4638,0.25,0.5,30,0.3429500402159327,0.001579778830963665,1.0,9.113258838653564
BlogCatalog,3,1478,4638,0.25,0.5,31,0.34445321791102385,0.0017953321364452424,1.0,8.847793579101562
BlogCatalog,3,1478,4638,0.25,0.5,32,0.3645447500737008,0.0017301038062283738,1.0,9.084542512893677
BlogCatalog,3,1478,4638,0.25,0.5,33,0.3568448624409626,0.002105263157894737,1.0,9.06897759437561
BlogCatalog,3,1478,4638,0.25,0.5,34,0.2517432874580493,0.0,1.0,9.294938325881958
BlogCatalog,3,1478,4638,0.25,0.5,35,0.2517432874580493,0.0,1.0,9.042320728302002
BlogCatalog,3,1478,4638,0.25,0.5,36,0.34558490994678853,0.0015503875968992248,1.0,9.089300155639648
BlogCatalog,3,1478,4638,0.25,0.5,37,0.3549544841382911,0.0019267822736030828,1.0,9.14605450630188
BlogCatalog,3,1478,4638,0.25,0.5,38,0.3436256444970518,0.0016155088852988692,1.0,8.880157470703125
BlogCatalog,3,1478,4638,0.25,0.5,39,0.2517432874580493,0.0,1.0,9.248002052307129
BlogCatalog,3,1478,4638,0.25,0.5,40,0.366864802763585,0.0016891891891891893,1.0,9.106295108795166
BlogCatalog,3,1478,4638,0.25,0.5,41,0.34990062937788635,0.0016778523489932886,1.0,8.8629469871521
BlogCatalog,3,1478,4638,0.25,0.5,42,0.2517432874580493,0.0,1.0,9.315789699554443
BlogCatalog,3,1478,4638,0.25,0.5,43,0.2517432874580493,0.0,1.0,9.284575462341309
BlogCatalog,3,1478,4638,0.25,0.5,44,0.35660365911749053,0.0016501650165016502,1.0,9.102519035339355
BlogCatalog,3,1478,4638,0.25,0.5,45,0.2517432874580493,0.0,1.0,9.04809308052063
BlogCatalog,3,1478,4638,0.25,0.5,46,0.2517432874580493,0.0,1.0,9.243969440460205
BlogCatalog,3,1478,4638,0.25,0.5,47,0.2517432874580493,0.0,1.0,9.233601331710815
BlogCatalog,3,1478,4638,0.25,0.5,48,0.3437090210255634,0.002277904328018223,1.0,9.127880334854126
BlogCatalog,3,1478,4638,0.25,0.5,49,0.3734158481711816,0.0017825311942959,1.0,8.858764410018921
BlogCatalog,3,1478,4638,0.25,0.5,50,0.3533935332305612,0.0017985611510791368,1.0,9.069719552993774
BlogCatalog,3,1478,5566,0.3,0.5,1,0.2517432874580493,0.0,1.0,9.524243593215942
BlogCatalog,3,1478,5566,0.3,0.5,2,0.3475095399333364,0.0015432098765432098,1.0,9.44133448600769
BlogCatalog,3,1478,5566,0.3,0.5,3,0.3706044278834591,0.00141643059490085,1.0,9.124242544174194
BlogCatalog,3,1478,5566,0.3,0.5,4,0.3556041567500145,0.002028397565922921,1.0,9.36877727508545
BlogCatalog,3,1478,5566,0.3,0.5,5,0.2517432874580493,0.0,1.0,9.605709314346313
BlogCatalog,3,1478,5566,0.3,0.5,6,0.35375897406581913,0.0016129032258064516,1.0,9.14764666557312
BlogCatalog,3,1478,5566,0.3,0.5,7,0.352419484229615,0.001564945226917058,1.0,9.357602834701538
BlogCatalog,3,1478,5566,0.3,0.5,8,0.3681166791861541,0.0018248175182481751,1.0,9.390507698059082
BlogCatalog,3,1478,5566,0.3,0.5,9,0.2517432874580493,0.0,1.0,9.309297561645508
BlogCatalog,3,1478,5566,0.3,0.5,10,0.2517432874580493,0.0,1.0,9.573028802871704
BlogCatalog,3,1478,5566,0.3,0.5,11,0.2517432874580493,0.0,1.0,9.534465312957764
BlogCatalog,3,1478,5566,0.3,0.5,12,0.2517432874580493,0.0,1.0,9.55279803276062
BlogCatalog,3,1478,5566,0.3,0.5,13,0.3623037210852106,0.001697792869269949,1.0,9.137181043624878
BlogCatalog,3,1478,5566,0.3,0.5,14,0.2517432874580493,0.0,1.0,9.527874946594238
BlogCatalog,3,1478,5566,0.3,0.5,15,0.2517432874580493,0.0,1.0,9.548699855804443
BlogCatalog,3,1478,5566,0.3,0.5,16,0.2517432874580493,0.0,1.0,9.580293893814087
BlogCatalog,3,1478,5566,0.3,0.5,17,0.2517432874580493,0.0,1.0,9.32305645942688
BlogCatalog,3,1478,5566,0.3,0.5,18,0.3466835837939152,0.001718213058419244,1.0,9.334666013717651
BlogCatalog,3,1478,5566,0.3,0.5,19,0.2517432874580493,0.0,1.0,9.585379123687744
BlogCatalog,3,1478,5566,0.3,0.5,20,0.2517432874580493,0.0,1.0,9.323905944824219
BlogCatalog,3,1478,5566,0.3,0.5,21,0.5209099957835245,0.0012360939431396785,1.0,9.402046918869019
BlogCatalog,3,1478,5566,0.3,0.5,22,0.2517432874580493,0.0,1.0,9.558663368225098
BlogCatalog,3,1478,5566,0.3,0.5,23,0.2517432874580493,0.0,1.0,9.54553484916687
BlogCatalog,3,1478,5566,0.3,0.5,24,0.3650659272426401,0.0016666666666666668,1.0,9.170408725738525
BlogCatalog,3,1478,5566,0.3,0.5,25,0.2517432874580493,0.0,1.0,9.493689775466919
BlogCatalog,3,1478,5566,0.3,0.5,26,0.35403975957842904,0.0017064846416382253,1.0,9.385416984558105
BlogCatalog,3,1478,5566,0.3,0.5,27,0.2517432874580493,0.0,1.0,9.332535982131958
BlogCatalog,3,1478,5566,0.3,0.5,28,0.3473909768828194,0.001669449081803005,1.0,9.315231800079346
BlogCatalog,3,1478,5566,0.3,0.5,29,0.3407672494892705,0.0016778523489932886,1.0,9.33057951927185
BlogCatalog,3,1478,5566,0.3,0.5,30,0.35317425003576824,0.001584786053882726,1.0,9.158779859542847
BlogCatalog,3,1478,5566,0.3,0.5,31,0.2517432874580493,0.0,1.0,9.556474208831787
BlogCatalog,3,1478,5566,0.3,0.5,32,0.2517432874580493,0.0,1.0,9.558148384094238
BlogCatalog,3,1478,5566,0.3,0.5,33,0.36032839365698954,0.0012987012987012987,1.0,9.43535852432251
BlogCatalog,3,1478,5566,0.3,0.5,34,0.2517432874580493,0.0,1.0,9.34181022644043
BlogCatalog,3,1478,5566,0.3,0.5,35,0.40230349511751884,0.0014064697609001407,1.0,9.358684301376343
BlogCatalog,3,1478,5566,0.3,0.5,36,0.34341482646472027,0.0016,1.0,9.385271549224854
BlogCatalog,3,1478,5566,0.3,0.5,37,0.35997376878608867,0.0019083969465648854,1.0,9.152026653289795
BlogCatalog,3,1478,5566,0.3,0.5,38,0.2517432874580493,0.0,1.0,9.563849449157715
BlogCatalog,3,1478,5566,0.3,0.5,39,0.2517432874580493,0.0,1.0,9.531595230102539
BlogCatalog,3,1478,5566,0.3,0.5,40,0.2517432874580493,0.0,1.0,9.57322382926941
BlogCatalog,3,1478,5566,0.3,0.5,41,0.37992168608222915,0.0017921146953405018,1.0,9.365743398666382
BlogCatalog,3,1478,5566,0.3,0.5,42,0.3600269933446439,0.0017035775127768314,1.0,9.14789366722107
BlogCatalog,3,1478,5566,0.3,0.5,43,0.2517432874580493,0.0,1.0,9.559600114822388
BlogCatalog,3,1478,5566,0.3,0.5,44,0.3467714382544394,0.0018050541516245488,1.0,9.404879808425903
BlogCatalog,3,1478,5566,0.3,0.5,45,0.41647614955701684,0.001584786053882726,1.0,9.159486293792725
BlogCatalog,3,1478,5566,0.3,0.5,46,0.3503163707647321,0.0013679890560875513,1.0,9.350988864898682
BlogCatalog,3,1478,5566,0.3,0.5,47,0.2517432874580493,0.0,1.0,9.550430059432983
BlogCatalog,3,1478,5566,0.3,0.5,48,0.2517432874580493,0.0,1.0,9.323565483093262
BlogCatalog,3,1478,5566,0.3,0.5,49,0.2517432874580493,0.0,1.0,9.604019403457642
BlogCatalog,3,1478,5566,0.3,0.5,50,0.3577796891958175,0.0018656716417910447,1.0,9.380693197250366
BlogCatalog,3,1478,6493,0.35,0.5,1,0.35030700485948413,0.001658374792703151,1.0,9.678401708602905
BlogCatalog,3,1478,6493,0.35,0.5,2,0.2517432874580493,0.0,1.0,9.607940196990967
BlogCatalog,3,1478,6493,0.35,0.5,3,0.3487622540750867,0.001644736842105263,1.0,9.642433166503906
BlogCatalog,3,1478,6493,0.35,0.5,4,0.3646809717651318,0.00196078431372549,1.0,9.62991976737976
BlogCatalog,3,1478,6493,0.35,0.5,5,0.3724256763042027,0.0016313213703099511,1.0,9.414032697677612
BlogCatalog,3,1478,6493,0.35,0.5,6,0.35037814098592046,0.0017574692442882249,1.0,9.682432174682617
BlogCatalog,3,1478,6493,0.35,0.5,7,0.2517432874580493,0.0,1.0,9.878008365631104
BlogCatalog,3,1478,6493,0.35,0.5,8,0.2517432874580493,0.0,1.0,9.612711668014526
BlogCatalog,3,1478,6493,0.35,0.5,9,0.3772757322357423,0.0014326647564469914,1.0,9.696239233016968
BlogCatalog,3,1478,6493,0.35,0.5,10,0.34415027637555534,0.0013966480446927375,1.0,9.658478021621704
BlogCatalog,3,1478,6493,0.35,0.5,11,0.39271262521540756,0.001451378809869376,1.0,9.651889085769653
BlogCatalog,3,1478,6493,0.35,0.5,12,0.3523586808213427,0.0016750418760469012,1.0,9.419678449630737
BlogCatalog,3,1478,6493,0.35,0.5,13,0.432336836727049,0.0018281535648994515,1.0,9.607391357421875
BlogCatalog,3,1478,6493,0.35,0.5,14,0.33651021670250364,0.001639344262295082,1.0,9.655619382858276
BlogCatalog,3,1478,6493,0.35,0.5,15,0.2517432874580493,0.0,1.0,9.619722604751587
BlogCatalog,3,1478,6493,0.35,0.5,16,0.3315649531581904,0.0015698587127158557,1.0,9.691885709762573
BlogCatalog,3,1478,6493,0.35,0.5,17,0.3420234871710536,0.002004008016032064,1.0,9.671013593673706
BlogCatalog,3,1478,6493,0.35,0.5,18,0.2517432874580493,0.0,1.0,9.845098733901978
BlogCatalog,3,1478,6493,0.35,0.5,19,0.3871207092625865,0.0013315579227696406,1.0,9.424778461456299
BlogCatalog,3,1478,6493,0.35,0.5,20,0.4723735614935747,0.0017667844522968198,1.0,9.61282229423523
BlogCatalog,3,1478,6493,0.35,0.5,21,0.35308766703511574,0.0021598272138228943,1.0,9.695372581481934
BlogCatalog,3,1478,6493,0.35,0.5,22,0.2517432874580493,0.0,1.0,9.811471462249756
BlogCatalog,3,1478,6493,0.35,0.5,23,0.35623218610526847,0.002012072434607646,1.0,9.419518947601318
BlogCatalog,3,1478,6493,0.35,0.5,24,0.2517432874580493,0.0,1.0,9.82340407371521
BlogCatalog,3,1478,6493,0.35,0.5,25,0.34122313401526,0.0014858841010401188,1.0,9.671642541885376
BlogCatalog,3,1478,6493,0.35,0.5,26,0.3560146405151008,0.0019455252918287938,1.0,9.425282955169678
BlogCatalog,3,1478,6493,0.35,0.5,27,0.2517432874580493,0.0,1.0,9.815776109695435
BlogCatalog,3,1478,6493,0.35,0.5,28,0.2517432874580493,0.0,1.0,9.870748519897461
BlogCatalog,3,1478,6493,0.35,0.5,29,0.2517432874580493,0.0,1.0,9.854526996612549
BlogCatalog,3,1478,6493,0.35,0.5,30,0.2517432874580493,0.0,1.0,9.592160701751709
BlogCatalog,3,1478,6493,0.35,0.5,31,0.2517432874580493,0.0,1.0,9.842281103134155
BlogCatalog,3,1478,6493,0.35,0.5,32,0.2517432874580493,0.0,1.0,9.940869808197021
BlogCatalog,3,1478,6493,0.35,0.5,33,0.2517432874580493,0.0,1.0,9.637570858001709
BlogCatalog,3,1478,6493,0.35,0.5,34,0.34560756546719695,0.001718213058419244,1.0,9.656009197235107
BlogCatalog,3,1478,6493,0.35,0.5,35,0.34326917281640806,0.0014792899408284023,1.0,9.674265146255493
BlogCatalog,3,1478,6493,0.35,0.5,36,0.3317683273520119,0.001838235294117647,1.0,9.439677000045776
BlogCatalog,3,1478,6493,0.35,0.5,37,0.2517432874580493,0.0,1.0,9.862216234207153
BlogCatalog,3,1478,6493,0.35,0.5,38,0.40085521650301764,0.001669449081803005,1.0,9.624823331832886
BlogCatalog,3,1478,6493,0.35,0.5,39,0.35125836905528984,0.001996007984031936,1.0,9.697126150131226
BlogCatalog,3,1478,6493,0.35,0.5,40,0.352429498800921,0.0015822784810126582,1.0,9.429023742675781
BlogCatalog,3,1478,6493,0.35,0.5,41,0.2517432874580493,0.0,1.0,9.81828236579895
BlogCatalog,3,1478,6493,0.35,0.5,42,0.2517432874580493,0.0,1.0,9.839523077011108
BlogCatalog,3,1478,6493,0.35,0.5,43,0.2517432874580493,0.0,1.0,9.881986856460571
BlogCatalog,3,1478,6493,0.35,0.5,44,0.2517432874580493,0.0,1.0,9.616228580474854
BlogCatalog,3,1478,6493,0.35,0.5,45,0.34996175673517294,0.0019047619047619048,1.0,9.658260583877563
BlogCatalog,3,1478,6493,0.35,0.5,46,0.3336601384827634,0.0018050541516245488,1.0,9.789758443832397
BlogCatalog,3,1478,6493,0.35,0.5,47,0.2517432874580493,0.0,1.0,9.603421449661255
BlogCatalog,3,1478,6493,0.35,0.5,48,0.2517432874580493,0.0,1.0,9.807817459106445
BlogCatalog,3,1478,6493,0.35,0.5,49,0.2517432874580493,0.0,1.0,9.918105840682983
BlogCatalog,3,1478,6493,0.35,0.5,50,0.37003521522974897,0.0017953321364452424,1.0,9.425164461135864
BlogCatalog,3,1478,7421,0.4,0.5,1,0.33677452300847843,0.0013812154696132596,1.0,9.875530242919922
BlogCatalog,3,1478,7421,0.4,0.5,2,0.3409241993843843,0.0014347202295552368,1.0,9.914270639419556
BlogCatalog,3,1478,7421,0.4,0.5,3,0.2517432874580493,0.0,1.0,10.166623592376709
BlogCatalog,3,1478,7421,0.4,0.5,4,0.36454689694912573,0.0015873015873015873,1.0,9.71717095375061
BlogCatalog,3,1478,7421,0.4,0.5,5,0.36109536213858595,0.0016286644951140066,1.0,9.884549617767334
BlogCatalog,3,1478,7421,0.4,0.5,6,0.34051602325924035,0.0017730496453900709,1.0,9.953872442245483
BlogCatalog,3,1478,7421,0.4,0.5,7,0.3688810854338654,0.001557632398753894,1.0,9.70918583869934
BlogCatalog,3,1478,7421,0.4,0.5,8,0.2517432874580493,0.0,1.0,10.155040502548218
BlogCatalog,3,1478,7421,0.4,0.5,9,0.2517432874580493,0.0,1.0,10.085191011428833
BlogCatalog,3,1478,7421,0.4,0.5,10,0.35944684565829577,0.0019230769230769232,1.0,9.960146427154541
BlogCatalog,3,1478,7421,0.4,0.5,11,0.2517432874580493,0.0,1.0,9.877575635910034
BlogCatalog,3,1478,7421,0.4,0.5,12,0.3517597776449543,0.001941747572815534,1.0,9.91339111328125
BlogCatalog,3,1478,7421,0.4,0.5,13,0.2517432874580493,0.0,1.0,10.103701114654541
BlogCatalog,3,1478,7421,0.4,0.5,14,0.351205519544967,0.001851851851851852,1.0,9.953933238983154
BlogCatalog,3,1478,7421,0.4,0.5,15,0.35246958875106366,0.001579778830963665,1.0,9.68343448638916
BlogCatalog,3,1478,7421,0.4,0.5,16,0.3486938860843852,0.0019646365422396855,1.0,9.904330015182495
BlogCatalog,3,1478,7421,0.4,0.5,17,0.2517432874580493,0.0,1.0,10.132658004760742
BlogCatalog,3,1478,7421,0.4,0.5,18,0.3542636154577376,0.002109704641350211,1.0,9.702256917953491
BlogCatalog,3,1478,7421,0.4,0.5,19,0.2517432874580493,0.0,1.0,10.081455945968628
BlogCatalog,3,1478,7421,0.4,0.5,20,0.37146704118464025,0.0015174506828528073,1.0,10.082773685455322
BlogCatalog,3,1478,7421,0.4,0.5,21,0.2517432874580493,0.0,1.0,10.135374307632446
BlogCatalog,3,1478,7421,0.4,0.5,22,0.2517432874580493,0.0,1.0,9.85471773147583
BlogCatalog,3,1478,7421,0.4,0.5,23,0.36259001161787385,0.0017123287671232876,1.0,9.896175622940063
BlogCatalog,3,1478,7421,0.4,0.5,24,0.2517432874580493,0.0,1.0,10.083946466445923
BlogCatalog,3,1478,7421,0.4,0.5,25,0.3714941372883162,0.0019083969465648854,1.0,9.943400859832764
BlogCatalog,3,1478,7421,0.4,0.5,26,0.2517432874580493,0.0,1.0,9.8458833694458
BlogCatalog,3,1478,7421,0.4,0.5,27,0.2517432874580493,0.0,1.0,10.073702573776245
BlogCatalog,3,1478,7421,0.4,0.5,28,0.3468654152735759,0.0020833333333333333,1.0,9.97749638557434
BlogCatalog,3,1478,7421,0.4,0.5,29,0.37507229324980207,0.001589825119236884,1.0,9.720606327056885
BlogCatalog,3,1478,7421,0.4,0.5,30,0.2517432874580493,0.0,1.0,10.1255943775177
BlogCatalog,3,1478,7421,0.4,0.5,31,0.2517432874580493,0.0,1.0,10.06714129447937
BlogCatalog,3,1478,7421,0.4,0.5,32,0.3379619541564771,0.0016863406408094434,1.0,9.891098737716675
BlogCatalog,3,1478,7421,0.4,0.5,33,0.3602274928189345,0.002150537634408602,1.0,9.702379941940308
BlogCatalog,3,1478,7421,0.4,0.5,34,0.34229944913570975,0.0016233766233766235,1.0,9.962733030319214
BlogCatalog,3,1478,7421,0.4,0.5,35,0.36780148046270833,0.0016051364365971107,1.0,9.943871021270752
BlogCatalog,3,1478,7421,0.4,0.5,36,0.3532253968035469,0.0018181818181818182,1.0,9.958780527114868
BlogCatalog,3,1478,7421,0.4,0.5,37,0.37504077818073267,0.001567398119122257,1.0,9.733453512191772
BlogCatalog,3,1478,7421,0.4,0.5,38,0.2517432874580493,0.0,1.0,10.088334560394287
BlogCatalog,3,1478,7421,0.4,0.5,39,0.2517432874580493,0.0,1.0,10.120383977890015
BlogCatalog,3,1478,7421,0.4,0.5,40,0.3596321868346721,0.0016835016835016834,1.0,9.96071743965149
BlogCatalog,3,1478,7421,0.4,0.5,41,0.2517432874580493,0.0,1.0,9.907871723175049
BlogCatalog,3,1478,7421,0.4,0.5,42,0.3532860365840031,0.001949317738791423,1.0,9.903948545455933
BlogCatalog,3,1478,7421,0.4,0.5,43,0.3475524398416463,0.0014347202295552368,1.0,9.915536165237427
BlogCatalog,3,1478,7421,0.4,0.5,44,0.2517432874580493,0.0,1.0,10.160828828811646
BlogCatalog,3,1478,7421,0.4,0.5,45,0.37697276738680463,0.001639344262295082,1.0,9.7005295753479
BlogCatalog,3,1478,7421,0.4,0.5,46,0.2517432874580493,0.0,1.0,10.10953950881958
BlogCatalog,3,1478,7421,0.4,0.5,47,0.34246794893016425,0.001869158878504673,1.0,9.976024627685547
BlogCatalog,3,1478,7421,0.4,0.5,48,0.2517432874580493,0.0,1.0,9.889971017837524
BlogCatalog,3,1478,7421,0.4,0.5,49,0.2517432874580493,0.0,1.0,10.081474304199219
BlogCatalog,3,1478,7421,0.4,0.5,50,0.2517432874580493,0.0,1.0,10.10877776145935
BlogCatalog,3,1478,8348,0.45,0.5,1,0.3580616369423111,0.0018867924528301887,1.0,10.243366718292236
BlogCatalog,3,1478,8348,0.45,0.5,2,0.2517432874580493,0.0,1.0,10.138391733169556
BlogCatalog,3,1478,8348,0.45,0.5,3,0.3431994542316559,0.0018248175182481751,1.0,10.19047737121582
BlogCatalog,3,1478,8348,0.45,0.5,4,0.3745716412714938,0.0019880715705765406,1.0,10.241873741149902
BlogCatalog,3,1478,8348,0.45,0.5,5,0.2517432874580493,0.0,1.0,10.423230409622192
BlogCatalog,3,1478,8348,0.45,0.5,6,0.2517432874580493,0.0,1.0,10.170643329620361
BlogCatalog,3,1478,8348,0.45,0.5,7,0.3554865701618415,0.002070393374741201,1.0,10.219241619110107
BlogCatalog,3,1478,8348,0.45,0.5,8,0.3541597381495528,0.0018281535648994515,1.0,10.22283148765564
BlogCatalog,3,1478,8348,0.45,0.5,9,0.2517432874580493,0.0,1.0,10.152453184127808
BlogCatalog,3,1478,8348,0.45,0.5,10,0.34086553568657285,0.0015037593984962407,1.0,10.23756456375122
BlogCatalog,3,1478,8348,0.45,0.5,11,0.36155546557627083,0.0017421602787456446,1.0,10.211780786514282
BlogCatalog,3,1478,8348,0.45,0.5,12,0.2517432874580493,0.0,1.0,10.414584398269653
BlogCatalog,3,1478,8348,0.45,0.5,13,0.2517432874580493,0.0,1.0,10.13994812965393
BlogCatalog,3,1478,8348,0.45,0.5,14,0.36046155846265665,0.0015105740181268882,1.0,10.202162742614746
BlogCatalog,3,1478,8348,0.45,0.5,15,0.3776108761694409,0.0015772870662460567,1.0,10.286710739135742
BlogCatalog,3,1478,8348,0.45,0.5,16,0.33528210937014397,0.0013736263736263737,1.0,10.246803522109985
BlogCatalog,3,1478,8348,0.45,0.5,17,0.2517432874580493,0.0,1.0,10.15218210220337
BlogCatalog,3,1478,8348,0.45,0.5,18,0.2517432874580493,0.0,1.0,10.41275930404663
BlogCatalog,3,1478,8348,0.45,0.5,19,0.2517432874580493,0.0,1.0,10.390491008758545
BlogCatalog,3,1478,8348,0.45,0.5,20,0.2517432874580493,0.0,1.0,10.427827596664429
BlogCatalog,3,1478,8348,0.45,0.5,21,0.3845227793326391,0.0017331022530329288,1.0,10.007274389266968
BlogCatalog,3,1478,8348,0.45,0.5,22,0.3724772336327301,0.0017421602787456446,1.0,10.214130163192749
BlogCatalog,3,1478,8348,0.45,0.5,23,0.2517432874580493,0.0,1.0,10.450698375701904
BlogCatalog,3,1478,8348,0.45,0.5,24,0.37362030145261765,0.0018832391713747645,1.0,10.011646509170532
BlogCatalog,3,1478,8348,0.45,0.5,25,0.4057918500520351,0.0015479876160990713,1.0,10.18630313873291
BlogCatalog,3,1478,8348,0.45,0.5,26,0.3414454509850413,0.0019455252918287938,1.0,10.222183465957642
BlogCatalog,3,1478,8348,0.45,0.5,27,0.35764823293385983,0.001524390243902439,1.0,10.276968240737915
BlogCatalog,3,1478,8348,0.45,0.5,28,0.2517432874580493,0.0,1.0,10.169546604156494
BlogCatalog,3,1478,8348,0.45,0.5,29,0.49624675805494517,0.00129366106080207,1.0,10.172955513000488
BlogCatalog,3,1478,8348,0.45,0.5,30,0.2517432874580493,0.0,1.0,10.45875859260559
BlogCatalog,3,1478,8348,0.45,0.5,31,0.2517432874580493,0.0,1.0,10.412947654724121
BlogCatalog,3,1478,8348,0.45,0.5,32,0.3707567278481123,0.0015290519877675841,1.0,9.980531692504883
BlogCatalog,3,1478,8348,0.45,0.5,33,0.32293475452436754,0.0014792899408284023,1.0,10.257499933242798
BlogCatalog,3,1478,8348,0.45,0.5,34,0.34491042874753003,0.0016207455429497568,1.0,10.248759269714355
BlogCatalog,3,1478,8348,0.45,0.5,35,0.2517432874580493,0.0,1.0,10.408426761627197
BlogCatalog,3,1478,8348,0.45,0.5,36,0.3680550212268591,0.0016313213703099511,1.0,10.016509056091309
BlogCatalog,3,1478,8348,0.45,0.5,37,0.3476550401111496,0.0016863406408094434,1.0,10.222806215286255
BlogCatalog,3,1478,8348,0.45,0.5,38,0.2517432874580493,0.0,1.0,10.444233179092407
BlogCatalog,3,1478,8348,0.45,0.5,39,0.2517432874580493,0.0,1.0,10.178205251693726
BlogCatalog,3,1478,8348,0.45,0.5,40,0.3493376592388951,0.0014347202295552368,1.0,10.187931299209595
BlogCatalog,3,1478,8348,0.45,0.5,41,0.36806602668154864,0.0016286644951140066,1.0,10.235307693481445
BlogCatalog,3,1478,8348,0.45,0.5,42,0.35411547614035743,0.0015748031496062992,1.0,10.02376413345337
BlogCatalog,3,1478,8348,0.45,0.5,43,0.4320231759683255,0.001841620626151013,1.0,10.264241695404053
BlogCatalog,3,1478,8348,0.45,0.5,44,0.3534717377680392,0.0017452006980802793,1.0,10.203715562820435
BlogCatalog,3,1478,8348,0.45,0.5,45,0.2517432874580493,0.0,1.0,10.405020475387573
BlogCatalog,3,1478,8348,0.45,0.5,46,0.3433242485853236,0.001697792869269949,1.0,10.252487182617188
BlogCatalog,3,1478,8348,0.45,0.5,47,0.3416333499860595,0.0017793594306049821,1.0,9.972793102264404
BlogCatalog,3,1478,8348,0.45,0.5,48,0.2517432874580493,0.0,1.0,10.379770040512085
BlogCatalog,3,1478,8348,0.45,0.5,49,0.34847839156611676,0.0018796992481203006,1.0,10.28889513015747
BlogCatalog,3,1478,8348,0.45,0.5,50,0.33679674023708045,0.001557632398753894,1.0,10.01404333114624
BlogCatalog,3,1478,9276,0.5,0.5,1,0.3281744079608435,0.0018018018018018018,1.0,10.496684312820435
BlogCatalog,3,1478,9276,0.5,0.5,2,0.2517432874580493,0.0,1.0,10.684986591339111
BlogCatalog,3,1478,9276,0.5,0.5,3,0.2517432874580493,0.0,1.0,10.7321195602417
BlogCatalog,3,1478,9276,0.5,0.5,4,0.33485640818403445,0.0016750418760469012,1.0,10.268958330154419
BlogCatalog,3,1478,9276,0.5,0.5,5,0.33776307805182587,0.0016556291390728477,1.0,10.476768016815186
BlogCatalog,3,1478,9276,0.5,0.5,6,0.3826681584837056,0.0017605633802816902,1.0,10.514405965805054
BlogCatalog,3,1478,9276,0.5,0.5,7,0.2517432874580493,0.0,1.0,10.708477973937988
BlogCatalog,3,1478,9276,0.5,0.5,8,0.2517432874580493,0.0,1.0,10.43144965171814
BlogCatalog,3,1478,9276,0.5,0.5,9,0.342870968774661,0.0017421602787456446,1.0,10.503166437149048
BlogCatalog,3,1478,9276,0.5,0.5,10,0.2517432874580493,0.0,1.0,10.729259014129639
BlogCatalog,3,1478,9276,0.5,0.5,11,0.2517432874580493,0.0,1.0,10.433089971542358
BlogCatalog,3,1478,9276,0.5,0.5,12,0.3504191008047425,0.0020161290322580645,1.0,10.475858926773071
BlogCatalog,3,1478,9276,0.5,0.5,13,0.2517432874580493,0.0,1.0,10.65564489364624
BlogCatalog,3,1478,9276,0.5,0.5,14,0.3475412038219107,0.0016207455429497568,1.0,10.533753871917725
BlogCatalog,3,1478,9276,0.5,0.5,15,0.357727669812493,0.0016313213703099511,1.0,10.279521942138672
BlogCatalog,3,1478,9276,0.5,0.5,16,0.2517432874580493,0.0,1.0,10.651403427124023
BlogCatalog,3,1478,9276,0.5,0.5,17,0.34518361524344865,0.0017482517482517483,1.0,10.486318826675415
BlogCatalog,3,1478,9276,0.5,0.5,18,0.3502826503270025,0.0016556291390728477,1.0,10.523720502853394
BlogCatalog,3,1478,9276,0.5,0.5,19,0.35406905873707106,0.001763668430335097,1.0,10.248198747634888
BlogCatalog,3,1478,9276,0.5,0.5,20,0.349221535134862,0.001639344262295082,1.0,10.511287212371826
BlogCatalog,3,1478,9276,0.5,0.5,21,0.2517432874580493,0.0,1.0,10.73274302482605
BlogCatalog,3,1478,9276,0.5,0.5,22,0.361123420198403,0.0017667844522968198,1.0,10.253861665725708
BlogCatalog,3,1478,9276,0.5,0.5,23,0.2517432874580493,0.0,1.0,10.638222932815552
BlogCatalog,3,1478,9276,0.5,0.5,24,0.2517432874580493,0.0,1.0,10.680697679519653
BlogCatalog,3,1478,9276,0.5,0.5,25,0.35706431204574834,0.0015748031496062992,1.0,10.52395486831665
BlogCatalog,3,1478,9276,0.5,0.5,26,0.2517432874580493,0.0,1.0,10.468266248703003
BlogCatalog,3,1478,9276,0.5,0.5,27,0.2517432874580493,0.0,1.0,10.65967321395874
BlogCatalog,3,1478,9276,0.5,0.5,28,0.37341053500305066,0.0019801980198019802,1.0,10.553061723709106
BlogCatalog,3,1478,9276,0.5,0.5,29,0.2517432874580493,0.0,1.0,10.412469387054443
BlogCatalog,3,1478,9276,0.5,0.5,30,0.2517432874580493,0.0,1.0,10.642068862915039
BlogCatalog,3,1478,9276,0.5,0.5,31,0.4282255389879934,0.0019267822736030828,1.0,10.51641321182251
BlogCatalog,3,1478,9276,0.5,0.5,32,0.2517432874580493,0.0,1.0,10.709060430526733
BlogCatalog,3,1478,9276,0.5,0.5,33,0.2517432874580493,0.0,1.0,10.423322916030884
BlogCatalog,3,1478,9276,0.5,0.5,34,0.3441411886936575,0.0014970059880239522,1.0,10.449505805969238
BlogCatalog,3,1478,9276,0.5,0.5,35,0.3436977373322044,0.001838235294117647,1.0,10.539366722106934
BlogCatalog,3,1478,9276,0.5,0.5,36,0.2517432874580493,0.0,1.0,10.435964107513428
BlogCatalog,3,1478,9276,0.5,0.5,37,0.3646282878623856,0.0018867924528301887,1.0,10.531489372253418
BlogCatalog,3,1478,9276,0.5,0.5,38,0.3530549224459272,0.0013736263736263737,1.0,10.531090259552002
BlogCatalog,3,1478,9276,0.5,0.5,39,0.2517432874580493,0.0,1.0,10.683426856994629
BlogCatalog,3,1478,9276,0.5,0.5,40,0.2517432874580493,0.0,1.0,10.447052955627441
BlogCatalog,3,1478,9276,0.5,0.5,41,0.2517432874580493,0.0,1.0,10.663229703903198
BlogCatalog,3,1478,9276,0.5,0.5,42,0.2517432874580493,0.0,1.0,10.651425123214722
BlogCatalog,3,1478,9276,0.5,0.5,43,0.33851404824379383,0.0016638935108153079,1.0,10.564764738082886
BlogCatalog,3,1478,9276,0.5,0.5,44,0.2517432874580493,0.0,1.0,10.429713726043701
BlogCatalog,3,1478,9276,0.5,0.5,45,0.2517432874580493,0.0,1.0,10.646477699279785
BlogCatalog,3,1478,9276,0.5,0.5,46,0.35894321170715204,0.001658374792703151,1.0,10.491353273391724
BlogCatalog,3,1478,9276,0.5,0.5,47,0.37307545563769556,0.002044989775051125,1.0,10.51079273223877
BlogCatalog,3,1478,9276,0.5,0.5,48,0.2517432874580493,0.0,1.0,10.444847345352173
BlogCatalog,3,1478,9276,0.5,0.5,49,0.3791985931937731,0.0021321961620469083,1.0,10.47877311706543
BlogCatalog,3,1478,9276,0.5,0.5,50,0.33688622973378757,0.0016666666666666668,1.0,10.51482105255127
BlogCatalog,3,1478,10204,0.55,0.5,1,0.3445057922127008,0.0019880715705765406,1.0,10.807957649230957
BlogCatalog,3,1478,10204,0.55,0.5,2,0.2517432874580493,0.0,1.0,10.741090536117554
BlogCatalog,3,1478,10204,0.55,0.5,3,0.2517432874580493,0.0,1.0,10.917564392089844
BlogCatalog,3,1478,10204,0.55,0.5,4,0.2517432874580493,0.0,1.0,11.002686738967896
BlogCatalog,3,1478,10204,0.55,0.5,5,0.34897334149608233,0.0018018018018018018,1.0,10.542822122573853
BlogCatalog,3,1478,10204,0.55,0.5,6,0.3423644109053055,0.001607717041800643,1.0,10.803861379623413
BlogCatalog,3,1478,10204,0.55,0.5,7,0.3501158786974841,0.0017482517482517483,1.0,10.788520812988281
BlogCatalog,3,1478,10204,0.55,0.5,8,0.3532698754465891,0.001763668430335097,1.0,10.777206420898438
BlogCatalog,3,1478,10204,0.55,0.5,9,0.33914941954996447,0.0017543859649122807,1.0,10.54802942276001
BlogCatalog,3,1478,10204,0.55,0.5,10,0.2517432874580493,0.0,1.0,10.951861143112183
BlogCatalog,3,1478,10204,0.55,0.5,11,0.36224027682522186,0.0016835016835016834,1.0,10.797933578491211
BlogCatalog,3,1478,10204,0.55,0.5,12,0.3485841900147148,0.0017331022530329288,1.0,10.822889566421509
BlogCatalog,3,1478,10204,0.55,0.5,13,0.2517432874580493,0.0,1.0,10.72576642036438
BlogCatalog,3,1478,10204,0.55,0.5,14,0.3579049962629649,0.002066115702479339,1.0,10.735891819000244
BlogCatalog,3,1478,10204,0.55,0.5,15,0.37060037204090734,0.0018484288354898336,1.0,10.7457115650177
BlogCatalog,3,1478,10204,0.55,0.5,16,0.3484675870952557,0.0015822784810126582,1.0,10.824824333190918
BlogCatalog,3,1478,10204,0.55,0.5,17,0.3846130905337065,0.0017482517482517483,1.0,10.537124156951904
BlogCatalog,3,1478,10204,0.55,0.5,18,0.3461500513767772,0.0017271157167530224,1.0,10.803466796875
BlogCatalog,3,1478,10204,0.55,0.5,19,0.2517432874580493,0.0,1.0,10.986588954925537
BlogCatalog,3,1478,10204,0.55,0.5,20,0.3446363459483267,0.001876172607879925,1.0,10.575376749038696
BlogCatalog,3,1478,10204,0.55,0.5,21,0.3520980155819637,0.0015432098765432098,1.0,10.789954662322998
BlogCatalog,3,1478,10204,0.55,0.5,22,0.2517432874580493,0.0,1.0,10.974420309066772
BlogCatalog,3,1478,10204,0.55,0.5,23,0.3561540751344527,0.0021141649048625794,1.0,10.837474346160889
BlogCatalog,3,1478,10204,0.55,0.5,24,0.3487801646558593,0.001841620626151013,1.0,10.56821584701538
BlogCatalog,3,1478,10204,0.55,0.5,25,0.3496114832531112,0.0017331022530329288,1.0,10.752700328826904
BlogCatalog,3,1478,10204,0.55,0.5,26,0.2517432874580493,0.0,1.0,10.975491762161255
BlogCatalog,3,1478,10204,0.55,0.5,27,0.32830588952850204,0.001443001443001443,1.0,10.8305025100708
BlogCatalog,3,1478,10204,0.55,0.5,28,0.2517432874580493,0.0,1.0,10.736149549484253
BlogCatalog,3,1478,10204,0.55,0.5,29,0.36605353018231973,0.0016750418760469012,1.0,10.769506216049194
BlogCatalog,3,1478,10204,0.55,0.5,30,0.36219849809915183,0.0018281535648994515,1.0,10.831241369247437
BlogCatalog,3,1478,10204,0.55,0.5,31,0.34648880672357546,0.002070393374741201,1.0,10.538745164871216
BlogCatalog,3,1478,10204,0.55,0.5,32,0.33082550514624964,0.0015128593040847202,1.0,10.754136085510254
BlogCatalog,3,1478,10204,0.55,0.5,33,0.3538746051075963,0.0018115942028985507,1.0,10.800342798233032
BlogCatalog,3,1478,10204,0.55,0.5,34,0.2517432874580493,0.0,1.0,10.981026649475098
BlogCatalog,3,1478,10204,0.55,0.5,35,0.3491123671702996,0.0018484288354898336,1.0,10.557965993881226
BlogCatalog,3,1478,10204,0.55,0.5,36,0.2517432874580493,0.0,1.0,10.945886373519897
BlogCatalog,3,1478,10204,0.55,0.5,37,0.2517432874580493,0.0,1.0,11.015849590301514
BlogCatalog,3,1478,10204,0.55,0.5,38,0.2517432874580493,0.0,1.0,10.731951236724854
BlogCatalog,3,1478,10204,0.55,0.5,39,0.2517432874580493,0.0,1.0,10.914401769638062
BlogCatalog,3,1478,10204,0.55,0.5,40,0.2517432874580493,0.0,1.0,10.966405868530273
BlogCatalog,3,1478,10204,0.55,0.5,41,0.3476788646853789,0.0020833333333333333,1.0,10.819611310958862
BlogCatalog,3,1478,10204,0.55,0.5,42,0.34716986697249386,0.0015337423312883436,1.0,10.573804140090942
BlogCatalog,3,1478,10204,0.55,0.5,43,0.33231963468462006,0.0015822784810126582,1.0,10.793806791305542
BlogCatalog,3,1478,10204,0.55,0.5,44,0.2517432874580493,0.0,1.0,11.029338359832764
BlogCatalog,3,1478,10204,0.55,0.5,45,0.2517432874580493,0.0,1.0,10.755609035491943
BlogCatalog,3,1478,10204,0.55,0.5,46,0.39294664974514476,0.0018315018315018315,1.0,10.7597496509552
BlogCatalog,3,1478,10204,0.55,0.5,47,0.35413448356018334,0.0015037593984962407,1.0,10.766558408737183
BlogCatalog,3,1478,10204,0.55,0.5,48,0.33194920164485286,0.0016155088852988692,1.0,10.812422752380371
BlogCatalog,3,1478,10204,0.55,0.5,49,0.3672485564449191,0.0016611295681063123,1.0,10.5593843460083
BlogCatalog,3,1478,10204,0.55,0.5,50,0.3632823892079488,0.002004008016032064,1.0,10.791777610778809
BlogCatalog,3,1478,11131,0.6,0.5,1,0.34123108533684793,0.0015698587127158557,1.0,11.141287803649902
BlogCatalog,3,1478,11131,0.6,0.5,2,0.2517432874580493,0.0,1.0,11.080737352371216
BlogCatalog,3,1478,11131,0.6,0.5,3,0.2517432874580493,0.0,1.0,11.23722505569458
BlogCatalog,3,1478,11131,0.6,0.5,4,0.2517432874580493,0.0,1.0,11.267061471939087
BlogCatalog,3,1478,11131,0.6,0.5,5,0.2517432874580493,0.0,1.0,11.194624185562134
BlogCatalog,3,1478,11131,0.6,0.5,6,0.2517432874580493,0.0,1.0,11.284961938858032
BlogCatalog,3,1478,11131,0.6,0.5,7,0.3679151020011163,0.0018867924528301887,1.0,10.820422887802124
BlogCatalog,3,1478,11131,0.6,0.5,8,0.330800929626176,0.0016666666666666668,1.0,11.083357810974121
BlogCatalog,3,1478,11131,0.6,0.5,9,0.2517432874580493,0.0,1.0,11.262984275817871
BlogCatalog,3,1478,11131,0.6,0.5,10,0.3750791609493617,0.0020491803278688526,1.0,10.8634934425354
BlogCatalog,3,1478,11131,0.6,0.5,11,0.2517432874580493,0.0,1.0,11.189602613449097
BlogCatalog,3,1478,11131,0.6,0.5,12,0.33524670516925675,0.0015337423312883436,1.0,11.065062284469604
BlogCatalog,3,1478,11131,0.6,0.5,13,0.3529561431727402,0.0018115942028985507,1.0,11.05505657196045
BlogCatalog,3,1478,11131,0.6,0.5,14,0.2517432874580493,0.0,1.0,10.978078842163086
BlogCatalog,3,1478,11131,0.6,0.5,15,0.3423038522542266,0.001447178002894356,1.0,11.036179304122925
BlogCatalog,3,1478,11131,0.6,0.5,16,0.3606175879192612,0.0018867924528301887,1.0,11.049070596694946
BlogCatalog,3,1478,11131,0.6,0.5,17,0.2517432874580493,0.0,1.0,11.23531723022461
BlogCatalog,3,1478,11131,0.6,0.5,18,0.3642580809554581,0.0018796992481203006,1.0,10.8401358127594
BlogCatalog,3,1478,11131,0.6,0.5,19,0.2517432874580493,0.0,1.0,11.218753099441528
BlogCatalog,3,1478,11131,0.6,0.5,20,0.3638054366724355,0.0017730496453900709,1.0,11.064587593078613
BlogCatalog,3,1478,11131,0.6,0.5,21,0.3570253820911626,0.00205761316872428,1.0,11.086952447891235
BlogCatalog,3,1478,11131,0.6,0.5,22,0.35484444640844526,0.0018484288354898336,1.0,10.78595519065857
BlogCatalog,3,1478,11131,0.6,0.5,23,0.33800670578974173,0.0015384615384615385,1.0,11.030041217803955
BlogCatalog,3,1478,11131,0.6,0.5,24,0.3725043432787679,0.001639344262295082,1.0,11.055308818817139
BlogCatalog,3,1478,11131,0.6,0.5,25,0.2517432874580493,0.0,1.0,11.218715906143188
BlogCatalog,3,1478,11131,0.6,0.5,26,0.33657166685394846,0.001579778830963665,1.0,10.847477674484253
BlogCatalog,3,1478,11131,0.6,0.5,27,0.2517432874580493,0.0,1.0,11.213654041290283
BlogCatalog,3,1478,11131,0.6,0.5,28,0.36967914068597346,0.0014792899408284023,1.0,11.079140186309814
BlogCatalog,3,1478,11131,0.6,0.5,29,0.2517432874580493,0.0,1.0,11.27556324005127
BlogCatalog,3,1478,11131,0.6,0.5,30,0.3374858660128459,0.0015337423312883436,1.0,10.820892572402954
BlogCatalog,3,1478,11131,0.6,0.5,31,0.3608381606094044,0.0015698587127158557,1.0,11.025542259216309
BlogCatalog,3,1478,11131,0.6,0.5,32,0.34302218475951207,0.0015360983102918587,1.0,11.122068881988525
BlogCatalog,3,1478,11131,0.6,0.5,33,0.2517432874580493,0.0,1.0,11.005146503448486
BlogCatalog,3,1478,11131,0.6,0.5,34,0.37635237149920125,0.001984126984126984,1.0,11.065540790557861
BlogCatalog,3,1478,11131,0.6,0.5,35,0.3491443775020225,0.002036659877800407,1.0,11.070394277572632
BlogCatalog,3,1478,11131,0.6,0.5,36,0.3511543874339371,0.002028397565922921,1.0,11.09200930595398
BlogCatalog,3,1478,11131,0.6,0.5,37,0.2517432874580493,0.0,1.0,11.010083198547363
BlogCatalog,3,1478,11131,0.6,0.5,38,0.3567409481142229,0.0016835016835016834,1.0,11.044289827346802
BlogCatalog,3,1478,11131,0.6,0.5,39,0.3363074869778814,0.0020408163265306124,1.0,11.119354009628296
BlogCatalog,3,1478,11131,0.6,0.5,40,0.3343695778703096,0.0016181229773462784,1.0,10.83541488647461
BlogCatalog,3,1478,11131,0.6,0.5,41,0.2517432874580493,0.0,1.0,11.218958616256714
BlogCatalog,3,1478,11131,0.6,0.5,42,0.2517432874580493,0.0,1.0,11.24352216720581
BlogCatalog,3,1478,11131,0.6,0.5,43,0.3393166373247111,0.0019569471624266144,1.0,11.084920644760132
BlogCatalog,3,1478,11131,0.6,0.5,44,0.34740762845080564,0.0021231422505307855,1.0,10.804695844650269
BlogCatalog,3,1478,11131,0.6,0.5,45,0.34980747110029364,0.0013623978201634877,1.0,11.073570251464844
BlogCatalog,3,1478,11131,0.6,0.5,46,0.3429187731332274,0.0018726591760299626,1.0,11.113383769989014
BlogCatalog,3,1478,11131,0.6,0.5,47,0.2517432874580493,0.0,1.0,11.022668361663818
BlogCatalog,3,1478,11131,0.6,0.5,48,0.3265523985896826,0.0015220700152207,1.0,11.059215784072876
BlogCatalog,3,1478,11131,0.6,0.5,49,0.35486559658479566,0.001639344262295082,1.0,11.082336187362671
BlogCatalog,3,1478,11131,0.6,0.5,50,0.2517432874580493,0.0,1.0,11.259723424911499
BlogCatalog,3,1478,12059,0.65,0.5,1,0.359226085283174,0.0015698587127158557,1.0,11.14391803741455
BlogCatalog,3,1478,12059,0.65,0.5,2,0.2517432874580493,0.0,1.0,11.518388032913208
BlogCatalog,3,1478,12059,0.65,0.5,3,0.3467416967007573,0.0018248175182481751,1.0,11.354978799819946
BlogCatalog,3,1478,12059,0.65,0.5,4,0.2517432874580493,0.0,1.0,11.523911476135254
BlogCatalog,3,1478,12059,0.65,0.5,5,0.2517432874580493,0.0,1.0,11.308923482894897
BlogCatalog,3,1478,12059,0.65,0.5,6,0.2517432874580493,0.0,1.0,11.502329111099243
BlogCatalog,3,1478,12059,0.65,0.5,7,0.370200997941563,0.001445086705202312,1.0,11.36439299583435
BlogCatalog,3,1478,12059,0.65,0.5,8,0.348862519979445,0.0017064846416382253,1.0,11.136267900466919
BlogCatalog,3,1478,12059,0.65,0.5,9,0.2517432874580493,0.0,1.0,11.573582649230957
BlogCatalog,3,1478,12059,0.65,0.5,10,0.38715947053073485,0.0017211703958691911,1.0,11.351245641708374
BlogCatalog,3,1478,12059,0.65,0.5,11,0.4806411243092995,0.0016181229773462784,1.0,11.379951238632202
BlogCatalog,3,1478,12059,0.65,0.5,12,0.2517432874580493,0.0,1.0,11.282047986984253
BlogCatalog,3,1478,12059,0.65,0.5,13,0.3458898031004695,0.00202020202020202,1.0,11.282548904418945
BlogCatalog,3,1478,12059,0.65,0.5,14,0.35455412844271467,0.0017271157167530224,1.0,11.41448450088501
BlogCatalog,3,1478,12059,0.65,0.5,15,0.3533778259026493,0.0018181818181818182,1.0,11.363141298294067
BlogCatalog,3,1478,12059,0.65,0.5,16,0.35000972311311396,0.00186219739292365,1.0,11.091280460357666
BlogCatalog,3,1478,12059,0.65,0.5,17,0.3531014815597274,0.001718213058419244,1.0,11.350093364715576
BlogCatalog,3,1478,12059,0.65,0.5,18,0.2517432874580493,0.0,1.0,11.608252048492432
BlogCatalog,3,1478,12059,0.65,0.5,19,0.3867757120340673,0.0020325203252032522,1.0,11.187395334243774
BlogCatalog,3,1478,12059,0.65,0.5,20,0.35627854816663695,0.0015748031496062992,1.0,11.309389352798462
BlogCatalog,3,1478,12059,0.65,0.5,21,0.2517432874580493,0.0,1.0,11.493502140045166
BlogCatalog,3,1478,12059,0.65,0.5,22,0.2517432874580493,0.0,1.0,11.533673286437988
BlogCatalog,3,1478,12059,0.65,0.5,23,0.3582592005684217,0.002008032128514056,1.0,11.098365306854248
BlogCatalog,3,1478,12059,0.65,0.5,24,0.3445727935033836,0.0014104372355430183,1.0,11.29623556137085
BlogCatalog,3,1478,12059,0.65,0.5,25,0.35463824750319684,0.0016666666666666668,1.0,11.279786348342896
BlogCatalog,3,1478,12059,0.65,0.5,26,0.34424112324694384,0.001524390243902439,1.0,11.367128133773804
BlogCatalog,3,1478,12059,0.65,0.5,27,0.3696344946995556,0.002061855670103093,1.0,11.140669584274292
BlogCatalog,3,1478,12059,0.65,0.5,28,0.3418548695503683,0.0017152658662092624,1.0,11.29049801826477
BlogCatalog,3,1478,12059,0.65,0.5,29,0.2517432874580493,0.0,1.0,11.489373207092285
BlogCatalog,3,1478,12059,0.65,0.5,30,0.33591421108445035,0.0016474464579901153,1.0,11.379008293151855
BlogCatalog,3,1478,12059,0.65,0.5,31,0.2517432874580493,0.0,1.0,11.278319597244263
BlogCatalog,3,1478,12059,0.65,0.5,32,0.2517432874580493,0.0,1.0,11.46363091468811
BlogCatalog,3,1478,12059,0.65,0.5,33,0.2517432874580493,0.0,1.0,11.493270874023438
BlogCatalog,3,1478,12059,0.65,0.5,34,0.2517432874580493,0.0,1.0,11.538655519485474
BlogCatalog,3,1478,12059,0.65,0.5,35,0.2517432874580493,0.0,1.0,11.336678504943848
BlogCatalog,3,1478,12059,0.65,0.5,36,0.2517432874580493,0.0,1.0,11.465481281280518
BlogCatalog,3,1478,12059,0.65,0.5,37,0.365253801740709,0.0017211703958691911,1.0,11.359282493591309
BlogCatalog,3,1478,12059,0.65,0.5,38,0.2517432874580493,0.0,1.0,11.584491968154907
BlogCatalog,3,1478,12059,0.65,0.5,39,0.34442659078235915,0.001692047377326565,1.0,11.119031429290771
BlogCatalog,3,1478,12059,0.65,0.5,40,0.33485075574836026,0.001589825119236884,1.0,11.334571599960327
BlogCatalog,3,1478,12059,0.65,0.5,41,0.34813206616306386,0.0017513134851138354,1.0,11.409496784210205
BlogCatalog,3,1478,12059,0.65,0.5,42,0.2517432874580493,0.0,1.0,11.5452139377594
BlogCatalog,3,1478,12059,0.65,0.5,43,0.2517432874580493,0.0,1.0,11.311653137207031
BlogCatalog,3,1478,12059,0.65,0.5,44,0.359970297434301,0.001851851851851852,1.0,11.318654775619507
BlogCatalog,3,1478,12059,0.65,0.5,45,0.35863469569527967,0.0019801980198019802,1.0,11.383351564407349
BlogCatalog,3,1478,12059,0.65,0.5,46,0.35647563912540536,0.002008032128514056,1.0,11.37756896018982
BlogCatalog,3,1478,12059,0.65,0.5,47,0.2517432874580493,0.0,1.0,11.307464838027954
BlogCatalog,3,1478,12059,0.65,0.5,48,0.3298547068707536,0.0015408320493066256,1.0,11.325976133346558
BlogCatalog,3,1478,12059,0.65,0.5,49,0.38999136351741454,0.001594896331738437,1.0,11.407524824142456
BlogCatalog,3,1478,12059,0.65,0.5,50,0.2517432874580493,0.0,1.0,11.31562328338623
BlogCatalog,3,1478,12986,0.7,0.5,1,0.36854049640729797,0.0017793594306049821,1.0,11.59223484992981
BlogCatalog,3,1478,12986,0.7,0.5,2,0.3484355192836848,0.0017271157167530224,1.0,11.617540836334229
BlogCatalog,3,1478,12986,0.7,0.5,3,0.36777638534379054,0.0019267822736030828,1.0,11.662696123123169
BlogCatalog,3,1478,12986,0.7,0.5,4,0.2517432874580493,0.0,1.0,11.55316424369812
BlogCatalog,3,1478,12986,0.7,0.5,5,0.2517432874580493,0.0,1.0,11.74922776222229
BlogCatalog,3,1478,12986,0.7,0.5,6,0.2517432874580493,0.0,1.0,11.82703161239624
BlogCatalog,3,1478,12986,0.7,0.5,7,0.4089613879341314,0.001893939393939394,1.0,11.711305141448975
BlogCatalog,3,1478,12986,0.7,0.5,8,0.3530090355482452,0.0020964360587002098,1.0,11.383962869644165
BlogCatalog,3,1478,12986,0.7,0.5,9,0.2517432874580493,0.0,1.0,11.801627397537231
BlogCatalog,3,1478,12986,0.7,0.5,10,0.2517432874580493,0.0,1.0,11.882516860961914
BlogCatalog,3,1478,12986,0.7,0.5,11,0.2517432874580493,0.0,1.0,11.636733055114746
BlogCatalog,3,1478,12986,0.7,0.5,12,0.2517432874580493,0.0,1.0,11.737707376480103
BlogCatalog,3,1478,12986,0.7,0.5,13,0.3615800099461597,0.0016339869281045752,1.0,11.614200353622437
BlogCatalog,3,1478,12986,0.7,0.5,14,0.3625722240637832,0.0017985611510791368,1.0,11.696146965026855
BlogCatalog,3,1478,12986,0.7,0.5,15,0.2517432874580493,0.0,1.0,11.571196794509888
BlogCatalog,3,1478,12986,0.7,0.5,16,0.3644357270634114,0.0014970059880239522,1.0,11.60213041305542
BlogCatalog,3,1478,12986,0.7,0.5,17,0.5248865565075871,0.001937984496124031,1.0,11.610229730606079
BlogCatalog,3,1478,12986,0.7,0.5,18,0.2517432874580493,0.0,1.0,11.837989807128906
BlogCatalog,3,1478,12986,0.7,0.5,19,0.2517432874580493,0.0,1.0,11.577957153320312
BlogCatalog,3,1478,12986,0.7,0.5,20,0.3404502130361403,0.00199203187250996,1.0,11.573704242706299
BlogCatalog,3,1478,12986,0.7,0.5,21,0.2517432874580493,0.0,1.0,11.818681478500366
BlogCatalog,3,1478,12986,0.7,0.5,22,0.3570264301654139,0.001652892561983471,1.0,11.6769700050354
BlogCatalog,3,1478,12986,0.7,0.5,23,0.34026056743432953,0.0018050541516245488,1.0,11.397496938705444
BlogCatalog,3,1478,12986,0.7,0.5,24,0.3288494554568132,0.0015873015873015873,1.0,11.59616994857788
BlogCatalog,3,1478,12986,0.7,0.5,25,0.3745854073445039,0.0015923566878980893,1.0,11.75656247138977
BlogCatalog,3,1478,12986,0.7,0.5,26,0.3560091661284866,0.001949317738791423,1.0,11.385376453399658
BlogCatalog,3,1478,12986,0.7,0.5,27,0.3756541350508036,0.0018726591760299626,1.0,11.606212854385376
BlogCatalog,3,1478,12986,0.7,0.5,28,0.36966668123107566,0.0015600624024961,1.0,11.602765560150146
BlogCatalog,3,1478,12986,0.7,0.5,29,0.2517432874580493,0.0,1.0,11.85704255104065
BlogCatalog,3,1478,12986,0.7,0.5,30,0.2517432874580493,0.0,1.0,11.525542497634888
BlogCatalog,3,1478,12986,0.7,0.5,31,0.2517432874580493,0.0,1.0,11.728645324707031
BlogCatalog,3,1478,12986,0.7,0.5,32,0.3525366533969404,0.001984126984126984,1.0,11.58556056022644
BlogCatalog,3,1478,12986,0.7,0.5,33,0.2517432874580493,0.0,1.0,11.764033555984497
BlogCatalog,3,1478,12986,0.7,0.5,34,0.2517432874580493,0.0,1.0,11.830045223236084
BlogCatalog,3,1478,12986,0.7,0.5,35,0.2517432874580493,0.0,1.0,11.570804119110107
BlogCatalog,3,1478,12986,0.7,0.5,36,0.2517432874580493,0.0,1.0,11.792309522628784
BlogCatalog,3,1478,12986,0.7,0.5,37,0.3381320345127242,0.0019157088122605363,1.0,11.70968770980835
BlogCatalog,3,1478,12986,0.7,0.5,38,0.2517432874580493,0.0,1.0,11.546533346176147
BlogCatalog,3,1478,12986,0.7,0.5,39,0.2517432874580493,0.0,1.0,11.774060726165771
BlogCatalog,3,1478,12986,0.7,0.5,40,0.3447665823154596,0.001488095238095238,1.0,11.604599714279175
BlogCatalog,3,1478,12986,0.7,0.5,41,0.2517432874580493,0.0,1.0,11.817128658294678
BlogCatalog,3,1478,12986,0.7,0.5,42,0.37337935631859415,0.0016891891891891893,1.0,11.391495704650879
BlogCatalog,3,1478,12986,0.7,0.5,43,0.2517432874580493,0.0,1.0,11.771180629730225
BlogCatalog,3,1478,12986,0.7,0.5,44,0.37284273211652763,0.001718213058419244,1.0,11.59126901626587
BlogCatalog,3,1478,12986,0.7,0.5,45,0.3310172320113269,0.0017985611510791368,1.0,11.643614530563354
BlogCatalog,3,1478,12986,0.7,0.5,46,0.3517846790960678,0.001876172607879925,1.0,11.366835117340088
BlogCatalog,3,1478,12986,0.7,0.5,47,0.35560892378722025,0.001949317738791423,1.0,11.618575096130371
BlogCatalog,3,1478,12986,0.7,0.5,48,0.2517432874580493,0.0,1.0,11.859359741210938
BlogCatalog,3,1478,12986,0.7,0.5,49,0.3472781462776827,0.0020491803278688526,1.0,11.627080917358398
BlogCatalog,3,1478,12986,0.7,0.5,50,0.3931821276954686,0.0015174506828528073,1.0,11.423635959625244
BlogCatalog,3,1478,13914,0.75,0.5,1,0.2517432874580493,0.0,1.0,12.056842803955078
BlogCatalog,3,1478,13914,0.75,0.5,2,0.39415920666269627,0.0018083182640144665,1.0,11.894689083099365
BlogCatalog,3,1478,13914,0.75,0.5,3,0.2517432874580493,0.0,1.0,12.093845129013062
BlogCatalog,3,1478,13914,0.75,0.5,4,0.35855427451344873,0.002369668246445498,1.0,11.663931608200073
BlogCatalog,3,1478,13914,0.75,0.5,5,0.32862403164645654,0.0016129032258064516,1.0,11.901403427124023
BlogCatalog,3,1478,13914,0.75,0.5,6,0.3501227196152457,0.0014641288433382138,1.0,11.912993669509888
BlogCatalog,3,1478,13914,0.75,0.5,7,0.2517432874580493,0.0,1.0,12.090350151062012
BlogCatalog,3,1478,13914,0.75,0.5,8,0.33686700999277913,0.001890359168241966,1.0,11.687631845474243
BlogCatalog,3,1478,13914,0.75,0.5,9,0.35318471438439825,0.0019120458891013384,1.0,11.863027334213257
BlogCatalog,3,1478,13914,0.75,0.5,10,0.2517432874580493,0.0,1.0,12.090196132659912
BlogCatalog,3,1478,13914,0.75,0.5,11,0.3800504457984295,0.0016155088852988692,1.0,11.876776695251465
BlogCatalog,3,1478,13914,0.75,0.5,12,0.37642944607076595,0.001694915254237288,1.0,11.643892288208008
BlogCatalog,3,1478,13914,0.75,0.5,13,0.34715391108814,0.0019193857965451055,1.0,11.84298038482666
BlogCatalog,3,1478,13914,0.75,0.5,14,0.34427022903401505,0.0018726591760299626,1.0,11.884422779083252
BlogCatalog,3,1478,13914,0.75,0.5,15,0.2517432874580493,0.0,1.0,12.112730503082275
BlogCatalog,3,1478,13914,0.75,0.5,16,0.36081179686186,0.0017730496453900709,1.0,11.65654706954956
BlogCatalog,3,1478,13914,0.75,0.5,17,0.2517432874580493,0.0,1.0,12.061430215835571
BlogCatalog,3,1478,13914,0.75,0.5,18,0.2517432874580493,0.0,1.0,12.060148239135742
BlogCatalog,3,1478,13914,0.75,0.5,19,0.2517432874580493,0.0,1.0,12.049783706665039
BlogCatalog,3,1478,13914,0.75,0.5,20,0.2517432874580493,0.0,1.0,12.12392783164978
BlogCatalog,3,1478,13914,0.75,0.5,21,0.2517432874580493,0.0,1.0,11.822104454040527
BlogCatalog,3,1478,13914,0.75,0.5,22,0.2517432874580493,0.0,1.0,12.061902523040771
BlogCatalog,3,1478,13914,0.75,0.5,23,0.3547501154047099,0.001669449081803005,1.0,11.90890645980835
BlogCatalog,3,1478,13914,0.75,0.5,24,0.34756050190433174,0.0014577259475218659,1.0,11.927925109863281
BlogCatalog,3,1478,13914,0.75,0.5,25,0.35596055430804663,0.002012072434607646,1.0,11.645816564559937
BlogCatalog,3,1478,13914,0.75,0.5,26,0.2517432874580493,0.0,1.0,12.067858695983887
BlogCatalog,3,1478,13914,0.75,0.5,27,0.33987453184399813,0.0017421602787456446,1.0,11.976349830627441
BlogCatalog,3,1478,13914,0.75,0.5,28,0.2517432874580493,0.0,1.0,11.828058242797852
BlogCatalog,3,1478,13914,0.75,0.5,29,0.42914037863033927,0.001447178002894356,1.0,11.863752365112305
BlogCatalog,3,1478,13914,0.75,0.5,30,0.3563037750543366,0.001893939393939394,1.0,11.893309593200684
BlogCatalog,3,1478,13914,0.75,0.5,31,0.2517432874580493,0.0,1.0,12.106436252593994
BlogCatalog,3,1478,13914,0.75,0.5,32,0.3406589031759154,0.0018484288354898336,1.0,11.66679048538208
BlogCatalog,3,1478,13914,0.75,0.5,33,0.2517432874580493,0.0,1.0,12.063040256500244
BlogCatalog,3,1478,13914,0.75,0.5,34,0.3514186806088929,0.0017301038062283738,1.0,11.88444185256958
BlogCatalog,3,1478,13914,0.75,0.5,35,0.3456148010277551,0.0014641288433382138,1.0,11.973091840744019
BlogCatalog,3,1478,13914,0.75,0.5,36,0.3774968787767418,0.002352941176470588,1.0,11.688230752944946
BlogCatalog,3,1478,13914,0.75,0.5,37,0.2517432874580493,0.0,1.0,12.05916452407837
BlogCatalog,3,1478,13914,0.75,0.5,38,0.2517432874580493,0.0,1.0,12.171430587768555
BlogCatalog,3,1478,13914,0.75,0.5,39,0.3432305270081315,0.0019157088122605363,1.0,11.92496943473816
BlogCatalog,3,1478,13914,0.75,0.5,40,0.3793774284314738,0.0019646365422396855,1.0,11.643858909606934
BlogCatalog,3,1478,13914,0.75,0.5,41,0.2517432874580493,0.0,1.0,12.048763751983643
BlogCatalog,3,1478,13914,0.75,0.5,42,0.2517432874580493,0.0,1.0,12.147536277770996
BlogCatalog,3,1478,13914,0.75,0.5,43,0.34209757502294835,0.0018587360594795538,1.0,11.687251567840576
BlogCatalog,3,1478,13914,0.75,0.5,44,0.2517432874580493,0.0,1.0,12.038947582244873
BlogCatalog,3,1478,13914,0.75,0.5,45,0.3403996811200728,0.002127659574468085,1.0,11.877002716064453
BlogCatalog,3,1478,13914,0.75,0.5,46,0.3357434216678407,0.0016891891891891893,1.0,11.928563117980957
BlogCatalog,3,1478,13914,0.75,0.5,47,0.2517432874580493,0.0,1.0,11.867222309112549
BlogCatalog,3,1478,13914,0.75,0.5,48,0.3529355883509247,0.002028397565922921,1.0,11.90169882774353
BlogCatalog,3,1478,13914,0.75,0.5,49,0.351568230748249,0.00205761316872428,1.0,11.922853708267212
BlogCatalog,3,1478,13914,0.75,0.5,50,0.38157017940850513,0.0019569471624266144,1.0,11.89679217338562
BlogCatalog,3,1478,14842,0.8,0.5,1,0.3483734270983483,0.002150537634408602,1.0,11.945401906967163
BlogCatalog,3,1478,14842,0.8,0.5,2,0.2517432874580493,0.0,1.0,12.308300018310547
BlogCatalog,3,1478,14842,0.8,0.5,3,0.3537312637872745,0.0020964360587002098,1.0,12.192656993865967
BlogCatalog,3,1478,14842,0.8,0.5,4,0.2517432874580493,0.0,1.0,12.40713381767273
BlogCatalog,3,1478,14842,0.8,0.5,5,0.2517432874580493,0.0,1.0,12.166602611541748
BlogCatalog,3,1478,14842,0.8,0.5,6,0.35412903621454755,0.0017211703958691911,1.0,12.129760265350342
BlogCatalog,3,1478,14842,0.8,0.5,7,0.2517432874580493,0.0,1.0,12.357824563980103
BlogCatalog,3,1478,14842,0.8,0.5,8,0.2517432874580493,0.0,1.0,12.382037162780762
BlogCatalog,3,1478,14842,0.8,0.5,9,0.2517432874580493,0.0,1.0,12.13110876083374
BlogCatalog,3,1478,14842,0.8,0.5,10,0.2517432874580493,0.0,1.0,12.331308126449585
BlogCatalog,3,1478,14842,0.8,0.5,11,0.3460076860626161,0.0016638935108153079,1.0,12.160546779632568
BlogCatalog,3,1478,14842,0.8,0.5,12,0.2517432874580493,0.0,1.0,12.38181471824646
BlogCatalog,3,1478,14842,0.8,0.5,13,0.3370230028137468,0.0019267822736030828,1.0,11.943315744400024
BlogCatalog,3,1478,14842,0.8,0.5,14,0.2517432874580493,0.0,1.0,12.301451921463013
BlogCatalog,3,1478,14842,0.8,0.5,15,0.2517432874580493,0.0,1.0,12.328424215316772
BlogCatalog,3,1478,14842,0.8,0.5,16,0.2517432874580493,0.0,1.0,12.36296033859253
BlogCatalog,3,1478,14842,0.8,0.5,17,0.2517432874580493,0.0,1.0,12.155822038650513
BlogCatalog,3,1478,14842,0.8,0.5,18,0.34603151545977207,0.0016556291390728477,1.0,12.118045568466187
BlogCatalog,3,1478,14842,0.8,0.5,19,0.4327488688437242,0.001851851851851852,1.0,12.181211471557617
BlogCatalog,3,1478,14842,0.8,0.5,20,0.34462093225226753,0.0018832391713747645,1.0,12.238175630569458
BlogCatalog,3,1478,14842,0.8,0.5,21,0.38269887272259534,0.0017064846416382253,1.0,11.930158138275146
BlogCatalog,3,1478,14842,0.8,0.5,22,0.3588560000289394,0.0019047619047619048,1.0,12.2453932762146
BlogCatalog,3,1478,14842,0.8,0.5,23,0.2517432874580493,0.0,1.0,12.406471967697144
BlogCatalog,3,1478,14842,0.8,0.5,24,0.3490634167514018,0.0018450184501845018,1.0,11.968181848526001
BlogCatalog,3,1478,14842,0.8,0.5,25,0.36295037643821054,0.0018975332068311196,1.0,12.19730806350708
BlogCatalog,3,1478,14842,0.8,0.5,26,0.2517432874580493,0.0,1.0,12.36017632484436
BlogCatalog,3,1478,14842,0.8,0.5,27,0.2517432874580493,0.0,1.0,12.390423774719238
BlogCatalog,3,1478,14842,0.8,0.5,28,0.3602142787943468,0.001838235294117647,1.0,11.919325590133667
BlogCatalog,3,1478,14842,0.8,0.5,29,0.35198459892744105,0.002079002079002079,1.0,12.13847041130066
BlogCatalog,3,1478,14842,0.8,0.5,30,0.3435633097576619,0.001941747572815534,1.0,12.233052968978882
BlogCatalog,3,1478,14842,0.8,0.5,31,0.2517432874580493,0.0,1.0,12.364487648010254
BlogCatalog,3,1478,14842,0.8,0.5,32,0.3694732189907665,0.002070393374741201,1.0,11.946161270141602
BlogCatalog,3,1478,14842,0.8,0.5,33,0.3388753134452306,0.0017094017094017094,1.0,12.206767797470093
BlogCatalog,3,1478,14842,0.8,0.5,34,0.38700468072283734,0.0018281535648994515,1.0,12.214788913726807
BlogCatalog,3,1478,14842,0.8,0.5,35,0.2517432874580493,0.0,1.0,12.15058708190918
BlogCatalog,3,1478,14842,0.8,0.5,36,0.2517432874580493,0.0,1.0,12.32981824874878
BlogCatalog,3,1478,14842,0.8,0.5,37,0.2517432874580493,0.0,1.0,12.320475816726685
BlogCatalog,3,1478,14842,0.8,0.5,38,0.2517432874580493,0.0,1.0,12.380226373672485
BlogCatalog,3,1478,14842,0.8,0.5,39,0.3806723158495033,0.0016025641025641025,1.0,11.937425374984741
BlogCatalog,3,1478,14842,0.8,0.5,40,0.36103867789044886,0.0016666666666666668,1.0,12.14334487915039
BlogCatalog,3,1478,14842,0.8,0.5,41,0.3629702913685875,0.0017825311942959,1.0,12.221052169799805
BlogCatalog,3,1478,14842,0.8,0.5,42,0.2517432874580493,0.0,1.0,12.400161266326904
BlogCatalog,3,1478,14842,0.8,0.5,43,0.3682231720808445,0.0019157088122605363,1.0,11.972923994064331
BlogCatalog,3,1478,14842,0.8,0.5,44,0.2517432874580493,0.0,1.0,12.364812850952148
BlogCatalog,3,1478,14842,0.8,0.5,45,0.2517432874580493,0.0,1.0,12.416626691818237
BlogCatalog,3,1478,14842,0.8,0.5,46,0.2517432874580493,0.0,1.0,12.159237384796143
BlogCatalog,3,1478,14842,0.8,0.5,47,0.34342890910905444,0.001589825119236884,1.0,12.158884763717651
BlogCatalog,3,1478,14842,0.8,0.5,48,0.2517432874580493,0.0,1.0,12.343536376953125
BlogCatalog,3,1478,14842,0.8,0.5,49,0.2517432874580493,0.0,1.0,12.395183801651001
BlogCatalog,3,1478,14842,0.8,0.5,50,0.3793029114085644,0.0018656716417910447,1.0,11.948022365570068
BlogCatalog,3,1478,15769,0.85,0.5,1,0.2517432874580493,0.0,1.0,12.60689902305603
BlogCatalog,3,1478,15769,0.85,0.5,2,0.37909895313859454,0.00196078431372549,1.0,12.439963817596436
BlogCatalog,3,1478,15769,0.85,0.5,3,0.3709287589330451,0.0016835016835016834,1.0,12.488634586334229
BlogCatalog,3,1478,15769,0.85,0.5,4,0.2517432874580493,0.0,1.0,12.410864353179932
BlogCatalog,3,1478,15769,0.85,0.5,5,0.2517432874580493,0.0,1.0,12.61013150215149
BlogCatalog,3,1478,15769,0.85,0.5,6,0.2517432874580493,0.0,1.0,12.623772859573364
BlogCatalog,3,1478,15769,0.85,0.5,7,0.3973146880357795,0.001524390243902439,1.0,12.498972415924072
BlogCatalog,3,1478,15769,0.85,0.5,8,0.34677063382056345,0.0021321961620469083,1.0,12.235974073410034
BlogCatalog,3,1478,15769,0.85,0.5,9,0.2517432874580493,0.0,1.0,12.58975601196289
BlogCatalog,3,1478,15769,0.85,0.5,10,0.2517432874580493,0.0,1.0,12.738054752349854
BlogCatalog,3,1478,15769,0.85,0.5,11,0.2517432874580493,0.0,1.0,12.406970977783203
BlogCatalog,3,1478,15769,0.85,0.5,12,0.3515144059779061,0.002044989775051125,1.0,12.438217639923096
BlogCatalog,3,1478,15769,0.85,0.5,13,0.395730228381521,0.0018587360594795538,1.0,12.503791093826294
BlogCatalog,3,1478,15769,0.85,0.5,14,0.3457838642026471,0.001841620626151013,1.0,12.46709132194519
BlogCatalog,3,1478,15769,0.85,0.5,15,0.3524953127143294,0.0017513134851138354,1.0,12.214469909667969
BlogCatalog,3,1478,15769,0.85,0.5,16,0.3414983532044553,0.002197802197802198,1.0,12.458687543869019
BlogCatalog,3,1478,15769,0.85,0.5,17,0.36891808526756337,0.002079002079002079,1.0,12.479177474975586
BlogCatalog,3,1478,15769,0.85,0.5,18,0.38500666060552,0.0017793594306049821,1.0,12.479223251342773
BlogCatalog,3,1478,15769,0.85,0.5,19,0.3419544243082898,0.001594896331738437,1.0,12.201493501663208
BlogCatalog,3,1478,15769,0.85,0.5,20,0.35775397159635997,0.0019455252918287938,1.0,12.44878363609314
BlogCatalog,3,1478,15769,0.85,0.5,21,0.3867284592064238,0.001669449081803005,1.0,12.574015855789185
BlogCatalog,3,1478,15769,0.85,0.5,22,0.2517432874580493,0.0,1.0,12.42176079750061
BlogCatalog,3,1478,15769,0.85,0.5,23,0.2517432874580493,0.0,1.0,12.566375970840454
BlogCatalog,3,1478,15769,0.85,0.5,24,0.3578053224795713,0.0019880715705765406,1.0,12.447118282318115
BlogCatalog,3,1478,15769,0.85,0.5,25,0.33379769346224436,0.0014925373134328358,1.0,12.485496520996094
BlogCatalog,3,1478,15769,0.85,0.5,26,0.2517432874580493,0.0,1.0,12.443987369537354
BlogCatalog,3,1478,15769,0.85,0.5,27,0.2517432874580493,0.0,1.0,12.582379817962646
BlogCatalog,3,1478,15769,0.85,0.5,28,0.3570202423171083,0.002036659877800407,1.0,12.458130359649658
BlogCatalog,3,1478,15769,0.85,0.5,29,0.2517432874580493,0.0,1.0,12.762413740158081
BlogCatalog,3,1478,15769,0.85,0.5,30,0.2517432874580493,0.0,1.0,12.415760278701782
BlogCatalog,3,1478,15769,0.85,0.5,31,0.2517432874580493,0.0,1.0,12.577404499053955
BlogCatalog,3,1478,15769,0.85,0.5,32,0.2517432874580493,0.0,1.0,12.636876106262207
BlogCatalog,3,1478,15769,0.85,0.5,33,0.2517432874580493,0.0,1.0,12.682094812393188
BlogCatalog,3,1478,15769,0.85,0.5,34,0.2517432874580493,0.0,1.0,12.447136878967285
BlogCatalog,3,1478,15769,0.85,0.5,35,0.2517432874580493,0.0,1.0,12.584999799728394
BlogCatalog,3,1478,15769,0.85,0.5,36,0.2517432874580493,0.0,1.0,12.652379512786865
BlogCatalog,3,1478,15769,0.85,0.5,37,0.3469749926625717,0.0017667844522968198,1.0,12.447919368743896
BlogCatalog,3,1478,15769,0.85,0.5,38,0.2517432874580493,0.0,1.0,12.439711093902588
BlogCatalog,3,1478,15769,0.85,0.5,39,0.2517432874580493,0.0,1.0,12.583810091018677
BlogCatalog,3,1478,15769,0.85,0.5,40,0.3391863202354278,0.0016891891891891893,1.0,12.438788414001465
BlogCatalog,3,1478,15769,0.85,0.5,41,0.3582539086339277,0.0022172949002217295,1.0,12.471296072006226
BlogCatalog,3,1478,15769,0.85,0.5,42,0.2517432874580493,0.0,1.0,12.410287380218506
BlogCatalog,3,1478,15769,0.85,0.5,43,0.2517432874580493,0.0,1.0,12.596490383148193
BlogCatalog,3,1478,15769,0.85,0.5,44,0.3498357305762442,0.002127659574468085,1.0,12.46553659439087
BlogCatalog,3,1478,15769,0.85,0.5,45,0.33936045997111725,0.0019569471624266144,1.0,12.584885358810425
BlogCatalog,3,1478,15769,0.85,0.5,46,0.3339976797807704,0.0017482517482517483,1.0,12.234435081481934
BlogCatalog,3,1478,15769,0.85,0.5,47,0.2517432874580493,0.0,1.0,12.593668699264526
BlogCatalog,3,1478,15769,0.85,0.5,48,0.5066951456301504,0.0012300123001230013,1.0,12.433066129684448
BlogCatalog,3,1478,15769,0.85,0.5,49,0.3388306775897135,0.0019342359767891683,1.0,12.475015640258789
BlogCatalog,3,1478,15769,0.85,0.5,50,0.2517432874580493,0.0,1.0,12.428900241851807
BlogCatalog,3,1478,16697,0.9,0.5,1,0.2517432874580493,0.0,1.0,12.879626274108887
BlogCatalog,3,1478,16697,0.9,0.5,2,0.2517432874580493,0.0,1.0,12.917739152908325
BlogCatalog,3,1478,16697,0.9,0.5,3,0.2517432874580493,0.0,1.0,12.97154188156128
BlogCatalog,3,1478,16697,0.9,0.5,4,0.41866875193358766,0.0019011406844106464,1.0,12.514918804168701
BlogCatalog,3,1478,16697,0.9,0.5,5,0.3451989297109988,0.001953125,1.0,12.71712064743042
BlogCatalog,3,1478,16697,0.9,0.5,6,0.3627302138088471,0.00199203187250996,1.0,12.701587677001953
BlogCatalog,3,1478,16697,0.9,0.5,7,0.35660650219365764,0.0016891891891891893,1.0,12.752534866333008
BlogCatalog,3,1478,16697,0.9,0.5,8,0.2517432874580493,0.0,1.0,12.648298978805542
BlogCatalog,3,1478,16697,0.9,0.5,9,0.2517432874580493,0.0,1.0,12.87490701675415
BlogCatalog,3,1478,16697,0.9,0.5,10,0.2517432874580493,0.0,1.0,12.997445344924927
BlogCatalog,3,1478,16697,0.9,0.5,11,0.2517432874580493,0.0,1.0,12.962953329086304
BlogCatalog,3,1478,16697,0.9,0.5,12,0.36261454012332617,0.0017211703958691911,1.0,12.530128717422485
BlogCatalog,3,1478,16697,0.9,0.5,13,0.3702653960340218,0.001937984496124031,1.0,12.72172212600708
BlogCatalog,3,1478,16697,0.9,0.5,14,0.3367270478053906,0.0019047619047619048,1.0,12.874849081039429
BlogCatalog,3,1478,16697,0.9,0.5,15,0.2517432874580493,0.0,1.0,12.681926488876343
BlogCatalog,3,1478,16697,0.9,0.5,16,0.46021379726160766,0.002036659877800407,1.0,12.687056303024292
BlogCatalog,3,1478,16697,0.9,0.5,17,0.2517432874580493,0.0,1.0,12.929771184921265
BlogCatalog,3,1478,16697,0.9,0.5,18,0.2517432874580493,0.0,1.0,13.013429403305054
BlogCatalog,3,1478,16697,0.9,0.5,19,0.2517432874580493,0.0,1.0,12.702990055084229
BlogCatalog,3,1478,16697,0.9,0.5,20,0.2517432874580493,0.0,1.0,12.842015027999878
BlogCatalog,3,1478,16697,0.9,0.5,21,0.43181344249957754,0.0018148820326678765,1.0,12.70996379852295
BlogCatalog,3,1478,16697,0.9,0.5,22,0.2517432874580493,0.0,1.0,12.949473142623901
BlogCatalog,3,1478,16697,0.9,0.5,23,0.35182344882209166,0.00186219739292365,1.0,12.500136852264404
BlogCatalog,3,1478,16697,0.9,0.5,24,0.3428203513499773,0.0017331022530329288,1.0,12.678750276565552
BlogCatalog,3,1478,16697,0.9,0.5,25,0.2517432874580493,0.0,1.0,12.94143533706665
BlogCatalog,3,1478,16697,0.9,0.5,26,0.2517432874580493,0.0,1.0,12.955674886703491
BlogCatalog,3,1478,16697,0.9,0.5,27,0.3478674343722367,0.001976284584980237,1.0,12.51234745979309
BlogCatalog,3,1478,16697,0.9,0.5,28,0.2517432874580493,0.0,1.0,12.921571254730225
BlogCatalog,3,1478,16697,0.9,0.5,29,0.3627072359783027,0.0017421602787456446,1.0,12.81000566482544
BlogCatalog,3,1478,16697,0.9,0.5,30,0.3408548232378006,0.0021645021645021645,1.0,12.53771185874939
BlogCatalog,3,1478,16697,0.9,0.5,31,0.33811412829336585,0.0015060240963855422,1.0,12.71760106086731
BlogCatalog,3,1478,16697,0.9,0.5,32,0.34802262977715875,0.0018181818181818182,1.0,12.715675592422485
BlogCatalog,3,1478,16697,0.9,0.5,33,0.352116232892806,0.001718213058419244,1.0,12.777167081832886
BlogCatalog,3,1478,16697,0.9,0.5,34,0.3375633443647372,0.0017667844522968198,1.0,12.57191014289856
BlogCatalog,3,1478,16697,0.9,0.5,35,0.2517432874580493,0.0,1.0,12.908117771148682
BlogCatalog,3,1478,16697,0.9,0.5,36,0.3645703400933184,0.0016233766233766235,1.0,12.74320125579834
BlogCatalog,3,1478,16697,0.9,0.5,37,0.2517432874580493,0.0,1.0,12.964168310165405
BlogCatalog,3,1478,16697,0.9,0.5,38,0.35023814404410425,0.0014970059880239522,1.0,12.493785619735718
BlogCatalog,3,1478,16697,0.9,0.5,39,0.2517432874580493,0.0,1.0,12.856607913970947
BlogCatalog,3,1478,16697,0.9,0.5,40,0.2517432874580493,0.0,1.0,12.920459270477295
BlogCatalog,3,1478,16697,0.9,0.5,41,0.2517432874580493,0.0,1.0,12.928680896759033
BlogCatalog,3,1478,16697,0.9,0.5,42,0.3477546752291278,0.0016260162601626016,1.0,12.510080337524414
BlogCatalog,3,1478,16697,0.9,0.5,43,0.34901528741373516,0.0018656716417910447,1.0,12.77216649055481
BlogCatalog,3,1478,16697,0.9,0.5,44,0.2517432874580493,0.0,1.0,13.026020526885986
BlogCatalog,3,1478,16697,0.9,0.5,45,0.3640006861581281,0.0018115942028985507,1.0,12.513560771942139
BlogCatalog,3,1478,16697,0.9,0.5,46,0.3512349134097952,0.0018552875695732839,1.0,12.658871173858643
BlogCatalog,3,1478,16697,0.9,0.5,47,0.2517432874580493,0.0,1.0,12.915329933166504
BlogCatalog,3,1478,16697,0.9,0.5,48,0.2517432874580493,0.0,1.0,12.95128583908081
BlogCatalog,3,1478,16697,0.9,0.5,49,0.35122943508105287,0.0016420361247947454,1.0,12.494837522506714
BlogCatalog,3,1478,16697,0.9,0.5,50,0.3779016174887995,0.0016806722689075631,1.0,12.688986539840698
BlogCatalog,3,1478,17624,0.95,0.5,1,0.339791507047316,0.0018484288354898336,1.0,13.023297786712646
BlogCatalog,3,1478,17624,0.95,0.5,2,0.3737022390193328,0.0016891891891891893,1.0,13.121357202529907
BlogCatalog,3,1478,17624,0.95,0.5,3,0.2517432874580493,0.0,1.0,12.941051006317139
BlogCatalog,3,1478,17624,0.95,0.5,4,0.2517432874580493,0.0,1.0,13.180310249328613
BlogCatalog,3,1478,17624,0.95,0.5,5,0.2517432874580493,0.0,1.0,13.249385118484497
BlogCatalog,3,1478,17624,0.95,0.5,6,0.35774168242723353,0.002,1.0,13.067932844161987
BlogCatalog,3,1478,17624,0.95,0.5,7,0.33870224274951527,0.0015290519877675841,1.0,12.83944296836853
BlogCatalog,3,1478,17624,0.95,0.5,8,0.2517432874580493,0.0,1.0,13.169062614440918
BlogCatalog,3,1478,17624,0.95,0.5,9,0.2517432874580493,0.0,1.0,13.251111030578613
BlogCatalog,3,1478,17624,0.95,0.5,10,0.2517432874580493,0.0,1.0,13.219105958938599
BlogCatalog,3,1478,17624,0.95,0.5,11,0.2517432874580493,0.0,1.0,12.98300838470459
BlogCatalog,3,1478,17624,0.95,0.5,12,0.2517432874580493,0.0,1.0,13.16742753982544
BlogCatalog,3,1478,17624,0.95,0.5,13,0.2517432874580493,0.0,1.0,13.294847249984741
BlogCatalog,3,1478,17624,0.95,0.5,14,0.2517432874580493,0.0,1.0,13.022809505462646
BlogCatalog,3,1478,17624,0.95,0.5,15,0.35466045434158877,0.0016891891891891893,1.0,13.017292976379395
BlogCatalog,3,1478,17624,0.95,0.5,16,0.34773205438426896,0.0017452006980802793,1.0,13.02729082107544
BlogCatalog,3,1478,17624,0.95,0.5,17,0.5117744672723236,0.0018083182640144665,1.0,13.057418823242188
BlogCatalog,3,1478,17624,0.95,0.5,18,0.2517432874580493,0.0,1.0,12.975306510925293
BlogCatalog,3,1478,17624,0.95,0.5,19,0.2517432874580493,0.0,1.0,13.14292311668396
BlogCatalog,3,1478,17624,0.95,0.5,20,0.2517432874580493,0.0,1.0,13.215324878692627
BlogCatalog,3,1478,17624,0.95,0.5,21,0.2517432874580493,0.0,1.0,13.253974437713623
BlogCatalog,3,1478,17624,0.95,0.5,22,0.2517432874580493,0.0,1.0,12.980480909347534
BlogCatalog,3,1478,17624,0.95,0.5,23,0.3631597110537601,0.001589825119236884,1.0,12.95834755897522
BlogCatalog,3,1478,17624,0.95,0.5,24,0.2517432874580493,0.0,1.0,13.233498096466064
BlogCatalog,3,1478,17624,0.95,0.5,25,0.36827118763766964,0.0016366612111292963,1.0,13.054389953613281
BlogCatalog,3,1478,17624,0.95,0.5,26,0.2517432874580493,0.0,1.0,12.9469895362854
BlogCatalog,3,1478,17624,0.95,0.5,27,0.3691779840136927,0.001890359168241966,1.0,12.986057758331299
BlogCatalog,3,1478,17624,0.95,0.5,28,0.2517432874580493,0.0,1.0,13.232160329818726
BlogCatalog,3,1478,17624,0.95,0.5,29,0.34982475677249647,0.0018484288354898336,1.0,13.04696798324585
BlogCatalog,3,1478,17624,0.95,0.5,30,0.2517432874580493,0.0,1.0,12.977396488189697
BlogCatalog,3,1478,17624,0.95,0.5,31,0.2517432874580493,0.0,1.0,13.150290727615356
BlogCatalog,3,1478,17624,0.95,0.5,32,0.3553432908267596,0.0019723865877712033,1.0,13.041615962982178
BlogCatalog,3,1478,17624,0.95,0.5,33,0.2517432874580493,0.0,1.0,13.234370708465576
BlogCatalog,3,1478,17624,0.95,0.5,34,0.2517432874580493,0.0,1.0,12.990811109542847
BlogCatalog,3,1478,17624,0.95,0.5,35,0.2517432874580493,0.0,1.0,13.142080068588257
BlogCatalog,3,1478,17624,0.95,0.5,36,0.2517432874580493,0.0,1.0,13.229456424713135
BlogCatalog,3,1478,17624,0.95,0.5,37,0.3430786108641962,0.002074688796680498,1.0,13.029348134994507
BlogCatalog,3,1478,17624,0.95,0.5,38,0.2517432874580493,0.0,1.0,12.977941274642944
BlogCatalog,3,1478,17624,0.95,0.5,39,0.2517432874580493,0.0,1.0,13.158965587615967
BlogCatalog,3,1478,17624,0.95,0.5,40,0.2517432874580493,0.0,1.0,13.273491859436035
BlogCatalog,3,1478,17624,0.95,0.5,41,0.2517432874580493,0.0,1.0,12.934891700744629
BlogCatalog,3,1478,17624,0.95,0.5,42,0.2517432874580493,0.0,1.0,13.234550714492798
BlogCatalog,3,1478,17624,0.95,0.5,43,0.36195190403440924,0.0022222222222222222,1.0,12.992817163467407
BlogCatalog,3,1478,17624,0.95,0.5,44,0.2517432874580493,0.0,1.0,13.243034362792969
BlogCatalog,3,1478,17624,0.95,0.5,45,0.2517432874580493,0.0,1.0,12.966051578521729
BlogCatalog,3,1478,17624,0.95,0.5,46,0.2517432874580493,0.0,1.0,13.229261636734009
BlogCatalog,3,1478,17624,0.95,0.5,47,0.2517432874580493,0.0,1.0,13.199252367019653
BlogCatalog,3,1478,17624,0.95,0.5,48,0.3404035291208796,0.0015698587127158557,1.0,13.039066314697266
BlogCatalog,3,1478,17624,0.95,0.5,49,0.3484441260774654,0.0018115942028985507,1.0,13.045680284500122
BlogCatalog,3,1478,17624,0.95,0.5,50,0.36389991449025194,0.002070393374741201,1.0,12.7868013381958
BlogCatalog,3,1478,18552,1,0.5,1,0.35333757526798876,0.0016366612111292963,1.0,13.258321762084961
BlogCatalog,3,1478,18552,1,0.5,2,0.2517432874580493,0.0,1.0,13.50090742111206
BlogCatalog,3,1478,18552,1,0.5,3,0.3342983538310849,0.0017543859649122807,1.0,13.351179599761963
BlogCatalog,3,1478,18552,1,0.5,4,0.34857375387230843,0.00199203187250996,1.0,13.068412065505981
BlogCatalog,3,1478,18552,1,0.5,5,0.3562886518166133,0.0021008403361344537,1.0,13.306025743484497
BlogCatalog,3,1478,18552,1,0.5,6,0.2517432874580493,0.0,1.0,13.573642015457153
BlogCatalog,3,1478,18552,1,0.5,7,0.34194773579593074,0.0017064846416382253,1.0,13.07267689704895
BlogCatalog,3,1478,18552,1,0.5,8,0.3506626904833675,0.002173913043478261,1.0,13.270637273788452
BlogCatalog,3,1478,18552,1,0.5,9,0.3442683043599679,0.0015772870662460567,1.0,13.30766248703003
BlogCatalog,3,1478,18552,1,0.5,10,0.3676675977023249,0.0018115942028985507,1.0,13.304480791091919
BlogCatalog,3,1478,18552,1,0.5,11,0.3449714193288779,0.002053388090349076,1.0,13.129529476165771
BlogCatalog,3,1478,18552,1,0.5,12,0.2517432874580493,0.0,1.0,13.449695587158203
BlogCatalog,3,1478,18552,1,0.5,13,0.3393452924124729,0.0017667844522968198,1.0,13.322033643722534
BlogCatalog,3,1478,18552,1,0.5,14,0.2517432874580493,0.0,1.0,13.51124906539917
BlogCatalog,3,1478,18552,1,0.5,15,0.33988845010814905,0.001941747572815534,1.0,13.060173511505127
BlogCatalog,3,1478,18552,1,0.5,16,0.2517432874580493,0.0,1.0,13.429327964782715
BlogCatalog,3,1478,18552,1,0.5,17,0.36470812316081164,0.0016129032258064516,1.0,13.280802011489868
BlogCatalog,3,1478,18552,1,0.5,18,0.35209987239254786,0.0018450184501845018,1.0,13.358237981796265
BlogCatalog,3,1478,18552,1,0.5,19,0.2517432874580493,0.0,1.0,13.224047183990479
BlogCatalog,3,1478,18552,1,0.5,20,0.35910338114193047,0.0017391304347826088,1.0,13.316122055053711
BlogCatalog,3,1478,18552,1,0.5,21,0.37970881026351344,0.002105263157894737,1.0,13.366916179656982
BlogCatalog,3,1478,18552,1,0.5,22,0.37667077862924425,0.0019193857965451055,1.0,13.083348989486694
BlogCatalog,3,1478,18552,1,0.5,23,0.34546351516901647,0.00186219739292365,1.0,13.236450433731079
BlogCatalog,3,1478,18552,1,0.5,24,0.3456509336214563,0.0017064846416382253,1.0,13.280159950256348
BlogCatalog,3,1478,18552,1,0.5,25,0.4206474563113983,0.0019047619047619048,1.0,13.445470333099365
BlogCatalog,3,1478,18552,1,0.5,26,0.3483101497597096,0.001841620626151013,1.0,13.076228141784668
BlogCatalog,3,1478,18552,1,0.5,27,0.35647896546968166,0.0020242914979757085,1.0,13.277653455734253
BlogCatalog,3,1478,18552,1,0.5,28,0.3339898898243903,0.0016556291390728477,1.0,13.328423976898193
BlogCatalog,3,1478,18552,1,0.5,29,0.2517432874580493,0.0,1.0,13.53696084022522
BlogCatalog,3,1478,18552,1,0.5,30,0.2517432874580493,0.0,1.0,13.22417688369751
BlogCatalog,3,1478,18552,1,0.5,31,0.35999946681542583,0.0016313213703099511,1.0,13.28133773803711
BlogCatalog,3,1478,18552,1,0.5,32,0.2517432874580493,0.0,1.0,13.536000728607178
BlogCatalog,3,1478,18552,1,0.5,33,0.37076098083720366,0.0019646365422396855,1.0,13.150831460952759
BlogCatalog,3,1478,18552,1,0.5,34,0.2517432874580493,0.0,1.0,13.418302774429321
BlogCatalog,3,1478,18552,1,0.5,35,0.35559018481268806,0.001949317738791423,1.0,13.302132368087769
BlogCatalog,3,1478,18552,1,0.5,36,0.34358763543649656,0.0022988505747126436,1.0,13.38160753250122
BlogCatalog,3,1478,18552,1,0.5,37,0.41129830523369265,0.002066115702479339,1.0,13.083066940307617
BlogCatalog,3,1478,18552,1,0.5,38,0.36362531069420034,0.0018832391713747645,1.0,13.283966064453125
BlogCatalog,3,1478,18552,1,0.5,39,0.3474321556145701,0.0020408163265306124,1.0,13.286132574081421
BlogCatalog,3,1478,18552,1,0.5,40,0.2517432874580493,0.0,1.0,13.264131784439087
BlogCatalog,3,1478,18552,1,0.5,41,0.3387525212689503,0.0018552875695732839,1.0,13.346118450164795
BlogCatalog,3,1478,18552,1,0.5,42,0.2517432874580493,0.0,1.0,13.47602653503418
BlogCatalog,3,1478,18552,1,0.5,43,0.2517432874580493,0.0,1.0,13.581634521484375
BlogCatalog,3,1478,18552,1,0.5,44,0.2517432874580493,0.0,1.0,13.253791093826294
BlogCatalog,3,1478,18552,1,0.5,45,0.3558977025566045,0.001869158878504673,1.0,13.278350114822388
BlogCatalog,3,1478,18552,1,0.5,46,0.2517432874580493,0.0,1.0,13.47881293296814
BlogCatalog,3,1478,18552,1,0.5,47,0.33352017454653904,0.0019267822736030828,1.0,13.41100263595581
BlogCatalog,3,1478,18552,1,0.5,48,0.3404402992979442,0.001834862385321101,1.0,13.061883211135864
BlogCatalog,3,1478,18552,1,0.5,49,0.2517432874580493,0.0,1.0,13.480172634124756
BlogCatalog,3,1478,18552,1,0.5,50,0.3621208516032957,0.001968503937007874,1.0,13.31392240524292
BlogCatalog,4,1209,0,0,,0,0.35995852361496644,0.001455604075691412,1.0,
BlogCatalog,4,1209,0,0,,0,0.2517432874580493,0.0,1.0,
BlogCatalog,4,1209,0,0,,0,0.3655963163109084,0.001639344262295082,1.0,
BlogCatalog,4,1209,0,0,,0,0.3581268602745773,0.001366120218579235,1.0,
BlogCatalog,4,1209,0,0,,0,0.2517432874580493,0.0,1.0,
BlogCatalog,4,1209,0,0,,0,0.2517432874580493,0.0,1.0,
BlogCatalog,4,1209,0,0,,0,0.2517432874580493,0.0,1.0,
BlogCatalog,4,1209,0,0,,0,0.3597371153720099,0.0014577259475218659,1.0,
BlogCatalog,4,1209,0,0,,0,0.35099962953757635,0.001597444089456869,1.0,
BlogCatalog,4,1209,0,0,,0,0.35939514442114084,0.0012547051442910915,1.0,
BlogCatalog,4,1209,0,0,,0,0.34662693950369194,0.0013280212483399733,1.0,
BlogCatalog,4,1209,0,0,,0,0.2517432874580493,0.0,1.0,
BlogCatalog,4,1209,0,0,,0,0.2517432874580493,0.0,1.0,
BlogCatalog,4,1209,0,0,,0,0.2517432874580493,0.0,1.0,
BlogCatalog,4,1209,0,0,,0,0.3644477257881409,0.001226993865030675,1.0,
BlogCatalog,4,1209,0,0,,0,0.4125851556992329,0.001122334455667789,1.0,
BlogCatalog,4,1209,0,0,,0,0.2517432874580493,0.0,1.0,
BlogCatalog,4,1209,0,0,,0,0.2517432874580493,0.0,1.0,
BlogCatalog,4,1209,0,0,,0,0.33208700582212924,0.0011918951132300357,1.0,
BlogCatalog,4,1209,0,0,,0,0.37647208607928406,0.0014084507042253522,1.0,
BlogCatalog,4,1209,0,0,,0,0.3505381963223207,0.0012315270935960591,1.0,
BlogCatalog,4,1209,0,0,,0,0.3404361451499001,0.0013531799729364006,1.0,
BlogCatalog,4,1209,0,0,,0,0.392594147852696,0.001375515818431912,1.0,
BlogCatalog,4,1209,0,0,,0,0.3430221752972464,0.001466275659824047,1.0,
BlogCatalog,4,1209,0,0,,0,0.4114748886281591,0.0014492753623188406,1.0,
BlogCatalog,4,1209,0,0,,0,0.3417367348949573,0.0014534883720930232,1.0,
BlogCatalog,4,1209,0,0,,0,0.3861859574985579,0.0014204545454545455,1.0,
BlogCatalog,4,1209,0,0,,0,0.36224894999794255,0.0015748031496062992,1.0,
BlogCatalog,4,1209,0,0,,0,0.34421149646711824,0.0014492753623188406,1.0,
BlogCatalog,4,1209,0,0,,0,0.2517432874580493,0.0,1.0,
BlogCatalog,4,1209,0,0,,0,0.34118118718223694,0.0014285714285714286,1.0,
BlogCatalog,4,1209,0,0,,0,0.2517432874580493,0.0,1.0,
BlogCatalog,4,1209,0,0,,0,0.2517432874580493,0.0,1.0,
BlogCatalog,4,1209,0,0,,0,0.3580262064019115,0.0015290519877675841,1.0,
BlogCatalog,4,1209,0,0,,0,0.2517432874580493,0.0,1.0,
BlogCatalog,4,1209,0,0,,0,0.3697718604797262,0.0012515644555694619,1.0,
BlogCatalog,4,1209,0,0,,0,0.2517432874580493,0.0,1.0,
BlogCatalog,4,1209,0,0,,0,0.2517432874580493,0.0,1.0,
BlogCatalog,4,1209,0,0,,0,0.37293004404561203,0.0012987012987012987,1.0,
BlogCatalog,4,1209,0,0,,0,0.37835535965839884,0.0013054830287206266,1.0,
BlogCatalog,4,1209,0,0,,0,0.2517432874580493,0.0,1.0,
BlogCatalog,4,1209,0,0,,0,0.35555517998179487,0.0012755102040816326,1.0,
BlogCatalog,4,1209,0,0,,0,0.3927735351281061,0.0017793594306049821,1.0,
BlogCatalog,4,1209,0,0,,0,0.37205470807851065,0.0013605442176870747,1.0,
BlogCatalog,4,1209,0,0,,0,0.3579796525228891,0.0012642225031605564,1.0,
BlogCatalog,4,1209,0,0,,0,0.34780536481843227,0.0013315579227696406,1.0,
BlogCatalog,4,1209,0,0,,0,0.2517432874580493,0.0,1.0,
BlogCatalog,4,1209,0,0,,0,0.2517432874580493,0.0,1.0,
BlogCatalog,4,1209,0,0,,0,0.2517432874580493,0.0,1.0,
BlogCatalog,4,1209,0,0,,0,0.3360472478382688,0.0012594458438287153,1.0,
BlogCatalog,4,1209,44,0.01,0.5,1,0.34884239923918375,0.0014204545454545455,1.0,7.608770132064819
BlogCatalog,4,1209,44,0.01,0.5,2,0.3658407595856222,0.001455604075691412,1.0,7.738298416137695
BlogCatalog,4,1209,44,0.01,0.5,3,0.2517432874580493,0.0,1.0,7.620826005935669
BlogCatalog,4,1209,44,0.01,0.5,4,0.3693249488151411,0.001314060446780552,1.0,7.671887159347534
BlogCatalog,4,1209,44,0.01,0.5,5,0.3411650731413768,0.001288659793814433,1.0,7.794899225234985
BlogCatalog,4,1209,44,0.01,0.5,6,0.2517432874580493,0.0,1.0,7.651840448379517
BlogCatalog,4,1209,44,0.01,0.5,7,0.4809356959509097,0.0004426737494466578,0.4033107599699022,7.6815185546875
BlogCatalog,4,1209,44,0.01,0.5,8,0.3524804141660602,0.0014204545454545455,1.0,7.751267671585083
BlogCatalog,4,1209,44,0.01,0.5,9,0.2517432874580493,0.0,1.0,7.654212713241577
BlogCatalog,4,1209,44,0.01,0.5,10,0.2517432874580493,0.0,1.0,7.848545551300049
BlogCatalog,4,1209,44,0.01,0.5,11,0.2517432874580493,0.0,1.0,7.968641519546509
BlogCatalog,4,1209,44,0.01,0.5,12,0.3382753223989865,0.00125,1.0,7.467170238494873
BlogCatalog,4,1209,44,0.01,0.5,13,0.2517432874580493,0.0,1.0,7.890431880950928
BlogCatalog,4,1209,44,0.01,0.5,14,0.37370706593037617,0.0013003901170351106,1.0,7.7692790031433105
BlogCatalog,4,1209,44,0.01,0.5,15,0.2517432874580493,0.0,1.0,7.650650978088379
BlogCatalog,4,1209,44,0.01,0.5,16,0.2517432874580493,0.0,1.0,7.854443311691284
BlogCatalog,4,1209,44,0.01,0.5,17,0.34480326213710866,0.0012674271229404308,1.0,7.697174787521362
BlogCatalog,4,1209,44,0.01,0.5,18,0.2517432874580493,0.0,1.0,7.653574466705322
BlogCatalog,4,1209,44,0.01,0.5,19,0.35057154349712877,0.001402524544179523,1.0,7.7182347774505615
BlogCatalog,4,1209,44,0.01,0.5,20,0.2517432874580493,0.0,1.0,7.84029746055603
BlogCatalog,4,1209,44,0.01,0.5,21,0.3563550360490054,0.0012642225031605564,1.0,7.463824510574341
BlogCatalog,4,1209,44,0.01,0.5,22,0.345941281651382,0.0013440860215053765,1.0,7.702893257141113
BlogCatalog,4,1209,44,0.01,0.5,23,0.2517432874580493,0.0,1.0,7.8333165645599365
BlogCatalog,4,1209,44,0.01,0.5,24,0.3600167022125085,0.0014705882352941176,1.0,7.754437685012817
BlogCatalog,4,1209,44,0.01,0.5,25,0.357873400960389,0.0013157894736842105,1.0,7.463931560516357
BlogCatalog,4,1209,44,0.01,0.5,26,0.34402498344739396,0.001282051282051282,1.0,7.664016246795654
BlogCatalog,4,1209,44,0.01,0.5,27,0.35563258115550833,0.0013986013986013986,1.0,7.7860047817230225
BlogCatalog,4,1209,44,0.01,0.5,28,0.35928392715258994,0.0015015015015015015,1.0,7.435721397399902
BlogCatalog,4,1209,44,0.01,0.5,29,0.3556140922326593,0.0011173184357541898,1.0,7.678179502487183
BlogCatalog,4,1209,44,0.01,0.5,30,0.3560248277154555,0.0015873015873015873,1.0,7.531890869140625
BlogCatalog,4,1209,44,0.01,0.5,31,0.3977158979776764,0.0017271157167530224,1.0,7.709366083145142
BlogCatalog,4,1209,44,0.01,0.5,32,0.37129483405964064,0.0013175230566534915,1.0,7.666154861450195
BlogCatalog,4,1209,44,0.01,0.5,33,0.35012211630777634,0.0012804097311139564,1.0,7.711292266845703
BlogCatalog,4,1209,44,0.01,0.5,34,0.3416129159823371,0.0012903225806451613,1.0,7.448303937911987
BlogCatalog,4,1209,44,0.01,0.5,35,0.3633524990821802,0.001366120218579235,1.0,7.709761142730713
BlogCatalog,4,1209,44,0.01,0.5,36,0.2517432874580493,0.0,1.0,7.94788122177124
BlogCatalog,4,1209,44,0.01,0.5,37,0.2517432874580493,0.0,1.0,7.63312029838562
BlogCatalog,4,1209,44,0.01,0.5,38,0.353198020946713,0.0012804097311139564,1.0,7.700093746185303
BlogCatalog,4,1209,44,0.01,0.5,39,0.2517432874580493,0.0,1.0,7.9195733070373535
BlogCatalog,4,1209,44,0.01,0.5,40,0.38093489576841666,0.0014577259475218659,1.0,7.448989629745483
BlogCatalog,4,1209,44,0.01,0.5,41,0.3655760850423182,0.0013280212483399733,1.0,7.656781196594238
BlogCatalog,4,1209,44,0.01,0.5,42,0.2517432874580493,0.0,1.0,7.6216394901275635
BlogCatalog,4,1209,44,0.01,0.5,43,0.2517432874580493,0.0,1.0,7.881941080093384
BlogCatalog,4,1209,44,0.01,0.5,44,0.346994244981624,0.001226993865030675,1.0,7.640336990356445
BlogCatalog,4,1209,44,0.01,0.5,45,0.3472613235223124,0.00141643059490085,1.0,7.712128639221191
BlogCatalog,4,1209,44,0.01,0.5,46,0.2517432874580493,0.0,1.0,7.621356248855591
BlogCatalog,4,1209,44,0.01,0.5,47,0.34350726566671086,0.001282051282051282,1.0,7.704677581787109
BlogCatalog,4,1209,44,0.01,0.5,48,0.2517432874580493,0.0,1.0,7.901895999908447
BlogCatalog,4,1209,44,0.01,0.5,49,0.2517432874580493,0.0,1.0,7.654398679733276
BlogCatalog,4,1209,44,0.01,0.5,50,0.2517432874580493,0.0,1.0,7.871053218841553
BlogCatalog,4,1209,219,0.05,0.5,1,0.38202225219616304,0.0013280212483399733,1.0,7.84766697883606
BlogCatalog,4,1209,219,0.05,0.5,2,0.3522424368243286,0.001314060446780552,1.0,7.526881694793701
BlogCatalog,4,1209,219,0.05,0.5,3,0.3996997867201625,0.0013123359580052493,1.0,7.712978363037109
BlogCatalog,4,1209,219,0.05,0.5,4,0.37919564319346166,0.001288659793814433,1.0,7.85050368309021
BlogCatalog,4,1209,219,0.05,0.5,5,0.3455893059582099,0.0013020833333333333,1.0,7.505111455917358
BlogCatalog,4,1209,219,0.05,0.5,6,0.3575042474808609,0.0014641288433382138,1.0,7.742221117019653
BlogCatalog,4,1209,219,0.05,0.5,7,0.3692154913700423,0.0014641288433382138,1.0,7.799120903015137
BlogCatalog,4,1209,219,0.05,0.5,8,0.3633439546697448,0.0013568521031207597,1.0,7.516514539718628
BlogCatalog,4,1209,219,0.05,0.5,9,0.2517432874580493,0.0,1.0,7.894172668457031
BlogCatalog,4,1209,219,0.05,0.5,10,0.2517432874580493,0.0,1.0,7.9540815353393555
BlogCatalog,4,1209,219,0.05,0.5,11,0.3839672800916079,0.0012626262626262627,1.0,7.537471532821655
BlogCatalog,4,1209,219,0.05,0.5,12,0.2517432874580493,0.0,1.0,7.915759563446045
BlogCatalog,4,1209,219,0.05,0.5,13,0.3396568097230077,0.001447178002894356,1.0,7.849852561950684
BlogCatalog,4,1209,219,0.05,0.5,14,0.2517432874580493,0.0,1.0,7.677994728088379
BlogCatalog,4,1209,219,0.05,0.5,15,0.2517432874580493,0.0,1.0,7.892752170562744
BlogCatalog,4,1209,219,0.05,0.5,16,0.3556560834947999,0.0012135922330097086,1.0,7.856777667999268
BlogCatalog,4,1209,219,0.05,0.5,17,0.4308402788069569,0.0014245014245014246,1.0,7.543422698974609
BlogCatalog,4,1209,219,0.05,0.5,18,0.3536874632982917,0.0012285012285012285,1.0,7.748215675354004
BlogCatalog,4,1209,219,0.05,0.5,19,0.37368351564576274,0.001447178002894356,1.0,7.847957134246826
BlogCatalog,4,1209,219,0.05,0.5,20,0.2517432874580493,0.0,1.0,7.72768235206604
BlogCatalog,4,1209,219,0.05,0.5,21,0.2517432874580493,0.0,1.0,7.910711288452148
BlogCatalog,4,1209,219,0.05,0.5,22,0.2517432874580493,0.0,1.0,7.909604072570801
BlogCatalog,4,1209,219,0.05,0.5,23,0.2517432874580493,0.0,1.0,7.687619924545288
BlogCatalog,4,1209,219,0.05,0.5,24,0.2517432874580493,0.0,1.0,7.974277496337891
BlogCatalog,4,1209,219,0.05,0.5,25,0.36955109327628355,0.0012970168612191958,1.0,7.722369432449341
BlogCatalog,4,1209,219,0.05,0.5,26,0.3403366712892469,0.0011918951132300357,1.0,7.770355224609375
BlogCatalog,4,1209,219,0.05,0.5,27,0.35642046416638207,0.001392757660167131,1.0,7.531679153442383
BlogCatalog,4,1209,219,0.05,0.5,28,0.2517432874580493,0.0,1.0,7.922900915145874
BlogCatalog,4,1209,219,0.05,0.5,29,0.36864592017185205,0.0013774104683195593,1.0,7.76301383972168
BlogCatalog,4,1209,219,0.05,0.5,30,0.2517432874580493,0.0,1.0,7.678011894226074
BlogCatalog,4,1209,219,0.05,0.5,31,0.2517432874580493,0.0,1.0,7.919554948806763
BlogCatalog,4,1209,219,0.05,0.5,32,0.2517432874580493,0.0,1.0,8.040414333343506
BlogCatalog,4,1209,219,0.05,0.5,33,0.3644230367806542,0.0013986013986013986,1.0,7.499809980392456
BlogCatalog,4,1209,219,0.05,0.5,34,0.35375966327047886,0.0013966480446927375,1.0,7.688918590545654
BlogCatalog,4,1209,219,0.05,0.5,35,0.35631190075427016,0.0013386880856760374,1.0,7.8497419357299805
BlogCatalog,4,1209,219,0.05,0.5,36,0.35976301727481497,0.0015015015015015015,1.0,7.5267884731292725
BlogCatalog,4,1209,219,0.05,0.5,37,0.3655143472469689,0.0012254901960784314,1.0,7.72560977935791
BlogCatalog,4,1209,219,0.05,0.5,38,0.34192831778960686,0.001215066828675577,1.0,7.710350751876831
BlogCatalog,4,1209,219,0.05,0.5,39,0.2517432874580493,0.0,1.0,7.796643495559692
BlogCatalog,4,1209,219,0.05,0.5,40,0.3355576273265354,0.0013315579227696406,1.0,7.744368553161621
BlogCatalog,4,1209,219,0.05,0.5,41,0.2517432874580493,0.0,1.0,7.917019367218018
BlogCatalog,4,1209,219,0.05,0.5,42,0.34242543726530505,0.001326259946949602,1.0,7.762612581253052
BlogCatalog,4,1209,219,0.05,0.5,43,0.2517432874580493,0.0,1.0,7.706403732299805
BlogCatalog,4,1209,219,0.05,0.5,44,0.3522936700617116,0.0014577259475218659,1.0,7.726984024047852
BlogCatalog,4,1209,219,0.05,0.5,45,0.3516789790405423,0.001272264631043257,1.0,7.5941002368927
BlogCatalog,4,1209,219,0.05,0.5,46,0.38578338669090295,0.0013623978201634877,1.0,7.769464731216431
BlogCatalog,4,1209,219,0.05,0.5,47,0.3611426729802417,0.0014727540500736377,1.0,7.728452205657959
BlogCatalog,4,1209,219,0.05,0.5,48,0.3608368386766828,0.001184834123222749,1.0,7.846153259277344
BlogCatalog,4,1209,219,0.05,0.5,49,0.3482160316050643,0.0014749262536873156,1.0,7.522032976150513
BlogCatalog,4,1209,219,0.05,0.5,50,0.2517432874580493,0.0,1.0,7.9181201457977295
BlogCatalog,4,1209,438,0.1,0.5,1,0.2517432874580493,0.0,1.0,8.072922945022583
BlogCatalog,4,1209,438,0.1,0.5,2,0.2517432874580493,0.0,1.0,7.781763553619385
BlogCatalog,4,1209,438,0.1,0.5,3,0.34689322505221465,0.0014124293785310734,1.0,7.790843486785889
BlogCatalog,4,1209,438,0.1,0.5,4,0.38873808241214647,0.001564945226917058,1.0,7.92774772644043
BlogCatalog,4,1209,438,0.1,0.5,5,0.2517432874580493,0.0,1.0,7.789057970046997
BlogCatalog,4,1209,438,0.1,0.5,6,0.2517432874580493,0.0,1.0,8.003725290298462
BlogCatalog,4,1209,438,0.1,0.5,7,0.2517432874580493,0.0,1.0,8.132651805877686
BlogCatalog,4,1209,438,0.1,0.5,8,0.3523644520278204,0.0012531328320802004,1.0,7.603284597396851
BlogCatalog,4,1209,438,0.1,0.5,9,0.2517432874580493,0.0,1.0,8.019770383834839
BlogCatalog,4,1209,438,0.1,0.5,10,0.35039065493705956,0.0013422818791946308,1.0,7.842029094696045
BlogCatalog,4,1209,438,0.1,0.5,11,0.34040167069349264,0.0012360939431396785,1.0,7.591139316558838
BlogCatalog,4,1209,438,0.1,0.5,12,0.37124989514729234,0.0015290519877675841,1.0,7.8111748695373535
BlogCatalog,4,1209,438,0.1,0.5,13,0.2517432874580493,0.0,1.0,8.081453084945679
BlogCatalog,4,1209,438,0.1,0.5,14,0.35634297693438577,0.0012610340479192938,1.0,7.614025115966797
BlogCatalog,4,1209,438,0.1,0.5,15,0.3486064360737661,0.001375515818431912,1.0,7.8342125415802
BlogCatalog,4,1209,438,0.1,0.5,16,0.34898299339136585,0.0012239902080783353,1.0,7.843892574310303
BlogCatalog,4,1209,438,0.1,0.5,17,0.2517432874580493,0.0,1.0,7.7520740032196045
BlogCatalog,4,1209,438,0.1,0.5,18,0.33753032415933737,0.0012254901960784314,1.0,7.8081676959991455
BlogCatalog,4,1209,438,0.1,0.5,19,0.35553474680950176,0.0013605442176870747,1.0,7.833735942840576
BlogCatalog,4,1209,438,0.1,0.5,20,0.2517432874580493,0.0,1.0,7.823641538619995
BlogCatalog,4,1209,438,0.1,0.5,21,0.2517432874580493,0.0,1.0,7.983179569244385
BlogCatalog,4,1209,438,0.1,0.5,22,0.3557612815722633,0.0013774104683195593,1.0,7.875200271606445
BlogCatalog,4,1209,438,0.1,0.5,23,0.2517432874580493,0.0,1.0,7.762998342514038
BlogCatalog,4,1209,438,0.1,0.5,24,0.3383505502099168,0.0013351134846461949,1.0,7.839359521865845
BlogCatalog,4,1209,438,0.1,0.5,25,0.2517432874580493,0.0,1.0,7.976558208465576
BlogCatalog,4,1209,438,0.1,0.5,26,0.34366984622114816,0.0012453300124533001,1.0,7.8555638790130615
BlogCatalog,4,1209,438,0.1,0.5,27,0.2517432874580493,0.0,1.0,7.757889270782471
BlogCatalog,4,1209,438,0.1,0.5,28,0.2517432874580493,0.0,1.0,8.010877847671509
BlogCatalog,4,1209,438,0.1,0.5,29,0.2517432874580493,0.0,1.0,8.055583477020264
BlogCatalog,4,1209,438,0.1,0.5,30,0.3529622217120055,0.0012853470437017994,1.0,7.604902505874634
BlogCatalog,4,1209,438,0.1,0.5,31,0.34830002470415666,0.0013850415512465374,1.0,7.8074071407318115
BlogCatalog,4,1209,438,0.1,0.5,32,0.34019355430143106,0.0012453300124533001,1.0,7.902996778488159
BlogCatalog,4,1209,438,0.1,0.5,33,0.2517432874580493,0.0,1.0,7.78385329246521
BlogCatalog,4,1209,438,0.1,0.5,34,0.2517432874580493,0.0,1.0,7.959548234939575
BlogCatalog,4,1209,438,0.1,0.5,35,0.34733416678036405,0.001455604075691412,1.0,7.809478282928467
BlogCatalog,4,1209,438,0.1,0.5,36,0.2517432874580493,0.0,1.0,8.049325227737427
BlogCatalog,4,1209,438,0.1,0.5,37,0.3532658175776146,0.0013440860215053765,1.0,7.617661952972412
BlogCatalog,4,1209,438,0.1,0.5,38,0.3639542809361261,0.0012787723785166241,1.0,7.824836254119873
BlogCatalog,4,1209,438,0.1,0.5,39,0.3463038176856304,0.001326259946949602,1.0,7.916579484939575
BlogCatalog,4,1209,438,0.1,0.5,40,0.2517432874580493,0.0,1.0,7.749279499053955
BlogCatalog,4,1209,438,0.1,0.5,41,0.37305962913114155,0.000819000819000819,0.9967394030599448,7.824881076812744
BlogCatalog,4,1209,438,0.1,0.5,42,0.3560489871352503,0.001366120218579235,1.0,7.922650337219238
BlogCatalog,4,1209,438,0.1,0.5,43,0.2517432874580493,0.0,1.0,7.808288812637329
BlogCatalog,4,1209,438,0.1,0.5,44,0.2517432874580493,0.0,1.0,7.996668577194214
BlogCatalog,4,1209,438,0.1,0.5,45,0.3654551478368155,0.0013717421124828531,1.0,7.945393800735474
BlogCatalog,4,1209,438,0.1,0.5,46,0.3392584200839505,0.0013315579227696406,1.0,7.574685335159302
BlogCatalog,4,1209,438,0.1,0.5,47,0.2517432874580493,0.0,1.0,8.01995062828064
BlogCatalog,4,1209,438,0.1,0.5,48,0.2517432874580493,0.0,1.0,8.0926513671875
BlogCatalog,4,1209,438,0.1,0.5,49,0.2517432874580493,0.0,1.0,7.7659900188446045
BlogCatalog,4,1209,438,0.1,0.5,50,0.33399778138608355,0.001221001221001221,1.0,7.8222856521606445
BlogCatalog,4,1209,657,0.15,0.5,1,0.3907930308237038,0.0014326647564469914,1.0,7.958755016326904
BlogCatalog,4,1209,657,0.15,0.5,2,0.2517432874580493,0.0,1.0,7.844973087310791
BlogCatalog,4,1209,657,0.15,0.5,3,0.36100330891453797,0.0014245014245014246,1.0,7.91196608543396
BlogCatalog,4,1209,657,0.15,0.5,4,0.3525472743911494,0.0012919896640826874,1.0,7.94991135597229
BlogCatalog,4,1209,657,0.15,0.5,5,0.2517432874580493,0.0,1.0,7.850407361984253
BlogCatalog,4,1209,657,0.15,0.5,6,0.40749404816053375,0.0017152658662092624,1.0,7.859299421310425
BlogCatalog,4,1209,657,0.15,0.5,7,0.2517432874580493,0.0,1.0,8.055248260498047
BlogCatalog,4,1209,657,0.15,0.5,8,0.2517432874580493,0.0,1.0,8.113935708999634
BlogCatalog,4,1209,657,0.15,0.5,9,0.2517432874580493,0.0,1.0,7.827946662902832
BlogCatalog,4,1209,657,0.15,0.5,10,0.2517432874580493,0.0,1.0,8.040720462799072
BlogCatalog,4,1209,657,0.15,0.5,11,0.35482224656412303,0.001430615164520744,1.0,7.901899576187134
BlogCatalog,4,1209,657,0.15,0.5,12,0.366964323905253,0.0013717421124828531,1.0,7.668138027191162
BlogCatalog,4,1209,657,0.15,0.5,13,0.36174357670482277,0.001430615164520744,1.0,7.846642971038818
BlogCatalog,4,1209,657,0.15,0.5,14,0.3587438632862241,0.0012853470437017994,1.0,7.901811122894287
BlogCatalog,4,1209,657,0.15,0.5,15,0.378617536259455,0.001272264631043257,1.0,7.671579599380493
BlogCatalog,4,1209,657,0.15,0.5,16,0.2517432874580493,0.0,1.0,8.095391988754272
BlogCatalog,4,1209,657,0.15,0.5,17,0.2517432874580493,0.0,1.0,8.06201696395874
BlogCatalog,4,1209,657,0.15,0.5,18,0.2517432874580493,0.0,1.0,7.8631062507629395
BlogCatalog,4,1209,657,0.15,0.5,19,0.3448697843675552,0.00125,1.0,7.9531943798065186
BlogCatalog,4,1209,657,0.15,0.5,20,0.34377877228596115,0.0012391573729863693,1.0,7.895718336105347
BlogCatalog,4,1209,657,0.15,0.5,21,0.3655648116742051,0.001524390243902439,1.0,7.986324310302734
BlogCatalog,4,1209,657,0.15,0.5,22,0.2517432874580493,0.0,1.0,7.860378265380859
BlogCatalog,4,1209,657,0.15,0.5,23,0.2517432874580493,0.0,1.0,8.05111837387085
BlogCatalog,4,1209,657,0.15,0.5,24,0.3599731200182574,0.0013513513513513514,1.0,7.983182907104492
BlogCatalog,4,1209,657,0.15,0.5,25,0.2517432874580493,0.0,1.0,7.846314191818237
BlogCatalog,4,1209,657,0.15,0.5,26,0.3465654606901875,0.0012300123001230013,1.0,7.873295545578003
BlogCatalog,4,1209,657,0.15,0.5,27,0.3532025215028061,0.0013679890560875513,1.0,7.905956268310547
BlogCatalog,4,1209,657,0.15,0.5,28,0.2517432874580493,0.0,1.0,7.85979962348938
BlogCatalog,4,1209,657,0.15,0.5,29,0.2517432874580493,0.0,1.0,8.105549812316895
BlogCatalog,4,1209,657,0.15,0.5,30,0.2517432874580493,0.0,1.0,8.038442611694336
BlogCatalog,4,1209,657,0.15,0.5,31,0.2517432874580493,0.0,1.0,8.1131010055542
BlogCatalog,4,1209,657,0.15,0.5,32,0.3463439484885917,0.001443001443001443,1.0,7.655747175216675
BlogCatalog,4,1209,657,0.15,0.5,33,0.3735204723811246,0.0014064697609001407,1.0,7.87755823135376
BlogCatalog,4,1209,657,0.15,0.5,34,0.2517432874580493,0.0,1.0,8.160706996917725
BlogCatalog,4,1209,657,0.15,0.5,35,0.35511940811545567,0.0012919896640826874,1.0,7.675238609313965
BlogCatalog,4,1209,657,0.15,0.5,36,0.2517432874580493,0.0,1.0,8.067909240722656
BlogCatalog,4,1209,657,0.15,0.5,37,0.2517432874580493,0.0,1.0,8.162558555603027
BlogCatalog,4,1209,657,0.15,0.5,38,0.2517432874580493,0.0,1.0,7.8603479862213135
BlogCatalog,4,1209,657,0.15,0.5,39,0.3342958207632039,0.001277139208173691,1.0,7.87528657913208
BlogCatalog,4,1209,657,0.15,0.5,40,0.35364427979071794,0.0012594458438287153,1.0,8.021838188171387
BlogCatalog,4,1209,657,0.15,0.5,41,0.3465266440620912,0.0014388489208633094,1.0,7.683887004852295
BlogCatalog,4,1209,657,0.15,0.5,42,0.2517432874580493,0.0,1.0,8.051514148712158
BlogCatalog,4,1209,657,0.15,0.5,43,0.2517432874580493,0.0,1.0,8.084444284439087
BlogCatalog,4,1209,657,0.15,0.5,44,0.37020749526645497,0.0012515644555694619,1.0,7.660954475402832
BlogCatalog,4,1209,657,0.15,0.5,45,0.2517432874580493,0.0,1.0,8.037375926971436
BlogCatalog,4,1209,657,0.15,0.5,46,0.2517432874580493,0.0,1.0,8.12403392791748
BlogCatalog,4,1209,657,0.15,0.5,47,0.2517432874580493,0.0,1.0,7.870343208312988
BlogCatalog,4,1209,657,0.15,0.5,48,0.2517432874580493,0.0,1.0,8.129952192306519
BlogCatalog,4,1209,657,0.15,0.5,49,0.36456819840304217,0.0014245014245014246,1.0,7.865937232971191
BlogCatalog,4,1209,657,0.15,0.5,50,0.2517432874580493,0.0,1.0,8.12372899055481
BlogCatalog,4,1209,876,0.2,0.5,1,0.34966232672207126,0.0013245033112582781,1.0,7.727509498596191
BlogCatalog,4,1209,876,0.2,0.5,2,0.2517432874580493,0.0,1.0,8.135358572006226
BlogCatalog,4,1209,876,0.2,0.5,3,0.2517432874580493,0.0,1.0,8.174490213394165
BlogCatalog,4,1209,876,0.2,0.5,4,0.3557976228374852,0.0012106537530266344,1.0,7.7587926387786865
BlogCatalog,4,1209,876,0.2,0.5,5,0.2517432874580493,0.0,1.0,8.102335453033447
BlogCatalog,4,1209,876,0.2,0.5,6,0.2517432874580493,0.0,1.0,8.182488679885864
BlogCatalog,4,1209,876,0.2,0.5,7,0.2517432874580493,0.0,1.0,7.911435604095459
BlogCatalog,4,1209,876,0.2,0.5,8,0.36194855292506195,0.0013404825737265416,1.0,7.983086585998535
BlogCatalog,4,1209,876,0.2,0.5,9,0.2517432874580493,0.0,1.0,8.149569511413574
BlogCatalog,4,1209,876,0.2,0.5,10,0.2517432874580493,0.0,1.0,7.915243625640869
BlogCatalog,4,1209,876,0.2,0.5,11,0.2517432874580493,0.0,1.0,8.135479927062988
BlogCatalog,4,1209,876,0.2,0.5,12,0.2517432874580493,0.0,1.0,8.126047134399414
BlogCatalog,4,1209,876,0.2,0.5,13,0.35531745079400223,0.0016420361247947454,1.0,7.720407962799072
BlogCatalog,4,1209,876,0.2,0.5,14,0.343789524117491,0.001349527665317139,1.0,7.9799933433532715
BlogCatalog,4,1209,876,0.2,0.5,15,0.36623046252265684,0.0012853470437017994,1.0,7.9402360916137695
BlogCatalog,4,1209,876,0.2,0.5,16,0.339556666805931,0.0013477088948787063,1.0,7.7598724365234375
BlogCatalog,4,1209,876,0.2,0.5,17,0.2517432874580493,0.0,1.0,8.177419900894165
BlogCatalog,4,1209,876,0.2,0.5,18,0.3459925916903753,0.0013550135501355014,1.0,7.978578090667725
BlogCatalog,4,1209,876,0.2,0.5,19,0.3431269206877704,0.0013550135501355014,1.0,7.706012010574341
BlogCatalog,4,1209,876,0.2,0.5,20,0.36137596262957883,0.00130718954248366,1.0,7.98771858215332
BlogCatalog,4,1209,876,0.2,0.5,21,0.2517432874580493,0.0,1.0,8.129355192184448
BlogCatalog,4,1209,876,0.2,0.5,22,0.3619826181519493,0.001358695652173913,1.0,8.018092632293701
BlogCatalog,4,1209,876,0.2,0.5,23,0.2517432874580493,0.0,1.0,7.8944103717803955
BlogCatalog,4,1209,876,0.2,0.5,24,0.2517432874580493,0.0,1.0,8.144122123718262
BlogCatalog,4,1209,876,0.2,0.5,25,0.3416162769925405,0.0012953367875647669,1.0,8.024744033813477
BlogCatalog,4,1209,876,0.2,0.5,26,0.2517432874580493,0.0,1.0,7.9602251052856445
BlogCatalog,4,1209,876,0.2,0.5,27,0.2517432874580493,0.0,1.0,8.101610898971558
BlogCatalog,4,1209,876,0.2,0.5,28,0.3626186253264683,0.0012376237623762376,1.0,7.956534147262573
BlogCatalog,4,1209,876,0.2,0.5,29,0.34731574262588355,0.0013157894736842105,1.0,7.749360084533691
BlogCatalog,4,1209,876,0.2,0.5,30,0.3515365548458043,0.0012642225031605564,1.0,8.020932912826538
BlogCatalog,4,1209,876,0.2,0.5,31,0.3442124433830758,0.0013422818791946308,1.0,7.924829483032227
BlogCatalog,4,1209,876,0.2,0.5,32,0.3452924894042213,0.0014326647564469914,1.0,7.7336506843566895
BlogCatalog,4,1209,876,0.2,0.5,33,0.346132317952362,0.0012578616352201257,1.0,8.008750438690186
BlogCatalog,4,1209,876,0.2,0.5,34,0.35161577879616424,0.0013458950201884253,1.0,7.973794937133789
BlogCatalog,4,1209,876,0.2,0.5,35,0.2517432874580493,0.0,1.0,7.903493881225586
BlogCatalog,4,1209,876,0.2,0.5,36,0.2517432874580493,0.0,1.0,8.186748266220093
BlogCatalog,4,1209,876,0.2,0.5,37,0.35319052947845,0.001455604075691412,1.0,7.961166858673096
BlogCatalog,4,1209,876,0.2,0.5,38,0.35960088550031777,0.0014684287812041115,1.0,7.757927417755127
BlogCatalog,4,1209,876,0.2,0.5,39,0.2517432874580493,0.0,1.0,8.15687370300293
BlogCatalog,4,1209,876,0.2,0.5,40,0.3486915487132587,0.0012738853503184713,1.0,7.979741096496582
BlogCatalog,4,1209,876,0.2,0.5,41,0.2517432874580493,0.0,1.0,8.18621826171875
BlogCatalog,4,1209,876,0.2,0.5,42,0.2517432874580493,0.0,1.0,7.943347692489624
BlogCatalog,4,1209,876,0.2,0.5,43,0.2517432874580493,0.0,1.0,8.111016988754272
BlogCatalog,4,1209,876,0.2,0.5,44,0.2517432874580493,0.0,1.0,8.26612377166748
BlogCatalog,4,1209,876,0.2,0.5,45,0.33561596757060824,0.0012254901960784314,1.0,7.731674671173096
BlogCatalog,4,1209,876,0.2,0.5,46,0.2517432874580493,0.0,1.0,8.13209342956543
BlogCatalog,4,1209,876,0.2,0.5,47,0.35332835819749703,0.0011947431302270011,1.0,7.980633497238159
BlogCatalog,4,1209,876,0.2,0.5,48,0.2517432874580493,0.0,1.0,7.954220533370972
BlogCatalog,4,1209,876,0.2,0.5,49,0.35796804523193104,0.0015479876160990713,1.0,7.974219560623169
BlogCatalog,4,1209,876,0.2,0.5,50,0.2517432874580493,0.0,1.0,8.142434358596802
BlogCatalog,4,1209,1096,0.25,0.5,1,0.3473522899612372,0.001303780964797914,1.0,8.043950080871582
BlogCatalog,4,1209,1096,0.25,0.5,2,0.2517432874580493,0.0,1.0,7.9841837882995605
BlogCatalog,4,1209,1096,0.25,0.5,3,0.34677879964110997,0.0013054830287206266,1.0,8.028855562210083
BlogCatalog,4,1209,1096,0.25,0.5,4,0.2517432874580493,0.0,1.0,8.301366567611694
BlogCatalog,4,1209,1096,0.25,0.5,5,0.35718857941293863,0.0014144271570014145,1.0,7.838597774505615
BlogCatalog,4,1209,1096,0.25,0.5,6,0.2517432874580493,0.0,1.0,8.243189334869385
BlogCatalog,4,1209,1096,0.25,0.5,7,0.2517432874580493,0.0,1.0,8.252784013748169
BlogCatalog,4,1209,1096,0.25,0.5,8,0.3407293312255277,0.0013422818791946308,1.0,7.830523490905762
BlogCatalog,4,1209,1096,0.25,0.5,9,0.2517432874580493,0.0,1.0,8.197070837020874
BlogCatalog,4,1209,1096,0.25,0.5,10,0.33727319874131373,0.0012033694344163659,1.0,8.033264636993408
BlogCatalog,4,1209,1096,0.25,0.5,11,0.36382152949995555,0.001392757660167131,1.0,7.846590995788574
BlogCatalog,4,1209,1096,0.25,0.5,12,0.34590164363869885,0.0012903225806451613,1.0,8.06766414642334
BlogCatalog,4,1209,1096,0.25,0.5,13,0.3495051169316623,0.0013123359580052493,1.0,8.046146631240845
BlogCatalog,4,1209,1096,0.25,0.5,14,0.357132339437119,0.0013850415512465374,1.0,8.075608253479004
BlogCatalog,4,1209,1096,0.25,0.5,15,0.3512226507770505,0.0012165450121654502,1.0,7.820652484893799
BlogCatalog,4,1209,1096,0.25,0.5,16,0.352461042684986,0.0012970168612191958,1.0,8.018024921417236
BlogCatalog,4,1209,1096,0.25,0.5,17,0.2517432874580493,0.0,1.0,8.277689933776855
BlogCatalog,4,1209,1096,0.25,0.5,18,0.34546681687310626,0.001282051282051282,1.0,7.84095025062561
BlogCatalog,4,1209,1096,0.25,0.5,19,0.2517432874580493,0.0,1.0,8.234614133834839
BlogCatalog,4,1209,1096,0.25,0.5,20,0.35263131931948616,0.001314060446780552,1.0,8.058791160583496
BlogCatalog,4,1209,1096,0.25,0.5,21,0.3513117361674779,0.0014684287812041115,1.0,7.8204145431518555
BlogCatalog,4,1209,1096,0.25,0.5,22,0.36173550595199117,0.0013623978201634877,1.0,8.012437105178833
BlogCatalog,4,1209,1096,0.25,0.5,23,0.3496285006725953,0.0011890606420927466,1.0,8.067174911499023
BlogCatalog,4,1209,1096,0.25,0.5,24,0.2517432874580493,0.0,1.0,7.985084772109985
BlogCatalog,4,1209,1096,0.25,0.5,25,0.2517432874580493,0.0,1.0,8.232094287872314
BlogCatalog,4,1209,1096,0.25,0.5,26,0.2517432874580493,0.0,1.0,8.235404968261719
BlogCatalog,4,1209,1096,0.25,0.5,27,0.2517432874580493,0.0,1.0,7.9852869510650635
BlogCatalog,4,1209,1096,0.25,0.5,28,0.36184650774676796,0.0014858841010401188,1.0,8.009599685668945
BlogCatalog,4,1209,1096,0.25,0.5,29,0.35677163796222144,0.0013280212483399733,1.0,8.083121538162231
BlogCatalog,4,1209,1096,0.25,0.5,30,0.341842378312503,0.0012437810945273632,1.0,7.821262359619141
BlogCatalog,4,1209,1096,0.25,0.5,31,0.2517432874580493,0.0,1.0,8.22143268585205
BlogCatalog,4,1209,1096,0.25,0.5,32,0.2517432874580493,0.0,1.0,8.239520072937012
BlogCatalog,4,1209,1096,0.25,0.5,33,0.4275707903812986,0.0015313935681470138,1.0,7.826545715332031
BlogCatalog,4,1209,1096,0.25,0.5,34,0.36448717090631705,0.0011918951132300357,1.0,8.03204345703125
BlogCatalog,4,1209,1096,0.25,0.5,35,0.347609792202914,0.0012970168612191958,1.0,8.073807001113892
BlogCatalog,4,1209,1096,0.25,0.5,36,0.3918607307846735,0.001282051282051282,1.0,7.841499328613281
BlogCatalog,4,1209,1096,0.25,0.5,37,0.3590714147615363,0.001221001221001221,1.0,8.01395034790039
BlogCatalog,4,1209,1096,0.25,0.5,38,0.2517432874580493,0.0,1.0,8.269591093063354
BlogCatalog,4,1209,1096,0.25,0.5,39,0.4113818402224498,0.001519756838905775,1.0,7.834269285202026
BlogCatalog,4,1209,1096,0.25,0.5,40,0.2517432874580493,0.0,1.0,8.23025369644165
BlogCatalog,4,1209,1096,0.25,0.5,41,0.2517432874580493,0.0,1.0,8.186171054840088
BlogCatalog,4,1209,1096,0.25,0.5,42,0.2517432874580493,0.0,1.0,8.001153707504272
BlogCatalog,4,1209,1096,0.25,0.5,43,0.2517432874580493,0.0,1.0,8.266151189804077
BlogCatalog,4,1209,1096,0.25,0.5,44,0.36477034440608896,0.0014684287812041115,1.0,8.038614749908447
BlogCatalog,4,1209,1096,0.25,0.5,45,0.36844822277551925,0.001447178002894356,1.0,7.841817855834961
BlogCatalog,4,1209,1096,0.25,0.5,46,0.2517432874580493,0.0,1.0,8.266841650009155
BlogCatalog,4,1209,1096,0.25,0.5,47,0.34198677806199435,0.0013850415512465374,1.0,8.048705101013184
BlogCatalog,4,1209,1096,0.25,0.5,48,0.3445253362005683,0.0013123359580052493,1.0,8.050447225570679
BlogCatalog,4,1209,1096,0.25,0.5,49,0.2517432874580493,0.0,1.0,7.9669764041900635
BlogCatalog,4,1209,1096,0.25,0.5,50,0.35411162911192745,0.0012690355329949238,1.0,8.023579120635986
BlogCatalog,4,1209,1315,0.3,0.5,1,0.360278130165678,0.0012674271229404308,1.0,8.198506593704224
BlogCatalog,4,1209,1315,0.3,0.5,2,0.2517432874580493,0.0,1.0,8.069137811660767
BlogCatalog,4,1209,1315,0.3,0.5,3,0.35288968680760746,0.0011574074074074073,1.0,8.139112710952759
BlogCatalog,4,1209,1315,0.3,0.5,4,0.2517432874580493,0.0,1.0,8.30788779258728
BlogCatalog,4,1209,1315,0.3,0.5,5,0.2517432874580493,0.0,1.0,8.03895115852356
BlogCatalog,4,1209,1315,0.3,0.5,6,0.3405038788159071,0.0011682242990654205,1.0,8.095694541931152
BlogCatalog,4,1209,1315,0.3,0.5,7,0.2517432874580493,0.0,1.0,8.339325189590454
BlogCatalog,4,1209,1315,0.3,0.5,8,0.34141798530670103,0.0013297872340425532,1.0,7.910870790481567
BlogCatalog,4,1209,1315,0.3,0.5,9,0.2517432874580493,0.0,1.0,8.328927755355835
BlogCatalog,4,1209,1315,0.3,0.5,10,0.2517432874580493,0.0,1.0,8.262063980102539
BlogCatalog,4,1209,1315,0.3,0.5,11,0.2517432874580493,0.0,1.0,8.05043077468872
BlogCatalog,4,1209,1315,0.3,0.5,12,0.2517432874580493,0.0,1.0,8.344730615615845
BlogCatalog,4,1209,1315,0.3,0.5,13,0.2517432874580493,0.0,1.0,8.287335634231567
BlogCatalog,4,1209,1315,0.3,0.5,14,0.3564908304964635,0.001177856301531213,1.0,8.17665147781372
BlogCatalog,4,1209,1315,0.3,0.5,15,0.2517432874580493,0.0,1.0,8.044645547866821
BlogCatalog,4,1209,1315,0.3,0.5,16,0.5033974617759104,0.0009523809523809524,0.5655881615249561,8.071343660354614
BlogCatalog,4,1209,1315,0.3,0.5,17,0.3513314181903149,0.0014814814814814814,1.0,8.146953582763672
BlogCatalog,4,1209,1315,0.3,0.5,18,0.36718421095239046,0.0014705882352941176,1.0,7.884589195251465
BlogCatalog,4,1209,1315,0.3,0.5,19,0.3454211448316866,0.0014265335235378032,1.0,8.104207038879395
BlogCatalog,4,1209,1315,0.3,0.5,20,0.3852749919254858,0.001177856301531213,1.0,8.142546653747559
BlogCatalog,4,1209,1315,0.3,0.5,21,0.2517432874580493,0.0,1.0,8.038707494735718
BlogCatalog,4,1209,1315,0.3,0.5,22,0.34461637705896775,0.0013297872340425532,1.0,8.07447624206543
BlogCatalog,4,1209,1315,0.3,0.5,23,0.35103422572022863,0.001282051282051282,1.0,8.15023946762085
BlogCatalog,4,1209,1315,0.3,0.5,24,0.3604619224682869,0.0013003901170351106,1.0,7.923297166824341
BlogCatalog,4,1209,1315,0.3,0.5,25,0.384343164875394,0.0013297872340425532,1.0,8.147273778915405
BlogCatalog,4,1209,1315,0.3,0.5,26,0.2517432874580493,0.0,1.0,8.280139923095703
BlogCatalog,4,1209,1315,0.3,0.5,27,0.3474052787030971,0.0014064697609001407,1.0,8.137861013412476
BlogCatalog,4,1209,1315,0.3,0.5,28,0.35163243934934224,0.001221001221001221,1.0,7.8951380252838135
BlogCatalog,4,1209,1315,0.3,0.5,29,0.2517432874580493,0.0,1.0,8.267362356185913
BlogCatalog,4,1209,1315,0.3,0.5,30,0.3584321944429341,0.001282051282051282,1.0,8.128756284713745
BlogCatalog,4,1209,1315,0.3,0.5,31,0.35806691671126395,0.00117096018735363,1.0,7.918980121612549
BlogCatalog,4,1209,1315,0.3,0.5,32,0.3510135078089974,0.001303780964797914,1.0,8.114733934402466
BlogCatalog,4,1209,1315,0.3,0.5,33,0.34328828080380225,0.0012547051442910915,1.0,8.131364345550537
BlogCatalog,4,1209,1315,0.3,0.5,34,0.2517432874580493,0.0,1.0,8.081169605255127
BlogCatalog,4,1209,1315,0.3,0.5,35,0.2517432874580493,0.0,1.0,8.302198648452759
BlogCatalog,4,1209,1315,0.3,0.5,36,0.2517432874580493,0.0,1.0,8.393584728240967
BlogCatalog,4,1209,1315,0.3,0.5,37,0.34665309235353503,0.0012836970474967907,1.0,7.882115840911865
BlogCatalog,4,1209,1315,0.3,0.5,38,0.34227312658352227,0.001364256480218281,1.0,8.140591144561768
BlogCatalog,4,1209,1315,0.3,0.5,39,0.3447362851939892,0.0011904761904761906,1.0,8.093810558319092
BlogCatalog,4,1209,1315,0.3,0.5,40,0.3568209502778583,0.001564945226917058,1.0,7.874251365661621
BlogCatalog,4,1209,1315,0.3,0.5,41,0.2517432874580493,0.0,1.0,8.290901184082031
BlogCatalog,4,1209,1315,0.3,0.5,42,0.2517432874580493,0.0,1.0,8.267776012420654
BlogCatalog,4,1209,1315,0.3,0.5,43,0.36961812207854183,0.001364256480218281,1.0,8.128401041030884
BlogCatalog,4,1209,1315,0.3,0.5,44,0.2517432874580493,0.0,1.0,8.092779397964478
BlogCatalog,4,1209,1315,0.3,0.5,45,0.2517432874580493,0.0,1.0,8.313897132873535
BlogCatalog,4,1209,1315,0.3,0.5,46,0.2517432874580493,0.0,1.0,8.324501037597656
BlogCatalog,4,1209,1315,0.3,0.5,47,0.2517432874580493,0.0,1.0,8.0568687915802
BlogCatalog,4,1209,1315,0.3,0.5,48,0.34229755726002664,0.0012970168612191958,1.0,8.08585500717163
BlogCatalog,4,1209,1315,0.3,0.5,49,0.36144635599718694,0.0012853470437017994,1.0,8.123539686203003
BlogCatalog,4,1209,1315,0.3,0.5,50,0.3374538801334664,0.0012077294685990338,1.0,7.929292678833008
BlogCatalog,4,1209,1534,0.35,0.5,1,0.2517432874580493,0.0,1.0,8.33480191230774
BlogCatalog,4,1209,1534,0.35,0.5,2,0.3491148045431208,0.0013157894736842105,1.0,8.17481017112732
BlogCatalog,4,1209,1534,0.35,0.5,3,0.3434664247308028,0.001218026796589525,1.0,7.948765277862549
BlogCatalog,4,1209,1534,0.35,0.5,4,0.36556679747813914,0.0018552875695732839,1.0,8.21952223777771
BlogCatalog,4,1209,1534,0.35,0.5,5,0.2517432874580493,0.0,1.0,8.366703748703003
BlogCatalog,4,1209,1534,0.35,0.5,6,0.2517432874580493,0.0,1.0,8.400447130203247
BlogCatalog,4,1209,1534,0.35,0.5,7,0.37301887442786186,0.0015527950310559005,1.0,7.975696802139282
BlogCatalog,4,1209,1534,0.35,0.5,8,0.3541267189007591,0.001314060446780552,1.0,8.182259321212769
BlogCatalog,4,1209,1534,0.35,0.5,9,0.2517432874580493,0.0,1.0,8.398614883422852
BlogCatalog,4,1209,1534,0.35,0.5,10,0.34199096119353445,0.001277139208173691,1.0,8.003023624420166
BlogCatalog,4,1209,1534,0.35,0.5,11,0.2517432874580493,0.0,1.0,8.346396923065186
BlogCatalog,4,1209,1534,0.35,0.5,12,0.2517432874580493,0.0,1.0,8.375054121017456
BlogCatalog,4,1209,1534,0.35,0.5,13,0.34998946531686825,0.0013698630136986301,1.0,7.959474325180054
BlogCatalog,4,1209,1534,0.35,0.5,14,0.2517432874580493,0.0,1.0,8.400787830352783
BlogCatalog,4,1209,1534,0.35,0.5,15,0.3460773081302491,0.0013192612137203166,1.0,8.168023347854614
BlogCatalog,4,1209,1534,0.35,0.5,16,0.2517432874580493,0.0,1.0,8.141266822814941
BlogCatalog,4,1209,1534,0.35,0.5,17,0.2517432874580493,0.0,1.0,8.440361022949219
BlogCatalog,4,1209,1534,0.35,0.5,18,0.3495512184237999,0.0013908205841446453,1.0,8.210811853408813
BlogCatalog,4,1209,1534,0.35,0.5,19,0.2517432874580493,0.0,1.0,8.419916868209839
BlogCatalog,4,1209,1534,0.35,0.5,20,0.2517432874580493,0.0,1.0,8.14612627029419
BlogCatalog,4,1209,1534,0.35,0.5,21,0.343978269885149,0.001314060446780552,1.0,8.191699743270874
BlogCatalog,4,1209,1534,0.35,0.5,22,0.3640896930597253,0.0012004801920768306,1.0,8.237610101699829
BlogCatalog,4,1209,1534,0.35,0.5,23,0.2517432874580493,0.0,1.0,8.187816143035889
BlogCatalog,4,1209,1534,0.35,0.5,24,0.2517432874580493,0.0,1.0,8.329041719436646
BlogCatalog,4,1209,1534,0.35,0.5,25,0.2517432874580493,0.0,1.0,8.47142243385315
BlogCatalog,4,1209,1534,0.35,0.5,26,0.2517432874580493,0.0,1.0,8.1509530544281
BlogCatalog,4,1209,1534,0.35,0.5,27,0.2517432874580493,0.0,1.0,8.361164093017578
BlogCatalog,4,1209,1534,0.35,0.5,28,0.2517432874580493,0.0,1.0,8.39117431640625
BlogCatalog,4,1209,1534,0.35,0.5,29,0.341931940268908,0.001358695652173913,1.0,7.975374460220337
BlogCatalog,4,1209,1534,0.35,0.5,30,0.3554322382142898,0.0013812154696132596,1.0,8.220716953277588
BlogCatalog,4,1209,1534,0.35,0.5,31,0.35622522579096266,0.0014084507042253522,1.0,8.12841248512268
BlogCatalog,4,1209,1534,0.35,0.5,32,0.34928824260659413,0.0013698630136986301,1.0,8.268409490585327
BlogCatalog,4,1209,1534,0.35,0.5,33,0.3586021328711894,0.0013908205841446453,1.0,7.979805946350098
BlogCatalog,4,1209,1534,0.35,0.5,34,0.41993314405260357,0.0013003901170351106,1.0,8.217508554458618
BlogCatalog,4,1209,1534,0.35,0.5,35,0.2517432874580493,0.0,1.0,8.38909363746643
BlogCatalog,4,1209,1534,0.35,0.5,36,0.34835787235900495,0.0012690355329949238,1.0,7.972077131271362
BlogCatalog,4,1209,1534,0.35,0.5,37,0.2517432874580493,0.0,1.0,8.367200374603271
BlogCatalog,4,1209,1534,0.35,0.5,38,0.2517432874580493,0.0,1.0,8.401724576950073
BlogCatalog,4,1209,1534,0.35,0.5,39,0.3523785552350929,0.001349527665317139,1.0,8.003463745117188
BlogCatalog,4,1209,1534,0.35,0.5,40,0.3743324938117175,0.0013605442176870747,1.0,8.159194707870483
BlogCatalog,4,1209,1534,0.35,0.5,41,0.2517432874580493,0.0,1.0,8.37344479560852
BlogCatalog,4,1209,1534,0.35,0.5,42,0.37587140413887776,0.0012406947890818859,1.0,7.9523608684539795
BlogCatalog,4,1209,1534,0.35,0.5,43,0.2517432874580493,0.0,1.0,8.352816820144653
BlogCatalog,4,1209,1534,0.35,0.5,44,0.2517432874580493,0.0,1.0,8.342576503753662
BlogCatalog,4,1209,1534,0.35,0.5,45,0.2517432874580493,0.0,1.0,8.375637531280518
BlogCatalog,4,1209,1534,0.35,0.5,46,0.2517432874580493,0.0,1.0,8.155151605606079
BlogCatalog,4,1209,1534,0.35,0.5,47,0.3476027497160442,0.0013850415512465374,1.0,8.189159154891968
BlogCatalog,4,1209,1534,0.35,0.5,48,0.3802582324880075,0.001282051282051282,1.0,8.19650650024414
BlogCatalog,4,1209,1534,0.35,0.5,49,0.3479398631558383,0.001215066828675577,1.0,7.980858087539673
BlogCatalog,4,1209,1534,0.35,0.5,50,0.2517432874580493,0.0,1.0,8.376306772232056
BlogCatalog,4,1209,1753,0.4,0.5,1,0.3546151493380906,0.0012903225806451613,1.0,8.350583791732788
BlogCatalog,4,1209,1753,0.4,0.5,2,0.348537126909629,0.001321003963011889,1.0,8.030574083328247
BlogCatalog,4,1209,1753,0.4,0.5,3,0.4179884551641359,0.0011641443538998836,1.0,8.244059562683105
BlogCatalog,4,1209,1753,0.4,0.5,4,0.3613971092144416,0.0015337423312883436,1.0,8.263951301574707
BlogCatalog,4,1209,1753,0.4,0.5,5,0.2517432874580493,0.0,1.0,8.232974767684937
BlogCatalog,4,1209,1753,0.4,0.5,6,0.2517432874580493,0.0,1.0,8.412060737609863
BlogCatalog,4,1209,1753,0.4,0.5,7,0.3643259327896077,0.0013550135501355014,1.0,8.276849746704102
BlogCatalog,4,1209,1753,0.4,0.5,8,0.2517432874580493,0.0,1.0,8.20064640045166
BlogCatalog,4,1209,1753,0.4,0.5,9,0.2517432874580493,0.0,1.0,8.463448762893677
BlogCatalog,4,1209,1753,0.4,0.5,10,0.34751509142105097,0.0012836970474967907,1.0,8.246673345565796
BlogCatalog,4,1209,1753,0.4,0.5,11,0.2517432874580493,0.0,1.0,8.494178771972656
BlogCatalog,4,1209,1753,0.4,0.5,12,0.3786785644952652,0.001314060446780552,1.0,8.027648448944092
BlogCatalog,4,1209,1753,0.4,0.5,13,0.3454438522803098,0.0012755102040816326,1.0,8.248987197875977
BlogCatalog,4,1209,1753,0.4,0.5,14,0.2517432874580493,0.0,1.0,8.465909004211426
BlogCatalog,4,1209,1753,0.4,0.5,15,0.2517432874580493,0.0,1.0,8.204782009124756
BlogCatalog,4,1209,1753,0.4,0.5,16,0.2517432874580493,0.0,1.0,8.41622281074524
BlogCatalog,4,1209,1753,0.4,0.5,17,0.2517432874580493,0.0,1.0,8.45462155342102
BlogCatalog,4,1209,1753,0.4,0.5,18,0.38334075061017076,0.0016,1.0,8.037184238433838
BlogCatalog,4,1209,1753,0.4,0.5,19,0.2517432874580493,0.0,1.0,8.425969362258911
BlogCatalog,4,1209,1753,0.4,0.5,20,0.3303934981096327,0.0012224938875305623,1.0,8.27051043510437
BlogCatalog,4,1209,1753,0.4,0.5,21,0.2517432874580493,0.0,1.0,8.213436365127563
BlogCatalog,4,1209,1753,0.4,0.5,22,0.2517432874580493,0.0,1.0,8.472214698791504
BlogCatalog,4,1209,1753,0.4,0.5,23,0.34811477958457326,0.0013003901170351106,1.0,8.224191427230835
BlogCatalog,4,1209,1753,0.4,0.5,24,0.35178597806114964,0.0014792899408284023,1.0,8.014100551605225
BlogCatalog,4,1209,1753,0.4,0.5,25,0.35204324029067074,0.0013850415512465374,1.0,8.290360450744629
BlogCatalog,4,1209,1753,0.4,0.5,26,0.3419271343607293,0.0014084507042253522,1.0,8.245849370956421
BlogCatalog,4,1209,1753,0.4,0.5,27,0.3819124063129062,0.0010335917312661498,0.999749184850765,8.277641534805298
BlogCatalog,4,1209,1753,0.4,0.5,28,0.2517432874580493,0.0,1.0,8.18750524520874
BlogCatalog,4,1209,1753,0.4,0.5,29,0.2517432874580493,0.0,1.0,8.459390878677368
BlogCatalog,4,1209,1753,0.4,0.5,30,0.36211549664968873,0.001321003963011889,1.0,8.346755981445312
BlogCatalog,4,1209,1753,0.4,0.5,31,0.2517432874580493,0.0,1.0,8.204164981842041
BlogCatalog,4,1209,1753,0.4,0.5,32,0.2517432874580493,0.0,1.0,8.440366983413696
BlogCatalog,4,1209,1753,0.4,0.5,33,0.3403366652099732,0.0012853470437017994,1.0,8.307545900344849
BlogCatalog,4,1209,1753,0.4,0.5,34,0.2517432874580493,0.0,1.0,8.18776798248291
BlogCatalog,4,1209,1753,0.4,0.5,35,0.35309001243521954,0.0013245033112582781,1.0,8.259189128875732
BlogCatalog,4,1209,1753,0.4,0.5,36,0.2517432874580493,0.0,1.0,8.456022500991821
BlogCatalog,4,1209,1753,0.4,0.5,37,0.2517432874580493,0.0,1.0,8.221791505813599
BlogCatalog,4,1209,1753,0.4,0.5,38,0.43556003747641836,0.00129366106080207,1.0,8.303344249725342
BlogCatalog,4,1209,1753,0.4,0.5,39,0.44097286246327017,0.001589825119236884,1.0,8.2874915599823
BlogCatalog,4,1209,1753,0.4,0.5,40,0.37378747187460526,0.001215066828675577,1.0,8.334920167922974
BlogCatalog,4,1209,1753,0.4,0.5,41,0.2517432874580493,0.0,1.0,8.198396682739258
BlogCatalog,4,1209,1753,0.4,0.5,42,0.2517432874580493,0.0,1.0,8.425254344940186
BlogCatalog,4,1209,1753,0.4,0.5,43,0.2517432874580493,0.0,1.0,8.481402397155762
BlogCatalog,4,1209,1753,0.4,0.5,44,0.35391487921183296,0.0012106537530266344,1.0,8.055183410644531
BlogCatalog,4,1209,1753,0.4,0.5,45,0.2517432874580493,0.0,1.0,8.433087587356567
BlogCatalog,4,1209,1753,0.4,0.5,46,0.37714602256661584,0.0012453300124533001,1.0,8.271523475646973
BlogCatalog,4,1209,1753,0.4,0.5,47,0.2517432874580493,0.0,1.0,8.263020038604736
BlogCatalog,4,1209,1753,0.4,0.5,48,0.34943701939300825,0.0012437810945273632,1.0,8.293380498886108
BlogCatalog,4,1209,1753,0.4,0.5,49,0.2517432874580493,0.0,1.0,8.439817667007446
BlogCatalog,4,1209,1753,0.4,0.5,50,0.350326471565386,0.0013831258644536654,1.0,8.026772260665894
BlogCatalog,4,1209,1972,0.45,0.5,1,0.2517432874580493,0.0,1.0,8.514909267425537
BlogCatalog,4,1209,1972,0.45,0.5,2,0.34353392100979285,0.001221001221001221,1.0,8.33720874786377
BlogCatalog,4,1209,1972,0.45,0.5,3,0.2517432874580493,0.0,1.0,8.279876470565796
BlogCatalog,4,1209,1972,0.45,0.5,4,0.2517432874580493,0.0,1.0,8.545038938522339
BlogCatalog,4,1209,1972,0.45,0.5,5,0.37692208312135533,0.0014858841010401188,1.0,8.328808069229126
BlogCatalog,4,1209,1972,0.45,0.5,6,0.34287306188199673,0.0012970168612191958,1.0,8.334861755371094
BlogCatalog,4,1209,1972,0.45,0.5,7,0.36245397411692415,0.0013966480446927375,1.0,8.10541820526123
BlogCatalog,4,1209,1972,0.45,0.5,8,0.2517432874580493,0.0,1.0,8.502701997756958
BlogCatalog,4,1209,1972,0.45,0.5,9,0.2517432874580493,0.0,1.0,8.52838945388794
BlogCatalog,4,1209,1972,0.45,0.5,10,0.3692874343938428,0.0010976948408342481,1.0,8.104236602783203
BlogCatalog,4,1209,1972,0.45,0.5,11,0.34088151430488123,0.0012422360248447205,1.0,8.371013164520264
BlogCatalog,4,1209,1972,0.45,0.5,12,0.3587266048373427,0.001430615164520744,1.0,8.358229637145996
BlogCatalog,4,1209,1972,0.45,0.5,13,0.35793668110741594,0.0013351134846461949,1.0,8.07428789138794
BlogCatalog,4,1209,1972,0.45,0.5,14,0.2517432874580493,0.0,1.0,8.524532079696655
BlogCatalog,4,1209,1972,0.45,0.5,15,0.37157238710375096,0.0014492753623188406,1.0,8.388415098190308
BlogCatalog,4,1209,1972,0.45,0.5,16,0.2517432874580493,0.0,1.0,8.27302885055542
BlogCatalog,4,1209,1972,0.45,0.5,17,0.38063917079147425,0.0012853470437017994,1.0,8.307180643081665
BlogCatalog,4,1209,1972,0.45,0.5,18,0.34020227176872686,0.0013089005235602095,1.0,8.317148923873901
BlogCatalog,4,1209,1972,0.45,0.5,19,0.46877696272859926,0.001059322033898305,1.0,8.136531591415405
BlogCatalog,4,1209,1972,0.45,0.5,20,0.2517432874580493,0.0,1.0,8.485329627990723
BlogCatalog,4,1209,1972,0.45,0.5,21,0.3842943809107265,0.0013986013986013986,1.0,8.328474283218384
BlogCatalog,4,1209,1972,0.45,0.5,22,0.3491542944192869,0.0012345679012345679,1.0,8.116001605987549
BlogCatalog,4,1209,1972,0.45,0.5,23,0.36389872908903326,0.0013089005235602095,1.0,8.36952018737793
BlogCatalog,4,1209,1972,0.45,0.5,24,0.36390104562172726,0.001287001287001287,1.0,8.296841859817505
BlogCatalog,4,1209,1972,0.45,0.5,25,0.2517432874580493,0.0,1.0,8.52241063117981
BlogCatalog,4,1209,1972,0.45,0.5,26,0.370841927861984,0.0016129032258064516,1.0,8.149813175201416
BlogCatalog,4,1209,1972,0.45,0.5,27,0.2517432874580493,0.0,1.0,8.488978862762451
BlogCatalog,4,1209,1972,0.45,0.5,28,0.34250506324374774,0.0012121212121212121,1.0,8.345284223556519
BlogCatalog,4,1209,1972,0.45,0.5,29,0.2517432874580493,0.0,1.0,8.305732011795044
BlogCatalog,4,1209,1972,0.45,0.5,30,0.34720162574154645,0.0014925373134328358,1.0,8.318690061569214
BlogCatalog,4,1209,1972,0.45,0.5,31,0.3512807391467635,0.0013280212483399733,1.0,8.360952615737915
BlogCatalog,4,1209,1972,0.45,0.5,32,0.3667432035964088,0.001443001443001443,1.0,8.115460634231567
BlogCatalog,4,1209,1972,0.45,0.5,33,0.35087539988902433,0.001310615989515072,1.0,8.328873634338379
BlogCatalog,4,1209,1972,0.45,0.5,34,0.2517432874580493,0.0,1.0,8.516976594924927
BlogCatalog,4,1209,1972,0.45,0.5,35,0.2517432874580493,0.0,1.0,8.306297302246094
BlogCatalog,4,1209,1972,0.45,0.5,36,0.2517432874580493,0.0,1.0,8.496780395507812
BlogCatalog,4,1209,1972,0.45,0.5,37,0.2517432874580493,0.0,1.0,8.497659683227539
BlogCatalog,4,1209,1972,0.45,0.5,38,0.2517432874580493,0.0,1.0,8.528836250305176
BlogCatalog,4,1209,1972,0.45,0.5,39,0.2517432874580493,0.0,1.0,8.270847082138062
BlogCatalog,4,1209,1972,0.45,0.5,40,0.2517432874580493,0.0,1.0,8.487946510314941
BlogCatalog,4,1209,1972,0.45,0.5,41,0.34803795792280706,0.0012224938875305623,1.0,8.383480787277222
BlogCatalog,4,1209,1972,0.45,0.5,42,0.2517432874580493,0.0,1.0,8.273308753967285
BlogCatalog,4,1209,1972,0.45,0.5,43,0.2517432874580493,0.0,1.0,8.471943855285645
BlogCatalog,4,1209,1972,0.45,0.5,44,0.3564066024001312,0.0013175230566534915,1.0,8.378979921340942
BlogCatalog,4,1209,1972,0.45,0.5,45,0.3426897516017699,0.0012919896640826874,1.0,8.126315355300903
BlogCatalog,4,1209,1972,0.45,0.5,46,0.34425178527759764,0.0012285012285012285,1.0,8.312698364257812
BlogCatalog,4,1209,1972,0.45,0.5,47,0.36032681966861374,0.0013175230566534915,1.0,8.35841155052185
BlogCatalog,4,1209,1972,0.45,0.5,48,0.3571852415645966,0.0013458950201884253,1.0,8.115180969238281
BlogCatalog,4,1209,1972,0.45,0.5,49,0.2517432874580493,0.0,1.0,8.488990068435669
BlogCatalog,4,1209,1972,0.45,0.5,50,0.3578400552573399,0.0015151515151515152,1.0,8.313349723815918
BlogCatalog,4,1209,2191,0.5,0.5,1,0.37303238727532073,0.001430615164520744,1.0,8.171295166015625
BlogCatalog,4,1209,2191,0.5,0.5,2,0.3577312479352908,0.0013477088948787063,1.0,8.459620952606201
BlogCatalog,4,1209,2191,0.5,0.5,3,0.36446413171564807,0.001430615164520744,1.0,8.362469673156738
BlogCatalog,4,1209,2191,0.5,0.5,4,0.2517432874580493,0.0,1.0,8.372786283493042
BlogCatalog,4,1209,2191,0.5,0.5,5,0.36807098563859414,0.0012091898428053204,1.0,8.482152462005615
BlogCatalog,4,1209,2191,0.5,0.5,6,0.35639681588571115,0.0014204545454545455,1.0,8.36059832572937
BlogCatalog,4,1209,2191,0.5,0.5,7,0.370335120254868,0.0013333333333333333,1.0,8.470061540603638
BlogCatalog,4,1209,2191,0.5,0.5,8,0.2517432874580493,0.0,1.0,8.383881568908691
BlogCatalog,4,1209,2191,0.5,0.5,9,0.2517432874580493,0.0,1.0,8.656835317611694
BlogCatalog,4,1209,2191,0.5,0.5,10,0.3522854787162612,0.001455604075691412,1.0,8.499080896377563
BlogCatalog,4,1209,2191,0.5,0.5,11,0.33882091848420176,0.0012468827930174563,1.0,8.25733232498169
BlogCatalog,4,1209,2191,0.5,0.5,12,0.2517432874580493,0.0,1.0,8.648418426513672
BlogCatalog,4,1209,2191,0.5,0.5,13,0.34252946432502784,0.0013458950201884253,1.0,8.416221141815186
BlogCatalog,4,1209,2191,0.5,0.5,14,0.2517432874580493,0.0,1.0,8.658788681030273
BlogCatalog,4,1209,2191,0.5,0.5,15,0.2517432874580493,0.0,1.0,8.337772607803345
BlogCatalog,4,1209,2191,0.5,0.5,16,0.34669617926494195,0.0013227513227513227,1.0,8.397724628448486
BlogCatalog,4,1209,2191,0.5,0.5,17,0.2517432874580493,0.0,1.0,8.55087423324585
BlogCatalog,4,1209,2191,0.5,0.5,18,0.3566071952680408,0.0012437810945273632,1.0,8.449999809265137
BlogCatalog,4,1209,2191,0.5,0.5,19,0.34579575391360123,0.0012239902080783353,1.0,8.214210510253906
BlogCatalog,4,1209,2191,0.5,0.5,20,0.38659944718558936,0.0012953367875647669,1.0,8.440516233444214
BlogCatalog,4,1209,2191,0.5,0.5,21,0.36830095847520716,0.0014204545454545455,1.0,8.417381048202515
BlogCatalog,4,1209,2191,0.5,0.5,22,0.2517432874580493,0.0,1.0,8.35378384590149
BlogCatalog,4,1209,2191,0.5,0.5,23,0.3466597804122086,0.0013605442176870747,1.0,8.385244607925415
BlogCatalog,4,1209,2191,0.5,0.5,24,0.3710120812802775,0.0016025641025641025,1.0,8.493404388427734
BlogCatalog,4,1209,2191,0.5,0.5,25,0.3464120843446321,0.001336898395721925,1.0,8.275441408157349
BlogCatalog,4,1209,2191,0.5,0.5,26,0.36107060922875883,0.001282051282051282,1.0,8.396214008331299
BlogCatalog,4,1209,2191,0.5,0.5,27,0.41409399740319175,0.0017241379310344827,1.0,8.480817794799805
BlogCatalog,4,1209,2191,0.5,0.5,28,0.2517432874580493,0.0,1.0,8.912379026412964
BlogCatalog,4,1209,2191,0.5,0.5,29,0.3516347449808714,0.0013245033112582781,1.0,8.479958057403564
BlogCatalog,4,1209,2191,0.5,0.5,30,0.3430426614833434,0.0012254901960784314,1.0,8.817692041397095
BlogCatalog,4,1209,2191,0.5,0.5,31,0.3531044910752227,0.0012062726176115801,1.0,8.760326385498047
BlogCatalog,4,1209,2191,0.5,0.5,32,0.2517432874580493,0.0,1.0,8.607529878616333
BlogCatalog,4,1209,2191,0.5,0.5,33,0.35742996090615553,0.001256281407035176,1.0,8.654000759124756
BlogCatalog,4,1209,2191,0.5,0.5,34,0.2517432874580493,0.0,1.0,8.862917184829712
BlogCatalog,4,1209,2191,0.5,0.5,35,0.36119919974497056,0.0012903225806451613,1.0,8.392233848571777
BlogCatalog,4,1209,2191,0.5,0.5,36,0.2517432874580493,0.0,1.0,8.629095792770386
BlogCatalog,4,1209,2191,0.5,0.5,37,0.2517432874580493,0.0,1.0,8.877349376678467
BlogCatalog,4,1209,2191,0.5,0.5,38,0.35937701986797116,0.001221001221001221,1.0,8.75347089767456
BlogCatalog,4,1209,2191,0.5,0.5,39,0.2517432874580493,0.0,1.0,9.213546991348267
BlogCatalog,4,1209,2191,0.5,0.5,40,0.3966682052860303,0.0015220700152207,1.0,9.034134149551392
BlogCatalog,4,1209,2191,0.5,0.5,41,0.3529648312602558,0.0012836970474967907,1.0,8.755748510360718
BlogCatalog,4,1209,2191,0.5,0.5,42,0.2517432874580493,0.0,1.0,8.353504180908203
BlogCatalog,4,1209,2191,0.5,0.5,43,0.35196183312637697,0.0013850415512465374,1.0,8.423843383789062
BlogCatalog,4,1209,2191,0.5,0.5,44,0.2517432874580493,0.0,1.0,8.591114044189453
BlogCatalog,4,1209,2191,0.5,0.5,45,0.2517432874580493,0.0,1.0,8.356937646865845
BlogCatalog,4,1209,2191,0.5,0.5,46,0.2517432874580493,0.0,1.0,8.538249254226685
BlogCatalog,4,1209,2191,0.5,0.5,47,0.2517432874580493,0.0,1.0,8.642529249191284
BlogCatalog,4,1209,2191,0.5,0.5,48,0.2517432874580493,0.0,1.0,8.35843539237976
BlogCatalog,4,1209,2191,0.5,0.5,49,0.2517432874580493,0.0,1.0,8.574687480926514
BlogCatalog,4,1209,2191,0.5,0.5,50,0.3614281692603513,0.0012970168612191958,1.0,8.44355297088623
BlogCatalog,4,1209,2410,0.55,0.5,1,0.2517432874580493,0.0,1.0,8.450579643249512
BlogCatalog,4,1209,2410,0.55,0.5,2,0.2517432874580493,0.0,1.0,8.650368690490723
BlogCatalog,4,1209,2410,0.55,0.5,3,0.3562416169401456,0.0014285714285714286,1.0,8.494337797164917
BlogCatalog,4,1209,2410,0.55,0.5,4,0.35257481072083147,0.001272264631043257,1.0,8.529782772064209
BlogCatalog,4,1209,2410,0.55,0.5,5,0.2517432874580493,0.0,1.0,8.42654299736023
BlogCatalog,4,1209,2410,0.55,0.5,6,0.2517432874580493,0.0,1.0,8.64807939529419
BlogCatalog,4,1209,2410,0.55,0.5,7,0.35079119109834034,0.0014005602240896359,1.0,8.515433549880981
BlogCatalog,4,1209,2410,0.55,0.5,8,0.2517432874580493,0.0,1.0,8.41788387298584
BlogCatalog,4,1209,2410,0.55,0.5,9,0.35362509908771284,0.0014727540500736377,1.0,8.488914012908936
BlogCatalog,4,1209,2410,0.55,0.5,10,0.3525422185297127,0.0013280212483399733,1.0,8.4541757106781
BlogCatalog,4,1209,2410,0.55,0.5,11,0.37758384293604486,0.0013351134846461949,1.0,8.330112934112549
BlogCatalog,4,1209,2410,0.55,0.5,12,0.2517432874580493,0.0,1.0,8.708695650100708
BlogCatalog,4,1209,2410,0.55,0.5,13,0.3953095733948696,0.0015503875968992248,1.0,8.488300561904907
BlogCatalog,4,1209,2410,0.55,0.5,14,0.3496923799378244,0.0012903225806451613,1.0,8.553358316421509
BlogCatalog,4,1209,2410,0.55,0.5,15,0.37919745869589494,0.0014285714285714286,1.0,8.249504566192627
BlogCatalog,4,1209,2410,0.55,0.5,16,0.3445387542048911,0.0013227513227513227,1.0,8.464693307876587
BlogCatalog,4,1209,2410,0.55,0.5,17,0.3447935927360341,0.0012903225806451613,1.0,8.502251148223877
BlogCatalog,4,1209,2410,0.55,0.5,18,0.36299547268851806,0.0014064697609001407,1.0,8.270885467529297
BlogCatalog,4,1209,2410,0.55,0.5,19,0.2517432874580493,0.0,1.0,8.624551057815552
BlogCatalog,4,1209,2410,0.55,0.5,20,0.2517432874580493,0.0,1.0,8.644568920135498
BlogCatalog,4,1209,2410,0.55,0.5,21,0.3817240017536292,0.0013513513513513514,1.0,8.248144626617432
BlogCatalog,4,1209,2410,0.55,0.5,22,0.2517432874580493,0.0,1.0,8.688487529754639
BlogCatalog,4,1209,2410,0.55,0.5,23,0.2517432874580493,0.0,1.0,8.654565334320068
BlogCatalog,4,1209,2410,0.55,0.5,24,0.3589395186453994,0.0011641443538998836,1.0,8.520179271697998
BlogCatalog,4,1209,2410,0.55,0.5,25,0.2517432874580493,0.0,1.0,8.452296018600464
BlogCatalog,4,1209,2410,0.55,0.5,26,0.344893214847962,0.0011961722488038277,1.0,8.476848363876343
BlogCatalog,4,1209,2410,0.55,0.5,27,0.2517432874580493,0.0,1.0,8.693413972854614
BlogCatalog,4,1209,2410,0.55,0.5,28,0.2517432874580493,0.0,1.0,8.446199893951416
BlogCatalog,4,1209,2410,0.55,0.5,29,0.3436976289428957,0.0014285714285714286,1.0,8.464723825454712
BlogCatalog,4,1209,2410,0.55,0.5,30,0.36105377436547603,0.0012787723785166241,1.0,8.514825820922852
BlogCatalog,4,1209,2410,0.55,0.5,31,0.3414208329066366,0.0013531799729364006,1.0,8.315819263458252
BlogCatalog,4,1209,2410,0.55,0.5,32,0.2517432874580493,0.0,1.0,8.682685375213623
BlogCatalog,4,1209,2410,0.55,0.5,33,0.2517432874580493,0.0,1.0,8.631571054458618
BlogCatalog,4,1209,2410,0.55,0.5,34,0.2517432874580493,0.0,1.0,8.711442708969116
BlogCatalog,4,1209,2410,0.55,0.5,35,0.3442268639987407,0.001221001221001221,1.0,8.258894205093384
BlogCatalog,4,1209,2410,0.55,0.5,36,0.3503246911967902,0.0013605442176870747,1.0,8.470207929611206
BlogCatalog,4,1209,2410,0.55,0.5,37,0.34289434394676865,0.0013054830287206266,1.0,8.527573347091675
BlogCatalog,4,1209,2410,0.55,0.5,38,0.3505079817820713,0.0012853470437017994,1.0,8.245191812515259
BlogCatalog,4,1209,2410,0.55,0.5,39,0.35467798279601875,0.0013550135501355014,1.0,8.459859132766724
BlogCatalog,4,1209,2410,0.55,0.5,40,0.2517432874580493,0.0,1.0,8.690988302230835
BlogCatalog,4,1209,2410,0.55,0.5,41,0.3515523765877892,0.0012903225806451613,1.0,8.285380601882935
BlogCatalog,4,1209,2410,0.55,0.5,42,0.2517432874580493,0.0,1.0,8.620943784713745
BlogCatalog,4,1209,2410,0.55,0.5,43,0.34998560645278903,0.0011792452830188679,1.0,8.492870330810547
BlogCatalog,4,1209,2410,0.55,0.5,44,0.35777050389909776,0.001226993865030675,1.0,8.538520097732544
BlogCatalog,4,1209,2410,0.55,0.5,45,0.3627641912641379,0.0015290519877675841,1.0,8.2180917263031
BlogCatalog,4,1209,2410,0.55,0.5,46,0.3521776314977862,0.0012315270935960591,1.0,8.468232870101929
BlogCatalog,4,1209,2410,0.55,0.5,47,0.2517432874580493,0.0,1.0,8.718334674835205
BlogCatalog,4,1209,2410,0.55,0.5,48,0.2517432874580493,0.0,1.0,8.401938676834106
BlogCatalog,4,1209,2410,0.55,0.5,49,0.3729918415894686,0.0011933174224343676,1.0,8.46479845046997
BlogCatalog,4,1209,2410,0.55,0.5,50,0.2517432874580493,0.0,1.0,8.683994054794312
BlogCatalog,4,1209,2629,0.6,0.5,1,0.34276825959390705,0.0013513513513513514,1.0,8.334949493408203
BlogCatalog,4,1209,2629,0.6,0.5,2,0.2517432874580493,0.0,1.0,8.733456373214722
BlogCatalog,4,1209,2629,0.6,0.5,3,0.2517432874580493,0.0,1.0,8.746361255645752
BlogCatalog,4,1209,2629,0.6,0.5,4,0.2517432874580493,0.0,1.0,8.510679483413696
BlogCatalog,4,1209,2629,0.6,0.5,5,0.2517432874580493,0.0,1.0,8.725809097290039
BlogCatalog,4,1209,2629,0.6,0.5,6,0.2517432874580493,0.0,1.0,8.767342329025269
BlogCatalog,4,1209,2629,0.6,0.5,7,0.35371497608704006,0.0013531799729364006,1.0,8.362034559249878
BlogCatalog,4,1209,2629,0.6,0.5,8,0.2517432874580493,0.0,1.0,8.699325561523438
BlogCatalog,4,1209,2629,0.6,0.5,9,0.3740276202849652,0.0014104372355430183,1.0,8.554924964904785
BlogCatalog,4,1209,2629,0.6,0.5,10,0.37479813794169436,0.0012547051442910915,1.0,8.334861993789673
BlogCatalog,4,1209,2629,0.6,0.5,11,0.2517432874580493,0.0,1.0,8.734603643417358
BlogCatalog,4,1209,2629,0.6,0.5,12,0.349365615299024,0.0013245033112582781,1.0,8.561931133270264
BlogCatalog,4,1209,2629,0.6,0.5,13,0.34531421108352534,0.001321003963011889,1.0,8.59048080444336
BlogCatalog,4,1209,2629,0.6,0.5,14,0.3749233364198459,0.0012453300124533001,1.0,8.367397546768188
BlogCatalog,4,1209,2629,0.6,0.5,15,0.3385849739020636,0.0013550135501355014,1.0,8.522743701934814
BlogCatalog,4,1209,2629,0.6,0.5,16,0.3497083357664917,0.0014705882352941176,1.0,8.6151282787323
BlogCatalog,4,1209,2629,0.6,0.5,17,0.2517432874580493,0.0,1.0,8.488420486450195
BlogCatalog,4,1209,2629,0.6,0.5,18,0.2517432874580493,0.0,1.0,8.703307390213013
BlogCatalog,4,1209,2629,0.6,0.5,19,0.34335687004515975,0.001379310344827586,1.0,8.558435440063477
BlogCatalog,4,1209,2629,0.6,0.5,20,0.2517432874580493,0.0,1.0,8.503006219863892
BlogCatalog,4,1209,2629,0.6,0.5,21,0.3644574911800089,0.001388888888888889,1.0,8.520279884338379
BlogCatalog,4,1209,2629,0.6,0.5,22,0.3596003198429549,0.0015220700152207,1.0,8.538655281066895
BlogCatalog,4,1209,2629,0.6,0.5,23,0.2517432874580493,0.0,1.0,8.76291275024414
BlogCatalog,4,1209,2629,0.6,0.5,24,0.3699546229344954,0.00125,1.0,8.34268856048584
BlogCatalog,4,1209,2629,0.6,0.5,25,0.34083184574315517,0.001336898395721925,1.0,8.558631181716919
BlogCatalog,4,1209,2629,0.6,0.5,26,0.37125310189863087,0.0012135922330097086,1.0,8.585142135620117
BlogCatalog,4,1209,2629,0.6,0.5,27,0.3804704861058779,0.00117096018735363,1.0,8.341046810150146
BlogCatalog,4,1209,2629,0.6,0.5,28,0.2517432874580493,0.0,1.0,8.697967767715454
BlogCatalog,4,1209,2629,0.6,0.5,29,0.2517432874580493,0.0,1.0,8.68202543258667
BlogCatalog,4,1209,2629,0.6,0.5,30,0.2517432874580493,0.0,1.0,8.741540908813477
BlogCatalog,4,1209,2629,0.6,0.5,31,0.4013126102878148,0.0012165450121654502,1.0,8.35902190208435
BlogCatalog,4,1209,2629,0.6,0.5,32,0.3439928566526449,0.001282051282051282,1.0,8.532519817352295
BlogCatalog,4,1209,2629,0.6,0.5,33,0.2517432874580493,0.0,1.0,8.731297492980957
BlogCatalog,4,1209,2629,0.6,0.5,34,0.2517432874580493,0.0,1.0,8.510177850723267
BlogCatalog,4,1209,2629,0.6,0.5,35,0.2517432874580493,0.0,1.0,8.713088274002075
BlogCatalog,4,1209,2629,0.6,0.5,36,0.3960272932812385,0.001272264631043257,1.0,8.566228151321411
BlogCatalog,4,1209,2629,0.6,0.5,37,0.3725823576213895,0.0011363636363636363,1.0,8.335663318634033
BlogCatalog,4,1209,2629,0.6,0.5,38,0.38945155443418733,0.0013698630136986301,1.0,8.596514225006104
BlogCatalog,4,1209,2629,0.6,0.5,39,0.2517432874580493,0.0,1.0,8.85045313835144
BlogCatalog,4,1209,2629,0.6,0.5,40,0.3526245024152484,0.001287001287001287,1.0,8.338922023773193
BlogCatalog,4,1209,2629,0.6,0.5,41,0.3715628355624873,0.001422475106685633,1.0,8.534897089004517
BlogCatalog,4,1209,2629,0.6,0.5,42,0.3570844608373346,0.0012610340479192938,1.0,8.560872793197632
BlogCatalog,4,1209,2629,0.6,0.5,43,0.2517432874580493,0.0,1.0,8.494425535202026
BlogCatalog,4,1209,2629,0.6,0.5,44,0.3530041318187897,0.0014124293785310734,1.0,8.54429006576538
BlogCatalog,4,1209,2629,0.6,0.5,45,0.359089262065597,0.001392757660167131,1.0,8.57978105545044
BlogCatalog,4,1209,2629,0.6,0.5,46,0.359225936178999,0.0011668611435239206,1.0,8.331053018569946
BlogCatalog,4,1209,2629,0.6,0.5,47,0.3452326966415662,0.001201923076923077,1.0,8.535043478012085
BlogCatalog,4,1209,2629,0.6,0.5,48,0.2517432874580493,0.0,1.0,8.737319946289062
BlogCatalog,4,1209,2629,0.6,0.5,49,0.2517432874580493,0.0,1.0,8.509240627288818
BlogCatalog,4,1209,2629,0.6,0.5,50,0.33506523222868845,0.0012515644555694619,1.0,8.565376996994019
BlogCatalog,4,1209,2848,0.65,0.5,1,0.3698232932023463,0.0012033694344163659,1.0,8.68142294883728
BlogCatalog,4,1209,2848,0.65,0.5,2,0.36214738110360173,0.0012406947890818859,1.0,8.396291494369507
BlogCatalog,4,1209,2848,0.65,0.5,3,0.35825274439958377,0.001447178002894356,1.0,8.61580228805542
BlogCatalog,4,1209,2848,0.65,0.5,4,0.2517432874580493,0.0,1.0,8.792438268661499
BlogCatalog,4,1209,2848,0.65,0.5,5,0.2517432874580493,0.0,1.0,8.575862169265747
BlogCatalog,4,1209,2848,0.65,0.5,6,0.3812535860159213,0.0014245014245014246,1.0,8.683649778366089
BlogCatalog,4,1209,2848,0.65,0.5,7,0.3536675525750993,0.0012970168612191958,1.0,8.616472721099854
BlogCatalog,4,1209,2848,0.65,0.5,8,0.2517432874580493,0.0,1.0,8.566624879837036
BlogCatalog,4,1209,2848,0.65,0.5,9,0.3477964712483454,0.0012738853503184713,1.0,8.659995794296265
BlogCatalog,4,1209,2848,0.65,0.5,10,0.3695374807861764,0.0011614401858304297,1.0,8.62084150314331
BlogCatalog,4,1209,2848,0.65,0.5,11,0.354561792045458,0.0013812154696132596,1.0,8.691080093383789
BlogCatalog,4,1209,2848,0.65,0.5,12,0.2517432874580493,0.0,1.0,8.594090700149536
BlogCatalog,4,1209,2848,0.65,0.5,13,0.2517432874580493,0.0,1.0,8.792865753173828
BlogCatalog,4,1209,2848,0.65,0.5,14,0.3537225507726849,0.001379310344827586,1.0,8.655128955841064
BlogCatalog,4,1209,2848,0.65,0.5,15,0.35403987490102085,0.001375515818431912,1.0,8.387373208999634
BlogCatalog,4,1209,2848,0.65,0.5,16,0.2517432874580493,0.0,1.0,8.802062034606934
BlogCatalog,4,1209,2848,0.65,0.5,17,0.37936725457040193,0.0011695906432748538,1.0,8.664196491241455
BlogCatalog,4,1209,2848,0.65,0.5,18,0.3699764377430507,0.0012484394506866417,1.0,8.383890628814697
BlogCatalog,4,1209,2848,0.65,0.5,19,0.2517432874580493,0.0,1.0,8.796438932418823
BlogCatalog,4,1209,2848,0.65,0.5,20,0.35909946009050947,0.0014727540500736377,1.0,8.611643075942993
BlogCatalog,4,1209,2848,0.65,0.5,21,0.3648122017514448,0.0011876484560570072,1.0,8.385939836502075
BlogCatalog,4,1209,2848,0.65,0.5,22,0.3611580873559625,0.0012674271229404308,1.0,8.663003206253052
BlogCatalog,4,1209,2848,0.65,0.5,23,0.2517432874580493,0.0,1.0,8.806930780410767
BlogCatalog,4,1209,2848,0.65,0.5,24,0.2517432874580493,0.0,1.0,8.882964134216309
BlogCatalog,4,1209,2848,0.65,0.5,25,0.3452656093723233,0.0012330456226880395,1.0,8.40774655342102
BlogCatalog,4,1209,2848,0.65,0.5,26,0.3496850664516969,0.0012195121951219512,1.0,8.593557357788086
BlogCatalog,4,1209,2848,0.65,0.5,27,0.2517432874580493,0.0,1.0,8.843621730804443
BlogCatalog,4,1209,2848,0.65,0.5,28,0.2517432874580493,0.0,1.0,8.579940557479858
BlogCatalog,4,1209,2848,0.65,0.5,29,0.362738145054487,0.001375515818431912,1.0,8.590081691741943
BlogCatalog,4,1209,2848,0.65,0.5,30,0.2517432874580493,0.0,1.0,8.894694805145264
BlogCatalog,4,1209,2848,0.65,0.5,31,0.2517432874580493,0.0,1.0,8.553204774856567
BlogCatalog,4,1209,2848,0.65,0.5,32,0.2517432874580493,0.0,1.0,8.769813776016235
BlogCatalog,4,1209,2848,0.65,0.5,33,0.2517432874580493,0.0,1.0,8.775317907333374
BlogCatalog,4,1209,2848,0.65,0.5,34,0.2517432874580493,0.0,1.0,8.843932151794434
BlogCatalog,4,1209,2848,0.65,0.5,35,0.36621325173451813,0.0012987012987012987,1.0,8.375819206237793
BlogCatalog,4,1209,2848,0.65,0.5,36,0.35296743516443885,0.0015151515151515152,1.0,8.637110471725464
BlogCatalog,4,1209,2848,0.65,0.5,37,0.34691328354591944,0.0011655011655011655,1.0,8.699224948883057
BlogCatalog,4,1209,2848,0.65,0.5,38,0.37468160813919055,0.0012804097311139564,1.0,8.392240285873413
BlogCatalog,4,1209,2848,0.65,0.5,39,0.36395059954636877,0.001375515818431912,1.0,8.614092111587524
BlogCatalog,4,1209,2848,0.65,0.5,40,0.2517432874580493,0.0,1.0,8.833491086959839
BlogCatalog,4,1209,2848,0.65,0.5,41,0.2517432874580493,0.0,1.0,8.5724356174469
BlogCatalog,4,1209,2848,0.65,0.5,42,0.36162113508416793,0.0013717421124828531,1.0,8.623164892196655
BlogCatalog,4,1209,2848,0.65,0.5,43,0.2517432874580493,0.0,1.0,8.797257661819458
BlogCatalog,4,1209,2848,0.65,0.5,44,0.3600479489632044,0.0013054830287206266,1.0,8.673401594161987
BlogCatalog,4,1209,2848,0.65,0.5,45,0.34065733135915677,0.0012853470437017994,1.0,8.395044326782227
BlogCatalog,4,1209,2848,0.65,0.5,46,0.36396858339796606,0.0012033694344163659,1.0,8.605122566223145
BlogCatalog,4,1209,2848,0.65,0.5,47,0.39865657938043564,0.001440922190201729,1.0,8.723117351531982
BlogCatalog,4,1209,2848,0.65,0.5,48,0.2517432874580493,0.0,1.0,8.581854820251465
BlogCatalog,4,1209,2848,0.65,0.5,49,0.3531906381114411,0.0011806375442739079,1.0,8.587987184524536
BlogCatalog,4,1209,2848,0.65,0.5,50,0.2517432874580493,0.0,1.0,8.806245565414429
BlogCatalog,4,1209,3067,0.7,0.5,1,0.2517432874580493,0.0,1.0,8.678646802902222
BlogCatalog,4,1209,3067,0.7,0.5,2,0.2517432874580493,0.0,1.0,8.937413454055786
BlogCatalog,4,1209,3067,0.7,0.5,3,0.3534805157920063,0.0013812154696132596,1.0,8.681896924972534
BlogCatalog,4,1209,3067,0.7,0.5,4,0.2517432874580493,0.0,1.0,8.875147342681885
BlogCatalog,4,1209,3067,0.7,0.5,5,0.3600621376561177,0.0014705882352941176,1.0,8.444689273834229
BlogCatalog,4,1209,3067,0.7,0.5,6,0.34575737938309914,0.0013157894736842105,1.0,8.706422090530396
BlogCatalog,4,1209,3067,0.7,0.5,7,0.35264109543370165,0.0012531328320802004,1.0,8.722962141036987
BlogCatalog,4,1209,3067,0.7,0.5,8,0.3550363568466983,0.0013698630136986301,1.0,8.483664751052856
BlogCatalog,4,1209,3067,0.7,0.5,9,0.3403911620246383,0.0012919896640826874,1.0,8.692701578140259
BlogCatalog,4,1209,3067,0.7,0.5,10,0.38225134768617014,0.0014749262536873156,1.0,8.732854843139648
BlogCatalog,4,1209,3067,0.7,0.5,11,0.3495954841420121,0.0013513513513513514,1.0,8.452590942382812
BlogCatalog,4,1209,3067,0.7,0.5,12,0.37657419985606716,0.0012987012987012987,1.0,8.663448810577393
BlogCatalog,4,1209,3067,0.7,0.5,13,0.2517432874580493,0.0,1.0,8.868021249771118
BlogCatalog,4,1209,3067,0.7,0.5,14,0.3675704038290832,0.001310615989515072,1.0,8.45614743232727
BlogCatalog,4,1209,3067,0.7,0.5,15,0.3424767902759142,0.0013605442176870747,1.0,8.7472083568573
BlogCatalog,4,1209,3067,0.7,0.5,16,0.35234409049225723,0.001358695652173913,1.0,8.718934774398804
BlogCatalog,4,1209,3067,0.7,0.5,17,0.2517432874580493,0.0,1.0,8.64919924736023
BlogCatalog,4,1209,3067,0.7,0.5,18,0.36532808151885376,0.0013531799729364006,1.0,8.664913415908813
BlogCatalog,4,1209,3067,0.7,0.5,19,0.2517432874580493,0.0,1.0,8.862399816513062
BlogCatalog,4,1209,3067,0.7,0.5,20,0.2517432874580493,0.0,1.0,8.910764694213867
BlogCatalog,4,1209,3067,0.7,0.5,21,0.2517432874580493,0.0,1.0,8.66950011253357
BlogCatalog,4,1209,3067,0.7,0.5,22,0.2517432874580493,0.0,1.0,8.887396812438965
BlogCatalog,4,1209,3067,0.7,0.5,23,0.2517432874580493,0.0,1.0,8.92731499671936
BlogCatalog,4,1209,3067,0.7,0.5,24,0.3984548120758613,0.0013003901170351106,1.0,8.455991506576538
BlogCatalog,4,1209,3067,0.7,0.5,25,0.33887890489996775,0.0012106537530266344,1.0,8.714579105377197
BlogCatalog,4,1209,3067,0.7,0.5,26,0.2517432874580493,0.0,1.0,8.878160953521729
BlogCatalog,4,1209,3067,0.7,0.5,27,0.2517432874580493,0.0,1.0,8.644033908843994
BlogCatalog,4,1209,3067,0.7,0.5,28,0.3731635302185612,0.001379310344827586,1.0,8.696999311447144
BlogCatalog,4,1209,3067,0.7,0.5,29,0.2517432874580493,0.0,1.0,8.933834552764893
BlogCatalog,4,1209,3067,0.7,0.5,30,0.2517432874580493,0.0,1.0,8.641109228134155
BlogCatalog,4,1209,3067,0.7,0.5,31,0.2517432874580493,0.0,1.0,8.857325077056885
BlogCatalog,4,1209,3067,0.7,0.5,32,0.2517432874580493,0.0,1.0,8.875579357147217
BlogCatalog,4,1209,3067,0.7,0.5,33,0.36478447253918656,0.001326259946949602,1.0,8.724020719528198
BlogCatalog,4,1209,3067,0.7,0.5,34,0.3620606017559337,0.0011494252873563218,1.0,8.474116086959839
BlogCatalog,4,1209,3067,0.7,0.5,35,0.2517432874580493,0.0,1.0,8.829627990722656
BlogCatalog,4,1209,3067,0.7,0.5,36,0.3525817753621012,0.0011737089201877935,1.0,8.734244585037231
BlogCatalog,4,1209,3067,0.7,0.5,37,0.2517432874580493,0.0,1.0,8.624022006988525
BlogCatalog,4,1209,3067,0.7,0.5,38,0.2517432874580493,0.0,1.0,8.85609483718872
BlogCatalog,4,1209,3067,0.7,0.5,39,0.3457995466629087,0.0012239902080783353,1.0,8.695386171340942
BlogCatalog,4,1209,3067,0.7,0.5,40,0.34650244259137963,0.0011933174224343676,1.0,8.483962059020996
BlogCatalog,4,1209,3067,0.7,0.5,41,0.3693224679161301,0.0014388489208633094,1.0,8.684654951095581
BlogCatalog,4,1209,3067,0.7,0.5,42,0.35507497699972207,0.0012135922330097086,1.0,8.745676755905151
BlogCatalog,4,1209,3067,0.7,0.5,43,0.2517432874580493,0.0,1.0,8.910305976867676
BlogCatalog,4,1209,3067,0.7,0.5,44,0.3722497526221129,0.0014992503748125937,1.0,8.453993797302246
BlogCatalog,4,1209,3067,0.7,0.5,45,0.35288679200985135,0.0012376237623762376,1.0,8.679596900939941
BlogCatalog,4,1209,3067,0.7,0.5,46,0.3443117825305221,0.001182033096926714,1.0,8.76404595375061
BlogCatalog,4,1209,3067,0.7,0.5,47,0.3483858473419455,0.0013089005235602095,1.0,8.515141010284424
BlogCatalog,4,1209,3067,0.7,0.5,48,0.2517432874580493,0.0,1.0,8.853350162506104
BlogCatalog,4,1209,3067,0.7,0.5,49,0.3555769701638837,0.00117096018735363,1.0,8.709590196609497
BlogCatalog,4,1209,3067,0.7,0.5,50,0.36353342685539447,0.0013003901170351106,1.0,8.740617752075195
BlogCatalog,4,1209,3286,0.75,0.5,1,0.2517432874580493,0.0,1.0,8.730170249938965
BlogCatalog,4,1209,3286,0.75,0.5,2,0.34703189950740637,0.0013774104683195593,1.0,8.759845972061157
BlogCatalog,4,1209,3286,0.75,0.5,3,0.359193828252302,0.0015105740181268882,1.0,8.74565601348877
BlogCatalog,4,1209,3286,0.75,0.5,4,0.2517432874580493,0.0,1.0,8.724635362625122
BlogCatalog,4,1209,3286,0.75,0.5,5,0.2517432874580493,0.0,1.0,8.964473485946655
BlogCatalog,4,1209,3286,0.75,0.5,6,0.34738053989082934,0.0012690355329949238,1.0,8.833150148391724
BlogCatalog,4,1209,3286,0.75,0.5,7,0.36479082886806846,0.0014970059880239522,1.0,8.775773525238037
BlogCatalog,4,1209,3286,0.75,0.5,8,0.3611698233289058,0.001336898395721925,1.0,8.540995597839355
BlogCatalog,4,1209,3286,0.75,0.5,9,0.34216574057097854,0.0012360939431396785,1.0,8.752217769622803
BlogCatalog,4,1209,3286,0.75,0.5,10,0.3917724957679695,0.0013513513513513514,1.0,8.845613718032837
BlogCatalog,4,1209,3286,0.75,0.5,11,0.2517432874580493,0.0,1.0,8.759736776351929
BlogCatalog,4,1209,3286,0.75,0.5,12,0.2517432874580493,0.0,1.0,8.937621116638184
BlogCatalog,4,1209,3286,0.75,0.5,13,0.40639462438736895,0.0013908205841446453,1.0,8.831053018569946
BlogCatalog,4,1209,3286,0.75,0.5,14,0.2517432874580493,0.0,1.0,8.72695255279541
BlogCatalog,4,1209,3286,0.75,0.5,15,0.2517432874580493,0.0,1.0,8.983767747879028
BlogCatalog,4,1209,3286,0.75,0.5,16,0.3523117721671576,0.0012135922330097086,1.0,8.926492929458618
BlogCatalog,4,1209,3286,0.75,0.5,17,0.34503493006254415,0.0012437810945273632,1.0,8.69145655632019
BlogCatalog,4,1209,3286,0.75,0.5,18,0.38154930947853877,0.0014705882352941176,1.0,8.819578886032104
BlogCatalog,4,1209,3286,0.75,0.5,19,0.2517432874580493,0.0,1.0,8.927140951156616
BlogCatalog,4,1209,3286,0.75,0.5,20,0.2517432874580493,0.0,1.0,9.006307125091553
BlogCatalog,4,1209,3286,0.75,0.5,21,0.2517432874580493,0.0,1.0,8.711347341537476
BlogCatalog,4,1209,3286,0.75,0.5,22,0.3739683997287891,0.0013020833333333333,1.0,8.754715204238892
BlogCatalog,4,1209,3286,0.75,0.5,23,0.2517432874580493,0.0,1.0,8.957874298095703
BlogCatalog,4,1209,3286,0.75,0.5,24,0.2517432874580493,0.0,1.0,8.968075275421143
BlogCatalog,4,1209,3286,0.75,0.5,25,0.35254936015898775,0.001336898395721925,1.0,8.548726081848145
BlogCatalog,4,1209,3286,0.75,0.5,26,0.3648555677811286,0.0013020833333333333,1.0,8.753744840621948
BlogCatalog,4,1209,3286,0.75,0.5,27,0.2517432874580493,0.0,1.0,9.007219552993774
BlogCatalog,4,1209,3286,0.75,0.5,28,0.3550216472970007,0.001326259946949602,1.0,8.529922485351562
BlogCatalog,4,1209,3286,0.75,0.5,29,0.34948336152125287,0.0012330456226880395,1.0,8.759197235107422
BlogCatalog,4,1209,3286,0.75,0.5,30,0.2517432874580493,0.0,1.0,8.925102710723877
BlogCatalog,4,1209,3286,0.75,0.5,31,0.2517432874580493,0.0,1.0,8.734043598175049
BlogCatalog,4,1209,3286,0.75,0.5,32,0.3549598968783442,0.0012437810945273632,1.0,8.80118203163147
BlogCatalog,4,1209,3286,0.75,0.5,33,0.3748182255207472,0.0015923566878980893,1.0,8.76990532875061
BlogCatalog,4,1209,3286,0.75,0.5,34,0.2517432874580493,0.0,1.0,8.980191946029663
BlogCatalog,4,1209,3286,0.75,0.5,35,0.2517432874580493,0.0,1.0,8.711445093154907
BlogCatalog,4,1209,3286,0.75,0.5,36,0.3529353406489986,0.0013192612137203166,1.0,8.787476062774658
BlogCatalog,4,1209,3286,0.75,0.5,37,0.2517432874580493,0.0,1.0,8.961480379104614
BlogCatalog,4,1209,3286,0.75,0.5,38,0.35092919878387024,0.0013513513513513514,1.0,8.51103138923645
BlogCatalog,4,1209,3286,0.75,0.5,39,0.2517432874580493,0.0,1.0,8.956270694732666
BlogCatalog,4,1209,3286,0.75,0.5,40,0.2517432874580493,0.0,1.0,9.046925067901611
BlogCatalog,4,1209,3286,0.75,0.5,41,0.2517432874580493,0.0,1.0,8.723694086074829
BlogCatalog,4,1209,3286,0.75,0.5,42,0.3490711285940693,0.0012987012987012987,1.0,8.77191686630249
BlogCatalog,4,1209,3286,0.75,0.5,43,0.3507739652356925,0.0012578616352201257,1.0,8.749178409576416
BlogCatalog,4,1209,3286,0.75,0.5,44,0.2517432874580493,0.0,1.0,8.951054573059082
BlogCatalog,4,1209,3286,0.75,0.5,45,0.34945312731153244,0.00141643059490085,1.0,8.555082559585571
BlogCatalog,4,1209,3286,0.75,0.5,46,0.3632872319209273,0.0013054830287206266,1.0,8.804255485534668
BlogCatalog,4,1209,3286,0.75,0.5,47,0.2517432874580493,0.0,1.0,9.06749415397644
BlogCatalog,4,1209,3286,0.75,0.5,48,0.2517432874580493,0.0,1.0,8.71505331993103
BlogCatalog,4,1209,3286,0.75,0.5,49,0.2517432874580493,0.0,1.0,8.938409328460693
BlogCatalog,4,1209,3286,0.75,0.5,50,0.2517432874580493,0.0,1.0,8.99035930633545
BlogCatalog,4,1209,3506,0.8,0.5,1,0.35419403904182106,0.0013333333333333333,1.0,8.624751806259155
BlogCatalog,4,1209,3506,0.8,0.5,2,0.3687943905950923,0.0013386880856760374,1.0,8.835521697998047
BlogCatalog,4,1209,3506,0.8,0.5,3,0.3749201098466241,0.0013513513513513514,1.0,8.876801013946533
BlogCatalog,4,1209,3506,0.8,0.5,4,0.4216060262959393,0.0014265335235378032,1.0,8.649031162261963
BlogCatalog,4,1209,3506,0.8,0.5,5,0.3563506181051658,0.0012970168612191958,1.0,8.818836688995361
BlogCatalog,4,1209,3506,0.8,0.5,6,0.3532729244384947,0.001218026796589525,1.0,8.84215497970581
BlogCatalog,4,1209,3506,0.8,0.5,7,0.2517432874580493,0.0,1.0,8.820088386535645
BlogCatalog,4,1209,3506,0.8,0.5,8,0.2517432874580493,0.0,1.0,9.084386825561523
BlogCatalog,4,1209,3506,0.8,0.5,9,0.2517432874580493,0.0,1.0,9.034810543060303
BlogCatalog,4,1209,3506,0.8,0.5,10,0.37139484382711874,0.0013679890560875513,1.0,8.878279447555542
BlogCatalog,4,1209,3506,0.8,0.5,11,0.35427831232556223,0.0011655011655011655,1.0,8.664531230926514
BlogCatalog,4,1209,3506,0.8,0.5,12,0.2517432874580493,0.0,1.0,8.988349676132202
BlogCatalog,4,1209,3506,0.8,0.5,13,0.37637903410711737,0.001122334455667789,1.0,8.829946041107178
BlogCatalog,4,1209,3506,0.8,0.5,14,0.2517432874580493,0.0,1.0,8.804321050643921
BlogCatalog,4,1209,3506,0.8,0.5,15,0.3685370084071716,0.001282051282051282,1.0,8.875302076339722
BlogCatalog,4,1209,3506,0.8,0.5,16,0.2517432874580493,0.0,1.0,8.955480337142944
BlogCatalog,4,1209,3506,0.8,0.5,17,0.36119417748018445,0.0013089005235602095,1.0,8.608356237411499
BlogCatalog,4,1209,3506,0.8,0.5,18,0.2517432874580493,0.0,1.0,9.046818733215332
BlogCatalog,4,1209,3506,0.8,0.5,19,0.3687799812865868,0.0011049723756906078,1.0,8.846413612365723
BlogCatalog,4,1209,3506,0.8,0.5,20,0.2517432874580493,0.0,1.0,9.02715253829956
BlogCatalog,4,1209,3506,0.8,0.5,21,0.35724006093008204,0.0014265335235378032,1.0,8.635475635528564
BlogCatalog,4,1209,3506,0.8,0.5,22,0.36001750485952866,0.0013297872340425532,1.0,8.816645622253418
BlogCatalog,4,1209,3506,0.8,0.5,23,0.3649686619276891,0.0013774104683195593,1.0,8.871713161468506
BlogCatalog,4,1209,3506,0.8,0.5,24,0.2517432874580493,0.0,1.0,8.783649444580078
BlogCatalog,4,1209,3506,0.8,0.5,25,0.35241500607869913,0.001215066828675577,1.0,8.812581062316895
BlogCatalog,4,1209,3506,0.8,0.5,26,0.37807230522255597,0.001272264631043257,1.0,8.870770692825317
BlogCatalog,4,1209,3506,0.8,0.5,27,0.2517432874580493,0.0,1.0,8.805091619491577
BlogCatalog,4,1209,3506,0.8,0.5,28,0.2517432874580493,0.0,1.0,9.035067796707153
BlogCatalog,4,1209,3506,0.8,0.5,29,0.3531382125856782,0.0012755102040816326,1.0,8.830880880355835
BlogCatalog,4,1209,3506,0.8,0.5,30,0.3537408573175039,0.0014064697609001407,1.0,8.856536865234375
BlogCatalog,4,1209,3506,0.8,0.5,31,0.37566003696245215,0.0014705882352941176,1.0,8.62439227104187
BlogCatalog,4,1209,3506,0.8,0.5,32,0.35195274534554294,0.0012106537530266344,1.0,8.831125736236572
BlogCatalog,4,1209,3506,0.8,0.5,33,0.3696209846526814,0.0012903225806451613,1.0,8.868365287780762
BlogCatalog,4,1209,3506,0.8,0.5,34,0.34500239553216117,0.0011792452830188679,1.0,8.613405466079712
BlogCatalog,4,1209,3506,0.8,0.5,35,0.2517432874580493,0.0,1.0,9.020278453826904
BlogCatalog,4,1209,3506,0.8,0.5,36,0.36251334261652723,0.0011350737797956867,1.0,8.87752628326416
BlogCatalog,4,1209,3506,0.8,0.5,37,0.35045985118348855,0.001201923076923077,1.0,8.604689121246338
BlogCatalog,4,1209,3506,0.8,0.5,38,0.2517432874580493,0.0,1.0,9.084632158279419
BlogCatalog,4,1209,3506,0.8,0.5,39,0.2517432874580493,0.0,1.0,8.993063926696777
BlogCatalog,4,1209,3506,0.8,0.5,40,0.38246290924125004,0.0007636502481863307,0.99899673940306,8.884641885757446
BlogCatalog,4,1209,3506,0.8,0.5,41,0.2517432874580493,0.0,1.0,8.808846473693848
BlogCatalog,4,1209,3506,0.8,0.5,42,0.38625864567001733,0.001314060446780552,1.0,8.832111835479736
BlogCatalog,4,1209,3506,0.8,0.5,43,0.3536960332401388,0.0012953367875647669,1.0,8.867261409759521
BlogCatalog,4,1209,3506,0.8,0.5,44,0.2517432874580493,0.0,1.0,8.836172580718994
BlogCatalog,4,1209,3506,0.8,0.5,45,0.35578583103183825,0.0012626262626262627,1.0,8.884469270706177
BlogCatalog,4,1209,3506,0.8,0.5,46,0.2517432874580493,0.0,1.0,9.023106336593628
BlogCatalog,4,1209,3506,0.8,0.5,47,0.2517432874580493,0.0,1.0,9.053154706954956
BlogCatalog,4,1209,3506,0.8,0.5,48,0.3552191079605631,0.0013245033112582781,1.0,8.622923135757446
BlogCatalog,4,1209,3506,0.8,0.5,49,0.2517432874580493,0.0,1.0,8.991453170776367
BlogCatalog,4,1209,3506,0.8,0.5,50,0.2517432874580493,0.0,1.0,9.077199459075928
BlogCatalog,4,1209,3725,0.85,0.5,1,0.2517432874580493,0.0,1.0,8.888349771499634
BlogCatalog,4,1209,3725,0.85,0.5,2,0.3719234332038345,0.0011574074074074073,1.0,8.895690441131592
BlogCatalog,4,1209,3725,0.85,0.5,3,0.3613614828395567,0.0013297872340425532,1.0,8.900352001190186
BlogCatalog,4,1209,3725,0.85,0.5,4,0.3640731570006953,0.0012547051442910915,1.0,8.940786600112915
BlogCatalog,4,1209,3725,0.85,0.5,5,0.350907990707667,0.0012224938875305623,1.0,8.70250391960144
BlogCatalog,4,1209,3725,0.85,0.5,6,0.3627944680243094,0.0012547051442910915,1.0,8.922542572021484
BlogCatalog,4,1209,3725,0.85,0.5,7,0.3431717664276038,0.0014347202295552368,1.0,8.979330778121948
BlogCatalog,4,1209,3725,0.85,0.5,8,0.2517432874580493,0.0,1.0,8.88229250907898
BlogCatalog,4,1209,3725,0.85,0.5,9,0.36829438259256664,0.0013440860215053765,1.0,8.903318166732788
BlogCatalog,4,1209,3725,0.85,0.5,10,0.2517432874580493,0.0,1.0,9.07088041305542
BlogCatalog,4,1209,3725,0.85,0.5,11,0.2517432874580493,0.0,1.0,9.134501695632935
BlogCatalog,4,1209,3725,0.85,0.5,12,0.36179383327489983,0.0014347202295552368,1.0,8.659477949142456
BlogCatalog,4,1209,3725,0.85,0.5,13,0.3604136534391778,0.0012987012987012987,1.0,8.892574548721313
BlogCatalog,4,1209,3725,0.85,0.5,14,0.2517432874580493,0.0,1.0,9.089987754821777
BlogCatalog,4,1209,3725,0.85,0.5,15,0.3457066268183959,0.0012360939431396785,1.0,8.696566104888916
BlogCatalog,4,1209,3725,0.85,0.5,16,0.35078257132199414,0.0011655011655011655,1.0,8.921287775039673
BlogCatalog,4,1209,3725,0.85,0.5,17,0.2517432874580493,0.0,1.0,9.171886682510376
BlogCatalog,4,1209,3725,0.85,0.5,18,0.3695931754654714,0.0013422818791946308,1.0,8.673612356185913
BlogCatalog,4,1209,3725,0.85,0.5,19,0.2517432874580493,0.0,1.0,9.048529148101807
BlogCatalog,4,1209,3725,0.85,0.5,20,0.3416814617861776,0.0011876484560570072,1.0,8.919877529144287
BlogCatalog,4,1209,3725,0.85,0.5,21,0.34423949646548524,0.0014064697609001407,1.0,8.953560829162598
BlogCatalog,4,1209,3725,0.85,0.5,22,0.2517432874580493,0.0,1.0,8.85118317604065
BlogCatalog,4,1209,3725,0.85,0.5,23,0.2517432874580493,0.0,1.0,9.09983777999878
BlogCatalog,4,1209,3725,0.85,0.5,24,0.2517432874580493,0.0,1.0,9.20089840888977
BlogCatalog,4,1209,3725,0.85,0.5,25,0.38490755703209273,0.001394700139470014,1.0,8.705767154693604
BlogCatalog,4,1209,3725,0.85,0.5,26,0.38254682686655384,0.0013003901170351106,1.0,8.91413950920105
BlogCatalog,4,1209,3725,0.85,0.5,27,0.2517432874580493,0.0,1.0,9.111896276473999
BlogCatalog,4,1209,3725,0.85,0.5,28,0.3512624072956899,0.0013850415512465374,1.0,8.68266487121582
BlogCatalog,4,1209,3725,0.85,0.5,29,0.36387682266667265,0.00129366106080207,1.0,8.885322332382202
BlogCatalog,4,1209,3725,0.85,0.5,30,0.36656693190157524,0.0011337868480725624,1.0,8.941501140594482
BlogCatalog,4,1209,3725,0.85,0.5,31,0.2517432874580493,0.0,1.0,8.878070592880249
BlogCatalog,4,1209,3725,0.85,0.5,32,0.2517432874580493,0.0,1.0,9.133145570755005
BlogCatalog,4,1209,3725,0.85,0.5,33,0.2517432874580493,0.0,1.0,9.072425603866577
BlogCatalog,4,1209,3725,0.85,0.5,34,0.3590066751527593,0.0012406947890818859,1.0,8.936598539352417
BlogCatalog,4,1209,3725,0.85,0.5,35,0.3523152796540374,0.0016366612111292963,1.0,8.713189125061035
BlogCatalog,4,1209,3725,0.85,0.5,36,0.2517432874580493,0.0,1.0,9.089479446411133
BlogCatalog,4,1209,3725,0.85,0.5,37,0.39244799297128913,0.0013698630136986301,1.0,8.929052352905273
BlogCatalog,4,1209,3725,0.85,0.5,38,0.2517432874580493,0.0,1.0,8.852669954299927
BlogCatalog,4,1209,3725,0.85,0.5,39,0.37785451026553296,0.0014084507042253522,1.0,8.923433780670166
BlogCatalog,4,1209,3725,0.85,0.5,40,0.35047686906592695,0.0013192612137203166,1.0,8.911415576934814
BlogCatalog,4,1209,3725,0.85,0.5,41,0.3426940128826819,0.001326259946949602,1.0,8.973512411117554
BlogCatalog,4,1209,3725,0.85,0.5,42,0.35037569280742636,0.001256281407035176,1.0,8.70346188545227
BlogCatalog,4,1209,3725,0.85,0.5,43,0.37901384890671164,0.0012970168612191958,1.0,8.88973069190979
BlogCatalog,4,1209,3725,0.85,0.5,44,0.2517432874580493,0.0,1.0,9.103479385375977
BlogCatalog,4,1209,3725,0.85,0.5,45,0.3528222821256752,0.0013531799729364006,1.0,8.689466953277588
BlogCatalog,4,1209,3725,0.85,0.5,46,0.2517432874580493,0.0,1.0,9.079878091812134
BlogCatalog,4,1209,3725,0.85,0.5,47,0.350623426912307,0.001277139208173691,1.0,8.924159526824951
BlogCatalog,4,1209,3725,0.85,0.5,48,0.2517432874580493,0.0,1.0,9.132003545761108
BlogCatalog,4,1209,3725,0.85,0.5,49,0.2517432874580493,0.0,1.0,8.855295181274414
BlogCatalog,4,1209,3725,0.85,0.5,50,0.36751819820827214,0.001336898395721925,1.0,8.885742425918579
BlogCatalog,4,1209,3944,0.9,0.5,1,0.35707599647729316,0.0012453300124533001,1.0,9.003559112548828
BlogCatalog,4,1209,3944,0.9,0.5,2,0.2517432874580493,0.0,1.0,8.935317039489746
BlogCatalog,4,1209,3944,0.9,0.5,3,0.2517432874580493,0.0,1.0,9.164319515228271
BlogCatalog,4,1209,3944,0.9,0.5,4,0.3459454580086521,0.0012254901960784314,1.0,8.996528148651123
BlogCatalog,4,1209,3944,0.9,0.5,5,0.36274010569391635,0.0012468827930174563,1.0,9.067283391952515
BlogCatalog,4,1209,3944,0.9,0.5,6,0.2517432874580493,0.0,1.0,8.950602293014526
BlogCatalog,4,1209,3944,0.9,0.5,7,0.36093138528424074,0.0012610340479192938,1.0,8.980421781539917
BlogCatalog,4,1209,3944,0.9,0.5,8,0.35618072628150077,0.001256281407035176,1.0,8.996505737304688
BlogCatalog,4,1209,3944,0.9,0.5,9,0.2517432874580493,0.0,1.0,8.96371579170227
BlogCatalog,4,1209,3944,0.9,0.5,10,0.2517432874580493,0.0,1.0,9.147971153259277
BlogCatalog,4,1209,3944,0.9,0.5,11,0.2517432874580493,0.0,1.0,9.152329444885254
BlogCatalog,4,1209,3944,0.9,0.5,12,0.41839109052332063,0.0014388489208633094,1.0,9.058844804763794
BlogCatalog,4,1209,3944,0.9,0.5,13,0.41031016516364793,0.0013175230566534915,1.0,8.716992139816284
BlogCatalog,4,1209,3944,0.9,0.5,14,0.3967250448395318,0.0012578616352201257,1.0,8.990787506103516
BlogCatalog,4,1209,3944,0.9,0.5,15,0.2517432874580493,0.0,1.0,9.18138837814331
BlogCatalog,4,1209,3944,0.9,0.5,16,0.34082328797047,0.001226993865030675,1.0,8.805253505706787
BlogCatalog,4,1209,3944,0.9,0.5,17,0.2517432874580493,0.0,1.0,9.150599241256714
BlogCatalog,4,1209,3944,0.9,0.5,18,0.2517432874580493,0.0,1.0,9.1684889793396
BlogCatalog,4,1209,3944,0.9,0.5,19,0.3850561344741551,0.0014326647564469914,1.0,8.757566452026367
BlogCatalog,4,1209,3944,0.9,0.5,20,0.3647214622306845,0.001226993865030675,1.0,9.006544351577759
BlogCatalog,4,1209,3944,0.9,0.5,21,0.2517432874580493,0.0,1.0,9.167973756790161
BlogCatalog,4,1209,3944,0.9,0.5,22,0.372602769509244,0.0012547051442910915,1.0,9.011448621749878
BlogCatalog,4,1209,3944,0.9,0.5,23,0.2517432874580493,0.0,1.0,8.939346075057983
BlogCatalog,4,1209,3944,0.9,0.5,24,0.39764933150253673,0.0013157894736842105,1.0,9.015539646148682
BlogCatalog,4,1209,3944,0.9,0.5,25,0.2517432874580493,0.0,1.0,9.19292163848877
BlogCatalog,4,1209,3944,0.9,0.5,26,0.2517432874580493,0.0,1.0,8.960500001907349
BlogCatalog,4,1209,3944,0.9,0.5,27,0.3590731355462866,0.0012787723785166241,1.0,8.974679231643677
BlogCatalog,4,1209,3944,0.9,0.5,28,0.35231891417733185,0.001288659793814433,1.0,8.989634275436401
BlogCatalog,4,1209,3944,0.9,0.5,29,0.35281361600481836,0.001177856301531213,1.0,8.769455194473267
BlogCatalog,4,1209,3944,0.9,0.5,30,0.34979704443096366,0.0012484394506866417,1.0,9.021934032440186
BlogCatalog,4,1209,3944,0.9,0.5,31,0.2517432874580493,0.0,1.0,9.19911241531372
BlogCatalog,4,1209,3944,0.9,0.5,32,0.2517432874580493,0.0,1.0,9.249920129776001
BlogCatalog,4,1209,3944,0.9,0.5,33,0.2517432874580493,0.0,1.0,8.933624505996704
BlogCatalog,4,1209,3944,0.9,0.5,34,0.37371264760978684,0.0014005602240896359,1.0,8.962768793106079
BlogCatalog,4,1209,3944,0.9,0.5,35,0.2517432874580493,0.0,1.0,9.227113962173462
BlogCatalog,4,1209,3944,0.9,0.5,36,0.37537482225974367,0.0013192612137203166,1.0,8.744501113891602
BlogCatalog,4,1209,3944,0.9,0.5,37,0.2517432874580493,0.0,1.0,9.15116548538208
BlogCatalog,4,1209,3944,0.9,0.5,38,0.35167352515888195,0.001287001287001287,1.0,9.001293659210205
BlogCatalog,4,1209,3944,0.9,0.5,39,0.3758186123347868,0.0014184397163120568,1.0,9.032367467880249
BlogCatalog,4,1209,3944,0.9,0.5,40,0.2517432874580493,0.0,1.0,8.951153755187988
BlogCatalog,4,1209,3944,0.9,0.5,41,0.2517432874580493,0.0,1.0,9.167211294174194
BlogCatalog,4,1209,3944,0.9,0.5,42,0.2517432874580493,0.0,1.0,9.230494022369385
BlogCatalog,4,1209,3944,0.9,0.5,43,0.360837514532246,0.0012515644555694619,1.0,8.741975545883179
BlogCatalog,4,1209,3944,0.9,0.5,44,0.2517432874580493,0.0,1.0,9.171215057373047
BlogCatalog,4,1209,3944,0.9,0.5,45,0.3574471012656037,0.0013054830287206266,1.0,9.042287349700928
BlogCatalog,4,1209,3944,0.9,0.5,46,0.3543260690690609,0.0012755102040816326,1.0,8.742572546005249
BlogCatalog,4,1209,3944,0.9,0.5,47,0.2517432874580493,0.0,1.0,9.169526815414429
BlogCatalog,4,1209,3944,0.9,0.5,48,0.34566924800262916,0.0012165450121654502,1.0,9.018693923950195
BlogCatalog,4,1209,3944,0.9,0.5,49,0.2517432874580493,0.0,1.0,8.944556951522827
BlogCatalog,4,1209,3944,0.9,0.5,50,0.3733130870823252,0.0014064697609001407,1.0,8.9667227268219
BlogCatalog,4,1209,4163,0.95,0.5,1,0.2517432874580493,0.0,1.0,9.213464260101318
BlogCatalog,4,1209,4163,0.95,0.5,2,0.2517432874580493,0.0,1.0,9.062737226486206
BlogCatalog,4,1209,4163,0.95,0.5,3,0.2517432874580493,0.0,1.0,9.27385425567627
BlogCatalog,4,1209,4163,0.95,0.5,4,0.2517432874580493,0.0,1.0,9.22421407699585
BlogCatalog,4,1209,4163,0.95,0.5,5,0.41522826905852894,0.0016366612111292963,1.0,9.113614559173584
BlogCatalog,4,1209,4163,0.95,0.5,6,0.2517432874580493,0.0,1.0,9.021008253097534
BlogCatalog,4,1209,4163,0.95,0.5,7,0.2517432874580493,0.0,1.0,9.22787880897522
BlogCatalog,4,1209,4163,0.95,0.5,8,0.2517432874580493,0.0,1.0,9.224465370178223
BlogCatalog,4,1209,4163,0.95,0.5,9,0.3959409887657236,0.0012787723785166241,1.0,8.838907241821289
BlogCatalog,4,1209,4163,0.95,0.5,10,0.34773455213571614,0.00129366106080207,1.0,9.083878993988037
BlogCatalog,4,1209,4163,0.95,0.5,11,0.2517432874580493,0.0,1.0,9.245566606521606
BlogCatalog,4,1209,4163,0.95,0.5,12,0.36783495440819736,0.0013297872340425532,1.0,9.10702896118164
BlogCatalog,4,1209,4163,0.95,0.5,13,0.2517432874580493,0.0,1.0,9.001093864440918
BlogCatalog,4,1209,4163,0.95,0.5,14,0.2517432874580493,0.0,1.0,9.237344741821289
BlogCatalog,4,1209,4163,0.95,0.5,15,0.35978941667259295,0.001184834123222749,1.0,9.104834794998169
BlogCatalog,4,1209,4163,0.95,0.5,16,0.3676984275344729,0.00125,1.0,8.841224670410156
BlogCatalog,4,1209,4163,0.95,0.5,17,0.38915129363611056,0.0012836970474967907,1.0,9.053109884262085
BlogCatalog,4,1209,4163,0.95,0.5,18,0.2517432874580493,0.0,1.0,9.229236364364624
BlogCatalog,4,1209,4163,0.95,0.5,19,0.35308917395231887,0.0013315579227696406,1.0,9.07741641998291
BlogCatalog,4,1209,4163,0.95,0.5,20,0.37222349404459615,0.0014347202295552368,1.0,8.825077295303345
BlogCatalog,4,1209,4163,0.95,0.5,21,0.2517432874580493,0.0,1.0,9.25217890739441
BlogCatalog,4,1209,4163,0.95,0.5,22,0.3527837645507348,0.0013175230566534915,1.0,9.13003945350647
BlogCatalog,4,1209,4163,0.95,0.5,23,0.2517432874580493,0.0,1.0,8.999678134918213
BlogCatalog,4,1209,4163,0.95,0.5,24,0.3443896830848103,0.001364256480218281,1.0,9.0348961353302
BlogCatalog,4,1209,4163,0.95,0.5,25,0.36346954048381513,0.0011904761904761906,1.0,9.066114902496338
BlogCatalog,4,1209,4163,0.95,0.5,26,0.364175662410406,0.0013736263736263737,1.0,8.803731679916382
BlogCatalog,4,1209,4163,0.95,0.5,27,0.2517432874580493,0.0,1.0,9.246612548828125
BlogCatalog,4,1209,4163,0.95,0.5,28,0.2517432874580493,0.0,1.0,9.244969844818115
BlogCatalog,4,1209,4163,0.95,0.5,29,0.2517432874580493,0.0,1.0,9.258008480072021
BlogCatalog,4,1209,4163,0.95,0.5,30,0.36419375225402123,0.0012330456226880395,1.0,8.839322090148926
BlogCatalog,4,1209,4163,0.95,0.5,31,0.3739321437105868,0.0014705882352941176,1.0,9.036948442459106
BlogCatalog,4,1209,4163,0.95,0.5,32,0.3438689781862243,0.001287001287001287,1.0,9.290645837783813
BlogCatalog,4,1209,4163,0.95,0.5,33,0.2517432874580493,0.0,1.0,9.028685569763184
BlogCatalog,4,1209,4163,0.95,0.5,34,0.35249753913302206,0.001183431952662722,1.0,9.154969692230225
BlogCatalog,4,1209,4163,0.95,0.5,35,0.2517432874580493,0.0,1.0,9.23315167427063
BlogCatalog,4,1209,4163,0.95,0.5,36,0.2517432874580493,0.0,1.0,9.282910823822021
BlogCatalog,4,1209,4163,0.95,0.5,37,0.35311364488262176,0.0013227513227513227,1.0,8.829231262207031
BlogCatalog,4,1209,4163,0.95,0.5,38,0.2517432874580493,0.0,1.0,9.233257532119751
BlogCatalog,4,1209,4163,0.95,0.5,39,0.3549530493722674,0.0012706480304955528,1.0,9.072981119155884
BlogCatalog,4,1209,4163,0.95,0.5,40,0.37100940732363535,0.0013966480446927375,1.0,8.890712261199951
BlogCatalog,4,1209,4163,0.95,0.5,41,0.2517432874580493,0.0,1.0,9.231498718261719
BlogCatalog,4,1209,4163,0.95,0.5,42,0.2517432874580493,0.0,1.0,9.19741940498352
BlogCatalog,4,1209,4163,0.95,0.5,43,0.2517432874580493,0.0,1.0,9.274621725082397
BlogCatalog,4,1209,4163,0.95,0.5,44,0.35449932155885966,0.0013774104683195593,1.0,8.831236124038696
BlogCatalog,4,1209,4163,0.95,0.5,45,0.3748929572904835,0.0011947431302270011,1.0,9.048159122467041
BlogCatalog,4,1209,4163,0.95,0.5,46,0.34441094946795364,0.0013157894736842105,1.0,9.103030443191528
BlogCatalog,4,1209,4163,0.95,0.5,47,0.2517432874580493,0.0,1.0,9.032740592956543
BlogCatalog,4,1209,4163,0.95,0.5,48,0.2517432874580493,0.0,1.0,9.290379762649536
BlogCatalog,4,1209,4163,0.95,0.5,49,0.2517432874580493,0.0,1.0,9.27277946472168
BlogCatalog,4,1209,4163,0.95,0.5,50,0.35666420134102494,0.0014184397163120568,1.0,9.03791069984436
BlogCatalog,4,1209,4382,1,0.5,1,0.3456528839289163,0.0012437810945273632,1.0,9.426914930343628
BlogCatalog,4,1209,4382,1,0.5,2,0.2517432874580493,0.0,1.0,9.385843276977539
BlogCatalog,4,1209,4382,1,0.5,3,0.37072690689119314,0.0013280212483399733,1.0,9.374953985214233
BlogCatalog,4,1209,4382,1,0.5,4,0.4169982873883115,0.001394700139470014,1.0,9.000033855438232
BlogCatalog,4,1209,4382,1,0.5,5,0.2517432874580493,0.0,1.0,9.392159700393677
BlogCatalog,4,1209,4382,1,0.5,6,0.2517432874580493,0.0,1.0,9.386031150817871
BlogCatalog,4,1209,4382,1,0.5,7,0.3515060799151457,0.0013123359580052493,1.0,8.956009864807129
BlogCatalog,4,1209,4382,1,0.5,8,0.3610521336536918,0.0012106537530266344,1.0,9.253116130828857
BlogCatalog,4,1209,4382,1,0.5,9,0.2517432874580493,0.0,1.0,9.556101322174072
BlogCatalog,4,1209,4382,1,0.5,10,0.2517432874580493,0.0,1.0,9.448419570922852
BlogCatalog,4,1209,4382,1,0.5,11,0.35747301006521853,0.0012091898428053204,1.0,9.65833592414856
BlogCatalog,4,1209,4382,1,0.5,12,0.2517432874580493,0.0,1.0,10.10379934310913
BlogCatalog,4,1209,4382,1,0.5,13,0.3694216494508955,0.0011918951132300357,1.0,9.784054040908813
BlogCatalog,4,1209,4382,1,0.5,14,0.3566488072150638,0.001184834123222749,1.0,9.34435224533081
BlogCatalog,4,1209,4382,1,0.5,15,0.3547454950130336,0.0012345679012345679,1.0,8.924504518508911
BlogCatalog,4,1209,4382,1,0.5,16,0.36111540006147225,0.0012484394506866417,1.0,9.151004314422607
BlogCatalog,4,1209,4382,1,0.5,17,0.2517432874580493,0.0,1.0,9.409313201904297
BlogCatalog,4,1209,4382,1,0.5,18,0.39072821128273977,0.001447178002894356,1.0,8.897557258605957
BlogCatalog,4,1209,4382,1,0.5,19,0.37257805476099015,0.0011682242990654205,1.0,9.151720762252808
BlogCatalog,4,1209,4382,1,0.5,20,0.2517432874580493,0.0,1.0,9.365585088729858
BlogCatalog,4,1209,4382,1,0.5,21,0.3742721029554172,0.0012077294685990338,1.0,8.989347457885742
BlogCatalog,4,1209,4382,1,0.5,22,0.2517432874580493,0.0,1.0,9.294943571090698
BlogCatalog,4,1209,4382,1,0.5,23,0.2517432874580493,0.0,1.0,9.311886310577393
BlogCatalog,4,1209,4382,1,0.5,24,0.35952645077751866,0.0012594458438287153,1.0,8.886401891708374
BlogCatalog,4,1209,4382,1,0.5,25,0.3534736515100479,0.0012239902080783353,1.0,9.111777067184448
BlogCatalog,4,1209,4382,1,0.5,26,0.3532767862934497,0.0012062726176115801,1.0,9.142677307128906
BlogCatalog,4,1209,4382,1,0.5,27,0.37248112933656513,0.001145475372279496,1.0,8.892736911773682
BlogCatalog,4,1209,4382,1,0.5,28,0.2517432874580493,0.0,1.0,9.350623369216919
BlogCatalog,4,1209,4382,1,0.5,29,0.2517432874580493,0.0,1.0,9.310714721679688
BlogCatalog,4,1209,4382,1,0.5,30,0.2517432874580493,0.0,1.0,9.36708378791809
BlogCatalog,4,1209,4382,1,0.5,31,0.3595398544193016,0.0014749262536873156,1.0,8.909684896469116
BlogCatalog,4,1209,4382,1,0.5,32,0.2517432874580493,0.0,1.0,9.307445287704468
BlogCatalog,4,1209,4382,1,0.5,33,0.3453595026616772,0.0013717421124828531,1.0,9.137581825256348
BlogCatalog,4,1209,4382,1,0.5,34,0.2517432874580493,0.0,1.0,9.088282346725464
BlogCatalog,4,1209,4382,1,0.5,35,0.3629849643921756,0.0011682242990654205,1.0,9.152578115463257
BlogCatalog,4,1209,4382,1,0.5,36,0.35066800302370676,0.0011682242990654205,1.0,9.1392822265625
BlogCatalog,4,1209,4382,1,0.5,37,0.2517432874580493,0.0,1.0,9.38450574874878
BlogCatalog,4,1209,4382,1,0.5,38,0.3678628379388222,0.0012195121951219512,1.0,8.909585952758789
BlogCatalog,4,1209,4382,1,0.5,39,0.3695939799908271,0.001314060446780552,1.0,9.15428900718689
BlogCatalog,4,1209,4382,1,0.5,40,0.36888356404219724,0.0013550135501355014,1.0,9.151573181152344
BlogCatalog,4,1209,4382,1,0.5,41,0.2517432874580493,0.0,1.0,9.346479892730713
BlogCatalog,4,1209,4382,1,0.5,42,0.3490693442194803,0.0013192612137203166,1.0,8.926301956176758
BlogCatalog,4,1209,4382,1,0.5,43,0.2517432874580493,0.0,1.0,9.663748025894165
BlogCatalog,4,1209,4382,1,0.5,44,0.35648316145782394,0.0012674271229404308,1.0,9.193461656570435
BlogCatalog,4,1209,4382,1,0.5,45,0.2517432874580493,0.0,1.0,9.11647629737854
BlogCatalog,4,1209,4382,1,0.5,46,0.2517432874580493,0.0,1.0,9.307906150817871
BlogCatalog,4,1209,4382,1,0.5,47,0.3549454173545402,0.0013850415512465374,1.0,9.160165309906006
BlogCatalog,4,1209,4382,1,0.5,48,0.3768660920485175,0.0011325028312570782,1.0,8.904386281967163
BlogCatalog,4,1209,4382,1,0.5,49,0.3610434187467795,0.0013192612137203166,1.0,9.180323600769043
BlogCatalog,4,1209,4382,1,0.5,50,0.38021218153105757,0.001218026796589525,1.0,9.132880926132202
