network_name,target_label,target_size,b,b_percentage,p,realization,ECS,M1,M2,elapsed_time_sec
Facebook,1,736,0,0,,0,0.1745908194803562,0.0,1.0,
Facebook,1,736,0,0,,0,0.4565638750405376,0.0012396694214876034,0.5289131092945807,
Facebook,1,736,0,0,,0,0.2637687088004522,0.005208333333333333,1.0,
Facebook,1,736,0,0,,0,0.37086209791957775,0.002952029520295203,0.706024825915834,
Facebook,1,736,0,0,,0,0.1745908194803562,0.0,1.0,
Facebook,1,736,0,0,,0,0.1745908194803562,0.0,1.0,
Facebook,1,736,0,0,,0,0.1745908194803562,0.0,1.0,
Facebook,1,736,0,0,,0,0.3976378915763345,0.002416918429003021,0.7214653345443536,
Facebook,1,736,0,0,,0,0.40022140978240833,0.002105263157894737,0.6757493188010899,
Facebook,1,736,0,0,,0,0.39141402732111813,0.002768166089965398,0.7005752346351801,
Facebook,1,736,0,0,,0,0.3976739398193103,0.002484472049689441,0.698455949137148,
Facebook,1,736,0,0,,0,0.1745908194803562,0.0,1.0,
Facebook,1,736,0,0,,0,0.3866022566874645,0.0018018018018018018,0.5567665758401453,
Facebook,1,736,0,0,,0,0.4201521509744081,0.0015789473684210526,0.5479866787768695,
Facebook,1,736,0,0,,0,0.329213068877294,0.0032520325203252032,0.6727217680896155,
Facebook,1,736,52,0.01,0.5,1,0.1745908194803562,0.0,1.0,3.607365369796753
Facebook,1,736,52,0.01,0.5,2,0.36304722192895494,0.0029304029304029304,0.6972449288525583,3.493222713470459
Facebook,1,736,52,0.01,0.5,3,0.37433856033119134,0.002373887240356083,0.6972449288525583,3.3447105884552
Facebook,1,736,52,0.01,0.5,4,0.1745908194803562,0.0,1.0,3.5745837688446045
Facebook,1,736,52,0.01,0.5,5,0.33094976004978205,0.0037209302325581397,0.6654556463820769,3.358837366104126
Facebook,1,736,52,0.01,0.5,6,0.40014808247592915,0.0023880597014925373,0.7063275809869816,3.438737630844116
Facebook,1,736,52,0.01,0.5,7,0.333964259544512,0.002711864406779661,0.6815016651528913,3.3744659423828125
Facebook,1,736,52,0.01,0.5,8,0.1745908194803562,0.0,1.0,3.5931923389434814
Facebook,1,736,52,0.01,0.5,9,0.3912738490086348,0.002857142857142857,0.7126854374810778,3.519996404647827
Facebook,1,736,52,0.01,0.5,10,0.1745908194803562,0.0,1.0,3.4654898643493652
Facebook,1,736,52,0.01,0.5,11,0.3823544728850403,0.00245398773006135,0.6872540115046927,3.4526054859161377
Facebook,1,736,52,0.01,0.5,12,0.3961169408999196,0.001791044776119403,0.5213442325158947,3.360919237136841
Facebook,1,736,52,0.01,0.5,13,0.4212810281295151,0.0022598870056497176,0.6930063578564941,3.4648597240448
Facebook,1,736,52,0.01,0.5,14,0.42341466137495587,0.0017391304347826088,0.6845292158643658,3.314776659011841
Facebook,1,736,52,0.01,0.5,15,0.1745908194803562,0.0,1.0,3.6084041595458984
Facebook,1,736,262,0.05,0.5,1,0.42912113284421033,0.0014084507042253522,0.5237662730850742,3.3563072681427
Facebook,1,736,262,0.05,0.5,2,0.1745908194803562,0.0,1.0,3.625993251800537
Facebook,1,736,262,0.05,0.5,3,0.4282774170016151,0.0015267175572519084,0.5837117771722676,3.3620264530181885
Facebook,1,736,262,0.05,0.5,4,0.1745908194803562,0.0,1.0,3.660107135772705
Facebook,1,736,262,0.05,0.5,5,0.40272870511151004,0.00202020202020202,0.698455949137148,3.371955633163452
Facebook,1,736,262,0.05,0.5,6,0.3329895817315435,0.003088803088803089,0.6690887072358462,3.513852834701538
Facebook,1,736,262,0.05,0.5,7,0.3831359637166823,0.002622950819672131,0.6960339085679685,3.5417277812957764
Facebook,1,736,262,0.05,0.5,8,0.3983518217142511,0.0030534351145038168,0.7132909476233726,3.3573036193847656
Facebook,1,736,262,0.05,0.5,9,0.4254118158915135,0.0018912529550827422,0.7084468664850136,3.473520040512085
Facebook,1,736,262,0.05,0.5,10,0.1745908194803562,0.0,1.0,3.507828712463379
Facebook,1,736,262,0.05,0.5,11,0.404725089878432,0.0020151133501259445,0.7029972752043597,3.5066983699798584
Facebook,1,736,262,0.05,0.5,12,0.4421229171278732,0.0016326530612244899,0.6927036027853467,3.3456735610961914
Facebook,1,736,262,0.05,0.5,13,0.1745908194803562,0.0,1.0,3.6804308891296387
Facebook,1,736,262,0.05,0.5,14,0.3297604917262508,0.003952569169960474,1.0,3.3722963333129883
Facebook,1,736,262,0.05,0.5,15,0.3604547385514626,0.0032258064516129032,0.7045110505600969,3.5604212284088135
Facebook,1,736,524,0.1,0.5,1,0.4128804492731861,0.0020671834625322996,0.7123826824099304,3.4028396606445312
Facebook,1,736,524,0.1,0.5,2,0.3689089048932272,0.0037593984962406013,1.0,3.563735246658325
Facebook,1,736,524,0.1,0.5,3,0.1745908194803562,0.0,1.0,3.544250011444092
Facebook,1,736,524,0.1,0.5,4,0.3904825340653002,0.003076923076923077,0.7132909476233726,3.5884296894073486
Facebook,1,736,524,0.1,0.5,5,0.35666761233176225,0.0030075187969924814,0.6775658492279746,3.604429244995117
Facebook,1,736,524,0.1,0.5,6,0.3536358146793326,0.0025,0.6639418710263397,3.391291618347168
Facebook,1,736,524,0.1,0.5,7,0.38824191482299764,0.0024615384615384616,0.7026945201332122,3.5048351287841797
Facebook,1,736,524,0.1,0.5,8,0.4286395313840492,0.003115264797507788,1.0,3.372006416320801
Facebook,1,736,524,0.1,0.5,9,0.291555663468731,0.0035714285714285713,0.6884650317892824,3.5208194255828857
Facebook,1,736,524,0.1,0.5,10,0.35791305491506387,0.002564102564102564,0.6781713593702694,3.4216809272766113
Facebook,1,736,524,0.1,0.5,11,0.1745908194803562,0.0,1.0,3.671471357345581
Facebook,1,736,524,0.1,0.5,12,0.1745908194803562,0.0,1.0,3.491809129714966
Facebook,1,736,524,0.1,0.5,13,0.3611825109341351,0.002952029520295203,0.6833181955797759,3.5133109092712402
Facebook,1,736,524,0.1,0.5,14,0.4175876656044267,0.0021798365122615805,0.7063275809869816,3.4261834621429443
Facebook,1,736,524,0.1,0.5,15,0.1745908194803562,0.0,1.0,3.728456974029541
Facebook,1,736,787,0.15,0.5,1,0.37425136088224914,0.0032921810699588477,0.7002724795640327,3.4476442337036133
Facebook,1,736,787,0.15,0.5,2,0.1745908194803562,0.0,1.0,3.7203245162963867
Facebook,1,736,787,0.15,0.5,3,0.1745908194803562,0.0,1.0,3.754645824432373
Facebook,1,736,787,0.15,0.5,4,0.1745908194803562,0.0,1.0,3.569866180419922
Facebook,1,736,787,0.15,0.5,5,0.34894108415725766,0.003076923076923077,1.0,3.5599420070648193
Facebook,1,736,787,0.15,0.5,6,0.1745908194803562,0.0,1.0,3.5881259441375732
Facebook,1,736,787,0.15,0.5,7,0.1745908194803562,0.0,1.0,3.7628891468048096
Facebook,1,736,787,0.15,0.5,8,0.1745908194803562,0.0,1.0,3.6079556941986084
Facebook,1,736,787,0.15,0.5,9,0.1745908194803562,0.0,1.0,3.6722211837768555
Facebook,1,736,787,0.15,0.5,10,0.38701668517446647,0.003305785123966942,0.6960339085679685,3.6129562854766846
Facebook,1,736,787,0.15,0.5,11,0.4279471584535067,0.0035842293906810036,1.0,3.471820592880249
Facebook,1,736,787,0.15,0.5,12,0.374143336237757,0.0026666666666666666,0.7120799273387829,3.608332872390747
Facebook,1,736,787,0.15,0.5,13,0.37984434503044756,0.0030303030303030303,0.6969421737814109,3.473151445388794
Facebook,1,736,787,0.15,0.5,14,0.1745908194803562,0.0,1.0,3.713371515274048
Facebook,1,736,787,0.15,0.5,15,0.1745908194803562,0.0,1.0,3.542628049850464
Facebook,1,736,1049,0.2,0.5,1,0.4035876844884916,0.003787878787878788,1.0,3.6265933513641357
Facebook,1,736,1049,0.2,0.5,2,0.1745908194803562,0.0,1.0,3.615499496459961
Facebook,1,736,1049,0.2,0.5,3,0.34745646493774907,0.0034965034965034965,1.0,3.6180543899536133
Facebook,1,736,1049,0.2,0.5,4,0.1745908194803562,0.0,1.0,3.8088583946228027
Facebook,1,736,1049,0.2,0.5,5,0.320422565228655,0.0031446540880503146,1.0,3.4853148460388184
Facebook,1,736,1049,0.2,0.5,6,0.1745908194803562,0.0,1.0,3.782533645629883
Facebook,1,736,1049,0.2,0.5,7,0.27900931404077384,0.0036496350364963502,1.0,3.4481232166290283
Facebook,1,736,1049,0.2,0.5,8,0.1745908194803562,0.0,1.0,3.7375998497009277
Facebook,1,736,1049,0.2,0.5,9,0.35304988025401995,0.0026578073089701,0.6927036027853467,3.4574244022369385
Facebook,1,736,1049,0.2,0.5,10,0.4673128143180495,0.0015325670498084292,0.6975476839237057,3.6643714904785156
Facebook,1,736,1049,0.2,0.5,11,0.41163903937869784,0.0028653295128939827,1.0,3.4986460208892822
Facebook,1,736,1049,0.2,0.5,12,0.1745908194803562,0.0,1.0,3.741710901260376
Facebook,1,736,1049,0.2,0.5,13,0.1745908194803562,0.0,1.0,3.637674331665039
Facebook,1,736,1049,0.2,0.5,14,0.3995142211786249,0.0024509803921568627,1.0,3.6946966648101807
Facebook,1,736,1049,0.2,0.5,15,0.46808758278843204,0.0015625,0.6960339085679685,3.6465299129486084
Facebook,1,736,1311,0.25,0.5,1,0.1745908194803562,0.0,1.0,3.6456730365753174
Facebook,1,736,1311,0.25,0.5,2,0.1745908194803562,0.0,1.0,3.788362979888916
Facebook,1,736,1311,0.25,0.5,3,0.31860936367952647,0.0035587188612099642,1.0,3.548565149307251
Facebook,1,736,1311,0.25,0.5,4,0.41175326125173495,0.002531645569620253,0.7081441114138661,3.6491928100585938
Facebook,1,736,1311,0.25,0.5,5,0.4545165474821372,0.0026109660574412533,1.0,3.5444767475128174
Facebook,1,736,1311,0.25,0.5,6,0.1745908194803562,0.0,1.0,3.800856590270996
Facebook,1,736,1311,0.25,0.5,7,0.35924144973461974,0.003355704697986577,1.0,3.732816219329834
Facebook,1,736,1311,0.25,0.5,8,0.1745908194803562,0.0,1.0,3.64013671875
Facebook,1,736,1311,0.25,0.5,9,0.2714717764561557,0.003401360544217687,1.0,3.654048442840576
Facebook,1,736,1311,0.25,0.5,10,0.1745908194803562,0.0,1.0,3.6668877601623535
Facebook,1,736,1311,0.25,0.5,11,0.40473839592373473,0.0023391812865497076,0.7117771722676355,3.662151336669922
Facebook,1,736,1311,0.25,0.5,12,0.1745908194803562,0.0,1.0,3.6277666091918945
Facebook,1,736,1311,0.25,0.5,13,0.4035903328837228,0.0022099447513812156,0.7023917650620648,3.716470956802368
Facebook,1,736,1311,0.25,0.5,14,0.3703961570767825,0.002768166089965398,0.6678776869512565,3.5149385929107666
Facebook,1,736,1311,0.25,0.5,15,0.3911730124099309,0.003236245954692557,1.0,3.648786783218384
Facebook,1,736,1573,0.3,0.5,1,0.1745908194803562,0.0,1.0,3.8687798976898193
Facebook,1,736,1573,0.3,0.5,2,0.3526423855500253,0.0032,0.6842264607932182,3.5201542377471924
Facebook,1,736,1573,0.3,0.5,3,0.3494827867857692,0.002898550724637681,1.0,3.7336032390594482
Facebook,1,736,1573,0.3,0.5,4,0.42665607315995463,0.002320185614849188,1.0,3.57914400100708
Facebook,1,736,1573,0.3,0.5,5,0.3622360659800259,0.0024024024024024023,0.6693914623069936,3.7171308994293213
Facebook,1,736,1573,0.3,0.5,6,0.3938256068873417,0.003048780487804878,1.0,3.5210258960723877
Facebook,1,736,1573,0.3,0.5,7,0.35239285008813404,0.0031007751937984496,0.6787768695125643,3.6716203689575195
Facebook,1,736,1573,0.3,0.5,8,0.45071742488555616,0.0029498525073746312,1.0,3.525336742401123
Facebook,1,736,1573,0.3,0.5,9,0.4187152728781435,0.0018475750577367205,0.709355131698456,3.731447458267212
Facebook,1,736,1573,0.3,0.5,10,0.1745908194803562,0.0,1.0,3.6909055709838867
Facebook,1,736,1573,0.3,0.5,11,0.1745908194803562,0.0,1.0,3.906893491744995
Facebook,1,736,1573,0.3,0.5,12,0.4342166215376531,0.0017857142857142857,0.7205570693309112,3.5653576850891113
Facebook,1,736,1573,0.3,0.5,13,0.40169730614527377,0.0025477707006369425,0.7117771722676355,3.7135868072509766
Facebook,1,736,1573,0.3,0.5,14,0.39713421160012924,0.0023054755043227667,0.7014834998486225,3.7270426750183105
Facebook,1,736,1573,0.3,0.5,15,0.1745908194803562,0.0,1.0,3.6342127323150635
Facebook,1,736,1835,0.35,0.5,1,0.1745908194803562,0.0,1.0,3.8671321868896484
Facebook,1,736,1835,0.35,0.5,2,0.1745908194803562,0.0,1.0,3.7337806224823
Facebook,1,736,1835,0.35,0.5,3,0.1745908194803562,0.0,1.0,3.9090309143066406
Facebook,1,736,1835,0.35,0.5,4,0.1745908194803562,0.0,1.0,3.9097776412963867
Facebook,1,736,1835,0.35,0.5,5,0.3959559442584337,0.002777777777777778,1.0,3.583738327026367
Facebook,1,736,1835,0.35,0.5,6,0.436118995507232,0.0024615384615384616,0.7317590069633666,3.764974355697632
Facebook,1,736,1835,0.35,0.5,7,0.40376706953237484,0.003389830508474576,1.0,3.606091260910034
Facebook,1,736,1835,0.35,0.5,8,0.35087894813630455,0.002867383512544803,0.6896760520738723,3.7525367736816406
Facebook,1,736,1835,0.35,0.5,9,0.1745908194803562,0.0,1.0,3.74069881439209
Facebook,1,736,1835,0.35,0.5,10,0.1745908194803562,0.0,1.0,3.8722071647644043
Facebook,1,736,1835,0.35,0.5,11,0.38191018519106434,0.0027303754266211604,0.6890705419315774,3.5242998600006104
Facebook,1,736,1835,0.35,0.5,12,0.40290287049775064,0.0027303754266211604,0.696336663639116,3.7588045597076416
Facebook,1,736,1835,0.35,0.5,13,0.3894192024595128,0.0030120481927710845,1.0,3.618072271347046
Facebook,1,736,1835,0.35,0.5,14,0.3969159338074802,0.0027100271002710027,1.0,3.7040352821350098
Facebook,1,736,1835,0.35,0.5,15,0.4129429112191171,0.0035211267605633804,1.0,3.7630014419555664
Facebook,1,736,2098,0.4,0.5,1,0.3992329854261055,0.002318840579710145,0.7054193157735392,3.62782883644104
Facebook,1,736,2098,0.4,0.5,2,0.3206715740184219,0.004201680672268907,1.0,3.7296130657196045
Facebook,1,736,2098,0.4,0.5,3,0.1745908194803562,0.0,1.0,3.7297704219818115
Facebook,1,736,2098,0.4,0.5,4,0.4010907713607077,0.0025477707006369425,0.709355131698456,3.8092591762542725
Facebook,1,736,2098,0.4,0.5,5,0.39824945456158134,0.0027491408934707906,0.727217680896155,3.6733407974243164
Facebook,1,736,2098,0.4,0.5,6,0.4047777950084656,0.004081632653061225,1.0,3.8041300773620605
Facebook,1,736,2098,0.4,0.5,7,0.4087697666432439,0.002770083102493075,1.0,3.8276970386505127
Facebook,1,736,2098,0.4,0.5,8,0.4039706145510306,0.002881844380403458,1.0,3.631481885910034
Facebook,1,736,2098,0.4,0.5,9,0.1745908194803562,0.0,1.0,3.8612163066864014
Facebook,1,736,2098,0.4,0.5,10,0.1745908194803562,0.0,1.0,3.7543342113494873
Facebook,1,736,2098,0.4,0.5,11,0.3877322428994948,0.003278688524590164,1.0,3.7895195484161377
Facebook,1,736,2098,0.4,0.5,12,0.35674410778639426,0.003703703703703704,1.0,3.79457426071167
Facebook,1,736,2098,0.4,0.5,13,0.1745908194803562,0.0,1.0,3.7715699672698975
Facebook,1,736,2098,0.4,0.5,14,0.3851325379175379,0.004464285714285714,1.0,3.8259494304656982
Facebook,1,736,2098,0.4,0.5,15,0.1745908194803562,0.0,1.0,3.719461441040039
Facebook,1,736,2360,0.45,0.5,1,0.3829534808926026,0.003663003663003663,1.0,3.7809746265411377
Facebook,1,736,2360,0.45,0.5,2,0.1745908194803562,0.0,1.0,3.7926530838012695
Facebook,1,736,2360,0.45,0.5,3,0.1745908194803562,0.0,1.0,3.9321634769439697
Facebook,1,736,2360,0.45,0.5,4,0.1745908194803562,0.0,1.0,3.8043391704559326
Facebook,1,736,2360,0.45,0.5,5,0.1745908194803562,0.0,1.0,3.929192066192627
Facebook,1,736,2360,0.45,0.5,6,0.3926508865411423,0.0029154518950437317,1.0,3.8313026428222656
Facebook,1,736,2360,0.45,0.5,7,0.1745908194803562,0.0,1.0,3.805781364440918
Facebook,1,736,2360,0.45,0.5,8,0.1745908194803562,0.0,1.0,3.9046285152435303
Facebook,1,736,2360,0.45,0.5,9,0.3508128237106011,0.0029850746268656717,0.6917953375719044,3.67913818359375
Facebook,1,736,2360,0.45,0.5,10,0.38090212445661425,0.0035460992907801418,1.0,3.807543992996216
Facebook,1,736,2360,0.45,0.5,11,0.389094097020283,0.003875968992248062,1.0,3.871999740600586
Facebook,1,736,2360,0.45,0.5,12,0.35276250040196555,0.0037914691943127963,0.6899788071450197,3.623516321182251
Facebook,1,736,2360,0.45,0.5,13,0.3863340173771755,0.0030651340996168583,0.6863457462912503,3.8966784477233887
Facebook,1,736,2360,0.45,0.5,14,0.1745908194803562,0.0,1.0,3.8492095470428467
Facebook,1,736,2360,0.45,0.5,15,0.42151323770955584,0.003289473684210526,1.0,3.8033673763275146
Facebook,1,736,2622,0.5,0.5,1,0.38620491135515556,0.0031446540880503146,1.0,3.726990222930908
Facebook,1,736,2622,0.5,0.5,2,0.3867672517986359,0.003215434083601286,1.0,3.861879825592041
Facebook,1,736,2622,0.5,0.5,3,0.40493749364679255,0.0025889967637540453,0.7263094156827127,3.9026546478271484
Facebook,1,736,2622,0.5,0.5,4,0.39907880592747186,0.002631578947368421,0.716924008477142,3.6645898818969727
Facebook,1,736,2622,0.5,0.5,5,0.1745908194803562,0.0,1.0,4.006969690322876
Facebook,1,736,2622,0.5,0.5,6,0.3335225855124929,0.0038022813688212928,1.0,3.6926825046539307
Facebook,1,736,2622,0.5,0.5,7,0.3604693960148054,0.003278688524590164,0.7238873751135332,3.849752426147461
Facebook,1,736,2622,0.5,0.5,8,0.3829875291923435,0.0034965034965034965,1.0,3.68259596824646
Facebook,1,736,2622,0.5,0.5,9,0.28725939888202784,0.00425531914893617,1.0,3.8751940727233887
Facebook,1,736,2622,0.5,0.5,10,0.1745908194803562,0.0,1.0,3.8210270404815674
Facebook,1,736,2622,0.5,0.5,11,0.1745908194803562,0.0,1.0,4.0300281047821045
Facebook,1,736,2622,0.5,0.5,12,0.1745908194803562,0.0,1.0,3.950430154800415
Facebook,1,736,2622,0.5,0.5,13,0.1745908194803562,0.0,1.0,3.832210063934326
Facebook,1,736,2622,0.5,0.5,14,0.355644564393223,0.003125,0.703905540417802,3.873443603515625
Facebook,1,736,2622,0.5,0.5,15,0.1745908194803562,0.0,1.0,3.8734638690948486
Facebook,1,736,2884,0.55,0.5,1,0.34354469125175785,0.004347826086956522,1.0,3.898171901702881
Facebook,1,736,2884,0.55,0.5,2,0.1745908194803562,0.0,1.0,3.867141008377075
Facebook,1,736,2884,0.55,0.5,3,0.4253377562083718,0.0018390804597701149,0.7151074780502573,3.927483320236206
Facebook,1,736,2884,0.55,0.5,4,0.2694696907152958,0.004132231404958678,1.0,3.8899872303009033
Facebook,1,736,2884,0.55,0.5,5,0.39158398497798347,0.0030303030303030303,1.0,3.714524030685425
Facebook,1,736,2884,0.55,0.5,6,0.3509408755341102,0.003137254901960784,0.6811989100817438,3.886362075805664
Facebook,1,736,2884,0.55,0.5,7,0.4094365566363368,0.0029069767441860465,1.0,3.7867231369018555
Facebook,1,736,2884,0.55,0.5,8,0.1745908194803562,0.0,1.0,4.017798662185669
Facebook,1,736,2884,0.55,0.5,9,0.1745908194803562,0.0,1.0,3.8442814350128174
Facebook,1,736,2884,0.55,0.5,10,0.3909654780184713,0.002849002849002849,1.0,3.89467453956604
Facebook,1,736,2884,0.55,0.5,11,0.39327067261745335,0.002793296089385475,1.0,3.932069778442383
Facebook,1,736,2884,0.55,0.5,12,0.3963287009367968,0.003246753246753247,1.0,3.7459213733673096
Facebook,1,736,2884,0.55,0.5,13,0.1745908194803562,0.0,1.0,4.021534442901611
Facebook,1,736,2884,0.55,0.5,14,0.1745908194803562,0.0,1.0,3.894219398498535
Facebook,1,736,2884,0.55,0.5,15,0.34476334359139915,0.004273504273504274,1.0,3.917337656021118
Facebook,1,736,3146,0.6,0.5,1,0.4029827915730255,0.0038461538461538464,1.0,3.959399938583374
Facebook,1,736,3146,0.6,0.5,2,0.1745908194803562,0.0,1.0,3.8602380752563477
Facebook,1,736,3146,0.6,0.5,3,0.1745908194803562,0.0,1.0,4.046054124832153
Facebook,1,736,3146,0.6,0.5,4,0.3819118425669751,0.0035211267605633804,1.0,3.7502379417419434
Facebook,1,736,3146,0.6,0.5,5,0.3837014985015075,0.003745318352059925,1.0,3.902165651321411
Facebook,1,736,3146,0.6,0.5,6,0.3383986146307806,0.004273504273504274,1.0,3.780287504196167
Facebook,1,736,3146,0.6,0.5,7,0.42081137389167433,0.002840909090909091,1.0,3.911731243133545
Facebook,1,736,3146,0.6,0.5,8,0.4130198222575322,0.0028011204481792717,1.0,3.8123738765716553
Facebook,1,736,3146,0.6,0.5,9,0.38290161261607175,0.002973977695167286,0.7096578867696034,3.9592716693878174
Facebook,1,736,3146,0.6,0.5,10,0.3541711277678722,0.003745318352059925,1.0,3.953688621520996
Facebook,1,736,3146,0.6,0.5,11,0.1745908194803562,0.0,1.0,3.9026453495025635
Facebook,1,736,3146,0.6,0.5,12,0.1745908194803562,0.0,1.0,4.0210325717926025
Facebook,1,736,3146,0.6,0.5,13,0.1745908194803562,0.0,1.0,3.912067174911499
Facebook,1,736,3146,0.6,0.5,14,0.3872829105235053,0.0036231884057971015,1.0,3.9092891216278076
Facebook,1,736,3146,0.6,0.5,15,0.1745908194803562,0.0,1.0,3.9593305587768555
Facebook,1,736,3409,0.65,0.5,1,0.38327465737361277,0.0035587188612099642,1.0,4.006389141082764
Facebook,1,736,3409,0.65,0.5,2,0.1745908194803562,0.0,1.0,4.126079082489014
Facebook,1,736,3409,0.65,0.5,3,0.3920967340444199,0.003875968992248062,1.0,3.8026726245880127
Facebook,1,736,3409,0.65,0.5,4,0.1745908194803562,0.0,1.0,4.134744167327881
Facebook,1,736,3409,0.65,0.5,5,0.39156470203534505,0.003278688524590164,1.0,3.802067518234253
Facebook,1,736,3409,0.65,0.5,6,0.3945113689128026,0.0031746031746031746,1.0,3.968168020248413
Facebook,1,736,3409,0.65,0.5,7,0.33865145782944445,0.0037313432835820895,1.0,3.8180649280548096
Facebook,1,736,3409,0.65,0.5,8,0.1745908194803562,0.0,1.0,4.089615345001221
Facebook,1,736,3409,0.65,0.5,9,0.3913455989516209,0.002973977695167286,0.7111716621253406,3.843050003051758
Facebook,1,736,3409,0.65,0.5,10,0.38838736142413194,0.0028268551236749115,0.698455949137148,3.983785390853882
Facebook,1,736,3409,0.65,0.5,11,0.1745908194803562,0.0,1.0,4.05933690071106
Facebook,1,736,3409,0.65,0.5,12,0.1745908194803562,0.0,1.0,3.953394651412964
Facebook,1,736,3409,0.65,0.5,13,0.1745908194803562,0.0,1.0,4.090991020202637
Facebook,1,736,3409,0.65,0.5,14,0.38826673257188343,0.003205128205128205,1.0,3.7983386516571045
Facebook,1,736,3409,0.65,0.5,15,0.1745908194803562,0.0,1.0,4.152610540390015
Facebook,1,736,3671,0.7,0.5,1,0.3775951612613411,0.003257328990228013,1.0,3.851055383682251
Facebook,1,736,3671,0.7,0.5,2,0.38598129815604837,0.00392156862745098,1.0,3.9894096851348877
Facebook,1,736,3671,0.7,0.5,3,0.3416663531758901,0.0037735849056603774,1.0,3.965519428253174
Facebook,1,736,3671,0.7,0.5,4,0.1745908194803562,0.0,1.0,3.988358974456787
Facebook,1,736,3671,0.7,0.5,5,0.1745908194803562,0.0,1.0,4.121612548828125
Facebook,1,736,3671,0.7,0.5,6,0.337632063678027,0.0034965034965034965,1.0,3.860935688018799
Facebook,1,736,3671,0.7,0.5,7,0.1745908194803562,0.0,1.0,4.116340398788452
Facebook,1,736,3671,0.7,0.5,8,0.3747257475022294,0.004166666666666667,1.0,4.0012407302856445
Facebook,1,736,3671,0.7,0.5,9,0.321280871113325,0.004310344827586207,1.0,3.83807373046875
Facebook,1,736,3671,0.7,0.5,10,0.3516411562063888,0.003246753246753247,1.0,4.013519287109375
Facebook,1,736,3671,0.7,0.5,11,0.33531670409285463,0.003745318352059925,1.0,3.862149477005005
Facebook,1,736,3671,0.7,0.5,12,0.1745908194803562,0.0,1.0,4.138829946517944
Facebook,1,736,3671,0.7,0.5,13,0.1745908194803562,0.0,1.0,4.151007413864136
Facebook,1,736,3671,0.7,0.5,14,0.3871178164933163,0.0031128404669260703,0.7432636996669694,3.8511767387390137
Facebook,1,736,3671,0.7,0.5,15,0.37640018312784546,0.0033333333333333335,1.0,4.050981521606445
Facebook,1,736,3933,0.75,0.5,1,0.3979184155667847,0.003355704697986577,1.0,3.899615526199341
Facebook,1,736,3933,0.75,0.5,2,0.1745908194803562,0.0,1.0,4.120338678359985
Facebook,1,736,3933,0.75,0.5,3,0.4010183089360576,0.0027624309392265192,1.0,3.8705403804779053
Facebook,1,736,3933,0.75,0.5,4,0.38015175107542837,0.003367003367003367,1.0,4.027692794799805
Facebook,1,736,3933,0.75,0.5,5,0.3543134123731433,0.003137254901960784,0.6860429912201029,4.100884914398193
Facebook,1,736,3933,0.75,0.5,6,0.1745908194803562,0.0,1.0,3.982109308242798
Facebook,1,736,3933,0.75,0.5,7,0.1745908194803562,0.0,1.0,4.10570502281189
Facebook,1,736,3933,0.75,0.5,8,0.40084321202799117,0.0028089887640449437,1.0,3.8688220977783203
Facebook,1,736,3933,0.75,0.5,9,0.1745908194803562,0.0,1.0,4.149160146713257
Facebook,1,736,3933,0.75,0.5,10,0.1745908194803562,0.0,1.0,3.9986050128936768
Facebook,1,736,3933,0.75,0.5,11,0.33186224507154927,0.004132231404958678,1.0,4.075054407119751
Facebook,1,736,3933,0.75,0.5,12,0.1745908194803562,0.0,1.0,4.199305057525635
Facebook,1,736,3933,0.75,0.5,13,0.3405923159381656,0.004366812227074236,1.0,3.8870065212249756
Facebook,1,736,3933,0.75,0.5,14,0.1745908194803562,0.0,1.0,4.14419960975647
Facebook,1,736,3933,0.75,0.5,15,0.3472453796608817,0.004784688995215311,1.0,3.92519211769104
Facebook,1,736,4195,0.8,0.5,1,0.33057832192089376,0.004545454545454545,1.0,4.098491430282593
Facebook,1,736,4195,0.8,0.5,2,0.35462235535628994,0.004329004329004329,1.0,3.9371204376220703
Facebook,1,736,4195,0.8,0.5,3,0.1745908194803562,0.0,1.0,4.204103231430054
Facebook,1,736,4195,0.8,0.5,4,0.1745908194803562,0.0,1.0,4.2283899784088135
Facebook,1,736,4195,0.8,0.5,5,0.1745908194803562,0.0,1.0,4.032156467437744
Facebook,1,736,4195,0.8,0.5,6,0.3821130219091407,0.0025078369905956114,0.6854374810778081,4.03943657875061
Facebook,1,736,4195,0.8,0.5,7,0.35016027112689846,0.002967359050445104,1.0,3.9432201385498047
Facebook,1,736,4195,0.8,0.5,8,0.37035409993190366,0.004524886877828055,1.0,4.0758912563323975
Facebook,1,736,4195,0.8,0.5,9,0.4117571592252228,0.003367003367003367,1.0,3.927368640899658
Facebook,1,736,4195,0.8,0.5,10,0.3521980086125534,0.0036900369003690036,1.0,4.107039928436279
Facebook,1,736,4195,0.8,0.5,11,0.1745908194803562,0.0,1.0,4.2522547245025635
Facebook,1,736,4195,0.8,0.5,12,0.3955956616453232,0.003875968992248062,1.0,3.8875019550323486
Facebook,1,736,4195,0.8,0.5,13,0.38704381825644946,0.003367003367003367,1.0,4.063921928405762
Facebook,1,736,4195,0.8,0.5,14,0.1745908194803562,0.0,1.0,4.042905330657959
Facebook,1,736,4195,0.8,0.5,15,0.1745908194803562,0.0,1.0,4.2441487312316895
Facebook,1,736,4457,0.85,0.5,1,0.36393799934485765,0.003076923076923077,1.0,4.095914363861084
Facebook,1,736,4457,0.85,0.5,2,0.1745908194803562,0.0,1.0,4.069111108779907
Facebook,1,736,4457,0.85,0.5,3,0.40300934852679554,0.0035211267605633804,1.0,4.131391763687134
Facebook,1,736,4457,0.85,0.5,4,0.41350920308828476,0.00303951367781155,1.0,3.9993505477905273
Facebook,1,736,4457,0.85,0.5,5,0.36592735992045716,0.00423728813559322,1.0,4.156774520874023
Facebook,1,736,4457,0.85,0.5,6,0.37525358324863933,0.0041841004184100415,1.0,4.1138715744018555
Facebook,1,736,4457,0.85,0.5,7,0.3726497762974725,0.003703703703703704,1.0,3.98091721534729
Facebook,1,736,4457,0.85,0.5,8,0.37960535183917543,0.0032679738562091504,1.0,4.139365196228027
Facebook,1,736,4457,0.85,0.5,9,0.387440853215751,0.0031620553359683794,0.7208598244020588,3.926093578338623
Facebook,1,736,4457,0.85,0.5,10,0.1745908194803562,0.0,1.0,4.179438829421997
Facebook,1,736,4457,0.85,0.5,11,0.1745908194803562,0.0,1.0,4.070077896118164
Facebook,1,736,4457,0.85,0.5,12,0.1745908194803562,0.0,1.0,4.241547346115112
Facebook,1,736,4457,0.85,0.5,13,0.1745908194803562,0.0,1.0,4.263562917709351
Facebook,1,736,4457,0.85,0.5,14,0.1745908194803562,0.0,1.0,4.075270891189575
Facebook,1,736,4457,0.85,0.5,15,0.1745908194803562,0.0,1.0,4.2544636726379395
Facebook,1,736,4720,0.9,0.5,1,0.39809905453144223,0.0031545741324921135,1.0,4.004887104034424
Facebook,1,736,4720,0.9,0.5,2,0.1745908194803562,0.0,1.0,4.268969297409058
Facebook,1,736,4720,0.9,0.5,3,0.1745908194803562,0.0,1.0,4.084852695465088
Facebook,1,736,4720,0.9,0.5,4,0.38615042241514214,0.002807017543859649,0.7008779897063275,4.13152551651001
Facebook,1,736,4720,0.9,0.5,5,0.38032456109319096,0.0034965034965034965,1.0,4.1795666217803955
Facebook,1,736,4720,0.9,0.5,6,0.1745908194803562,0.0,1.0,4.076470851898193
Facebook,1,736,4720,0.9,0.5,7,0.3705530166334427,0.004048582995951417,1.0,4.155601501464844
Facebook,1,736,4720,0.9,0.5,8,0.37290366871584013,0.004901960784313725,1.0,3.9918770790100098
Facebook,1,736,4720,0.9,0.5,9,0.1745908194803562,0.0,1.0,4.282797336578369
Facebook,1,736,4720,0.9,0.5,10,0.3859442463125524,0.0033783783783783786,1.0,3.947190999984741
Facebook,1,736,4720,0.9,0.5,11,0.35495491661739204,0.003424657534246575,1.0,4.171695709228516
Facebook,1,736,4720,0.9,0.5,12,0.1745908194803562,0.0,1.0,4.131692886352539
Facebook,1,736,4720,0.9,0.5,13,0.36514935787166114,0.00390625,1.0,4.187668561935425
Facebook,1,736,4720,0.9,0.5,14,0.33715260658461244,0.004032258064516129,1.0,4.252614259719849
Facebook,1,736,4720,0.9,0.5,15,0.356146985820871,0.0038461538461538464,1.0,3.9640862941741943
Facebook,1,736,4982,0.95,0.5,1,0.1745908194803562,0.0,1.0,4.289690971374512
Facebook,1,736,4982,0.95,0.5,2,0.37816492751309644,0.003436426116838488,1.0,4.008880138397217
Facebook,1,736,4982,0.95,0.5,3,0.34236187337172824,0.00392156862745098,1.0,4.205618143081665
Facebook,1,736,4982,0.95,0.5,4,0.30021937730630754,0.004219409282700422,1.0,3.9945425987243652
Facebook,1,736,4982,0.95,0.5,5,0.37886292670021454,0.0035087719298245615,1.0,4.200145721435547
Facebook,1,736,4982,0.95,0.5,6,0.1745908194803562,0.0,1.0,4.203217506408691
Facebook,1,736,4982,0.95,0.5,7,0.3888733327197945,0.0033003300330033004,1.0,4.197061061859131
Facebook,1,736,4982,0.95,0.5,8,0.1745908194803562,0.0,1.0,4.32072377204895
Facebook,1,736,4982,0.95,0.5,9,0.1745908194803562,0.0,1.0,4.090505123138428
Facebook,1,736,4982,0.95,0.5,10,0.40236179617516193,0.003048780487804878,1.0,4.155194282531738
Facebook,1,736,4982,0.95,0.5,11,0.1745908194803562,0.0,1.0,4.145580768585205
Facebook,1,736,4982,0.95,0.5,12,0.38080234527244566,0.0031746031746031746,1.0,4.218601942062378
Facebook,1,736,4982,0.95,0.5,13,0.39838556885747967,0.003289473684210526,1.0,4.220419406890869
Facebook,1,736,4982,0.95,0.5,14,0.1745908194803562,0.0,1.0,4.127347469329834
Facebook,1,736,4982,0.95,0.5,15,0.3737075167780061,0.004016064257028112,1.0,4.224882364273071
Facebook,1,736,5244,1,0.5,1,0.1745908194803562,0.0,1.0,4.146059989929199
Facebook,1,736,5244,1,0.5,2,0.4124046742465391,0.0033333333333333335,1.0,4.200551509857178
Facebook,1,736,5244,1,0.5,3,0.36655251717567444,0.004424778761061947,1.0,4.075290679931641
Facebook,1,736,5244,1,0.5,4,0.3840992603041355,0.00398406374501992,1.0,4.210538625717163
Facebook,1,736,5244,1,0.5,5,0.3821805610473179,0.003289473684210526,1.0,4.05966591835022
Facebook,1,736,5244,1,0.5,6,0.3566328851185961,0.004608294930875576,1.0,4.225296974182129
Facebook,1,736,5244,1,0.5,7,0.37156550817593254,0.005025125628140704,1.0,4.235025882720947
Facebook,1,736,5244,1,0.5,8,0.1745908194803562,0.0,1.0,4.166231632232666
Facebook,1,736,5244,1,0.5,9,0.3243031460003112,0.004484304932735426,1.0,4.247720718383789
Facebook,1,736,5244,1,0.5,10,0.1745908194803562,0.0,1.0,4.183875560760498
Facebook,1,736,5244,1,0.5,11,0.34167845027299004,0.00390625,1.0,4.185715913772583
Facebook,1,736,5244,1,0.5,12,0.33229854694416755,0.0040650406504065045,1.0,4.2656097412109375
Facebook,1,736,5244,1,0.5,13,0.3852962772088484,0.0033444816053511705,1.0,4.038458824157715
Facebook,1,736,5244,1,0.5,14,0.386375979643839,0.0035087719298245615,1.0,4.201192617416382
Facebook,1,736,5244,1,0.5,15,0.4040280485824158,0.003937007874015748,1.0,4.0657432079315186
Facebook,2,609,0,0,,0,0.409170698838272,0.0008298755186721991,0.3944606413994169,
Facebook,2,609,0,0,,0,0.1745908194803562,0.0,1.0,
Facebook,2,609,0,0,,0,0.3593460555498515,0.001188118811881188,0.7201166180758017,
Facebook,2,609,0,0,,0,0.1745908194803562,0.0,1.0,
Facebook,2,609,0,0,,0,0.1745908194803562,0.0,1.0,
Facebook,2,609,0,0,,0,0.3593257134199728,0.0015625,0.5288629737609329,
Facebook,2,609,0,0,,0,0.38945979570597966,0.001226993865030675,0.5813411078717201,
Facebook,2,609,0,0,,0,0.39808742453195484,0.0010230179028132991,0.4049562682215743,
Facebook,2,609,0,0,,0,0.43697352610738527,0.00036900369003690036,0.29737609329446063,
Facebook,2,609,0,0,,0,0.1745908194803562,0.0,1.0,
Facebook,2,609,0,0,,0,0.3236040541966049,0.001534526854219949,0.5518950437317784,
Facebook,2,609,0,0,,0,0.38180497573620403,0.0012422360248447205,0.5708454810495627,
Facebook,2,609,0,0,,0,0.45858561654389796,0.00039603960396039607,0.30145772594752185,
Facebook,2,609,0,0,,0,0.4250643387615618,0.0012024048096192384,0.5017492711370263,
Facebook,2,609,0,0,,0,0.1745908194803562,0.0,1.0,
Facebook,2,609,85,0.01,0.5,1,0.4439656682604001,0.0012552301255230125,0.5626822157434402,3.333411455154419
Facebook,2,609,85,0.01,0.5,2,0.1745908194803562,0.0,1.0,3.6296417713165283
Facebook,2,609,85,0.01,0.5,3,0.38436322657811245,0.001973684210526316,0.5690962099125364,3.3238346576690674
Facebook,2,609,85,0.01,0.5,4,0.369145570466409,0.002523659305993691,0.7169096209912537,3.439889669418335
Facebook,2,609,85,0.01,0.5,5,0.3242961599625745,0.001829268292682927,0.5446064139941691,3.3651881217956543
Facebook,2,609,85,0.01,0.5,6,0.40132085661292344,0.0011142061281337048,0.37900874635568516,3.4898972511291504
Facebook,2,609,85,0.01,0.5,7,0.34289066971785165,0.0026755852842809363,0.6959183673469388,3.342510938644409
Facebook,2,609,85,0.01,0.5,8,0.1745908194803562,0.0,1.0,3.5958845615386963
Facebook,2,609,85,0.01,0.5,9,0.1745908194803562,0.0,1.0,3.4874448776245117
Facebook,2,609,85,0.01,0.5,10,0.4487885498917252,0.0010771992818671453,0.5580174927113702,3.5542216300964355
Facebook,2,609,85,0.01,0.5,11,0.3751932761125931,0.0007590132827324478,0.37551020408163266,3.334603786468506
Facebook,2,609,85,0.01,0.5,12,0.35904590295997113,0.0016172506738544475,0.568804664723032,3.52397084236145
Facebook,2,609,85,0.01,0.5,13,0.2668579740997929,0.0028469750889679717,0.6682215743440233,3.321366786956787
Facebook,2,609,85,0.01,0.5,14,0.39659047563687777,0.0015584415584415584,0.5685131195335277,3.483506679534912
Facebook,2,609,85,0.01,0.5,15,0.42100027260112455,0.000784313725490196,0.3769679300291545,3.492072343826294
Facebook,2,609,423,0.05,0.5,1,0.1745908194803562,0.0,1.0,3.494178533554077
Facebook,2,609,423,0.05,0.5,2,0.1745908194803562,0.0,1.0,3.6106929779052734
Facebook,2,609,423,0.05,0.5,3,0.3453986718093435,0.002777777777777778,0.7180758017492711,3.414196729660034
Facebook,2,609,423,0.05,0.5,4,0.1745908194803562,0.0,1.0,3.639526605606079
Facebook,2,609,423,0.05,0.5,5,0.1745908194803562,0.0,1.0,3.5070536136627197
Facebook,2,609,423,0.05,0.5,6,0.35274833233986935,0.0029850746268656717,0.7131195335276967,3.5504417419433594
Facebook,2,609,423,0.05,0.5,7,0.3534811082384297,0.0025889967637540453,0.7139941690962099,3.384841203689575
Facebook,2,609,423,0.05,0.5,8,0.3671009434031488,0.0019138755980861245,0.646064139941691,3.5857417583465576
Facebook,2,609,423,0.05,0.5,9,0.1745908194803562,0.0,1.0,3.5019538402557373
Facebook,2,609,423,0.05,0.5,10,0.36929626127144916,0.002054794520547945,0.546064139941691,3.529564380645752
Facebook,2,609,423,0.05,0.5,11,0.3558169886907437,0.002099737532808399,0.6906705539358601,3.525790214538574
Facebook,2,609,423,0.05,0.5,12,0.3379180186557656,0.002035623409669211,0.680466472303207,3.3875343799591064
Facebook,2,609,423,0.05,0.5,13,0.38128118923132076,0.0011363636363636363,0.4026239067055394,3.5111961364746094
Facebook,2,609,423,0.05,0.5,14,0.3684279148760748,0.002027027027027027,0.578134110787172,3.381443977355957
Facebook,2,609,423,0.05,0.5,15,0.3237652691481988,0.002702702702702703,0.6766763848396501,3.5370256900787354
Facebook,2,609,846,0.1,0.5,1,0.32879911096746606,0.0032,0.6548104956268221,3.450909376144409
Facebook,2,609,846,0.1,0.5,2,0.1745908194803562,0.0,1.0,3.7364869117736816
Facebook,2,609,846,0.1,0.5,3,0.1745908194803562,0.0,1.0,3.559396266937256
Facebook,2,609,846,0.1,0.5,4,0.34558980965775876,0.0033333333333333335,0.7247813411078717,3.626680374145508
Facebook,2,609,846,0.1,0.5,5,0.1745908194803562,0.0,1.0,3.7738077640533447
Facebook,2,609,846,0.1,0.5,6,0.1745908194803562,0.0,1.0,3.5534746646881104
Facebook,2,609,846,0.1,0.5,7,0.1745908194803562,0.0,1.0,3.755007743835449
Facebook,2,609,846,0.1,0.5,8,0.297778450262888,0.002572347266881029,0.6623906705539359,3.4549026489257812
Facebook,2,609,846,0.1,0.5,9,0.35414689184361303,0.002285714285714286,0.8889212827988339,3.5749735832214355
Facebook,2,609,846,0.1,0.5,10,0.3542965010184569,0.0020833333333333333,0.680466472303207,3.431166648864746
Facebook,2,609,846,0.1,0.5,11,0.1745908194803562,0.0,1.0,3.7255492210388184
Facebook,2,609,846,0.1,0.5,12,0.3501737271178902,0.0024096385542168677,0.7177842565597667,3.418978691101074
Facebook,2,609,846,0.1,0.5,13,0.1745908194803562,0.0,1.0,3.717792272567749
Facebook,2,609,846,0.1,0.5,14,0.1745908194803562,0.0,1.0,3.61175274848938
Facebook,2,609,846,0.1,0.5,15,0.3633251197223665,0.0020408163265306124,0.7186588921282799,3.62495493888855
Facebook,2,609,1269,0.15,0.5,1,0.1745908194803562,0.0,1.0,3.813505172729492
Facebook,2,609,1269,0.15,0.5,2,0.1745908194803562,0.0,1.0,3.606217861175537
Facebook,2,609,1269,0.15,0.5,3,0.2826942492779459,0.0027491408934707906,0.680466472303207,3.5995523929595947
Facebook,2,609,1269,0.15,0.5,4,0.3854585141180551,0.0016042780748663102,0.5927113702623906,3.526068687438965
Facebook,2,609,1269,0.15,0.5,5,0.1745908194803562,0.0,1.0,3.821504592895508
Facebook,2,609,1269,0.15,0.5,6,0.1745908194803562,0.0,1.0,3.635329008102417
Facebook,2,609,1269,0.15,0.5,7,0.3645843639600247,0.00199501246882793,0.7017492711370262,3.6987287998199463
Facebook,2,609,1269,0.15,0.5,8,0.37403620465372006,0.002849002849002849,1.0,3.6576130390167236
Facebook,2,609,1269,0.15,0.5,9,0.3404032479640021,0.0020671834625322996,0.7011661807580175,3.458994150161743
Facebook,2,609,1269,0.15,0.5,10,0.34213975785359785,0.00411522633744856,1.0,3.609934091567993
Facebook,2,609,1269,0.15,0.5,11,0.38602842202663623,0.0017467248908296944,0.702332361516035,3.538280963897705
Facebook,2,609,1269,0.15,0.5,12,0.1745908194803562,0.0,1.0,3.7536637783050537
Facebook,2,609,1269,0.15,0.5,13,0.1745908194803562,0.0,1.0,3.806659460067749
Facebook,2,609,1269,0.15,0.5,14,0.3350050059793243,0.001873536299765808,0.6965014577259475,3.5072684288024902
Facebook,2,609,1269,0.15,0.5,15,0.3842551582026238,0.002136752136752137,1.0,3.6968820095062256
Facebook,2,609,1692,0.2,0.5,1,0.1745908194803562,0.0,1.0,3.6799139976501465
Facebook,2,609,1692,0.2,0.5,2,0.1745908194803562,0.0,1.0,3.8196260929107666
Facebook,2,609,1692,0.2,0.5,3,0.3652451831689974,0.003105590062111801,1.0,3.5488970279693604
Facebook,2,609,1692,0.2,0.5,4,0.38391496072620035,0.0019464720194647203,0.7122448979591837,3.7296440601348877
Facebook,2,609,1692,0.2,0.5,5,0.3181881664151665,0.0025078369905956114,0.7040816326530612,3.762739658355713
Facebook,2,609,1692,0.2,0.5,6,0.1745908194803562,0.0,1.0,3.6598711013793945
Facebook,2,609,1692,0.2,0.5,7,0.1745908194803562,0.0,1.0,3.7950401306152344
Facebook,2,609,1692,0.2,0.5,8,0.34777051307477286,0.0022598870056497176,0.6769679300291546,3.616245746612549
Facebook,2,609,1692,0.2,0.5,9,0.1745908194803562,0.0,1.0,3.819307804107666
Facebook,2,609,1692,0.2,0.5,10,0.34199494980811473,0.0021333333333333334,0.6626822157434402,3.575441598892212
Facebook,2,609,1692,0.2,0.5,11,0.38322779969558896,0.002168021680216802,0.7154518950437317,3.6948208808898926
Facebook,2,609,1692,0.2,0.5,12,0.3543351139704257,0.002191780821917808,0.7448979591836735,3.5895590782165527
Facebook,2,609,1692,0.2,0.5,13,0.1745908194803562,0.0,1.0,3.866922616958618
Facebook,2,609,1692,0.2,0.5,14,0.1745908194803562,0.0,1.0,3.706021308898926
Facebook,2,609,1692,0.2,0.5,15,0.1745908194803562,0.0,1.0,3.868140935897827
Facebook,2,609,2115,0.25,0.5,1,0.3291277722853048,0.002631578947368421,0.685131195335277,3.8089892864227295
Facebook,2,609,2115,0.25,0.5,2,0.38099541972543544,0.0023880597014925373,0.7186588921282799,3.5979883670806885
Facebook,2,609,2115,0.25,0.5,3,0.1745908194803562,0.0,1.0,3.891735792160034
Facebook,2,609,2115,0.25,0.5,4,0.3255914416466493,0.0025974025974025974,0.6950437317784257,3.6190145015716553
Facebook,2,609,2115,0.25,0.5,5,0.1745908194803562,0.0,1.0,3.8750839233398438
Facebook,2,609,2115,0.25,0.5,6,0.30780841479272203,0.0026666666666666666,1.0,3.638045072555542
Facebook,2,609,2115,0.25,0.5,7,0.3271160679401816,0.0031872509960159364,0.6962099125364432,3.7822160720825195
Facebook,2,609,2115,0.25,0.5,8,0.1745908194803562,0.0,1.0,3.948998212814331
Facebook,2,609,2115,0.25,0.5,9,0.3849757067700086,0.0027548209366391185,1.0,3.624802589416504
Facebook,2,609,2115,0.25,0.5,10,0.3314397341278093,0.002127659574468085,0.6839650145772594,3.7550036907196045
Facebook,2,609,2115,0.25,0.5,11,0.31501110688072304,0.002325581395348837,0.702332361516035,3.6265687942504883
Facebook,2,609,2115,0.25,0.5,12,0.2610615754443682,0.002570694087403599,1.0,3.844090223312378
Facebook,2,609,2115,0.25,0.5,13,0.1745908194803562,0.0,1.0,3.7845685482025146
Facebook,2,609,2115,0.25,0.5,14,0.35865768975358703,0.0028089887640449437,1.0,3.7783150672912598
Facebook,2,609,2115,0.25,0.5,15,0.2909717858318107,0.002898550724637681,1.0,3.8220274448394775
Facebook,2,609,2538,0.3,0.5,1,0.3909731507064308,0.002127659574468085,0.7163265306122449,3.72153902053833
Facebook,2,609,2538,0.3,0.5,2,0.1745908194803562,0.0,1.0,3.9483211040496826
Facebook,2,609,2538,0.3,0.5,3,0.1745908194803562,0.0,1.0,3.854212999343872
Facebook,2,609,2538,0.3,0.5,4,0.31321551665471375,0.0024096385542168677,0.6830903790087464,3.9003689289093018
Facebook,2,609,2538,0.3,0.5,5,0.1745908194803562,0.0,1.0,3.822533369064331
Facebook,2,609,2538,0.3,0.5,6,0.3446937003334404,0.00199501246882793,0.6839650145772594,3.862414836883545
Facebook,2,609,2538,0.3,0.5,7,0.35059763840545155,0.002292263610315186,0.7002915451895044,3.8928275108337402
Facebook,2,609,2538,0.3,0.5,8,0.3437618959465019,0.003067484662576687,1.0,3.7072806358337402
Facebook,2,609,2538,0.3,0.5,9,0.1745908194803562,0.0,1.0,4.011207103729248
Facebook,2,609,2538,0.3,0.5,10,0.1745908194803562,0.0,1.0,3.775195837020874
Facebook,2,609,2538,0.3,0.5,11,0.3484072238797114,0.0034129692832764505,1.0,3.829542875289917
Facebook,2,609,2538,0.3,0.5,12,0.3955412333788621,0.002577319587628866,1.0,3.694023847579956
Facebook,2,609,2538,0.3,0.5,13,0.3532631342548803,0.0031128404669260703,0.7104956268221574,3.836033821105957
Facebook,2,609,2538,0.3,0.5,14,0.33371683942966957,0.00423728813559322,1.0,3.8856382369995117
Facebook,2,609,2538,0.3,0.5,15,0.1745908194803562,0.0,1.0,3.806224822998047
Facebook,2,609,2961,0.35,0.5,1,0.1745908194803562,0.0,1.0,3.9889776706695557
Facebook,2,609,2961,0.35,0.5,2,0.31310833879161315,0.0027491408934707906,0.6976676384839651,3.755603551864624
Facebook,2,609,2961,0.35,0.5,3,0.3035406130165955,0.0025396825396825397,0.6819241982507288,3.9528536796569824
Facebook,2,609,2961,0.35,0.5,4,0.1745908194803562,0.0,1.0,3.908848762512207
Facebook,2,609,2961,0.35,0.5,5,0.35857974496507067,0.0022099447513812156,0.7142857142857143,3.935462474822998
Facebook,2,609,2961,0.35,0.5,6,0.32232287592768705,0.002770083102493075,1.0,3.896497964859009
Facebook,2,609,2961,0.35,0.5,7,0.3217848633540616,0.0024390243902439024,0.6947521865889212,3.803677797317505
Facebook,2,609,2961,0.35,0.5,8,0.3201847808050341,0.0038314176245210726,1.0,3.8617515563964844
Facebook,2,609,2961,0.35,0.5,9,0.34344944055335647,0.00398406374501992,1.0,3.7818684577941895
Facebook,2,609,2961,0.35,0.5,10,0.3006405086917061,0.0028776978417266188,0.6816326530612244,3.9137232303619385
Facebook,2,609,2961,0.35,0.5,11,0.31680774483254154,0.00392156862745098,1.0,3.950275182723999
Facebook,2,609,2961,0.35,0.5,12,0.1745908194803562,0.0,1.0,3.8755083084106445
Facebook,2,609,2961,0.35,0.5,13,0.1745908194803562,0.0,1.0,3.979315996170044
Facebook,2,609,2961,0.35,0.5,14,0.1745908194803562,0.0,1.0,3.8712546825408936
Facebook,2,609,2961,0.35,0.5,15,0.3310557167859326,0.0031620553359683794,0.7294460641399417,3.946580648422241
Facebook,2,609,3384,0.4,0.5,1,0.3188183619452141,0.0027303754266211604,0.7002915451895044,3.9549639225006104
Facebook,2,609,3384,0.4,0.5,2,0.1745908194803562,0.0,1.0,3.899338722229004
Facebook,2,609,3384,0.4,0.5,3,0.3384201749401185,0.0023880597014925373,0.6839650145772594,3.9269697666168213
Facebook,2,609,3384,0.4,0.5,4,0.1745908194803562,0.0,1.0,3.946244716644287
Facebook,2,609,3384,0.4,0.5,5,0.1745908194803562,0.0,1.0,4.070269346237183
Facebook,2,609,3384,0.4,0.5,6,0.3357091378439405,0.0032679738562091504,1.0,3.834564208984375
Facebook,2,609,3384,0.4,0.5,7,0.32656556599815606,0.003686635944700461,0.7072886297376093,3.968980312347412
Facebook,2,609,3384,0.4,0.5,8,0.1745908194803562,0.0,1.0,4.136715650558472
Facebook,2,609,3384,0.4,0.5,9,0.3192322725407702,0.002702702702702703,0.707871720116618,3.7625300884246826
Facebook,2,609,3384,0.4,0.5,10,0.1745908194803562,0.0,1.0,4.073477268218994
Facebook,2,609,3384,0.4,0.5,11,0.34005906425165777,0.003703703703703704,1.0,3.846491813659668
Facebook,2,609,3384,0.4,0.5,12,0.3418897849336345,0.0023391812865497076,0.6766763848396501,3.9776175022125244
Facebook,2,609,3384,0.4,0.5,13,0.31184616826595646,0.002758620689655172,0.7011661807580175,3.993116617202759
Facebook,2,609,3384,0.4,0.5,14,0.1745908194803562,0.0,1.0,3.911161184310913
Facebook,2,609,3384,0.4,0.5,15,0.3894531203430224,0.003205128205128205,1.0,3.923969030380249
Facebook,2,609,3807,0.45,0.5,1,0.3509751615451915,0.0028469750889679717,0.6947521865889212,3.8446764945983887
Facebook,2,609,3807,0.45,0.5,2,0.3503118975227418,0.0033222591362126247,1.0,4.07698917388916
Facebook,2,609,3807,0.45,0.5,3,0.1745908194803562,0.0,1.0,3.9884212017059326
Facebook,2,609,3807,0.45,0.5,4,0.3076565355640974,0.0034129692832764505,1.0,4.041941404342651
Facebook,2,609,3807,0.45,0.5,5,0.1745908194803562,0.0,1.0,4.013871908187866
Facebook,2,609,3807,0.45,0.5,6,0.3173985407667139,0.0030075187969924814,0.7110787172011662,4.009444952011108
Facebook,2,609,3807,0.45,0.5,7,0.1745908194803562,0.0,1.0,4.199312925338745
Facebook,2,609,3807,0.45,0.5,8,0.1745908194803562,0.0,1.0,3.972905397415161
Facebook,2,609,3807,0.45,0.5,9,0.346929726481882,0.0026058631921824105,0.6883381924198251,3.9927423000335693
Facebook,2,609,3807,0.45,0.5,10,0.3146155199563421,0.0026402640264026403,0.6962099125364432,3.842586040496826
Facebook,2,609,3807,0.45,0.5,11,0.1745908194803562,0.0,1.0,4.140746593475342
Facebook,2,609,3807,0.45,0.5,12,0.319527158892152,0.0034482758620689655,0.7040816326530612,3.845059633255005
Facebook,2,609,3807,0.45,0.5,13,0.1745908194803562,0.0,1.0,4.110813856124878
Facebook,2,609,3807,0.45,0.5,14,0.33473139713321426,0.004123711340206186,0.685131195335277,3.8628337383270264
Facebook,2,609,3807,0.45,0.5,15,0.1745908194803562,0.0,1.0,4.144613742828369
Facebook,2,609,4230,0.5,0.5,1,0.1745908194803562,0.0,1.0,4.193125009536743
Facebook,2,609,4230,0.5,0.5,2,0.1745908194803562,0.0,1.0,4.050458669662476
Facebook,2,609,4230,0.5,0.5,3,0.348723855371261,0.0034482758620689655,1.0,4.061371564865112
Facebook,2,609,4230,0.5,0.5,4,0.32366250252862555,0.004032258064516129,1.0,3.963343858718872
Facebook,2,609,4230,0.5,0.5,5,0.1745908194803562,0.0,1.0,4.209293603897095
Facebook,2,609,4230,0.5,0.5,6,0.34396295267464777,0.0035460992907801418,1.0,4.119619131088257
Facebook,2,609,4230,0.5,0.5,7,0.30084289108968326,0.004310344827586207,1.0,3.8814523220062256
Facebook,2,609,4230,0.5,0.5,8,0.1745908194803562,0.0,1.0,4.216845989227295
Facebook,2,609,4230,0.5,0.5,9,0.3266210121353102,0.0029069767441860465,1.0,3.883894681930542
Facebook,2,609,4230,0.5,0.5,10,0.34521316899081234,0.0030120481927710845,1.0,4.054357051849365
Facebook,2,609,4230,0.5,0.5,11,0.1745908194803562,0.0,1.0,4.025989770889282
Facebook,2,609,4230,0.5,0.5,12,0.1745908194803562,0.0,1.0,4.159285306930542
Facebook,2,609,4230,0.5,0.5,13,0.1745908194803562,0.0,1.0,4.230754613876343
Facebook,2,609,4230,0.5,0.5,14,0.349203264241032,0.0033222591362126247,1.0,3.8908419609069824
Facebook,2,609,4230,0.5,0.5,15,0.3345588706667106,0.0035087719298245615,0.7206997084548105,4.036825895309448
Facebook,2,609,4653,0.55,0.5,1,0.1745908194803562,0.0,1.0,4.130573987960815
Facebook,2,609,4653,0.55,0.5,2,0.35198629263100684,0.003389830508474576,1.0,4.169641733169556
Facebook,2,609,4653,0.55,0.5,3,0.1745908194803562,0.0,1.0,4.166622877120972
Facebook,2,609,4653,0.55,0.5,4,0.1745908194803562,0.0,1.0,4.283804178237915
Facebook,2,609,4653,0.55,0.5,5,0.35263833663324917,0.0036363636363636364,1.0,4.161794900894165
Facebook,2,609,4653,0.55,0.5,6,0.33487234479156885,0.0036036036036036037,0.7221574344023324,3.9851768016815186
Facebook,2,609,4653,0.55,0.5,7,0.1745908194803562,0.0,1.0,4.210360050201416
Facebook,2,609,4653,0.55,0.5,8,0.31083695370637215,0.003676470588235294,1.0,3.9639432430267334
Facebook,2,609,4653,0.55,0.5,9,0.1745908194803562,0.0,1.0,4.238018035888672
Facebook,2,609,4653,0.55,0.5,10,0.1745908194803562,0.0,1.0,4.275803327560425
Facebook,2,609,4653,0.55,0.5,11,0.37873285901984727,0.002857142857142857,1.0,4.013212442398071
Facebook,2,609,4653,0.55,0.5,12,0.1745908194803562,0.0,1.0,4.224083423614502
Facebook,2,609,4653,0.55,0.5,13,0.31212079624567896,0.003305785123966942,0.7169096209912537,3.9815256595611572
Facebook,2,609,4653,0.55,0.5,14,0.1745908194803562,0.0,1.0,4.245079278945923
Facebook,2,609,4653,0.55,0.5,15,0.34615632584290157,0.002702702702702703,0.6819241982507288,3.9982962608337402
Facebook,2,609,5076,0.6,0.5,1,0.1745908194803562,0.0,1.0,4.348148822784424
Facebook,2,609,5076,0.6,0.5,2,0.35517765740646084,0.003787878787878788,1.0,4.197934865951538
Facebook,2,609,5076,0.6,0.5,3,0.3364544627894825,0.0028089887640449437,1.0,4.0361011028289795
Facebook,2,609,5076,0.6,0.5,4,0.31743689810703957,0.002711864406779661,0.710204081632653,4.175836086273193
Facebook,2,609,5076,0.6,0.5,5,0.1745908194803562,0.0,1.0,4.164729118347168
Facebook,2,609,5076,0.6,0.5,6,0.3302433749094374,0.004347826086956522,0.7002915451895044,4.200446367263794
Facebook,2,609,5076,0.6,0.5,7,0.296304389112985,0.003048780487804878,1.0,4.068084478378296
Facebook,2,609,5076,0.6,0.5,8,0.36776761671734676,0.004273504273504274,1.0,4.182072639465332
Facebook,2,609,5076,0.6,0.5,9,0.3243861850471314,0.005434782608695652,1.0,4.064768552780151
Facebook,2,609,5076,0.6,0.5,10,0.2679557443678179,0.002702702702702703,1.0,4.20805811882019
Facebook,2,609,5076,0.6,0.5,11,0.1745908194803562,0.0,1.0,4.3194355964660645
Facebook,2,609,5076,0.6,0.5,12,0.3159499988892448,0.003968253968253968,1.0,4.041654586791992
Facebook,2,609,5076,0.6,0.5,13,0.31495428916390716,0.0040650406504065045,1.0,4.154853820800781
Facebook,2,609,5076,0.6,0.5,14,0.1745908194803562,0.0,1.0,4.156999826431274
Facebook,2,609,5076,0.6,0.5,15,0.1745908194803562,0.0,1.0,4.293932676315308
Facebook,2,609,5499,0.65,0.5,1,0.337366225788278,0.002564102564102564,0.710204081632653,4.1020143032073975
Facebook,2,609,5499,0.65,0.5,2,0.31580833723902146,0.004166666666666667,1.0,4.299066066741943
Facebook,2,609,5499,0.65,0.5,3,0.34777988629100515,0.00411522633744856,1.0,4.088403940200806
Facebook,2,609,5499,0.65,0.5,4,0.1745908194803562,0.0,1.0,4.384429454803467
Facebook,2,609,5499,0.65,0.5,5,0.1745908194803562,0.0,1.0,4.4241228103637695
Facebook,2,609,5499,0.65,0.5,6,0.1745908194803562,0.0,1.0,4.228748559951782
Facebook,2,609,5499,0.65,0.5,7,0.1745908194803562,0.0,1.0,4.355313062667847
Facebook,2,609,5499,0.65,0.5,8,0.1745908194803562,0.0,1.0,4.193726062774658
Facebook,2,609,5499,0.65,0.5,9,0.3286908423520613,0.0032,0.7055393586005831,4.249550104141235
Facebook,2,609,5499,0.65,0.5,10,0.1745908194803562,0.0,1.0,4.433906555175781
Facebook,2,609,5499,0.65,0.5,11,0.1745908194803562,0.0,1.0,4.2092742919921875
Facebook,2,609,5499,0.65,0.5,12,0.1745908194803562,0.0,1.0,4.417625427246094
Facebook,2,609,5499,0.65,0.5,13,0.1745908194803562,0.0,1.0,4.267895698547363
Facebook,2,609,5499,0.65,0.5,14,0.1745908194803562,0.0,1.0,4.383584976196289
Facebook,2,609,5499,0.65,0.5,15,0.1745908194803562,0.0,1.0,4.41001296043396
Facebook,2,609,5922,0.7,0.5,1,0.1745908194803562,0.0,1.0,4.3320698738098145
Facebook,2,609,5922,0.7,0.5,2,0.1745908194803562,0.0,1.0,4.422712087631226
Facebook,2,609,5922,0.7,0.5,3,0.1745908194803562,0.0,1.0,4.279395818710327
Facebook,2,609,5922,0.7,0.5,4,0.3117749630247135,0.0047169811320754715,1.0,4.3322913646698
Facebook,2,609,5922,0.7,0.5,5,0.29802679940746235,0.0037174721189591076,1.0,4.204612731933594
Facebook,2,609,5922,0.7,0.5,6,0.31955925735171864,0.002797202797202797,0.7253644314868805,4.305394172668457
Facebook,2,609,5922,0.7,0.5,7,0.34422753205864826,0.0025,0.6696793002915452,4.36012601852417
Facebook,2,609,5922,0.7,0.5,8,0.3523930730182561,0.003389830508474576,0.706997084548105,4.186985015869141
Facebook,2,609,5922,0.7,0.5,9,0.1745908194803562,0.0,1.0,4.443909406661987
Facebook,2,609,5922,0.7,0.5,10,0.1745908194803562,0.0,1.0,4.269079923629761
Facebook,2,609,5922,0.7,0.5,11,0.1745908194803562,0.0,1.0,4.436703681945801
Facebook,2,609,5922,0.7,0.5,12,0.1745908194803562,0.0,1.0,4.528763771057129
Facebook,2,609,5922,0.7,0.5,13,0.1745908194803562,0.0,1.0,4.291029453277588
Facebook,2,609,5922,0.7,0.5,14,0.1745908194803562,0.0,1.0,4.434519052505493
Facebook,2,609,5922,0.7,0.5,15,0.35184666888225563,0.0045662100456621,1.0,4.196945428848267
Facebook,2,609,6345,0.75,0.5,1,0.1745908194803562,0.0,1.0,4.513096809387207
Facebook,2,609,6345,0.75,0.5,2,0.3329313398730843,0.002857142857142857,0.7142857142857143,4.456209182739258
Facebook,2,609,6345,0.75,0.5,3,0.1745908194803562,0.0,1.0,4.354384660720825
Facebook,2,609,6345,0.75,0.5,4,0.33849979476628916,0.004201680672268907,1.0,4.353714942932129
Facebook,2,609,6345,0.75,0.5,5,0.1745908194803562,0.0,1.0,4.384541988372803
Facebook,2,609,6345,0.75,0.5,6,0.1745908194803562,0.0,1.0,4.517497301101685
Facebook,2,609,6345,0.75,0.5,7,0.1745908194803562,0.0,1.0,4.542319059371948
Facebook,2,609,6345,0.75,0.5,8,0.3066869128107131,0.002976190476190476,1.0,4.202147483825684
Facebook,2,609,6345,0.75,0.5,9,0.32561245105578424,0.0034934497816593887,0.7239067055393587,4.354093313217163
Facebook,2,609,6345,0.75,0.5,10,0.1745908194803562,0.0,1.0,4.338564872741699
Facebook,2,609,6345,0.75,0.5,11,0.1745908194803562,0.0,1.0,4.525270700454712
Facebook,2,609,6345,0.75,0.5,12,0.1745908194803562,0.0,1.0,4.349363803863525
Facebook,2,609,6345,0.75,0.5,13,0.1745908194803562,0.0,1.0,4.54457950592041
Facebook,2,609,6345,0.75,0.5,14,0.1745908194803562,0.0,1.0,4.56941294670105
Facebook,2,609,6345,0.75,0.5,15,0.1745908194803562,0.0,1.0,4.328337669372559
Facebook,2,609,6768,0.8,0.5,1,0.1745908194803562,0.0,1.0,4.524782180786133
Facebook,2,609,6768,0.8,0.5,2,0.1745908194803562,0.0,1.0,4.395358324050903
Facebook,2,609,6768,0.8,0.5,3,0.24214849184495055,0.00425531914893617,1.0,4.454571962356567
Facebook,2,609,6768,0.8,0.5,4,0.1745908194803562,0.0,1.0,4.428466320037842
Facebook,2,609,6768,0.8,0.5,5,0.3464457654974413,0.002523659305993691,0.7198250728862974,4.46709418296814
Facebook,2,609,6768,0.8,0.5,6,0.3378800167909823,0.004324324324324324,0.70466472303207,4.2806236743927
Facebook,2,609,6768,0.8,0.5,7,0.1745908194803562,0.0,1.0,4.593201160430908
Facebook,2,609,6768,0.8,0.5,8,0.3553918797195725,0.0029304029304029304,0.7037900874635569,4.437967777252197
Facebook,2,609,6768,0.8,0.5,9,0.3518873908885712,0.004424778761061947,1.0,4.354064702987671
Facebook,2,609,6768,0.8,0.5,10,0.1745908194803562,0.0,1.0,4.57210373878479
Facebook,2,609,6768,0.8,0.5,11,0.1745908194803562,0.0,1.0,4.375962018966675
Facebook,2,609,6768,0.8,0.5,12,0.1745908194803562,0.0,1.0,4.627758979797363
Facebook,2,609,6768,0.8,0.5,13,0.36361269497134796,0.0022471910112359553,0.6959183673469388,4.404303312301636
Facebook,2,609,6768,0.8,0.5,14,0.2997364692322382,0.003968253968253968,1.0,4.278184413909912
Facebook,2,609,6768,0.8,0.5,15,0.3438012362154312,0.004310344827586207,1.0,4.402730941772461
Facebook,2,609,7191,0.85,0.5,1,0.34238496887651065,0.0027303754266211604,0.6842565597667638,4.3517231941223145
Facebook,2,609,7191,0.85,0.5,2,0.1745908194803562,0.0,1.0,4.629061937332153
Facebook,2,609,7191,0.85,0.5,3,0.323657165617939,0.0043859649122807015,1.0,4.372836112976074
Facebook,2,609,7191,0.85,0.5,4,0.1745908194803562,0.0,1.0,4.698274850845337
Facebook,2,609,7191,0.85,0.5,5,0.1745908194803562,0.0,1.0,4.654129266738892
Facebook,2,609,7191,0.85,0.5,6,0.32809383785269475,0.004784688995215311,1.0,4.308707237243652
Facebook,2,609,7191,0.85,0.5,7,0.1745908194803562,0.0,1.0,4.579774618148804
Facebook,2,609,7191,0.85,0.5,8,0.1745908194803562,0.0,1.0,4.464481830596924
Facebook,2,609,7191,0.85,0.5,9,0.1745908194803562,0.0,1.0,4.6238954067230225
Facebook,2,609,7191,0.85,0.5,10,0.33690884315797237,0.0037313432835820895,1.0,4.390542984008789
Facebook,2,609,7191,0.85,0.5,11,0.1745908194803562,0.0,1.0,4.611056327819824
Facebook,2,609,7191,0.85,0.5,12,0.33406875148467846,0.0036496350364963502,1.0,4.485462427139282
Facebook,2,609,7191,0.85,0.5,13,0.30902609375284906,0.004975124378109453,1.0,4.372810363769531
Facebook,2,609,7191,0.85,0.5,14,0.33670833944374096,0.005291005291005291,1.0,4.518447399139404
Facebook,2,609,7191,0.85,0.5,15,0.3429581588649025,0.0034602076124567475,1.0,4.3572962284088135
Facebook,2,609,7614,0.9,0.5,1,0.3387791301390152,0.004784688995215311,1.0,4.587954521179199
Facebook,2,609,7614,0.9,0.5,2,0.3426260071898565,0.005235602094240838,1.0,4.596404790878296
Facebook,2,609,7614,0.9,0.5,3,0.33264002380953034,0.003968253968253968,1.0,4.411313056945801
Facebook,2,609,7614,0.9,0.5,4,0.3438921647576253,0.004524886877828055,1.0,4.598061800003052
Facebook,2,609,7614,0.9,0.5,5,0.1745908194803562,0.0,1.0,4.53646183013916
Facebook,2,609,7614,0.9,0.5,6,0.3469557852294277,0.003816793893129771,1.0,4.591871500015259
Facebook,2,609,7614,0.9,0.5,7,0.3383921446244544,0.005780346820809248,1.0,4.476052761077881
Facebook,2,609,7614,0.9,0.5,8,0.3260580503992932,0.003861003861003861,1.0,4.587072372436523
Facebook,2,609,7614,0.9,0.5,9,0.3357808924962593,0.005747126436781609,1.0,4.580810308456421
Facebook,2,609,7614,0.9,0.5,10,0.3144700362710706,0.0037209302325581397,0.7233236151603498,4.385656118392944
Facebook,2,609,7614,0.9,0.5,11,0.33249342232968176,0.0030534351145038168,0.6924198250728864,4.554680585861206
Facebook,2,609,7614,0.9,0.5,12,0.3356400621008459,0.0023880597014925373,0.7186588921282799,4.4485156536102295
Facebook,2,609,7614,0.9,0.5,13,0.3324084096129914,0.0044444444444444444,1.0,4.560962677001953
Facebook,2,609,7614,0.9,0.5,14,0.1745908194803562,0.0,1.0,4.727022171020508
Facebook,2,609,7614,0.9,0.5,15,0.1745908194803562,0.0,1.0,4.518874406814575
Facebook,2,609,8037,0.95,0.5,1,0.30350877113193336,0.002702702702702703,0.6997084548104956,4.658203601837158
Facebook,2,609,8037,0.95,0.5,2,0.3438691201509624,0.0058823529411764705,1.0,4.443048477172852
Facebook,2,609,8037,0.95,0.5,3,0.3276902392070064,0.005813953488372093,1.0,4.643680572509766
Facebook,2,609,8037,0.95,0.5,4,0.1745908194803562,0.0,1.0,4.8143486976623535
Facebook,2,609,8037,0.95,0.5,5,0.3336172485891899,0.004032258064516129,1.0,4.512579679489136
Facebook,2,609,8037,0.95,0.5,6,0.1745908194803562,0.0,1.0,4.73645806312561
Facebook,2,609,8037,0.95,0.5,7,0.3172328018831967,0.0026936026936026937,0.7043731778425656,4.539085626602173
Facebook,2,609,8037,0.95,0.5,8,0.1745908194803562,0.0,1.0,4.760513544082642
Facebook,2,609,8037,0.95,0.5,9,0.3212798526259138,0.0030303030303030303,0.6819241982507288,4.591650485992432
Facebook,2,609,8037,0.95,0.5,10,0.34782523447712477,0.0045662100456621,1.0,4.4888997077941895
Facebook,2,609,8037,0.95,0.5,11,0.2882284935724176,0.005050505050505051,1.0,4.61830472946167
Facebook,2,609,8037,0.95,0.5,12,0.27607426905427673,0.003875968992248062,1.0,4.496751546859741
Facebook,2,609,8037,0.95,0.5,13,0.3397987958696609,0.0051813471502590676,1.0,4.6631760597229
Facebook,2,609,8037,0.95,0.5,14,0.38874970103758966,0.004784688995215311,1.0,4.49560546875
Facebook,2,609,8037,0.95,0.5,15,0.1745908194803562,0.0,1.0,4.748404502868652
Facebook,2,609,8460,1,0.5,1,0.3280945903007166,0.004291845493562232,1.0,4.658370494842529
Facebook,2,609,8460,1,0.5,2,0.3036421190606011,0.0044444444444444444,1.0,4.551589012145996
Facebook,2,609,8460,1,0.5,3,0.1745908194803562,0.0,1.0,4.847143173217773
Facebook,2,609,8460,1,0.5,4,0.3185289510477164,0.004,1.0,4.737606763839722
Facebook,2,609,8460,1,0.5,5,0.3384231938547159,0.005555555555555556,1.0,4.531879901885986
Facebook,2,609,8460,1,0.5,6,0.1745908194803562,0.0,1.0,4.772029638290405
Facebook,2,609,8460,1,0.5,7,0.3510969203187457,0.004807692307692308,1.0,4.504357099533081
Facebook,2,609,8460,1,0.5,8,0.1745908194803562,0.0,1.0,4.839673757553101
Facebook,2,609,8460,1,0.5,9,0.3473192732123817,0.00411522633744856,1.0,4.6951868534088135
Facebook,2,609,8460,1,0.5,10,0.1745908194803562,0.0,1.0,4.651329517364502
Facebook,2,609,8460,1,0.5,11,0.33245325829290345,0.0041025641025641026,0.7209912536443148,4.650657892227173
Facebook,2,609,8460,1,0.5,12,0.3244199357813871,0.004651162790697674,1.0,4.74045205116272
Facebook,2,609,8460,1,0.5,13,0.34122602953091336,0.0047169811320754715,1.0,4.540351390838623
Facebook,2,609,8460,1,0.5,14,0.3212900844038724,0.005263157894736842,1.0,4.641407251358032
Facebook,2,609,8460,1,0.5,15,0.36339373239203127,0.0037593984962406013,1.0,4.533662557601929
Facebook,3,909,0,0,,0,0.3731995789155418,0.002523659305993691,0.6725239616613419,
Facebook,3,909,0,0,,0,0.1745908194803562,0.0,1.0,
Facebook,3,909,0,0,,0,0.1745908194803562,0.0,1.0,
Facebook,3,909,0,0,,0,0.4213373437320998,0.002279202279202279,0.6862619808306709,
Facebook,3,909,0,0,,0,0.1745908194803562,0.0,1.0,
Facebook,3,909,0,0,,0,0.1745908194803562,0.0,1.0,
Facebook,3,909,0,0,,0,0.34240851830573804,0.0018726591760299626,1.0,
Facebook,3,909,0,0,,0,0.1745908194803562,0.0,1.0,
Facebook,3,909,0,0,,0,0.4380536812394355,0.0011928429423459245,0.4968051118210863,
Facebook,3,909,0,0,,0,0.3892146341634613,0.0017889087656529517,1.0,
Facebook,3,909,0,0,,0,0.1745908194803562,0.0,1.0,
Facebook,3,909,0,0,,0,0.4402603445270063,0.0016172506738544475,0.5217252396166134,
Facebook,3,909,0,0,,0,0.1745908194803562,0.0,1.0,
Facebook,3,909,0,0,,0,0.1745908194803562,0.0,1.0,
Facebook,3,909,0,0,,0,0.32393615602735426,0.0015151515151515152,0.8591054313099041,
Facebook,3,909,250,0.01,0.5,1,0.35931505540000613,0.001763668430335097,1.0,3.4308276176452637
Facebook,3,909,250,0.01,0.5,2,0.4624101304815533,0.0011928429423459245,0.5230031948881789,3.332855463027954
Facebook,3,909,250,0.01,0.5,3,0.40591193349693505,0.002173913043478261,0.64185303514377,3.509355306625366
Facebook,3,909,250,0.01,0.5,4,0.4070252883134294,0.001990049751243781,0.6731629392971246,3.543837308883667
Facebook,3,909,250,0.01,0.5,5,0.36945375608692016,0.0024922118380062306,0.6747603833865815,3.3463945388793945
Facebook,3,909,250,0.01,0.5,6,0.39266782235308634,0.0022099447513812156,0.663258785942492,3.483052968978882
Facebook,3,909,250,0.01,0.5,7,0.40626741775074976,0.002150537634408602,0.7054313099041534,3.3541758060455322
Facebook,3,909,250,0.01,0.5,8,0.1745908194803562,0.0,1.0,3.6008384227752686
Facebook,3,909,250,0.01,0.5,9,0.3636643167359195,0.003401360544217687,1.0,3.350745439529419
Facebook,3,909,250,0.01,0.5,10,0.1745908194803562,0.0,1.0,3.600086212158203
Facebook,3,909,250,0.01,0.5,11,0.1745908194803562,0.0,1.0,3.467618942260742
Facebook,3,909,250,0.01,0.5,12,0.2893410581677777,0.0030211480362537764,1.0,3.533698558807373
Facebook,3,909,250,0.01,0.5,13,0.391714236226403,0.0023054755043227667,0.6728434504792332,3.36981463432312
Facebook,3,909,250,0.01,0.5,14,0.1745908194803562,0.0,1.0,3.6679913997650146
Facebook,3,909,250,0.01,0.5,15,0.40359583288958245,0.0024922118380062306,0.6706070287539936,3.5148274898529053
Facebook,3,909,1248,0.05,0.5,1,0.1745908194803562,0.0,1.0,3.6630308628082275
Facebook,3,909,1248,0.05,0.5,2,0.1745908194803562,0.0,1.0,3.7461941242218018
Facebook,3,909,1248,0.05,0.5,3,0.3648238589421604,0.0019230769230769232,0.5619808306709265,3.490931510925293
Facebook,3,909,1248,0.05,0.5,4,0.3823913621859922,0.002162162162162162,0.6584664536741214,3.635347843170166
Facebook,3,909,1248,0.05,0.5,5,0.41092296458594135,0.002797202797202797,0.6597444089456869,3.5351829528808594
Facebook,3,909,1248,0.05,0.5,6,0.3791541677694887,0.0030211480362537764,1.0,3.65114688873291
Facebook,3,909,1248,0.05,0.5,7,0.37841373423510477,0.002346041055718475,0.6619808306709265,3.7003695964813232
Facebook,3,909,1248,0.05,0.5,8,0.3671160348788543,0.0025157232704402514,0.6603833865814697,3.4605939388275146
Facebook,3,909,1248,0.05,0.5,9,0.3644575897937897,0.0024922118380062306,0.6600638977635783,3.695178747177124
Facebook,3,909,1248,0.05,0.5,10,0.3599464977164841,0.0026578073089701,0.6856230031948882,3.47337007522583
Facebook,3,909,1248,0.05,0.5,11,0.1745908194803562,0.0,1.0,3.7285470962524414
Facebook,3,909,1248,0.05,0.5,12,0.38629384933018796,0.0020460358056265983,0.6619808306709265,3.473256826400757
Facebook,3,909,1248,0.05,0.5,13,0.1745908194803562,0.0,1.0,3.7586429119110107
Facebook,3,909,1248,0.05,0.5,14,0.43629844479817265,0.0013392857142857143,0.5303514376996805,3.4574637413024902
Facebook,3,909,1248,0.05,0.5,15,0.1745908194803562,0.0,1.0,3.7622087001800537
Facebook,3,909,2495,0.1,0.5,1,0.3719815996562679,0.0022535211267605635,0.6057507987220447,3.8265013694763184
Facebook,3,909,2495,0.1,0.5,2,0.1745908194803562,0.0,1.0,3.7598912715911865
Facebook,3,909,2495,0.1,0.5,3,0.36332356065753735,0.001829268292682927,0.5383386581469649,3.7723448276519775
Facebook,3,909,2495,0.1,0.5,4,0.36226110148308677,0.0025477707006369425,0.6523961661341853,3.62416410446167
Facebook,3,909,2495,0.1,0.5,5,0.1745908194803562,0.0,1.0,3.926510810852051
Facebook,3,909,2495,0.1,0.5,6,0.1745908194803562,0.0,1.0,3.8273799419403076
Facebook,3,909,2495,0.1,0.5,7,0.1745908194803562,0.0,1.0,3.9161484241485596
Facebook,3,909,2495,0.1,0.5,8,0.28925238803240155,0.003472222222222222,1.0,3.8541057109832764
Facebook,3,909,2495,0.1,0.5,9,0.1745908194803562,0.0,1.0,3.7494957447052
Facebook,3,909,2495,0.1,0.5,10,0.3718465826296566,0.002702702702702703,0.712779552715655,3.834287405014038
Facebook,3,909,2495,0.1,0.5,11,0.1745908194803562,0.0,1.0,3.810349702835083
Facebook,3,909,2495,0.1,0.5,12,0.38227071610235647,0.0024024024024024023,0.673482428115016,3.7555272579193115
Facebook,3,909,2495,0.1,0.5,13,0.1745908194803562,0.0,1.0,3.7206993103027344
Facebook,3,909,2495,0.1,0.5,14,0.36280187385622725,0.0027548209366391185,1.0,3.8048856258392334
Facebook,3,909,2495,0.1,0.5,15,0.3764257742234568,0.0022284122562674096,0.65814696485623,3.6671676635742188
Facebook,3,909,3742,0.15,0.5,1,0.1745908194803562,0.0,1.0,4.125425338745117
Facebook,3,909,3742,0.15,0.5,2,0.1745908194803562,0.0,1.0,3.936257839202881
Facebook,3,909,3742,0.15,0.5,3,0.3944409218061953,0.0024316109422492403,0.6690095846645367,4.035172939300537
Facebook,3,909,3742,0.15,0.5,4,0.38469692758680274,0.0024615384615384616,0.6645367412140575,3.997529983520508
Facebook,3,909,3742,0.15,0.5,5,0.4038947725595398,0.0024691358024691358,0.6741214057507987,3.8392207622528076
Facebook,3,909,3742,0.15,0.5,6,0.3999456351386597,0.0022471910112359553,0.6696485623003194,3.9268171787261963
Facebook,3,909,3742,0.15,0.5,7,0.1745908194803562,0.0,1.0,3.976300001144409
Facebook,3,909,3742,0.15,0.5,8,0.1745908194803562,0.0,1.0,4.125783205032349
Facebook,3,909,3742,0.15,0.5,9,0.386937190843693,0.0022662889518413596,0.6533546325878594,3.784245491027832
Facebook,3,909,3742,0.15,0.5,10,0.41547459120774005,0.0023054755043227667,0.6638977635782748,3.9924960136413574
Facebook,3,909,3742,0.15,0.5,11,0.3902196409444586,0.002702702702702703,1.0,4.024753570556641
Facebook,3,909,3742,0.15,0.5,12,0.1745908194803562,0.0,1.0,3.9787867069244385
Facebook,3,909,3742,0.15,0.5,13,0.36636306957126974,0.002359882005899705,0.6715654952076677,3.958325147628784
Facebook,3,909,3742,0.15,0.5,14,0.1745908194803562,0.0,1.0,3.9385488033294678
Facebook,3,909,3742,0.15,0.5,15,0.1745908194803562,0.0,1.0,4.109187841415405
Facebook,3,909,4990,0.2,0.5,1,0.1745908194803562,0.0,1.0,4.135457277297974
Facebook,3,909,4990,0.2,0.5,2,0.3641115116663523,0.0024390243902439024,0.6654952076677316,4.18415379524231
Facebook,3,909,4990,0.2,0.5,3,0.1745908194803562,0.0,1.0,4.1487860679626465
Facebook,3,909,4990,0.2,0.5,4,0.1745908194803562,0.0,1.0,4.275088548660278
Facebook,3,909,4990,0.2,0.5,5,0.1745908194803562,0.0,1.0,4.291099786758423
Facebook,3,909,4990,0.2,0.5,6,0.3670340908863844,0.001937046004842615,0.6552715654952077,3.979214906692505
Facebook,3,909,4990,0.2,0.5,7,0.1745908194803562,0.0,1.0,4.286275625228882
Facebook,3,909,4990,0.2,0.5,8,0.1745908194803562,0.0,1.0,4.108310222625732
Facebook,3,909,4990,0.2,0.5,9,0.4213242376014096,0.0024691358024691358,0.6616613418530352,4.1276562213897705
Facebook,3,909,4990,0.2,0.5,10,0.1745908194803562,0.0,1.0,4.121372222900391
Facebook,3,909,4990,0.2,0.5,11,0.2687235240617876,0.003236245954692557,1.0,4.1646974086761475
Facebook,3,909,4990,0.2,0.5,12,0.1745908194803562,0.0,1.0,4.303134441375732
Facebook,3,909,4990,0.2,0.5,13,0.36792469240412606,0.0020100502512562816,0.676038338658147,3.964921712875366
Facebook,3,909,4990,0.2,0.5,14,0.1745908194803562,0.0,1.0,4.264791011810303
Facebook,3,909,4990,0.2,0.5,15,0.1745908194803562,0.0,1.0,4.1448187828063965
Facebook,3,909,6238,0.25,0.5,1,0.1745908194803562,0.0,1.0,4.454637765884399
Facebook,3,909,6238,0.25,0.5,2,0.3507269688784503,0.002484472049689441,0.6645367412140575,4.375364780426025
Facebook,3,909,6238,0.25,0.5,3,0.3647721322273934,0.0020408163265306124,0.6776357827476038,4.146934747695923
Facebook,3,909,6238,0.25,0.5,4,0.3941471164657029,0.0027397260273972603,1.0,4.30434775352478
Facebook,3,909,6238,0.25,0.5,5,0.3940041666146365,0.0027303754266211604,0.6702875399361022,4.11461329460144
Facebook,3,909,6238,0.25,0.5,6,0.35686179062670825,0.0021798365122615805,0.6536741214057508,4.3192057609558105
Facebook,3,909,6238,0.25,0.5,7,0.3075214390510033,0.002932551319648094,1.0,4.154275178909302
Facebook,3,909,6238,0.25,0.5,8,0.43845646379662057,0.002188183807439825,1.0,4.30887508392334
Facebook,3,909,6238,0.25,0.5,9,0.1745908194803562,0.0,1.0,4.439769506454468
Facebook,3,909,6238,0.25,0.5,10,0.1745908194803562,0.0,1.0,4.287386894226074
Facebook,3,909,6238,0.25,0.5,11,0.1745908194803562,0.0,1.0,4.430049896240234
Facebook,3,909,6238,0.25,0.5,12,0.1745908194803562,0.0,1.0,4.3147876262664795
Facebook,3,909,6238,0.25,0.5,13,0.41647646193962884,0.0024691358024691358,0.6389776357827476,4.322176218032837
Facebook,3,909,6238,0.25,0.5,14,0.3823999908907151,0.0026246719160104987,1.0,4.178990125656128
Facebook,3,909,6238,0.25,0.5,15,0.1745908194803562,0.0,1.0,4.459765672683716
Facebook,3,909,7485,0.3,0.5,1,0.1745908194803562,0.0,1.0,4.640835523605347
Facebook,3,909,7485,0.3,0.5,2,0.37516769382338455,0.003125,1.0,4.325215816497803
Facebook,3,909,7485,0.3,0.5,3,0.37031083774416873,0.0020100502512562816,0.7019169329073482,4.491722345352173
Facebook,3,909,7485,0.3,0.5,4,0.39864788778579835,0.0033444816053511705,1.0,4.348711729049683
Facebook,3,909,7485,0.3,0.5,5,0.3727449681664837,0.00273224043715847,1.0,4.511763334274292
Facebook,3,909,7485,0.3,0.5,6,0.3701063618293226,0.002331002331002331,1.0,4.5303215980529785
Facebook,3,909,7485,0.3,0.5,7,0.35580584489768163,0.002564102564102564,1.0,4.326047658920288
Facebook,3,909,7485,0.3,0.5,8,0.36655411795312376,0.0029239766081871343,1.0,4.502871513366699
Facebook,3,909,7485,0.3,0.5,9,0.3941816269472518,0.0022988505747126436,0.7031948881789137,4.310514450073242
Facebook,3,909,7485,0.3,0.5,10,0.1745908194803562,0.0,1.0,4.631340980529785
Facebook,3,909,7485,0.3,0.5,11,0.38472042470215223,0.002622950819672131,0.6664536741214058,4.564077138900757
Facebook,3,909,7485,0.3,0.5,12,0.1745908194803562,0.0,1.0,4.4767539501190186
Facebook,3,909,7485,0.3,0.5,13,0.35916167766141693,0.0029850746268656717,1.0,4.487932205200195
Facebook,3,909,7485,0.3,0.5,14,0.1745908194803562,0.0,1.0,4.47025203704834
Facebook,3,909,7485,0.3,0.5,15,0.1745908194803562,0.0,1.0,4.688128709793091
Facebook,3,909,8732,0.35,0.5,1,0.35683789573023456,0.0029239766081871343,1.0,4.680742025375366
Facebook,3,909,8732,0.35,0.5,2,0.37727003535745857,0.002793296089385475,1.0,4.522869825363159
Facebook,3,909,8732,0.35,0.5,3,0.1745908194803562,0.0,1.0,4.768560171127319
Facebook,3,909,8732,0.35,0.5,4,0.1745908194803562,0.0,1.0,4.649021863937378
Facebook,3,909,8732,0.35,0.5,5,0.1745908194803562,0.0,1.0,4.794084072113037
Facebook,3,909,8732,0.35,0.5,6,0.1745908194803562,0.0,1.0,4.80833888053894
Facebook,3,909,8732,0.35,0.5,7,0.3902676161117974,0.003289473684210526,1.0,4.486119270324707
Facebook,3,909,8732,0.35,0.5,8,0.37301094687120956,0.0024316109422492403,0.6865814696485623,4.641711235046387
Facebook,3,909,8732,0.35,0.5,9,0.36962600284302694,0.003278688524590164,1.0,4.496500015258789
Facebook,3,909,8732,0.35,0.5,10,0.36030510506654756,0.0023121387283236996,0.6865814696485623,4.653889179229736
Facebook,3,909,8732,0.35,0.5,11,0.35870607847103075,0.003424657534246575,1.0,4.677425861358643
Facebook,3,909,8732,0.35,0.5,12,0.1745908194803562,0.0,1.0,4.612473487854004
Facebook,3,909,8732,0.35,0.5,13,0.37013852524230684,0.0028011204481792717,1.0,4.689915657043457
Facebook,3,909,8732,0.35,0.5,14,0.1745908194803562,0.0,1.0,4.588805913925171
Facebook,3,909,8732,0.35,0.5,15,0.3720538944429321,0.0030581039755351682,1.0,4.667072296142578
Facebook,3,909,9980,0.4,0.5,1,0.1745908194803562,0.0,1.0,4.963522911071777
Facebook,3,909,9980,0.4,0.5,2,0.1745908194803562,0.0,1.0,4.791651010513306
Facebook,3,909,9980,0.4,0.5,3,0.1745908194803562,0.0,1.0,4.9730658531188965
Facebook,3,909,9980,0.4,0.5,4,0.1745908194803562,0.0,1.0,4.811546325683594
Facebook,3,909,9980,0.4,0.5,5,0.38266947510026106,0.0026246719160104987,1.0,4.82334566116333
Facebook,3,909,9980,0.4,0.5,6,0.1745908194803562,0.0,1.0,4.999822378158569
Facebook,3,909,9980,0.4,0.5,7,0.3860470878180903,0.0026666666666666666,1.0,4.64216160774231
Facebook,3,909,9980,0.4,0.5,8,0.429971971550462,0.0022471910112359553,0.7153354632587859,4.85905909538269
Facebook,3,909,9980,0.4,0.5,9,0.1745908194803562,0.0,1.0,4.790811061859131
Facebook,3,909,9980,0.4,0.5,10,0.35029676889746714,0.002840909090909091,1.0,4.8772032260894775
Facebook,3,909,9980,0.4,0.5,11,0.3543678485248522,0.0027397260273972603,1.0,4.837158918380737
Facebook,3,909,9980,0.4,0.5,12,0.1745908194803562,0.0,1.0,4.775563478469849
Facebook,3,909,9980,0.4,0.5,13,0.1745908194803562,0.0,1.0,4.960413694381714
Facebook,3,909,9980,0.4,0.5,14,0.3650024030270535,0.002840909090909091,1.0,4.6985228061676025
Facebook,3,909,9980,0.4,0.5,15,0.3722813185040719,0.0029069767441860465,1.0,4.870275497436523
Facebook,3,909,11228,0.45,0.5,1,0.35561963394280344,0.003257328990228013,1.0,4.853280544281006
Facebook,3,909,11228,0.45,0.5,2,0.3828716001300334,0.003367003367003367,1.0,5.014619827270508
Facebook,3,909,11228,0.45,0.5,3,0.38620576838330223,0.002577319587628866,1.0,5.075556755065918
Facebook,3,909,11228,0.45,0.5,4,0.1745908194803562,0.0,1.0,4.967727899551392
Facebook,3,909,11228,0.45,0.5,5,0.3908612384813017,0.0021798365122615805,0.702555910543131,5.00293231010437
Facebook,3,909,11228,0.45,0.5,6,0.1745908194803562,0.0,1.0,4.955126762390137
Facebook,3,909,11228,0.45,0.5,7,0.1745908194803562,0.0,1.0,5.1492791175842285
Facebook,3,909,11228,0.45,0.5,8,0.1745908194803562,0.0,1.0,5.173305988311768
Facebook,3,909,11228,0.45,0.5,9,0.37863270035043184,0.002890173410404624,1.0,4.827755451202393
Facebook,3,909,11228,0.45,0.5,10,0.3964938559333157,0.002544529262086514,1.0,4.9988086223602295
Facebook,3,909,11228,0.45,0.5,11,0.1745908194803562,0.0,1.0,5.161126613616943
Facebook,3,909,11228,0.45,0.5,12,0.37489052593374234,0.003134796238244514,1.0,4.866844654083252
Facebook,3,909,11228,0.45,0.5,13,0.1745908194803562,0.0,1.0,5.17822790145874
Facebook,3,909,11228,0.45,0.5,14,0.3730300651378198,0.0031545741324921135,1.0,4.85152268409729
Facebook,3,909,11228,0.45,0.5,15,0.1745908194803562,0.0,1.0,5.131434917449951
Facebook,3,909,12475,0.5,0.5,1,0.1745908194803562,0.0,1.0,5.330578327178955
Facebook,3,909,12475,0.5,0.5,2,0.4427717884541158,0.002881844380403458,1.0,5.057595729827881
Facebook,3,909,12475,0.5,0.5,3,0.4146727057275649,0.002890173410404624,1.0,5.19202184677124
Facebook,3,909,12475,0.5,0.5,4,0.1745908194803562,0.0,1.0,5.182783365249634
Facebook,3,909,12475,0.5,0.5,5,0.378145247021343,0.0031545741324921135,1.0,5.196778059005737
Facebook,3,909,12475,0.5,0.5,6,0.371199178222843,0.0031746031746031746,1.0,5.159618139266968
Facebook,3,909,12475,0.5,0.5,7,0.3777035508655385,0.0032258064516129032,1.0,5.072895526885986
Facebook,3,909,12475,0.5,0.5,8,0.1745908194803562,0.0,1.0,5.324514865875244
Facebook,3,909,12475,0.5,0.5,9,0.1745908194803562,0.0,1.0,5.3314855098724365
Facebook,3,909,12475,0.5,0.5,10,0.35523390422880424,0.003289473684210526,1.0,5.050003290176392
Facebook,3,909,12475,0.5,0.5,11,0.1745908194803562,0.0,1.0,5.339995622634888
Facebook,3,909,12475,0.5,0.5,12,0.3578203877052779,0.0026246719160104987,1.0,5.03121542930603
Facebook,3,909,12475,0.5,0.5,13,0.3668083589430063,0.0029850746268656717,1.0,5.224484205245972
Facebook,3,909,12475,0.5,0.5,14,0.42284230953171864,0.0031545741324921135,1.0,5.194431781768799
Facebook,3,909,12475,0.5,0.5,15,0.38082401568396607,0.002484472049689441,0.7009584664536741,5.008268117904663
Facebook,3,909,13723,0.55,0.5,1,0.401826770152979,0.0028011204481792717,1.0,5.459113597869873
Facebook,3,909,13723,0.55,0.5,2,0.1745908194803562,0.0,1.0,5.345422029495239
Facebook,3,909,13723,0.55,0.5,3,0.1745908194803562,0.0,1.0,5.562458276748657
Facebook,3,909,13723,0.55,0.5,4,0.37223686056046296,0.0028735632183908046,1.0,5.227795362472534
Facebook,3,909,13723,0.55,0.5,5,0.38749581218974233,0.0031446540880503146,1.0,5.409798860549927
Facebook,3,909,13723,0.55,0.5,6,0.1745908194803562,0.0,1.0,5.535921335220337
Facebook,3,909,13723,0.55,0.5,7,0.1745908194803562,0.0,1.0,5.402302980422974
Facebook,3,909,13723,0.55,0.5,8,0.1745908194803562,0.0,1.0,5.545179128646851
Facebook,3,909,13723,0.55,0.5,9,0.37085527604805135,0.0037313432835820895,1.0,5.405529260635376
Facebook,3,909,13723,0.55,0.5,10,0.1745908194803562,0.0,1.0,5.362477540969849
Facebook,3,909,13723,0.55,0.5,11,0.36942263290550953,0.002898550724637681,1.0,5.3547773361206055
Facebook,3,909,13723,0.55,0.5,12,0.3771298809840517,0.0033222591362126247,1.0,5.240830898284912
Facebook,3,909,13723,0.55,0.5,13,0.3436826830131571,0.003424657534246575,1.0,5.467652320861816
Facebook,3,909,13723,0.55,0.5,14,0.1745908194803562,0.0,1.0,5.537153005599976
Facebook,3,909,13723,0.55,0.5,15,0.1745908194803562,0.0,1.0,5.444631814956665
Facebook,3,909,14970,0.6,0.5,1,0.1745908194803562,0.0,1.0,5.709854602813721
Facebook,3,909,14970,0.6,0.5,2,0.3531288729632748,0.0036900369003690036,1.0,5.426488876342773
Facebook,3,909,14970,0.6,0.5,3,0.37286525423139394,0.003134796238244514,1.0,5.561413288116455
Facebook,3,909,14970,0.6,0.5,4,0.36765787431622116,0.004132231404958678,1.0,5.368185758590698
Facebook,3,909,14970,0.6,0.5,5,0.1745908194803562,0.0,1.0,5.654806852340698
Facebook,3,909,14970,0.6,0.5,6,0.45703202328259507,0.002688172043010753,1.0,5.536294221878052
Facebook,3,909,14970,0.6,0.5,7,0.3713136940294658,0.0031446540880503146,1.0,5.3940112590789795
Facebook,3,909,14970,0.6,0.5,8,0.1745908194803562,0.0,1.0,5.713788986206055
Facebook,3,909,14970,0.6,0.5,9,0.1745908194803562,0.0,1.0,5.70234751701355
Facebook,3,909,14970,0.6,0.5,10,0.1745908194803562,0.0,1.0,5.497191667556763
Facebook,3,909,14970,0.6,0.5,11,0.37899037919013195,0.0036900369003690036,1.0,5.526051044464111
Facebook,3,909,14970,0.6,0.5,12,0.1745908194803562,0.0,1.0,5.480098724365234
Facebook,3,909,14970,0.6,0.5,13,0.1745908194803562,0.0,1.0,5.705021381378174
Facebook,3,909,14970,0.6,0.5,14,0.1745908194803562,0.0,1.0,5.693325757980347
Facebook,3,909,14970,0.6,0.5,15,0.3441944720394815,0.0035211267605633804,1.0,5.362757682800293
Facebook,3,909,16218,0.65,0.5,1,0.3637337216740896,0.002898550724637681,1.0,5.730585336685181
Facebook,3,909,16218,0.65,0.5,2,0.4043804703447132,0.003278688524590164,1.0,5.564616441726685
Facebook,3,909,16218,0.65,0.5,3,0.1745908194803562,0.0,1.0,5.919492244720459
Facebook,3,909,16218,0.65,0.5,4,0.36908091597858433,0.003676470588235294,1.0,5.611176490783691
Facebook,3,909,16218,0.65,0.5,5,0.3805963989787026,0.0035971223021582736,1.0,5.754035234451294
Facebook,3,909,16218,0.65,0.5,6,0.1745908194803562,0.0,1.0,5.912110805511475
Facebook,3,909,16218,0.65,0.5,7,0.1745908194803562,0.0,1.0,5.706527233123779
Facebook,3,909,16218,0.65,0.5,8,0.39879008308748354,0.003389830508474576,1.0,5.732160806655884
Facebook,3,909,16218,0.65,0.5,9,0.1745908194803562,0.0,1.0,5.697814702987671
Facebook,3,909,16218,0.65,0.5,10,0.385587430881825,0.003355704697986577,1.0,5.721484422683716
Facebook,3,909,16218,0.65,0.5,11,0.1745908194803562,0.0,1.0,5.884698390960693
Facebook,3,909,16218,0.65,0.5,12,0.39738907973028414,0.00411522633744856,1.0,5.548737525939941
Facebook,3,909,16218,0.65,0.5,13,0.1745908194803562,0.0,1.0,5.824284076690674
Facebook,3,909,16218,0.65,0.5,14,0.3737437539041451,0.003067484662576687,1.0,5.580488204956055
Facebook,3,909,16218,0.65,0.5,15,0.1745908194803562,0.0,1.0,5.874600172042847
Facebook,3,909,17465,0.7,0.5,1,0.1745908194803562,0.0,1.0,6.049556016921997
Facebook,3,909,17465,0.7,0.5,2,0.36996475386697697,0.003787878787878788,1.0,5.736789703369141
Facebook,3,909,17465,0.7,0.5,3,0.1745908194803562,0.0,1.0,6.007649183273315
Facebook,3,909,17465,0.7,0.5,4,0.3924070339007792,0.0035087719298245615,1.0,5.812970399856567
Facebook,3,909,17465,0.7,0.5,5,0.1745908194803562,0.0,1.0,6.031286954879761
Facebook,3,909,17465,0.7,0.5,6,0.37294529322204883,0.00398406374501992,1.0,5.8924360275268555
Facebook,3,909,17465,0.7,0.5,7,0.3664547599937996,0.003205128205128205,1.0,5.738765239715576
Facebook,3,909,17465,0.7,0.5,8,0.35999951512030975,0.0031746031746031746,1.0,5.961687088012695
Facebook,3,909,17465,0.7,0.5,9,0.37674614114377486,0.00273224043715847,1.0,5.734269618988037
Facebook,3,909,17465,0.7,0.5,10,0.3928739702908923,0.002976190476190476,1.0,5.866028785705566
Facebook,3,909,17465,0.7,0.5,11,0.38286155628140806,0.004219409282700422,1.0,5.905266284942627
Facebook,3,909,17465,0.7,0.5,12,0.37643456415936605,0.0034965034965034965,1.0,5.72687029838562
Facebook,3,909,17465,0.7,0.5,13,0.1745908194803562,0.0,1.0,6.056701183319092
Facebook,3,909,17465,0.7,0.5,14,0.3864071291269249,0.003246753246753247,1.0,5.725122928619385
Facebook,3,909,17465,0.7,0.5,15,0.4188484118357527,0.003472222222222222,1.0,5.842468738555908
Facebook,3,909,18712,0.75,0.5,1,0.35855175082477914,0.004166666666666667,1.0,6.050551652908325
Facebook,3,909,18712,0.75,0.5,2,0.4012042318362242,0.0033783783783783786,1.0,5.896829843521118
Facebook,3,909,18712,0.75,0.5,3,0.34936162581530456,0.0035714285714285713,1.0,6.069282293319702
Facebook,3,909,18712,0.75,0.5,4,0.3713252440438338,0.0034602076124567475,1.0,5.946859121322632
Facebook,3,909,18712,0.75,0.5,5,0.36584350602371174,0.004048582995951417,1.0,6.064463376998901
Facebook,3,909,18712,0.75,0.5,6,0.3839843456522239,0.003816793893129771,1.0,6.0649614334106445
Facebook,3,909,18712,0.75,0.5,7,0.36639736280156104,0.003278688524590164,1.0,5.88225531578064
Facebook,3,909,18712,0.75,0.5,8,0.1745908194803562,0.0,1.0,6.18305516242981
Facebook,3,909,18712,0.75,0.5,9,0.1745908194803562,0.0,1.0,6.1849589347839355
Facebook,3,909,18712,0.75,0.5,10,0.3765334238861736,0.0030959752321981426,1.0,5.858610391616821
Facebook,3,909,18712,0.75,0.5,11,0.1745908194803562,0.0,1.0,6.210677862167358
Facebook,3,909,18712,0.75,0.5,12,0.35517755068267326,0.0038910505836575876,1.0,5.957998037338257
Facebook,3,909,18712,0.75,0.5,13,0.1745908194803562,0.0,1.0,6.165196180343628
Facebook,3,909,18712,0.75,0.5,14,0.37704943430099735,0.003952569169960474,1.0,5.9145753383636475
Facebook,3,909,18712,0.75,0.5,15,0.1745908194803562,0.0,1.0,6.208895206451416
Facebook,3,909,19960,0.8,0.5,1,0.1745908194803562,0.0,1.0,6.337664842605591
Facebook,3,909,19960,0.8,0.5,2,0.1745908194803562,0.0,1.0,6.181971549987793
Facebook,3,909,19960,0.8,0.5,3,0.3689889893853781,0.0038314176245210726,1.0,6.260659217834473
Facebook,3,909,19960,0.8,0.5,4,0.3929108184061278,0.0029069767441860465,1.0,6.074383735656738
Facebook,3,909,19960,0.8,0.5,5,0.1745908194803562,0.0,1.0,6.3742265701293945
Facebook,3,909,19960,0.8,0.5,6,0.36999452010019535,0.0036900369003690036,1.0,6.225999116897583
Facebook,3,909,19960,0.8,0.5,7,0.1745908194803562,0.0,1.0,6.222807884216309
Facebook,3,909,19960,0.8,0.5,8,0.1745908194803562,0.0,1.0,6.411963701248169
Facebook,3,909,19960,0.8,0.5,9,0.40450270285550777,0.0038314176245210726,1.0,6.133843183517456
Facebook,3,909,19960,0.8,0.5,10,0.3702431813123431,0.0033333333333333335,1.0,6.2890465259552
Facebook,3,909,19960,0.8,0.5,11,0.3684197529255266,0.003472222222222222,1.0,6.26882529258728
Facebook,3,909,19960,0.8,0.5,12,0.1745908194803562,0.0,1.0,6.170450210571289
Facebook,3,909,19960,0.8,0.5,13,0.3431844025012426,0.0035714285714285713,1.0,6.2384724617004395
Facebook,3,909,19960,0.8,0.5,14,0.38448424611885795,0.004132231404958678,1.0,6.072305917739868
Facebook,3,909,19960,0.8,0.5,15,0.1745908194803562,0.0,1.0,6.345358371734619
Facebook,3,909,21208,0.85,0.5,1,0.3990388980421978,0.0026109660574412533,1.0,6.420122385025024
Facebook,3,909,21208,0.85,0.5,2,0.3964391904489292,0.0038022813688212928,1.0,6.286695957183838
Facebook,3,909,21208,0.85,0.5,3,0.1745908194803562,0.0,1.0,6.603578329086304
Facebook,3,909,21208,0.85,0.5,4,0.36507220822757136,0.0030120481927710845,1.0,6.481120586395264
Facebook,3,909,21208,0.85,0.5,5,0.3859443760272409,0.0038314176245210726,1.0,6.251668453216553
Facebook,3,909,21208,0.85,0.5,6,0.1745908194803562,0.0,1.0,6.533878803253174
Facebook,3,909,21208,0.85,0.5,7,0.1745908194803562,0.0,1.0,6.3977861404418945
Facebook,3,909,21208,0.85,0.5,8,0.34883479839006337,0.0037735849056603774,1.0,6.448310613632202
Facebook,3,909,21208,0.85,0.5,9,0.37705188320982574,0.0037593984962406013,1.0,6.430692195892334
Facebook,3,909,21208,0.85,0.5,10,0.1745908194803562,0.0,1.0,6.3750386238098145
Facebook,3,909,21208,0.85,0.5,11,0.39075192060613007,0.0032679738562091504,1.0,6.398319721221924
Facebook,3,909,21208,0.85,0.5,12,0.1745908194803562,0.0,1.0,6.379354000091553
Facebook,3,909,21208,0.85,0.5,13,0.38828426030102475,0.004166666666666667,1.0,6.438918590545654
Facebook,3,909,21208,0.85,0.5,14,0.34418340352299037,0.004166666666666667,1.0,6.282886981964111
Facebook,3,909,21208,0.85,0.5,15,0.3742014507008189,0.004201680672268907,1.0,6.409101247787476
Facebook,3,909,22455,0.9,0.5,1,0.39161720503386144,0.0037174721189591076,1.0,6.604532480239868
Facebook,3,909,22455,0.9,0.5,2,0.362300485778299,0.0035460992907801418,1.0,6.42618989944458
Facebook,3,909,22455,0.9,0.5,3,0.3834014201617103,0.003289473684210526,1.0,6.659276008605957
Facebook,3,909,22455,0.9,0.5,4,0.3710079743886702,0.004201680672268907,1.0,6.439144134521484
Facebook,3,909,22455,0.9,0.5,5,0.1745908194803562,0.0,1.0,6.738247394561768
Facebook,3,909,22455,0.9,0.5,6,0.38693401468036953,0.0037593984962406013,1.0,6.595574855804443
Facebook,3,909,22455,0.9,0.5,7,0.1745908194803562,0.0,1.0,6.540902137756348
Facebook,3,909,22455,0.9,0.5,8,0.40430114373901,0.003952569169960474,1.0,6.600069046020508
Facebook,3,909,22455,0.9,0.5,9,0.38367587729755936,0.003861003861003861,1.0,6.603215456008911
Facebook,3,909,22455,0.9,0.5,10,0.3437548252283653,0.0038022813688212928,1.0,6.434629678726196
Facebook,3,909,22455,0.9,0.5,11,0.4093600258022854,0.0040650406504065045,1.0,6.596599578857422
Facebook,3,909,22455,0.9,0.5,12,0.3820110843495146,0.004273504273504274,1.0,6.40410304069519
Facebook,3,909,22455,0.9,0.5,13,0.1745908194803562,0.0,1.0,6.718610048294067
Facebook,3,909,22455,0.9,0.5,14,0.1745908194803562,0.0,1.0,6.766615629196167
Facebook,3,909,22455,0.9,0.5,15,0.1745908194803562,0.0,1.0,6.505612134933472
Facebook,3,909,23702,0.95,0.5,1,0.3510131173632554,0.003484320557491289,1.0,6.8128111362457275
Facebook,3,909,23702,0.95,0.5,2,0.3568868895964305,0.003355704697986577,1.0,6.807757616043091
Facebook,3,909,23702,0.95,0.5,3,0.346194307176612,0.004219409282700422,1.0,6.576629877090454
Facebook,3,909,23702,0.95,0.5,4,0.3512467377303228,0.003484320557491289,1.0,6.758948087692261
Facebook,3,909,23702,0.95,0.5,5,0.1745908194803562,0.0,1.0,6.698578119277954
Facebook,3,909,23702,0.95,0.5,6,0.1745908194803562,0.0,1.0,6.907516717910767
Facebook,3,909,23702,0.95,0.5,7,0.3780470970038311,0.0035335689045936395,1.0,6.564972877502441
Facebook,3,909,23702,0.95,0.5,8,0.36300728854329006,0.003246753246753247,1.0,6.7936131954193115
Facebook,3,909,23702,0.95,0.5,9,0.1745908194803562,0.0,1.0,6.869970083236694
Facebook,3,909,23702,0.95,0.5,10,0.1745908194803562,0.0,1.0,6.786556243896484
Facebook,3,909,23702,0.95,0.5,11,0.34329117112981106,0.003289473684210526,1.0,6.751519441604614
Facebook,3,909,23702,0.95,0.5,12,0.376131789037318,0.0043859649122807015,1.0,6.592086553573608
Facebook,3,909,23702,0.95,0.5,13,0.3863364486110879,0.0038461538461538464,1.0,6.764453411102295
Facebook,3,909,23702,0.95,0.5,14,0.3766194748488102,0.004310344827586207,1.0,6.763516664505005
Facebook,3,909,23702,0.95,0.5,15,0.1745908194803562,0.0,1.0,6.719858407974243
Facebook,3,909,24950,1,0.5,1,0.1745908194803562,0.0,1.0,7.055914878845215
Facebook,3,909,24950,1,0.5,2,0.1745908194803562,0.0,1.0,7.059384822845459
Facebook,3,909,24950,1,0.5,3,0.381598552533574,0.00425531914893617,1.0,6.767813682556152
Facebook,3,909,24950,1,0.5,4,0.1745908194803562,0.0,1.0,7.089855432510376
Facebook,3,909,24950,1,0.5,5,0.36814590879466375,0.003787878787878788,1.0,6.75520396232605
Facebook,3,909,24950,1,0.5,6,0.1745908194803562,0.0,1.0,7.0790088176727295
Facebook,3,909,24950,1,0.5,7,0.34190637620158904,0.0041841004184100415,1.0,6.921085357666016
Facebook,3,909,24950,1,0.5,8,0.3970147627250484,0.00390625,1.0,6.932483434677124
Facebook,3,909,24950,1,0.5,9,0.39103455463148395,0.0043859649122807015,1.0,6.956179141998291
Facebook,3,909,24950,1,0.5,10,0.1745908194803562,0.0,1.0,7.039106607437134
Facebook,3,909,24950,1,0.5,11,0.38106687512348203,0.004048582995951417,1.0,6.816227674484253
Facebook,3,909,24950,1,0.5,12,0.3311929832463736,0.00390625,1.0,6.970217943191528
Facebook,3,909,24950,1,0.5,13,0.1745908194803562,0.0,1.0,6.899217128753662
Facebook,3,909,24950,1,0.5,14,0.1745908194803562,0.0,1.0,7.047563791275024
Facebook,3,909,24950,1,0.5,15,0.1745908194803562,0.0,1.0,7.07169771194458
Facebook,4,695,0,0,,0,0.1745908194803562,0.0,1.0,
Facebook,4,695,0,0,,0,0.1745908194803562,0.0,1.0,
Facebook,4,695,0,0,,0,0.4092464326509871,0.0022026431718061676,1.0,
Facebook,4,695,0,0,,0,0.42916515829372553,0.0018648018648018648,0.6875,
Facebook,4,695,0,0,,0,0.4519044040985505,0.0012903225806451613,0.4049043062200957,
Facebook,4,695,0,0,,0,0.34823122117965705,0.003048780487804878,1.0,
Facebook,4,695,0,0,,0,0.1745908194803562,0.0,1.0,
Facebook,4,695,0,0,,0,0.23684672432982187,0.003389830508474576,1.0,
Facebook,4,695,0,0,,0,0.1745908194803562,0.0,1.0,
Facebook,4,695,0,0,,0,0.1745908194803562,0.0,1.0,
Facebook,4,695,0,0,,0,0.3175669311206298,0.0034782608695652175,0.6875,
Facebook,4,695,0,0,,0,0.3936510468013035,0.002197802197802198,1.0,
Facebook,4,695,0,0,,0,0.1745908194803562,0.0,1.0,
Facebook,4,695,0,0,,0,0.4243953783337838,0.0033755274261603376,0.6683612440191388,
Facebook,4,695,0,0,,0,0.3790321661919267,0.003215434083601286,1.0,
Facebook,4,695,35,0.01,0.5,1,0.1745908194803562,0.0,1.0,3.4011147022247314
Facebook,4,695,35,0.01,0.5,2,0.1745908194803562,0.0,1.0,3.5414841175079346
Facebook,4,695,35,0.01,0.5,3,0.3473608001345707,0.002840909090909091,1.0,3.301558017730713
Facebook,4,695,35,0.01,0.5,4,0.36280340799787597,0.0033333333333333335,0.6668660287081339,3.4428932666778564
Facebook,4,695,35,0.01,0.5,5,0.1745908194803562,0.0,1.0,3.4152679443359375
Facebook,4,695,35,0.01,0.5,6,0.3460310162346429,0.0039603960396039604,0.6740430622009569,3.499568223953247
Facebook,4,695,35,0.01,0.5,7,0.37263915147282634,0.002320185614849188,1.0,3.502520799636841
Facebook,4,695,35,0.01,0.5,8,0.37817149117719856,0.0024875621890547263,1.0,3.3068692684173584
Facebook,4,695,35,0.01,0.5,9,0.4376733448763688,0.0024630541871921183,1.0,3.5056333541870117
Facebook,4,695,35,0.01,0.5,10,0.3319377006737432,0.0025974025974025974,0.7159090909090909,3.31508469581604
Facebook,4,695,35,0.01,0.5,11,0.1745908194803562,0.0,1.0,3.6130177974700928
Facebook,4,695,35,0.01,0.5,12,0.1745908194803562,0.0,1.0,3.3832666873931885
Facebook,4,695,35,0.01,0.5,13,0.1745908194803562,0.0,1.0,3.5742690563201904
Facebook,4,695,35,0.01,0.5,14,0.1745908194803562,0.0,1.0,3.4380807876586914
Facebook,4,695,35,0.01,0.5,15,0.1745908194803562,0.0,1.0,3.5684945583343506
Facebook,4,695,173,0.05,0.5,1,0.1745908194803562,0.0,1.0,3.4822752475738525
Facebook,4,695,173,0.05,0.5,2,0.4416298521068802,0.0025078369905956114,0.6860047846889952,3.4938573837280273
Facebook,4,695,173,0.05,0.5,3,0.3475831809553256,0.0025078369905956114,0.6677631578947368,3.5156302452087402
Facebook,4,695,173,0.05,0.5,4,0.34805546326527775,0.004830917874396135,1.0,3.359650135040283
Facebook,4,695,173,0.05,0.5,5,0.489405812173003,0.002777777777777778,0.6928827751196173,3.5406792163848877
Facebook,4,695,173,0.05,0.5,6,0.1745908194803562,0.0,1.0,3.4833476543426514
Facebook,4,695,173,0.05,0.5,7,0.1745908194803562,0.0,1.0,3.5635221004486084
Facebook,4,695,173,0.05,0.5,8,0.35012061606968925,0.0037313432835820895,1.0,3.3382890224456787
Facebook,4,695,173,0.05,0.5,9,0.1745908194803562,0.0,1.0,3.6469438076019287
Facebook,4,695,173,0.05,0.5,10,0.34758966156320104,0.002162162162162162,0.6839114832535885,3.3625354766845703
Facebook,4,695,173,0.05,0.5,11,0.47967010227694623,0.002622950819672131,0.6794258373205742,3.5396053791046143
Facebook,4,695,173,0.05,0.5,12,0.1745908194803562,0.0,1.0,3.479297161102295
Facebook,4,695,173,0.05,0.5,13,0.3683070689537409,0.0024752475247524753,1.0,3.5174784660339355
Facebook,4,695,173,0.05,0.5,14,0.4504813317124783,0.002416918429003021,0.69377990430622,3.481318235397339
Facebook,4,695,173,0.05,0.5,15,0.361022942510421,0.002457002457002457,1.0,3.3358335494995117
Facebook,4,695,345,0.1,0.5,1,0.1745908194803562,0.0,1.0,3.637711524963379
Facebook,4,695,345,0.1,0.5,2,0.1745908194803562,0.0,1.0,3.5282797813415527
Facebook,4,695,345,0.1,0.5,3,0.4417155012160181,0.0030651340996168583,0.6934808612440191,3.509108066558838
Facebook,4,695,345,0.1,0.5,4,0.44276370633838025,0.0027210884353741495,0.6892942583732058,3.3856489658355713
Facebook,4,695,345,0.1,0.5,5,0.38577633272768147,0.002173913043478261,1.0,3.5594401359558105
Facebook,4,695,345,0.1,0.5,6,0.38108052367466666,0.002857142857142857,1.0,3.375734567642212
Facebook,4,695,345,0.1,0.5,7,0.23668217353570653,0.00425531914893617,1.0,3.5855183601379395
Facebook,4,695,345,0.1,0.5,8,0.4181001110368304,0.002531645569620253,0.6934808612440191,3.5759730339050293
Facebook,4,695,345,0.1,0.5,9,0.4074865426613017,0.0023952095808383233,0.7054425837320574,3.408454418182373
Facebook,4,695,345,0.1,0.5,10,0.37651371113877935,0.002793296089385475,1.0,3.5373635292053223
Facebook,4,695,345,0.1,0.5,11,0.1745908194803562,0.0,1.0,3.559072494506836
Facebook,4,695,345,0.1,0.5,12,0.1745908194803562,0.0,1.0,3.632556676864624
Facebook,4,695,345,0.1,0.5,13,0.1745908194803562,0.0,1.0,3.544921636581421
Facebook,4,695,345,0.1,0.5,14,0.1745908194803562,0.0,1.0,3.666489362716675
Facebook,4,695,345,0.1,0.5,15,0.3535348960073183,0.003436426116838488,1.0,3.395350694656372
Facebook,4,695,518,0.15,0.5,1,0.37012042573929815,0.0019002375296912114,0.7072368421052632,3.5690553188323975
Facebook,4,695,518,0.15,0.5,2,0.4217817488599558,0.0021333333333333334,0.7000598086124402,3.5958428382873535
Facebook,4,695,518,0.15,0.5,3,0.37144526789197463,0.002967359050445104,1.0,3.3669397830963135
Facebook,4,695,518,0.15,0.5,4,0.1745908194803562,0.0,1.0,3.694308042526245
Facebook,4,695,518,0.15,0.5,5,0.43724897391429024,0.0020100502512562816,0.6635765550239234,3.4313390254974365
Facebook,4,695,518,0.15,0.5,6,0.1745908194803562,0.0,1.0,3.6199493408203125
Facebook,4,695,518,0.15,0.5,7,0.3495338763868387,0.0031645569620253164,1.0,3.456948757171631
Facebook,4,695,518,0.15,0.5,8,0.1745908194803562,0.0,1.0,3.6809327602386475
Facebook,4,695,518,0.15,0.5,9,0.32881916321536725,0.0024752475247524753,1.0,3.410019874572754
Facebook,4,695,518,0.15,0.5,10,0.4061154106863255,0.003134796238244514,1.0,3.5396173000335693
Facebook,4,695,518,0.15,0.5,11,0.1745908194803562,0.0,1.0,3.7105343341827393
Facebook,4,695,518,0.15,0.5,12,0.1745908194803562,0.0,1.0,3.503732204437256
Facebook,4,695,518,0.15,0.5,13,0.1745908194803562,0.0,1.0,3.688645601272583
Facebook,4,695,518,0.15,0.5,14,0.1745908194803562,0.0,1.0,3.498840093612671
Facebook,4,695,518,0.15,0.5,15,0.347174911155312,0.0025157232704402514,0.6880980861244019,3.5016562938690186
Facebook,4,695,691,0.2,0.5,1,0.1745908194803562,0.0,1.0,3.552389621734619
Facebook,4,695,691,0.2,0.5,2,0.1745908194803562,0.0,1.0,3.728515863418579
Facebook,4,695,691,0.2,0.5,3,0.1745908194803562,0.0,1.0,3.5165233612060547
Facebook,4,695,691,0.2,0.5,4,0.1745908194803562,0.0,1.0,3.724912643432617
Facebook,4,695,691,0.2,0.5,5,0.34886116913892995,0.002476780185758514,0.7048444976076556,3.4183239936828613
Facebook,4,695,691,0.2,0.5,6,0.3778407014710114,0.0025078369905956114,0.6970693779904307,3.618466854095459
Facebook,4,695,691,0.2,0.5,7,0.1745908194803562,0.0,1.0,3.7825851440429688
Facebook,4,695,691,0.2,0.5,8,0.1745908194803562,0.0,1.0,3.523958444595337
Facebook,4,695,691,0.2,0.5,9,0.35653958735986474,0.0026845637583892616,0.6833133971291866,3.524033784866333
Facebook,4,695,691,0.2,0.5,10,0.3228363457090363,0.003703703703703704,1.0,3.4338490962982178
Facebook,4,695,691,0.2,0.5,11,0.3808152973821435,0.002702702702702703,0.6857057416267942,3.5409064292907715
Facebook,4,695,691,0.2,0.5,12,0.4434014297113903,0.002191780821917808,0.68122009569378,3.424851417541504
Facebook,4,695,691,0.2,0.5,13,0.38887627104678724,0.003246753246753247,1.0,3.5887465476989746
Facebook,4,695,691,0.2,0.5,14,0.42888446014742815,0.0022346368715083797,0.7096291866028708,3.4271230697631836
Facebook,4,695,691,0.2,0.5,15,0.1745908194803562,0.0,1.0,3.7587203979492188
Facebook,4,695,864,0.25,0.5,1,0.41307012105329816,0.0024242424242424242,0.6743421052631579,3.4710516929626465
Facebook,4,695,864,0.25,0.5,2,0.1745908194803562,0.0,1.0,3.749997615814209
Facebook,4,695,864,0.25,0.5,3,0.40746404236589306,0.0020253164556962027,0.6719497607655502,3.607978582382202
Facebook,4,695,864,0.25,0.5,4,0.39079742510826015,0.0028735632183908046,1.0,3.409914493560791
Facebook,4,695,864,0.25,0.5,5,0.1745908194803562,0.0,1.0,3.7333478927612305
Facebook,4,695,864,0.25,0.5,6,0.39334783933227285,0.0031545741324921135,1.0,3.480435848236084
Facebook,4,695,864,0.25,0.5,7,0.3342616237214706,0.0035460992907801418,1.0,3.5236852169036865
Facebook,4,695,864,0.25,0.5,8,0.1745908194803562,0.0,1.0,3.6025235652923584
Facebook,4,695,864,0.25,0.5,9,0.1745908194803562,0.0,1.0,3.778820276260376
Facebook,4,695,864,0.25,0.5,10,0.44411088478537863,0.0024390243902439024,0.6731459330143541,3.46563720703125
Facebook,4,695,864,0.25,0.5,11,0.1745908194803562,0.0,1.0,3.7327067852020264
Facebook,4,695,864,0.25,0.5,12,0.1745908194803562,0.0,1.0,3.75657320022583
Facebook,4,695,864,0.25,0.5,13,0.4235643558718667,0.0024096385542168677,0.7144138755980861,3.456150531768799
Facebook,4,695,864,0.25,0.5,14,0.1745908194803562,0.0,1.0,3.6961886882781982
Facebook,4,695,864,0.25,0.5,15,0.1745908194803562,0.0,1.0,3.5882511138916016
Facebook,4,695,1036,0.3,0.5,1,0.43186093818954924,0.002702702702702703,1.0,3.5858852863311768
Facebook,4,695,1036,0.3,0.5,2,0.3128771677370675,0.0022038567493112946,0.7042464114832536,3.518563985824585
Facebook,4,695,1036,0.3,0.5,3,0.40134694217788913,0.0019753086419753087,0.6988636363636364,3.621967315673828
Facebook,4,695,1036,0.3,0.5,4,0.49261391060881643,0.001869158878504673,0.7003588516746412,3.6598217487335205
Facebook,4,695,1036,0.3,0.5,5,0.1745908194803562,0.0,1.0,3.555177927017212
Facebook,4,695,1036,0.3,0.5,6,0.41534296058904996,0.002285714285714286,0.6907894736842105,3.648782968521118
Facebook,4,695,1036,0.3,0.5,7,0.1745908194803562,0.0,1.0,3.600794792175293
Facebook,4,695,1036,0.3,0.5,8,0.1745908194803562,0.0,1.0,3.696401834487915
Facebook,4,695,1036,0.3,0.5,9,0.3253999195964084,0.002824858757062147,1.0,3.499354362487793
Facebook,4,695,1036,0.3,0.5,10,0.3901568831278668,0.0019464720194647203,0.7072368421052632,3.598646640777588
Facebook,4,695,1036,0.3,0.5,11,0.35383073888843963,0.002583979328165375,1.0,3.4658167362213135
Facebook,4,695,1036,0.3,0.5,12,0.1745908194803562,0.0,1.0,3.6938929557800293
Facebook,4,695,1036,0.3,0.5,13,0.40056105129870634,0.0029069767441860465,1.0,3.4679818153381348
Facebook,4,695,1036,0.3,0.5,14,0.1745908194803562,0.0,1.0,3.754782199859619
Facebook,4,695,1036,0.3,0.5,15,0.1745908194803562,0.0,1.0,3.7603955268859863
Facebook,4,695,1209,0.35,0.5,1,0.1745908194803562,0.0,1.0,3.6381211280822754
Facebook,4,695,1209,0.35,0.5,2,0.1745908194803562,0.0,1.0,3.793123483657837
Facebook,4,695,1209,0.35,0.5,3,0.3320200761602362,0.003484320557491289,1.0,3.5018420219421387
Facebook,4,695,1209,0.35,0.5,4,0.1745908194803562,0.0,1.0,3.7158286571502686
Facebook,4,695,1209,0.35,0.5,5,0.1745908194803562,0.0,1.0,3.62388014793396
Facebook,4,695,1209,0.35,0.5,6,0.4587201765668096,0.0026666666666666666,0.7039473684210527,3.650439977645874
Facebook,4,695,1209,0.35,0.5,7,0.38047226395548506,0.0028089887640449437,1.0,3.4613516330718994
Facebook,4,695,1209,0.35,0.5,8,0.38764811771656005,0.003401360544217687,1.0,3.7012312412261963
Facebook,4,695,1209,0.35,0.5,9,0.3902775951124426,0.002150537634408602,0.7135167464114832,3.6792895793914795
Facebook,4,695,1209,0.35,0.5,10,0.38210987147193043,0.0029411764705882353,1.0,3.4505558013916016
Facebook,4,695,1209,0.35,0.5,11,0.3564396287758919,0.002777777777777778,1.0,3.696669578552246
Facebook,4,695,1209,0.35,0.5,12,0.1745908194803562,0.0,1.0,3.607266426086426
Facebook,4,695,1209,0.35,0.5,13,0.38585755833366864,0.001834862385321101,0.7066387559808612,3.6089401245117188
Facebook,4,695,1209,0.35,0.5,14,0.1745908194803562,0.0,1.0,3.615493059158325
Facebook,4,695,1209,0.35,0.5,15,0.3843588924909149,0.002336448598130841,1.0,3.6539411544799805
Facebook,4,695,1382,0.4,0.5,1,0.3671795425533885,0.0023880597014925373,0.6773325358851675,3.5144200325012207
Facebook,4,695,1382,0.4,0.5,2,0.37965372024999955,0.003816793893129771,1.0,3.6866753101348877
Facebook,4,695,1382,0.4,0.5,3,0.1745908194803562,0.0,1.0,3.827754259109497
Facebook,4,695,1382,0.4,0.5,4,0.4277371041534182,0.0033333333333333335,1.0,3.484790325164795
Facebook,4,695,1382,0.4,0.5,5,0.38489825260187477,0.0019464720194647203,0.7162081339712919,3.6555607318878174
Facebook,4,695,1382,0.4,0.5,6,0.45582101047486656,0.0032258064516129032,1.0,3.5478248596191406
Facebook,4,695,1382,0.4,0.5,7,0.1745908194803562,0.0,1.0,3.77883243560791
Facebook,4,695,1382,0.4,0.5,8,0.3584281615797256,0.003003003003003003,1.0,3.498182773590088
Facebook,4,695,1382,0.4,0.5,9,0.1745908194803562,0.0,1.0,3.785076856613159
Facebook,4,695,1382,0.4,0.5,10,0.1745908194803562,0.0,1.0,3.646836996078491
Facebook,4,695,1382,0.4,0.5,11,0.3580301506258118,0.0026595744680851063,1.0,3.6841976642608643
Facebook,4,695,1382,0.4,0.5,12,0.3958461209222199,0.0026246719160104987,1.0,3.556406259536743
Facebook,4,695,1382,0.4,0.5,13,0.398675557569501,0.0030864197530864196,1.0,3.737703800201416
Facebook,4,695,1382,0.4,0.5,14,0.4102481604561737,0.0029585798816568047,1.0,3.6406445503234863
Facebook,4,695,1382,0.4,0.5,15,0.4124561514757624,0.0018957345971563982,0.6901913875598086,3.5436813831329346
Facebook,4,695,1554,0.45,0.5,1,0.1745908194803562,0.0,1.0,3.827117443084717
Facebook,4,695,1554,0.45,0.5,2,0.3707566306939839,0.0017897091722595079,0.7042464114832536,3.5488457679748535
Facebook,4,695,1554,0.45,0.5,3,0.1745908194803562,0.0,1.0,3.8185675144195557
Facebook,4,695,1554,0.45,0.5,4,0.3979545618866822,0.002366863905325444,0.6994617224880383,3.545757293701172
Facebook,4,695,1554,0.45,0.5,5,0.36380892950282806,0.0030864197530864196,1.0,3.6875874996185303
Facebook,4,695,1554,0.45,0.5,6,0.39199658492253897,0.002777777777777778,1.0,3.577230215072632
Facebook,4,695,1554,0.45,0.5,7,0.1745908194803562,0.0,1.0,3.8537957668304443
Facebook,4,695,1554,0.45,0.5,8,0.1745908194803562,0.0,1.0,3.698301315307617
Facebook,4,695,1554,0.45,0.5,9,0.1745908194803562,0.0,1.0,3.820136308670044
Facebook,4,695,1554,0.45,0.5,10,0.1745908194803562,0.0,1.0,3.790384292602539
Facebook,4,695,1554,0.45,0.5,11,0.41472890578437066,0.003663003663003663,1.0,3.5464909076690674
Facebook,4,695,1554,0.45,0.5,12,0.1745908194803562,0.0,1.0,3.8306708335876465
Facebook,4,695,1554,0.45,0.5,13,0.3988397184642689,0.0029940119760479044,1.0,3.5742998123168945
Facebook,4,695,1554,0.45,0.5,14,0.1745908194803562,0.0,1.0,3.831447124481201
Facebook,4,695,1554,0.45,0.5,15,0.1745908194803562,0.0,1.0,3.797574996948242
Facebook,4,695,1727,0.5,0.5,1,0.4102310114778566,0.0022727272727272726,0.708732057416268,3.580423593521118
Facebook,4,695,1727,0.5,0.5,2,0.35123141373610084,0.0022662889518413596,0.694078947368421,3.724679946899414
Facebook,4,695,1727,0.5,0.5,3,0.44841983869047647,0.002857142857142857,0.7015550239234449,3.569324493408203
Facebook,4,695,1727,0.5,0.5,4,0.35732161638127846,0.0022598870056497176,0.680322966507177,3.706876277923584
Facebook,4,695,1727,0.5,0.5,5,0.33505865606307916,0.0029304029304029304,0.694677033492823,3.6367692947387695
Facebook,4,695,1727,0.5,0.5,6,0.1745908194803562,0.0,1.0,3.8273236751556396
Facebook,4,695,1727,0.5,0.5,7,0.38785006537459044,0.002162162162162162,0.7090311004784688,3.7759499549865723
Facebook,4,695,1727,0.5,0.5,8,0.39061574179934827,0.0027548209366391185,1.0,3.543987989425659
Facebook,4,695,1727,0.5,0.5,9,0.1745908194803562,0.0,1.0,3.7933907508850098
Facebook,4,695,1727,0.5,0.5,10,0.3761683326899896,0.0033112582781456954,1.0,3.603787899017334
Facebook,4,695,1727,0.5,0.5,11,0.1745908194803562,0.0,1.0,3.836538553237915
Facebook,4,695,1727,0.5,0.5,12,0.3871275824470059,0.0026954177897574125,1.0,3.7774174213409424
Facebook,4,695,1727,0.5,0.5,13,0.1745908194803562,0.0,1.0,3.7063119411468506
Facebook,4,695,1727,0.5,0.5,14,0.3875241161489596,0.002768166089965398,0.6818181818181818,3.731329917907715
Facebook,4,695,1727,0.5,0.5,15,0.1745908194803562,0.0,1.0,3.6503915786743164
Facebook,4,695,1900,0.55,0.5,1,0.38871139053260695,0.0036363636363636364,1.0,3.7290825843811035
Facebook,4,695,1900,0.55,0.5,2,0.1745908194803562,0.0,1.0,3.7096588611602783
Facebook,4,695,1900,0.55,0.5,3,0.1745908194803562,0.0,1.0,3.867650032043457
Facebook,4,695,1900,0.55,0.5,4,0.36826539644620765,0.0025806451612903226,0.7129186602870813,3.6232635974884033
Facebook,4,695,1900,0.55,0.5,5,0.344899996915239,0.0022471910112359553,0.6800239234449761,3.749518394470215
Facebook,4,695,1900,0.55,0.5,6,0.38442841688028373,0.0031746031746031746,1.0,3.610604763031006
Facebook,4,695,1900,0.55,0.5,7,0.1745908194803562,0.0,1.0,3.9068219661712646
Facebook,4,695,1900,0.55,0.5,8,0.39006845181062555,0.0035460992907801418,1.0,3.7367498874664307
Facebook,4,695,1900,0.55,0.5,9,0.1745908194803562,0.0,1.0,3.7044079303741455
Facebook,4,695,1900,0.55,0.5,10,0.1745908194803562,0.0,1.0,3.866830348968506
Facebook,4,695,1900,0.55,0.5,11,0.1745908194803562,0.0,1.0,3.71012806892395
Facebook,4,695,1900,0.55,0.5,12,0.35516709090391363,0.0023391812865497076,0.6794258373205742,3.7681050300598145
Facebook,4,695,1900,0.55,0.5,13,0.4342109499495434,0.0028169014084507044,0.7200956937799043,3.7926886081695557
Facebook,4,695,1900,0.55,0.5,14,0.39693961989656756,0.002240896358543417,0.6644736842105263,3.596755266189575
Facebook,4,695,1900,0.55,0.5,15,0.4285212766804406,0.0026058631921824105,0.6955741626794258,3.7406728267669678
Facebook,4,695,2072,0.6,0.5,1,0.4017635435163836,0.0025806451612903226,0.6925837320574163,3.6388232707977295
Facebook,4,695,2072,0.6,0.5,2,0.40891475200435295,0.003875968992248062,1.0,3.784851312637329
Facebook,4,695,2072,0.6,0.5,3,0.45464727295522905,0.0025889967637540453,0.7048444976076556,3.580887794494629
Facebook,4,695,2072,0.6,0.5,4,0.1745908194803562,0.0,1.0,3.901444435119629
Facebook,4,695,2072,0.6,0.5,5,0.1745908194803562,0.0,1.0,3.722858428955078
Facebook,4,695,2072,0.6,0.5,6,0.1745908194803562,0.0,1.0,3.9137914180755615
Facebook,4,695,2072,0.6,0.5,7,0.40582305725235623,0.003246753246753247,1.0,3.6506831645965576
Facebook,4,695,2072,0.6,0.5,8,0.3985629600192199,0.0031847133757961785,1.0,3.760974645614624
Facebook,4,695,2072,0.6,0.5,9,0.1745908194803562,0.0,1.0,3.9150445461273193
Facebook,4,695,2072,0.6,0.5,10,0.39777836370577646,0.003134796238244514,1.0,3.6575214862823486
Facebook,4,695,2072,0.6,0.5,11,0.38358956494810675,0.002932551319648094,1.0,3.744929790496826
Facebook,4,695,2072,0.6,0.5,12,0.3910166887699569,0.0024813895781637717,1.0,3.636176586151123
Facebook,4,695,2072,0.6,0.5,13,0.3789232062763016,0.002932551319648094,1.0,3.7875490188598633
Facebook,4,695,2072,0.6,0.5,14,0.1745908194803562,0.0,1.0,3.7783443927764893
Facebook,4,695,2072,0.6,0.5,15,0.1745908194803562,0.0,1.0,3.8951940536499023
Facebook,4,695,2245,0.65,0.5,1,0.1745908194803562,0.0,1.0,3.961878538131714
Facebook,4,695,2245,0.65,0.5,2,0.30095890054608415,0.0033333333333333335,1.0,3.6621158123016357
Facebook,4,695,2245,0.65,0.5,3,0.3668271521950719,0.003289473684210526,1.0,3.789630651473999
Facebook,4,695,2245,0.65,0.5,4,0.3717678420339905,0.0031645569620253164,1.0,3.6528172492980957
Facebook,4,695,2245,0.65,0.5,5,0.36860600697876494,0.002785515320334262,1.0,3.812028408050537
Facebook,4,695,2245,0.65,0.5,6,0.1745908194803562,0.0,1.0,3.782728672027588
Facebook,4,695,2245,0.65,0.5,7,0.30005561661280655,0.003134796238244514,1.0,3.839583158493042
Facebook,4,695,2245,0.65,0.5,8,0.37284634135041256,0.0036900369003690036,1.0,3.828213930130005
Facebook,4,695,2245,0.65,0.5,9,0.42101636219787403,0.0026246719160104987,1.0,3.6131601333618164
Facebook,4,695,2245,0.65,0.5,10,0.4033698572054281,0.0026595744680851063,1.0,3.8134944438934326
Facebook,4,695,2245,0.65,0.5,11,0.41859425902923614,0.002777777777777778,0.7090311004784688,3.6877779960632324
Facebook,4,695,2245,0.65,0.5,12,0.1745908194803562,0.0,1.0,3.914496660232544
Facebook,4,695,2245,0.65,0.5,13,0.1745908194803562,0.0,1.0,3.761362075805664
Facebook,4,695,2245,0.65,0.5,14,0.3955822889336756,0.003215434083601286,1.0,3.74998140335083
Facebook,4,695,2245,0.65,0.5,15,0.1745908194803562,0.0,1.0,3.76397442817688
Facebook,4,695,2418,0.7,0.5,1,0.1745908194803562,0.0,1.0,3.9453930854797363
Facebook,4,695,2418,0.7,0.5,2,0.1745908194803562,0.0,1.0,3.7406303882598877
Facebook,4,695,2418,0.7,0.5,3,0.37086915198705406,0.003236245954692557,1.0,3.8339452743530273
Facebook,4,695,2418,0.7,0.5,4,0.1745908194803562,0.0,1.0,4.001877069473267
Facebook,4,695,2418,0.7,0.5,5,0.1745908194803562,0.0,1.0,3.8168318271636963
Facebook,4,695,2418,0.7,0.5,6,0.4073566382993707,0.002857142857142857,1.0,3.8350634574890137
Facebook,4,695,2418,0.7,0.5,7,0.3246136398563915,0.0035842293906810036,1.0,3.6378281116485596
Facebook,4,695,2418,0.7,0.5,8,0.3897245119880145,0.0033444816053511705,1.0,3.7629990577697754
Facebook,4,695,2418,0.7,0.5,9,0.3571726879600331,0.00425531914893617,1.0,3.654791831970215
Facebook,4,695,2418,0.7,0.5,10,0.1745908194803562,0.0,1.0,3.9073071479797363
Facebook,4,695,2418,0.7,0.5,11,0.1745908194803562,0.0,1.0,4.022135496139526
Facebook,4,695,2418,0.7,0.5,12,0.1745908194803562,0.0,1.0,3.7754523754119873
Facebook,4,695,2418,0.7,0.5,13,0.1745908194803562,0.0,1.0,3.9854705333709717
Facebook,4,695,2418,0.7,0.5,14,0.1745908194803562,0.0,1.0,3.7699739933013916
Facebook,4,695,2418,0.7,0.5,15,0.37826780617933514,0.0035398230088495575,0.6976674641148325,3.7710988521575928
Facebook,4,695,2590,0.75,0.5,1,0.3868812123027485,0.0029850746268656717,1.0,3.7080695629119873
Facebook,4,695,2590,0.75,0.5,2,0.1745908194803562,0.0,1.0,3.9441795349121094
Facebook,4,695,2590,0.75,0.5,3,0.3882053295925557,0.004166666666666667,1.0,3.6953909397125244
Facebook,4,695,2590,0.75,0.5,4,0.1745908194803562,0.0,1.0,4.01462721824646
Facebook,4,695,2590,0.75,0.5,5,0.1745908194803562,0.0,1.0,3.995758295059204
Facebook,4,695,2590,0.75,0.5,6,0.3766086511643727,0.0020253164556962027,0.6949760765550239,3.723189353942871
Facebook,4,695,2590,0.75,0.5,7,0.3970493715835835,0.002793296089385475,1.0,3.838932514190674
Facebook,4,695,2590,0.75,0.5,8,0.3672097769087031,0.004,1.0,3.7149407863616943
Facebook,4,695,2590,0.75,0.5,9,0.36467207289979714,0.0026595744680851063,1.0,3.8475072383880615
Facebook,4,695,2590,0.75,0.5,10,0.1745908194803562,0.0,1.0,3.837831735610962
Facebook,4,695,2590,0.75,0.5,11,0.3542660136556141,0.003215434083601286,1.0,3.8954362869262695
Facebook,4,695,2590,0.75,0.5,12,0.3452253354534883,0.0029940119760479044,1.0,3.8124430179595947
Facebook,4,695,2590,0.75,0.5,13,0.1745908194803562,0.0,1.0,3.9588427543640137
Facebook,4,695,2590,0.75,0.5,14,0.39890187877392785,0.00245398773006135,0.7120215311004785,3.846414804458618
Facebook,4,695,2590,0.75,0.5,15,0.1745908194803562,0.0,1.0,3.7941794395446777
Facebook,4,695,2763,0.8,0.5,1,0.1745908194803562,0.0,1.0,3.977599620819092
Facebook,4,695,2763,0.8,0.5,2,0.290515911022439,0.003952569169960474,1.0,3.7588653564453125
Facebook,4,695,2763,0.8,0.5,3,0.1745908194803562,0.0,1.0,3.9916133880615234
Facebook,4,695,2763,0.8,0.5,4,0.1745908194803562,0.0,1.0,3.8307077884674072
Facebook,4,695,2763,0.8,0.5,5,0.1745908194803562,0.0,1.0,4.038761854171753
Facebook,4,695,2763,0.8,0.5,6,0.330083648503116,0.00411522633744856,1.0,3.908193826675415
Facebook,4,695,2763,0.8,0.5,7,0.1745908194803562,0.0,1.0,3.832867383956909
Facebook,4,695,2763,0.8,0.5,8,0.3973022339388535,0.0034602076124567475,1.0,3.9158411026000977
Facebook,4,695,2763,0.8,0.5,9,0.3890339313209779,0.0022099447513812156,0.7236842105263158,3.675673723220825
Facebook,4,695,2763,0.8,0.5,10,0.1745908194803562,0.0,1.0,4.000183343887329
Facebook,4,695,2763,0.8,0.5,11,0.37743243014643113,0.0038314176245210726,1.0,3.6955983638763428
Facebook,4,695,2763,0.8,0.5,12,0.38112684974886585,0.0035842293906810036,1.0,3.841679096221924
Facebook,4,695,2763,0.8,0.5,13,0.3689066819062155,0.0028653295128939827,1.0,3.7591233253479004
Facebook,4,695,2763,0.8,0.5,14,0.3578782596109242,0.002777777777777778,1.0,3.839334487915039
Facebook,4,695,2763,0.8,0.5,15,0.3700491581843498,0.0036363636363636364,1.0,3.6927034854888916
Facebook,4,695,2936,0.85,0.5,1,0.1745908194803562,0.0,1.0,4.070907115936279
Facebook,4,695,2936,0.85,0.5,2,0.3529956347400448,0.003289473684210526,1.0,3.757031202316284
Facebook,4,695,2936,0.85,0.5,3,0.3377088360839282,0.002777777777777778,1.0,3.9288103580474854
Facebook,4,695,2936,0.85,0.5,4,0.38131522923996003,0.0035211267605633804,1.0,3.7610416412353516
Facebook,4,695,2936,0.85,0.5,5,0.1745908194803562,0.0,1.0,4.067802667617798
Facebook,4,695,2936,0.85,0.5,6,0.1745908194803562,0.0,1.0,4.065938711166382
Facebook,4,695,2936,0.85,0.5,7,0.1745908194803562,0.0,1.0,3.83957576751709
Facebook,4,695,2936,0.85,0.5,8,0.1745908194803562,0.0,1.0,3.998443126678467
Facebook,4,695,2936,0.85,0.5,9,0.1745908194803562,0.0,1.0,3.9064290523529053
Facebook,4,695,2936,0.85,0.5,10,0.1745908194803562,0.0,1.0,4.0075647830963135
Facebook,4,695,2936,0.85,0.5,11,0.3936182930783626,0.0033444816053511705,1.0,3.742154121398926
Facebook,4,695,2936,0.85,0.5,12,0.1745908194803562,0.0,1.0,4.047444105148315
Facebook,4,695,2936,0.85,0.5,13,0.1745908194803562,0.0,1.0,4.083107948303223
Facebook,4,695,2936,0.85,0.5,14,0.2785336091356172,0.004366812227074236,1.0,3.7083961963653564
Facebook,4,695,2936,0.85,0.5,15,0.3582121422563225,0.002840909090909091,1.0,3.8577659130096436
Facebook,4,695,3109,0.9,0.5,1,0.1745908194803562,0.0,1.0,3.924875497817993
Facebook,4,695,3109,0.9,0.5,2,0.1745908194803562,0.0,1.0,4.024419546127319
Facebook,4,695,3109,0.9,0.5,3,0.3916125380501313,0.002976190476190476,1.0,3.7881176471710205
Facebook,4,695,3109,0.9,0.5,4,0.1745908194803562,0.0,1.0,4.070010185241699
Facebook,4,695,3109,0.9,0.5,5,0.41644845203951236,0.0037313432835820895,1.0,3.925095558166504
Facebook,4,695,3109,0.9,0.5,6,0.1745908194803562,0.0,1.0,3.8846242427825928
Facebook,4,695,3109,0.9,0.5,7,0.39496771672583136,0.0033333333333333335,1.0,3.888723611831665
Facebook,4,695,3109,0.9,0.5,8,0.4319991382969014,0.0033444816053511705,1.0,3.7710323333740234
Facebook,4,695,3109,0.9,0.5,9,0.37078105112296217,0.0038314176245210726,1.0,3.915928602218628
Facebook,4,695,3109,0.9,0.5,10,0.3899854461309059,0.003246753246753247,1.0,3.7428946495056152
Facebook,4,695,3109,0.9,0.5,11,0.3921979801642704,0.0031545741324921135,1.0,3.8962182998657227
Facebook,4,695,3109,0.9,0.5,12,0.44236796810674867,0.002770083102493075,1.0,3.9629766941070557
Facebook,4,695,3109,0.9,0.5,13,0.1745908194803562,0.0,1.0,3.9349212646484375
Facebook,4,695,3109,0.9,0.5,14,0.3620728250410935,0.003076923076923077,1.0,3.916776180267334
Facebook,4,695,3109,0.9,0.5,15,0.1745908194803562,0.0,1.0,3.902235984802246
Facebook,4,695,3281,0.95,0.5,1,0.1745908194803562,0.0,1.0,4.061180353164673
Facebook,4,695,3281,0.95,0.5,2,0.3477205508671039,0.0036231884057971015,1.0,3.813633918762207
Facebook,4,695,3281,0.95,0.5,3,0.38062035888364076,0.0029069767441860465,1.0,3.9439175128936768
Facebook,4,695,3281,0.95,0.5,4,0.40345274294692507,0.0033333333333333335,1.0,3.7946293354034424
Facebook,4,695,3281,0.95,0.5,5,0.35417597997563466,0.0030188679245283017,0.6952751196172249,3.943080425262451
Facebook,4,695,3281,0.95,0.5,6,0.40033501244928416,0.003115264797507788,1.0,3.9564809799194336
Facebook,4,695,3281,0.95,0.5,7,0.1745908194803562,0.0,1.0,3.9330954551696777
Facebook,4,695,3281,0.95,0.5,8,0.1745908194803562,0.0,1.0,4.065343379974365
Facebook,4,695,3281,0.95,0.5,9,0.1745908194803562,0.0,1.0,3.9226419925689697
Facebook,4,695,3281,0.95,0.5,10,0.40511376232372925,0.0029239766081871343,1.0,3.966911554336548
Facebook,4,695,3281,0.95,0.5,11,0.1745908194803562,0.0,1.0,4.0269575119018555
Facebook,4,695,3281,0.95,0.5,12,0.3587223043124131,0.0044444444444444444,1.0,3.830488443374634
Facebook,4,695,3281,0.95,0.5,13,0.3771785812806285,0.0040650406504065045,1.0,3.977289915084839
Facebook,4,695,3281,0.95,0.5,14,0.38203596856663397,0.003048780487804878,1.0,4.024145841598511
Facebook,4,695,3281,0.95,0.5,15,0.3790912264864929,0.003816793893129771,1.0,3.7635505199432373
Facebook,4,695,3454,1,0.5,1,0.1745908194803562,0.0,1.0,4.049377202987671
Facebook,4,695,3454,1,0.5,2,0.4174994840941948,0.004132231404958678,1.0,3.7893013954162598
Facebook,4,695,3454,1,0.5,3,0.3640670812955718,0.00411522633744856,1.0,3.9580821990966797
Facebook,4,695,3454,1,0.5,4,0.3457130796363943,0.0036231884057971015,1.0,3.8412423133850098
Facebook,4,695,3454,1,0.5,5,0.1745908194803562,0.0,1.0,4.145024538040161
Facebook,4,695,3454,1,0.5,6,0.3555884095189694,0.002890173410404624,1.0,4.041950941085815
Facebook,4,695,3454,1,0.5,7,0.34814056890243045,0.0024390243902439024,0.6955741626794258,3.7906911373138428
Facebook,4,695,3454,1,0.5,8,0.1745908194803562,0.0,1.0,4.0651774406433105
Facebook,4,695,3454,1,0.5,9,0.3433513572775846,0.002770083102493075,1.0,3.8267862796783447
Facebook,4,695,3454,1,0.5,10,0.1745908194803562,0.0,1.0,4.093366622924805
Facebook,4,695,3454,1,0.5,11,0.3494919157662958,0.003194888178913738,1.0,3.8332784175872803
Facebook,4,695,3454,1,0.5,12,0.1745908194803562,0.0,1.0,4.141985654830933
Facebook,4,695,3454,1,0.5,13,0.3618886888215507,0.004405286343612335,1.0,4.025115251541138
Facebook,4,695,3454,1,0.5,14,0.1745908194803562,0.0,1.0,3.9888718128204346
Facebook,4,695,3454,1,0.5,15,0.40136211607589084,0.0037593984962406013,1.0,3.9383411407470703
Facebook,5,418,0,0,,0,0.28933255308890493,0.004188481675392671,0.7158243579121789,
Facebook,5,418,0,0,,0,0.1745908194803562,0.0,1.0,
Facebook,5,418,0,0,,0,0.35778495736549715,0.0023880597014925373,0.7274233637116818,
Facebook,5,418,0,0,,0,0.3719316807895338,0.0010126582278481013,0.4101077050538525,
Facebook,5,418,0,0,,0,0.1745908194803562,0.0,1.0,
Facebook,5,418,0,0,,0,0.39699093404891395,0.0010471204188481676,0.47500690417011876,
Facebook,5,418,0,0,,0,0.1745908194803562,0.0,1.0,
Facebook,5,418,0,0,,0,0.45789112032203116,0.0,0.16846175089754212,
Facebook,5,418,0,0,,0,0.38367531202417804,0.0005509641873278236,0.3131731565865783,
Facebook,5,418,0,0,,0,0.3125680051488968,0.001078167115902965,0.552057442695388,
Facebook,5,418,0,0,,0,0.4194802268221542,0.0005,0.3203534935100801,
Facebook,5,418,0,0,,0,0.3968852654491756,0.0,0.1819939243302955,
Facebook,5,418,0,0,,0,0.3673477450211713,0.0010204081632653062,0.3916045291355979,
Facebook,5,418,0,0,,0,0.3488760647973589,0.0005076142131979696,0.31262082297707816,
Facebook,5,418,0,0,,0,0.4117601482147029,0.0,0.1739850869925435,
Facebook,5,418,74,0.01,0.5,1,0.39077474665032463,0.0009828009828009828,0.4305440486053576,3.356966018676758
Facebook,5,418,74,0.01,0.5,2,0.3633641463094464,0.0012422360248447205,0.5813311239988953,3.4411303997039795
Facebook,5,418,74,0.01,0.5,3,0.1745908194803562,0.0,1.0,3.4374189376831055
Facebook,5,418,74,0.01,0.5,4,0.4038074979873365,0.0015228426395939086,0.723833195249931,3.4980690479278564
Facebook,5,418,74,0.01,0.5,5,0.38813000182298896,0.0010178117048346056,0.42225904446285556,3.323596239089966
Facebook,5,418,74,0.01,0.5,6,0.3550615167463571,0.003902439024390244,0.6975973487986744,3.4606921672821045
Facebook,5,418,74,0.01,0.5,7,0.35891999615603215,0.0011799410029498525,0.44794255730461197,3.466582775115967
Facebook,5,418,74,0.01,0.5,8,0.3578412748195037,0.001534526854219949,0.5807787903893952,3.3369154930114746
Facebook,5,418,74,0.01,0.5,9,0.1745908194803562,0.0,1.0,3.539937734603882
Facebook,5,418,74,0.01,0.5,10,0.1745908194803562,0.0,1.0,3.451730728149414
Facebook,5,418,74,0.01,0.5,11,0.1745908194803562,0.0,1.0,3.641757011413574
Facebook,5,418,74,0.01,0.5,12,0.3532302593325306,0.0025,0.6942833471416736,3.3411569595336914
Facebook,5,418,74,0.01,0.5,13,0.40568862283429835,0.00048426150121065375,0.3128969897818282,3.4917445182800293
Facebook,5,418,74,0.01,0.5,14,0.39304879091158595,0.0005089058524173028,0.3427230046948357,3.311845064163208
Facebook,5,418,74,0.01,0.5,15,0.1745908194803562,0.0,1.0,3.6581594944000244
Facebook,5,418,368,0.05,0.5,1,0.4409094998453598,0.0017699115044247787,0.5683512841756421,3.5109057426452637
Facebook,5,418,368,0.05,0.5,2,0.1745908194803562,0.0,1.0,3.488023281097412
Facebook,5,418,368,0.05,0.5,3,0.1745908194803562,0.0,1.0,3.602591037750244
Facebook,5,418,368,0.05,0.5,4,0.1745908194803562,0.0,1.0,3.526090145111084
Facebook,5,418,368,0.05,0.5,5,0.1745908194803562,0.0,1.0,3.6177711486816406
Facebook,5,418,368,0.05,0.5,6,0.3751965497370605,0.0022988505747126436,0.7268710301021817,3.3490090370178223
Facebook,5,418,368,0.05,0.5,7,0.3458211534302776,0.002531645569620253,0.5755316210991439,3.5276482105255127
Facebook,5,418,368,0.05,0.5,8,0.3633225911801912,0.002912621359223301,0.6070146368406517,3.369351625442505
Facebook,5,418,368,0.05,0.5,9,0.41848866083289965,0.0018181818181818182,0.5898922949461475,3.510514497756958
Facebook,5,418,368,0.05,0.5,10,0.3130083317793041,0.0044444444444444444,0.6973211819939243,3.5539426803588867
Facebook,5,418,368,0.05,0.5,11,0.1745908194803562,0.0,1.0,3.4874188899993896
Facebook,5,418,368,0.05,0.5,12,0.1745908194803562,0.0,1.0,3.6065573692321777
Facebook,5,418,368,0.05,0.5,13,0.1745908194803562,0.0,1.0,3.552922248840332
Facebook,5,418,368,0.05,0.5,14,0.1745908194803562,0.0,1.0,3.6281521320343018
Facebook,5,418,368,0.05,0.5,15,0.1745908194803562,0.0,1.0,3.5241968631744385
Facebook,5,418,736,0.1,0.5,1,0.37237505709005764,0.00392156862745098,0.7379177022921845,3.5867700576782227
Facebook,5,418,736,0.1,0.5,2,0.39297625332897934,0.0026431718061674008,0.5835404584368958,3.616198778152466
Facebook,5,418,736,0.1,0.5,3,0.314846141604303,0.0022727272727272726,0.4211543772438553,3.3636879920959473
Facebook,5,418,736,0.1,0.5,4,0.36576732836044035,0.004694835680751174,1.0,3.5970945358276367
Facebook,5,418,736,0.1,0.5,5,0.17458345153372007,0.002398081534772182,1.0,3.5410335063934326
Facebook,5,418,736,0.1,0.5,6,0.3821273397426202,0.003827751196172249,0.7583540458436896,3.62782883644104
Facebook,5,418,736,0.1,0.5,7,0.1745908194803562,0.0,1.0,3.5773892402648926
Facebook,5,418,736,0.1,0.5,8,0.3452631653257756,0.003125,0.4675504004418669,3.5383951663970947
Facebook,5,418,736,0.1,0.5,9,0.1745908194803562,0.0,1.0,3.558820962905884
Facebook,5,418,736,0.1,0.5,10,0.3449319523573748,0.003755868544600939,0.6984258492129246,3.5662424564361572
Facebook,5,418,736,0.1,0.5,11,0.36984699273519966,0.003827751196172249,0.7337752002209335,3.4186902046203613
Facebook,5,418,736,0.1,0.5,12,0.3757688886061001,0.003686635944700461,0.7484120408726871,3.532823324203491
Facebook,5,418,736,0.1,0.5,13,0.28038100546748906,0.0027149321266968325,0.44462855564761117,3.4205410480499268
Facebook,5,418,736,0.1,0.5,14,0.3265477907292517,0.003827751196172249,0.708091687379177,3.6682021617889404
Facebook,5,418,736,0.1,0.5,15,0.1745908194803562,0.0,1.0,3.7511744499206543
Facebook,5,418,1105,0.15,0.5,1,0.1745908194803562,0.0,1.0,3.5817108154296875
Facebook,5,418,1105,0.15,0.5,2,0.3104044651429084,0.005376344086021506,1.0,3.5995171070098877
Facebook,5,418,1105,0.15,0.5,3,0.1745908194803562,0.0,1.0,3.6051175594329834
Facebook,5,418,1105,0.15,0.5,4,0.1745908194803562,0.0,1.0,3.705799102783203
Facebook,5,418,1105,0.15,0.5,5,0.34117340043228944,0.005319148936170213,1.0,3.498222827911377
Facebook,5,418,1105,0.15,0.5,6,0.1745908194803562,0.0,1.0,3.756359577178955
Facebook,5,418,1105,0.15,0.5,7,0.1745908194803562,0.0,1.0,3.775385856628418
Facebook,5,418,1105,0.15,0.5,8,0.1745908194803562,0.0,1.0,3.6318702697753906
Facebook,5,418,1105,0.15,0.5,9,0.35747178373186433,0.0018181818181818182,0.5987296326981497,3.657700777053833
Facebook,5,418,1105,0.15,0.5,10,0.35264952255934284,0.003305785123966942,0.7268710301021817,3.5087571144104004
Facebook,5,418,1105,0.15,0.5,11,0.32722542186457987,0.005,1.0,3.6004903316497803
Facebook,5,418,1105,0.15,0.5,12,0.347679529136803,0.005434782608695652,1.0,3.480450391769409
Facebook,5,418,1105,0.15,0.5,13,0.1745908194803562,0.0,1.0,3.7287750244140625
Facebook,5,418,1105,0.15,0.5,14,0.1745908194803562,0.0,1.0,3.6043336391448975
Facebook,5,418,1105,0.15,0.5,15,0.1745908194803562,0.0,1.0,3.8027284145355225
Facebook,5,418,1473,0.2,0.5,1,0.1745908194803562,0.0,1.0,3.8432669639587402
Facebook,5,418,1473,0.2,0.5,2,0.1745908194803562,0.0,1.0,3.688565492630005
Facebook,5,418,1473,0.2,0.5,3,0.33997279828666993,0.004761904761904762,0.7177575255454295,3.626962423324585
Facebook,5,418,1473,0.2,0.5,4,0.1745908194803562,0.0,1.0,3.6587207317352295
Facebook,5,418,1473,0.2,0.5,5,0.3420128227371095,0.002631578947368421,0.45871306268986467,3.641597270965576
Facebook,5,418,1473,0.2,0.5,6,0.35539334625263297,0.004123711340206186,0.7116818558409279,3.5190258026123047
Facebook,5,418,1473,0.2,0.5,7,0.3673284703403961,0.004301075268817204,0.7334990334161834,3.681114435195923
Facebook,5,418,1473,0.2,0.5,8,0.1745908194803562,0.0,1.0,3.8167190551757812
Facebook,5,418,1473,0.2,0.5,9,0.1745908194803562,0.0,1.0,3.624525547027588
Facebook,5,418,1473,0.2,0.5,10,0.3632685992177141,0.004232804232804233,0.7315658657829329,3.661221981048584
Facebook,5,418,1473,0.2,0.5,11,0.1745908194803562,0.0,1.0,3.6597907543182373
Facebook,5,418,1473,0.2,0.5,12,0.3551667244757472,0.004123711340206186,0.7315658657829329,3.651348352432251
Facebook,5,418,1473,0.2,0.5,13,0.1745908194803562,0.0,1.0,3.627777576446533
Facebook,5,418,1473,0.2,0.5,14,0.34405246504102854,0.0033755274261603376,0.7105771886219276,3.645397186279297
Facebook,5,418,1473,0.2,0.5,15,0.37412224032665836,0.004571428571428572,0.7216238608119304,3.5333988666534424
Facebook,5,418,1841,0.25,0.5,1,0.1745908194803562,0.0,1.0,3.87509822845459
Facebook,5,418,1841,0.25,0.5,2,0.3400507171513683,0.003076923076923077,0.7337752002209335,3.75650691986084
Facebook,5,418,1841,0.25,0.5,3,0.1745908194803562,0.0,1.0,3.736407518386841
Facebook,5,418,1841,0.25,0.5,4,0.3764168504503557,0.0032,0.7354322010494339,3.6724276542663574
Facebook,5,418,1841,0.25,0.5,5,0.39753648199411856,0.004651162790697674,0.7265948632974316,3.604851245880127
Facebook,5,418,1841,0.25,0.5,6,0.328539739798055,0.0042780748663101605,0.6951118475559238,3.720792293548584
Facebook,5,418,1841,0.25,0.5,7,0.1745908194803562,0.0,1.0,3.716346502304077
Facebook,5,418,1841,0.25,0.5,8,0.1745908194803562,0.0,1.0,3.8941586017608643
Facebook,5,418,1841,0.25,0.5,9,0.385292142680766,0.0064516129032258064,1.0,3.5952110290527344
Facebook,5,418,1841,0.25,0.5,10,0.3624531082703149,0.0048484848484848485,0.723833195249931,3.7417500019073486
Facebook,5,418,1841,0.25,0.5,11,0.1745908194803562,0.0,1.0,3.7432003021240234
Facebook,5,418,1841,0.25,0.5,12,0.1745908194803562,0.0,1.0,3.880185842514038
Facebook,5,418,1841,0.25,0.5,13,0.36384963952093524,0.00404040404040404,0.7304611985639327,3.7536189556121826
Facebook,5,418,1841,0.25,0.5,14,0.1745908194803562,0.0,1.0,3.697838544845581
Facebook,5,418,1841,0.25,0.5,15,0.1745908194803562,0.0,1.0,3.8150343894958496
Facebook,5,418,2210,0.3,0.5,1,0.1745908194803562,0.0,1.0,3.775423049926758
Facebook,5,418,2210,0.3,0.5,2,0.1745908194803562,0.0,1.0,3.926593542098999
Facebook,5,418,2210,0.3,0.5,3,0.40347005055120183,0.004145077720207254,0.7591825462579398,3.617311954498291
Facebook,5,418,2210,0.3,0.5,4,0.41122108911787986,0.002973977695167286,0.743993371996686,3.7950804233551025
Facebook,5,418,2210,0.3,0.5,5,0.1745908194803562,0.0,1.0,3.743720531463623
Facebook,5,418,2210,0.3,0.5,6,0.1745908194803562,0.0,1.0,3.9109444618225098
Facebook,5,418,2210,0.3,0.5,7,0.3430810314341276,0.00425531914893617,0.7500690417011875,3.7801902294158936
Facebook,5,418,2210,0.3,0.5,8,0.37137176525183807,0.0032921810699588477,0.7047776857221761,3.6211202144622803
Facebook,5,418,2210,0.3,0.5,9,0.3371525516307209,0.004310344827586207,1.0,3.7713711261749268
Facebook,5,418,2210,0.3,0.5,10,0.38316368827900693,0.004545454545454545,1.0,3.5861856937408447
Facebook,5,418,2210,0.3,0.5,11,0.34132508821847074,0.003755868544600939,0.6981496824081745,3.7483506202697754
Facebook,5,418,2210,0.3,0.5,12,0.38071121886643283,0.003980099502487562,0.724109362054681,3.6178295612335205
Facebook,5,418,2210,0.3,0.5,13,0.1745908194803562,0.0,1.0,3.9332098960876465
Facebook,5,418,2210,0.3,0.5,14,0.1745908194803562,0.0,1.0,3.9599921703338623
Facebook,5,418,2210,0.3,0.5,15,0.1745908194803562,0.0,1.0,3.7506933212280273
Facebook,5,418,2578,0.35,0.5,1,0.1745908194803562,0.0,1.0,3.985969305038452
Facebook,5,418,2578,0.35,0.5,2,0.3430381386717229,0.0027491408934707906,0.7064346865506766,3.6627726554870605
Facebook,5,418,2578,0.35,0.5,3,0.36781228918956566,0.0037209302325581397,0.7045015189174261,3.804361343383789
Facebook,5,418,2578,0.35,0.5,4,0.1745908194803562,0.0,1.0,3.810049533843994
Facebook,5,418,2578,0.35,0.5,5,0.1745908194803562,0.0,1.0,3.995626211166382
Facebook,5,418,2578,0.35,0.5,6,0.34501493959414736,0.0038461538461538464,0.7390223695111847,3.7121284008026123
Facebook,5,418,2578,0.35,0.5,7,0.36251896746789636,0.003827751196172249,0.7351560342446838,3.8230743408203125
Facebook,5,418,2578,0.35,0.5,8,0.3984081064140884,0.003524229074889868,0.7058823529411765,3.849034309387207
Facebook,5,418,2578,0.35,0.5,9,0.31510431136865696,0.0031413612565445027,0.4827395747031207,3.6654763221740723
Facebook,5,418,2578,0.35,0.5,10,0.3838251290249165,0.00423728813559322,1.0,3.803072452545166
Facebook,5,418,2578,0.35,0.5,11,0.3832511510585421,0.0037174721189591076,1.0,3.6970205307006836
Facebook,5,418,2578,0.35,0.5,12,0.1745908194803562,0.0,1.0,3.9693832397460938
Facebook,5,418,2578,0.35,0.5,13,0.1745908194803562,0.0,1.0,3.812638998031616
Facebook,5,418,2578,0.35,0.5,14,0.33625605368880473,0.004329004329004329,1.0,3.7953474521636963
Facebook,5,418,2578,0.35,0.5,15,0.34073070700082686,0.003404255319148936,0.6973211819939243,3.714204788208008
Facebook,5,418,2946,0.4,0.5,1,0.3567301571698406,0.0040609137055837565,0.7252140292736813,3.859916925430298
Facebook,5,418,2946,0.4,0.5,2,0.3481145129324683,0.006024096385542169,1.0,3.8985471725463867
Facebook,5,418,2946,0.4,0.5,3,0.1745908194803562,0.0,1.0,3.8511688709259033
Facebook,5,418,2946,0.4,0.5,4,0.4132330810243671,0.0038461538461538464,1.0,3.857874870300293
Facebook,5,418,2946,0.4,0.5,5,0.1745908194803562,0.0,1.0,3.849475860595703
Facebook,5,418,2946,0.4,0.5,6,0.35409294462731417,0.00404040404040404,0.7376415354874344,3.891392230987549
Facebook,5,418,2946,0.4,0.5,7,0.1745908194803562,0.0,1.0,3.869533061981201
Facebook,5,418,2946,0.4,0.5,8,0.34128831103940804,0.00392156862745098,0.7329466998066833,3.902881622314453
Facebook,5,418,2946,0.4,0.5,9,0.1745908194803562,0.0,1.0,3.860912561416626
Facebook,5,418,2946,0.4,0.5,10,0.1745908194803562,0.0,1.0,3.9938747882843018
Facebook,5,418,2946,0.4,0.5,11,0.38464577993067867,0.004419889502762431,0.7387462027064347,3.9364728927612305
Facebook,5,418,2946,0.4,0.5,12,0.1745908194803562,0.0,1.0,3.8061723709106445
Facebook,5,418,2946,0.4,0.5,13,0.1745908194803562,0.0,1.0,3.9839460849761963
Facebook,5,418,2946,0.4,0.5,14,0.1745908194803562,0.0,1.0,3.816437244415283
Facebook,5,418,2946,0.4,0.5,15,0.1745908194803562,0.0,1.0,3.995762348175049
Facebook,5,418,3314,0.45,0.5,1,0.1745908194803562,0.0,1.0,3.8895065784454346
Facebook,5,418,3314,0.45,0.5,2,0.1745908194803562,0.0,1.0,4.058622598648071
Facebook,5,418,3314,0.45,0.5,3,0.1745908194803562,0.0,1.0,4.083070516586304
Facebook,5,418,3314,0.45,0.5,4,0.1745908194803562,0.0,1.0,3.885152578353882
Facebook,5,418,3314,0.45,0.5,5,0.32930301871421425,0.002962962962962963,0.7213476940071804,3.9235475063323975
Facebook,5,418,3314,0.45,0.5,6,0.1745908194803562,0.0,1.0,3.9016106128692627
Facebook,5,418,3314,0.45,0.5,7,0.1745908194803562,0.0,1.0,4.082561254501343
Facebook,5,418,3314,0.45,0.5,8,0.1745908194803562,0.0,1.0,3.8866868019104004
Facebook,5,418,3314,0.45,0.5,9,0.38720641865568073,0.00423728813559322,1.0,3.9132602214813232
Facebook,5,418,3314,0.45,0.5,10,0.36911694584617005,0.0035087719298245615,0.7293565313449324,3.787428617477417
Facebook,5,418,3314,0.45,0.5,11,0.1745908194803562,0.0,1.0,4.111761808395386
Facebook,5,418,3314,0.45,0.5,12,0.1745908194803562,0.0,1.0,3.9117839336395264
Facebook,5,418,3314,0.45,0.5,13,0.4017361680428319,0.003418803418803419,0.7147196906931786,3.935291290283203
Facebook,5,418,3314,0.45,0.5,14,0.29065332273341726,0.002484472049689441,0.7213476940071804,3.7880148887634277
Facebook,5,418,3314,0.45,0.5,15,0.34155895383867935,0.0045662100456621,1.0,3.9339776039123535
Facebook,5,418,3682,0.5,0.5,1,0.1745908194803562,0.0,1.0,4.139782667160034
Facebook,5,418,3682,0.5,0.5,2,0.3317976684371512,0.00510204081632653,1.0,3.789016008377075
Facebook,5,418,3682,0.5,0.5,3,0.1745908194803562,0.0,1.0,4.088661193847656
Facebook,5,418,3682,0.5,0.5,4,0.40154579651046296,0.0040650406504065045,1.0,3.808255672454834
Facebook,5,418,3682,0.5,0.5,5,0.1745908194803562,0.0,1.0,4.114614009857178
Facebook,5,418,3682,0.5,0.5,6,0.1745908194803562,0.0,1.0,3.943952798843384
Facebook,5,418,3682,0.5,0.5,7,0.1745908194803562,0.0,1.0,4.104540109634399
Facebook,5,418,3682,0.5,0.5,8,0.35945504974017617,0.0033472803347280333,0.71969069317868,3.7972469329833984
Facebook,5,418,3682,0.5,0.5,9,0.1745908194803562,0.0,1.0,4.104812383651733
Facebook,5,418,3682,0.5,0.5,10,0.1745908194803562,0.0,1.0,4.122172117233276
Facebook,5,418,3682,0.5,0.5,11,0.3489713047273407,0.004901960784313725,1.0,3.802257537841797
Facebook,5,418,3682,0.5,0.5,12,0.4097809036421167,0.0034334763948497852,0.7368130350731842,3.964236259460449
Facebook,5,418,3682,0.5,0.5,13,0.33168641669502236,0.004975124378109453,1.0,3.8358960151672363
Facebook,5,418,3682,0.5,0.5,14,0.1745908194803562,0.0,1.0,4.143100023269653
Facebook,5,418,3682,0.5,0.5,15,0.1745908194803562,0.0,1.0,3.965711832046509
Facebook,5,418,4051,0.55,0.5,1,0.1745908194803562,0.0,1.0,4.174042463302612
Facebook,5,418,4051,0.55,0.5,2,0.3501958070698142,0.004975124378109453,1.0,3.893052577972412
Facebook,5,418,4051,0.55,0.5,3,0.3792940519113629,0.004301075268817204,0.7326705330019332,4.064927101135254
Facebook,5,418,4051,0.55,0.5,4,0.37343217802849116,0.00425531914893617,1.0,3.9326794147491455
Facebook,5,418,4051,0.55,0.5,5,0.1745908194803562,0.0,1.0,4.17200779914856
Facebook,5,418,4051,0.55,0.5,6,0.33178261911572215,0.00234375,0.4172880419773543,4.100810527801514
Facebook,5,418,4051,0.55,0.5,7,0.40509219417001807,0.004048582995951417,1.0,3.8564836978912354
Facebook,5,418,4051,0.55,0.5,8,0.3311212011457768,0.004975124378109453,1.0,4.006483554840088
Facebook,5,418,4051,0.55,0.5,9,0.36403034689190233,0.00625,1.0,3.8632171154022217
Facebook,5,418,4051,0.55,0.5,10,0.1745908194803562,0.0,1.0,4.183876991271973
Facebook,5,418,4051,0.55,0.5,11,0.3996461020488518,0.00425531914893617,1.0,3.8956797122955322
Facebook,5,418,4051,0.55,0.5,12,0.1745908194803562,0.0,1.0,4.17793607711792
Facebook,5,418,4051,0.55,0.5,13,0.35362914251208966,0.003418803418803419,0.7315658657829329,3.8908448219299316
Facebook,5,418,4051,0.55,0.5,14,0.3441053372085369,0.004324324324324324,0.704225352112676,4.039652109146118
Facebook,5,418,4051,0.55,0.5,15,0.3451865388053457,0.004366812227074236,1.0,4.038151502609253
Facebook,5,418,4419,0.6,0.5,1,0.1745908194803562,0.0,1.0,4.125680446624756
Facebook,5,418,4419,0.6,0.5,2,0.337730598975228,0.005434782608695652,1.0,4.082805395126343
Facebook,5,418,4419,0.6,0.5,3,0.3174513801505763,0.00425531914893617,0.7183098591549296,3.9568111896514893
Facebook,5,418,4419,0.6,0.5,4,0.3809412515389013,0.004291845493562232,1.0,4.121472597122192
Facebook,5,418,4419,0.6,0.5,5,0.341898598426019,0.006060606060606061,1.0,3.9506828784942627
Facebook,5,418,4419,0.6,0.5,6,0.39652211470767074,0.0043859649122807015,1.0,4.090579509735107
Facebook,5,418,4419,0.6,0.5,7,0.3081809041139103,0.003738317757009346,0.7100248550124275,3.9059982299804688
Facebook,5,418,4419,0.6,0.5,8,0.1745908194803562,0.0,1.0,4.175409317016602
Facebook,5,418,4419,0.6,0.5,9,0.1745908194803562,0.0,1.0,4.1955695152282715
Facebook,5,418,4419,0.6,0.5,10,0.3593381216067055,0.004329004329004329,1.0,3.9170594215393066
Facebook,5,418,4419,0.6,0.5,11,0.1745908194803562,0.0,1.0,4.217043876647949
Facebook,5,418,4419,0.6,0.5,12,0.3373776617090283,0.003875968992248062,1.0,3.9062082767486572
Facebook,5,418,4419,0.6,0.5,13,0.1745908194803562,0.0,1.0,4.23047399520874
Facebook,5,418,4419,0.6,0.5,14,0.399345510738489,0.0044444444444444444,1.0,3.9275715351104736
Facebook,5,418,4419,0.6,0.5,15,0.3254488203346567,0.005714285714285714,1.0,4.110593557357788
Facebook,5,418,4787,0.65,0.5,1,0.33976907824990027,0.003418803418803419,0.7174813587406794,4.02284574508667
Facebook,5,418,4787,0.65,0.5,2,0.35974203544955163,0.0035587188612099642,1.0,4.164518117904663
Facebook,5,418,4787,0.65,0.5,3,0.1745908194803562,0.0,1.0,4.307533025741577
Facebook,5,418,4787,0.65,0.5,4,0.3501234703830317,0.003827751196172249,0.7290803645401823,3.9696221351623535
Facebook,5,418,4787,0.65,0.5,5,0.1745908194803562,0.0,1.0,4.2457191944122314
Facebook,5,418,4787,0.65,0.5,6,0.40250699672331014,0.00411522633744856,1.0,4.018616199493408
Facebook,5,418,4787,0.65,0.5,7,0.1745908194803562,0.0,1.0,4.2666027545928955
Facebook,5,418,4787,0.65,0.5,8,0.31526894311687503,0.005025125628140704,1.0,3.976388692855835
Facebook,5,418,4787,0.65,0.5,9,0.3806536387300051,0.0038022813688212928,1.0,4.1340577602386475
Facebook,5,418,4787,0.65,0.5,10,0.3575962979984625,0.005025125628140704,1.0,4.177931070327759
Facebook,5,418,4787,0.65,0.5,11,0.1745908194803562,0.0,1.0,4.11513614654541
Facebook,5,418,4787,0.65,0.5,12,0.35249654533836666,0.004629629629629629,1.0,4.093928813934326
Facebook,5,418,4787,0.65,0.5,13,0.3970230723249719,0.004608294930875576,1.0,4.00048828125
Facebook,5,418,4787,0.65,0.5,14,0.38262189517327316,0.00398406374501992,1.0,4.156616926193237
Facebook,5,418,4787,0.65,0.5,15,0.1745908194803562,0.0,1.0,4.117977619171143
Facebook,5,418,5156,0.7,0.5,1,0.1745908194803562,0.0,1.0,4.290322780609131
Facebook,5,418,5156,0.7,0.5,2,0.1745908194803562,0.0,1.0,4.372609853744507
Facebook,5,418,5156,0.7,0.5,3,0.1745908194803562,0.0,1.0,4.14073371887207
Facebook,5,418,5156,0.7,0.5,4,0.1745908194803562,0.0,1.0,4.3074095249176025
Facebook,5,418,5156,0.7,0.5,5,0.1745908194803562,0.0,1.0,4.152598142623901
Facebook,5,418,5156,0.7,0.5,6,0.36780369942287905,0.005050505050505051,1.0,4.207658052444458
Facebook,5,418,5156,0.7,0.5,7,0.39607748317427766,0.005780346820809248,1.0,4.050167560577393
Facebook,5,418,5156,0.7,0.5,8,0.4081561188089366,0.004291845493562232,1.0,4.20846962928772
Facebook,5,418,5156,0.7,0.5,9,0.31969289773153564,0.0038461538461538464,0.7075393537696769,4.214289426803589
Facebook,5,418,5156,0.7,0.5,10,0.1745908194803562,0.0,1.0,4.157772779464722
Facebook,5,418,5156,0.7,0.5,11,0.1745908194803562,0.0,1.0,4.282854318618774
Facebook,5,418,5156,0.7,0.5,12,0.1745908194803562,0.0,1.0,4.209009170532227
Facebook,5,418,5156,0.7,0.5,13,0.38035866920128114,0.005405405405405406,1.0,4.155980587005615
Facebook,5,418,5156,0.7,0.5,14,0.1745908194803562,0.0,1.0,4.3526952266693115
Facebook,5,418,5156,0.7,0.5,15,0.28746946965422054,0.005405405405405406,1.0,3.9952516555786133
Facebook,5,418,5524,0.75,0.5,1,0.3274938547054927,0.004324324324324324,0.7036730185031759,4.280266523361206
Facebook,5,418,5524,0.75,0.5,2,0.35246906900593583,0.004347826086956522,1.0,4.044852256774902
Facebook,5,418,5524,0.75,0.5,3,0.1745908194803562,0.0,1.0,4.331063985824585
Facebook,5,418,5524,0.75,0.5,4,0.1745908194803562,0.0,1.0,4.230361223220825
Facebook,5,418,5524,0.75,0.5,5,0.1745908194803562,0.0,1.0,4.343660354614258
Facebook,5,418,5524,0.75,0.5,6,0.1745908194803562,0.0,1.0,4.415184020996094
Facebook,5,418,5524,0.75,0.5,7,0.3882998728386867,0.005434782608695652,1.0,4.051017761230469
Facebook,5,418,5524,0.75,0.5,8,0.40289893291074497,0.004424778761061947,1.0,4.283696413040161
Facebook,5,418,5524,0.75,0.5,9,0.37155661110703275,0.0033755274261603376,0.7627727147196907,4.056529521942139
Facebook,5,418,5524,0.75,0.5,10,0.3776527808326039,0.004830917874396135,1.0,4.196905612945557
Facebook,5,418,5524,0.75,0.5,11,0.3470254571572006,0.0042780748663101605,0.7144435238884286,4.076785564422607
Facebook,5,418,5524,0.75,0.5,12,0.33220206946539027,0.004132231404958678,1.0,4.25916314125061
Facebook,5,418,5524,0.75,0.5,13,0.1745908194803562,0.0,1.0,4.173734426498413
Facebook,5,418,5524,0.75,0.5,14,0.34392470270594616,0.0027874564459930314,0.7014636840651753,4.264366865158081
Facebook,5,418,5524,0.75,0.5,15,0.1745908194803562,0.0,1.0,4.244118690490723
Facebook,5,418,5892,0.8,0.5,1,0.37532574031656357,0.005555555555555556,1.0,4.303572654724121
Facebook,5,418,5892,0.8,0.5,2,0.4058110903187609,0.004347826086956522,1.0,4.339804172515869
Facebook,5,418,5892,0.8,0.5,3,0.3937757365389468,0.004329004329004329,1.0,4.098456144332886
Facebook,5,418,5892,0.8,0.5,4,0.4019149477549786,0.00423728813559322,1.0,4.386679410934448
Facebook,5,418,5892,0.8,0.5,5,0.36274600924782746,0.005235602094240838,1.0,4.133297443389893
Facebook,5,418,5892,0.8,0.5,6,0.3810250139187896,0.005952380952380952,1.0,4.242385387420654
Facebook,5,418,5892,0.8,0.5,7,0.39836998857918854,0.004219409282700422,1.0,4.121383190155029
Facebook,5,418,5892,0.8,0.5,8,0.31158957523379116,0.0029304029304029304,0.7105771886219276,4.273159980773926
Facebook,5,418,5892,0.8,0.5,9,0.34863479273247466,0.004608294930875576,1.0,4.344762563705444
Facebook,5,418,5892,0.8,0.5,10,0.33682322573424067,0.004878048780487805,1.0,4.0924999713897705
Facebook,5,418,5892,0.8,0.5,11,0.3578917140300348,0.004830917874396135,1.0,4.356898069381714
Facebook,5,418,5892,0.8,0.5,12,0.1745908194803562,0.0,1.0,4.210347652435303
Facebook,5,418,5892,0.8,0.5,13,0.1745908194803562,0.0,1.0,4.3885109424591064
Facebook,5,418,5892,0.8,0.5,14,0.33689533198548544,0.005813953488372093,1.0,4.147289991378784
Facebook,5,418,5892,0.8,0.5,15,0.3497560087910741,0.0034482758620689655,0.7111295222314278,4.271452188491821
Facebook,5,418,6260,0.85,0.5,1,0.4093246022040614,0.004484304932735426,1.0,4.199288368225098
Facebook,5,418,6260,0.85,0.5,2,0.38196047212168555,0.0044444444444444444,1.0,4.37156343460083
Facebook,5,418,6260,0.85,0.5,3,0.1745908194803562,0.0,1.0,4.543769121170044
Facebook,5,418,6260,0.85,0.5,4,0.1745908194803562,0.0,1.0,4.299366235733032
Facebook,5,418,6260,0.85,0.5,5,0.1745908194803562,0.0,1.0,4.4128077030181885
Facebook,5,418,6260,0.85,0.5,6,0.3664676025343642,0.005847953216374269,1.0,4.205185651779175
Facebook,5,418,6260,0.85,0.5,7,0.1745908194803562,0.0,1.0,4.470678806304932
Facebook,5,418,6260,0.85,0.5,8,0.3128441039948352,0.004651162790697674,1.0,4.183148145675659
Facebook,5,418,6260,0.85,0.5,9,0.1745908194803562,0.0,1.0,4.446415662765503
Facebook,5,418,6260,0.85,0.5,10,0.1745908194803562,0.0,1.0,4.498596668243408
Facebook,5,418,6260,0.85,0.5,11,0.1745908194803562,0.0,1.0,4.2593770027160645
Facebook,5,418,6260,0.85,0.5,12,0.1745908194803562,0.0,1.0,4.425051212310791
Facebook,5,418,6260,0.85,0.5,13,0.1745908194803562,0.0,1.0,4.2929627895355225
Facebook,5,418,6260,0.85,0.5,14,0.34864228125923635,0.004291845493562232,1.0,4.337432384490967
Facebook,5,418,6260,0.85,0.5,15,0.4046777450585557,0.005376344086021506,1.0,4.163875579833984
Facebook,5,418,6628,0.9,0.5,1,0.1745908194803562,0.0,1.0,4.52939248085022
Facebook,5,418,6628,0.9,0.5,2,0.39535254556369387,0.005434782608695652,1.0,4.274473667144775
Facebook,5,418,6628,0.9,0.5,3,0.31995230225649607,0.005988023952095809,1.0,4.41086745262146
Facebook,5,418,6628,0.9,0.5,4,0.1745908194803562,0.0,1.0,4.560415744781494
Facebook,5,418,6628,0.9,0.5,5,0.3179703170366044,0.0051813471502590676,1.0,4.206013441085815
Facebook,5,418,6628,0.9,0.5,6,0.1745908194803562,0.0,1.0,4.5011210441589355
Facebook,5,418,6628,0.9,0.5,7,0.1745908194803562,0.0,1.0,4.371657371520996
Facebook,5,418,6628,0.9,0.5,8,0.33402480113057015,0.004310344827586207,1.0,4.3931286334991455
Facebook,5,418,6628,0.9,0.5,9,0.37538701163336635,0.004484304932735426,1.0,4.256596326828003
Facebook,5,418,6628,0.9,0.5,10,0.1745908194803562,0.0,1.0,4.502445936203003
Facebook,5,418,6628,0.9,0.5,11,0.35005206745064216,0.005076142131979695,1.0,4.3645360469818115
Facebook,5,418,6628,0.9,0.5,12,0.1745908194803562,0.0,1.0,4.371644735336304
Facebook,5,418,6628,0.9,0.5,13,0.1745908194803562,0.0,1.0,4.486675500869751
Facebook,5,418,6628,0.9,0.5,14,0.3867784379963347,0.004901960784313725,1.0,4.239220380783081
Facebook,5,418,6628,0.9,0.5,15,0.39900022788277323,0.004291845493562232,1.0,4.42816948890686
Facebook,5,418,6997,0.95,0.5,1,0.1745908194803562,0.0,1.0,4.6102988719940186
Facebook,5,418,6997,0.95,0.5,2,0.3109064081700096,0.005434782608695652,1.0,4.286479234695435
Facebook,5,418,6997,0.95,0.5,3,0.381912540718887,0.005813953488372093,1.0,4.52396297454834
Facebook,5,418,6997,0.95,0.5,4,0.32154453132182154,0.00546448087431694,1.0,4.2843005657196045
Facebook,5,418,6997,0.95,0.5,5,0.34175933766227323,0.004366812227074236,1.0,4.4244372844696045
Facebook,5,418,6997,0.95,0.5,6,0.3973413630937632,0.005291005291005291,1.0,4.3226683139801025
Facebook,5,418,6997,0.95,0.5,7,0.1745908194803562,0.0,1.0,4.589458227157593
Facebook,5,418,6997,0.95,0.5,8,0.36327025963655696,0.004901960784313725,1.0,4.312202215194702
Facebook,5,418,6997,0.95,0.5,9,0.1745908194803562,0.0,1.0,4.568486928939819
Facebook,5,418,6997,0.95,0.5,10,0.1854598642550901,0.0,0.9334438000552333,4.504974603652954
Facebook,5,418,6997,0.95,0.5,11,0.3630709945928684,0.004878048780487805,1.0,4.293684244155884
Facebook,5,418,6997,0.95,0.5,12,0.38041723745184325,0.005128205128205128,1.0,4.447036981582642
Facebook,5,418,6997,0.95,0.5,13,0.3695366144337856,0.005263157894736842,1.0,4.278632402420044
Facebook,5,418,6997,0.95,0.5,14,0.29113295282115886,0.0045045045045045045,1.0,4.444807052612305
Facebook,5,418,6997,0.95,0.5,15,0.3587655547024396,0.004524886877828055,1.0,4.56464409828186
Facebook,5,418,7365,1,0.5,1,0.1745908194803562,0.0,1.0,4.500180959701538
Facebook,5,418,7365,1,0.5,2,0.4022623040689663,0.005050505050505051,1.0,4.489446640014648
Facebook,5,418,7365,1,0.5,3,0.3936848477092228,0.005208333333333333,1.0,4.31093168258667
Facebook,5,418,7365,1,0.5,4,0.1745908194803562,0.0,1.0,4.616244077682495
Facebook,5,418,7365,1,0.5,5,0.36169630408025244,0.004901960784313725,1.0,4.438791036605835
Facebook,5,418,7365,1,0.5,6,0.1745908194803562,0.0,1.0,4.629103183746338
Facebook,5,418,7365,1,0.5,7,0.3114851202214451,0.006369426751592357,1.0,4.5292863845825195
Facebook,5,418,7365,1,0.5,8,0.1745908194803562,0.0,1.0,4.429079532623291
Facebook,5,418,7365,1,0.5,9,0.35683853009760286,0.0049261083743842365,1.0,4.460240125656128
Facebook,5,418,7365,1,0.5,10,0.3791375609135153,0.0056179775280898875,1.0,4.27788519859314
Facebook,5,418,7365,1,0.5,11,0.1745908194803562,0.0,1.0,4.590408802032471
Facebook,5,418,7365,1,0.5,12,0.383013745835944,0.005128205128205128,1.0,4.352212190628052
Facebook,5,418,7365,1,0.5,13,0.3881134873444302,0.004524886877828055,1.0,4.484989404678345
Facebook,5,418,7365,1,0.5,14,0.1745908194803562,0.0,1.0,4.494731664657593
Facebook,5,418,7365,1,0.5,15,0.33740014991113937,0.0064516129032258064,1.0,4.459793329238892
Facebook,6,672,0,0,,0,0.33730134796297107,0.00044444444444444447,0.41906741906741907,
Facebook,6,672,0,0,,0,0.3923392418687031,0.00029850746268656717,0.2364122364122364,
Facebook,6,672,0,0,,0,0.1745908194803562,0.0,1.0,
Facebook,6,672,0,0,,0,0.1745908194803562,0.0,1.0,
Facebook,6,672,0,0,,0,0.1745908194803562,0.0,1.0,
Facebook,6,672,0,0,,0,0.34765759779423633,0.0005979073243647235,0.3664983664983665,
Facebook,6,672,0,0,,0,0.36788440439290254,0.0013333333333333333,0.6929016929016929,
Facebook,6,672,0,0,,0,0.3692349088833042,0.0005997001499250374,0.39025839025839026,
Facebook,6,672,0,0,,0,0.3657530603606281,0.00029895366218236175,0.24858924858924858,
Facebook,6,672,0,0,,0,0.4164146197119403,0.0,0.09533709533709533,
Facebook,6,672,0,0,,0,0.40767461749933354,0.00029850746268656717,0.2376002376002376,
Facebook,6,672,0,0,,0,0.1745908194803562,0.0,1.0,
Facebook,6,672,0,0,,0,0.3705503790425128,0.0009063444108761329,0.5051975051975052,
Facebook,6,672,0,0,,0,0.1745908194803562,0.0,1.0,
Facebook,6,672,0,0,,0,0.40835821638194536,0.00029895366218236175,0.2762102762102762,
Facebook,6,672,256,0.01,0.5,1,0.1745908194803562,0.0,1.0,3.5885307788848877
Facebook,6,672,256,0.01,0.5,2,0.42811666364510104,0.00029895366218236175,0.26046926046926044,3.3678646087646484
Facebook,6,672,256,0.01,0.5,3,0.1745908194803562,0.0,1.0,3.640742778778076
Facebook,6,672,256,0.01,0.5,4,0.4710921347474552,0.00029850746268656717,0.2675972675972676,3.351551055908203
Facebook,6,672,256,0.01,0.5,5,0.1745908194803562,0.0,1.0,3.6198885440826416
Facebook,6,672,256,0.01,0.5,6,0.35831189959684157,0.00029895366218236175,0.24175824175824176,3.298449754714966
Facebook,6,672,256,0.01,0.5,7,0.42199402991228313,0.00029850746268656717,0.2765072765072765,3.4430084228515625
Facebook,6,672,256,0.01,0.5,8,0.3427399147355799,0.0008888888888888889,0.5485595485595486,3.338437795639038
Facebook,6,672,256,0.01,0.5,9,0.4010280857199724,0.0008995502248875562,0.542025542025542,3.5881240367889404
Facebook,6,672,256,0.01,0.5,10,0.4069855158030909,0.00029806259314456036,0.24740124740124741,3.342503786087036
Facebook,6,672,256,0.01,0.5,11,0.3735258928552908,0.0005979073243647235,0.39263439263439265,3.5423994064331055
Facebook,6,672,256,0.01,0.5,12,0.1745908194803562,0.0,1.0,3.446324586868286
Facebook,6,672,256,0.01,0.5,13,0.1745908194803562,0.0,1.0,3.6583974361419678
Facebook,6,672,256,0.01,0.5,14,0.44478187311146455,0.00029895366218236175,0.23314523314523314,3.345085620880127
Facebook,6,672,256,0.01,0.5,15,0.1745908194803562,0.0,1.0,3.6255874633789062
Facebook,6,672,1282,0.05,0.5,1,0.3613291337485417,0.00030349013657056146,0.23967923967923968,3.659961223602295
Facebook,6,672,1282,0.05,0.5,2,0.44821249198072927,0.000351493848857645,0.24413424413424414,3.4723706245422363
Facebook,6,672,1282,0.05,0.5,3,0.1745908194803562,0.0,1.0,3.7836644649505615
Facebook,6,672,1282,0.05,0.5,4,0.1745908194803562,0.0,1.0,3.587413787841797
Facebook,6,672,1282,0.05,0.5,5,0.1745908194803562,0.0,1.0,3.7297534942626953
Facebook,6,672,1282,0.05,0.5,6,0.341190840282202,0.0012552301255230125,0.5256905256905257,3.5299134254455566
Facebook,6,672,1282,0.05,0.5,7,0.4303909262570724,0.0006514657980456026,0.38461538461538464,3.635702610015869
Facebook,6,672,1282,0.05,0.5,8,0.1745908194803562,0.0,1.0,3.613233804702759
Facebook,6,672,1282,0.05,0.5,9,0.1745908194803562,0.0,1.0,3.808145523071289
Facebook,6,672,1282,0.05,0.5,10,0.1745908194803562,0.0,1.0,3.783769130706787
Facebook,6,672,1282,0.05,0.5,11,0.4344513357675453,0.0009090909090909091,0.39263439263439265,3.494568109512329
Facebook,6,672,1282,0.05,0.5,12,0.36587493930693915,0.0007619047619047619,0.40065340065340066,3.5899202823638916
Facebook,6,672,1282,0.05,0.5,13,0.3629372479205335,0.0008064516129032258,0.3587763587763588,3.496410608291626
Facebook,6,672,1282,0.05,0.5,14,0.4096637810798374,0.0009049773755656109,0.4306504306504306,3.6659584045410156
Facebook,6,672,1282,0.05,0.5,15,0.4096749925291489,0.0006230529595015577,0.4051084051084051,3.4888670444488525
Facebook,6,672,2563,0.1,0.5,1,0.3941288702358839,0.0009111617312072893,0.37422037422037424,3.900233030319214
Facebook,6,672,2563,0.1,0.5,2,0.1745908194803562,0.0,1.0,3.9641354084014893
Facebook,6,672,2563,0.1,0.5,3,0.1745908194803562,0.0,1.0,3.8295671939849854
Facebook,6,672,2563,0.1,0.5,4,0.39286526406784117,0.0009569377990430622,0.3878823878823879,3.8875155448913574
Facebook,6,672,2563,0.1,0.5,5,0.1745908194803562,0.0,1.0,3.9581353664398193
Facebook,6,672,2563,0.1,0.5,6,0.36466838785243577,0.0009546539379474941,0.408969408969409,3.9742040634155273
Facebook,6,672,2563,0.1,0.5,7,0.1745908194803562,0.0,1.0,3.8689353466033936
Facebook,6,672,2563,0.1,0.5,8,0.1745908194803562,0.0,1.0,4.057894945144653
Facebook,6,672,2563,0.1,0.5,9,0.421052082435872,0.0013856812933025404,0.5206415206415207,3.9504518508911133
Facebook,6,672,2563,0.1,0.5,10,0.1745908194803562,0.0,1.0,3.906372547149658
Facebook,6,672,2563,0.1,0.5,11,0.1745908194803562,0.0,1.0,4.061038255691528
Facebook,6,672,2563,0.1,0.5,12,0.1745908194803562,0.0,1.0,3.9481759071350098
Facebook,6,672,2563,0.1,0.5,13,0.3700731377870651,0.001405152224824356,0.5203445203445204,4.0009400844573975
Facebook,6,672,2563,0.1,0.5,14,0.36763401272316143,0.0013856812933025404,0.531927531927532,3.7604148387908936
Facebook,6,672,2563,0.1,0.5,15,0.37674801516763107,0.0018604651162790699,0.6878526878526878,3.9303956031799316
Facebook,6,672,3844,0.15,0.5,1,0.1745908194803562,0.0,1.0,4.2731006145477295
Facebook,6,672,3844,0.15,0.5,2,0.3886540409159565,0.0016348773841961854,0.5301455301455301,3.9107515811920166
Facebook,6,672,3844,0.15,0.5,3,0.1745908194803562,0.0,1.0,4.211635589599609
Facebook,6,672,3844,0.15,0.5,4,0.36703736816089566,0.002197802197802198,0.5628155628155628,3.9919846057891846
Facebook,6,672,3844,0.15,0.5,5,0.1745908194803562,0.0,1.0,4.338749408721924
Facebook,6,672,3844,0.15,0.5,6,0.1745908194803562,0.0,1.0,4.080501317977905
Facebook,6,672,3844,0.15,0.5,7,0.1745908194803562,0.0,1.0,4.259502410888672
Facebook,6,672,3844,0.15,0.5,8,0.4049105588902952,0.0014814814814814814,0.5446985446985447,4.168285608291626
Facebook,6,672,3844,0.15,0.5,9,0.4251680022090253,0.0009478672985781991,0.3947133947133947,3.996366262435913
Facebook,6,672,3844,0.15,0.5,10,0.3690345921300598,0.0016620498614958448,0.5158895158895159,4.147997140884399
Facebook,6,672,3844,0.15,0.5,11,0.41114507777387355,0.0016085790884718498,0.544995544995545,4.093046188354492
Facebook,6,672,3844,0.15,0.5,12,0.1745908194803562,0.0,1.0,4.32705545425415
Facebook,6,672,3844,0.15,0.5,13,0.458357859500795,0.0015831134564643799,0.5224235224235224,4.1076154708862305
Facebook,6,672,3844,0.15,0.5,14,0.3436784286677943,0.0013761467889908258,0.5441045441045441,4.16300892829895
Facebook,6,672,3844,0.15,0.5,15,0.37685419454055996,0.0014527845036319612,0.5066825066825067,4.235154390335083
Facebook,6,672,5126,0.2,0.5,1,0.1745908194803562,0.0,1.0,4.390301704406738
Facebook,6,672,5126,0.2,0.5,2,0.4206022308751257,0.0016348773841961854,0.525096525096525,4.367696046829224
Facebook,6,672,5126,0.2,0.5,3,0.37766963217970617,0.0014563106796116505,0.5589545589545589,4.226763725280762
Facebook,6,672,5126,0.2,0.5,4,0.38288804144817734,0.0015267175572519084,0.5714285714285714,4.4515769481658936
Facebook,6,672,5126,0.2,0.5,5,0.3791959228812581,0.001507537688442211,0.5265815265815266,4.394618511199951
Facebook,6,672,5126,0.2,0.5,6,0.3854853961985312,0.0014742014742014742,0.5387585387585387,4.2594382762908936
Facebook,6,672,5126,0.2,0.5,7,0.4428973756430867,0.0016,0.5435105435105435,4.383049011230469
Facebook,6,672,5126,0.2,0.5,8,0.419607276092146,0.001530612244897959,0.5408375408375409,4.273077011108398
Facebook,6,672,5126,0.2,0.5,9,0.1745908194803562,0.0,1.0,4.549458980560303
Facebook,6,672,5126,0.2,0.5,10,0.1745908194803562,0.0,1.0,4.523431777954102
Facebook,6,672,5126,0.2,0.5,11,0.4418353531025388,0.0009546539379474941,0.41134541134541136,4.093684196472168
Facebook,6,672,5126,0.2,0.5,12,0.1745908194803562,0.0,1.0,4.421823740005493
Facebook,6,672,5126,0.2,0.5,13,0.37366819486271124,0.0010899182561307902,0.3863973863973864,4.197375297546387
Facebook,6,672,5126,0.2,0.5,14,0.4252850014798742,0.0009950248756218905,0.43183843183843185,4.330700874328613
Facebook,6,672,5126,0.2,0.5,15,0.1745908194803562,0.0,1.0,4.334789752960205
Facebook,6,672,6408,0.25,0.5,1,0.38355269633024647,0.001973684210526316,0.5028215028215028,4.531858921051025
Facebook,6,672,6408,0.25,0.5,2,0.3760289513829205,0.0014150943396226414,0.5147015147015147,4.58901572227478
Facebook,6,672,6408,0.25,0.5,3,0.3985053568549597,0.0015625,0.555984555984556,4.513575792312622
Facebook,6,672,6408,0.25,0.5,4,0.1745908194803562,0.0,1.0,4.673809766769409
Facebook,6,672,6408,0.25,0.5,5,0.38080882486933954,0.001749271137026239,0.5114345114345115,4.480069398880005
Facebook,6,672,6408,0.25,0.5,6,0.1745908194803562,0.0,1.0,4.7500975131988525
Facebook,6,672,6408,0.25,0.5,7,0.3687867473592824,0.0014563106796116505,0.5354915354915355,4.526501655578613
Facebook,6,672,6408,0.25,0.5,8,0.3642907780891242,0.00145985401459854,0.5280665280665281,4.337778329849243
Facebook,6,672,6408,0.25,0.5,9,0.36523811025421515,0.0018404907975460123,0.5239085239085239,4.5010035037994385
Facebook,6,672,6408,0.25,0.5,10,0.43255822848092534,0.0015544041450777201,0.5001485001485001,4.377863883972168
Facebook,6,672,6408,0.25,0.5,11,0.1745908194803562,0.0,1.0,4.655224084854126
Facebook,6,672,6408,0.25,0.5,12,0.40407760522489766,0.0016620498614958448,0.4781704781704782,4.426648378372192
Facebook,6,672,6408,0.25,0.5,13,0.1745908194803562,0.0,1.0,4.618583917617798
Facebook,6,672,6408,0.25,0.5,14,0.40436565867806024,0.001935483870967742,0.539055539055539,4.833600759506226
Facebook,6,672,6408,0.25,0.5,15,0.1745908194803562,0.0,1.0,4.717628479003906
Facebook,6,672,7689,0.3,0.5,1,0.1745908194803562,0.0,1.0,4.978686571121216
Facebook,6,672,7689,0.3,0.5,2,0.37020646546520697,0.002105263157894737,0.6872586872586872,4.713283061981201
Facebook,6,672,7689,0.3,0.5,3,0.37071440905299,0.0017241379310344827,0.5206415206415207,4.902286767959595
Facebook,6,672,7689,0.3,0.5,4,0.3704923962547329,0.0015503875968992248,0.5503415503415503,4.759026765823364
Facebook,6,672,7689,0.3,0.5,5,0.42019833709336873,0.0015228426395939086,0.5491535491535492,4.939718246459961
Facebook,6,672,7689,0.3,0.5,6,0.3446770623423606,0.0016483516483516484,0.5099495099495099,4.981313467025757
Facebook,6,672,7689,0.3,0.5,7,0.35786373420779327,0.0015789473684210526,0.5360855360855361,4.7192089557647705
Facebook,6,672,7689,0.3,0.5,8,0.37679323731315306,0.0014492753623188406,0.523017523017523,4.840447187423706
Facebook,6,672,7689,0.3,0.5,9,0.1745908194803562,0.0,1.0,4.869077444076538
Facebook,6,672,7689,0.3,0.5,10,0.1745908194803562,0.0,1.0,5.009991645812988
Facebook,6,672,7689,0.3,0.5,11,0.3659418691520369,0.0017391304347826088,0.5467775467775468,4.7545671463012695
Facebook,6,672,7689,0.3,0.5,12,0.372594125360536,0.0015544041450777201,0.5351945351945352,4.779314279556274
Facebook,6,672,7689,0.3,0.5,13,0.3693015642853733,0.0015873015873015873,0.5298485298485298,4.858577728271484
Facebook,6,672,7689,0.3,0.5,14,0.1745908194803562,0.0,1.0,4.787539482116699
Facebook,6,672,7689,0.3,0.5,15,0.3844419988279331,0.0017647058823529412,0.539055539055539,4.795449495315552
Facebook,6,672,8970,0.35,0.5,1,0.3512702724114168,0.0015706806282722514,0.5066825066825067,4.9201929569244385
Facebook,6,672,8970,0.35,0.5,2,0.36329754744707365,0.001671309192200557,0.5316305316305316,5.06869912147522
Facebook,6,672,8970,0.35,0.5,3,0.1745908194803562,0.0,1.0,5.200481176376343
Facebook,6,672,8970,0.35,0.5,4,0.1745908194803562,0.0,1.0,4.969302654266357
Facebook,6,672,8970,0.35,0.5,5,0.1745908194803562,0.0,1.0,5.034920930862427
Facebook,6,672,8970,0.35,0.5,6,0.1745908194803562,0.0,1.0,5.082214593887329
Facebook,6,672,8970,0.35,0.5,7,0.40638457580311427,0.0017647058823529412,0.5277695277695278,5.029073476791382
Facebook,6,672,8970,0.35,0.5,8,0.3674097092018557,0.0016304347826086956,0.5268785268785269,5.011108636856079
Facebook,6,672,8970,0.35,0.5,9,0.3365103033257662,0.001986754966887417,0.5387585387585387,4.77716326713562
Facebook,6,672,8970,0.35,0.5,10,0.32925377467179473,0.0017341040462427746,0.5191565191565192,5.068835258483887
Facebook,6,672,8970,0.35,0.5,11,0.4236317074434603,0.0015151515151515152,0.5354915354915355,4.913735866546631
Facebook,6,672,8970,0.35,0.5,12,0.41690255028278245,0.00145985401459854,0.5245025245025245,5.115980863571167
Facebook,6,672,8970,0.35,0.5,13,0.1745908194803562,0.0,1.0,5.1362550258636475
Facebook,6,672,8970,0.35,0.5,14,0.4337907761000106,0.0018126888217522659,0.5351945351945352,5.1151745319366455
Facebook,6,672,8970,0.35,0.5,15,0.385846375187136,0.0017094017094017094,0.5657855657855658,5.097711801528931
Facebook,6,672,10252,0.4,0.5,1,0.40648780692595354,0.00145985401459854,0.5075735075735076,5.157382488250732
Facebook,6,672,10252,0.4,0.5,2,0.40669330576006546,0.0014742014742014742,0.5372735372735373,5.270303010940552
Facebook,6,672,10252,0.4,0.5,3,0.41114651058273494,0.002962962962962963,0.6771606771606772,5.119825839996338
Facebook,6,672,10252,0.4,0.5,4,0.1745908194803562,0.0,1.0,5.444454908370972
Facebook,6,672,10252,0.4,0.5,5,0.1745908194803562,0.0,1.0,5.512247800827026
Facebook,6,672,10252,0.4,0.5,6,0.1745908194803562,0.0,1.0,5.244385004043579
Facebook,6,672,10252,0.4,0.5,7,0.3827613761448389,0.0014814814814814814,0.5040095040095041,5.295203685760498
Facebook,6,672,10252,0.4,0.5,8,0.1745908194803562,0.0,1.0,5.192554235458374
Facebook,6,672,10252,0.4,0.5,9,0.1745908194803562,0.0,1.0,5.408984899520874
Facebook,6,672,10252,0.4,0.5,10,0.1745908194803562,0.0,1.0,5.217287540435791
Facebook,6,672,10252,0.4,0.5,11,0.4217675815073706,0.0016216216216216215,0.5265815265815266,5.236595630645752
Facebook,6,672,10252,0.4,0.5,12,0.370784890892691,0.00196078431372549,0.525096525096525,5.302133560180664
Facebook,6,672,10252,0.4,0.5,13,0.1745908194803562,0.0,1.0,5.259868383407593
Facebook,6,672,10252,0.4,0.5,14,0.35038475639449335,0.0016129032258064516,0.5346005346005346,5.324182033538818
Facebook,6,672,10252,0.4,0.5,15,0.1745908194803562,0.0,1.0,5.286475896835327
Facebook,6,672,11534,0.45,0.5,1,0.36890161600599336,0.0016620498614958448,0.5423225423225423,5.378332614898682
Facebook,6,672,11534,0.45,0.5,2,0.3888463133227919,0.0022038567493112946,0.7038907038907039,5.556336402893066
Facebook,6,672,11534,0.45,0.5,3,0.40882035555058327,0.0016085790884718498,0.5414315414315415,5.346303701400757
Facebook,6,672,11534,0.45,0.5,4,0.1745908194803562,0.0,1.0,5.627959728240967
Facebook,6,672,11534,0.45,0.5,5,0.1745908194803562,0.0,1.0,5.483734846115112
Facebook,6,672,11534,0.45,0.5,6,0.1745908194803562,0.0,1.0,5.5561137199401855
Facebook,6,672,11534,0.45,0.5,7,0.1745908194803562,0.0,1.0,5.605298757553101
Facebook,6,672,11534,0.45,0.5,8,0.39221137826118935,0.002191780821917808,0.7074547074547075,5.3078014850616455
Facebook,6,672,11534,0.45,0.5,9,0.1745908194803562,0.0,1.0,5.647789239883423
Facebook,6,672,11534,0.45,0.5,10,0.1745908194803562,0.0,1.0,5.707882642745972
Facebook,6,672,11534,0.45,0.5,11,0.4370213644728063,0.002168021680216802,0.6911196911196911,5.388958930969238
Facebook,6,672,11534,0.45,0.5,12,0.42323399520535754,0.0022346368715083797,0.692010692010692,5.485436677932739
Facebook,6,672,11534,0.45,0.5,13,0.1745908194803562,0.0,1.0,5.463705062866211
Facebook,6,672,11534,0.45,0.5,14,0.329514154556546,0.0016666666666666668,0.5096525096525096,5.512532711029053
Facebook,6,672,11534,0.45,0.5,15,0.1745908194803562,0.0,1.0,5.758542537689209
Facebook,6,672,12815,0.5,0.5,1,0.1745908194803562,0.0,1.0,5.68639349937439
Facebook,6,672,12815,0.5,0.5,2,0.38567126413896236,0.0022662889518413596,0.6946836946836947,5.958038568496704
Facebook,6,672,12815,0.5,0.5,3,0.327449751013474,0.0016,0.5194535194535195,5.671490669250488
Facebook,6,672,12815,0.5,0.5,4,0.43348389422773975,0.00221606648199446,0.6893376893376894,5.978745698928833
Facebook,6,672,12815,0.5,0.5,5,0.3578564989609535,0.0018808777429467085,0.5298485298485298,5.562814950942993
Facebook,6,672,12815,0.5,0.5,6,0.1745908194803562,0.0,1.0,5.57785177230835
Facebook,6,672,12815,0.5,0.5,7,0.1745908194803562,0.0,1.0,5.576038360595703
Facebook,6,672,12815,0.5,0.5,8,0.4542773344275662,0.002279202279202279,0.7003267003267003,5.256311893463135
Facebook,6,672,12815,0.5,0.5,9,0.1745908194803562,0.0,1.0,5.520837783813477
Facebook,6,672,12815,0.5,0.5,10,0.1745908194803562,0.0,1.0,5.563874244689941
Facebook,6,672,12815,0.5,0.5,11,0.1745908194803562,0.0,1.0,5.360051393508911
Facebook,6,672,12815,0.5,0.5,12,0.3699853928626482,0.002127659574468085,0.6878526878526878,5.393170118331909
Facebook,6,672,12815,0.5,0.5,13,0.40493800352645176,0.002072538860103627,0.6828036828036828,5.2966389656066895
Facebook,6,672,12815,0.5,0.5,14,0.3894224033033465,0.0018181818181818182,0.5405405405405406,5.432461261749268
Facebook,6,672,12815,0.5,0.5,15,0.43710922129341206,0.0022222222222222222,0.7074547074547075,5.279062509536743
Facebook,6,672,14097,0.55,0.5,1,0.3508714499648168,0.0022598870056497176,0.6923076923076923,5.674739360809326
Facebook,6,672,14097,0.55,0.5,2,0.3933034986747177,0.002105263157894737,0.6629046629046629,5.6723737716674805
Facebook,6,672,14097,0.55,0.5,3,0.3692150649731239,0.0025806451612903226,0.7012177012177012,5.444286584854126
Facebook,6,672,14097,0.55,0.5,4,0.1745908194803562,0.0,1.0,5.707692623138428
Facebook,6,672,14097,0.55,0.5,5,0.1745908194803562,0.0,1.0,5.603350400924683
Facebook,6,672,14097,0.55,0.5,6,0.41242975434081436,0.002105263157894737,0.6914166914166914,5.630943298339844
Facebook,6,672,14097,0.55,0.5,7,0.1745908194803562,0.0,1.0,5.6217639446258545
Facebook,6,672,14097,0.55,0.5,8,0.4655847166516226,0.00202020202020202,0.6973566973566974,5.688206911087036
Facebook,6,672,14097,0.55,0.5,9,0.45894417193571746,0.002622950819672131,0.7071577071577072,5.6476030349731445
Facebook,6,672,14097,0.55,0.5,10,0.36188539051387636,0.002240896358543417,0.6866646866646867,5.454256296157837
Facebook,6,672,14097,0.55,0.5,11,0.1745908194803562,0.0,1.0,5.758874893188477
Facebook,6,672,14097,0.55,0.5,12,0.3683636009569111,0.002056555269922879,0.7047817047817048,5.548336505889893
Facebook,6,672,14097,0.55,0.5,13,0.4153555274392432,0.0019002375296912114,0.6623106623106623,5.623940944671631
Facebook,6,672,14097,0.55,0.5,14,0.3190898930170915,0.0015706806282722514,0.5271755271755272,5.48593807220459
Facebook,6,672,14097,0.55,0.5,15,0.1745908194803562,0.0,1.0,5.735769748687744
Facebook,6,672,15378,0.6,0.5,1,0.3484919798265957,0.002346041055718475,0.7003267003267003,5.819733619689941
Facebook,6,672,15378,0.6,0.5,2,0.3379865291986938,0.002185792349726776,0.708048708048708,5.651570558547974
Facebook,6,672,15378,0.6,0.5,3,0.1745908194803562,0.0,1.0,5.9431374073028564
Facebook,6,672,15378,0.6,0.5,4,0.4257999607035764,0.0023323615160349854,0.6970596970596971,5.706181764602661
Facebook,6,672,15378,0.6,0.5,5,0.3822107936718353,0.0021333333333333334,0.6831006831006831,5.794312238693237
Facebook,6,672,15378,0.6,0.5,6,0.3806074700156618,0.002150537634408602,0.7056727056727057,5.8411149978637695
Facebook,6,672,15378,0.6,0.5,7,0.1745908194803562,0.0,1.0,5.8334574699401855
Facebook,6,672,15378,0.6,0.5,8,0.3405542897221421,0.0029239766081871343,1.0,5.832200050354004
Facebook,6,672,15378,0.6,0.5,9,0.3568529483130716,0.0023121387283236996,0.6896346896346897,5.682265281677246
Facebook,6,672,15378,0.6,0.5,10,0.4019573629546979,0.002325581395348837,0.7006237006237006,5.837930679321289
Facebook,6,672,15378,0.6,0.5,11,0.3932251758729786,0.0015113350125944584,0.5637065637065637,5.863963842391968
Facebook,6,672,15378,0.6,0.5,12,0.44187721255889645,0.002191780821917808,0.6905256905256906,5.649151802062988
Facebook,6,672,15378,0.6,0.5,13,0.36670202242678007,0.0026490066225165563,0.6804276804276804,5.779557228088379
Facebook,6,672,15378,0.6,0.5,14,0.1745908194803562,0.0,1.0,5.84201979637146
Facebook,6,672,15378,0.6,0.5,15,0.1745908194803562,0.0,1.0,5.9109861850738525
Facebook,6,672,16660,0.65,0.5,1,0.3436080842525039,0.0026666666666666666,0.6732996732996733,6.088040590286255
Facebook,6,672,16660,0.65,0.5,2,0.3878201219496103,0.002777777777777778,0.681912681912682,5.879255533218384
Facebook,6,672,16660,0.65,0.5,3,0.39476489908462675,0.0021447721179624667,0.6777546777546778,6.012889385223389
Facebook,6,672,16660,0.65,0.5,4,0.40230304196649985,0.0019656019656019656,0.683991683991684,5.902114152908325
Facebook,6,672,16660,0.65,0.5,5,0.4592355209402129,0.0023054755043227667,0.7000297000297,5.983618497848511
Facebook,6,672,16660,0.65,0.5,6,0.1745908194803562,0.0,1.0,6.184330701828003
Facebook,6,672,16660,0.65,0.5,7,0.1745908194803562,0.0,1.0,6.014065980911255
Facebook,6,672,16660,0.65,0.5,8,0.35774146546768876,0.0026666666666666666,0.6884466884466884,6.0452351570129395
Facebook,6,672,16660,0.65,0.5,9,0.3290067219464321,0.002292263610315186,0.7062667062667063,5.877617120742798
Facebook,6,672,16660,0.65,0.5,10,0.4245367617081604,0.00303951367781155,1.0,6.07134222984314
Facebook,6,672,16660,0.65,0.5,11,0.4202519852600073,0.002122015915119363,0.7003267003267003,6.096312761306763
Facebook,6,672,16660,0.65,0.5,12,0.3638329490944166,0.0029940119760479044,1.0,5.834090948104858
Facebook,6,672,16660,0.65,0.5,13,0.1745908194803562,0.0,1.0,6.096160888671875
Facebook,6,672,16660,0.65,0.5,14,0.1745908194803562,0.0,1.0,5.972062349319458
Facebook,6,672,16660,0.65,0.5,15,0.1745908194803562,0.0,1.0,6.136650800704956
Facebook,6,672,17941,0.7,0.5,1,0.1745908194803562,0.0,1.0,6.430816173553467
Facebook,6,672,17941,0.7,0.5,2,0.1745908194803562,0.0,1.0,6.148363351821899
Facebook,6,672,17941,0.7,0.5,3,0.36762540161217494,0.0022598870056497176,0.6988416988416989,6.1889002323150635
Facebook,6,672,17941,0.7,0.5,4,0.4067414381907149,0.0022727272727272726,0.6857736857736858,6.056864023208618
Facebook,6,672,17941,0.7,0.5,5,0.1745908194803562,0.0,1.0,6.313153505325317
Facebook,6,672,17941,0.7,0.5,6,0.1745908194803562,0.0,1.0,6.491105556488037
Facebook,6,672,17941,0.7,0.5,7,0.4052469953957967,0.0022346368715083797,0.7172557172557172,6.042996644973755
Facebook,6,672,17941,0.7,0.5,8,0.3999110882434706,0.0020512820512820513,0.6709236709236709,6.201188802719116
Facebook,6,672,17941,0.7,0.5,9,0.3781819558842509,0.0024390243902439024,0.6884466884466884,6.0503129959106445
Facebook,6,672,17941,0.7,0.5,10,0.41163798158432685,0.0018223234624145787,0.6863676863676864,6.202003240585327
Facebook,6,672,17941,0.7,0.5,11,0.3691525599731838,0.0024096385542168677,0.6923076923076923,6.082521200180054
Facebook,6,672,17941,0.7,0.5,12,0.1745908194803562,0.0,1.0,6.350034236907959
Facebook,6,672,17941,0.7,0.5,13,0.1745908194803562,0.0,1.0,6.353532791137695
Facebook,6,672,17941,0.7,0.5,14,0.3727649102372533,0.0020887728459530026,0.6923076923076923,6.113874197006226
Facebook,6,672,17941,0.7,0.5,15,0.3612752448728863,0.0022346368715083797,0.673002673002673,6.21662974357605
Facebook,6,672,19222,0.75,0.5,1,0.43422219882741736,0.002279202279202279,0.6833976833976834,6.320544242858887
Facebook,6,672,19222,0.75,0.5,2,0.411527945100756,0.002622950819672131,0.6795366795366795,6.4327569007873535
Facebook,6,672,19222,0.75,0.5,3,0.1745908194803562,0.0,1.0,6.600074529647827
Facebook,6,672,19222,0.75,0.5,4,0.3783846100085889,0.002197802197802198,0.6727056727056727,6.223495006561279
Facebook,6,672,19222,0.75,0.5,5,0.3945733454657785,0.002881844380403458,1.0,6.413567543029785
Facebook,6,672,19222,0.75,0.5,6,0.39136826022266763,0.002702702702702703,1.0,6.2809813022613525
Facebook,6,672,19222,0.75,0.5,7,0.1745908194803562,0.0,1.0,6.541332960128784
Facebook,6,672,19222,0.75,0.5,8,0.1745908194803562,0.0,1.0,6.733456611633301
Facebook,6,672,19222,0.75,0.5,9,0.36523147240168385,0.0022727272727272726,0.7237897237897238,6.229393005371094
Facebook,6,672,19222,0.75,0.5,10,0.37106028967510357,0.0037735849056603774,1.0,6.4548680782318115
Facebook,6,672,19222,0.75,0.5,11,0.1745908194803562,0.0,1.0,6.397061347961426
Facebook,6,672,19222,0.75,0.5,12,0.1745908194803562,0.0,1.0,6.5341997146606445
Facebook,6,672,19222,0.75,0.5,13,0.1745908194803562,0.0,1.0,6.5499351024627686
Facebook,6,672,19222,0.75,0.5,14,0.1745908194803562,0.0,1.0,6.336690425872803
Facebook,6,672,19222,0.75,0.5,15,0.3646765345433044,0.0027397260273972603,1.0,6.414344787597656
Facebook,6,672,20504,0.8,0.5,1,0.1745908194803562,0.0,1.0,6.63771653175354
Facebook,6,672,20504,0.8,0.5,2,0.36480422666278595,0.0030303030303030303,1.0,6.661432266235352
Facebook,6,672,20504,0.8,0.5,3,0.1745908194803562,0.0,1.0,6.784770250320435
Facebook,6,672,20504,0.8,0.5,4,0.38290754069234145,0.002077922077922078,0.7223047223047223,6.435596227645874
Facebook,6,672,20504,0.8,0.5,5,0.44405417846026346,0.00303951367781155,1.0,6.59887433052063
Facebook,6,672,20504,0.8,0.5,6,0.1745908194803562,0.0,1.0,6.590257883071899
Facebook,6,672,20504,0.8,0.5,7,0.1745908194803562,0.0,1.0,6.772019624710083
Facebook,6,672,20504,0.8,0.5,8,0.39279455519971357,0.002849002849002849,1.0,6.731065034866333
Facebook,6,672,20504,0.8,0.5,9,0.1745908194803562,0.0,1.0,6.568869352340698
Facebook,6,672,20504,0.8,0.5,10,0.41815163566533886,0.0033003300330033004,1.0,6.624095678329468
Facebook,6,672,20504,0.8,0.5,11,0.36501220374051935,0.003115264797507788,1.0,6.462181091308594
Facebook,6,672,20504,0.8,0.5,12,0.38610153549029896,0.0021390374331550803,0.7211167211167211,6.636356592178345
Facebook,6,672,20504,0.8,0.5,13,0.1745908194803562,0.0,1.0,6.6498472690582275
Facebook,6,672,20504,0.8,0.5,14,0.362390788691315,0.001762114537444934,0.7116127116127117,6.628166913986206
Facebook,6,672,20504,0.8,0.5,15,0.1745908194803562,0.0,1.0,6.726943254470825
Facebook,6,672,21786,0.85,0.5,1,0.1745908194803562,0.0,1.0,6.831110239028931
Facebook,6,672,21786,0.85,0.5,2,0.4151856663286751,0.002702702702702703,1.0,6.8134307861328125
Facebook,6,672,21786,0.85,0.5,3,0.3769378505903567,0.0031545741324921135,1.0,6.895270824432373
Facebook,6,672,21786,0.85,0.5,4,0.1745908194803562,0.0,1.0,6.747043609619141
Facebook,6,672,21786,0.85,0.5,5,0.3998370229385378,0.0026666666666666666,1.0,6.803616523742676
Facebook,6,672,21786,0.85,0.5,6,0.36109369809576874,0.0026595744680851063,1.0,6.717782258987427
Facebook,6,672,21786,0.85,0.5,7,0.41612512559522247,0.003401360544217687,1.0,6.815480947494507
Facebook,6,672,21786,0.85,0.5,8,0.1745908194803562,0.0,1.0,6.784098386764526
Facebook,6,672,21786,0.85,0.5,9,0.1745908194803562,0.0,1.0,6.918701171875
Facebook,6,672,21786,0.85,0.5,10,0.1745908194803562,0.0,1.0,6.867970705032349
Facebook,6,672,21786,0.85,0.5,11,0.1745908194803562,0.0,1.0,6.773620128631592
Facebook,6,672,21786,0.85,0.5,12,0.1745908194803562,0.0,1.0,6.934892416000366
Facebook,6,672,21786,0.85,0.5,13,0.1745908194803562,0.0,1.0,7.138903379440308
Facebook,6,672,21786,0.85,0.5,14,0.1745908194803562,0.0,1.0,6.753300905227661
Facebook,6,672,21786,0.85,0.5,15,0.1745908194803562,0.0,1.0,6.91086220741272
Facebook,6,672,23067,0.9,0.5,1,0.1745908194803562,0.0,1.0,7.049645185470581
Facebook,6,672,23067,0.9,0.5,2,0.3658544796128864,0.002976190476190476,1.0,7.030374526977539
Facebook,6,672,23067,0.9,0.5,3,0.435027311066443,0.001834862385321101,0.6982476982476983,7.060089588165283
Facebook,6,672,23067,0.9,0.5,4,0.1745908194803562,0.0,1.0,7.035235404968262
Facebook,6,672,23067,0.9,0.5,5,0.1745908194803562,0.0,1.0,7.147416591644287
Facebook,6,672,23067,0.9,0.5,6,0.1745908194803562,0.0,1.0,7.099768400192261
Facebook,6,672,23067,0.9,0.5,7,0.1745908194803562,0.0,1.0,7.158179521560669
Facebook,6,672,23067,0.9,0.5,8,0.1745908194803562,0.0,1.0,7.143255949020386
Facebook,6,672,23067,0.9,0.5,9,0.40505803545561797,0.0028653295128939827,1.0,6.859936952590942
Facebook,6,672,23067,0.9,0.5,10,0.1745908194803562,0.0,1.0,7.12305212020874
Facebook,6,672,23067,0.9,0.5,11,0.1745908194803562,0.0,1.0,7.026900053024292
Facebook,6,672,23067,0.9,0.5,12,0.41926843471294123,0.002680965147453083,1.0,7.045877695083618
Facebook,6,672,23067,0.9,0.5,13,0.3711695586309841,0.002777777777777778,1.0,7.037275075912476
Facebook,6,672,23067,0.9,0.5,14,0.1745908194803562,0.0,1.0,6.974438905715942
Facebook,6,672,23067,0.9,0.5,15,0.3783293666748508,0.003003003003003003,1.0,7.137969970703125
Facebook,6,672,24348,0.95,0.5,1,0.3658080303433236,0.0023923444976076554,1.0,7.057330131530762
Facebook,6,672,24348,0.95,0.5,2,0.1745908194803562,0.0,1.0,7.308143138885498
Facebook,6,672,24348,0.95,0.5,3,0.43497481994553966,0.003076923076923077,1.0,7.30110502243042
Facebook,6,672,24348,0.95,0.5,4,0.4582966408561563,0.0033333333333333335,1.0,7.011417865753174
Facebook,6,672,24348,0.95,0.5,5,0.1745908194803562,0.0,1.0,7.296569347381592
Facebook,6,672,24348,0.95,0.5,6,0.35561827539019464,0.002680965147453083,1.0,7.053628206253052
Facebook,6,672,24348,0.95,0.5,7,0.4132189053094571,0.0028735632183908046,1.0,7.223621368408203
Facebook,6,672,24348,0.95,0.5,8,0.1745908194803562,0.0,1.0,7.290822267532349
Facebook,6,672,24348,0.95,0.5,9,0.1745908194803562,0.0,1.0,7.340842008590698
Facebook,6,672,24348,0.95,0.5,10,0.3607625327287432,0.002967359050445104,1.0,7.200568675994873
Facebook,6,672,24348,0.95,0.5,11,0.38339376392725555,0.002898550724637681,1.0,7.08037257194519
Facebook,6,672,24348,0.95,0.5,12,0.4060424654154477,0.003289473684210526,1.0,7.2369065284729
Facebook,6,672,24348,0.95,0.5,13,0.4281818073485837,0.002932551319648094,1.0,7.061427593231201
Facebook,6,672,24348,0.95,0.5,14,0.36074807240583334,0.003205128205128205,1.0,7.197356224060059
Facebook,6,672,24348,0.95,0.5,15,0.1745908194803562,0.0,1.0,7.417487144470215
Facebook,6,672,25630,1,0.5,1,0.3769985524027767,0.002898550724637681,1.0,7.229879379272461
Facebook,6,672,25630,1,0.5,2,0.4204071992897084,0.0026246719160104987,1.0,7.395013332366943
Facebook,6,672,25630,1,0.5,3,0.3655361731154089,0.0028653295128939827,1.0,7.218891620635986
Facebook,6,672,25630,1,0.5,4,0.1745908194803562,0.0,1.0,7.587850570678711
Facebook,6,672,25630,1,0.5,5,0.369660914281106,0.003257328990228013,1.0,7.60418701171875
Facebook,6,672,25630,1,0.5,6,0.4314682117690872,0.0027624309392265192,1.0,7.253767013549805
Facebook,6,672,25630,1,0.5,7,0.3911208277710243,0.00303951367781155,1.0,7.407642841339111
Facebook,6,672,25630,1,0.5,8,0.1745908194803562,0.0,1.0,7.417495965957642
Facebook,6,672,25630,1,0.5,9,0.1745908194803562,0.0,1.0,7.5841147899627686
Facebook,6,672,25630,1,0.5,10,0.3636515290887935,0.002770083102493075,1.0,7.489146709442139
Facebook,6,672,25630,1,0.5,11,0.1745908194803562,0.0,1.0,7.377962350845337
Facebook,6,672,25630,1,0.5,12,0.44187375794637956,0.002932551319648094,1.0,7.413404226303101
Facebook,6,672,25630,1,0.5,13,0.1745908194803562,0.0,1.0,7.414383411407471
Facebook,6,672,25630,1,0.5,14,0.3558044631038237,0.002688172043010753,1.0,7.459728002548218
Facebook,6,672,25630,1,0.5,15,0.38747172430435917,0.0031545741324921135,1.0,7.45011043548584
